scenario_id,scenario_seed,strategy,asset,score,mc_se_joint,mc_se_access,permutations
main_00001,20263001,CEN,power:p1rhs2_1247,0.004170493201976245,0.0003467601114011246,0.0,16
main_00001,20263001,CEN,power:p1rhs7_1247,0.002958359460576232,0.0,0.0,16
main_00001,20263001,CEN,power:p1uhs14_1247,0.00865649970832068,0.0028224912443757205,3.829339804951517e-05,16
main_00001,20263001,CEN,power:p1uhs2_1247,0.012835710740792877,0.0,0.0,16
main_00001,20263001,CEN,power:p1uhs8_1247,0.010655467597329497,0.0030768201964671386,0.0,16
main_00001,20263001,CEN,power:p2uhs13_1247,0.0008569339635027937,8.155327956974046e-05,0.0,16
main_00001,20263001,CEN,power:p3uhs14_1247,0.01293760119736372,0.0,0.0,16
main_00001,20263001,CEN,power:p3uhs23_1247,0.00855929247868727,0.0004338052755916302,4.8238639349575196e-05,16
main_00001,20263001,CEN,power:p5uhs10_1247,0.00375362503937309,0.0,0.0,16
main_00001,20263001,CEN,power:p5uhs12_1247,0.00776231042190885,0.0,0.0,16
main_00001,20263001,CEN,power:p5uhs17_1247,0.01487951443725218,0.0006818105881394795,7.106134573219185e-05,16
main_00001,20263001,CEN,power:p5uhs1_1247,0.015421342934472317,0.0007102877650275146,0.00011663890228269823,16
main_00001,20263001,CEN,road:1277-1846,0.0025659002718247713,6.6415744194267485e-06,1.62003318859058e-05,16
main_00001,20263001,CEN,road:1438-1439,0.0001575795776867318,0.00027215897454478444,3.299904081507606e-05,16
main_00001,20263001,CEN,road:2222-2382,0.0002022066065237945,8.117484109925175e-05,2.6584312800994354e-05,16
main_00001,20263001,CEN,road:3582-4423,0.05763565385676016,0.00015286985514747307,7.988472166614647e-05,16
main_00001,20263001,CEN,road:3894-3919,0.022973994445319883,9.63420928568665e-06,4.862922904953297e-05,16
main_00001,20263001,CEN,road:4361-4362,0.00026776217302237627,7.272481559645892e-06,2.416212635221e-05,16
main_00001,20263001,CEN,road:5883-5884,0.0013942099353923731,4.688052633996611e-06,1.4371189160765407e-05,16
main_00001,20263001,CEN,road:7257-7450,0.006217314548534509,4.6895859383396886e-06,2.271838452789392e-05,16
main_00001,20263001,IJSH,power:p1rhs2_1247,0.0009959925916321333,0.0003467601114011246,0.0,16
main_00001,20263001,IJSH,power:p1rhs7_1247,0.0,0.0,0.0,16
main_00001,20263001,IJSH,power:p1uhs14_1247,-0.0015933878450288576,0.0028224912443757205,3.829339804951517e-05,16
main_00001,20263001,IJSH,power:p1uhs2_1247,0.0,0.0,0.0,16
main_00001,20263001,IJSH,power:p1uhs8_1247,-0.005157767078354934,0.0030768201964671386,0.0,16
main_00001,20263001,IJSH,power:p2uhs13_1247,0.00020388319892435114,8.155327956974046e-05,0.0,16
main_00001,20263001,IJSH,power:p3uhs14_1247,0.0,0.0,0.0,16
main_00001,20263001,IJSH,power:p3uhs23_1247,0.003322459622276751,0.0004338052755916302,4.8238639349575196e-05,16
main_00001,20263001,IJSH,power:p5uhs10_1247,0.0,0.0,0.0,16
main_00001,20263001,IJSH,power:p5uhs12_1247,0.0,0.0,0.0,16
main_00001,20263001,IJSH,power:p5uhs17_1247,0.0034820313386389745,0.0006818105881394795,7.106134573219185e-05,16
main_00001,20263001,IJSH,power:p5uhs1_1247,0.009479592458421646,0.0007102877650275146,0.00011663890228269823,16
main_00001,20263001,IJSH,road:1277-1846,7.857772764473941e-06,6.6415744194267485e-06,1.62003318859058e-05,16
main_00001,20263001,IJSH,road:1438-1439,0.05655828964965201,0.00027215897454478444,3.299904081507606e-05,16
main_00001,20263001,IJSH,road:2222-2382,0.0006347876167302167,8.117484109925175e-05,2.6584312800994354e-05,16
main_00001,20263001,IJSH,road:3582-4423,0.0016048290506994606,0.00015286985514747307,7.988472166614647e-05,16
main_00001,20263001,IJSH,road:3894-3919,0.00042971758759846254,9.63420928568665e-06,4.862922904953297e-05,16
main_00001,20263001,IJSH,road:4361-4362,5.179514379040351e-06,7.272481559645892e-06,2.416212635221e-05,16
main_00001,20263001,IJSH,road:5883-5884,-1.2978507478202117e-06,4.688052633996611e-06,1.4371189160765407e-05,16
main_00001,20263001,IJSH,road:7257-7450,1.3783048798291647e-05,4.6895859383396886e-06,2.271838452789392e-05,16
main_00001,20263001,IJSH_a0,power:p1rhs2_1247,0.0019919851832642665,0.0003467601114011246,0.0,16
main_00001,20263001,IJSH_a0,power:p1rhs7_1247,0.0,0.0,0.0,16
main_00001,20263001,IJSH_a0,power:p1uhs14_1247,-0.004196062478405746,0.0028224912443757205,3.829339804951517e-05,16
main_00001,20263001,IJSH_a0,power:p1uhs2_1247,0.0,0.0,0.0,16
main_00001,20263001,IJSH_a0,power:p1uhs8_1247,-0.010315534156709869,0.0030768201964671386,0.0,16
main_00001,20263001,IJSH_a0,power:p2uhs13_1247,0.0004077663978487023,8.155327956974046e-05,0.0,16
main_00001,20263001,IJSH_a0,power:p3uhs14_1247,0.0,0.0,0.0,16
main_00001,20263001,IJSH_a0,power:p3uhs23_1247,0.005451214710608006,0.0004338052755916302,4.8238639349575196e-05,16
main_00001,20263001,IJSH_a0,power:p5uhs10_1247,0.0,0.0,0.0,16
main_00001,20263001,IJSH_a0,power:p5uhs12_1247,0.0,0.0,0.0,16
main_00001,20263001,IJSH_a0,power:p5uhs17_1247,0.005354253410560651,0.0006818105881394795,7.106134573219185e-05,16
main_00001,20263001,IJSH_a0,power:p5uhs1_1247,0.0063374633779791426,0.0007102877650275146,0.00011663890228269823,16
main_00001,20263001,IJSH_a0,road:1277-1846,9.981585907883894e-07,6.6415744194267485e-06,1.62003318859058e-05,16
main_00001,20263001,IJSH_a0,road:1438-1439,0.11307749060650993,0.00027215897454478444,3.299904081507606e-05,16
main_00001,20263001,IJSH_a0,road:2222-2382,0.0011005115248439862,8.117484109925175e-05,2.6584312800994354e-05,16
main_00001,20263001,IJSH_a0,road:3582-4423,0.002765584059772161,0.00015286985514747307,7.988472166614647e-05,16
main_00001,20263001,IJSH_a0,road:3894-3919,0.00014204288532858322,9.63420928568665e-06,4.862922904953297e-05,16
main_00001,20263001,IJSH_a0,road:4361-4362,1.535630311820524e-06,7.272481559645892e-06,2.416212635221e-05,16
main_00001,20263001,IJSH_a0,road:5883-5884,8.178392957088054e-06,4.688052633996611e-06,1.4371189160765407e-05,16
main_00001,20263001,IJSH_a0,road:7257-7450,3.1308879354999264e-06,4.6895859383396886e-06,2.271838452789392e-05,16
main_00001,20263001,IJSH_a0.5,power:p1rhs2_1247,0.0013279901221761776,0.0003467601114011246,0.0,16
main_00001,20263001,IJSH_a0.5,power:p1rhs7_1247,0.0,0.0,0.0,16
main_00001,20263001,IJSH_a0.5,power:p1uhs14_1247,-0.002460946056154487,0.0028224912443757205,3.829339804951517e-05,16
main_00001,20263001,IJSH_a0.5,power:p1uhs2_1247,0.0,0.0,0.0,16
main_00001,20263001,IJSH_a0.5,power:p1uhs8_1247,-0.006877022771139912,0.0030768201964671386,0.0,16
main_00001,20263001,IJSH_a0.5,power:p2uhs13_1247,0.0002718442652324682,8.155327956974046e-05,0.0,16
main_00001,20263001,IJSH_a0.5,power:p3uhs14_1247,0.0,0.0,0.0,16
main_00001,20263001,IJSH_a0.5,power:p3uhs23_1247,0.0040320446517205025,0.0004338052755916302,4.8238639349575196e-05,16
main_00001,20263001,IJSH_a0.5,power:p5uhs10_1247,0.0,0.0,0.0,16
main_00001,20263001,IJSH_a0.5,power:p5uhs12_1247,0.0,0.0,0.0,16
main_00001,20263001,IJSH_a0.5,power:p5uhs17_1247,0.0041061053626128665,0.0006818105881394795,7.106134573219185e-05,16
main_00001,20263001,IJSH_a0.5,power:p5uhs1_1247,0.008432216098274145,0.0007102877650275146,0.00011663890228269823,16
main_00001,20263001,IJSH_a0.5,road:1277-1846,5.571234706578758e-06,6.6415744194267485e-06,1.62003318859058e-05,16
main_00001,20263001,IJSH_a0.5,road:1438-1439,0.07539802330193798,0.00027215897454478444,3.299904081507606e-05,16
main_00001,20263001,IJSH_a0.5,road:2222-2382,0.0007900289194348065,8.117484109925175e-05,2.6584312800994354e-05,16
main_00001,20263001,IJSH_a0.5,road:3582-4423,0.0019917473870570274,0.00015286985514747307,7.988472166614647e-05,16
main_00001,20263001,IJSH_a0.5,road:3894-3919,0.00033382602017516944,9.63420928568665e-06,4.862922904953297e-05,16
main_00001,20263001,IJSH_a0.5,road:4361-4362,3.9648863566337416e-06,7.272481559645892e-06,2.416212635221e-05,16
main_00001,20263001,IJSH_a0.5,road:5883-5884,1.860897153815877e-06,4.688052633996611e-06,1.4371189160765407e-05,16
main_00001,20263001,IJSH_a0.5,road:7257-7450,1.0232328510694407e-05,4.6895859383396886e-06,2.271838452789392e-05,16
main_00001,20263001,IJSH_a2,power:p1rhs2_1247,0.0006639950610880888,0.0003467601114011246,0.0,16
main_00001,20263001,IJSH_a2,power:p1rhs7_1247,0.0,0.0,0.0,16
main_00001,20263001,IJSH_a2,power:p1uhs14_1247,-0.0007258296339032281,0.0028224912443757205,3.829339804951517e-05,16
main_00001,20263001,IJSH_a2,power:p1uhs2_1247,0.0,0.0,0.0,16
main_00001,20263001,IJSH_a2,power:p1uhs8_1247,-0.003438511385569956,0.0030768201964671386,0.0,16
main_00001,20263001,IJSH_a2,power:p2uhs13_1247,0.0001359221326162341,8.155327956974046e-05,0.0,16
main_00001,20263001,IJSH_a2,power:p3uhs14_1247,0.0,0.0,0.0,16
main_00001,20263001,IJSH_a2,power:p3uhs23_1247,0.002612874592832999,0.0004338052755916302,4.8238639349575196e-05,16
main_00001,20263001,IJSH_a2,power:p5uhs10_1247,0.0,0.0,0.0,16
main_00001,20263001,IJSH_a2,power:p5uhs12_1247,0.0,0.0,0.0,16
main_00001,20263001,IJSH_a2,power:p5uhs17_1247,0.002857957314665082,0.0006818105881394795,7.106134573219185e-05,16
main_00001,20263001,IJSH_a2,power:p5uhs1_1247,0.010526968818569148,0.0007102877650275146,0.00011663890228269823,16
main_00001,20263001,IJSH_a2,road:1277-1846,1.0144310822369126e-05,6.6415744194267485e-06,1.62003318859058e-05,16
main_00001,20263001,IJSH_a2,road:1438-1439,0.03771855599736604,0.00027215897454478444,3.299904081507606e-05,16
main_00001,20263001,IJSH_a2,road:2222-2382,0.0004795463140256269,8.117484109925175e-05,2.6584312800994354e-05,16
main_00001,20263001,IJSH_a2,road:3582-4423,0.0012179107143418938,0.00015286985514747307,7.988472166614647e-05,16
main_00001,20263001,IJSH_a2,road:3894-3919,0.0005256091550217556,9.63420928568665e-06,4.862922904953297e-05,16
main_00001,20263001,IJSH_a2,road:4361-4362,6.39414240144696e-06,7.272481559645892e-06,2.416212635221e-05,16
main_00001,20263001,IJSH_a2,road:5883-5884,-4.4565986494563e-06,4.688052633996611e-06,1.4371189160765407e-05,16
main_00001,20263001,IJSH_a2,road:7257-7450,1.733376908588889e-05,4.6895859383396886e-06,2.271838452789392e-05,16
main_00001,20263001,JSH,power:p1rhs2_1247,0.0019919851832642665,0.0003467601114011246,0.0,16
main_00001,20263001,JSH,power:p1rhs7_1247,0.0,0.0,0.0,16
main_00001,20263001,JSH,power:p1uhs14_1247,-0.004196062478405746,0.0028224912443757205,3.829339804951517e-05,16
main_00001,20263001,JSH,power:p1uhs2_1247,0.0,0.0,0.0,16
main_00001,20263001,JSH,power:p1uhs8_1247,-0.010315534156709869,0.0030768201964671386,0.0,16
main_00001,20263001,JSH,power:p2uhs13_1247,0.0004077663978487023,8.155327956974046e-05,0.0,16
main_00001,20263001,JSH,power:p3uhs14_1247,0.0,0.0,0.0,16
main_00001,20263001,JSH,power:p3uhs23_1247,0.005451214710608006,0.0004338052755916302,4.8238639349575196e-05,16
main_00001,20263001,JSH,power:p5uhs10_1247,0.0,0.0,0.0,16
main_00001,20263001,JSH,power:p5uhs12_1247,0.0,0.0,0.0,16
main_00001,20263001,JSH,power:p5uhs17_1247,0.005354253410560651,0.0006818105881394795,7.106134573219185e-05,16
main_00001,20263001,JSH,power:p5uhs1_1247,0.0063374633779791426,0.0007102877650275146,0.00011663890228269823,16
main_00001,20263001,JSH,road:1277-1846,9.981585907883894e-07,6.6415744194267485e-06,1.62003318859058e-05,16
main_00001,20263001,JSH,road:1438-1439,0.11307749060650993,0.00027215897454478444,3.299904081507606e-05,16
main_00001,20263001,JSH,road:2222-2382,0.0011005115248439862,8.117484109925175e-05,2.6584312800994354e-05,16
main_00001,20263001,JSH,road:3582-4423,0.002765584059772161,0.00015286985514747307,7.988472166614647e-05,16
main_00001,20263001,JSH,road:3894-3919,0.00014204288532858322,9.63420928568665e-06,4.862922904953297e-05,16
main_00001,20263001,JSH,road:4361-4362,1.535630311820524e-06,7.272481559645892e-06,2.416212635221e-05,16
main_00001,20263001,JSH,road:5883-5884,8.178392957088054e-06,4.688052633996611e-06,1.4371189160765407e-05,16
main_00001,20263001,JSH,road:7257-7450,3.1308879354999264e-06,4.6895859383396886e-06,2.271838452789392e-05,16
main_00002,20263002,CEN,power:p1uhs0_1247,0.012560172266814619,3.855938616510696e-06,3.517565703024084e-05,16
main_00002,20263002,CEN,power:p1uhs21_1247,0.007096414509078083,0.0,0.0,16
main_00002,20263002,CEN,power:p2uhs1_1247,0.005409727199964317,1.2393357405028704e-10,0.0,16
main_00002,20263002,CEN,power:p2uhs2_1247,0.008688143225364793,8.707111360246155e-06,7.103355420665866e-05,16
main_00002,20263002,CEN,power:p3uhs20_1247,0.009393298541255026,0.0,0.0,16
main_00002,20263002,CEN,power:p3uhs26_1247,0.006384031536979864,0.0,0.0,16
main_00002,20263002,CEN,power:p4uhs6_1247,0.003716415950139135,0.0,0.0,16
main_00002,20263002,CEN,power:p5uhs17_1247,0.01487951443725218,0.0003899825298013881,0.00010721513763062984,16
main_00002,20263002,CEN,power:p5uhs22_1247,0.01218046813649609,0.00026889893346274476,0.00011166822247899439,16
main_00002,20263002,CEN,power:p5uhs24_1247,0.00699053938864852,0.0001717745450041106,0.0,16
main_00002,20263002,CEN,road:1220-6730,0.011966506953198865,7.760594384562514e-06,3.14421179182743e-05,16
main_00002,20263002,CEN,road:2411-2412,0.0002320605499527261,7.039690525381576e-06,3.249851768959901e-05,16
main_00002,20263002,CEN,road:3508-3509,5.970788685786322e-05,6.788644213151225e-06,3.521592938601654e-05,16
main_00002,20263002,CEN,road:3897-3898,0.0014342203750393949,7.81557636008435e-06,3.3207013076820885e-05,16
main_00002,20263002,CEN,road:4748-5881,0.001282796249606051,4.8139602074029846e-06,2.423796325510812e-05,16
main_00002,20263002,CEN,road:5395-5396,0.0020608454144342894,8.517603950856372e-06,2.8700838562205293e-05,16
main_00002,20263002,CEN,road:6613-6615,5.293688937913646e-05,6.8457455927269005e-06,2.1312164341137638e-05,16
main_00002,20263002,CEN,road:6973-6974,0.0001575795776867318,5.122881848791759e-06,3.339533067243169e-05,16
main_00002,20263002,IJSH,power:p1uhs0_1247,0.0029179376491738837,3.855938616510696e-06,3.517565703024084e-05,16
main_00002,20263002,IJSH,power:p1uhs21_1247,0.0013507163565691857,0.0,0.0,16
main_00002,20263002,IJSH,power:p2uhs1_1247,0.0020593464106846565,1.2393357405028704e-10,0.0,16
main_00002,20263002,IJSH,power:p2uhs2_1247,0.008941316557306074,8.707111360246155e-06,7.103355420665866e-05,16
main_00002,20263002,IJSH,power:p3uhs20_1247,0.0,0.0,0.0,16
main_00002,20263002,IJSH,power:p3uhs26_1247,0.022784326006422502,0.0,0.0,16
main_00002,20263002,IJSH,power:p4uhs6_1247,0.0,0.0,0.0,16
main_00002,20263002,IJSH,power:p5uhs17_1247,0.03060474508552593,0.0003899825298013881,0.00010721513763062984,16
main_00002,20263002,IJSH,power:p5uhs22_1247,0.002259292376099495,0.00026889893346274476,0.00011166822247899439,16
main_00002,20263002,IJSH,power:p5uhs24_1247,0.0009979206513547403,0.0001717745450041106,0.0,16
main_00002,20263002,IJSH,road:1220-6730,1.2932821896776553e-05,7.760594384562514e-06,3.14421179182743e-05,16
main_00002,20263002,IJSH,road:2411-2412,1.2291433156966236e-05,7.039690525381576e-06,3.249851768959901e-05,16
main_00002,20263002,IJSH,road:3508-3509,5.343628018360594e-05,6.788644213151225e-06,3.521592938601654e-05,16
main_00002,20263002,IJSH,road:3897-3898,0.00011172561457025582,7.81557636008435e-06,3.3207013076820885e-05,16
main_00002,20263002,IJSH,road:4748-5881,-4.2771494842067104e-07,4.8139602074029846e-06,2.423796325510812e-05,16
main_00002,20263002,IJSH,road:5395-5396,3.407630759350716e-05,8.517603950856372e-06,2.8700838562205293e-05,16
main_00002,20263002,IJSH,road:6613-6615,2.0749507221723418e-05,6.8457455927269005e-06,2.1312164341137638e-05,16
main_00002,20263002,IJSH,road:6973-6974,2.262419869192636e-05,5.122881848791759e-06,3.339533067243169e-05,16
main_00002,20263002,IJSH_a0,power:p1uhs0_1247,0.005695997059308705,3.855938616510696e-06,3.517565703024084e-05,16
main_00002,20263002,IJSH_a0,power:p1uhs21_1247,0.0027014327131383714,0.0,0.0,16
main_00002,20263002,IJSH_a0,power:p2uhs1_1247,0.004118692821369313,1.2393357405028704e-10,0.0,16
main_00002,20263002,IJSH_a0,power:p2uhs2_1247,0.007985990585264759,8.707111360246155e-06,7.103355420665866e-05,16
main_00002,20263002,IJSH_a0,power:p3uhs20_1247,0.0,0.0,0.0,16
main_00002,20263002,IJSH_a0,power:p3uhs26_1247,0.045568652012845004,0.0,0.0,16
main_00002,20263002,IJSH_a0,power:p4uhs6_1247,0.0,0.0,0.0,16
main_00002,20263002,IJSH_a0,power:p5uhs17_1247,0.05984983881914454,0.0003899825298013881,0.00010721513763062984,16
main_00002,20263002,IJSH_a0,power:p5uhs22_1247,0.00413342824356637,0.00026889893346274476,0.00011166822247899439,16
main_00002,20263002,IJSH_a0,power:p5uhs24_1247,0.0019958413027094807,0.0001717745450041106,0.0,16
main_00002,20263002,IJSH_a0,road:1220-6730,1.5419434953242717e-05,7.760594384562514e-06,3.14421179182743e-05,16
main_00002,20263002,IJSH_a0,road:2411-2412,3.857458820705206e-05,7.039690525381576e-06,3.249851768959901e-05,16
main_00002,20263002,IJSH_a0,road:3508-3509,2.554378369377247e-05,6.788644213151225e-06,3.521592938601654e-05,16
main_00002,20263002,IJSH_a0,road:3897-3898,6.99092094621212e-05,7.81557636008435e-06,3.3207013076820885e-05,16
main_00002,20263002,IJSH_a0,road:4748-5881,2.1786045040911306e-06,4.8139602074029846e-06,2.423796325510812e-05,16
main_00002,20263002,IJSH_a0,road:5395-5396,3.54858037230274e-05,8.517603950856372e-06,2.8700838562205293e-05,16
main_00002,20263002,IJSH_a0,road:6613-6615,5.651565041212697e-05,6.8457455927269005e-06,2.1312164341137638e-05,16
main_00002,20263002,IJSH_a0,road:6973-6974,3.81764963000783e-05,5.122881848791759e-06,3.339533067243169e-05,16
main_00002,20263002,IJSH_a0.5,power:p1uhs0_1247,0.0038439574525521575,3.855938616510696e-06,3.517565703024084e-05,16
main_00002,20263002,IJSH_a0.5,power:p1uhs21_1247,0.0018009551420922476,0.0,0.0,16
main_00002,20263002,IJSH_a0.5,power:p2uhs1_1247,0.0027457952142462085,1.2393357405028704e-10,0.0,16
main_00002,20263002,IJSH_a0.5,power:p2uhs2_1247,0.008622874566625636,8.707111360246155e-06,7.103355420665866e-05,16
main_00002,20263002,IJSH_a0.5,power:p3uhs20_1247,0.0,0.0,0.0,16
main_00002,20263002,IJSH_a0.5,power:p3uhs26_1247,0.03037910134189667,0.0,0.0,16
main_00002,20263002,IJSH_a0.5,power:p4uhs6_1247,0.0,0.0,0.0,16
main_00002,20263002,IJSH_a0.5,power:p5uhs17_1247,0.0403531096633988,0.0003899825298013881,0.00010721513763062984,16
main_00002,20263002,IJSH_a0.5,power:p5uhs22_1247,0.0028840043319217864,0.00026889893346274476,0.00011166822247899439,16
main_00002,20263002,IJSH_a0.5,power:p5uhs24_1247,0.001330560868472987,0.0001717745450041106,0.0,16
main_00002,20263002,IJSH_a0.5,road:1220-6730,1.3761692915598608e-05,7.760594384562514e-06,3.14421179182743e-05,16
main_00002,20263002,IJSH_a0.5,road:2411-2412,2.105248484032818e-05,7.039690525381576e-06,3.249851768959901e-05,16
main_00002,20263002,IJSH_a0.5,road:3508-3509,4.413878135366145e-05,6.788644213151225e-06,3.521592938601654e-05,16
main_00002,20263002,IJSH_a0.5,road:3897-3898,9.778681286754427e-05,7.81557636008435e-06,3.3207013076820885e-05,16
main_00002,20263002,IJSH_a0.5,road:4748-5881,4.4105820241659616e-07,4.8139602074029846e-06,2.423796325510812e-05,16
main_00002,20263002,IJSH_a0.5,road:5395-5396,3.454613963668057e-05,8.517603950856372e-06,2.8700838562205293e-05,16
main_00002,20263002,IJSH_a0.5,road:6613-6615,3.267155495185794e-05,6.8457455927269005e-06,2.1312164341137638e-05,16
main_00002,20263002,IJSH_a0.5,road:6973-6974,2.7808297894643674e-05,5.122881848791759e-06,3.339533067243169e-05,16
main_00002,20263002,IJSH_a2,power:p1uhs0_1247,0.00199191784579561,3.855938616510696e-06,3.517565703024084e-05,16
main_00002,20263002,IJSH_a2,power:p1uhs21_1247,0.0009004775710461238,0.0,0.0,16
main_00002,20263002,IJSH_a2,power:p2uhs1_1247,0.0013728976071231043,1.2393357405028704e-10,0.0,16
main_00002,20263002,IJSH_a2,power:p2uhs2_1247,0.009259758547986512,8.707111360246155e-06,7.103355420665866e-05,16
main_00002,20263002,IJSH_a2,power:p3uhs20_1247,0.0,0.0,0.0,16
main_00002,20263002,IJSH_a2,power:p3uhs26_1247,0.015189550670948335,0.0,0.0,16
main_00002,20263002,IJSH_a2,power:p4uhs6_1247,0.0,0.0,0.0,16
main_00002,20263002,IJSH_a2,power:p5uhs17_1247,0.020856380507653056,0.0003899825298013881,0.00010721513763062984,16
main_00002,20263002,IJSH_a2,power:p5uhs22_1247,0.001634580420277203,0.00026889893346274476,0.00011166822247899439,16
main_00002,20263002,IJSH_a2,power:p5uhs24_1247,0.0006652804342364935,0.0001717745450041106,0.0,16
main_00002,20263002,IJSH_a2,road:1220-6730,1.2103950877954498e-05,7.760594384562514e-06,3.14421179182743e-05,16
main_00002,20263002,IJSH_a2,road:2411-2412,3.5303814736042938e-06,7.039690525381576e-06,3.249851768959901e-05,16
main_00002,20263002,IJSH_a2,road:3508-3509,6.273377901355043e-05,6.788644213151225e-06,3.521592938601654e-05,16
main_00002,20263002,IJSH_a2,road:3897-3898,0.00012566441627296734,7.81557636008435e-06,3.3207013076820885e-05,16
main_00002,20263002,IJSH_a2,road:4748-5881,-1.2964880992579382e-06,4.8139602074029846e-06,2.423796325510812e-05,16
main_00002,20263002,IJSH_a2,road:5395-5396,3.360647555033375e-05,8.517603950856372e-06,2.8700838562205293e-05,16
main_00002,20263002,IJSH_a2,road:6613-6615,8.827459491588899e-06,6.8457455927269005e-06,2.1312164341137638e-05,16
main_00002,20263002,IJSH_a2,road:6973-6974,1.744009948920905e-05,5.122881848791759e-06,3.339533067243169e-05,16
main_00002,20263002,JSH,power:p1uhs0_1247,0.005695997059308705,3.855938616510696e-06,3.517565703024084e-05,16
main_00002,20263002,JSH,power:p1uhs21_1247,0.0027014327131383714,0.0,0.0,16
main_00002,20263002,JSH,power:p2uhs1_1247,0.004118692821369313,1.2393357405028704e-10,0.0,16
main_00002,20263002,JSH,power:p2uhs2_1247,0.007985990585264759,8.707111360246155e-06,7.103355420665866e-05,16
main_00002,20263002,JSH,power:p3uhs20_1247,0.0,0.0,0.0,16
main_00002,20263002,JSH,power:p3uhs26_1247,0.045568652012845004,0.0,0.0,16
main_00002,20263002,JSH,power:p4uhs6_1247,0.0,0.0,0.0,16
main_00002,20263002,JSH,power:p5uhs17_1247,0.05984983881914454,0.0003899825298013881,0.00010721513763062984,16
main_00002,20263002,JSH,power:p5uhs22_1247,0.00413342824356637,0.00026889893346274476,0.00011166822247899439,16
main_00002,20263002,JSH,power:p5uhs24_1247,0.0019958413027094807,0.0001717745450041106,0.0,16
main_00002,20263002,JSH,road:1220-6730,1.5419434953242717e-05,7.760594384562514e-06,3.14421179182743e-05,16
main_00002,20263002,JSH,road:2411-2412,3.857458820705206e-05,7.039690525381576e-06,3.249851768959901e-05,16
main_00002,20263002,JSH,road:3508-3509,2.554378369377247e-05,6.788644213151225e-06,3.521592938601654e-05,16
main_00002,20263002,JSH,road:3897-3898,6.99092094621212e-05,7.81557636008435e-06,3.3207013076820885e-05,16
main_00002,20263002,JSH,road:4748-5881,2.1786045040911306e-06,4.8139602074029846e-06,2.423796325510812e-05,16
main_00002,20263002,JSH,road:5395-5396,3.54858037230274e-05,8.517603950856372e-06,2.8700838562205293e-05,16
main_00002,20263002,JSH,road:6613-6615,5.651565041212697e-05,6.8457455927269005e-06,2.1312164341137638e-05,16
main_00002,20263002,JSH,road:6973-6974,3.81764963000783e-05,5.122881848791759e-06,3.339533067243169e-05,16
main_00003,20263003,CEN,power:p1rhs2_1247,0.004170493201976245,8.501773040511429e-11,0.0,16
main_00003,20263003,CEN,power:p1uhs13_1247,0.004478459229862626,0.0,0.0,16
main_00003,20263003,CEN,power:p1uhs17_1247,0.007207309011861684,0.0,0.0,16
main_00003,20263003,CEN,power:p1uhs7_1247,0.00734492259339157,0.0,0.0,16
main_00003,20263003,CEN,power:p2uhs4_1247,0.004399065050115645,8.086702796876742e-06,4.070656491735559e-05,16
main_00003,20263003,CEN,power:p3uhs14_1247,0.01293760119736372,0.0,0.0,16
main_00003,20263003,CEN,power:p3uhs15_1247,0.015412071495476657,0.0,0.0,16
main_00003,20263003,CEN,power:p3uhs23_1247,0.00855929247868727,0.0,0.0,16
main_00003,20263003,CEN,power:p3uhs7_1247,0.00735268872699328,0.0,0.0,16
main_00003,20263003,CEN,power:p4uhs18_1247,0.005245676891601463,7.514576711318255e-12,0.0,16
main_00003,20263003,CEN,power:p4uhs3_1247,0.003498378904213606,0.0,0.0,16
main_00003,20263003,CEN,power:p5uhs19_1247,0.013799110336177704,0.0,0.0,16
main_00003,20263003,CEN,power:p5uhs24_1247,0.00699053938864852,7.514576711318255e-12,0.0,16
main_00003,20263003,CEN,power:p5uhs3_1247,0.025557097745222482,6.2042360233552614e-06,0.00018499875754701635,16
main_00003,20263003,CEN,road:1120-7349,0.00011387586668767726,8.089877819497957e-06,2.737435768625059e-05,16
main_00003,20263003,CEN,road:2256-6782,0.0006761764300346675,5.555718563120231e-06,1.699991797864627e-05,16
main_00003,20263003,CEN,road:3250-3293,0.001665665379766782,7.983291179840084e-06,5.031635962700093e-05,16
main_00003,20263003,CEN,road:3436-3448,0.0010781274621809013,8.477375713543327e-06,2.6479125028494006e-05,16
main_00003,20263003,CEN,road:5555-5561,0.0007943611132997163,7.219310643966064e-06,3.090698191978831e-05,16
main_00003,20263003,CEN,road:5914-5922,0.012044681196816892,6.3351932985151485e-06,2.2483055801390382e-05,16
main_00003,20263003,CEN,road:6537-6991,0.010017998542388905,6.589961897457313e-06,0.0001502734920404441,16
main_00003,20263003,CEN,road:6916-6924,0.01872888679877088,4.614224588070266e-06,2.6667297081337324e-05,16
main_00003,20263003,IJSH,power:p1rhs2_1247,0.014487435191598959,8.501773040511429e-11,0.0,16
main_00003,20263003,IJSH,power:p1uhs13_1247,0.0,0.0,0.0,16
main_00003,20263003,IJSH,power:p1uhs17_1247,0.0,0.0,0.0,16
main_00003,20263003,IJSH,power:p1uhs7_1247,0.0,0.0,0.0,16
main_00003,20263003,IJSH,power:p2uhs4_1247,0.002938548505010744,8.086702796876742e-06,4.070656491735559e-05,16
main_00003,20263003,IJSH,power:p3uhs14_1247,0.0,0.0,0.0,16
main_00003,20263003,IJSH,power:p3uhs15_1247,0.0,0.0,0.0,16
main_00003,20263003,IJSH,power:p3uhs23_1247,0.0,0.0,0.0,16
main_00003,20263003,IJSH,power:p3uhs7_1247,0.002099237674815138,0.0,0.0,16
main_00003,20263003,IJSH,power:p4uhs18_1247,0.000998450792628735,7.514576711318255e-12,0.0,16
main_00003,20263003,IJSH,power:p4uhs3_1247,0.0,0.0,0.0,16
main_00003,20263003,IJSH,power:p5uhs19_1247,0.0,0.0,0.0,16
main_00003,20263003,IJSH,power:p5uhs24_1247,0.0013305606273240692,7.514576711318255e-12,0.0,16
main_00003,20263003,IJSH,power:p5uhs3_1247,0.01284044528327764,6.2042360233552614e-06,0.00018499875754701635,16
main_00003,20263003,IJSH,road:1120-7349,8.198063704999842e-05,8.089877819497957e-06,2.737435768625059e-05,16
main_00003,20263003,IJSH,road:2256-6782,0.0004872422217860814,5.555718563120231e-06,1.699991797864627e-05,16
main_00003,20263003,IJSH,road:3250-3293,-1.3243206125671675e-05,7.983291179840084e-06,5.031635962700093e-05,16
main_00003,20263003,IJSH,road:3436-3448,5.4522083541456295e-05,8.477375713543327e-06,2.6479125028494006e-05,16
main_00003,20263003,IJSH,road:5555-5561,-4.190687058657633e-06,7.219310643966064e-06,3.090698191978831e-05,16
main_00003,20263003,IJSH,road:5914-5922,2.6499532712137563e-05,6.3351932985151485e-06,2.2483055801390382e-05,16
main_00003,20263003,IJSH,road:6537-6991,0.0023157578704434585,6.589961897457313e-06,0.0001502734920404441,16
main_00003,20263003,IJSH,road:6916-6924,4.134578662949237e-05,4.614224588070266e-06,2.6667297081337324e-05,16
main_00003,20263003,IJSH_a0,power:p1rhs2_1247,0.028974870383197918,8.501773040511429e-11,0.0,16
main_00003,20263003,IJSH_a0,power:p1uhs13_1247,0.0,0.0,0.0,16
main_00003,20263003,IJSH_a0,power:p1uhs17_1247,0.0,0.0,0.0,16
main_00003,20263003,IJSH_a0,power:p1uhs7_1247,0.0,0.0,0.0,16
main_00003,20263003,IJSH_a0,power:p2uhs4_1247,0.003563320054336405,8.086702796876742e-06,4.070656491735559e-05,16
main_00003,20263003,IJSH_a0,power:p3uhs14_1247,0.0,0.0,0.0,16
main_00003,20263003,IJSH_a0,power:p3uhs15_1247,0.0,0.0,0.0,16
main_00003,20263003,IJSH_a0,power:p3uhs23_1247,0.0,0.0,0.0,16
main_00003,20263003,IJSH_a0,power:p3uhs7_1247,0.004198475349630276,0.0,0.0,16
main_00003,20263003,IJSH_a0,power:p4uhs18_1247,0.00199690158525747,7.514576711318255e-12,0.0,16
main_00003,20263003,IJSH_a0,power:p4uhs3_1247,0.0,0.0,0.0,16
main_00003,20263003,IJSH_a0,power:p5uhs19_1247,0.0,0.0,0.0,16
main_00003,20263003,IJSH_a0,power:p5uhs24_1247,0.0026611212546481383,7.514576711318255e-12,0.0,16
main_00003,20263003,IJSH_a0,power:p5uhs3_1247,0.012435399582643086,6.2042360233552614e-06,0.00018499875754701635,16
main_00003,20263003,IJSH_a0,road:1120-7349,0.00014373497282935827,8.089877819497957e-06,2.737435768625059e-05,16
main_00003,20263003,IJSH_a0,road:2256-6782,0.0009484722979899649,5.555718563120231e-06,1.699991797864627e-05,16
main_00003,20263003,IJSH_a0,road:3250-3293,0.0002097890085550752,7.983291179840084e-06,5.031635962700093e-05,16
main_00003,20263003,IJSH_a0,road:3436-3448,4.061925145434908e-05,8.477375713543327e-06,2.6479125028494006e-05,16
main_00003,20263003,IJSH_a0,road:5555-5561,5.2300664914115e-06,7.219310643966064e-06,3.090698191978831e-05,16
main_00003,20263003,IJSH_a0,road:5914-5922,6.219942892228547e-05,6.3351932985151485e-06,2.2483055801390382e-05,16
main_00003,20263003,IJSH_a0,road:6537-6991,0.001786280552098382,6.589961897457313e-06,0.0001502734920404441,16
main_00003,20263003,IJSH_a0,road:6916-6924,4.792891320742898e-05,4.614224588070266e-06,2.6667297081337324e-05,16
main_00003,20263003,IJSH_a0.5,power:p1rhs2_1247,0.019316580255465277,8.501773040511429e-11,0.0,16
main_00003,20263003,IJSH_a0.5,power:p1uhs13_1247,0.0,0.0,0.0,16
main_00003,20263003,IJSH_a0.5,power:p1uhs17_1247,0.0,0.0,0.0,16
main_00003,20263003,IJSH_a0.5,power:p1uhs7_1247,0.0,0.0,0.0,16
main_00003,20263003,IJSH_a0.5,power:p2uhs4_1247,0.003146805688119298,8.086702796876742e-06,4.070656491735559e-05,16
main_00003,20263003,IJSH_a0.5,power:p3uhs14_1247,0.0,0.0,0.0,16
main_00003,20263003,IJSH_a0.5,power:p3uhs15_1247,0.0,0.0,0.0,16
main_00003,20263003,IJSH_a0.5,power:p3uhs23_1247,0.0,0.0,0.0,16
main_00003,20263003,IJSH_a0.5,power:p3uhs7_1247,0.0027989835664201843,0.0,0.0,16
main_00003,20263003,IJSH_a0.5,power:p4uhs18_1247,0.0013312677235049798,7.514576711318255e-12,0.0,16
main_00003,20263003,IJSH_a0.5,power:p4uhs3_1247,0.0,0.0,0.0,16
main_00003,20263003,IJSH_a0.5,power:p5uhs19_1247,0.0,0.0,0.0,16
main_00003,20263003,IJSH_a0.5,power:p5uhs24_1247,0.0017740808364320921,7.514576711318255e-12,0.0,16
main_00003,20263003,IJSH_a0.5,power:p5uhs3_1247,0.01270543004973279,6.2042360233552614e-06,0.00018499875754701635,16
main_00003,20263003,IJSH_a0.5,road:1120-7349,0.00010256541564311837,8.089877819497957e-06,2.737435768625059e-05,16
main_00003,20263003,IJSH_a0.5,road:2256-6782,0.0006409855805207093,5.555718563120231e-06,1.699991797864627e-05,16
main_00003,20263003,IJSH_a0.5,road:3250-3293,6.110086543457728e-05,7.983291179840084e-06,5.031635962700093e-05,16
main_00003,20263003,IJSH_a0.5,road:3436-3448,4.9887806179087224e-05,8.477375713543327e-06,2.6479125028494006e-05,16
main_00003,20263003,IJSH_a0.5,road:5555-5561,-1.050435875301255e-06,7.219310643966064e-06,3.090698191978831e-05,16
main_00003,20263003,IJSH_a0.5,road:5914-5922,3.83994981155202e-05,6.3351932985151485e-06,2.2483055801390382e-05,16
main_00003,20263003,IJSH_a0.5,road:6537-6991,0.0021392654309951,6.589961897457313e-06,0.0001502734920404441,16
main_00003,20263003,IJSH_a0.5,road:6916-6924,4.354016215547124e-05,4.614224588070266e-06,2.6667297081337324e-05,16
main_00003,20263003,IJSH_a2,power:p1rhs2_1247,0.009658290127732639,8.501773040511429e-11,0.0,16
main_00003,20263003,IJSH_a2,power:p1uhs13_1247,0.0,0.0,0.0,16
main_00003,20263003,IJSH_a2,power:p1uhs17_1247,0.0,0.0,0.0,16
main_00003,20263003,IJSH_a2,power:p1uhs7_1247,0.0,0.0,0.0,16
main_00003,20263003,IJSH_a2,power:p2uhs4_1247,0.0027302913219021904,8.086702796876742e-06,4.070656491735559e-05,16
main_00003,20263003,IJSH_a2,power:p3uhs14_1247,0.0,0.0,0.0,16
main_00003,20263003,IJSH_a2,power:p3uhs15_1247,0.0,0.0,0.0,16
main_00003,20263003,IJSH_a2,power:p3uhs23_1247,0.0,0.0,0.0,16
main_00003,20263003,IJSH_a2,power:p3uhs7_1247,0.0013994917832100922,0.0,0.0,16
main_00003,20263003,IJSH_a2,power:p4uhs18_1247,0.0006656338617524899,7.514576711318255e-12,0.0,16
main_00003,20263003,IJSH_a2,power:p4uhs3_1247,0.0,0.0,0.0,16
main_00003,20263003,IJSH_a2,power:p5uhs19_1247,0.0,0.0,0.0,16
main_00003,20263003,IJSH_a2,power:p5uhs24_1247,0.0008870404182160461,7.514576711318255e-12,0.0,16
main_00003,20263003,IJSH_a2,power:p5uhs3_1247,0.01297546051682249,6.2042360233552614e-06,0.00018499875754701635,16
main_00003,20263003,IJSH_a2,road:1120-7349,6.139585845687846e-05,8.089877819497957e-06,2.737435768625059e-05,16
main_00003,20263003,IJSH_a2,road:2256-6782,0.0003334988630514536,5.555718563120231e-06,1.699991797864627e-05,16
main_00003,20263003,IJSH_a2,road:3250-3293,-8.758727768592063e-05,7.983291179840084e-06,5.031635962700093e-05,16
main_00003,20263003,IJSH_a2,road:3436-3448,5.915636090382537e-05,8.477375713543327e-06,2.6479125028494006e-05,16
main_00003,20263003,IJSH_a2,road:5555-5561,-7.330938242014011e-06,7.219310643966064e-06,3.090698191978831e-05,16
main_00003,20263003,IJSH_a2,road:5914-5922,1.4599567308754927e-05,6.3351932985151485e-06,2.2483055801390382e-05,16
main_00003,20263003,IJSH_a2,road:6537-6991,0.002492250309891817,6.589961897457313e-06,0.0001502734920404441,16
main_00003,20263003,IJSH_a2,road:6916-6924,3.91514111035135e-05,4.614224588070266e-06,2.6667297081337324e-05,16
main_00003,20263003,JSH,power:p1rhs2_1247,0.028974870383197918,8.501773040511429e-11,0.0,16
main_00003,20263003,JSH,power:p1uhs13_1247,0.0,0.0,0.0,16
main_00003,20263003,JSH,power:p1uhs17_1247,0.0,0.0,0.0,16
main_00003,20263003,JSH,power:p1uhs7_1247,0.0,0.0,0.0,16
main_00003,20263003,JSH,power:p2uhs4_1247,0.003563320054336405,8.086702796876742e-06,4.070656491735559e-05,16
main_00003,20263003,JSH,power:p3uhs14_1247,0.0,0.0,0.0,16
main_00003,20263003,JSH,power:p3uhs15_1247,0.0,0.0,0.0,16
main_00003,20263003,JSH,power:p3uhs23_1247,0.0,0.0,0.0,16
main_00003,20263003,JSH,power:p3uhs7_1247,0.004198475349630276,0.0,0.0,16
main_00003,20263003,JSH,power:p4uhs18_1247,0.00199690158525747,7.514576711318255e-12,0.0,16
main_00003,20263003,JSH,power:p4uhs3_1247,0.0,0.0,0.0,16
main_00003,20263003,JSH,power:p5uhs19_1247,0.0,0.0,0.0,16
main_00003,20263003,JSH,power:p5uhs24_1247,0.0026611212546481383,7.514576711318255e-12,0.0,16
main_00003,20263003,JSH,power:p5uhs3_1247,0.012435399582643086,6.2042360233552614e-06,0.00018499875754701635,16
main_00003,20263003,JSH,road:1120-7349,0.00014373497282935827,8.089877819497957e-06,2.737435768625059e-05,16
main_00003,20263003,JSH,road:2256-6782,0.0009484722979899649,5.555718563120231e-06,1.699991797864627e-05,16
main_00003,20263003,JSH,road:3250-3293,0.0002097890085550752,7.983291179840084e-06,5.031635962700093e-05,16
main_00003,20263003,JSH,road:3436-3448,4.061925145434908e-05,8.477375713543327e-06,2.6479125028494006e-05,16
main_00003,20263003,JSH,road:5555-5561,5.2300664914115e-06,7.219310643966064e-06,3.090698191978831e-05,16
main_00003,20263003,JSH,road:5914-5922,6.219942892228547e-05,6.3351932985151485e-06,2.2483055801390382e-05,16
main_00003,20263003,JSH,road:6537-6991,0.001786280552098382,6.589961897457313e-06,0.0001502734920404441,16
main_00003,20263003,JSH,road:6916-6924,4.792891320742898e-05,4.614224588070266e-06,2.6667297081337324e-05,16
main_00004,20263004,CEN,power:p1uhs13_1247,0.004478459229862626,0.0,0.0,16
main_00004,20263004,CEN,power:p1uhs16_1247,0.008751827005438114,0.0,0.0,16
main_00004,20263004,CEN,power:p1uhs7_1247,0.00734492259339157,6.081199780139689e-06,2.6440471988024393e-05,16
main_00004,20263004,CEN,power:p3uhs5_1247,0.011348711125315165,2.9357693497057425e-05,6.134967917506093e-05,16
main_00004,20263004,CEN,power:p3uhs8_1247,0.016505234549672912,2.9536823767387352e-05,9.667595260454745e-05,16
main_00004,20263004,CEN,power:p4uhs17_1247,0.0063366520304289796,0.0,0.0,16
main_00004,20263004,CEN,power:p4uhs18_1247,0.005245676891601463,7.514576711318255e-12,0.0,16
main_00004,20263004,CEN,power:p4uhs20_1247,0.008808101318556784,1.1969284767276132e-05,3.809343573066197e-05,16
main_00004,20263004,CEN,power:p5uhs14_1247,0.007553663108507624,7.672796763787272e-06,8.158512422715871e-05,16
main_00004,20263004,CEN,power:p5uhs19_1247,0.013799110336177704,0.0,0.0,16
main_00004,20263004,CEN,power:p5uhs22_1247,0.01218046813649609,0.0,0.0,16
main_00004,20263004,CEN,power:p5uhs30_1247,0.00666858130982848,6.2010358846248415e-06,8.255299005024157e-05,16
main_00004,20263004,CEN,road:2206-2216,0.0006367815356129845,5.227941778435325e-06,2.3280004290223386e-05,16
main_00004,20263004,CEN,road:4614-5550,0.0024194005081941377,6.4471727725780074e-06,3.0180010406232742e-05,16
main_00004,20263004,CEN,road:5529-5530,0.00023975486526946104,4.906494301694402e-06,2.1570553803806208e-05,16
main_00004,20263004,CEN,road:5703-5746,0.0028413567601638825,6.0129509957199484e-06,2.1309340020586897e-05,16
main_00004,20263004,CEN,road:6091-7315,0.0001575795776867318,4.6586178413062265e-06,2.6090318861896725e-05,16
main_00004,20263004,IJSH,power:p1uhs13_1247,0.0,0.0,0.0,16
main_00004,20263004,IJSH,power:p1uhs16_1247,0.0,0.0,0.0,16
main_00004,20263004,IJSH,power:p1uhs7_1247,0.0027164675019071445,6.081199780139689e-06,2.6440471988024393e-05,16
main_00004,20263004,IJSH,power:p3uhs5_1247,0.005792309105400541,2.9357693497057425e-05,6.134967917506093e-05,16
main_00004,20263004,IJSH,power:p3uhs8_1247,0.0060782572500207195,2.9536823767387352e-05,9.667595260454745e-05,16
main_00004,20263004,IJSH,power:p4uhs17_1247,0.0,0.0,0.0,16
main_00004,20263004,IJSH,power:p4uhs18_1247,0.0009984507847743337,7.514576711318255e-12,0.0,16
main_00004,20263004,IJSH,power:p4uhs20_1247,0.005200831898419606,1.1969284767276132e-05,3.809343573066197e-05,16
main_00004,20263004,IJSH,power:p5uhs14_1247,0.0019980083285587175,7.672796763787272e-06,8.158512422715871e-05,16
main_00004,20263004,IJSH,power:p5uhs19_1247,0.0,0.0,0.0,16
main_00004,20263004,IJSH,power:p5uhs22_1247,0.0,0.0,0.0,16
main_00004,20263004,IJSH,power:p5uhs30_1247,0.0018724463678859542,6.2010358846248415e-06,8.255299005024157e-05,16
main_00004,20263004,IJSH,road:2206-2216,1.4916082313874701e-05,5.227941778435325e-06,2.3280004290223386e-05,16
main_00004,20263004,IJSH,road:4614-5550,1.2711669054518704e-06,6.4471727725780074e-06,3.0180010406232742e-05,16
main_00004,20263004,IJSH,road:5529-5530,1.5108392518482783e-06,4.906494301694402e-06,2.1570553803806208e-05,16
main_00004,20263004,IJSH,road:5703-5746,2.324053749203428e-05,6.0129509957199484e-06,2.1309340020586897e-05,16
main_00004,20263004,IJSH,road:6091-7315,0.00048528178116781506,4.6586178413062265e-06,2.6090318861896725e-05,16
main_00004,20263004,IJSH_a0,power:p1uhs13_1247,0.0,0.0,0.0,16
main_00004,20263004,IJSH_a0,power:p1uhs16_1247,0.0,0.0,0.0,16
main_00004,20263004,IJSH_a0,power:p1uhs7_1247,0.0032634772151042546,6.081199780139689e-06,2.6440471988024393e-05,16
main_00004,20263004,IJSH_a0,power:p3uhs5_1247,0.007517369444137979,2.9357693497057425e-05,6.134967917506093e-05,16
main_00004,20263004,IJSH_a0,power:p3uhs8_1247,0.010907063628843104,2.9536823767387352e-05,9.667595260454745e-05,16
main_00004,20263004,IJSH_a0,power:p4uhs17_1247,0.0,0.0,0.0,16
main_00004,20263004,IJSH_a0,power:p4uhs18_1247,0.0019969015695486675,7.514576711318255e-12,0.0,16
main_00004,20263004,IJSH_a0,power:p4uhs20_1247,0.009761641781919142,1.1969284767276132e-05,3.809343573066197e-05,16
main_00004,20263004,IJSH_a0,power:p5uhs14_1247,0.0038778246316124934,7.672796763787272e-06,8.158512422715871e-05,16
main_00004,20263004,IJSH_a0,power:p5uhs19_1247,0.0,0.0,0.0,16
main_00004,20263004,IJSH_a0,power:p5uhs22_1247,0.0,0.0,0.0,16
main_00004,20263004,IJSH_a0,power:p5uhs30_1247,0.002982953956962818,6.2010358846248415e-06,8.255299005024157e-05,16
main_00004,20263004,IJSH_a0,road:2206-2216,-6.7256436342560955e-06,5.227941778435325e-06,2.3280004290223386e-05,16
main_00004,20263004,IJSH_a0,road:4614-5550,-2.765225617887279e-06,6.4471727725780074e-06,3.0180010406232742e-05,16
main_00004,20263004,IJSH_a0,road:5529-5530,7.419944313080684e-06,4.906494301694402e-06,2.1570553803806208e-05,16
main_00004,20263004,IJSH_a0,road:5703-5746,1.6883293649176678e-05,6.0129509957199484e-06,2.1309340020586897e-05,16
main_00004,20263004,IJSH_a0,road:6091-7315,0.0009706094895887765,4.6586178413062265e-06,2.6090318861896725e-05,16
main_00004,20263004,IJSH_a0.5,power:p1uhs13_1247,0.0,0.0,0.0,16
main_00004,20263004,IJSH_a0.5,power:p1uhs16_1247,0.0,0.0,0.0,16
main_00004,20263004,IJSH_a0.5,power:p1uhs7_1247,0.002898804072972848,6.081199780139689e-06,2.6440471988024393e-05,16
main_00004,20263004,IJSH_a0.5,power:p3uhs5_1247,0.006367329218313021,2.9357693497057425e-05,6.134967917506093e-05,16
main_00004,20263004,IJSH_a0.5,power:p3uhs8_1247,0.007687859376294848,2.9536823767387352e-05,9.667595260454745e-05,16
main_00004,20263004,IJSH_a0.5,power:p4uhs17_1247,0.0,0.0,0.0,16
main_00004,20263004,IJSH_a0.5,power:p4uhs18_1247,0.001331267713032445,7.514576711318255e-12,0.0,16
main_00004,20263004,IJSH_a0.5,power:p4uhs20_1247,0.006721101859586118,1.1969284767276132e-05,3.809343573066197e-05,16
main_00004,20263004,IJSH_a0.5,power:p5uhs14_1247,0.002624613762909976,7.672796763787272e-06,8.158512422715871e-05,16
main_00004,20263004,IJSH_a0.5,power:p5uhs19_1247,0.0,0.0,0.0,16
main_00004,20263004,IJSH_a0.5,power:p5uhs22_1247,0.0,0.0,0.0,16
main_00004,20263004,IJSH_a0.5,power:p5uhs30_1247,0.002242615564244909,6.2010358846248415e-06,8.255299005024157e-05,16
main_00004,20263004,IJSH_a0.5,road:2206-2216,7.702173664497769e-06,5.227941778435325e-06,2.3280004290223386e-05,16
main_00004,20263004,IJSH_a0.5,road:4614-5550,-7.429726899451279e-08,6.4471727725780074e-06,3.0180010406232742e-05,16
main_00004,20263004,IJSH_a0.5,road:5529-5530,3.480540938925747e-06,4.906494301694402e-06,2.1570553803806208e-05,16
main_00004,20263004,IJSH_a0.5,road:5703-5746,2.1121456211081746e-05,6.0129509957199484e-06,2.1309340020586897e-05,16
main_00004,20263004,IJSH_a0.5,road:6091-7315,0.0006470576839748022,4.6586178413062265e-06,2.6090318861896725e-05,16
main_00004,20263004,IJSH_a2,power:p1uhs13_1247,0.0,0.0,0.0,16
main_00004,20263004,IJSH_a2,power:p1uhs16_1247,0.0,0.0,0.0,16
main_00004,20263004,IJSH_a2,power:p1uhs7_1247,0.002534130930841441,6.081199780139689e-06,2.6440471988024393e-05,16
main_00004,20263004,IJSH_a2,power:p3uhs5_1247,0.005217288992488062,2.9357693497057425e-05,6.134967917506093e-05,16
main_00004,20263004,IJSH_a2,power:p3uhs8_1247,0.004468655123746591,2.9536823767387352e-05,9.667595260454745e-05,16
main_00004,20263004,IJSH_a2,power:p4uhs17_1247,0.0,0.0,0.0,16
main_00004,20263004,IJSH_a2,power:p4uhs18_1247,0.0006656338565162225,7.514576711318255e-12,0.0,16
main_00004,20263004,IJSH_a2,power:p4uhs20_1247,0.0036805619372530934,1.1969284767276132e-05,3.809343573066197e-05,16
main_00004,20263004,IJSH_a2,power:p5uhs14_1247,0.0013714028942074588,7.672796763787272e-06,8.158512422715871e-05,16
main_00004,20263004,IJSH_a2,power:p5uhs19_1247,0.0,0.0,0.0,16
main_00004,20263004,IJSH_a2,power:p5uhs22_1247,0.0,0.0,0.0,16
main_00004,20263004,IJSH_a2,power:p5uhs30_1247,0.0015022771715269996,6.2010358846248415e-06,8.255299005024157e-05,16
main_00004,20263004,IJSH_a2,road:2206-2216,2.2129990963251633e-05,5.227941778435325e-06,2.3280004290223386e-05,16
main_00004,20263004,IJSH_a2,road:4614-5550,2.6166310798982537e-06,6.4471727725780074e-06,3.0180010406232742e-05,16
main_00004,20263004,IJSH_a2,road:5529-5530,-4.5886243522919035e-07,4.906494301694402e-06,2.1570553803806208e-05,16
main_00004,20263004,IJSH_a2,road:5703-5746,2.5359618772986814e-05,6.0129509957199484e-06,2.1309340020586897e-05,16
main_00004,20263004,IJSH_a2,road:6091-7315,0.0003235058783608279,4.6586178413062265e-06,2.6090318861896725e-05,16
main_00004,20263004,JSH,power:p1uhs13_1247,0.0,0.0,0.0,16
main_00004,20263004,JSH,power:p1uhs16_1247,0.0,0.0,0.0,16
main_00004,20263004,JSH,power:p1uhs7_1247,0.0032634772151042546,6.081199780139689e-06,2.6440471988024393e-05,16
main_00004,20263004,JSH,power:p3uhs5_1247,0.007517369444137979,2.9357693497057425e-05,6.134967917506093e-05,16
main_00004,20263004,JSH,power:p3uhs8_1247,0.010907063628843104,2.9536823767387352e-05,9.667595260454745e-05,16
main_00004,20263004,JSH,power:p4uhs17_1247,0.0,0.0,0.0,16
main_00004,20263004,JSH,power:p4uhs18_1247,0.0019969015695486675,7.514576711318255e-12,0.0,16
main_00004,20263004,JSH,power:p4uhs20_1247,0.009761641781919142,1.1969284767276132e-05,3.809343573066197e-05,16
main_00004,20263004,JSH,power:p5uhs14_1247,0.0038778246316124934,7.672796763787272e-06,8.158512422715871e-05,16
main_00004,20263004,JSH,power:p5uhs19_1247,0.0,0.0,0.0,16
main_00004,20263004,JSH,power:p5uhs22_1247,0.0,0.0,0.0,16
main_00004,20263004,JSH,power:p5uhs30_1247,0.002982953956962818,6.2010358846248415e-06,8.255299005024157e-05,16
main_00004,20263004,JSH,road:2206-2216,-6.7256436342560955e-06,5.227941778435325e-06,2.3280004290223386e-05,16
main_00004,20263004,JSH,road:4614-5550,-2.765225617887279e-06,6.4471727725780074e-06,3.0180010406232742e-05,16
main_00004,20263004,JSH,road:5529-5530,7.419944313080684e-06,4.906494301694402e-06,2.1570553803806208e-05,16
main_00004,20263004,JSH,road:5703-5746,1.6883293649176678e-05,6.0129509957199484e-06,2.1309340020586897e-05,16
main_00004,20263004,JSH,road:6091-7315,0.0009706094895887765,4.6586178413062265e-06,2.6090318861896725e-05,16
main_00005,20263005,CEN,power:p1rhs1_1247,0.002912020203486734,7.09942258553571e-05,0.0,16
main_00005,20263005,CEN,power:p1rhs4_1247,0.004228407807906995,7.099422585535233e-05,0.0,16
main_00005,20263005,CEN,power:p1uhs4_1247,0.007601914660491807,0.0,0.0,16
main_00005,20263005,CEN,power:p1uhs5_1247,0.01091491150470891,0.0,0.0,16
main_00005,20263005,CEN,power:p1uhs9_1247,0.017187563989237202,4.561482091790313e-05,3.9042122238791494e-05,16
main_00005,20263005,CEN,power:p2uhs11_1247,0.00727634791864211,0.0,0.0,16
main_00005,20263005,CEN,power:p2uhs13_1247,0.0008569339635027937,0.0,0.0,16
main_00005,20263005,CEN,power:p2uhs7_1247,0.002070693384955452,0.0,0.0,16
main_00005,20263005,CEN,power:p4uhs12_1247,0.004848648427519117,4.2813307485620706e-10,0.0,16
main_00005,20263005,CEN,power:p4uhs1_1247,0.007539405692521539,0.0,0.0,16
main_00005,20263005,CEN,power:p4uhs9_1247,0.00899537569072774,0.00010360491651721146,3.982951954153112e-05,16
main_00005,20263005,CEN,power:p5uhs28_1247,0.012716684563434891,5.45195327712117e-05,4.683427680168255e-05,16
main_00005,20263005,CEN,power:p5uhs5_1247,0.01566793032490203,0.0002484695955503968,6.0817381020030174e-05,16
main_00005,20263005,CEN,power:p5uhs7_1247,0.011577260339600543,7.12776621217514e-05,5.0978186976617476e-05,16
main_00005,20263005,CEN,road:1434-1438,0.0022645908840214306,0.0004573930288759259,2.137608279332522e-05,16
main_00005,20263005,CEN,road:1451-1459,0.005631315494011976,3.698022994832789e-06,1.3687834456774746e-05,16
main_00005,20263005,CEN,road:2170-2173,0.0015868755909234163,5.907278118743315e-06,1.638089697614528e-05,16
main_00005,20263005,CEN,road:3012-3014,0.0003794836314213678,5.235272247544299e-06,2.273452730117686e-05,16
main_00005,20263005,CEN,road:3020-3135,0.02250679561928774,8.661093741086217e-06,3.2751895189403133e-05,16
main_00005,20263005,CEN,road:3067-3068,0.001003646489914907,3.640968410486491e-05,4.790346200308514e-05,16
main_00005,20263005,CEN,road:5699-5712,0.00016373502994011975,5.2714520114282445e-06,1.588948038511616e-05,16
main_00005,20263005,CEN,road:6578-6579,3.939489442168295e-05,5.476226484662635e-06,9.830580443384876e-06,16
main_00005,20263005,CEN,road:7277-7278,0.008336636759375984,6.13641141706888e-06,1.3090004437143754e-05,16
main_00005,20263005,IJSH,power:p1rhs1_1247,0.002650085091269159,7.09942258553571e-05,0.0,16
main_00005,20263005,IJSH,power:p1rhs4_1247,0.002741573667108081,7.099422585535233e-05,0.0,16
main_00005,20263005,IJSH,power:p1uhs4_1247,0.0,0.0,0.0,16
main_00005,20263005,IJSH,power:p1uhs5_1247,0.0,0.0,0.0,16
main_00005,20263005,IJSH,power:p1uhs9_1247,0.003618206330752022,4.561482091790313e-05,3.9042122238791494e-05,16
main_00005,20263005,IJSH,power:p2uhs11_1247,0.0,0.0,0.0,16
main_00005,20263005,IJSH,power:p2uhs13_1247,0.0,0.0,0.0,16
main_00005,20263005,IJSH,power:p2uhs7_1247,0.0,0.0,0.0,16
main_00005,20263005,IJSH,power:p4uhs12_1247,0.0009228797128997789,4.2813307485620706e-10,0.0,16
main_00005,20263005,IJSH,power:p4uhs1_1247,0.0,0.0,0.0,16
main_00005,20263005,IJSH,power:p4uhs9_1247,0.00262640372727262,0.00010360491651721146,3.982951954153112e-05,16
main_00005,20263005,IJSH,power:p5uhs28_1247,0.004212602836273678,5.45195327712117e-05,4.683427680168255e-05,16
main_00005,20263005,IJSH,power:p5uhs5_1247,0.008904988183247767,0.0002484695955503968,6.0817381020030174e-05,16
main_00005,20263005,IJSH,power:p5uhs7_1247,0.002770839956980839,7.12776621217514e-05,5.0978186976617476e-05,16
main_00005,20263005,IJSH,road:1434-1438,0.07367482482212502,0.0004573930288759259,2.137608279332522e-05,16
main_00005,20263005,IJSH,road:1451-1459,1.7246357019017056e-05,3.698022994832789e-06,1.3687834456774746e-05,16
main_00005,20263005,IJSH,road:2170-2173,-5.547919632902659e-06,5.907278118743315e-06,1.638089697614528e-05,16
main_00005,20263005,IJSH,road:3012-3014,6.359037212763999e-05,5.235272247544299e-06,2.273452730117686e-05,16
main_00005,20263005,IJSH,road:3020-3135,0.00041042474876106655,8.661093741086217e-06,3.2751895189403133e-05,16
main_00005,20263005,IJSH,road:3067-3068,-2.9832109338583795e-05,3.640968410486491e-05,4.790346200308514e-05,16
main_00005,20263005,IJSH,road:5699-5712,-1.708067580510897e-05,5.2714520114282445e-06,1.588948038511616e-05,16
main_00005,20263005,IJSH,road:6578-6579,9.58675680895818e-06,5.476226484662635e-06,9.830580443384876e-06,16
main_00005,20263005,IJSH,road:7277-7278,8.96042156554172e-06,6.13641141706888e-06,1.3090004437143754e-05,16
main_00005,20263005,IJSH_a0,power:p1rhs1_1247,0.005300170182538318,7.09942258553571e-05,0.0,16
main_00005,20263005,IJSH_a0,power:p1rhs4_1247,0.005483147334216162,7.099422585535233e-05,0.0,16
main_00005,20263005,IJSH_a0,power:p1uhs4_1247,0.0,0.0,0.0,16
main_00005,20263005,IJSH_a0,power:p1uhs5_1247,0.0,0.0,0.0,16
main_00005,20263005,IJSH_a0,power:p1uhs9_1247,0.007055456181529668,4.561482091790313e-05,3.9042122238791494e-05,16
main_00005,20263005,IJSH_a0,power:p2uhs11_1247,0.0,0.0,0.0,16
main_00005,20263005,IJSH_a0,power:p2uhs13_1247,0.0,0.0,0.0,16
main_00005,20263005,IJSH_a0,power:p2uhs7_1247,0.0,0.0,0.0,16
main_00005,20263005,IJSH_a0,power:p4uhs12_1247,0.0018457594257995577,4.2813307485620706e-10,0.0,16
main_00005,20263005,IJSH_a0,power:p4uhs1_1247,0.0,0.0,0.0,16
main_00005,20263005,IJSH_a0,power:p4uhs9_1247,0.004652413894895548,0.00010360491651721146,3.982951954153112e-05,16
main_00005,20263005,IJSH_a0,power:p5uhs28_1247,0.005583132464083471,5.45195327712117e-05,4.683427680168255e-05,16
main_00005,20263005,IJSH_a0,power:p5uhs5_1247,0.008863104871848514,0.0002484695955503968,6.0817381020030174e-05,16
main_00005,20263005,IJSH_a0,power:p5uhs7_1247,0.0052551434243181885,7.12776621217514e-05,5.0978186976617476e-05,16
main_00005,20263005,IJSH_a0,road:1434-1438,0.14735177327467697,0.0004573930288759259,2.137608279332522e-05,16
main_00005,20263005,IJSH_a0,road:1451-1459,6.171663463803989e-06,3.698022994832789e-06,1.3687834456774746e-05,16
main_00005,20263005,IJSH_a0,road:2170-2173,-3.598624900354175e-06,5.907278118743315e-06,1.638089697614528e-05,16
main_00005,20263005,IJSH_a0,road:3012-3014,2.5741550160357507e-05,5.235272247544299e-06,2.273452730117686e-05,16
main_00005,20263005,IJSH_a0,road:3020-3135,7.268451009750238e-05,8.661093741086217e-06,3.2751895189403133e-05,16
main_00005,20263005,IJSH_a0,road:3067-3068,0.0003051638883873539,3.640968410486491e-05,4.790346200308514e-05,16
main_00005,20263005,IJSH_a0,road:5699-5712,-6.89686935866074e-06,5.2714520114282445e-06,1.588948038511616e-05,16
main_00005,20263005,IJSH_a0,road:6578-6579,6.7506834624114775e-06,5.476226484662635e-06,9.830580443384876e-06,16
main_00005,20263005,IJSH_a0,road:7277-7278,3.357982942195359e-07,6.13641141706888e-06,1.3090004437143754e-05,16
main_00005,20263005,IJSH_a0.5,power:p1rhs1_1247,0.0035334467883588786,7.09942258553571e-05,0.0,16
main_00005,20263005,IJSH_a0.5,power:p1rhs4_1247,0.0036554315561441084,7.099422585535233e-05,0.0,16
main_00005,20263005,IJSH_a0.5,power:p1uhs4_1247,0.0,0.0,0.0,16
main_00005,20263005,IJSH_a0.5,power:p1uhs5_1247,0.0,0.0,0.0,16
main_00005,20263005,IJSH_a0.5,power:p1uhs9_1247,0.0047639562810112375,4.561482091790313e-05,3.9042122238791494e-05,16
main_00005,20263005,IJSH_a0.5,power:p2uhs11_1247,0.0,0.0,0.0,16
main_00005,20263005,IJSH_a0.5,power:p2uhs13_1247,0.0,0.0,0.0,16
main_00005,20263005,IJSH_a0.5,power:p2uhs7_1247,0.0,0.0,0.0,16
main_00005,20263005,IJSH_a0.5,power:p4uhs12_1247,0.0012305062838663717,4.2813307485620706e-10,0.0,16
main_00005,20263005,IJSH_a0.5,power:p4uhs1_1247,0.0,0.0,0.0,16
main_00005,20263005,IJSH_a0.5,power:p4uhs9_1247,0.0033017404498135957,0.00010360491651721146,3.982951954153112e-05,16
main_00005,20263005,IJSH_a0.5,power:p5uhs28_1247,0.004669446045543609,5.45195327712117e-05,4.683427680168255e-05,16
main_00005,20263005,IJSH_a0.5,power:p5uhs5_1247,0.008891027079448015,0.0002484695955503968,6.0817381020030174e-05,16
main_00005,20263005,IJSH_a0.5,power:p5uhs7_1247,0.0035989411127599555,7.12776621217514e-05,5.0978186976617476e-05,16
main_00005,20263005,IJSH_a0.5,road:1434-1438,0.09823380763964235,0.0004573930288759259,2.137608279332522e-05,16
main_00005,20263005,IJSH_a0.5,road:1451-1459,1.35547925006127e-05,3.698022994832789e-06,1.3687834456774746e-05,16
main_00005,20263005,IJSH_a0.5,road:2170-2173,-4.898154722053165e-06,5.907278118743315e-06,1.638089697614528e-05,16
main_00005,20263005,IJSH_a0.5,road:3012-3014,5.097409813854583e-05,5.235272247544299e-06,2.273452730117686e-05,16
main_00005,20263005,IJSH_a0.5,road:3020-3135,0.0002978446692065452,8.661093741086217e-06,3.2751895189403133e-05,16
main_00005,20263005,IJSH_a0.5,road:3067-3068,8.183322323672877e-05,3.640968410486491e-05,4.790346200308514e-05,16
main_00005,20263005,IJSH_a0.5,road:5699-5712,-1.3686073656292893e-05,5.2714520114282445e-06,1.588948038511616e-05,16
main_00005,20263005,IJSH_a0.5,road:6578-6579,8.641399026775945e-06,5.476226484662635e-06,9.830580443384876e-06,16
main_00005,20263005,IJSH_a0.5,road:7277-7278,6.085547141767659e-06,6.13641141706888e-06,1.3090004437143754e-05,16
main_00005,20263005,IJSH_a2,power:p1rhs1_1247,0.0017667233941794393,7.09942258553571e-05,0.0,16
main_00005,20263005,IJSH_a2,power:p1rhs4_1247,0.0018277157780720542,7.099422585535233e-05,0.0,16
main_00005,20263005,IJSH_a2,power:p1uhs4_1247,0.0,0.0,0.0,16
main_00005,20263005,IJSH_a2,power:p1uhs5_1247,0.0,0.0,0.0,16
main_00005,20263005,IJSH_a2,power:p1uhs9_1247,0.0024724563804928066,4.561482091790313e-05,3.9042122238791494e-05,16
main_00005,20263005,IJSH_a2,power:p2uhs11_1247,0.0,0.0,0.0,16
main_00005,20263005,IJSH_a2,power:p2uhs13_1247,0.0,0.0,0.0,16
main_00005,20263005,IJSH_a2,power:p2uhs7_1247,0.0,0.0,0.0,16
main_00005,20263005,IJSH_a2,power:p4uhs12_1247,0.0006152531419331859,4.2813307485620706e-10,0.0,16
main_00005,20263005,IJSH_a2,power:p4uhs1_1247,0.0,0.0,0.0,16
main_00005,20263005,IJSH_a2,power:p4uhs9_1247,0.001951067004731644,0.00010360491651721146,3.982951954153112e-05,16
main_00005,20263005,IJSH_a2,power:p5uhs28_1247,0.003755759627003747,5.45195327712117e-05,4.683427680168255e-05,16
main_00005,20263005,IJSH_a2,power:p5uhs5_1247,0.008918949287047518,0.0002484695955503968,6.0817381020030174e-05,16
main_00005,20263005,IJSH_a2,power:p5uhs7_1247,0.0019427388012017224,7.12776621217514e-05,5.0978186976617476e-05,16
main_00005,20263005,IJSH_a2,road:1434-1438,0.0491158420046077,0.0004573930288759259,2.137608279332522e-05,16
main_00005,20263005,IJSH_a2,road:1451-1459,2.093792153742141e-05,3.698022994832789e-06,1.3687834456774746e-05,16
main_00005,20263005,IJSH_a2,road:2170-2173,-6.197684543752154e-06,5.907278118743315e-06,1.638089697614528e-05,16
main_00005,20263005,IJSH_a2,road:3012-3014,7.620664611673415e-05,5.235272247544299e-06,2.273452730117686e-05,16
main_00005,20263005,IJSH_a2,road:3020-3135,0.000523004828315588,8.661093741086217e-06,3.2751895189403133e-05,16
main_00005,20263005,IJSH_a2,road:3067-3068,-0.00014149744191389638,3.640968410486491e-05,4.790346200308514e-05,16
main_00005,20263005,IJSH_a2,road:5699-5712,-2.0475277953925047e-05,5.2714520114282445e-06,1.588948038511616e-05,16
main_00005,20263005,IJSH_a2,road:6578-6579,1.0532114591140415e-05,5.476226484662635e-06,9.830580443384876e-06,16
main_00005,20263005,IJSH_a2,road:7277-7278,1.1835295989315783e-05,6.13641141706888e-06,1.3090004437143754e-05,16
main_00005,20263005,JSH,power:p1rhs1_1247,0.005300170182538318,7.09942258553571e-05,0.0,16
main_00005,20263005,JSH,power:p1rhs4_1247,0.005483147334216162,7.099422585535233e-05,0.0,16
main_00005,20263005,JSH,power:p1uhs4_1247,0.0,0.0,0.0,16
main_00005,20263005,JSH,power:p1uhs5_1247,0.0,0.0,0.0,16
main_00005,20263005,JSH,power:p1uhs9_1247,0.007055456181529668,4.561482091790313e-05,3.9042122238791494e-05,16
main_00005,20263005,JSH,power:p2uhs11_1247,0.0,0.0,0.0,16
main_00005,20263005,JSH,power:p2uhs13_1247,0.0,0.0,0.0,16
main_00005,20263005,JSH,power:p2uhs7_1247,0.0,0.0,0.0,16
main_00005,20263005,JSH,power:p4uhs12_1247,0.0018457594257995577,4.2813307485620706e-10,0.0,16
main_00005,20263005,JSH,power:p4uhs1_1247,0.0,0.0,0.0,16
main_00005,20263005,JSH,power:p4uhs9_1247,0.004652413894895548,0.00010360491651721146,3.982951954153112e-05,16
main_00005,20263005,JSH,power:p5uhs28_1247,0.005583132464083471,5.45195327712117e-05,4.683427680168255e-05,16
main_00005,20263005,JSH,power:p5uhs5_1247,0.008863104871848514,0.0002484695955503968,6.0817381020030174e-05,16
main_00005,20263005,JSH,power:p5uhs7_1247,0.0052551434243181885,7.12776621217514e-05,5.0978186976617476e-05,16
main_00005,20263005,JSH,road:1434-1438,0.14735177327467697,0.0004573930288759259,2.137608279332522e-05,16
main_00005,20263005,JSH,road:1451-1459,6.171663463803989e-06,3.698022994832789e-06,1.3687834456774746e-05,16
main_00005,20263005,JSH,road:2170-2173,-3.598624900354175e-06,5.907278118743315e-06,1.638089697614528e-05,16
main_00005,20263005,JSH,road:3012-3014,2.5741550160357507e-05,5.235272247544299e-06,2.273452730117686e-05,16
main_00005,20263005,JSH,road:3020-3135,7.268451009750238e-05,8.661093741086217e-06,3.2751895189403133e-05,16
main_00005,20263005,JSH,road:3067-3068,0.0003051638883873539,3.640968410486491e-05,4.790346200308514e-05,16
main_00005,20263005,JSH,road:5699-5712,-6.89686935866074e-06,5.2714520114282445e-06,1.588948038511616e-05,16
main_00005,20263005,JSH,road:6578-6579,6.7506834624114775e-06,5.476226484662635e-06,9.830580443384876e-06,16
main_00005,20263005,JSH,road:7277-7278,3.357982942195359e-07,6.13641141706888e-06,1.3090004437143754e-05,16
main_00006,20263006,CEN,power:p1rhs1_1247,0.002912020203486734,0.0004732948401384577,0.0,16
main_00006,20263006,CEN,power:p1uhs20_1247,0.011915356234031407,0.003932460556810819,0.0,16
main_00006,20263006,CEN,power:p2uhs0_1247,0.006827973413858034,0.0005812070927379931,0.0,16
main_00006,20263006,CEN,power:p2uhs12_1247,0.0032616151455300813,0.0002502554316867163,0.0,16
main_00006,20263006,CEN,power:p3uhs11_1247,0.005949298505642965,0.00021094037849565602,2.6616269913232655e-05,16
main_00006,20263006,CEN,power:p4uhs14_1247,0.003839783235693139,0.00014730888238033643,0.0,16
main_00006,20263006,CEN,power:p4uhs2_1247,0.006237702574234303,1.0732962350934846e-10,0.0,16
main_00006,20263006,CEN,power:p4uhs7_1247,0.004716474820851953,0.0,0.0,16
main_00006,20263006,CEN,power:p5uhs0_1247,0.009081287482380644,0.0003108019549230012,7.856192925084088e-05,16
main_00006,20263006,CEN,power:p5uhs23_1247,0.008517967034912376,0.0002882239491929888,3.963073063085274e-05,16
main_00006,20263006,CEN,power:p5uhs3_1247,0.025557097745222482,0.0028877460430067493,9.000163387316652e-05,16
main_00006,20263006,CEN,power:p5uhs5_1247,0.01566793032490203,0.0,0.0,16
main_00006,20263006,CEN,power:p5uhs9_1247,0.010421368577560033,0.0002697663000705596,6.400828339132842e-05,16
main_00006,20263006,CEN,road:1784-1785,0.0005333699377560667,4.672011446627702e-06,2.725128883238805e-05,16
main_00006,20263006,CEN,road:4656-6648,0.005025003447053261,5.7119608907820815e-06,3.260303031585938e-05,16
main_00006,20263006,CEN,road:5054-5081,0.05007675848959974,7.046576478232366e-06,1.565020181745691e-05,16
main_00006,20263006,CEN,road:5484-7222,0.001982671170816262,4.983703635608484e-06,2.5264229738651142e-05,16
main_00006,20263006,CEN,road:5827-5837,0.0012670998463599117,7.558249506998778e-06,1.3673548701682663e-05,16
main_00006,20263006,CEN,road:6436-6972,0.00026529999212102106,6.47464311728193e-06,2.395490142102429e-05,16
main_00006,20263006,IJSH,power:p1rhs1_1247,0.002424914462340746,0.0004732948401384577,0.0,16
main_00006,20263006,IJSH,power:p1uhs20_1247,-0.010378530542781275,0.003932460556810819,0.0,16
main_00006,20263006,IJSH,power:p2uhs0_1247,0.0019494278525507662,0.0005812070927379931,0.0,16
main_00006,20263006,IJSH,power:p2uhs12_1247,0.001008811896585013,0.0002502554316867163,0.0,16
main_00006,20263006,IJSH,power:p3uhs11_1247,0.0030099465933733846,0.00021094037849565602,2.6616269913232655e-05,16
main_00006,20263006,IJSH,power:p4uhs14_1247,0.0005938210891819097,0.00014730888238033643,0.0,16
main_00006,20263006,IJSH,power:p4uhs2_1247,0.001187271530867149,1.0732962350934846e-10,0.0,16
main_00006,20263006,IJSH,power:p4uhs7_1247,0.0,0.0,0.0,16
main_00006,20263006,IJSH,power:p5uhs0_1247,0.0013370804944261884,0.0003108019549230012,7.856192925084088e-05,16
main_00006,20263006,IJSH,power:p5uhs23_1247,0.002714064265107362,0.0002882239491929888,3.963073063085274e-05,16
main_00006,20263006,IJSH,power:p5uhs3_1247,0.024954755121226885,0.0028877460430067493,9.000163387316652e-05,16
main_00006,20263006,IJSH,power:p5uhs5_1247,0.0,0.0,0.0,16
main_00006,20263006,IJSH,power:p5uhs9_1247,0.006175401585399989,0.0002697663000705596,6.400828339132842e-05,16
main_00006,20263006,IJSH,road:1784-1785,0.0002590940738004949,4.672011446627702e-06,2.725128883238805e-05,16
main_00006,20263006,IJSH,road:4656-6648,2.6206070516669733e-05,5.7119608907820815e-06,3.260303031585938e-05,16
main_00006,20263006,IJSH,road:5054-5081,3.305152774956549e-05,7.046576478232366e-06,1.565020181745691e-05,16
main_00006,20263006,IJSH,road:5484-7222,1.1277970135552262e-05,4.983703635608484e-06,2.5264229738651142e-05,16
main_00006,20263006,IJSH,road:5827-5837,-3.426007204099246e-06,7.558249506998778e-06,1.3673548701682663e-05,16
main_00006,20263006,IJSH,road:6436-6972,5.761332768933897e-06,6.47464311728193e-06,2.395490142102429e-05,16
main_00006,20263006,IJSH_a0,power:p1rhs1_1247,0.004849828924681492,0.0004732948401384577,0.0,16
main_00006,20263006,IJSH_a0,power:p1uhs20_1247,-0.02075706108556255,0.003932460556810819,0.0,16
main_00006,20263006,IJSH_a0,power:p2uhs0_1247,0.0038988557051015324,0.0005812070927379931,0.0,16
main_00006,20263006,IJSH_a0,power:p2uhs12_1247,0.002017623793170026,0.0002502554316867163,0.0,16
main_00006,20263006,IJSH_a0,power:p3uhs11_1247,0.003728119672681135,0.00021094037849565602,2.6616269913232655e-05,16
main_00006,20263006,IJSH_a0,power:p4uhs14_1247,0.0011876421783638194,0.00014730888238033643,0.0,16
main_00006,20263006,IJSH_a0,power:p4uhs2_1247,0.002374543061734298,1.0732962350934846e-10,0.0,16
main_00006,20263006,IJSH_a0,power:p4uhs7_1247,0.0,0.0,0.0,16
main_00006,20263006,IJSH_a0,power:p5uhs0_1247,0.0026339099993374915,0.0003108019549230012,7.856192925084088e-05,16
main_00006,20263006,IJSH_a0,power:p5uhs23_1247,0.003427886702292042,0.0002882239491929888,3.963073063085274e-05,16
main_00006,20263006,IJSH_a0,power:p5uhs3_1247,0.049123534304384764,0.0028877460430067493,9.000163387316652e-05,16
main_00006,20263006,IJSH_a0,power:p5uhs5_1247,0.0,0.0,0.0,16
main_00006,20263006,IJSH_a0,power:p5uhs9_1247,0.0038992977463941647,0.0002697663000705596,6.400828339132842e-05,16
main_00006,20263006,IJSH_a0,road:1784-1785,0.0003747820185748818,4.672011446627702e-06,2.725128883238805e-05,16
main_00006,20263006,IJSH_a0,road:4656-6648,6.724605206721163e-05,5.7119608907820815e-06,3.260303031585938e-05,16
main_00006,20263006,IJSH_a0,road:5054-5081,2.7704169978264026e-05,7.046576478232366e-06,1.565020181745691e-05,16
main_00006,20263006,IJSH_a0,road:5484-7222,7.074822352258481e-06,4.983703635608484e-06,2.5264229738651142e-05,16
main_00006,20263006,IJSH_a0,road:5827-5837,7.993552740920284e-06,7.558249506998778e-06,1.3673548701682663e-05,16
main_00006,20263006,IJSH_a0,road:6436-6972,-9.614517523931498e-07,6.47464311728193e-06,2.395490142102429e-05,16
main_00006,20263006,IJSH_a0.5,power:p1rhs1_1247,0.0032332192831209944,0.0004732948401384577,0.0,16
main_00006,20263006,IJSH_a0.5,power:p1uhs20_1247,-0.013838040723708367,0.003932460556810819,0.0,16
main_00006,20263006,IJSH_a0.5,power:p2uhs0_1247,0.002599237136734355,0.0005812070927379931,0.0,16
main_00006,20263006,IJSH_a0.5,power:p2uhs12_1247,0.0013450825287800172,0.0002502554316867163,0.0,16
main_00006,20263006,IJSH_a0.5,power:p3uhs11_1247,0.0032493376198093013,0.00021094037849565602,2.6616269913232655e-05,16
main_00006,20263006,IJSH_a0.5,power:p4uhs14_1247,0.0007917614522425462,0.00014730888238033643,0.0,16
main_00006,20263006,IJSH_a0.5,power:p4uhs2_1247,0.0015830287078228654,1.0732962350934846e-10,0.0,16
main_00006,20263006,IJSH_a0.5,power:p4uhs7_1247,0.0,0.0,0.0,16
main_00006,20263006,IJSH_a0.5,power:p5uhs0_1247,0.0017693569960632895,0.0003108019549230012,7.856192925084088e-05,16
main_00006,20263006,IJSH_a0.5,power:p5uhs23_1247,0.002952005077502255,0.0002882239491929888,3.963073063085274e-05,16
main_00006,20263006,IJSH_a0.5,power:p5uhs3_1247,0.033011014848946175,0.0028877460430067493,9.000163387316652e-05,16
main_00006,20263006,IJSH_a0.5,power:p5uhs5_1247,0.0,0.0,0.0,16
main_00006,20263006,IJSH_a0.5,power:p5uhs9_1247,0.005416700305731381,0.0002697663000705596,6.400828339132842e-05,16
main_00006,20263006,IJSH_a0.5,road:1784-1785,0.00029765672205862387,4.672011446627702e-06,2.725128883238805e-05,16
main_00006,20263006,IJSH_a0.5,road:4656-6648,3.988606436685036e-05,5.7119608907820815e-06,3.260303031585938e-05,16
main_00006,20263006,IJSH_a0.5,road:5054-5081,3.1269075159131667e-05,7.046576478232366e-06,1.565020181745691e-05,16
main_00006,20263006,IJSH_a0.5,road:5484-7222,9.876920874454334e-06,4.983703635608484e-06,2.5264229738651142e-05,16
main_00006,20263006,IJSH_a0.5,road:5827-5837,3.805127775739307e-07,7.558249506998778e-06,1.3673548701682663e-05,16
main_00006,20263006,IJSH_a0.5,road:6436-6972,3.5204045951582144e-06,6.47464311728193e-06,2.395490142102429e-05,16
main_00006,20263006,IJSH_a2,power:p1rhs1_1247,0.0016166096415604972,0.0004732948401384577,0.0,16
main_00006,20263006,IJSH_a2,power:p1uhs20_1247,-0.0069190203618541835,0.003932460556810819,0.0,16
main_00006,20263006,IJSH_a2,power:p2uhs0_1247,0.0012996185683671775,0.0005812070927379931,0.0,16
main_00006,20263006,IJSH_a2,power:p2uhs12_1247,0.0006725412643900086,0.0002502554316867163,0.0,16
main_00006,20263006,IJSH_a2,power:p3uhs11_1247,0.002770555566937468,0.00021094037849565602,2.6616269913232655e-05,16
main_00006,20263006,IJSH_a2,power:p4uhs14_1247,0.0003958807261212731,0.00014730888238033643,0.0,16
main_00006,20263006,IJSH_a2,power:p4uhs2_1247,0.0007915143539114327,1.0732962350934846e-10,0.0,16
main_00006,20263006,IJSH_a2,power:p4uhs7_1247,0.0,0.0,0.0,16
main_00006,20263006,IJSH_a2,power:p5uhs0_1247,0.0009048039927890874,0.0003108019549230012,7.856192925084088e-05,16
main_00006,20263006,IJSH_a2,power:p5uhs23_1247,0.0024761234527124684,0.0002882239491929888,3.963073063085274e-05,16
main_00006,20263006,IJSH_a2,power:p5uhs3_1247,0.01689849539350759,0.0028877460430067493,9.000163387316652e-05,16
main_00006,20263006,IJSH_a2,power:p5uhs5_1247,0.0,0.0,0.0,16
main_00006,20263006,IJSH_a2,power:p5uhs9_1247,0.006934102865068598,0.0002697663000705596,6.400828339132842e-05,16
main_00006,20263006,IJSH_a2,road:1784-1785,0.0002205314255423659,4.672011446627702e-06,2.725128883238805e-05,16
main_00006,20263006,IJSH_a2,road:4656-6648,1.2526076666489102e-05,5.7119608907820815e-06,3.260303031585938e-05,16
main_00006,20263006,IJSH_a2,road:5054-5081,3.4833980339999314e-05,7.046576478232366e-06,1.565020181745691e-05,16
main_00006,20263006,IJSH_a2,road:5484-7222,1.267901939665019e-05,4.983703635608484e-06,2.5264229738651142e-05,16
main_00006,20263006,IJSH_a2,road:5827-5837,-7.232527185772423e-06,7.558249506998778e-06,1.3673548701682663e-05,16
main_00006,20263006,IJSH_a2,road:6436-6972,8.00226094270958e-06,6.47464311728193e-06,2.395490142102429e-05,16
main_00006,20263006,JSH,power:p1rhs1_1247,0.004849828924681492,0.0004732948401384577,0.0,16
main_00006,20263006,JSH,power:p1uhs20_1247,-0.02075706108556255,0.003932460556810819,0.0,16
main_00006,20263006,JSH,power:p2uhs0_1247,0.0038988557051015324,0.0005812070927379931,0.0,16
main_00006,20263006,JSH,power:p2uhs12_1247,0.002017623793170026,0.0002502554316867163,0.0,16
main_00006,20263006,JSH,power:p3uhs11_1247,0.003728119672681135,0.00021094037849565602,2.6616269913232655e-05,16
main_00006,20263006,JSH,power:p4uhs14_1247,0.0011876421783638194,0.00014730888238033643,0.0,16
main_00006,20263006,JSH,power:p4uhs2_1247,0.002374543061734298,1.0732962350934846e-10,0.0,16
main_00006,20263006,JSH,power:p4uhs7_1247,0.0,0.0,0.0,16
main_00006,20263006,JSH,power:p5uhs0_1247,0.0026339099993374915,0.0003108019549230012,7.856192925084088e-05,16
main_00006,20263006,JSH,power:p5uhs23_1247,0.003427886702292042,0.0002882239491929888,3.963073063085274e-05,16
main_00006,20263006,JSH,power:p5uhs3_1247,0.049123534304384764,0.0028877460430067493,9.000163387316652e-05,16
main_00006,20263006,JSH,power:p5uhs5_1247,0.0,0.0,0.0,16
main_00006,20263006,JSH,power:p5uhs9_1247,0.0038992977463941647,0.0002697663000705596,6.400828339132842e-05,16
main_00006,20263006,JSH,road:1784-1785,0.0003747820185748818,4.672011446627702e-06,2.725128883238805e-05,16
main_00006,20263006,JSH,road:4656-6648,6.724605206721163e-05,5.7119608907820815e-06,3.260303031585938e-05,16
main_00006,20263006,JSH,road:5054-5081,2.7704169978264026e-05,7.046576478232366e-06,1.565020181745691e-05,16
main_00006,20263006,JSH,road:5484-7222,7.074822352258481e-06,4.983703635608484e-06,2.5264229738651142e-05,16
main_00006,20263006,JSH,road:5827-5837,7.993552740920284e-06,7.558249506998778e-06,1.3673548701682663e-05,16
main_00006,20263006,JSH,road:6436-6972,-9.614517523931498e-07,6.47464311728193e-06,2.395490142102429e-05,16
main_00007,20263007,CEN,power:p1rhs7_1247,0.002958359460576232,2.1254432601278573e-11,0.0,16
main_00007,20263007,CEN,power:p1uhs8_1247,0.010655467597329497,0.0,0.0,16
main_00007,20263007,CEN,power:p2uhs2_1247,0.008688143225364793,0.0,0.0,16
main_00007,20263007,CEN,power:p2uhs6_1247,0.006420764782445164,0.0,0.0,16
main_00007,20263007,CEN,power:p3uhs20_1247,0.009393298541255026,0.00038914509311620824,0.0,16
main_00007,20263007,CEN,power:p3uhs2_1247,0.017083405822061193,0.00039078703985594875,4.295670809910526e-05,16
main_00007,20263007,CEN,power:p3uhs9_1247,0.0023329341178297642,0.0,0.0,16
main_00007,20263007,CEN,power:p4uhs11_1247,0.0015074209669032129,2.6568040751598216e-12,0.0,16
main_00007,20263007,CEN,power:p4uhs5_1247,0.007101208921275035,0.0,0.0,16
main_00007,20263007,CEN,power:p4uhs7_1247,0.004716474820851953,0.0,0.0,16
main_00007,20263007,CEN,power:p5uhs26_1247,0.009197004805076653,7.711718250667278e-06,0.00012858777657406923,16
main_00007,20263007,CEN,power:p5uhs3_1247,0.025557097745222482,1.3716556199226293e-05,0.00016944371316983132,16
main_00007,20263007,CEN,road:1299-1357,0.0022021130436495426,5.923440855938517e-06,4.4937586599929445e-05,16
main_00007,20263007,CEN,road:1329-1334,0.0032183782106838953,7.337581462527439e-06,2.7846049328473276e-05,16
main_00007,20263007,CEN,road:1370-1371,0.0001575795776867318,6.006908093876641e-06,1.8687955357041208e-05,16
main_00007,20263007,CEN,road:1457-1458,0.00931473812243933,7.502226933174478e-06,2.2937945377287403e-05,16
main_00007,20263007,CEN,road:2125-2128,0.007646918334383863,6.1908636993146795e-06,2.7452054067460708e-05,16
main_00007,20263007,CEN,road:2245-2249,0.00044196147179325555,4.292951685570581e-06,4.382463829663543e-05,16
main_00007,20263007,CEN,road:2929-2939,9.23317838008194e-07,4.13070429165512e-06,2.9486044252842624e-05,16
main_00007,20263007,CEN,road:3010-3116,0.0020953159470532617,6.9592159187042915e-06,0.00015102839486161348,16
main_00007,20263007,CEN,road:3015-3216,0.006738065809171131,6.952013972728928e-06,8.438416401323677e-05,16
main_00007,20263007,CEN,road:3511-4016,0.0024181694177434604,4.608096673227772e-06,3.316460164727267e-05,16
main_00007,20263007,CEN,road:3938-3939,0.002679776138512449,7.881145078401859e-06,3.414881290110757e-05,16
main_00007,20263007,CEN,road:3972-4141,0.0006669432516545855,3.3069074460643895e-06,3.0871272721006344e-05,16
main_00007,20263007,CEN,road:4080-6262,0.057700593878033404,5.896827380242422e-06,4.019379056935245e-05,16
main_00007,20263007,IJSH,power:p1rhs7_1247,0.002815423306816986,2.1254432601278573e-11,0.0,16
main_00007,20263007,IJSH,power:p1uhs8_1247,0.002028128322484682,0.0,0.0,16
main_00007,20263007,IJSH,power:p2uhs2_1247,0.0,0.0,0.0,16
main_00007,20263007,IJSH,power:p2uhs6_1247,0.0068491709672689055,0.0,0.0,16
main_00007,20263007,IJSH,power:p3uhs20_1247,0.021666591823422933,0.00038914509311620824,0.0,16
main_00007,20263007,IJSH,power:p3uhs2_1247,0.005941071419010829,0.00039078703985594875,4.295670809910526e-05,16
main_00007,20263007,IJSH,power:p3uhs9_1247,0.0,0.0,0.0,16
main_00007,20263007,IJSH,power:p4uhs11_1247,0.00028691859276922665,2.6568040751598216e-12,0.0,16
main_00007,20263007,IJSH,power:p4uhs5_1247,0.0013516290176633534,0.0,0.0,16
main_00007,20263007,IJSH,power:p4uhs7_1247,0.0,0.0,0.0,16
main_00007,20263007,IJSH,power:p5uhs26_1247,0.008271016010756315,7.711718250667278e-06,0.00012858777657406923,16
main_00007,20263007,IJSH,power:p5uhs3_1247,0.016257097845313404,1.3716556199226293e-05,0.00016944371316983132,16
main_00007,20263007,IJSH,road:1299-1357,-8.70728163075013e-06,5.923440855938517e-06,4.4937586599929445e-05,16
main_00007,20263007,IJSH,road:1329-1334,0.0004151620577628086,7.337581462527439e-06,2.7846049328473276e-05,16
main_00007,20263007,IJSH,road:1370-1371,5.325238534508586e-06,6.006908093876641e-06,1.8687955357041208e-05,16
main_00007,20263007,IJSH,road:1457-1458,0.001543894383613107,7.502226933174478e-06,2.2937945377287403e-05,16
main_00007,20263007,IJSH,road:2125-2128,0.00016271258557964963,6.1908636993146795e-06,2.7452054067460708e-05,16
main_00007,20263007,IJSH,road:2245-2249,1.3639138487720609e-05,4.292951685570581e-06,4.382463829663543e-05,16
main_00007,20263007,IJSH,road:2929-2939,2.623865541803022e-05,4.13070429165512e-06,2.9486044252842624e-05,16
main_00007,20263007,IJSH,road:3010-3116,0.0004210327171726286,6.9592159187042915e-06,0.00015102839486161348,16
main_00007,20263007,IJSH,road:3015-3216,2.1666024683460183e-05,6.952013972728928e-06,8.438416401323677e-05,16
main_00007,20263007,IJSH,road:3511-4016,0.0002798910556884096,4.608096673227772e-06,3.316460164727267e-05,16
main_00007,20263007,IJSH,road:3938-3939,1.6548320683807544e-05,7.881145078401859e-06,3.414881290110757e-05,16
main_00007,20263007,IJSH,road:3972-4141,3.919440117163345e-05,3.3069074460643895e-06,3.0871272721006344e-05,16
main_00007,20263007,IJSH,road:4080-6262,0.0008492283484119179,5.896827380242422e-06,4.019379056935245e-05,16
main_00007,20263007,IJSH_a0,power:p1rhs7_1247,0.005630846613633972,2.1254432601278573e-11,0.0,16
main_00007,20263007,IJSH_a0,power:p1uhs8_1247,0.004056256644969364,0.0,0.0,16
main_00007,20263007,IJSH_a0,power:p2uhs2_1247,0.0,0.0,0.0,16
main_00007,20263007,IJSH_a0,power:p2uhs6_1247,0.013698341934537811,0.0,0.0,16
main_00007,20263007,IJSH_a0,power:p3uhs20_1247,0.043333183646845866,0.00038914509311620824,0.0,16
main_00007,20263007,IJSH_a0,power:p3uhs2_1247,0.009049154151201652,0.00039078703985594875,4.295670809910526e-05,16
main_00007,20263007,IJSH_a0,power:p3uhs9_1247,0.0,0.0,0.0,16
main_00007,20263007,IJSH_a0,power:p4uhs11_1247,0.0005738371855384533,2.6568040751598216e-12,0.0,16
main_00007,20263007,IJSH_a0,power:p4uhs5_1247,0.002703258035326707,0.0,0.0,16
main_00007,20263007,IJSH_a0,power:p4uhs7_1247,0.0,0.0,0.0,16
main_00007,20263007,IJSH_a0,power:p5uhs26_1247,0.005456813800646582,7.711718250667278e-06,0.00012858777657406923,16
main_00007,20263007,IJSH_a0,power:p5uhs3_1247,0.012502244449244033,1.3716556199226293e-05,0.00016944371316983132,16
main_00007,20263007,IJSH_a0,road:1299-1357,-5.324032289845404e-06,5.923440855938517e-06,4.4937586599929445e-05,16
main_00007,20263007,IJSH_a0,road:1329-1334,0.0007611509639859279,7.337581462527439e-06,2.7846049328473276e-05,16
main_00007,20263007,IJSH_a0,road:1370-1371,-1.5245144801140365e-06,6.006908093876641e-06,1.8687955357041208e-05,16
main_00007,20263007,IJSH_a0,road:1457-1458,0.0030564711305954145,7.502226933174478e-06,2.2937945377287403e-05,16
main_00007,20263007,IJSH_a0,road:2125-2128,0.00028595747891444617,6.1908636993146795e-06,2.7452054067460708e-05,16
main_00007,20263007,IJSH_a0,road:2245-2249,4.802859490671274e-05,4.292951685570581e-06,4.382463829663543e-05,16
main_00007,20263007,IJSH_a0,road:2929-2939,-1.1380329171875592e-06,4.13070429165512e-06,2.9486044252842624e-05,16
main_00007,20263007,IJSH_a0,road:3010-3116,0.00015542706667411033,6.9592159187042915e-06,0.00015102839486161348,16
main_00007,20263007,IJSH_a0,road:3015-3216,4.998971681812597e-05,6.952013972728928e-06,8.438416401323677e-05,16
main_00007,20263007,IJSH_a0,road:3511-4016,0.00029070845454970407,4.608096673227772e-06,3.316460164727267e-05,16
main_00007,20263007,IJSH_a0,road:3938-3939,5.017849689661208e-05,7.881145078401859e-06,3.414881290110757e-05,16
main_00007,20263007,IJSH_a0,road:3972-4141,2.096781052437352e-05,3.3069074460643895e-06,3.0871272721006344e-05,16
main_00007,20263007,IJSH_a0,road:4080-6262,0.0002578699592366493,5.896827380242422e-06,4.019379056935245e-05,16
main_00007,20263007,IJSH_a0.5,power:p1rhs7_1247,0.003753897742422648,2.1254432601278573e-11,0.0,16
main_00007,20263007,IJSH_a0.5,power:p1uhs8_1247,0.0027041710966462427,0.0,0.0,16
main_00007,20263007,IJSH_a0.5,power:p2uhs2_1247,0.0,0.0,0.0,16
main_00007,20263007,IJSH_a0.5,power:p2uhs6_1247,0.00913222795635854,0.0,0.0,16
main_00007,20263007,IJSH_a0.5,power:p3uhs20_1247,0.028888789097897244,0.00038914509311620824,0.0,16
main_00007,20263007,IJSH_a0.5,power:p3uhs2_1247,0.00697709899640777,0.00039078703985594875,4.295670809910526e-05,16
main_00007,20263007,IJSH_a0.5,power:p3uhs9_1247,0.0,0.0,0.0,16
main_00007,20263007,IJSH_a0.5,power:p4uhs11_1247,0.0003825581236923022,2.6568040751598216e-12,0.0,16
main_00007,20263007,IJSH_a0.5,power:p4uhs5_1247,0.001802172023551138,0.0,0.0,16
main_00007,20263007,IJSH_a0.5,power:p4uhs7_1247,0.0,0.0,0.0,16
main_00007,20263007,IJSH_a0.5,power:p5uhs26_1247,0.007332948607386404,7.711718250667278e-06,0.00012858777657406923,16
main_00007,20263007,IJSH_a0.5,power:p5uhs3_1247,0.015005480046623615,1.3716556199226293e-05,0.00016944371316983132,16
main_00007,20263007,IJSH_a0.5,road:1299-1357,-7.579531850448555e-06,5.923440855938517e-06,4.4937586599929445e-05,16
main_00007,20263007,IJSH_a0.5,road:1329-1334,0.000530491693170515,7.337581462527439e-06,2.7846049328473276e-05,16
main_00007,20263007,IJSH_a0.5,road:1370-1371,3.041987529634379e-06,6.006908093876641e-06,1.8687955357041208e-05,16
main_00007,20263007,IJSH_a0.5,road:1457-1458,0.0020480866326072094,7.502226933174478e-06,2.2937945377287403e-05,16
main_00007,20263007,IJSH_a0.5,road:2125-2128,0.00020379421669124848,6.1908636993146795e-06,2.7452054067460708e-05,16
main_00007,20263007,IJSH_a0.5,road:2245-2249,2.5102290627384654e-05,4.292951685570581e-06,4.382463829663543e-05,16
main_00007,20263007,IJSH_a0.5,road:2929-2939,1.7113092639624294e-05,4.13070429165512e-06,2.9486044252842624e-05,16
main_00007,20263007,IJSH_a0.5,road:3010-3116,0.00033249750033978914,6.9592159187042915e-06,0.00015102839486161348,16
main_00007,20263007,IJSH_a0.5,road:3015-3216,3.1107255395015444e-05,6.952013972728928e-06,8.438416401323677e-05,16
main_00007,20263007,IJSH_a0.5,road:3511-4016,0.0002834968553088411,4.608096673227772e-06,3.316460164727267e-05,16
main_00007,20263007,IJSH_a0.5,road:3938-3939,2.7758379421409057e-05,7.881145078401859e-06,3.414881290110757e-05,16
main_00007,20263007,IJSH_a0.5,road:3972-4141,3.311887095588014e-05,3.3069074460643895e-06,3.0871272721006344e-05,16
main_00007,20263007,IJSH_a0.5,road:4080-6262,0.000652108885353495,5.896827380242422e-06,4.019379056935245e-05,16
main_00007,20263007,IJSH_a2,power:p1rhs7_1247,0.001876948871211324,2.1254432601278573e-11,0.0,16
main_00007,20263007,IJSH_a2,power:p1uhs8_1247,0.0013520855483231213,0.0,0.0,16
main_00007,20263007,IJSH_a2,power:p2uhs2_1247,0.0,0.0,0.0,16
main_00007,20263007,IJSH_a2,power:p2uhs6_1247,0.00456611397817927,0.0,0.0,16
main_00007,20263007,IJSH_a2,power:p3uhs20_1247,0.014444394548948622,0.00038914509311620824,0.0,16
main_00007,20263007,IJSH_a2,power:p3uhs2_1247,0.0049050438416138875,0.00039078703985594875,4.295670809910526e-05,16
main_00007,20263007,IJSH_a2,power:p3uhs9_1247,0.0,0.0,0.0,16
main_00007,20263007,IJSH_a2,power:p4uhs11_1247,0.0001912790618461511,2.6568040751598216e-12,0.0,16
main_00007,20263007,IJSH_a2,power:p4uhs5_1247,0.000901086011775569,0.0,0.0,16
main_00007,20263007,IJSH_a2,power:p4uhs7_1247,0.0,0.0,0.0,16
main_00007,20263007,IJSH_a2,power:p5uhs26_1247,0.009209083414126226,7.711718250667278e-06,0.00012858777657406923,16
main_00007,20263007,IJSH_a2,power:p5uhs3_1247,0.017508715644003196,1.3716556199226293e-05,0.00016944371316983132,16
main_00007,20263007,IJSH_a2,road:1299-1357,-9.835031411051706e-06,5.923440855938517e-06,4.4937586599929445e-05,16
main_00007,20263007,IJSH_a2,road:1329-1334,0.00029983242235510216,7.337581462527439e-06,2.7846049328473276e-05,16
main_00007,20263007,IJSH_a2,road:1370-1371,7.608489539382794e-06,6.006908093876641e-06,1.8687955357041208e-05,16
main_00007,20263007,IJSH_a2,road:1457-1458,0.0010397021346190045,7.502226933174478e-06,2.2937945377287403e-05,16
main_00007,20263007,IJSH_a2,road:2125-2128,0.00012163095446805078,6.1908636993146795e-06,2.7452054067460708e-05,16
main_00007,20263007,IJSH_a2,road:2245-2249,2.1759863480565653e-06,4.292951685570581e-06,4.382463829663543e-05,16
main_00007,20263007,IJSH_a2,road:2929-2939,3.536421819643615e-05,4.13070429165512e-06,2.9486044252842624e-05,16
main_00007,20263007,IJSH_a2,road:3010-3116,0.000509567934005468,6.9592159187042915e-06,0.00015102839486161348,16
main_00007,20263007,IJSH_a2,road:3015-3216,1.222479397190492e-05,6.952013972728928e-06,8.438416401323677e-05,16
main_00007,20263007,IJSH_a2,road:3511-4016,0.0002762852560679781,4.608096673227772e-06,3.316460164727267e-05,16
main_00007,20263007,IJSH_a2,road:3938-3939,5.3382619462060315e-06,7.881145078401859e-06,3.414881290110757e-05,16
main_00007,20263007,IJSH_a2,road:3972-4141,4.5269931387386754e-05,3.3069074460643895e-06,3.0871272721006344e-05,16
main_00007,20263007,IJSH_a2,road:4080-6262,0.0010463478114703408,5.896827380242422e-06,4.019379056935245e-05,16
main_00007,20263007,JSH,power:p1rhs7_1247,0.005630846613633972,2.1254432601278573e-11,0.0,16
main_00007,20263007,JSH,power:p1uhs8_1247,0.004056256644969364,0.0,0.0,16
main_00007,20263007,JSH,power:p2uhs2_1247,0.0,0.0,0.0,16
main_00007,20263007,JSH,power:p2uhs6_1247,0.013698341934537811,0.0,0.0,16
main_00007,20263007,JSH,power:p3uhs20_1247,0.043333183646845866,0.00038914509311620824,0.0,16
main_00007,20263007,JSH,power:p3uhs2_1247,0.009049154151201652,0.00039078703985594875,4.295670809910526e-05,16
main_00007,20263007,JSH,power:p3uhs9_1247,0.0,0.0,0.0,16
main_00007,20263007,JSH,power:p4uhs11_1247,0.0005738371855384533,2.6568040751598216e-12,0.0,16
main_00007,20263007,JSH,power:p4uhs5_1247,0.002703258035326707,0.0,0.0,16
main_00007,20263007,JSH,power:p4uhs7_1247,0.0,0.0,0.0,16
main_00007,20263007,JSH,power:p5uhs26_1247,0.005456813800646582,7.711718250667278e-06,0.00012858777657406923,16
main_00007,20263007,JSH,power:p5uhs3_1247,0.012502244449244033,1.3716556199226293e-05,0.00016944371316983132,16
main_00007,20263007,JSH,road:1299-1357,-5.324032289845404e-06,5.923440855938517e-06,4.4937586599929445e-05,16
main_00007,20263007,JSH,road:1329-1334,0.0007611509639859279,7.337581462527439e-06,2.7846049328473276e-05,16
main_00007,20263007,JSH,road:1370-1371,-1.5245144801140365e-06,6.006908093876641e-06,1.8687955357041208e-05,16
main_00007,20263007,JSH,road:1457-1458,0.0030564711305954145,7.502226933174478e-06,2.2937945377287403e-05,16
main_00007,20263007,JSH,road:2125-2128,0.00028595747891444617,6.1908636993146795e-06,2.7452054067460708e-05,16
main_00007,20263007,JSH,road:2245-2249,4.802859490671274e-05,4.292951685570581e-06,4.382463829663543e-05,16
main_00007,20263007,JSH,road:2929-2939,-1.1380329171875592e-06,4.13070429165512e-06,2.9486044252842624e-05,16
main_00007,20263007,JSH,road:3010-3116,0.00015542706667411033,6.9592159187042915e-06,0.00015102839486161348,16
main_00007,20263007,JSH,road:3015-3216,4.998971681812597e-05,6.952013972728928e-06,8.438416401323677e-05,16
main_00007,20263007,JSH,road:3511-4016,0.00029070845454970407,4.608096673227772e-06,3.316460164727267e-05,16
main_00007,20263007,JSH,road:3938-3939,5.017849689661208e-05,7.881145078401859e-06,3.414881290110757e-05,16
main_00007,20263007,JSH,road:3972-4141,2.096781052437352e-05,3.3069074460643895e-06,3.0871272721006344e-05,16
main_00007,20263007,JSH,road:4080-6262,0.0002578699592366493,5.896827380242422e-06,4.019379056935245e-05,16
main_00008,20263008,CEN,power:p1rhs0_1247,0.0016811986538768527,0.0,0.0,16
main_00008,20263008,CEN,power:p1uhs12_1247,0.013970324463939887,2.6031257322754125e-11,0.0,16
main_00008,20263008,CEN,power:p2uhs1_1247,0.005409727199964317,0.0,0.0,16
main_00008,20263008,CEN,power:p3uhs14_1247,0.01293760119736372,0.00031504639613972793,3.890161227835277e-05,16
main_00008,20263008,CEN,power:p3uhs25_1247,0.0042460762337753165,0.00031542211232456197,0.0,16
main_00008,20263008,CEN,power:p5uhs10_1247,0.00375362503937309,5.5387720385666166e-06,2.1434776626258415e-05,16
main_00008,20263008,CEN,power:p5uhs27_1247,0.007106061945192347,0.0,0.0,16
main_00008,20263008,CEN,power:p5uhs2_1247,0.008502888011534697,0.0,0.0,16
main_00008,20263008,CEN,road:1231-5079,0.00030100161519067126,4.94974989511596e-06,1.7555557914149298e-05,16
main_00008,20263008,CEN,road:2370-2377,0.0022987536440277337,6.083291614292068e-06,4.745419742052757e-05,16
main_00008,20263008,CEN,road:3524-3752,0.0004939750433343838,5.354883761647733e-06,1.357922340492958e-05,16
main_00008,20263008,CEN,road:5931-5932,0.012422010419949572,5.552204722303221e-06,2.6944013199999624e-05,16
main_00008,20263008,CEN,road:6047-6049,0.0017241421761739677,3.669918657904566e-06,2.9995576134219098e-05,16
main_00008,20263008,IJSH,power:p1rhs0_1247,0.0014487164969194735,0.0,0.0,16
main_00008,20263008,IJSH,power:p1uhs12_1247,0.0026590747028855943,2.6031257322754125e-11,0.0,16
main_00008,20263008,IJSH,power:p2uhs1_1247,0.002059346595971418,0.0,0.0,16
main_00008,20263008,IJSH,power:p3uhs14_1247,0.004625374290452004,0.00031504639613972793,3.890161227835277e-05,16
main_00008,20263008,IJSH,power:p3uhs25_1247,0.022091729965961482,0.00031542211232456197,0.0,16
main_00008,20263008,IJSH,power:p5uhs10_1247,0.0009642320130595697,5.5387720385666166e-06,2.1434776626258415e-05,16
main_00008,20263008,IJSH,power:p5uhs27_1247,0.0,0.0,0.0,16
main_00008,20263008,IJSH,power:p5uhs2_1247,0.0,0.0,0.0,16
main_00008,20263008,IJSH,road:1231-5079,1.568205766329378e-05,4.94974989511596e-06,1.7555557914149298e-05,16
main_00008,20263008,IJSH,road:2370-2377,6.161539841741809e-05,6.083291614292068e-06,4.745419742052757e-05,16
main_00008,20263008,IJSH,road:3524-3752,0.00020708730211394313,5.354883761647733e-06,1.357922340492958e-05,16
main_00008,20263008,IJSH,road:5931-5932,9.63386044022102e-06,5.552204722303221e-06,2.6944013199999624e-05,16
main_00008,20263008,IJSH,road:6047-6049,4.516801492326916e-06,3.669918657904566e-06,2.9995576134219098e-05,16
main_00008,20263008,IJSH_a0,power:p1rhs0_1247,0.002897432993838947,0.0,0.0,16
main_00008,20263008,IJSH_a0,power:p1uhs12_1247,0.005318149405771189,2.6031257322754125e-11,0.0,16
main_00008,20263008,IJSH_a0,power:p2uhs1_1247,0.004118693191942836,0.0,0.0,16
main_00008,20263008,IJSH_a0,power:p3uhs14_1247,0.007090110671785006,0.00031504639613972793,3.890161227835277e-05,16
main_00008,20263008,IJSH_a0,power:p3uhs25_1247,0.044183459931922964,0.00031542211232456197,0.0,16
main_00008,20263008,IJSH_a0,power:p5uhs10_1247,0.0016304047986274578,5.5387720385666166e-06,2.1434776626258415e-05,16
main_00008,20263008,IJSH_a0,power:p5uhs27_1247,0.0,0.0,0.0,16
main_00008,20263008,IJSH_a0,power:p5uhs2_1247,0.0,0.0,0.0,16
main_00008,20263008,IJSH_a0,road:1231-5079,5.378719141004018e-06,4.94974989511596e-06,1.7555557914149298e-05,16
main_00008,20263008,IJSH_a0,road:2370-2377,0.00020067003623457091,6.083291614292068e-06,4.745419742052757e-05,16
main_00008,20263008,IJSH_a0,road:3524-3752,1.2915311951897102e-05,5.354883761647733e-06,1.357922340492958e-05,16
main_00008,20263008,IJSH_a0,road:5931-5932,8.727850454137709e-06,5.552204722303221e-06,2.6944013199999624e-05,16
main_00008,20263008,IJSH_a0,road:6047-6049,-5.30891531785177e-06,3.669918657904566e-06,2.9995576134219098e-05,16
main_00008,20263008,IJSH_a0.5,power:p1rhs0_1247,0.0019316219958926313,0.0,0.0,16
main_00008,20263008,IJSH_a0.5,power:p1uhs12_1247,0.0035454329371807924,2.6031257322754125e-11,0.0,16
main_00008,20263008,IJSH_a0.5,power:p2uhs1_1247,0.0027457954612952243,0.0,0.0,16
main_00008,20263008,IJSH_a0.5,power:p3uhs14_1247,0.005446953084229672,0.00031504639613972793,3.890161227835277e-05,16
main_00008,20263008,IJSH_a0.5,power:p3uhs25_1247,0.02945563995461531,0.00031542211232456197,0.0,16
main_00008,20263008,IJSH_a0.5,power:p5uhs10_1247,0.0011862896082488656,5.5387720385666166e-06,2.1434776626258415e-05,16
main_00008,20263008,IJSH_a0.5,power:p5uhs27_1247,0.0,0.0,0.0,16
main_00008,20263008,IJSH_a0.5,power:p5uhs2_1247,0.0,0.0,0.0,16
main_00008,20263008,IJSH_a0.5,road:1231-5079,1.2247611489197193e-05,4.94974989511596e-06,1.7555557914149298e-05,16
main_00008,20263008,IJSH_a0.5,road:2370-2377,0.00010796694435646903,6.083291614292068e-06,4.745419742052757e-05,16
main_00008,20263008,IJSH_a0.5,road:3524-3752,0.00014236330539326111,5.354883761647733e-06,1.357922340492958e-05,16
main_00008,20263008,IJSH_a0.5,road:5931-5932,9.331857111526584e-06,5.552204722303221e-06,2.6944013199999624e-05,16
main_00008,20263008,IJSH_a0.5,road:6047-6049,1.2415625556006875e-06,3.669918657904566e-06,2.9995576134219098e-05,16
main_00008,20263008,IJSH_a2,power:p1rhs0_1247,0.0009658109979463156,0.0,0.0,16
main_00008,20263008,IJSH_a2,power:p1uhs12_1247,0.0017727164685903962,2.6031257322754125e-11,0.0,16
main_00008,20263008,IJSH_a2,power:p2uhs1_1247,0.0013728977306476122,0.0,0.0,16
main_00008,20263008,IJSH_a2,power:p3uhs14_1247,0.003803795496674337,0.00031504639613972793,3.890161227835277e-05,16
main_00008,20263008,IJSH_a2,power:p3uhs25_1247,0.014727819977307655,0.00031542211232456197,0.0,16
main_00008,20263008,IJSH_a2,power:p5uhs10_1247,0.0007421744178702736,5.5387720385666166e-06,2.1434776626258415e-05,16
main_00008,20263008,IJSH_a2,power:p5uhs27_1247,0.0,0.0,0.0,16
main_00008,20263008,IJSH_a2,power:p5uhs2_1247,0.0,0.0,0.0,16
main_00008,20263008,IJSH_a2,road:1231-5079,1.911650383739037e-05,4.94974989511596e-06,1.7555557914149298e-05,16
main_00008,20263008,IJSH_a2,road:2370-2377,1.5263852478367146e-05,6.083291614292068e-06,4.745419742052757e-05,16
main_00008,20263008,IJSH_a2,road:3524-3752,0.0002718112988346251,5.354883761647733e-06,1.357922340492958e-05,16
main_00008,20263008,IJSH_a2,road:5931-5932,9.935863768915457e-06,5.552204722303221e-06,2.6944013199999624e-05,16
main_00008,20263008,IJSH_a2,road:6047-6049,7.792040429053146e-06,3.669918657904566e-06,2.9995576134219098e-05,16
main_00008,20263008,JSH,power:p1rhs0_1247,0.002897432993838947,0.0,0.0,16
main_00008,20263008,JSH,power:p1uhs12_1247,0.005318149405771189,2.6031257322754125e-11,0.0,16
main_00008,20263008,JSH,power:p2uhs1_1247,0.004118693191942836,0.0,0.0,16
main_00008,20263008,JSH,power:p3uhs14_1247,0.007090110671785006,0.00031504639613972793,3.890161227835277e-05,16
main_00008,20263008,JSH,power:p3uhs25_1247,0.044183459931922964,0.00031542211232456197,0.0,16
main_00008,20263008,JSH,power:p5uhs10_1247,0.0016304047986274578,5.5387720385666166e-06,2.1434776626258415e-05,16
main_00008,20263008,JSH,power:p5uhs27_1247,0.0,0.0,0.0,16
main_00008,20263008,JSH,power:p5uhs2_1247,0.0,0.0,0.0,16
main_00008,20263008,JSH,road:1231-5079,5.378719141004018e-06,4.94974989511596e-06,1.7555557914149298e-05,16
main_00008,20263008,JSH,road:2370-2377,0.00020067003623457091,6.083291614292068e-06,4.745419742052757e-05,16
main_00008,20263008,JSH,road:3524-3752,1.2915311951897102e-05,5.354883761647733e-06,1.357922340492958e-05,16
main_00008,20263008,JSH,road:5931-5932,8.727850454137709e-06,5.552204722303221e-06,2.6944013199999624e-05,16
main_00008,20263008,JSH,road:6047-6049,-5.30891531785177e-06,3.669918657904566e-06,2.9995576134219098e-05,16
main_00009,20263009,CEN,power:p1uhs23_1247,0.002461607919087759,5.5331412974981695e-06,4.9583889802279665e-05,16
main_00009,20263009,CEN,power:p1uhs2_1247,0.012835710740792877,0.0,0.0,16
main_00009,20263009,CEN,power:p1uhs6_1247,0.007916642057560255,4.1776499795226275e-06,5.146674417532785e-05,16
main_00009,20263009,CEN,power:p2uhs5_1247,0.008574071955338962,5.6047921147411565e-06,2.8446600628567436e-05,16
main_00009,20263009,CEN,power:p3uhs22_1247,0.0053845180907632125,0.00013336987630728408,2.6854266139510255e-05,16
main_00009,20263009,CEN,power:p3uhs6_1247,0.012368443068339926,0.00029384140177890017,1.2097602409331567e-05,16
main_00009,20263009,CEN,power:p3uhs7_1247,0.00735268872699328,0.0003524286928984321,0.0,16
main_00009,20263009,CEN,power:p4uhs10_1247,0.005142249329163014,0.0,0.0,16
main_00009,20263009,CEN,power:p4uhs11_1247,0.0015074209669032129,1.8786441778295637e-12,0.0,16
main_00009,20263009,CEN,power:p4uhs19_1247,0.006881852599910982,0.0,0.0,16
main_00009,20263009,CEN,power:p5uhs0_1247,0.009081287482380644,0.0,0.0,16
main_00009,20263009,CEN,power:p5uhs20_1247,0.004522665400938576,3.241889703694088e-06,5.251857410060503e-05,16
main_00009,20263009,CEN,power:p5uhs28_1247,0.012716684563434891,0.0,0.0,16
main_00009,20263009,CEN,road:2533-2564,0.004456855204065553,4.421527920270514e-06,4.368976265984959e-05,16
main_00009,20263009,CEN,road:2923-2945,0.005136417132839584,5.403106668306198e-06,3.020146356691535e-05,16
main_00009,20263009,CEN,road:4605-5510,0.00047427759612354235,2.4985694924938473e-06,2.59478081567511e-05,16
main_00009,20263009,CEN,road:5150-5217,0.04800052444453198,6.633004036619235e-06,2.655220785139845e-05,16
main_00009,20263009,CEN,road:5612-5613,0.00027530260203277655,5.155000734891822e-06,2.798832471431497e-05,16
main_00009,20263009,CEN,road:5630-5675,0.00017296820832020168,5.089776406485943e-06,3.1695593885214864e-05,16
main_00009,20263009,CEN,road:6016-6513,0.00203499251497006,4.704819432111284e-06,3.26804337997129e-05,16
main_00009,20263009,IJSH,power:p1uhs23_1247,0.001496415842138915,5.5331412974981695e-06,4.9583889802279665e-05,16
main_00009,20263009,IJSH,power:p1uhs2_1247,0.0,0.0,0.0,16
main_00009,20263009,IJSH,power:p1uhs6_1247,0.0025787330893561715,4.1776499795226275e-06,5.146674417532785e-05,16
main_00009,20263009,IJSH,power:p2uhs5_1247,0.003778767198285026,5.6047921147411565e-06,2.8446600628567436e-05,16
main_00009,20263009,IJSH,power:p3uhs22_1247,0.00204639014051489,0.00013336987630728408,2.6854266139510255e-05,16
main_00009,20263009,IJSH,power:p3uhs6_1247,0.0034062445143502734,0.00029384140177890017,1.2097602409331567e-05,16
main_00009,20263009,IJSH,power:p3uhs7_1247,0.022086706679145997,0.0003524286928984321,0.0,16
main_00009,20263009,IJSH,power:p4uhs10_1247,0.0,0.0,0.0,16
main_00009,20263009,IJSH,power:p4uhs11_1247,0.00028691859702085695,1.8786441778295637e-12,0.0,16
main_00009,20263009,IJSH,power:p4uhs19_1247,0.0,0.0,0.0,16
main_00009,20263009,IJSH,power:p5uhs0_1247,0.0,0.0,0.0,16
main_00009,20263009,IJSH,power:p5uhs20_1247,0.002570740939701756,3.241889703694088e-06,5.251857410060503e-05,16
main_00009,20263009,IJSH,power:p5uhs28_1247,0.0,0.0,0.0,16
main_00009,20263009,IJSH,road:2533-2564,0.0007643920767582274,4.421527920270514e-06,4.368976265984959e-05,16
main_00009,20263009,IJSH,road:2923-2945,3.190370986982591e-05,5.403106668306198e-06,3.020146356691535e-05,16
main_00009,20263009,IJSH,road:4605-5510,2.826729412003584e-05,2.4985694924938473e-06,2.59478081567511e-05,16
main_00009,20263009,IJSH,road:5150-5217,4.105330539765778e-05,6.633004036619235e-06,2.655220785139845e-05,16
main_00009,20263009,IJSH,road:5612-5613,2.92247812290862e-05,5.155000734891822e-06,2.798832471431497e-05,16
main_00009,20263009,IJSH,road:5630-5675,-2.0804052912583304e-05,5.089776406485943e-06,3.1695593885214864e-05,16
main_00009,20263009,IJSH,road:6016-6513,0.00185760616538682,4.704819432111284e-06,3.26804337997129e-05,16
main_00009,20263009,IJSH_a0,power:p1uhs23_1247,0.0014714766393251338,5.5331412974981695e-06,4.9583889802279665e-05,16
main_00009,20263009,IJSH_a0,power:p1uhs2_1247,0.0,0.0,0.0,16
main_00009,20263009,IJSH_a0,power:p1uhs6_1247,0.0034053813169115377,4.1776499795226275e-06,5.146674417532785e-05,16
main_00009,20263009,IJSH_a0,power:p2uhs5_1247,0.006660746061224146,5.6047921147411565e-06,2.8446600628567436e-05,16
main_00009,20263009,IJSH_a0,power:p3uhs22_1247,0.003065025266751467,0.00013336987630728408,2.6854266139510255e-05,16
main_00009,20263009,IJSH_a0,power:p3uhs6_1247,0.005906546114455395,0.00029384140177890017,1.2097602409331567e-05,16
main_00009,20263009,IJSH_a0,power:p3uhs7_1247,0.044173413358291995,0.0003524286928984321,0.0,16
main_00009,20263009,IJSH_a0,power:p4uhs10_1247,0.0,0.0,0.0,16
main_00009,20263009,IJSH_a0,power:p4uhs11_1247,0.0005738371940417139,1.8786441778295637e-12,0.0,16
main_00009,20263009,IJSH_a0,power:p4uhs19_1247,0.0,0.0,0.0,16
main_00009,20263009,IJSH_a0,power:p5uhs0_1247,0.0,0.0,0.0,16
main_00009,20263009,IJSH_a0,power:p5uhs20_1247,0.002038618851453497,3.241889703694088e-06,5.251857410060503e-05,16
main_00009,20263009,IJSH_a0,power:p5uhs28_1247,0.0,0.0,0.0,16
main_00009,20263009,IJSH_a0,road:2533-2564,0.00012866529367638185,4.421527920270514e-06,4.368976265984959e-05,16
main_00009,20263009,IJSH_a0,road:2923-2945,3.6480938730411305e-05,5.403106668306198e-06,3.020146356691535e-05,16
main_00009,20263009,IJSH_a0,road:4605-5510,4.280687195829663e-05,2.4985694924938473e-06,2.59478081567511e-05,16
main_00009,20263009,IJSH_a0,road:5150-5217,0.00011224020366362719,6.633004036619235e-06,2.655220785139845e-05,16
main_00009,20263009,IJSH_a0,road:5612-5613,8.89126050098582e-06,5.155000734891822e-06,2.798832471431497e-05,16
main_00009,20263009,IJSH_a0,road:5630-5675,5.0643688988341595e-06,5.089776406485943e-06,3.1695593885214864e-05,16
main_00009,20263009,IJSH_a0,road:6016-6513,0.004017652416050441,4.704819432111284e-06,3.26804337997129e-05,16
main_00009,20263009,IJSH_a0.5,power:p1uhs23_1247,0.0014881027745343213,5.5331412974981695e-06,4.9583889802279665e-05,16
main_00009,20263009,IJSH_a0.5,power:p1uhs2_1247,0.0,0.0,0.0,16
main_00009,20263009,IJSH_a0.5,power:p1uhs6_1247,0.0028542824985412934,4.1776499795226275e-06,5.146674417532785e-05,16
main_00009,20263009,IJSH_a0.5,power:p2uhs5_1247,0.004739426819264733,5.6047921147411565e-06,2.8446600628567436e-05,16
main_00009,20263009,IJSH_a0.5,power:p3uhs22_1247,0.002385935182593749,0.00013336987630728408,2.6854266139510255e-05,16
main_00009,20263009,IJSH_a0.5,power:p3uhs6_1247,0.004239678381051981,0.00029384140177890017,1.2097602409331567e-05,16
main_00009,20263009,IJSH_a0.5,power:p3uhs7_1247,0.02944894223886133,0.0003524286928984321,0.0,16
main_00009,20263009,IJSH_a0.5,power:p4uhs10_1247,0.0,0.0,0.0,16
main_00009,20263009,IJSH_a0.5,power:p4uhs11_1247,0.0003825581293611426,1.8786441778295637e-12,0.0,16
main_00009,20263009,IJSH_a0.5,power:p4uhs19_1247,0.0,0.0,0.0,16
main_00009,20263009,IJSH_a0.5,power:p5uhs0_1247,0.0,0.0,0.0,16
main_00009,20263009,IJSH_a0.5,power:p5uhs20_1247,0.0023933669102856694,3.241889703694088e-06,5.251857410060503e-05,16
main_00009,20263009,IJSH_a0.5,power:p5uhs28_1247,0.0,0.0,0.0,16
main_00009,20263009,IJSH_a0.5,road:2533-2564,0.0005524831490642789,4.421527920270514e-06,4.368976265984959e-05,16
main_00009,20263009,IJSH_a0.5,road:2923-2945,3.3429452823354376e-05,5.403106668306198e-06,3.020146356691535e-05,16
main_00009,20263009,IJSH_a0.5,road:4605-5510,3.311382006612277e-05,2.4985694924938473e-06,2.59478081567511e-05,16
main_00009,20263009,IJSH_a0.5,road:5150-5217,6.478227148631426e-05,6.633004036619235e-06,2.655220785139845e-05,16
main_00009,20263009,IJSH_a0.5,road:5612-5613,2.2446940986386072e-05,5.155000734891822e-06,2.798832471431497e-05,16
main_00009,20263009,IJSH_a0.5,road:5630-5675,-1.2181245642110816e-05,5.089776406485943e-06,3.1695593885214864e-05,16
main_00009,20263009,IJSH_a0.5,road:6016-6513,0.0025776215822746937,4.704819432111284e-06,3.26804337997129e-05,16
main_00009,20263009,IJSH_a2,power:p1uhs23_1247,0.001504728909743509,5.5331412974981695e-06,4.9583889802279665e-05,16
main_00009,20263009,IJSH_a2,power:p1uhs2_1247,0.0,0.0,0.0,16
main_00009,20263009,IJSH_a2,power:p1uhs6_1247,0.0023031836801710496,4.1776499795226275e-06,5.146674417532785e-05,16
main_00009,20263009,IJSH_a2,power:p2uhs5_1247,0.0028181075773053197,5.6047921147411565e-06,2.8446600628567436e-05,16
main_00009,20263009,IJSH_a2,power:p3uhs22_1247,0.001706845098436031,0.00013336987630728408,2.6854266139510255e-05,16
main_00009,20263009,IJSH_a2,power:p3uhs6_1247,0.0025728106476485663,0.00029384140177890017,1.2097602409331567e-05,16
main_00009,20263009,IJSH_a2,power:p3uhs7_1247,0.014724471119430664,0.0003524286928984321,0.0,16
main_00009,20263009,IJSH_a2,power:p4uhs10_1247,0.0,0.0,0.0,16
main_00009,20263009,IJSH_a2,power:p4uhs11_1247,0.0001912790646805713,1.8786441778295637e-12,0.0,16
main_00009,20263009,IJSH_a2,power:p4uhs19_1247,0.0,0.0,0.0,16
main_00009,20263009,IJSH_a2,power:p5uhs0_1247,0.0,0.0,0.0,16
main_00009,20263009,IJSH_a2,power:p5uhs20_1247,0.0027481149691178423,3.241889703694088e-06,5.251857410060503e-05,16
main_00009,20263009,IJSH_a2,power:p5uhs28_1247,0.0,0.0,0.0,16
main_00009,20263009,IJSH_a2,road:2533-2564,0.0009763010044521759,4.421527920270514e-06,4.368976265984959e-05,16
main_00009,20263009,IJSH_a2,road:2923-2945,3.0377966916297443e-05,5.403106668306198e-06,3.020146356691535e-05,16
main_00009,20263009,IJSH_a2,road:4605-5510,2.342076817394891e-05,2.4985694924938473e-06,2.59478081567511e-05,16
main_00009,20263009,IJSH_a2,road:5150-5217,1.732433930900131e-05,6.633004036619235e-06,2.655220785139845e-05,16
main_00009,20263009,IJSH_a2,road:5612-5613,3.6002621471786324e-05,5.155000734891822e-06,2.798832471431497e-05,16
main_00009,20263009,IJSH_a2,road:5630-5675,-2.9426860183055792e-05,5.089776406485943e-06,3.1695593885214864e-05,16
main_00009,20263009,IJSH_a2,road:6016-6513,0.0011375907484989466,4.704819432111284e-06,3.26804337997129e-05,16
main_00009,20263009,JSH,power:p1uhs23_1247,0.0014714766393251338,5.5331412974981695e-06,4.9583889802279665e-05,16
main_00009,20263009,JSH,power:p1uhs2_1247,0.0,0.0,0.0,16
main_00009,20263009,JSH,power:p1uhs6_1247,0.0034053813169115377,4.1776499795226275e-06,5.146674417532785e-05,16
main_00009,20263009,JSH,power:p2uhs5_1247,0.006660746061224146,5.6047921147411565e-06,2.8446600628567436e-05,16
main_00009,20263009,JSH,power:p3uhs22_1247,0.003065025266751467,0.00013336987630728408,2.6854266139510255e-05,16
main_00009,20263009,JSH,power:p3uhs6_1247,0.005906546114455395,0.00029384140177890017,1.2097602409331567e-05,16
main_00009,20263009,JSH,power:p3uhs7_1247,0.044173413358291995,0.0003524286928984321,0.0,16
main_00009,20263009,JSH,power:p4uhs10_1247,0.0,0.0,0.0,16
main_00009,20263009,JSH,power:p4uhs11_1247,0.0005738371940417139,1.8786441778295637e-12,0.0,16
main_00009,20263009,JSH,power:p4uhs19_1247,0.0,0.0,0.0,16
main_00009,20263009,JSH,power:p5uhs0_1247,0.0,0.0,0.0,16
main_00009,20263009,JSH,power:p5uhs20_1247,0.002038618851453497,3.241889703694088e-06,5.251857410060503e-05,16
main_00009,20263009,JSH,power:p5uhs28_1247,0.0,0.0,0.0,16
main_00009,20263009,JSH,road:2533-2564,0.00012866529367638185,4.421527920270514e-06,4.368976265984959e-05,16
main_00009,20263009,JSH,road:2923-2945,3.6480938730411305e-05,5.403106668306198e-06,3.020146356691535e-05,16
main_00009,20263009,JSH,road:4605-5510,4.280687195829663e-05,2.4985694924938473e-06,2.59478081567511e-05,16
main_00009,20263009,JSH,road:5150-5217,0.00011224020366362719,6.633004036619235e-06,2.655220785139845e-05,16
main_00009,20263009,JSH,road:5612-5613,8.89126050098582e-06,5.155000734891822e-06,2.798832471431497e-05,16
main_00009,20263009,JSH,road:5630-5675,5.0643688988341595e-06,5.089776406485943e-06,3.1695593885214864e-05,16
main_00009,20263009,JSH,road:6016-6513,0.004017652416050441,4.704819432111284e-06,3.26804337997129e-05,16
main_00010,20263010,CEN,power:p1uhs15_1247,0.009897877566445433,0.0,0.0,16
main_00010,20263010,CEN,power:p1uhs8_1247,0.010655467597329497,0.0,0.0,16
main_00010,20263010,CEN,power:p2uhs13_1247,0.0008569339635027937,0.0,0.0,16
main_00010,20263010,CEN,power:p3uhs28_1247,0.00017543939283917785,3.321005093949777e-13,0.0,16
main_00010,20263010,CEN,power:p4uhs13_1247,0.006365639494776413,0.0,0.0,16
main_00010,20263010,CEN,power:p5uhs13_1247,0.004444584631392644,4.088360790080179e-06,2.6277850844081018e-05,16
main_00010,20263010,CEN,power:p5uhs16_1247,0.008247253138933501,0.0,0.0,16
main_00010,20263010,CEN,power:p5uhs28_1247,0.012716684563434891,0.0,0.0,16
main_00010,20263010,CEN,road:2941-2942,0.0042337200598802395,1.7916374591973603e-06,2.665010919004731e-05,16
main_00010,20263010,CEN,road:3255-3272,0.00017604593444689567,2.7627919935945368e-06,2.8116002740222406e-05,16
main_00010,20263010,CEN,road:5302-6173,0.04984008135045698,3.866979194796112e-06,2.2747265795421067e-05,16
main_00010,20263010,IJSH,power:p1uhs15_1247,0.0,0.0,0.0,16
main_00010,20263010,IJSH,power:p1uhs8_1247,0.0,0.0,0.0,16
main_00010,20263010,IJSH,power:p2uhs13_1247,0.0,0.0,0.0,16
main_00010,20263010,IJSH,power:p3uhs28_1247,5.0088991860278154e-05,3.321005093949777e-13,0.0,16
main_00010,20263010,IJSH,power:p4uhs13_1247,0.0,0.0,0.0,16
main_00010,20263010,IJSH,power:p5uhs13_1247,0.006109539287612615,4.088360790080179e-06,2.6277850844081018e-05,16
main_00010,20263010,IJSH,power:p5uhs16_1247,0.0,0.0,0.0,16
main_00010,20263010,IJSH,power:p5uhs28_1247,0.0,0.0,0.0,16
main_00010,20263010,IJSH,road:2941-2942,-2.8669018668974616e-05,1.7916374591973603e-06,2.665010919004731e-05,16
main_00010,20263010,IJSH,road:3255-3272,-1.0162596830703974e-05,2.7627919935945368e-06,2.8116002740222406e-05,16
main_00010,20263010,IJSH,road:5302-6173,0.00030307988722603346,3.866979194796112e-06,2.2747265795421067e-05,16
main_00010,20263010,IJSH_a0,power:p1uhs15_1247,0.0,0.0,0.0,16
main_00010,20263010,IJSH_a0,power:p1uhs8_1247,0.0,0.0,0.0,16
main_00010,20263010,IJSH_a0,power:p2uhs13_1247,0.0,0.0,0.0,16
main_00010,20263010,IJSH_a0,power:p3uhs28_1247,0.00010017798372055631,3.321005093949777e-13,0.0,16
main_00010,20263010,IJSH_a0,power:p4uhs13_1247,0.0,0.0,0.0,16
main_00010,20263010,IJSH_a0,power:p5uhs13_1247,0.0025183771217911904,4.088360790080179e-06,2.6277850844081018e-05,16
main_00010,20263010,IJSH_a0,power:p5uhs16_1247,0.0,0.0,0.0,16
main_00010,20263010,IJSH_a0,power:p5uhs28_1247,0.0,0.0,0.0,16
main_00010,20263010,IJSH_a0,road:2941-2942,2.0782282508305383e-06,1.7916374591973603e-06,2.665010919004731e-05,16
main_00010,20263010,IJSH_a0,road:3255-3272,7.66378473616297e-06,2.7627919935945368e-06,2.8116002740222406e-05,16
main_00010,20263010,IJSH_a0,road:5302-6173,0.0006087346247801995,3.866979194796112e-06,2.2747265795421067e-05,16
main_00010,20263010,IJSH_a0.5,power:p1uhs15_1247,0.0,0.0,0.0,16
main_00010,20263010,IJSH_a0.5,power:p1uhs8_1247,0.0,0.0,0.0,16
main_00010,20263010,IJSH_a0.5,power:p2uhs13_1247,0.0,0.0,0.0,16
main_00010,20263010,IJSH_a0.5,power:p3uhs28_1247,6.678532248037088e-05,3.321005093949777e-13,0.0,16
main_00010,20263010,IJSH_a0.5,power:p4uhs13_1247,0.0,0.0,0.0,16
main_00010,20263010,IJSH_a0.5,power:p5uhs13_1247,0.0049124852323388065,4.088360790080179e-06,2.6277850844081018e-05,16
main_00010,20263010,IJSH_a0.5,power:p5uhs16_1247,0.0,0.0,0.0,16
main_00010,20263010,IJSH_a0.5,power:p5uhs28_1247,0.0,0.0,0.0,16
main_00010,20263010,IJSH_a0.5,road:2941-2942,-1.8419936362372897e-05,1.7916374591973603e-06,2.665010919004731e-05,16
main_00010,20263010,IJSH_a0.5,road:3255-3272,-4.220469641748326e-06,2.7627919935945368e-06,2.8116002740222406e-05,16
main_00010,20263010,IJSH_a0.5,road:5302-6173,0.0004049647997440888,3.866979194796112e-06,2.2747265795421067e-05,16
main_00010,20263010,IJSH_a2,power:p1uhs15_1247,0.0,0.0,0.0,16
main_00010,20263010,IJSH_a2,power:p1uhs8_1247,0.0,0.0,0.0,16
main_00010,20263010,IJSH_a2,power:p2uhs13_1247,0.0,0.0,0.0,16
main_00010,20263010,IJSH_a2,power:p3uhs28_1247,3.339266124018544e-05,3.321005093949777e-13,0.0,16
main_00010,20263010,IJSH_a2,power:p4uhs13_1247,0.0,0.0,0.0,16
main_00010,20263010,IJSH_a2,power:p5uhs13_1247,0.007306593342886423,4.088360790080179e-06,2.6277850844081018e-05,16
main_00010,20263010,IJSH_a2,power:p5uhs16_1247,0.0,0.0,0.0,16
main_00010,20263010,IJSH_a2,power:p5uhs28_1247,0.0,0.0,0.0,16
main_00010,20263010,IJSH_a2,road:2941-2942,-3.891810097557633e-05,1.7916374591973603e-06,2.665010919004731e-05,16
main_00010,20263010,IJSH_a2,road:3255-3272,-1.6104724019659622e-05,2.7627919935945368e-06,2.8116002740222406e-05,16
main_00010,20263010,IJSH_a2,road:5302-6173,0.00020119497470797812,3.866979194796112e-06,2.2747265795421067e-05,16
main_00010,20263010,JSH,power:p1uhs15_1247,0.0,0.0,0.0,16
main_00010,20263010,JSH,power:p1uhs8_1247,0.0,0.0,0.0,16
main_00010,20263010,JSH,power:p2uhs13_1247,0.0,0.0,0.0,16
main_00010,20263010,JSH,power:p3uhs28_1247,0.00010017798372055631,3.321005093949777e-13,0.0,16
main_00010,20263010,JSH,power:p4uhs13_1247,0.0,0.0,0.0,16
main_00010,20263010,JSH,power:p5uhs13_1247,0.0025183771217911904,4.088360790080179e-06,2.6277850844081018e-05,16
main_00010,20263010,JSH,power:p5uhs16_1247,0.0,0.0,0.0,16
main_00010,20263010,JSH,power:p5uhs28_1247,0.0,0.0,0.0,16
main_00010,20263010,JSH,road:2941-2942,2.0782282508305383e-06,1.7916374591973603e-06,2.665010919004731e-05,16
main_00010,20263010,JSH,road:3255-3272,7.66378473616297e-06,2.7627919935945368e-06,2.8116002740222406e-05,16
main_00010,20263010,JSH,road:5302-6173,0.0006087346247801995,3.866979194796112e-06,2.2747265795421067e-05,16
main_00011,20263011,CEN,power:p1uhs24_1247,0.0019686427326740105,0.0,0.0,16
main_00011,20263011,CEN,power:p2uhs3_1247,0.004246921672558009,7.723452442455041e-06,3.334107968358583e-05,16
main_00011,20263011,CEN,power:p3uhs22_1247,0.0053845180907632125,0.00026223979773184336,2.324440603766846e-05,16
main_00011,20263011,CEN,power:p3uhs4_1247,0.01217521858954894,0.0007617773135818935,1.9669923804937428e-05,16
main_00011,20263011,CEN,power:p3uhs5_1247,0.011348711125315165,0.0005689927393324683,3.4753338308687356e-05,16
main_00011,20263011,CEN,power:p3uhs7_1247,0.00735268872699328,0.0,0.0,16
main_00011,20263011,CEN,power:p4uhs11_1247,0.0015074209669032129,0.0,0.0,16
main_00011,20263011,CEN,power:p5uhs12_1247,0.00776231042190885,0.0,0.0,16
main_00011,20263011,CEN,power:p5uhs15_1247,0.00988964595794254,4.500055127371699e-06,4.201611419184543e-05,16
main_00011,20263011,CEN,power:p5uhs23_1247,0.008517967034912376,0.0,0.0,16
main_00011,20263011,CEN,road:1190-7449,0.034835550937598485,6.671296365561655e-06,4.53142283219534e-05,16
main_00011,20263011,CEN,road:1825-1826,0.002306755731957138,5.814969439288983e-06,3.763585360771212e-05,16
main_00011,20263011,CEN,road:2882-6386,0.0002797653049164828,7.689947274868362e-06,4.013570434131918e-05,16
main_00011,20263011,CEN,road:4664-7240,0.039532468779546165,7.006577234887978e-06,2.09453933148646e-05,16
main_00011,20263011,CEN,road:5045-6168,0.03505345394736842,6.6990325044137314e-06,2.4678255291692222e-05,16
main_00011,20263011,CEN,road:5390-6693,0.001362509356287425,6.928410369970387e-06,4.205446938404264e-05,16
main_00011,20263011,IJSH,power:p1uhs24_1247,0.00037470621018765096,0.0,0.0,16
main_00011,20263011,IJSH,power:p2uhs3_1247,0.001728146255200156,7.723452442455041e-06,3.334107968358583e-05,16
main_00011,20263011,IJSH,power:p3uhs22_1247,0.0019245324593446175,0.00026223979773184336,2.324440603766846e-05,16
main_00011,20263011,IJSH,power:p3uhs4_1247,0.04386158310467081,0.0007617773135818935,1.9669923804937428e-05,16
main_00011,20263011,IJSH,power:p3uhs5_1247,0.005580202937127236,0.0005689927393324683,3.4753338308687356e-05,16
main_00011,20263011,IJSH,power:p3uhs7_1247,0.0,0.0,0.0,16
main_00011,20263011,IJSH,power:p4uhs11_1247,0.0,0.0,0.0,16
main_00011,20263011,IJSH,power:p5uhs12_1247,0.0,0.0,0.0,16
main_00011,20263011,IJSH,power:p5uhs15_1247,0.0026789636433433954,4.500055127371699e-06,4.201611419184543e-05,16
main_00011,20263011,IJSH,power:p5uhs23_1247,0.0,0.0,0.0,16
main_00011,20263011,IJSH,road:1190-7449,0.0001134336936087256,6.671296365561655e-06,4.53142283219534e-05,16
main_00011,20263011,IJSH,road:1825-1826,0.00012157188200506361,5.814969439288983e-06,3.763585360771212e-05,16
main_00011,20263011,IJSH,road:2882-6386,9.480344832078075e-05,7.689947274868362e-06,4.013570434131918e-05,16
main_00011,20263011,IJSH,road:4664-7240,3.6538001431496436e-05,7.006577234887978e-06,2.09453933148646e-05,16
main_00011,20263011,IJSH,road:5045-6168,7.228186688933158e-06,6.6990325044137314e-06,2.4678255291692222e-05,16
main_00011,20263011,IJSH,road:5390-6693,3.160909988395716e-06,6.928410369970387e-06,4.205446938404264e-05,16
main_00011,20263011,IJSH_a0,power:p1uhs24_1247,0.0007494124203753019,0.0,0.0,16
main_00011,20263011,IJSH_a0,power:p2uhs3_1247,0.0032779721272965107,7.723452442455041e-06,3.334107968358583e-05,16
main_00011,20263011,IJSH_a0,power:p3uhs22_1247,0.0025644379749805296,0.00026223979773184336,2.324440603766846e-05,16
main_00011,20263011,IJSH_a0,power:p3uhs4_1247,0.08772867415961347,0.0007617773135818935,1.9669923804937428e-05,16
main_00011,20263011,IJSH_a0,power:p3uhs5_1247,0.005489764350993999,0.0005689927393324683,3.4753338308687356e-05,16
main_00011,20263011,IJSH_a0,power:p3uhs7_1247,0.0,0.0,0.0,16
main_00011,20263011,IJSH_a0,power:p4uhs11_1247,0.0,0.0,0.0,16
main_00011,20263011,IJSH_a0,power:p5uhs12_1247,0.0,0.0,0.0,16
main_00011,20263011,IJSH_a0,power:p5uhs15_1247,0.00395698216709664,4.500055127371699e-06,4.201611419184543e-05,16
main_00011,20263011,IJSH_a0,power:p5uhs23_1247,0.0,0.0,0.0,16
main_00011,20263011,IJSH_a0,road:1190-7449,0.0001817650446397645,6.671296365561655e-06,4.53142283219534e-05,16
main_00011,20263011,IJSH_a0,road:1825-1826,0.00018248571089391624,5.814969439288983e-06,3.763585360771212e-05,16
main_00011,20263011,IJSH_a0,road:2882-6386,3.64562169456531e-05,7.689947274868362e-06,4.013570434131918e-05,16
main_00011,20263011,IJSH_a0,road:4664-7240,5.606817639636219e-05,7.006577234887978e-06,2.09453933148646e-05,16
main_00011,20263011,IJSH_a0,road:5045-6168,1.2571502879643592e-05,6.6990325044137314e-06,2.4678255291692222e-05,16
main_00011,20263011,IJSH_a0,road:5390-6693,-1.1444210825314882e-06,6.928410369970387e-06,4.205446938404264e-05,16
main_00011,20263011,IJSH_a0.5,power:p1uhs24_1247,0.0004996082802502013,0.0,0.0,16
main_00011,20263011,IJSH_a0.5,power:p2uhs3_1247,0.002244754879232274,7.723452442455041e-06,3.334107968358583e-05,16
main_00011,20263011,IJSH_a0.5,power:p3uhs22_1247,0.0021378342978899214,0.00026223979773184336,2.324440603766846e-05,16
main_00011,20263011,IJSH_a0.5,power:p3uhs4_1247,0.05848394678965169,0.0007617773135818935,1.9669923804937428e-05,16
main_00011,20263011,IJSH_a0.5,power:p3uhs5_1247,0.00555005674174949,0.0005689927393324683,3.4753338308687356e-05,16
main_00011,20263011,IJSH_a0.5,power:p3uhs7_1247,0.0,0.0,0.0,16
main_00011,20263011,IJSH_a0.5,power:p4uhs11_1247,0.0,0.0,0.0,16
main_00011,20263011,IJSH_a0.5,power:p5uhs12_1247,0.0,0.0,0.0,16
main_00011,20263011,IJSH_a0.5,power:p5uhs15_1247,0.00310496981792781,4.500055127371699e-06,4.201611419184543e-05,16
main_00011,20263011,IJSH_a0.5,power:p5uhs23_1247,0.0,0.0,0.0,16
main_00011,20263011,IJSH_a0.5,road:1190-7449,0.0001362108106190719,6.671296365561655e-06,4.53142283219534e-05,16
main_00011,20263011,IJSH_a0.5,road:1825-1826,0.00014187649163468116,5.814969439288983e-06,3.763585360771212e-05,16
main_00011,20263011,IJSH_a0.5,road:2882-6386,7.535437119573819e-05,7.689947274868362e-06,4.013570434131918e-05,16
main_00011,20263011,IJSH_a0.5,road:4664-7240,4.304805975311835e-05,7.006577234887978e-06,2.09453933148646e-05,16
main_00011,20263011,IJSH_a0.5,road:5045-6168,9.009292085836637e-06,6.6990325044137314e-06,2.4678255291692222e-05,16
main_00011,20263011,IJSH_a0.5,road:5390-6693,1.7257996314199813e-06,6.928410369970387e-06,4.205446938404264e-05,16
main_00011,20263011,IJSH_a2,power:p1uhs24_1247,0.00024980414012510066,0.0,0.0,16
main_00011,20263011,IJSH_a2,power:p2uhs3_1247,0.0012115376311680377,7.723452442455041e-06,3.334107968358583e-05,16
main_00011,20263011,IJSH_a2,power:p3uhs22_1247,0.0017112306207993134,0.00026223979773184336,2.324440603766846e-05,16
main_00011,20263011,IJSH_a2,power:p3uhs4_1247,0.02923921941968992,0.0007617773135818935,1.9669923804937428e-05,16
main_00011,20263011,IJSH_a2,power:p3uhs5_1247,0.005610349132504982,0.0005689927393324683,3.4753338308687356e-05,16
main_00011,20263011,IJSH_a2,power:p3uhs7_1247,0.0,0.0,0.0,16
main_00011,20263011,IJSH_a2,power:p4uhs11_1247,0.0,0.0,0.0,16
main_00011,20263011,IJSH_a2,power:p5uhs12_1247,0.0,0.0,0.0,16
main_00011,20263011,IJSH_a2,power:p5uhs15_1247,0.0022529574687589807,4.500055127371699e-06,4.201611419184543e-05,16
main_00011,20263011,IJSH_a2,power:p5uhs23_1247,0.0,0.0,0.0,16
main_00011,20263011,IJSH_a2,road:1190-7449,9.06565765983793e-05,6.671296365561655e-06,4.53142283219534e-05,16
main_00011,20263011,IJSH_a2,road:1825-1826,0.00010126727237544607,5.814969439288983e-06,3.763585360771212e-05,16
main_00011,20263011,IJSH_a2,road:2882-6386,0.0001142525254458233,7.689947274868362e-06,4.013570434131918e-05,16
main_00011,20263011,IJSH_a2,road:4664-7240,3.0027943109874517e-05,7.006577234887978e-06,2.09453933148646e-05,16
main_00011,20263011,IJSH_a2,road:5045-6168,5.44708129202968e-06,6.6990325044137314e-06,2.4678255291692222e-05,16
main_00011,20263011,IJSH_a2,road:5390-6693,4.59602034537145e-06,6.928410369970387e-06,4.205446938404264e-05,16
main_00011,20263011,JSH,power:p1uhs24_1247,0.0007494124203753019,0.0,0.0,16
main_00011,20263011,JSH,power:p2uhs3_1247,0.0032779721272965107,7.723452442455041e-06,3.334107968358583e-05,16
main_00011,20263011,JSH,power:p3uhs22_1247,0.0025644379749805296,0.00026223979773184336,2.324440603766846e-05,16
main_00011,20263011,JSH,power:p3uhs4_1247,0.08772867415961347,0.0007617773135818935,1.9669923804937428e-05,16
main_00011,20263011,JSH,power:p3uhs5_1247,0.005489764350993999,0.0005689927393324683,3.4753338308687356e-05,16
main_00011,20263011,JSH,power:p3uhs7_1247,0.0,0.0,0.0,16
main_00011,20263011,JSH,power:p4uhs11_1247,0.0,0.0,0.0,16
main_00011,20263011,JSH,power:p5uhs12_1247,0.0,0.0,0.0,16
main_00011,20263011,JSH,power:p5uhs15_1247,0.00395698216709664,4.500055127371699e-06,4.201611419184543e-05,16
main_00011,20263011,JSH,power:p5uhs23_1247,0.0,0.0,0.0,16
main_00011,20263011,JSH,road:1190-7449,0.0001817650446397645,6.671296365561655e-06,4.53142283219534e-05,16
main_00011,20263011,JSH,road:1825-1826,0.00018248571089391624,5.814969439288983e-06,3.763585360771212e-05,16
main_00011,20263011,JSH,road:2882-6386,3.64562169456531e-05,7.689947274868362e-06,4.013570434131918e-05,16
main_00011,20263011,JSH,road:4664-7240,5.606817639636219e-05,7.006577234887978e-06,2.09453933148646e-05,16
main_00011,20263011,JSH,road:5045-6168,1.2571502879643592e-05,6.6990325044137314e-06,2.4678255291692222e-05,16
main_00011,20263011,JSH,road:5390-6693,-1.1444210825314882e-06,6.928410369970387e-06,4.205446938404264e-05,16
main_00012,20263012,CEN,power:p1rhs7_1247,0.002958359460576232,2.1254432601278573e-11,0.0,16
main_00012,20263012,CEN,power:p3uhs13_1247,0.012792260321926438,0.0,0.0,16
main_00012,20263012,CEN,power:p3uhs18_1247,0.0018934469749757401,0.0,0.0,16
main_00012,20263012,CEN,power:p3uhs25_1247,0.0042460762337753165,0.0,0.0,16
main_00012,20263012,CEN,power:p3uhs5_1247,0.011348711125315165,0.0,0.0,16
main_00012,20263012,CEN,power:p3uhs9_1247,0.0023329341178297642,5.313608150319643e-12,0.0,16
main_00012,20263012,CEN,power:p4uhs15_1247,0.003397799398883821,1.4315187276223955e-08,0.0,16
main_00012,20263012,CEN,power:p4uhs16_1247,0.0023283171985992316,1.4315186783138682e-08,0.0,16
main_00012,20263012,CEN,power:p5uhs11_1247,0.008733459739329761,0.0,0.0,16
main_00012,20263012,CEN,power:p5uhs19_1247,0.013799110336177704,0.007720530845506181,3.7618765794657076e-05,16
main_00012,20263012,CEN,power:p5uhs1_1247,0.015421342934472317,0.00033964559840517195,0.00016806402642891987,16
main_00012,20263012,CEN,power:p5uhs28_1247,0.012716684563434891,0.007871860074393385,2.139814251413885e-05,16
main_00012,20263012,CEN,road:1183-5411,0.00023852377481878347,4.365161946845423e-06,2.601992304221033e-05,16
main_00012,20263012,CEN,road:1247-1248,0.002516348881184998,6.206305242948858e-06,5.6255847312702236e-05,16
main_00012,20263012,CEN,road:2220-7351,0.0006026187756066814,4.471318292187943e-06,9.261800585833132e-05,16
main_00012,20263012,CEN,road:2834-6979,0.0001575795776867318,6.462490710505029e-06,3.5454333955736e-05,16
main_00012,20263012,CEN,road:2904-2907,0.0045270273597541755,5.069854441031117e-06,3.535699488767623e-05,16
main_00012,20263012,CEN,road:3346-6145,0.08814792290419161,8.61129220323983e-05,0.0001303413416232392,16
main_00012,20263012,CEN,road:5018-5024,0.003959494661991805,7.2463111106717906e-06,2.1996173210835273e-05,16
main_00012,20263012,CEN,road:5035-5123,0.0029010646470217457,6.7620613087213475e-06,2.870227559048153e-05,16
main_00012,20263012,CEN,road:7169-7170,1.9081901985502675e-05,7.714204144156999e-06,1.941124621905339e-05,16
main_00012,20263012,IJSH,power:p1rhs7_1247,0.002815423306816986,2.1254432601278573e-11,0.0,16
main_00012,20263012,IJSH,power:p3uhs13_1247,0.0,0.0,0.0,16
main_00012,20263012,IJSH,power:p3uhs18_1247,0.0,0.0,0.0,16
main_00012,20263012,IJSH,power:p3uhs25_1247,0.0,0.0,0.0,16
main_00012,20263012,IJSH,power:p3uhs5_1247,0.0,0.0,0.0,16
main_00012,20263012,IJSH,power:p3uhs9_1247,0.0006660666911842902,5.313608150319643e-12,0.0,16
main_00012,20263012,IJSH,power:p4uhs15_1247,0.0006467519398375629,1.4315187276223955e-08,0.0,16
main_00012,20263012,IJSH,power:p4uhs16_1247,0.00044320201102450094,1.4315186783138682e-08,0.0,16
main_00012,20263012,IJSH,power:p5uhs11_1247,0.0,0.0,0.0,16
main_00012,20263012,IJSH,power:p5uhs19_1247,0.01695859271255291,0.007720530845506181,3.7618765794657076e-05,16
main_00012,20263012,IJSH,power:p5uhs1_1247,0.011169725264760524,0.00033964559840517195,0.00016806402642891987,16
main_00012,20263012,IJSH,power:p5uhs28_1247,0.013460623769047688,0.007871860074393385,2.139814251413885e-05,16
main_00012,20263012,IJSH,road:1183-5411,3.154853141168479e-05,4.365161946845423e-06,2.601992304221033e-05,16
main_00012,20263012,IJSH,road:1247-1248,0.0009514661884993739,6.206305242948858e-06,5.6255847312702236e-05,16
main_00012,20263012,IJSH,road:2220-7351,0.0002944219154686935,4.471318292187943e-06,9.261800585833132e-05,16
main_00012,20263012,IJSH,road:2834-6979,6.4442237651431145e-06,6.462490710505029e-06,3.5454333955736e-05,16
main_00012,20263012,IJSH,road:2904-2907,7.940391693169943e-05,5.069854441031117e-06,3.535699488767623e-05,16
main_00012,20263012,IJSH,road:3346-6145,0.012093489331512178,8.61129220323983e-05,0.0001303413416232392,16
main_00012,20263012,IJSH,road:5018-5024,1.8011946623350955e-05,7.2463111106717906e-06,2.1996173210835273e-05,16
main_00012,20263012,IJSH,road:5035-5123,0.00017261186355857147,6.7620613087213475e-06,2.870227559048153e-05,16
main_00012,20263012,IJSH,road:7169-7170,1.6375354643938245e-06,7.714204144156999e-06,1.941124621905339e-05,16
main_00012,20263012,IJSH_a0,power:p1rhs7_1247,0.005630846613633972,2.1254432601278573e-11,0.0,16
main_00012,20263012,IJSH_a0,power:p3uhs13_1247,0.0,0.0,0.0,16
main_00012,20263012,IJSH_a0,power:p3uhs18_1247,0.0,0.0,0.0,16
main_00012,20263012,IJSH_a0,power:p3uhs25_1247,0.0,0.0,0.0,16
main_00012,20263012,IJSH_a0,power:p3uhs5_1247,0.0,0.0,0.0,16
main_00012,20263012,IJSH_a0,power:p3uhs9_1247,0.0013321333823685805,5.313608150319643e-12,0.0,16
main_00012,20263012,IJSH_a0,power:p4uhs15_1247,0.0012935038796751258,1.4315187276223955e-08,0.0,16
main_00012,20263012,IJSH_a0,power:p4uhs16_1247,0.0008864040220490019,1.4315186783138682e-08,0.0,16
main_00012,20263012,IJSH_a0,power:p5uhs11_1247,0.0,0.0,0.0,16
main_00012,20263012,IJSH_a0,power:p5uhs19_1247,0.03388211964272076,0.007720530845506181,3.7618765794657076e-05,16
main_00012,20263012,IJSH_a0,power:p5uhs1_1247,0.006526392466549291,0.00033964559840517195,0.00016806402642891987,16
main_00012,20263012,IJSH_a0,power:p5uhs28_1247,0.026880810315758827,0.007871860074393385,2.139814251413885e-05,16
main_00012,20263012,IJSH_a0,road:1183-5411,5.590775804709819e-05,4.365161946845423e-06,2.601992304221033e-05,16
main_00012,20263012,IJSH_a0,road:1247-1248,0.0008127319208747208,6.206305242948858e-06,5.6255847312702236e-05,16
main_00012,20263012,IJSH_a0,road:2220-7351,0.001060934300626322,4.471318292187943e-06,9.261800585833132e-05,16
main_00012,20263012,IJSH_a0,road:2834-6979,-1.3898031209630402e-06,6.462490710505029e-06,3.5454333955736e-05,16
main_00012,20263012,IJSH_a0,road:2904-2907,4.576767916825153e-05,5.069854441031117e-06,3.535699488767623e-05,16
main_00012,20263012,IJSH_a0,road:3346-6145,0.004097972314356317,8.61129220323983e-05,0.0001303413416232392,16
main_00012,20263012,IJSH_a0,road:5018-5024,1.5476181425798374e-05,7.2463111106717906e-06,2.1996173210835273e-05,16
main_00012,20263012,IJSH_a0,road:5035-5123,0.00036477855529305075,6.7620613087213475e-06,2.870227559048153e-05,16
main_00012,20263012,IJSH_a0,road:7169-7170,4.911838946290714e-06,7.714204144156999e-06,1.941124621905339e-05,16
main_00012,20263012,IJSH_a0.5,power:p1rhs7_1247,0.003753897742422648,2.1254432601278573e-11,0.0,16
main_00012,20263012,IJSH_a0.5,power:p3uhs13_1247,0.0,0.0,0.0,16
main_00012,20263012,IJSH_a0.5,power:p3uhs18_1247,0.0,0.0,0.0,16
main_00012,20263012,IJSH_a0.5,power:p3uhs25_1247,0.0,0.0,0.0,16
main_00012,20263012,IJSH_a0.5,power:p3uhs5_1247,0.0,0.0,0.0,16
main_00012,20263012,IJSH_a0.5,power:p3uhs9_1247,0.0008880889215790536,5.313608150319643e-12,0.0,16
main_00012,20263012,IJSH_a0.5,power:p4uhs15_1247,0.0008623359197834172,1.4315187276223955e-08,0.0,16
main_00012,20263012,IJSH_a0.5,power:p4uhs16_1247,0.0005909360146993345,1.4315186783138682e-08,0.0,16
main_00012,20263012,IJSH_a0.5,power:p5uhs11_1247,0.0,0.0,0.0,16
main_00012,20263012,IJSH_a0.5,power:p5uhs19_1247,0.022599768355942195,0.007720530845506181,3.7618765794657076e-05,16
main_00012,20263012,IJSH_a0.5,power:p5uhs1_1247,0.00962194766535678,0.00033964559840517195,0.00016806402642891987,16
main_00012,20263012,IJSH_a0.5,power:p5uhs28_1247,0.017934019284618068,0.007871860074393385,2.139814251413885e-05,16
main_00012,20263012,IJSH_a0.5,road:1183-5411,3.966827362348926e-05,4.365161946845423e-06,2.601992304221033e-05,16
main_00012,20263012,IJSH_a0.5,road:1247-1248,0.0009052214326244895,6.206305242948858e-06,5.6255847312702236e-05,16
main_00012,20263012,IJSH_a0.5,road:2220-7351,0.0005499260438545697,4.471318292187943e-06,9.261800585833132e-05,16
main_00012,20263012,IJSH_a0.5,road:2834-6979,3.832881469774396e-06,6.462490710505029e-06,3.5454333955736e-05,16
main_00012,20263012,IJSH_a0.5,road:2904-2907,6.81918376772168e-05,5.069854441031117e-06,3.535699488767623e-05,16
main_00012,20263012,IJSH_a0.5,road:3346-6145,0.009428316992460224,8.61129220323983e-05,0.0001303413416232392,16
main_00012,20263012,IJSH_a0.5,road:5018-5024,1.7166691557500096e-05,7.2463111106717906e-06,2.1996173210835273e-05,16
main_00012,20263012,IJSH_a0.5,road:5035-5123,0.00023666742747006456,6.7620613087213475e-06,2.870227559048153e-05,16
main_00012,20263012,IJSH_a0.5,road:7169-7170,2.7289699583594542e-06,7.714204144156999e-06,1.941124621905339e-05,16
main_00012,20263012,IJSH_a2,power:p1rhs7_1247,0.001876948871211324,2.1254432601278573e-11,0.0,16
main_00012,20263012,IJSH_a2,power:p3uhs13_1247,0.0,0.0,0.0,16
main_00012,20263012,IJSH_a2,power:p3uhs18_1247,0.0,0.0,0.0,16
main_00012,20263012,IJSH_a2,power:p3uhs25_1247,0.0,0.0,0.0,16
main_00012,20263012,IJSH_a2,power:p3uhs5_1247,0.0,0.0,0.0,16
main_00012,20263012,IJSH_a2,power:p3uhs9_1247,0.0004440444607895268,5.313608150319643e-12,0.0,16
main_00012,20263012,IJSH_a2,power:p4uhs15_1247,0.0004311679598917086,1.4315187276223955e-08,0.0,16
main_00012,20263012,IJSH_a2,power:p4uhs16_1247,0.00029546800734966727,1.4315186783138682e-08,0.0,16
main_00012,20263012,IJSH_a2,power:p5uhs11_1247,0.0,0.0,0.0,16
main_00012,20263012,IJSH_a2,power:p5uhs19_1247,0.011317417069163628,0.007720530845506181,3.7618765794657076e-05,16
main_00012,20263012,IJSH_a2,power:p5uhs1_1247,0.012717502864164268,0.00033964559840517195,0.00016806402642891987,16
main_00012,20263012,IJSH_a2,power:p5uhs28_1247,0.008987228253477308,0.007871860074393385,2.139814251413885e-05,16
main_00012,20263012,IJSH_a2,road:1183-5411,2.3428789199880323e-05,4.365161946845423e-06,2.601992304221033e-05,16
main_00012,20263012,IJSH_a2,road:1247-1248,0.0009977109443742582,6.206305242948858e-06,5.6255847312702236e-05,16
main_00012,20263012,IJSH_a2,road:2220-7351,3.8917787082817325e-05,4.471318292187943e-06,9.261800585833132e-05,16
main_00012,20263012,IJSH_a2,road:2834-6979,9.055566060511833e-06,6.462490710505029e-06,3.5454333955736e-05,16
main_00012,20263012,IJSH_a2,road:2904-2907,9.061599618618206e-05,5.069854441031117e-06,3.535699488767623e-05,16
main_00012,20263012,IJSH_a2,road:3346-6145,0.014758661670564131,8.61129220323983e-05,0.0001303413416232392,16
main_00012,20263012,IJSH_a2,road:5018-5024,1.8857201689201814e-05,7.2463111106717906e-06,2.1996173210835273e-05,16
main_00012,20263012,IJSH_a2,road:5035-5123,0.00010855629964707837,6.7620613087213475e-06,2.870227559048153e-05,16
main_00012,20263012,IJSH_a2,road:7169-7170,5.461009704281946e-07,7.714204144156999e-06,1.941124621905339e-05,16
main_00012,20263012,JSH,power:p1rhs7_1247,0.005630846613633972,2.1254432601278573e-11,0.0,16
main_00012,20263012,JSH,power:p3uhs13_1247,0.0,0.0,0.0,16
main_00012,20263012,JSH,power:p3uhs18_1247,0.0,0.0,0.0,16
main_00012,20263012,JSH,power:p3uhs25_1247,0.0,0.0,0.0,16
main_00012,20263012,JSH,power:p3uhs5_1247,0.0,0.0,0.0,16
main_00012,20263012,JSH,power:p3uhs9_1247,0.0013321333823685805,5.313608150319643e-12,0.0,16
main_00012,20263012,JSH,power:p4uhs15_1247,0.0012935038796751258,1.4315187276223955e-08,0.0,16
main_00012,20263012,JSH,power:p4uhs16_1247,0.0008864040220490019,1.4315186783138682e-08,0.0,16
main_00012,20263012,JSH,power:p5uhs11_1247,0.0,0.0,0.0,16
main_00012,20263012,JSH,power:p5uhs19_1247,0.03388211964272076,0.007720530845506181,3.7618765794657076e-05,16
main_00012,20263012,JSH,power:p5uhs1_1247,0.006526392466549291,0.00033964559840517195,0.00016806402642891987,16
main_00012,20263012,JSH,power:p5uhs28_1247,0.026880810315758827,0.007871860074393385,2.139814251413885e-05,16
main_00012,20263012,JSH,road:1183-5411,5.590775804709819e-05,4.365161946845423e-06,2.601992304221033e-05,16
main_00012,20263012,JSH,road:1247-1248,0.0008127319208747208,6.206305242948858e-06,5.6255847312702236e-05,16
main_00012,20263012,JSH,road:2220-7351,0.001060934300626322,4.471318292187943e-06,9.261800585833132e-05,16
main_00012,20263012,JSH,road:2834-6979,-1.3898031209630402e-06,6.462490710505029e-06,3.5454333955736e-05,16
main_00012,20263012,JSH,road:2904-2907,4.576767916825153e-05,5.069854441031117e-06,3.535699488767623e-05,16
main_00012,20263012,JSH,road:3346-6145,0.004097972314356317,8.61129220323983e-05,0.0001303413416232392,16
main_00012,20263012,JSH,road:5018-5024,1.5476181425798374e-05,7.2463111106717906e-06,2.1996173210835273e-05,16
main_00012,20263012,JSH,road:5035-5123,0.00036477855529305075,6.7620613087213475e-06,2.870227559048153e-05,16
main_00012,20263012,JSH,road:7169-7170,4.911838946290714e-06,7.714204144156999e-06,1.941124621905339e-05,16
main_00013,20263013,CEN,power:p1uhs0_1247,0.012560172266814619,3.8307908183551204e-06,2.980420896634909e-05,16
main_00013,20263013,CEN,power:p1uhs20_1247,0.011915356234031407,0.0,0.0,16
main_00013,20263013,CEN,power:p2uhs13_1247,0.0008569339635027937,0.0,0.0,16
main_00013,20263013,CEN,power:p2uhs3_1247,0.004246921672558009,4.955170574150633e-06,3.451434383576108e-05,16
main_00013,20263013,CEN,power:p3uhs12_1247,0.010994013439592385,1.838666911286703e-05,3.444386710242654e-05,16
main_00013,20263013,CEN,power:p3uhs18_1247,0.0018934469749757401,0.0,0.0,16
main_00013,20263013,CEN,power:p3uhs19_1247,0.005758005704649701,2.8116971460383382e-11,0.0,16
main_00013,20263013,CEN,power:p4uhs0_1247,0.010062405290878748,0.0,0.0,16
main_00013,20263013,CEN,power:p4uhs5_1247,0.007101208921275035,0.0,0.0,16
main_00013,20263013,CEN,power:p5uhs18_1247,0.012679227341873168,5.672452441577732e-06,3.5813272417219795e-05,16
main_00013,20263013,CEN,road:1225-1227,0.0005207512606366215,4.919583953198937e-06,2.130450822171654e-05,16
main_00013,20263013,CEN,road:1710-1712,0.0031792910888748817,7.253916420844523e-06,1.8736844616940107e-05,16
main_00013,20263013,CEN,road:1831-7460,0.0058744558580208,5.050271374746679e-06,1.9649479109000717e-05,16
main_00013,20263013,CEN,road:2388-7305,0.006289025567286479,1.5612931131887464e-05,4.490198520902732e-05,16
main_00013,20263013,CEN,road:2631-7440,0.010140799814843995,4.754063254303278e-06,4.730721210526483e-05,16
main_00013,20263013,CEN,road:2646-2647,0.003106041207059565,4.365516982612899e-06,4.2152060794077636e-05,16
main_00013,20263013,CEN,road:3858-3859,8.648410416010084e-05,5.865401055200465e-06,1.5314995672634787e-05,16
main_00013,20263013,CEN,road:4108-4109,0.003925331901985503,5.091868459905719e-06,2.685254326014851e-05,16
main_00013,20263013,CEN,road:4162-4195,7.386542704065552e-05,6.759631908249466e-06,2.4348252832964998e-05,16
main_00013,20263013,CEN,road:5277-5281,0.008113809387803341,3.8907508636815645e-06,2.709243274354052e-05,16
main_00013,20263013,CEN,road:6069-6076,0.0,6.21909155460099e-06,2.1831168780093334e-05,16
main_00013,20263013,IJSH,power:p1uhs0_1247,0.0029773091468124797,3.8307908183551204e-06,2.980420896634909e-05,16
main_00013,20263013,IJSH,power:p1uhs20_1247,0.0,0.0,0.0,16
main_00013,20263013,IJSH,power:p2uhs13_1247,0.00032621311818542206,0.0,0.0,16
main_00013,20263013,IJSH,power:p2uhs3_1247,0.0017314236955885375,4.955170574150633e-06,3.451434383576108e-05,16
main_00013,20263013,IJSH,power:p3uhs12_1247,0.0037060400112106304,1.838666911286703e-05,3.444386710242654e-05,16
main_00013,20263013,IJSH,power:p3uhs18_1247,0.0,0.0,0.0,16
main_00013,20263013,IJSH,power:p3uhs19_1247,0.001643981392135195,2.8116971460383382e-11,0.0,16
main_00013,20263013,IJSH,power:p4uhs0_1247,0.0,0.0,0.0,16
main_00013,20263013,IJSH,power:p4uhs5_1247,0.0,0.0,0.0,16
main_00013,20263013,IJSH,power:p5uhs18_1247,0.030958640749189793,5.672452441577732e-06,3.5813272417219795e-05,16
main_00013,20263013,IJSH,road:1225-1227,6.6253115177591915e-06,4.919583953198937e-06,2.130450822171654e-05,16
main_00013,20263013,IJSH,road:1710-1712,2.409611105629733e-06,7.253916420844523e-06,1.8736844616940107e-05,16
main_00013,20263013,IJSH,road:1831-7460,-1.2715171935084174e-05,5.050271374746679e-06,1.9649479109000717e-05,16
main_00013,20263013,IJSH,road:2388-7305,0.00018312310717103625,1.5612931131887464e-05,4.490198520902732e-05,16
main_00013,20263013,IJSH,road:2631-7440,0.001473929732784384,4.754063254303278e-06,4.730721210526483e-05,16
main_00013,20263013,IJSH,road:2646-2647,0.00014403570313709438,4.365516982612899e-06,4.2152060794077636e-05,16
main_00013,20263013,IJSH,road:3858-3859,1.750494035794234e-05,5.865401055200465e-06,1.5314995672634787e-05,16
main_00013,20263013,IJSH,road:4108-4109,0.00021812456155950039,5.091868459905719e-06,2.685254326014851e-05,16
main_00013,20263013,IJSH,road:4162-4195,1.0695693620013658e-05,6.759631908249466e-06,2.4348252832964998e-05,16
main_00013,20263013,IJSH,road:5277-5281,6.344099512679141e-05,3.8907508636815645e-06,2.709243274354052e-05,16
main_00013,20263013,IJSH,road:6069-6076,-8.669033812677696e-08,6.21909155460099e-06,2.1831168780093334e-05,16
main_00013,20263013,IJSH_a0,power:p1uhs0_1247,0.0057000873510323485,3.8307908183551204e-06,2.980420896634909e-05,16
main_00013,20263013,IJSH_a0,power:p1uhs20_1247,0.0,0.0,0.0,16
main_00013,20263013,IJSH_a0,power:p2uhs13_1247,0.0006524262363708441,0.0,0.0,16
main_00013,20263013,IJSH_a0,power:p2uhs3_1247,0.0032874786092629907,4.955170574150633e-06,3.451434383576108e-05,16
main_00013,20263013,IJSH_a0,power:p3uhs12_1247,0.006612231347474566,1.838666911286703e-05,3.444386710242654e-05,16
main_00013,20263013,IJSH_a0,power:p3uhs18_1247,0.0,0.0,0.0,16
main_00013,20263013,IJSH_a0,power:p3uhs19_1247,0.00328796278427039,2.8116971460383382e-11,0.0,16
main_00013,20263013,IJSH_a0,power:p4uhs0_1247,0.0,0.0,0.0,16
main_00013,20263013,IJSH_a0,power:p4uhs5_1247,0.0,0.0,0.0,16
main_00013,20263013,IJSH_a0,power:p5uhs18_1247,0.06187407235222555,5.672452441577732e-06,3.5813272417219795e-05,16
main_00013,20263013,IJSH_a0,road:1225-1227,9.37122409803981e-06,4.919583953198937e-06,2.130450822171654e-05,16
main_00013,20263013,IJSH_a0,road:1710-1712,9.182285801927204e-06,7.253916420844523e-06,1.8736844616940107e-05,16
main_00013,20263013,IJSH_a0,road:1831-7460,-2.7480195557497145e-06,5.050271374746679e-06,1.9649479109000717e-05,16
main_00013,20263013,IJSH_a0,road:2388-7305,0.00041968152929575814,1.5612931131887464e-05,4.490198520902732e-05,16
main_00013,20263013,IJSH_a0,road:2631-7440,0.0005652661232472961,4.754063254303278e-06,4.730721210526483e-05,16
main_00013,20263013,IJSH_a0,road:2646-2647,5.739573746997573e-05,4.365516982612899e-06,4.2152060794077636e-05,16
main_00013,20263013,IJSH_a0,road:3858-3859,7.995641747263194e-06,5.865401055200465e-06,1.5314995672634787e-05,16
main_00013,20263013,IJSH_a0,road:4108-4109,4.8888571668445624e-05,5.091868459905719e-06,2.685254326014851e-05,16
main_00013,20263013,IJSH_a0,road:4162-4195,1.8829577341727965e-05,6.759631908249466e-06,2.4348252832964998e-05,16
main_00013,20263013,IJSH_a0,road:5277-5281,0.00010463554726376778,3.8907508636815645e-06,2.709243274354052e-05,16
main_00013,20263013,IJSH_a0,road:6069-6076,7.486922367454241e-06,6.21909155460099e-06,2.1831168780093334e-05,16
main_00013,20263013,IJSH_a0.5,power:p1uhs0_1247,0.003884901881552436,3.8307908183551204e-06,2.980420896634909e-05,16
main_00013,20263013,IJSH_a0.5,power:p1uhs20_1247,0.0,0.0,0.0,16
main_00013,20263013,IJSH_a0.5,power:p2uhs13_1247,0.0004349508242472294,0.0,0.0,16
main_00013,20263013,IJSH_a0.5,power:p2uhs3_1247,0.002250108666813355,4.955170574150633e-06,3.451434383576108e-05,16
main_00013,20263013,IJSH_a0.5,power:p3uhs12_1247,0.004674770456631942,1.838666911286703e-05,3.444386710242654e-05,16
main_00013,20263013,IJSH_a0.5,power:p3uhs18_1247,0.0,0.0,0.0,16
main_00013,20263013,IJSH_a0.5,power:p3uhs19_1247,0.0021919751895135933,2.8116971460383382e-11,0.0,16
main_00013,20263013,IJSH_a0.5,power:p4uhs0_1247,0.0,0.0,0.0,16
main_00013,20263013,IJSH_a0.5,power:p4uhs5_1247,0.0,0.0,0.0,16
main_00013,20263013,IJSH_a0.5,power:p5uhs18_1247,0.04126378461686838,5.672452441577732e-06,3.5813272417219795e-05,16
main_00013,20263013,IJSH_a0.5,road:1225-1227,7.5406157111860645e-06,4.919583953198937e-06,2.130450822171654e-05,16
main_00013,20263013,IJSH_a0.5,road:1710-1712,4.66716933772889e-06,7.253916420844523e-06,1.8736844616940107e-05,16
main_00013,20263013,IJSH_a0.5,road:1831-7460,-9.392787808639355e-06,5.050271374746679e-06,1.9649479109000717e-05,16
main_00013,20263013,IJSH_a0.5,road:2388-7305,0.00026197591454594354,1.5612931131887464e-05,4.490198520902732e-05,16
main_00013,20263013,IJSH_a0.5,road:2631-7440,0.001171041862938688,4.754063254303278e-06,4.730721210526483e-05,16
main_00013,20263013,IJSH_a0.5,road:2646-2647,0.00011515571458138817,4.365516982612899e-06,4.2152060794077636e-05,16
main_00013,20263013,IJSH_a0.5,road:3858-3859,1.4335174154382624e-05,5.865401055200465e-06,1.5314995672634787e-05,16
main_00013,20263013,IJSH_a0.5,road:4108-4109,0.0001617125649291488,5.091868459905719e-06,2.685254326014851e-05,16
main_00013,20263013,IJSH_a0.5,road:4162-4195,1.3406988193918426e-05,6.759631908249466e-06,2.4348252832964998e-05,16
main_00013,20263013,IJSH_a0.5,road:5277-5281,7.717251250578354e-05,3.8907508636815645e-06,2.709243274354052e-05,16
main_00013,20263013,IJSH_a0.5,road:6069-6076,2.4378472304002288e-06,6.21909155460099e-06,2.1831168780093334e-05,16
main_00013,20263013,IJSH_a2,power:p1uhs0_1247,0.0020697164120725233,3.8307908183551204e-06,2.980420896634909e-05,16
main_00013,20263013,IJSH_a2,power:p1uhs20_1247,0.0,0.0,0.0,16
main_00013,20263013,IJSH_a2,power:p2uhs13_1247,0.0002174754121236147,0.0,0.0,16
main_00013,20263013,IJSH_a2,power:p2uhs3_1247,0.0012127387243637197,4.955170574150633e-06,3.451434383576108e-05,16
main_00013,20263013,IJSH_a2,power:p3uhs12_1247,0.0027373095657893184,1.838666911286703e-05,3.444386710242654e-05,16
main_00013,20263013,IJSH_a2,power:p3uhs18_1247,0.0,0.0,0.0,16
main_00013,20263013,IJSH_a2,power:p3uhs19_1247,0.0010959875947567966,2.8116971460383382e-11,0.0,16
main_00013,20263013,IJSH_a2,power:p4uhs0_1247,0.0,0.0,0.0,16
main_00013,20263013,IJSH_a2,power:p4uhs5_1247,0.0,0.0,0.0,16
main_00013,20263013,IJSH_a2,power:p5uhs18_1247,0.020653496881511208,5.672452441577732e-06,3.5813272417219795e-05,16
main_00013,20263013,IJSH_a2,road:1225-1227,5.710007324332318e-06,4.919583953198937e-06,2.130450822171654e-05,16
main_00013,20263013,IJSH_a2,road:1710-1712,1.520528735305763e-07,7.253916420844523e-06,1.8736844616940107e-05,16
main_00013,20263013,IJSH_a2,road:1831-7460,-1.6037556061528995e-05,5.050271374746679e-06,1.9649479109000717e-05,16
main_00013,20263013,IJSH_a2,road:2388-7305,0.00010427029979612895,1.5612931131887464e-05,4.490198520902732e-05,16
main_00013,20263013,IJSH_a2,road:2631-7440,0.0017768176026300801,4.754063254303278e-06,4.730721210526483e-05,16
main_00013,20263013,IJSH_a2,road:2646-2647,0.0001729156916928006,4.365516982612899e-06,4.2152060794077636e-05,16
main_00013,20263013,IJSH_a2,road:3858-3859,2.0674706561502054e-05,5.865401055200465e-06,1.5314995672634787e-05,16
main_00013,20263013,IJSH_a2,road:4108-4109,0.00027453655818985195,5.091868459905719e-06,2.685254326014851e-05,16
main_00013,20263013,IJSH_a2,road:4162-4195,7.984399046108889e-06,6.759631908249466e-06,2.4348252832964998e-05,16
main_00013,20263013,IJSH_a2,road:5277-5281,4.970947774779929e-05,3.8907508636815645e-06,2.709243274354052e-05,16
main_00013,20263013,IJSH_a2,road:6069-6076,-2.6112279066537827e-06,6.21909155460099e-06,2.1831168780093334e-05,16
main_00013,20263013,JSH,power:p1uhs0_1247,0.0057000873510323485,3.8307908183551204e-06,2.980420896634909e-05,16
main_00013,20263013,JSH,power:p1uhs20_1247,0.0,0.0,0.0,16
main_00013,20263013,JSH,power:p2uhs13_1247,0.0006524262363708441,0.0,0.0,16
main_00013,20263013,JSH,power:p2uhs3_1247,0.0032874786092629907,4.955170574150633e-06,3.451434383576108e-05,16
main_00013,20263013,JSH,power:p3uhs12_1247,0.006612231347474566,1.838666911286703e-05,3.444386710242654e-05,16
main_00013,20263013,JSH,power:p3uhs18_1247,0.0,0.0,0.0,16
main_00013,20263013,JSH,power:p3uhs19_1247,0.00328796278427039,2.8116971460383382e-11,0.0,16
main_00013,20263013,JSH,power:p4uhs0_1247,0.0,0.0,0.0,16
main_00013,20263013,JSH,power:p4uhs5_1247,0.0,0.0,0.0,16
main_00013,20263013,JSH,power:p5uhs18_1247,0.06187407235222555,5.672452441577732e-06,3.5813272417219795e-05,16
main_00013,20263013,JSH,road:1225-1227,9.37122409803981e-06,4.919583953198937e-06,2.130450822171654e-05,16
main_00013,20263013,JSH,road:1710-1712,9.182285801927204e-06,7.253916420844523e-06,1.8736844616940107e-05,16
main_00013,20263013,JSH,road:1831-7460,-2.7480195557497145e-06,5.050271374746679e-06,1.9649479109000717e-05,16
main_00013,20263013,JSH,road:2388-7305,0.00041968152929575814,1.5612931131887464e-05,4.490198520902732e-05,16
main_00013,20263013,JSH,road:2631-7440,0.0005652661232472961,4.754063254303278e-06,4.730721210526483e-05,16
main_00013,20263013,JSH,road:2646-2647,5.739573746997573e-05,4.365516982612899e-06,4.2152060794077636e-05,16
main_00013,20263013,JSH,road:3858-3859,7.995641747263194e-06,5.865401055200465e-06,1.5314995672634787e-05,16
main_00013,20263013,JSH,road:4108-4109,4.8888571668445624e-05,5.091868459905719e-06,2.685254326014851e-05,16
main_00013,20263013,JSH,road:4162-4195,1.8829577341727965e-05,6.759631908249466e-06,2.4348252832964998e-05,16
main_00013,20263013,JSH,road:5277-5281,0.00010463554726376778,3.8907508636815645e-06,2.709243274354052e-05,16
main_00013,20263013,JSH,road:6069-6076,7.486922367454241e-06,6.21909155460099e-06,2.1831168780093334e-05,16
main_00014,20263014,CEN,power:p1uhs0_1247,0.012560172266814619,0.0003098483440649017,3.493797394708103e-05,16
main_00014,20263014,CEN,power:p1uhs23_1247,0.002461607919087759,0.0,0.0,16
main_00014,20263014,CEN,power:p1uhs4_1247,0.007601914660491807,0.00030621079713944257,0.0,16
main_00014,20263014,CEN,power:p2uhs13_1247,0.0008569339635027937,0.0,0.0,16
main_00014,20263014,CEN,power:p2uhs1_1247,0.005409727199964317,0.0,0.0,16
main_00014,20263014,CEN,power:p3uhs17_1247,0.00339597022948534,0.0,0.0,16
main_00014,20263014,CEN,power:p3uhs9_1247,0.0023329341178297642,3.757288355659127e-12,0.0,16
main_00014,20263014,CEN,power:p4uhs10_1247,0.005142249329163014,3.757288355659128e-11,0.0,16
main_00014,20263014,CEN,power:p4uhs13_1247,0.006365639494776413,3.904688598413119e-11,0.0,16
main_00014,20263014,CEN,power:p5uhs0_1247,0.009081287482380644,8.66804059611666e-06,7.596733877271364e-05,16
main_00014,20263014,CEN,power:p5uhs13_1247,0.004444584631392644,8.220259745603762e-06,4.509927267382742e-05,16
main_00014,20263014,CEN,power:p5uhs26_1247,0.009197004805076653,0.0,0.0,16
main_00014,20263014,CEN,power:p5uhs6_1247,0.01392414810832046,1.0463993155340185e-05,6.84288808891758e-05,16
main_00014,20263014,CEN,road:2455-2458,0.0005355243460447525,9.066459819433024e-06,2.0367186874465294e-05,16
main_00014,20263014,CEN,road:2575-6177,0.0026385346084147492,7.734614298806736e-06,4.340348650815723e-05,16
main_00014,20263014,CEN,road:3565-3566,0.004081064843996218,9.528694820542855e-06,3.3851378993935497e-05,16
main_00014,20263014,CEN,road:3650-3902,0.022297818015285215,9.21483014318334e-06,4.027582680958204e-05,16
main_00014,20263014,CEN,road:3937-4077,0.002643766742830129,7.743949063006627e-06,3.1735222449423147e-05,16
main_00014,20263014,CEN,road:4366-4367,0.0009331665616136148,6.2300834546681245e-06,4.4207227359374355e-05,16
main_00014,20263014,CEN,road:4889-5463,0.04090144136069965,8.738111825772778e-06,2.8727800410308048e-05,16
main_00014,20263014,CEN,road:6464-6468,0.00957572929798298,5.812912459934014e-06,3.44942634820106e-05,16
main_00014,20263014,IJSH,power:p1uhs0_1247,0.0023901878113333566,0.0003098483440649017,3.493797394708103e-05,16
main_00014,20263014,IJSH,power:p1uhs23_1247,0.0,0.0,0.0,16
main_00014,20263014,IJSH,power:p1uhs4_1247,0.02018583923773783,0.00030621079713944257,0.0,16
main_00014,20263014,IJSH,power:p2uhs13_1247,0.00032621311827894794,0.0,0.0,16
main_00014,20263014,IJSH,power:p2uhs1_1247,0.0,0.0,0.0,16
main_00014,20263014,IJSH,power:p3uhs17_1247,0.0,0.0,0.0,16
main_00014,20263014,IJSH,power:p3uhs9_1247,0.0006660666911842764,3.757288355659127e-12,0.0,16
main_00014,20263014,IJSH,power:p4uhs10_1247,0.0009787641637940894,3.757288355659128e-11,0.0,16
main_00014,20263014,IJSH,power:p4uhs13_1247,0.0012116247968535845,3.904688598413119e-11,0.0,16
main_00014,20263014,IJSH,power:p5uhs0_1247,0.002436430539034192,8.66804059611666e-06,7.596733877271364e-05,16
main_00014,20263014,IJSH,power:p5uhs13_1247,0.0014968622100579101,8.220259745603762e-06,4.509927267382742e-05,16
main_00014,20263014,IJSH,power:p5uhs26_1247,0.0,0.0,0.0,16
main_00014,20263014,IJSH,power:p5uhs6_1247,0.007496629852380678,1.0463993155340185e-05,6.84288808891758e-05,16
main_00014,20263014,IJSH,road:2455-2458,7.593046797767233e-06,9.066459819433024e-06,2.0367186874465294e-05,16
main_00014,20263014,IJSH,road:2575-6177,4.837354113663636e-05,7.734614298806736e-06,4.340348650815723e-05,16
main_00014,20263014,IJSH,road:3565-3566,0.0001169088898756998,9.528694820542855e-06,3.3851378993935497e-05,16
main_00014,20263014,IJSH,road:3650-3902,0.00011599514820982704,9.21483014318334e-06,4.027582680958204e-05,16
main_00014,20263014,IJSH,road:3937-4077,2.7231789519761157e-05,7.743949063006627e-06,3.1735222449423147e-05,16
main_00014,20263014,IJSH,road:4366-4367,7.247486628387395e-05,6.2300834546681245e-06,4.4207227359374355e-05,16
main_00014,20263014,IJSH,road:4889-5463,7.515604715713567e-05,8.738111825772778e-06,2.8727800410308048e-05,16
main_00014,20263014,IJSH,road:6464-6468,0.0008746490923777599,5.812912459934014e-06,3.44942634820106e-05,16
main_00014,20263014,IJSH_a0,power:p1uhs0_1247,0.004631903834494126,0.0003098483440649017,3.493797394708103e-05,16
main_00014,20263014,IJSH_a0,power:p1uhs23_1247,0.0,0.0,0.0,16
main_00014,20263014,IJSH_a0,power:p1uhs4_1247,0.04037167847547566,0.00030621079713944257,0.0,16
main_00014,20263014,IJSH_a0,power:p2uhs13_1247,0.0006524262365578959,0.0,0.0,16
main_00014,20263014,IJSH_a0,power:p2uhs1_1247,0.0,0.0,0.0,16
main_00014,20263014,IJSH_a0,power:p3uhs17_1247,0.0,0.0,0.0,16
main_00014,20263014,IJSH_a0,power:p3uhs9_1247,0.0013321333823685527,3.757288355659127e-12,0.0,16
main_00014,20263014,IJSH_a0,power:p4uhs10_1247,0.001957528327588179,3.757288355659128e-11,0.0,16
main_00014,20263014,IJSH_a0,power:p4uhs13_1247,0.002423249593707169,3.904688598413119e-11,0.0,16
main_00014,20263014,IJSH_a0,power:p5uhs0_1247,0.003906900825574475,8.66804059611666e-06,7.596733877271364e-05,16
main_00014,20263014,IJSH_a0,power:p5uhs13_1247,0.00250229470454498,8.220259745603762e-06,4.509927267382742e-05,16
main_00014,20263014,IJSH_a0,power:p5uhs26_1247,0.0,0.0,0.0,16
main_00014,20263014,IJSH_a0,power:p5uhs6_1247,0.007462620335648859,1.0463993155340185e-05,6.84288808891758e-05,16
main_00014,20263014,IJSH_a0,road:2455-2458,6.750474383088179e-06,9.066459819433024e-06,2.0367186874465294e-05,16
main_00014,20263014,IJSH_a0,road:2575-6177,4.061465505550421e-06,7.734614298806736e-06,4.340348650815723e-05,16
main_00014,20263014,IJSH_a0,road:3565-3566,0.0002935296640279375,9.528694820542855e-06,3.3851378993935497e-05,16
main_00014,20263014,IJSH_a0,road:3650-3902,5.5951219121802565e-05,9.21483014318334e-06,4.027582680958204e-05,16
main_00014,20263014,IJSH_a0,road:3937-4077,2.1740343063209044e-05,7.743949063006627e-06,3.1735222449423147e-05,16
main_00014,20263014,IJSH_a0,road:4366-4367,1.784626005627704e-05,6.2300834546681245e-06,4.4207227359374355e-05,16
main_00014,20263014,IJSH_a0,road:4889-5463,0.00012626227356699743,8.738111825772778e-06,2.8727800410308048e-05,16
main_00014,20263014,IJSH_a0,road:6464-6468,0.0014523184127708325,5.812912459934014e-06,3.44942634820106e-05,16
main_00014,20263014,IJSH_a0.5,power:p1uhs0_1247,0.00313742648572028,0.0003098483440649017,3.493797394708103e-05,16
main_00014,20263014,IJSH_a0.5,power:p1uhs23_1247,0.0,0.0,0.0,16
main_00014,20263014,IJSH_a0.5,power:p1uhs4_1247,0.026914452316983774,0.00030621079713944257,0.0,16
main_00014,20263014,IJSH_a0.5,power:p2uhs13_1247,0.0004349508243719306,0.0,0.0,16
main_00014,20263014,IJSH_a0.5,power:p2uhs1_1247,0.0,0.0,0.0,16
main_00014,20263014,IJSH_a0.5,power:p3uhs17_1247,0.0,0.0,0.0,16
main_00014,20263014,IJSH_a0.5,power:p3uhs9_1247,0.0008880889215790352,3.757288355659127e-12,0.0,16
main_00014,20263014,IJSH_a0.5,power:p4uhs10_1247,0.0013050188850587858,3.757288355659128e-11,0.0,16
main_00014,20263014,IJSH_a0.5,power:p4uhs13_1247,0.0016154997291381128,3.904688598413119e-11,0.0,16
main_00014,20263014,IJSH_a0.5,power:p5uhs0_1247,0.002926587301214286,8.66804059611666e-06,7.596733877271364e-05,16
main_00014,20263014,IJSH_a0.5,power:p5uhs13_1247,0.0018320063748869335,8.220259745603762e-06,4.509927267382742e-05,16
main_00014,20263014,IJSH_a0.5,power:p5uhs26_1247,0.0,0.0,0.0,16
main_00014,20263014,IJSH_a0.5,power:p5uhs6_1247,0.007485293346803405,1.0463993155340185e-05,6.84288808891758e-05,16
main_00014,20263014,IJSH_a0.5,road:2455-2458,7.312189326207548e-06,9.066459819433024e-06,2.0367186874465294e-05,16
main_00014,20263014,IJSH_a0.5,road:2575-6177,3.3602849259607714e-05,7.734614298806736e-06,4.340348650815723e-05,16
main_00014,20263014,IJSH_a0.5,road:3565-3566,0.00017578248125977905,9.528694820542855e-06,3.3851378993935497e-05,16
main_00014,20263014,IJSH_a0.5,road:3650-3902,9.598050518048555e-05,9.21483014318334e-06,4.027582680958204e-05,16
main_00014,20263014,IJSH_a0.5,road:3937-4077,2.540130736757712e-05,7.743949063006627e-06,3.1735222449423147e-05,16
main_00014,20263014,IJSH_a0.5,road:4366-4367,5.426533087467498e-05,6.2300834546681245e-06,4.4207227359374355e-05,16
main_00014,20263014,IJSH_a0.5,road:4889-5463,9.219145596042293e-05,8.738111825772778e-06,2.8727800410308048e-05,16
main_00014,20263014,IJSH_a0.5,road:6464-6468,0.0010672055325087841,5.812912459934014e-06,3.44942634820106e-05,16
main_00014,20263014,IJSH_a2,power:p1uhs0_1247,0.0016429491369464335,0.0003098483440649017,3.493797394708103e-05,16
main_00014,20263014,IJSH_a2,power:p1uhs23_1247,0.0,0.0,0.0,16
main_00014,20263014,IJSH_a2,power:p1uhs4_1247,0.013457226158491887,0.00030621079713944257,0.0,16
main_00014,20263014,IJSH_a2,power:p2uhs13_1247,0.0002174754121859653,0.0,0.0,16
main_00014,20263014,IJSH_a2,power:p2uhs1_1247,0.0,0.0,0.0,16
main_00014,20263014,IJSH_a2,power:p3uhs17_1247,0.0,0.0,0.0,16
main_00014,20263014,IJSH_a2,power:p3uhs9_1247,0.0004440444607895176,3.757288355659127e-12,0.0,16
main_00014,20263014,IJSH_a2,power:p4uhs10_1247,0.0006525094425293929,3.757288355659128e-11,0.0,16
main_00014,20263014,IJSH_a2,power:p4uhs13_1247,0.0008077498645690564,3.904688598413119e-11,0.0,16
main_00014,20263014,IJSH_a2,power:p5uhs0_1247,0.0019462737768540979,8.66804059611666e-06,7.596733877271364e-05,16
main_00014,20263014,IJSH_a2,power:p5uhs13_1247,0.0011617180452288868,8.220259745603762e-06,4.509927267382742e-05,16
main_00014,20263014,IJSH_a2,power:p5uhs26_1247,0.0,0.0,0.0,16
main_00014,20263014,IJSH_a2,power:p5uhs6_1247,0.00750796635795795,1.0463993155340185e-05,6.84288808891758e-05,16
main_00014,20263014,IJSH_a2,road:2455-2458,7.873904269326918e-06,9.066459819433024e-06,2.0367186874465294e-05,16
main_00014,20263014,IJSH_a2,road:2575-6177,6.314423301366501e-05,7.734614298806736e-06,4.340348650815723e-05,16
main_00014,20263014,IJSH_a2,road:3565-3566,5.803529849162057e-05,9.528694820542855e-06,3.3851378993935497e-05,16
main_00014,20263014,IJSH_a2,road:3650-3902,0.00013600979123916854,9.21483014318334e-06,4.027582680958204e-05,16
main_00014,20263014,IJSH_a2,road:3937-4077,2.9062271671945195e-05,7.743949063006627e-06,3.1735222449423147e-05,16
main_00014,20263014,IJSH_a2,road:4366-4367,9.068440169307292e-05,6.2300834546681245e-06,4.4207227359374355e-05,16
main_00014,20263014,IJSH_a2,road:4889-5463,5.812063835384842e-05,8.738111825772778e-06,2.8727800410308048e-05,16
main_00014,20263014,IJSH_a2,road:6464-6468,0.0006820926522467357,5.812912459934014e-06,3.44942634820106e-05,16
main_00014,20263014,JSH,power:p1uhs0_1247,0.004631903834494126,0.0003098483440649017,3.493797394708103e-05,16
main_00014,20263014,JSH,power:p1uhs23_1247,0.0,0.0,0.0,16
main_00014,20263014,JSH,power:p1uhs4_1247,0.04037167847547566,0.00030621079713944257,0.0,16
main_00014,20263014,JSH,power:p2uhs13_1247,0.0006524262365578959,0.0,0.0,16
main_00014,20263014,JSH,power:p2uhs1_1247,0.0,0.0,0.0,16
main_00014,20263014,JSH,power:p3uhs17_1247,0.0,0.0,0.0,16
main_00014,20263014,JSH,power:p3uhs9_1247,0.0013321333823685527,3.757288355659127e-12,0.0,16
main_00014,20263014,JSH,power:p4uhs10_1247,0.001957528327588179,3.757288355659128e-11,0.0,16
main_00014,20263014,JSH,power:p4uhs13_1247,0.002423249593707169,3.904688598413119e-11,0.0,16
main_00014,20263014,JSH,power:p5uhs0_1247,0.003906900825574475,8.66804059611666e-06,7.596733877271364e-05,16
main_00014,20263014,JSH,power:p5uhs13_1247,0.00250229470454498,8.220259745603762e-06,4.509927267382742e-05,16
main_00014,20263014,JSH,power:p5uhs26_1247,0.0,0.0,0.0,16
main_00014,20263014,JSH,power:p5uhs6_1247,0.007462620335648859,1.0463993155340185e-05,6.84288808891758e-05,16
main_00014,20263014,JSH,road:2455-2458,6.750474383088179e-06,9.066459819433024e-06,2.0367186874465294e-05,16
main_00014,20263014,JSH,road:2575-6177,4.061465505550421e-06,7.734614298806736e-06,4.340348650815723e-05,16
main_00014,20263014,JSH,road:3565-3566,0.0002935296640279375,9.528694820542855e-06,3.3851378993935497e-05,16
main_00014,20263014,JSH,road:3650-3902,5.5951219121802565e-05,9.21483014318334e-06,4.027582680958204e-05,16
main_00014,20263014,JSH,road:3937-4077,2.1740343063209044e-05,7.743949063006627e-06,3.1735222449423147e-05,16
main_00014,20263014,JSH,road:4366-4367,1.784626005627704e-05,6.2300834546681245e-06,4.4207227359374355e-05,16
main_00014,20263014,JSH,road:4889-5463,0.00012626227356699743,8.738111825772778e-06,2.8727800410308048e-05,16
main_00014,20263014,JSH,road:6464-6468,0.0014523184127708325,5.812912459934014e-06,3.44942634820106e-05,16
main_00015,20263015,CEN,power:p1uhs15_1247,0.009897877566445433,0.0,0.0,16
main_00015,20263015,CEN,power:p2uhs1_1247,0.005409727199964317,0.0,0.0,16
main_00015,20263015,CEN,power:p2uhs8_1247,0.004907677616681638,0.0,0.0,16
main_00015,20263015,CEN,power:p3uhs23_1247,0.00855929247868727,0.0,0.0,16
main_00015,20263015,CEN,power:p3uhs4_1247,0.01217521858954894,0.000349430173309226,2.6371861933295224e-05,16
main_00015,20263015,CEN,power:p3uhs7_1247,0.00735268872699328,0.000349872890272008,0.0,16
main_00015,20263015,CEN,power:p4uhs13_1247,0.006365639494776413,0.0,0.0,16
main_00015,20263015,CEN,power:p4uhs16_1247,0.0023283171985992316,0.0,0.0,16
main_00015,20263015,CEN,power:p4uhs2_1247,0.006237702574234303,0.0,0.0,16
main_00015,20263015,CEN,power:p4uhs4_1247,0.0034390706029247954,8.384385680785418e-05,0.0,16
main_00015,20263015,CEN,power:p4uhs5_1247,0.007101208921275035,0.0,0.0,16
main_00015,20263015,CEN,power:p4uhs8_1247,0.0068505904623684865,8.384385680786639e-05,0.0,16
main_00015,20263015,CEN,power:p5uhs18_1247,0.012679227341873168,8.804969068096389e-06,2.6533563527198285e-05,16
main_00015,20263015,CEN,power:p5uhs8_1247,0.012942089072012403,0.0,0.0,16
main_00015,20263015,CEN,road:1980-2003,0.001368664808540813,4.659839849201261e-06,1.973343861273058e-05,16
main_00015,20263015,CEN,road:3433-3438,0.0003151591553734636,7.717862827666834e-06,1.667064078671255e-05,16
main_00015,20263015,CEN,road:4434-4436,0.003212838303655846,6.815209754381456e-06,1.8934046240678674e-05,16
main_00015,20263015,CEN,road:5988-5989,0.012640221202332175,6.118060287536758e-06,2.2617121558955102e-05,16
main_00015,20263015,CEN,road:6532-6538,0.0002499113614875512,4.537428488159713e-06,1.6874997164997436e-05,16
main_00015,20263015,IJSH,power:p1uhs15_1247,0.0,0.0,0.0,16
main_00015,20263015,IJSH,power:p2uhs1_1247,0.002059346595971418,0.0,0.0,16
main_00015,20263015,IJSH,power:p2uhs8_1247,0.0,0.0,0.0,16
main_00015,20263015,IJSH,power:p3uhs23_1247,0.0,0.0,0.0,16
main_00015,20263015,IJSH,power:p3uhs4_1247,0.04511192901451326,0.000349430173309226,2.6371861933295224e-05,16
main_00015,20263015,IJSH,power:p3uhs7_1247,0.0012245554491351132,0.000349872890272008,0.0,16
main_00015,20263015,IJSH,power:p4uhs13_1247,0.0,0.0,0.0,16
main_00015,20263015,IJSH,power:p4uhs16_1247,0.0,0.0,0.0,16
main_00015,20263015,IJSH,power:p4uhs2_1247,0.0,0.0,0.0,16
main_00015,20263015,IJSH,power:p4uhs4_1247,0.0005113940473707862,8.384385680785418e-05,0.0,16
main_00015,20263015,IJSH,power:p4uhs5_1247,0.0,0.0,0.0,16
main_00015,20263015,IJSH,power:p4uhs8_1247,0.010937287051187905,8.384385680786639e-05,0.0,16
main_00015,20263015,IJSH,power:p5uhs18_1247,0.0034977778276967693,8.804969068096389e-06,2.6533563527198285e-05,16
main_00015,20263015,IJSH,power:p5uhs8_1247,0.0,0.0,0.0,16
main_00015,20263015,IJSH,road:1980-2003,-1.0909972855098482e-06,4.659839849201261e-06,1.973343861273058e-05,16
main_00015,20263015,IJSH,road:3433-3438,4.678083200759797e-06,7.717862827666834e-06,1.667064078671255e-05,16
main_00015,20263015,IJSH,road:4434-4436,4.247523178234e-05,6.815209754381456e-06,1.8934046240678674e-05,16
main_00015,20263015,IJSH,road:5988-5989,0.004249489422952859,6.118060287536758e-06,2.2617121558955102e-05,16
main_00015,20263015,IJSH,road:6532-6538,2.81254352954112e-05,4.537428488159713e-06,1.6874997164997436e-05,16
main_00015,20263015,IJSH_a0,power:p1uhs15_1247,0.0,0.0,0.0,16
main_00015,20263015,IJSH_a0,power:p2uhs1_1247,0.004118693191942836,0.0,0.0,16
main_00015,20263015,IJSH_a0,power:p2uhs8_1247,0.0,0.0,0.0,16
main_00015,20263015,IJSH_a0,power:p3uhs23_1247,0.0,0.0,0.0,16
main_00015,20263015,IJSH_a0,power:p3uhs4_1247,0.09019150713117415,0.000349430173309226,2.6371861933295224e-05,16
main_00015,20263015,IJSH_a0,power:p3uhs7_1247,0.0024491108982702264,0.000349872890272008,0.0,16
main_00015,20263015,IJSH_a0,power:p4uhs13_1247,0.0,0.0,0.0,16
main_00015,20263015,IJSH_a0,power:p4uhs16_1247,0.0,0.0,0.0,16
main_00015,20263015,IJSH_a0,power:p4uhs2_1247,0.0,0.0,0.0,16
main_00015,20263015,IJSH_a0,power:p4uhs4_1247,0.0010227880947415724,8.384385680785418e-05,0.0,16
main_00015,20263015,IJSH_a0,power:p4uhs5_1247,0.0,0.0,0.0,16
main_00015,20263015,IJSH_a0,power:p4uhs8_1247,0.02187457410237581,8.384385680786639e-05,0.0,16
main_00015,20263015,IJSH_a0,power:p5uhs18_1247,0.006040343940829793,8.804969068096389e-06,2.6533563527198285e-05,16
main_00015,20263015,IJSH_a0,power:p5uhs8_1247,0.0,0.0,0.0,16
main_00015,20263015,IJSH_a0,road:1980-2003,2.8831670482523664e-06,4.659839849201261e-06,1.973343861273058e-05,16
main_00015,20263015,IJSH_a0,road:3433-3438,-2.0862259743764655e-06,7.717862827666834e-06,1.667064078671255e-05,16
main_00015,20263015,IJSH_a0,road:4434-4436,-6.030655961830611e-07,6.815209754381456e-06,1.8934046240678674e-05,16
main_00015,20263015,IJSH_a0,road:5988-5989,0.0021981383186601977,6.118060287536758e-06,2.2617121558955102e-05,16
main_00015,20263015,IJSH_a0,road:6532-6538,2.1404714216563536e-06,4.537428488159713e-06,1.6874997164997436e-05,16
main_00015,20263015,IJSH_a0.5,power:p1uhs15_1247,0.0,0.0,0.0,16
main_00015,20263015,IJSH_a0.5,power:p2uhs1_1247,0.0027457954612952243,0.0,0.0,16
main_00015,20263015,IJSH_a0.5,power:p2uhs8_1247,0.0,0.0,0.0,16
main_00015,20263015,IJSH_a0.5,power:p3uhs23_1247,0.0,0.0,0.0,16
main_00015,20263015,IJSH_a0.5,power:p3uhs4_1247,0.060138455053400215,0.000349430173309226,2.6371861933295224e-05,16
main_00015,20263015,IJSH_a0.5,power:p3uhs7_1247,0.0016327405988468175,0.000349872890272008,0.0,16
main_00015,20263015,IJSH_a0.5,power:p4uhs13_1247,0.0,0.0,0.0,16
main_00015,20263015,IJSH_a0.5,power:p4uhs16_1247,0.0,0.0,0.0,16
main_00015,20263015,IJSH_a0.5,power:p4uhs2_1247,0.0,0.0,0.0,16
main_00015,20263015,IJSH_a0.5,power:p4uhs4_1247,0.0006818587298277149,8.384385680785418e-05,0.0,16
main_00015,20263015,IJSH_a0.5,power:p4uhs5_1247,0.0,0.0,0.0,16
main_00015,20263015,IJSH_a0.5,power:p4uhs8_1247,0.014583049401583873,8.384385680786639e-05,0.0,16
main_00015,20263015,IJSH_a0.5,power:p5uhs18_1247,0.004345299865407777,8.804969068096389e-06,2.6533563527198285e-05,16
main_00015,20263015,IJSH_a0.5,power:p5uhs8_1247,0.0,0.0,0.0,16
main_00015,20263015,IJSH_a0.5,road:1980-2003,2.3372415907755664e-07,4.659839849201261e-06,1.973343861273058e-05,16
main_00015,20263015,IJSH_a0.5,road:3433-3438,2.423313475714376e-06,7.717862827666834e-06,1.667064078671255e-05,16
main_00015,20263015,IJSH_a0.5,road:4434-4436,2.8115799322832313e-05,6.815209754381456e-06,1.8934046240678674e-05,16
main_00015,20263015,IJSH_a0.5,road:5988-5989,0.0035657057215219717,6.118060287536758e-06,2.2617121558955102e-05,16
main_00015,20263015,IJSH_a0.5,road:6532-6538,1.9463780670826252e-05,4.537428488159713e-06,1.6874997164997436e-05,16
main_00015,20263015,IJSH_a2,power:p1uhs15_1247,0.0,0.0,0.0,16
main_00015,20263015,IJSH_a2,power:p2uhs1_1247,0.0013728977306476122,0.0,0.0,16
main_00015,20263015,IJSH_a2,power:p2uhs8_1247,0.0,0.0,0.0,16
main_00015,20263015,IJSH_a2,power:p3uhs23_1247,0.0,0.0,0.0,16
main_00015,20263015,IJSH_a2,power:p3uhs4_1247,0.030085402975626296,0.000349430173309226,2.6371861933295224e-05,16
main_00015,20263015,IJSH_a2,power:p3uhs7_1247,0.0008163702994234088,0.000349872890272008,0.0,16
main_00015,20263015,IJSH_a2,power:p4uhs13_1247,0.0,0.0,0.0,16
main_00015,20263015,IJSH_a2,power:p4uhs16_1247,0.0,0.0,0.0,16
main_00015,20263015,IJSH_a2,power:p4uhs2_1247,0.0,0.0,0.0,16
main_00015,20263015,IJSH_a2,power:p4uhs4_1247,0.00034092936491385745,8.384385680785418e-05,0.0,16
main_00015,20263015,IJSH_a2,power:p4uhs5_1247,0.0,0.0,0.0,16
main_00015,20263015,IJSH_a2,power:p4uhs8_1247,0.007291524700791936,8.384385680786639e-05,0.0,16
main_00015,20263015,IJSH_a2,power:p5uhs18_1247,0.0026502557899857615,8.804969068096389e-06,2.6533563527198285e-05,16
main_00015,20263015,IJSH_a2,power:p5uhs8_1247,0.0,0.0,0.0,16
main_00015,20263015,IJSH_a2,road:1980-2003,-2.415718730097253e-06,4.659839849201261e-06,1.973343861273058e-05,16
main_00015,20263015,IJSH_a2,road:3433-3438,6.932852925805218e-06,7.717862827666834e-06,1.667064078671255e-05,16
main_00015,20263015,IJSH_a2,road:4434-4436,5.683466424184769e-05,6.815209754381456e-06,1.8934046240678674e-05,16
main_00015,20263015,IJSH_a2,road:5988-5989,0.004933273124383746,6.118060287536758e-06,2.2617121558955102e-05,16
main_00015,20263015,IJSH_a2,road:6532-6538,3.678708991999615e-05,4.537428488159713e-06,1.6874997164997436e-05,16
main_00015,20263015,JSH,power:p1uhs15_1247,0.0,0.0,0.0,16
main_00015,20263015,JSH,power:p2uhs1_1247,0.004118693191942836,0.0,0.0,16
main_00015,20263015,JSH,power:p2uhs8_1247,0.0,0.0,0.0,16
main_00015,20263015,JSH,power:p3uhs23_1247,0.0,0.0,0.0,16
main_00015,20263015,JSH,power:p3uhs4_1247,0.09019150713117415,0.000349430173309226,2.6371861933295224e-05,16
main_00015,20263015,JSH,power:p3uhs7_1247,0.0024491108982702264,0.000349872890272008,0.0,16
main_00015,20263015,JSH,power:p4uhs13_1247,0.0,0.0,0.0,16
main_00015,20263015,JSH,power:p4uhs16_1247,0.0,0.0,0.0,16
main_00015,20263015,JSH,power:p4uhs2_1247,0.0,0.0,0.0,16
main_00015,20263015,JSH,power:p4uhs4_1247,0.0010227880947415724,8.384385680785418e-05,0.0,16
main_00015,20263015,JSH,power:p4uhs5_1247,0.0,0.0,0.0,16
main_00015,20263015,JSH,power:p4uhs8_1247,0.02187457410237581,8.384385680786639e-05,0.0,16
main_00015,20263015,JSH,power:p5uhs18_1247,0.006040343940829793,8.804969068096389e-06,2.6533563527198285e-05,16
main_00015,20263015,JSH,power:p5uhs8_1247,0.0,0.0,0.0,16
main_00015,20263015,JSH,road:1980-2003,2.8831670482523664e-06,4.659839849201261e-06,1.973343861273058e-05,16
main_00015,20263015,JSH,road:3433-3438,-2.0862259743764655e-06,7.717862827666834e-06,1.667064078671255e-05,16
main_00015,20263015,JSH,road:4434-4436,-6.030655961830611e-07,6.815209754381456e-06,1.8934046240678674e-05,16
main_00015,20263015,JSH,road:5988-5989,0.0021981383186601977,6.118060287536758e-06,2.2617121558955102e-05,16
main_00015,20263015,JSH,road:6532-6538,2.1404714216563536e-06,4.537428488159713e-06,1.6874997164997436e-05,16
main_00016,20263016,CEN,power:p1uhs15_1247,0.009897877566445433,1.3724234551785274e-05,7.511660097625115e-05,16
main_00016,20263016,CEN,power:p1uhs21_1247,0.007096414509078083,1.0627216300639287e-11,0.0,16
main_00016,20263016,CEN,power:p2uhs11_1247,0.00727634791864211,0.0,0.0,16
main_00016,20263016,CEN,power:p2uhs8_1247,0.004907677616681638,0.0,0.0,16
main_00016,20263016,CEN,power:p3uhs20_1247,0.009393298541255026,0.0,0.0,16
main_00016,20263016,CEN,power:p3uhs22_1247,0.0053845180907632125,0.0,0.0,16
main_00016,20263016,CEN,power:p4uhs20_1247,0.008808101318556784,9.203725659394322e-06,3.296393025108481e-05,16
main_00016,20263016,CEN,power:p4uhs4_1247,0.0034390706029247954,1.915848664370084e-11,0.0,16
main_00016,20263016,CEN,power:p5uhs25_1247,0.006510602219851533,5.2151791209374115e-06,2.4373753206979933e-05,16
main_00016,20263016,CEN,power:p5uhs6_1247,0.01392414810832046,0.0,0.0,16
main_00016,20263016,CEN,power:p5uhs9_1247,0.010421368577560033,6.670142397171954e-06,4.587592591185816e-05,16
main_00016,20263016,CEN,road:1203-7136,0.0009050053675543648,2.324543232304789e-06,1.828191876027494e-05,16
main_00016,20263016,CEN,road:1306-1337,0.0003142358375354554,4.388670103491441e-06,3.150476569905697e-05,16
main_00016,20263016,CEN,road:1611-1675,0.0020196038843365897,3.3928977048003223e-06,1.9287954479409437e-05,16
main_00016,20263016,CEN,road:2856-2858,0.0001575795776867318,4.965283075698223e-06,3.2388790021878044e-05,16
main_00016,20263016,CEN,road:4377-4379,0.002444945635045698,1.1895922148211737e-05,6.995727295995222e-05,16
main_00016,20263016,CEN,road:4630-4777,9.356287425149698e-05,3.136362747172708e-06,2.1945934947611932e-05,16
main_00016,20263016,CEN,road:5129-5134,0.0013095724669082887,2.3261547670941153e-06,2.580249758045856e-05,16
main_00016,20263016,CEN,road:5153-5157,0.0004668910534194768,2.4361396668693543e-06,3.66748309555513e-05,16
main_00016,20263016,CEN,road:5156-5213,0.04463133765364009,4.076569225921211e-06,3.0124596981798314e-05,16
main_00016,20263016,CEN,road:5868-5873,0.02501698904821935,4.871948101491625e-06,2.9142180045567407e-05,16
main_00016,20263016,CEN,road:6467-6469,0.008383725969114401,4.551282438634459e-06,3.107640693259718e-05,16
main_00016,20263016,CEN,road:6671-6989,0.0022627442483454142,3.7748549071363745e-06,3.150983866066985e-05,16
main_00016,20263016,IJSH,power:p1uhs15_1247,0.0036211956684668485,1.3724234551785274e-05,7.511660097625115e-05,16
main_00016,20263016,IJSH,power:p1uhs21_1247,0.0013507163627916874,1.0627216300639287e-11,0.0,16
main_00016,20263016,IJSH,power:p2uhs11_1247,0.0,0.0,0.0,16
main_00016,20263016,IJSH,power:p2uhs8_1247,0.0018682290040156757,0.0,0.0,16
main_00016,20263016,IJSH,power:p3uhs20_1247,0.0026818704674231968,0.0,0.0,16
main_00016,20263016,IJSH,power:p3uhs22_1247,0.0,0.0,0.0,16
main_00016,20263016,IJSH,power:p4uhs20_1247,0.005141345969942552,9.203725659394322e-06,3.296393025108481e-05,16
main_00016,20263016,IJSH,power:p4uhs4_1247,0.0006545846632758402,1.915848664370084e-11,0.0,16
main_00016,20263016,IJSH,power:p5uhs25_1247,0.001543952887984118,5.2151791209374115e-06,2.4373753206979933e-05,16
main_00016,20263016,IJSH,power:p5uhs6_1247,0.0,0.0,0.0,16
main_00016,20263016,IJSH,power:p5uhs9_1247,0.007716821372160242,6.670142397171954e-06,4.587592591185816e-05,16
main_00016,20263016,IJSH,road:1203-7136,1.1364324614918098e-05,2.324543232304789e-06,1.828191876027494e-05,16
main_00016,20263016,IJSH,road:1306-1337,2.5730810209904226e-05,4.388670103491441e-06,3.150476569905697e-05,16
main_00016,20263016,IJSH,road:1611-1675,1.318509944090926e-05,3.3928977048003223e-06,1.9287954479409437e-05,16
main_00016,20263016,IJSH,road:2856-2858,-6.297176262774068e-06,4.965283075698223e-06,3.2388790021878044e-05,16
main_00016,20263016,IJSH,road:4377-4379,0.00028203611528520786,1.1895922148211737e-05,6.995727295995222e-05,16
main_00016,20263016,IJSH,road:4630-4777,2.3055017423369295e-05,3.136362747172708e-06,2.1945934947611932e-05,16
main_00016,20263016,IJSH,road:5129-5134,2.154911009875221e-05,2.3261547670941153e-06,2.580249758045856e-05,16
main_00016,20263016,IJSH,road:5153-5157,6.618999997005243e-06,2.4361396668693543e-06,3.66748309555513e-05,16
main_00016,20263016,IJSH,road:5156-5213,2.7357769139778332e-05,4.076569225921211e-06,3.0124596981798314e-05,16
main_00016,20263016,IJSH,road:5868-5873,6.25634865717116e-05,4.871948101491625e-06,2.9142180045567407e-05,16
main_00016,20263016,IJSH,road:6467-6469,9.713494847819401e-05,4.551282438634459e-06,3.107640693259718e-05,16
main_00016,20263016,IJSH,road:6671-6989,-1.0641362011121203e-05,3.7748549071363745e-06,3.150983866066985e-05,16
main_00016,20263016,IJSH_a0,power:p1uhs15_1247,0.004683539857925856,1.3724234551785274e-05,7.511660097625115e-05,16
main_00016,20263016,IJSH_a0,power:p1uhs21_1247,0.0027014327255833748,1.0627216300639287e-11,0.0,16
main_00016,20263016,IJSH_a0,power:p2uhs11_1247,0.0,0.0,0.0,16
main_00016,20263016,IJSH_a0,power:p2uhs8_1247,0.0037364580080313514,0.0,0.0,16
main_00016,20263016,IJSH_a0,power:p3uhs20_1247,0.0053637409348463935,0.0,0.0,16
main_00016,20263016,IJSH_a0,power:p3uhs22_1247,0.0,0.0,0.0,16
main_00016,20263016,IJSH_a0,power:p4uhs20_1247,0.009822309763020787,9.203725659394322e-06,3.296393025108481e-05,16
main_00016,20263016,IJSH_a0,power:p4uhs4_1247,0.0013091693265516804,1.915848664370084e-11,0.0,16
main_00016,20263016,IJSH_a0,power:p5uhs25_1247,0.0027581716155634164,5.2151791209374115e-06,2.4373753206979933e-05,16
main_00016,20263016,IJSH_a0,power:p5uhs6_1247,0.0,0.0,0.0,16
main_00016,20263016,IJSH_a0,power:p5uhs9_1247,0.005460357533922419,6.670142397171954e-06,4.587592591185816e-05,16
main_00016,20263016,IJSH_a0,road:1203-7136,6.703613824460275e-08,2.324543232304789e-06,1.828191876027494e-05,16
main_00016,20263016,IJSH_a0,road:1306-1337,1.1684131447455004e-05,4.388670103491441e-06,3.150476569905697e-05,16
main_00016,20263016,IJSH_a0,road:1611-1675,1.0210608106311914e-06,3.3928977048003223e-06,1.9287954479409437e-05,16
main_00016,20263016,IJSH_a0,road:2856-2858,1.9932665824166917e-05,4.965283075698223e-06,3.2388790021878044e-05,16
main_00016,20263016,IJSH_a0,road:4377-4379,0.0005578979109271062,1.1895922148211737e-05,6.995727295995222e-05,16
main_00016,20263016,IJSH_a0,road:4630-4777,3.6952238780689484e-05,3.136362747172708e-06,2.1945934947611932e-05,16
main_00016,20263016,IJSH_a0,road:5129-5134,6.3479024911689e-06,2.3261547670941153e-06,2.580249758045856e-05,16
main_00016,20263016,IJSH_a0,road:5153-5157,-1.6278763597527002e-07,2.4361396668693543e-06,3.66748309555513e-05,16
main_00016,20263016,IJSH_a0,road:5156-5213,3.58555377501929e-06,4.076569225921211e-06,3.0124596981798314e-05,16
main_00016,20263016,IJSH_a0,road:5868-5873,0.00012845254764762976,4.871948101491625e-06,2.9142180045567407e-05,16
main_00016,20263016,IJSH_a0,road:6467-6469,0.0002954493503600081,4.551282438634459e-06,3.107640693259718e-05,16
main_00016,20263016,IJSH_a0,road:6671-6989,-6.70623719015162e-07,3.7748549071363745e-06,3.150983866066985e-05,16
main_00016,20263016,IJSH_a0.5,power:p1uhs15_1247,0.003975310398286518,1.3724234551785274e-05,7.511660097625115e-05,16
main_00016,20263016,IJSH_a0.5,power:p1uhs21_1247,0.0018009551503889165,1.0627216300639287e-11,0.0,16
main_00016,20263016,IJSH_a0.5,power:p2uhs11_1247,0.0,0.0,0.0,16
main_00016,20263016,IJSH_a0.5,power:p2uhs8_1247,0.002490972005354234,0.0,0.0,16
main_00016,20263016,IJSH_a0.5,power:p3uhs20_1247,0.0035758272898975957,0.0,0.0,16
main_00016,20263016,IJSH_a0.5,power:p3uhs22_1247,0.0,0.0,0.0,16
main_00016,20263016,IJSH_a0.5,power:p4uhs20_1247,0.006701667234301964,9.203725659394322e-06,3.296393025108481e-05,16
main_00016,20263016,IJSH_a0.5,power:p4uhs4_1247,0.0008727795510344536,1.915848664370084e-11,0.0,16
main_00016,20263016,IJSH_a0.5,power:p5uhs25_1247,0.0019486924638438842,5.2151791209374115e-06,2.4373753206979933e-05,16
main_00016,20263016,IJSH_a0.5,power:p5uhs6_1247,0.0,0.0,0.0,16
main_00016,20263016,IJSH_a0.5,power:p5uhs9_1247,0.006964666759414301,6.670142397171954e-06,4.587592591185816e-05,16
main_00016,20263016,IJSH_a0.5,road:1203-7136,7.598561789360266e-06,2.324543232304789e-06,1.828191876027494e-05,16
main_00016,20263016,IJSH_a0.5,road:1306-1337,2.1048583955754485e-05,4.388670103491441e-06,3.150476569905697e-05,16
main_00016,20263016,IJSH_a0.5,road:1611-1675,9.130419897483236e-06,3.3928977048003223e-06,1.9287954479409437e-05,16
main_00016,20263016,IJSH_a0.5,road:2856-2858,2.4461044328729273e-06,4.965283075698223e-06,3.2388790021878044e-05,16
main_00016,20263016,IJSH_a0.5,road:4377-4379,0.00037399004716584067,1.1895922148211737e-05,6.995727295995222e-05,16
main_00016,20263016,IJSH_a0.5,road:4630-4777,2.7687424542476025e-05,3.136362747172708e-06,2.1945934947611932e-05,16
main_00016,20263016,IJSH_a0.5,road:5129-5134,1.6482040896224442e-05,2.3261547670941153e-06,2.580249758045856e-05,16
main_00016,20263016,IJSH_a0.5,road:5153-5157,4.358404119345072e-06,2.4361396668693543e-06,3.66748309555513e-05,16
main_00016,20263016,IJSH_a0.5,road:5156-5213,1.943369735152532e-05,4.076569225921211e-06,3.0124596981798314e-05,16
main_00016,20263016,IJSH_a0.5,road:5868-5873,8.452650693035098e-05,4.871948101491625e-06,2.9142180045567407e-05,16
main_00016,20263016,IJSH_a0.5,road:6467-6469,0.00016323974910546538,4.551282438634459e-06,3.107640693259718e-05,16
main_00016,20263016,IJSH_a0.5,road:6671-6989,-7.317782580419189e-06,3.7748549071363745e-06,3.150983866066985e-05,16
main_00016,20263016,IJSH_a2,power:p1uhs15_1247,0.0032670809386471794,1.3724234551785274e-05,7.511660097625115e-05,16
main_00016,20263016,IJSH_a2,power:p1uhs21_1247,0.0009004775751944583,1.0627216300639287e-11,0.0,16
main_00016,20263016,IJSH_a2,power:p2uhs11_1247,0.0,0.0,0.0,16
main_00016,20263016,IJSH_a2,power:p2uhs8_1247,0.001245486002677117,0.0,0.0,16
main_00016,20263016,IJSH_a2,power:p3uhs20_1247,0.0017879136449487978,0.0,0.0,16
main_00016,20263016,IJSH_a2,power:p3uhs22_1247,0.0,0.0,0.0,16
main_00016,20263016,IJSH_a2,power:p4uhs20_1247,0.0035810247055831405,9.203725659394322e-06,3.296393025108481e-05,16
main_00016,20263016,IJSH_a2,power:p4uhs4_1247,0.0004363897755172268,1.915848664370084e-11,0.0,16
main_00016,20263016,IJSH_a2,power:p5uhs25_1247,0.0011392133121243518,5.2151791209374115e-06,2.4373753206979933e-05,16
main_00016,20263016,IJSH_a2,power:p5uhs6_1247,0.0,0.0,0.0,16
main_00016,20263016,IJSH_a2,power:p5uhs9_1247,0.008468975984906183,6.670142397171954e-06,4.587592591185816e-05,16
main_00016,20263016,IJSH_a2,road:1203-7136,1.5130087440475929e-05,2.324543232304789e-06,1.828191876027494e-05,16
main_00016,20263016,IJSH_a2,road:1306-1337,3.0413036464053966e-05,4.388670103491441e-06,3.150476569905697e-05,16
main_00016,20263016,IJSH_a2,road:1611-1675,1.723977898433528e-05,3.3928977048003223e-06,1.9287954479409437e-05,16
main_00016,20263016,IJSH_a2,road:2856-2858,-1.5040456958421064e-05,4.965283075698223e-06,3.2388790021878044e-05,16
main_00016,20263016,IJSH_a2,road:4377-4379,0.00019008218340457508,1.1895922148211737e-05,6.995727295995222e-05,16
main_00016,20263016,IJSH_a2,road:4630-4777,1.8422610304262566e-05,3.136362747172708e-06,2.1945934947611932e-05,16
main_00016,20263016,IJSH_a2,road:5129-5134,2.661617930127998e-05,2.3261547670941153e-06,2.580249758045856e-05,16
main_00016,20263016,IJSH_a2,road:5153-5157,8.879595874665414e-06,2.4361396668693543e-06,3.66748309555513e-05,16
main_00016,20263016,IJSH_a2,road:5156-5213,3.528184092803135e-05,4.076569225921211e-06,3.0124596981798314e-05,16
main_00016,20263016,IJSH_a2,road:5868-5873,4.060046621307221e-05,4.871948101491625e-06,2.9142180045567407e-05,16
main_00016,20263016,IJSH_a2,road:6467-6469,3.103014785092265e-05,4.551282438634459e-06,3.107640693259718e-05,16
main_00016,20263016,IJSH_a2,road:6671-6989,-1.3964941441823217e-05,3.7748549071363745e-06,3.150983866066985e-05,16
main_00016,20263016,JSH,power:p1uhs15_1247,0.004683539857925856,1.3724234551785274e-05,7.511660097625115e-05,16
main_00016,20263016,JSH,power:p1uhs21_1247,0.0027014327255833748,1.0627216300639287e-11,0.0,16
main_00016,20263016,JSH,power:p2uhs11_1247,0.0,0.0,0.0,16
main_00016,20263016,JSH,power:p2uhs8_1247,0.0037364580080313514,0.0,0.0,16
main_00016,20263016,JSH,power:p3uhs20_1247,0.0053637409348463935,0.0,0.0,16
main_00016,20263016,JSH,power:p3uhs22_1247,0.0,0.0,0.0,16
main_00016,20263016,JSH,power:p4uhs20_1247,0.009822309763020787,9.203725659394322e-06,3.296393025108481e-05,16
main_00016,20263016,JSH,power:p4uhs4_1247,0.0013091693265516804,1.915848664370084e-11,0.0,16
main_00016,20263016,JSH,power:p5uhs25_1247,0.0027581716155634164,5.2151791209374115e-06,2.4373753206979933e-05,16
main_00016,20263016,JSH,power:p5uhs6_1247,0.0,0.0,0.0,16
main_00016,20263016,JSH,power:p5uhs9_1247,0.005460357533922419,6.670142397171954e-06,4.587592591185816e-05,16
main_00016,20263016,JSH,road:1203-7136,6.703613824460275e-08,2.324543232304789e-06,1.828191876027494e-05,16
main_00016,20263016,JSH,road:1306-1337,1.1684131447455004e-05,4.388670103491441e-06,3.150476569905697e-05,16
main_00016,20263016,JSH,road:1611-1675,1.0210608106311914e-06,3.3928977048003223e-06,1.9287954479409437e-05,16
main_00016,20263016,JSH,road:2856-2858,1.9932665824166917e-05,4.965283075698223e-06,3.2388790021878044e-05,16
main_00016,20263016,JSH,road:4377-4379,0.0005578979109271062,1.1895922148211737e-05,6.995727295995222e-05,16
main_00016,20263016,JSH,road:4630-4777,3.6952238780689484e-05,3.136362747172708e-06,2.1945934947611932e-05,16
main_00016,20263016,JSH,road:5129-5134,6.3479024911689e-06,2.3261547670941153e-06,2.580249758045856e-05,16
main_00016,20263016,JSH,road:5153-5157,-1.6278763597527002e-07,2.4361396668693543e-06,3.66748309555513e-05,16
main_00016,20263016,JSH,road:5156-5213,3.58555377501929e-06,4.076569225921211e-06,3.0124596981798314e-05,16
main_00016,20263016,JSH,road:5868-5873,0.00012845254764762976,4.871948101491625e-06,2.9142180045567407e-05,16
main_00016,20263016,JSH,road:6467-6469,0.0002954493503600081,4.551282438634459e-06,3.107640693259718e-05,16
main_00016,20263016,JSH,road:6671-6989,-6.70623719015162e-07,3.7748549071363745e-06,3.150983866066985e-05,16
main_00017,20263017,CEN,power:p1rhs4_1247,0.004228407807906995,0.0,0.0,16
main_00017,20263017,CEN,power:p1uhs16_1247,0.008751827005438114,0.0,0.0,16
main_00017,20263017,CEN,power:p1uhs3_1247,0.004007663180505028,7.268075618295186e-06,1.9122092430051105e-05,16
main_00017,20263017,CEN,power:p1uhs6_1247,0.007916642057560255,0.0,0.0,16
main_00017,20263017,CEN,power:p2uhs5_1247,0.008574071955338962,6.025158324882103e-06,4.8190105226172296e-05,16
main_00017,20263017,CEN,power:p3uhs10_1247,0.01060144985931833,0.0003910152797640839,0.0,16
main_00017,20263017,CEN,power:p3uhs20_1247,0.009393298541255026,0.00023082389368841752,0.0,16
main_00017,20263017,CEN,power:p3uhs3_1247,0.010264233175441723,0.0002332996078647505,2.7607278696556666e-05,16
main_00017,20263017,CEN,power:p3uhs9_1247,0.0023329341178297642,5.687627144717636e-05,0.0,16
main_00017,20263017,CEN,power:p4uhs11_1247,0.0015074209669032129,0.0,0.0,16
main_00017,20263017,CEN,power:p4uhs12_1247,0.004848648427519117,0.0,0.0,16
main_00017,20263017,CEN,power:p5uhs0_1247,0.009081287482380644,0.00032594439519359947,4.0211006196123535e-05,16
main_00017,20263017,CEN,power:p5uhs19_1247,0.013799110336177704,0.0,0.0,16
main_00017,20263017,CEN,power:p5uhs21_1247,0.013419273610772709,0.0003299256449197528,2.6134300328645702e-05,16
main_00017,20263017,CEN,road:1263-1685,0.005405102623699968,5.380465465647365e-06,1.6089381950240897e-05,16
main_00017,20263017,CEN,road:3270-6621,0.002366771391427671,7.896267346128105e-06,2.1286453520825467e-05,16
main_00017,20263017,CEN,road:3325-3326,0.0034205848172076895,4.3102141899622705e-06,0.0003603641755704531,16
main_00017,20263017,CEN,road:3503-3504,0.054641949653324924,8.685637877864789e-06,0.0003297927505852268,16
main_00017,20263017,CEN,road:4807-4828,0.009349208655058304,3.179521370711731e-06,2.0053559282325495e-05,16
main_00017,20263017,CEN,road:4844-5260,0.007169563012133627,4.887303632216401e-06,1.3929563485716512e-05,16
main_00017,20263017,CEN,road:5045-6168,0.03505345394736842,6.433963441661212e-06,2.0801641585228233e-05,16
main_00017,20263017,CEN,road:5332-5371,0.0001575795776867318,4.978757038261208e-06,1.719625324284946e-05,16
main_00017,20263017,CEN,road:5821-7139,0.0004381143141348881,4.32493989731453e-06,1.8746574328459075e-05,16
main_00017,20263017,CEN,road:6216-7375,0.004101993381657737,9.319132393068859e-06,3.7703078243405544e-05,16
main_00017,20263017,IJSH,power:p1rhs4_1247,0.004024119351235304,0.0,0.0,16
main_00017,20263017,IJSH,power:p1uhs16_1247,0.0016658004568120104,0.0,0.0,16
main_00017,20263017,IJSH,power:p1uhs3_1247,0.0010676311317805512,7.268075618295186e-06,1.9122092430051105e-05,16
main_00017,20263017,IJSH,power:p1uhs6_1247,0.0,0.0,0.0,16
main_00017,20263017,IJSH,power:p2uhs5_1247,0.0038295243720973295,6.025158324882103e-06,4.8190105226172296e-05,16
main_00017,20263017,IJSH,power:p3uhs10_1247,0.021907190844813376,0.0003910152797640839,0.0,16
main_00017,20263017,IJSH,power:p3uhs20_1247,0.0022348839644990917,0.00023082389368841752,0.0,16
main_00017,20263017,IJSH,power:p3uhs3_1247,0.003160633801700747,0.0002332996078647505,2.7607278696556666e-05,16
main_00017,20263017,IJSH,power:p3uhs9_1247,0.0005689319656549674,5.687627144717636e-05,0.0,16
main_00017,20263017,IJSH,power:p4uhs11_1247,0.0002869185970208639,0.0,0.0,16
main_00017,20263017,IJSH,power:p4uhs12_1247,0.0,0.0,0.0,16
main_00017,20263017,IJSH,power:p5uhs0_1247,0.030469897248776752,0.00032594439519359947,4.0211006196123535e-05,16
main_00017,20263017,IJSH,power:p5uhs19_1247,0.0,0.0,0.0,16
main_00017,20263017,IJSH,power:p5uhs21_1247,0.003725552600773969,0.0003299256449197528,2.6134300328645702e-05,16
main_00017,20263017,IJSH,road:1263-1685,-2.2944563128173e-06,5.380465465647365e-06,1.6089381950240897e-05,16
main_00017,20263017,IJSH,road:3270-6621,-6.526633772041546e-06,7.896267346128105e-06,2.1286453520825467e-05,16
main_00017,20263017,IJSH,road:3325-3326,0.001978008308173851,4.3102141899622705e-06,0.0003603641755704531,16
main_00017,20263017,IJSH,road:3503-3504,0.003354532983441995,8.685637877864789e-06,0.0003297927505852268,16
main_00017,20263017,IJSH,road:4807-4828,2.471420373174535e-05,3.179521370711731e-06,2.0053559282325495e-05,16
main_00017,20263017,IJSH,road:4844-5260,1.0793728395498692e-05,4.887303632216401e-06,1.3929563485716512e-05,16
main_00017,20263017,IJSH,road:5045-6168,0.00010133761104527683,6.433963441661212e-06,2.0801641585228233e-05,16
main_00017,20263017,IJSH,road:5332-5371,3.849202522349798e-06,4.978757038261208e-06,1.719625324284946e-05,16
main_00017,20263017,IJSH,road:5821-7139,5.182757151993289e-06,4.32493989731453e-06,1.8746574328459075e-05,16
main_00017,20263017,IJSH,road:6216-7375,0.00038837223592259537,9.319132393068859e-06,3.7703078243405544e-05,16
main_00017,20263017,IJSH_a0,power:p1rhs4_1247,0.008048238702470609,0.0,0.0,16
main_00017,20263017,IJSH_a0,power:p1uhs16_1247,0.0033316009136240207,0.0,0.0,16
main_00017,20263017,IJSH_a0,power:p1uhs3_1247,0.0019082306390614395,7.268075618295186e-06,1.9122092430051105e-05,16
main_00017,20263017,IJSH_a0,power:p1uhs6_1247,0.0,0.0,0.0,16
main_00017,20263017,IJSH_a0,power:p2uhs5_1247,0.006667414612005304,6.025158324882103e-06,4.8190105226172296e-05,16
main_00017,20263017,IJSH_a0,power:p3uhs10_1247,0.04381438168962675,0.0003910152797640839,0.0,16
main_00017,20263017,IJSH_a0,power:p3uhs20_1247,0.004469767928998183,0.00023082389368841752,0.0,16
main_00017,20263017,IJSH_a0,power:p3uhs3_1247,0.005414751340563795,0.0002332996078647505,2.7607278696556666e-05,16
main_00017,20263017,IJSH_a0,power:p3uhs9_1247,0.0011378639313099348,5.687627144717636e-05,0.0,16
main_00017,20263017,IJSH_a0,power:p4uhs11_1247,0.0005738371940417278,0.0,0.0,16
main_00017,20263017,IJSH_a0,power:p4uhs12_1247,0.0,0.0,0.0,16
main_00017,20263017,IJSH_a0,power:p5uhs0_1247,0.06045867725518665,0.00032594439519359947,4.0211006196123535e-05,16
main_00017,20263017,IJSH_a0,power:p5uhs19_1247,0.0,0.0,0.0,16
main_00017,20263017,IJSH_a0,power:p5uhs21_1247,0.0050155370239694935,0.0003299256449197528,2.6134300328645702e-05,16
main_00017,20263017,IJSH_a0,road:1263-1685,1.86513781985434e-05,5.380465465647365e-06,1.6089381950240897e-05,16
main_00017,20263017,IJSH_a0,road:3270-6621,6.777202558407025e-06,7.896267346128105e-06,2.1286453520825467e-05,16
main_00017,20263017,IJSH_a0,road:3325-3326,6.217154675079717e-05,4.3102141899622705e-06,0.0003603641755704531,16
main_00017,20263017,IJSH_a0,road:3503-3504,0.0009272305381918186,8.685637877864789e-06,0.0003297927505852268,16
main_00017,20263017,IJSH_a0,road:4807-4828,4.259862056484737e-05,3.179521370711731e-06,2.0053559282325495e-05,16
main_00017,20263017,IJSH_a0,road:4844-5260,5.281906359747013e-06,4.887303632216401e-06,1.3929563485716512e-05,16
main_00017,20263017,IJSH_a0,road:5045-6168,5.678184212950382e-05,6.433963441661212e-06,2.0801641585228233e-05,16
main_00017,20263017,IJSH_a0,road:5332-5371,1.924064698233252e-06,4.978757038261208e-06,1.719625324284946e-05,16
main_00017,20263017,IJSH_a0,road:5821-7139,-5.94046030836376e-06,4.32493989731453e-06,1.8746574328459075e-05,16
main_00017,20263017,IJSH_a0,road:6216-7375,0.0008399718691050259,9.319132393068859e-06,3.7703078243405544e-05,16
main_00017,20263017,IJSH_a0.5,power:p1rhs4_1247,0.005365492468313739,0.0,0.0,16
main_00017,20263017,IJSH_a0.5,power:p1uhs16_1247,0.002221067275749347,0.0,0.0,16
main_00017,20263017,IJSH_a0.5,power:p1uhs3_1247,0.0013478309675408473,7.268075618295186e-06,1.9122092430051105e-05,16
main_00017,20263017,IJSH_a0.5,power:p1uhs6_1247,0.0,0.0,0.0,16
main_00017,20263017,IJSH_a0.5,power:p2uhs5_1247,0.004775487785399987,6.025158324882103e-06,4.8190105226172296e-05,16
main_00017,20263017,IJSH_a0.5,power:p3uhs10_1247,0.0292095877930845,0.0003910152797640839,0.0,16
main_00017,20263017,IJSH_a0.5,power:p3uhs20_1247,0.002979845285998789,0.00023082389368841752,0.0,16
main_00017,20263017,IJSH_a0.5,power:p3uhs3_1247,0.003912006314655096,0.0002332996078647505,2.7607278696556666e-05,16
main_00017,20263017,IJSH_a0.5,power:p3uhs9_1247,0.0007585759542066232,5.687627144717636e-05,0.0,16
main_00017,20263017,IJSH_a0.5,power:p4uhs11_1247,0.00038255812936115186,0.0,0.0,16
main_00017,20263017,IJSH_a0.5,power:p4uhs12_1247,0.0,0.0,0.0,16
main_00017,20263017,IJSH_a0.5,power:p5uhs0_1247,0.04046615725091338,0.00032594439519359947,4.0211006196123535e-05,16
main_00017,20263017,IJSH_a0.5,power:p5uhs19_1247,0.0,0.0,0.0,16
main_00017,20263017,IJSH_a0.5,power:p5uhs21_1247,0.004155547408505811,0.0003299256449197528,2.6134300328645702e-05,16
main_00017,20263017,IJSH_a0.5,road:1263-1685,4.687488524302934e-06,5.380465465647365e-06,1.6089381950240897e-05,16
main_00017,20263017,IJSH_a0.5,road:3270-6621,-2.092021661892022e-06,7.896267346128105e-06,2.1286453520825467e-05,16
main_00017,20263017,IJSH_a0.5,road:3325-3326,0.0013393960543661664,4.3102141899622705e-06,0.0003603641755704531,16
main_00017,20263017,IJSH_a0.5,road:3503-3504,0.002545432168358603,8.685637877864789e-06,0.0003297927505852268,16
main_00017,20263017,IJSH_a0.5,road:4807-4828,3.067567600944602e-05,3.179521370711731e-06,2.0053559282325495e-05,16
main_00017,20263017,IJSH_a0.5,road:4844-5260,8.956454383581466e-06,4.887303632216401e-06,1.3929563485716512e-05,16
main_00017,20263017,IJSH_a0.5,road:5045-6168,8.64856880733525e-05,6.433963441661212e-06,2.0801641585228233e-05,16
main_00017,20263017,IJSH_a0.5,road:5332-5371,3.2074899143109494e-06,4.978757038261208e-06,1.719625324284946e-05,16
main_00017,20263017,IJSH_a0.5,road:5821-7139,1.4750179985409395e-06,4.32493989731453e-06,1.8746574328459075e-05,16
main_00017,20263017,IJSH_a0.5,road:6216-7375,0.0005389054469834056,9.319132393068859e-06,3.7703078243405544e-05,16
main_00017,20263017,IJSH_a2,power:p1rhs4_1247,0.0026827462341568694,0.0,0.0,16
main_00017,20263017,IJSH_a2,power:p1uhs16_1247,0.0011105336378746736,0.0,0.0,16
main_00017,20263017,IJSH_a2,power:p1uhs3_1247,0.0007874312960202551,7.268075618295186e-06,1.9122092430051105e-05,16
main_00017,20263017,IJSH_a2,power:p1uhs6_1247,0.0,0.0,0.0,16
main_00017,20263017,IJSH_a2,power:p2uhs5_1247,0.002883560958794671,6.025158324882103e-06,4.8190105226172296e-05,16
main_00017,20263017,IJSH_a2,power:p3uhs10_1247,0.01460479389654225,0.0003910152797640839,0.0,16
main_00017,20263017,IJSH_a2,power:p3uhs20_1247,0.0014899226429993945,0.00023082389368841752,0.0,16
main_00017,20263017,IJSH_a2,power:p3uhs3_1247,0.0024092612887463977,0.0002332996078647505,2.7607278696556666e-05,16
main_00017,20263017,IJSH_a2,power:p3uhs9_1247,0.0003792879771033116,5.687627144717636e-05,0.0,16
main_00017,20263017,IJSH_a2,power:p4uhs11_1247,0.00019127906468057593,0.0,0.0,16
main_00017,20263017,IJSH_a2,power:p4uhs12_1247,0.0,0.0,0.0,16
main_00017,20263017,IJSH_a2,power:p5uhs0_1247,0.020473637246640117,0.00032594439519359947,4.0211006196123535e-05,16
main_00017,20263017,IJSH_a2,power:p5uhs19_1247,0.0,0.0,0.0,16
main_00017,20263017,IJSH_a2,power:p5uhs21_1247,0.0032955577930421274,0.0003299256449197528,2.6134300328645702e-05,16
main_00017,20263017,IJSH_a2,road:1263-1685,-9.276401149937533e-06,5.380465465647365e-06,1.6089381950240897e-05,16
main_00017,20263017,IJSH_a2,road:3270-6621,-1.096124588219107e-05,7.896267346128105e-06,2.1286453520825467e-05,16
main_00017,20263017,IJSH_a2,road:3325-3326,0.0026166205619815356,4.3102141899622705e-06,0.0003603641755704531,16
main_00017,20263017,IJSH_a2,road:3503-3504,0.004163633798525387,8.685637877864789e-06,0.0003297927505852268,16
main_00017,20263017,IJSH_a2,road:4807-4828,1.8752731454044675e-05,3.179521370711731e-06,2.0053559282325495e-05,16
main_00017,20263017,IJSH_a2,road:4844-5260,1.2631002407415918e-05,4.887303632216401e-06,1.3929563485716512e-05,16
main_00017,20263017,IJSH_a2,road:5045-6168,0.00011618953401720117,6.433963441661212e-06,2.0801641585228233e-05,16
main_00017,20263017,IJSH_a2,road:5332-5371,4.490915130388647e-06,4.978757038261208e-06,1.719625324284946e-05,16
main_00017,20263017,IJSH_a2,road:5821-7139,8.890496305445639e-06,4.32493989731453e-06,1.8746574328459075e-05,16
main_00017,20263017,IJSH_a2,road:6216-7375,0.00023783902486178518,9.319132393068859e-06,3.7703078243405544e-05,16
main_00017,20263017,JSH,power:p1rhs4_1247,0.008048238702470609,0.0,0.0,16
main_00017,20263017,JSH,power:p1uhs16_1247,0.0033316009136240207,0.0,0.0,16
main_00017,20263017,JSH,power:p1uhs3_1247,0.0019082306390614395,7.268075618295186e-06,1.9122092430051105e-05,16
main_00017,20263017,JSH,power:p1uhs6_1247,0.0,0.0,0.0,16
main_00017,20263017,JSH,power:p2uhs5_1247,0.006667414612005304,6.025158324882103e-06,4.8190105226172296e-05,16
main_00017,20263017,JSH,power:p3uhs10_1247,0.04381438168962675,0.0003910152797640839,0.0,16
main_00017,20263017,JSH,power:p3uhs20_1247,0.004469767928998183,0.00023082389368841752,0.0,16
main_00017,20263017,JSH,power:p3uhs3_1247,0.005414751340563795,0.0002332996078647505,2.7607278696556666e-05,16
main_00017,20263017,JSH,power:p3uhs9_1247,0.0011378639313099348,5.687627144717636e-05,0.0,16
main_00017,20263017,JSH,power:p4uhs11_1247,0.0005738371940417278,0.0,0.0,16
main_00017,20263017,JSH,power:p4uhs12_1247,0.0,0.0,0.0,16
main_00017,20263017,JSH,power:p5uhs0_1247,0.06045867725518665,0.00032594439519359947,4.0211006196123535e-05,16
main_00017,20263017,JSH,power:p5uhs19_1247,0.0,0.0,0.0,16
main_00017,20263017,JSH,power:p5uhs21_1247,0.0050155370239694935,0.0003299256449197528,2.6134300328645702e-05,16
main_00017,20263017,JSH,road:1263-1685,1.86513781985434e-05,5.380465465647365e-06,1.6089381950240897e-05,16
main_00017,20263017,JSH,road:3270-6621,6.777202558407025e-06,7.896267346128105e-06,2.1286453520825467e-05,16
main_00017,20263017,JSH,road:3325-3326,6.217154675079717e-05,4.3102141899622705e-06,0.0003603641755704531,16
main_00017,20263017,JSH,road:3503-3504,0.0009272305381918186,8.685637877864789e-06,0.0003297927505852268,16
main_00017,20263017,JSH,road:4807-4828,4.259862056484737e-05,3.179521370711731e-06,2.0053559282325495e-05,16
main_00017,20263017,JSH,road:4844-5260,5.281906359747013e-06,4.887303632216401e-06,1.3929563485716512e-05,16
main_00017,20263017,JSH,road:5045-6168,5.678184212950382e-05,6.433963441661212e-06,2.0801641585228233e-05,16
main_00017,20263017,JSH,road:5332-5371,1.924064698233252e-06,4.978757038261208e-06,1.719625324284946e-05,16
main_00017,20263017,JSH,road:5821-7139,-5.94046030836376e-06,4.32493989731453e-06,1.8746574328459075e-05,16
main_00017,20263017,JSH,road:6216-7375,0.0008399718691050259,9.319132393068859e-06,3.7703078243405544e-05,16
main_00018,20263018,CEN,power:p1rhs3_1247,0.007673010690426157,8.578978679438341e-06,2.1141395243862585e-05,16
main_00018,20263018,CEN,power:p1rhs4_1247,0.004228407807906995,0.0,0.0,16
main_00018,20263018,CEN,power:p2uhs10_1247,0.004319775219842035,0.0,0.0,16
main_00018,20263018,CEN,power:p2uhs13_1247,0.0008569339635027937,0.0,0.0,16
main_00018,20263018,CEN,power:p3uhs13_1247,0.012792260321926438,0.0,0.0,16
main_00018,20263018,CEN,power:p3uhs8_1247,0.016505234549672912,1.6124133884934443e-05,0.0002175832081538744,16
main_00018,20263018,CEN,power:p4uhs3_1247,0.003498378904213606,5.313608150319643e-12,0.0,16
main_00018,20263018,CEN,power:p5uhs9_1247,0.010421368577560033,1.4108313012035898e-05,0.00018984877856879822,16
main_00018,20263018,CEN,road:1185-1186,0.00016004175858808697,7.816295427151722e-06,2.8557821891232563e-05,16
main_00018,20263018,CEN,road:2321-7002,3.724048613299716e-05,6.588244534120462e-06,3.203931047901778e-05,16
main_00018,20263018,CEN,road:2932-2933,0.0010476579735266309,5.214874750521834e-06,6.142161876444704e-05,16
main_00018,20263018,CEN,road:3003-3105,0.0016275015757957767,7.745158893197907e-06,4.8913535213567615e-05,16
main_00018,20263018,CEN,road:3149-3152,0.014960826701859439,4.983945813248834e-06,5.898797316299428e-05,16
main_00018,20263018,CEN,road:3632-3899,0.0002557590411282698,6.84179053584307e-06,2.998938903820799e-05,16
main_00018,20263018,CEN,road:3729-3735,0.00034593641664040336,7.2049811762258715e-06,3.357830246904636e-05,16
main_00018,20263018,IJSH,power:p1rhs3_1247,0.007370993061749549,8.578978679438341e-06,2.1141395243862585e-05,16
main_00018,20263018,IJSH,power:p1rhs4_1247,0.004024119350493155,0.0,0.0,16
main_00018,20263018,IJSH,power:p2uhs10_1247,0.0,0.0,0.0,16
main_00018,20263018,IJSH,power:p2uhs13_1247,0.0,0.0,0.0,16
main_00018,20263018,IJSH,power:p3uhs13_1247,0.0,0.0,0.0,16
main_00018,20263018,IJSH,power:p3uhs8_1247,0.00719204793683885,1.6124133884934443e-05,0.0002175832081538744,16
main_00018,20263018,IJSH,power:p4uhs3_1247,0.0006658737240529608,5.313608150319643e-12,0.0,16
main_00018,20263018,IJSH,power:p5uhs9_1247,0.01299008414913768,1.4108313012035898e-05,0.00018984877856879822,16
main_00018,20263018,IJSH,road:1185-1186,2.293502897911248e-06,7.816295427151722e-06,2.8557821891232563e-05,16
main_00018,20263018,IJSH,road:2321-7002,-1.1017239554846764e-05,6.588244534120462e-06,3.203931047901778e-05,16
main_00018,20263018,IJSH,road:2932-2933,9.971201781808214e-05,5.214874750521834e-06,6.142161876444704e-05,16
main_00018,20263018,IJSH,road:3003-3105,0.00011901900392038631,7.745158893197907e-06,4.8913535213567615e-05,16
main_00018,20263018,IJSH,road:3149-3152,-7.064056132397023e-05,4.983945813248834e-06,5.898797316299428e-05,16
main_00018,20263018,IJSH,road:3632-3899,6.238751816429328e-05,6.84179053584307e-06,2.998938903820799e-05,16
main_00018,20263018,IJSH,road:3729-3735,2.221003305395014e-05,7.2049811762258715e-06,3.357830246904636e-05,16
main_00018,20263018,IJSH_a0,power:p1rhs3_1247,0.01467600695953463,8.578978679438341e-06,2.1141395243862585e-05,16
main_00018,20263018,IJSH_a0,power:p1rhs4_1247,0.00804823870098631,0.0,0.0,16
main_00018,20263018,IJSH_a0,power:p2uhs10_1247,0.0,0.0,0.0,16
main_00018,20263018,IJSH_a0,power:p2uhs13_1247,0.0,0.0,0.0,16
main_00018,20263018,IJSH_a0,power:p3uhs13_1247,0.0,0.0,0.0,16
main_00018,20263018,IJSH_a0,power:p3uhs8_1247,0.010817230613545621,1.6124133884934443e-05,0.0002175832081538744,16
main_00018,20263018,IJSH_a0,power:p4uhs3_1247,0.0013317474481059216,5.313608150319643e-12,0.0,16
main_00018,20263018,IJSH_a0,power:p5uhs9_1247,0.00556331653375506,1.4108313012035898e-05,0.00018984877856879822,16
main_00018,20263018,IJSH_a0,road:1185-1186,-4.252788669320551e-06,7.816295427151722e-06,2.8557821891232563e-05,16
main_00018,20263018,IJSH_a0,road:2321-7002,5.7170766203859524e-06,6.588244534120462e-06,3.203931047901778e-05,16
main_00018,20263018,IJSH_a0,road:2932-2933,9.722585039271398e-05,5.214874750521834e-06,6.142161876444704e-05,16
main_00018,20263018,IJSH_a0,road:3003-3105,2.0989857304906656e-05,7.745158893197907e-06,4.8913535213567615e-05,16
main_00018,20263018,IJSH_a0,road:3149-3152,0.0001423419984832447,4.983945813248834e-06,5.898797316299428e-05,16
main_00018,20263018,IJSH_a0,road:3632-3899,0.00018734794579802067,6.84179053584307e-06,2.998938903820799e-05,16
main_00018,20263018,IJSH_a0,road:3729-3735,-6.752087843259202e-06,7.2049811762258715e-06,3.357830246904636e-05,16
main_00018,20263018,IJSH_a0.5,power:p1rhs3_1247,0.009805997694344577,8.578978679438341e-06,2.1141395243862585e-05,16
main_00018,20263018,IJSH_a0.5,power:p1rhs4_1247,0.005365492467324207,0.0,0.0,16
main_00018,20263018,IJSH_a0.5,power:p2uhs10_1247,0.0,0.0,0.0,16
main_00018,20263018,IJSH_a0.5,power:p2uhs13_1247,0.0,0.0,0.0,16
main_00018,20263018,IJSH_a0.5,power:p3uhs13_1247,0.0,0.0,0.0,16
main_00018,20263018,IJSH_a0.5,power:p3uhs8_1247,0.008400442162407774,1.6124133884934443e-05,0.0002175832081538744,16
main_00018,20263018,IJSH_a0.5,power:p4uhs3_1247,0.0008878316320706144,5.313608150319643e-12,0.0,16
main_00018,20263018,IJSH_a0.5,power:p5uhs9_1247,0.01051449494401014,1.4108313012035898e-05,0.00018984877856879822,16
main_00018,20263018,IJSH_a0.5,road:1185-1186,1.1140570883398186e-07,7.816295427151722e-06,2.8557821891232563e-05,16
main_00018,20263018,IJSH_a0.5,road:2321-7002,-5.439134163102525e-06,6.588244534120462e-06,3.203931047901778e-05,16
main_00018,20263018,IJSH_a0.5,road:2932-2933,9.888329534295942e-05,5.214874750521834e-06,6.142161876444704e-05,16
main_00018,20263018,IJSH_a0.5,road:3003-3105,8.634262171522643e-05,7.745158893197907e-06,4.8913535213567615e-05,16
main_00018,20263018,IJSH_a0.5,road:3149-3152,3.536252784347438e-07,4.983945813248834e-06,5.898797316299428e-05,16
main_00018,20263018,IJSH_a0.5,road:3632-3899,0.0001040409940422024,6.84179053584307e-06,2.998938903820799e-05,16
main_00018,20263018,IJSH_a0.5,road:3729-3735,1.255599275488036e-05,7.2049811762258715e-06,3.357830246904636e-05,16
main_00018,20263018,IJSH_a2,power:p1rhs3_1247,0.004935988429154522,8.578978679438341e-06,2.1141395243862585e-05,16
main_00018,20263018,IJSH_a2,power:p1rhs4_1247,0.0026827462336621033,0.0,0.0,16
main_00018,20263018,IJSH_a2,power:p2uhs10_1247,0.0,0.0,0.0,16
main_00018,20263018,IJSH_a2,power:p2uhs13_1247,0.0,0.0,0.0,16
main_00018,20263018,IJSH_a2,power:p3uhs13_1247,0.0,0.0,0.0,16
main_00018,20263018,IJSH_a2,power:p3uhs8_1247,0.005983653711269926,1.6124133884934443e-05,0.0002175832081538744,16
main_00018,20263018,IJSH_a2,power:p4uhs3_1247,0.0004439158160353072,5.313608150319643e-12,0.0,16
main_00018,20263018,IJSH_a2,power:p5uhs9_1247,0.01546567335426522,1.4108313012035898e-05,0.00018984877856879822,16
main_00018,20263018,IJSH_a2,road:1185-1186,4.475600086988514e-06,7.816295427151722e-06,2.8557821891232563e-05,16
main_00018,20263018,IJSH_a2,road:2321-7002,-1.6595344946591e-05,6.588244534120462e-06,3.203931047901778e-05,16
main_00018,20263018,IJSH_a2,road:2932-2933,0.00010054074029320487,5.214874750521834e-06,6.142161876444704e-05,16
main_00018,20263018,IJSH_a2,road:3003-3105,0.0001516953861255462,7.745158893197907e-06,4.8913535213567615e-05,16
main_00018,20263018,IJSH_a2,road:3149-3152,-0.0001416347479263752,4.983945813248834e-06,5.898797316299428e-05,16
main_00018,20263018,IJSH_a2,road:3632-3899,2.0734042286384147e-05,6.84179053584307e-06,2.998938903820799e-05,16
main_00018,20263018,IJSH_a2,road:3729-3735,3.186407335301992e-05,7.2049811762258715e-06,3.357830246904636e-05,16
main_00018,20263018,JSH,power:p1rhs3_1247,0.01467600695953463,8.578978679438341e-06,2.1141395243862585e-05,16
main_00018,20263018,JSH,power:p1rhs4_1247,0.00804823870098631,0.0,0.0,16
main_00018,20263018,JSH,power:p2uhs10_1247,0.0,0.0,0.0,16
main_00018,20263018,JSH,power:p2uhs13_1247,0.0,0.0,0.0,16
main_00018,20263018,JSH,power:p3uhs13_1247,0.0,0.0,0.0,16
main_00018,20263018,JSH,power:p3uhs8_1247,0.010817230613545621,1.6124133884934443e-05,0.0002175832081538744,16
main_00018,20263018,JSH,power:p4uhs3_1247,0.0013317474481059216,5.313608150319643e-12,0.0,16
main_00018,20263018,JSH,power:p5uhs9_1247,0.00556331653375506,1.4108313012035898e-05,0.00018984877856879822,16
main_00018,20263018,JSH,road:1185-1186,-4.252788669320551e-06,7.816295427151722e-06,2.8557821891232563e-05,16
main_00018,20263018,JSH,road:2321-7002,5.7170766203859524e-06,6.588244534120462e-06,3.203931047901778e-05,16
main_00018,20263018,JSH,road:2932-2933,9.722585039271398e-05,5.214874750521834e-06,6.142161876444704e-05,16
main_00018,20263018,JSH,road:3003-3105,2.0989857304906656e-05,7.745158893197907e-06,4.8913535213567615e-05,16
main_00018,20263018,JSH,road:3149-3152,0.0001423419984832447,4.983945813248834e-06,5.898797316299428e-05,16
main_00018,20263018,JSH,road:3632-3899,0.00018734794579802067,6.84179053584307e-06,2.998938903820799e-05,16
main_00018,20263018,JSH,road:3729-3735,-6.752087843259202e-06,7.2049811762258715e-06,3.357830246904636e-05,16
main_00019,20263019,CEN,power:p1rhs2_1247,0.004170493201976245,0.0,0.0,16
main_00019,20263019,CEN,power:p1uhs6_1247,0.007916642057560255,7.561108214172931e-06,4.6490156518216055e-05,16
main_00019,20263019,CEN,power:p2uhs12_1247,0.0032616151455300813,0.0,0.0,16
main_00019,20263019,CEN,power:p2uhs5_1247,0.008574071955338962,7.479856902769384e-06,3.554989696473118e-05,16
main_00019,20263019,CEN,power:p3uhs21_1247,0.007029088685294674,0.0,0.0,16
main_00019,20263019,CEN,power:p5uhs19_1247,0.013799110336177704,8.162774544501665e-06,0.0005520683168216549,16
main_00019,20263019,CEN,power:p5uhs21_1247,0.013419273610772709,3.3668547564591487e-06,9.00819610743537e-05,16
main_00019,20263019,CEN,power:p5uhs5_1247,0.01566793032490203,7.43701963188732e-06,0.0005849544047336843,16
main_00019,20263019,CEN,road:1689-1690,0.003622791423731484,4.445526453192347e-06,2.6857345406778687e-05,16
main_00019,20263019,CEN,road:2758-3150,0.004965603332808067,3.563895635824624e-06,5.1918119455313344e-05,16
main_00019,20263019,CEN,road:3395-6420,0.007350533308383233,5.110518594929428e-06,4.517832405829869e-05,16
main_00019,20263019,CEN,road:4933-7291,0.0008020554286164512,4.050641616403798e-06,1.591667971123381e-05,16
main_00019,20263019,CEN,road:6228-6233,0.007648764970059879,3.3600409541594587e-06,2.547312659154125e-05,16
main_00019,20263019,IJSH,power:p1rhs2_1247,0.003968980571507925,0.0,0.0,16
main_00019,20263019,IJSH,power:p1uhs6_1247,0.003119156101870923,7.561108214172931e-06,4.6490156518216055e-05,16
main_00019,20263019,IJSH,power:p2uhs12_1247,0.0,0.0,0.0,16
main_00019,20263019,IJSH,power:p2uhs5_1247,0.004034934758458779,7.479856902769384e-06,3.554989696473118e-05,16
main_00019,20263019,IJSH,power:p3uhs21_1247,0.0,0.0,0.0,16
main_00019,20263019,IJSH,power:p5uhs19_1247,0.00693513524304093,8.162774544501665e-06,0.0005520683168216549,16
main_00019,20263019,IJSH,power:p5uhs21_1247,0.005191153138615793,3.3668547564591487e-06,9.00819610743537e-05,16
main_00019,20263019,IJSH,power:p5uhs5_1247,0.013604269401643714,7.43701963188732e-06,0.0005849544047336843,16
main_00019,20263019,IJSH,road:1689-1690,-8.15313152463526e-07,4.445526453192347e-06,2.6857345406778687e-05,16
main_00019,20263019,IJSH,road:2758-3150,4.834473439788156e-05,3.563895635824624e-06,5.1918119455313344e-05,16
main_00019,20263019,IJSH,road:3395-6420,0.00035391739596848937,5.110518594929428e-06,4.517832405829869e-05,16
main_00019,20263019,IJSH,road:4933-7291,1.1972412477197214e-05,4.050641616403798e-06,1.591667971123381e-05,16
main_00019,20263019,IJSH,road:6228-6233,9.945421238364421e-06,3.3600409541594587e-06,2.547312659154125e-05,16
main_00019,20263019,IJSH_a0,power:p1rhs2_1247,0.00793796114301585,0.0,0.0,16
main_00019,20263019,IJSH_a0,power:p1uhs6_1247,0.003387940782100314,7.561108214172931e-06,4.6490156518216055e-05,16
main_00019,20263019,IJSH_a0,power:p2uhs12_1247,0.0,0.0,0.0,16
main_00019,20263019,IJSH_a0,power:p2uhs5_1247,0.006682485754481202,7.479856902769384e-06,3.554989696473118e-05,16
main_00019,20263019,IJSH_a0,power:p3uhs21_1247,0.0,0.0,0.0,16
main_00019,20263019,IJSH_a0,power:p5uhs19_1247,0.0077467853323729755,8.162774544501665e-06,0.0005520683168216549,16
main_00019,20263019,IJSH_a0,power:p5uhs21_1247,0.006137328203372379,3.3668547564591487e-06,9.00819610743537e-05,16
main_00019,20263019,IJSH_a0,power:p5uhs5_1247,0.009738152883796154,7.43701963188732e-06,0.0005849544047336843,16
main_00019,20263019,IJSH_a0,road:1689-1690,9.817012647038437e-06,4.445526453192347e-06,2.6857345406778687e-05,16
main_00019,20263019,IJSH_a0,road:2758-3150,1.6202926299870024e-05,3.563895635824624e-06,5.1918119455313344e-05,16
main_00019,20263019,IJSH_a0,road:3395-6420,0.00020243359131198735,5.110518594929428e-06,4.517832405829869e-05,16
main_00019,20263019,IJSH_a0,road:4933-7291,8.70014978662792e-06,4.050641616403798e-06,1.591667971123381e-05,16
main_00019,20263019,IJSH_a0,road:6228-6233,1.911282340296555e-05,3.3600409541594587e-06,2.547312659154125e-05,16
main_00019,20263019,IJSH_a0.5,power:p1rhs2_1247,0.0052919740953439,0.0,0.0,16
main_00019,20263019,IJSH_a0.5,power:p1uhs6_1247,0.00320875099528072,7.561108214172931e-06,4.6490156518216055e-05,16
main_00019,20263019,IJSH_a0.5,power:p2uhs12_1247,0.0,0.0,0.0,16
main_00019,20263019,IJSH_a0.5,power:p2uhs5_1247,0.0049174517571329195,7.479856902769384e-06,3.554989696473118e-05,16
main_00019,20263019,IJSH_a0.5,power:p3uhs21_1247,0.0,0.0,0.0,16
main_00019,20263019,IJSH_a0.5,power:p5uhs19_1247,0.007205685272818278,8.162774544501665e-06,0.0005520683168216549,16
main_00019,20263019,IJSH_a0.5,power:p5uhs21_1247,0.0055065448268679885,3.3668547564591487e-06,9.00819610743537e-05,16
main_00019,20263019,IJSH_a0.5,power:p5uhs5_1247,0.012315563895694527,7.43701963188732e-06,0.0005849544047336843,16
main_00019,20263019,IJSH_a0.5,road:1689-1690,2.7287954473704614e-06,4.445526453192347e-06,2.6857345406778687e-05,16
main_00019,20263019,IJSH_a0.5,road:2758-3150,3.763079836521105e-05,3.563895635824624e-06,5.1918119455313344e-05,16
main_00019,20263019,IJSH_a0.5,road:3395-6420,0.00030342279441632203,5.110518594929428e-06,4.517832405829869e-05,16
main_00019,20263019,IJSH_a0.5,road:4933-7291,1.088165824700745e-05,4.050641616403798e-06,1.591667971123381e-05,16
main_00019,20263019,IJSH_a0.5,road:6228-6233,1.3001221959898132e-05,3.3600409541594587e-06,2.547312659154125e-05,16
main_00019,20263019,IJSH_a2,power:p1rhs2_1247,0.00264598704767195,0.0,0.0,16
main_00019,20263019,IJSH_a2,power:p1uhs6_1247,0.0030295612084611256,7.561108214172931e-06,4.6490156518216055e-05,16
main_00019,20263019,IJSH_a2,power:p2uhs12_1247,0.0,0.0,0.0,16
main_00019,20263019,IJSH_a2,power:p2uhs5_1247,0.003152417759784638,7.479856902769384e-06,3.554989696473118e-05,16
main_00019,20263019,IJSH_a2,power:p3uhs21_1247,0.0,0.0,0.0,16
main_00019,20263019,IJSH_a2,power:p5uhs19_1247,0.006664585213263581,8.162774544501665e-06,0.0005520683168216549,16
main_00019,20263019,IJSH_a2,power:p5uhs21_1247,0.004875761450363597,3.3668547564591487e-06,9.00819610743537e-05,16
main_00019,20263019,IJSH_a2,power:p5uhs5_1247,0.0148929749075929,7.43701963188732e-06,0.0005849544047336843,16
main_00019,20263019,IJSH_a2,road:1689-1690,-4.359421752297514e-06,4.445526453192347e-06,2.6857345406778687e-05,16
main_00019,20263019,IJSH_a2,road:2758-3150,5.9058670430552074e-05,3.563895635824624e-06,5.1918119455313344e-05,16
main_00019,20263019,IJSH_a2,road:3395-6420,0.0004044119975206567,5.110518594929428e-06,4.517832405829869e-05,16
main_00019,20263019,IJSH_a2,road:4933-7291,1.3063166707386978e-05,4.050641616403798e-06,1.591667971123381e-05,16
main_00019,20263019,IJSH_a2,road:6228-6233,6.889620516830712e-06,3.3600409541594587e-06,2.547312659154125e-05,16
main_00019,20263019,JSH,power:p1rhs2_1247,0.00793796114301585,0.0,0.0,16
main_00019,20263019,JSH,power:p1uhs6_1247,0.003387940782100314,7.561108214172931e-06,4.6490156518216055e-05,16
main_00019,20263019,JSH,power:p2uhs12_1247,0.0,0.0,0.0,16
main_00019,20263019,JSH,power:p2uhs5_1247,0.006682485754481202,7.479856902769384e-06,3.554989696473118e-05,16
main_00019,20263019,JSH,power:p3uhs21_1247,0.0,0.0,0.0,16
main_00019,20263019,JSH,power:p5uhs19_1247,0.0077467853323729755,8.162774544501665e-06,0.0005520683168216549,16
main_00019,20263019,JSH,power:p5uhs21_1247,0.006137328203372379,3.3668547564591487e-06,9.00819610743537e-05,16
main_00019,20263019,JSH,power:p5uhs5_1247,0.009738152883796154,7.43701963188732e-06,0.0005849544047336843,16
main_00019,20263019,JSH,road:1689-1690,9.817012647038437e-06,4.445526453192347e-06,2.6857345406778687e-05,16
main_00019,20263019,JSH,road:2758-3150,1.6202926299870024e-05,3.563895635824624e-06,5.1918119455313344e-05,16
main_00019,20263019,JSH,road:3395-6420,0.00020243359131198735,5.110518594929428e-06,4.517832405829869e-05,16
main_00019,20263019,JSH,road:4933-7291,8.70014978662792e-06,4.050641616403798e-06,1.591667971123381e-05,16
main_00019,20263019,JSH,road:6228-6233,1.911282340296555e-05,3.3600409541594587e-06,2.547312659154125e-05,16
main_00020,20263020,CEN,power:p1rhs1_1247,0.002912020203486734,0.0,0.0,16
main_00020,20263020,CEN,power:p1rhs3_1247,0.007673010690426157,0.0,0.0,16
main_00020,20263020,CEN,power:p1uhs13_1247,0.004478459229862626,0.00011125208429704894,1.94835165093282e-05,16
main_00020,20263020,CEN,power:p1uhs19_1247,0.006471491460133724,0.00010918355554331642,0.0,16
main_00020,20263020,CEN,power:p4uhs2_1247,0.006237702574234303,0.0,0.0,16
main_00020,20263020,CEN,power:p4uhs3_1247,0.003498378904213606,0.0,0.0,16
main_00020,20263020,CEN,power:p5uhs0_1247,0.009081287482380644,0.0003079486100351692,2.3651088725748104e-05,16
main_00020,20263020,CEN,power:p5uhs21_1247,0.013419273610772709,0.00030846235827403117,1.9623707075753727e-05,16
main_00020,20263020,CEN,power:p5uhs5_1247,0.01566793032490203,0.0,0.0,16
main_00020,20263020,CEN,road:2405-6104,0.0002496035888748818,6.503579700001293e-06,1.4888916539707789e-05,16
main_00020,20263020,CEN,road:3007-3008,0.0030844971241727067,5.550774910134825e-06,1.9729979533550277e-05,16
main_00020,20263020,CEN,road:3507-3508,0.0002693010360857233,8.996471816875286e-06,1.5215099201821693e-05,16
main_00020,20263020,CEN,road:3636-3812,0.0008956183028679482,6.706404131306107e-06,1.7855928740307097e-05,16
main_00020,20263020,CEN,road:4641-4762,0.000724496730223763,7.515603404563869e-06,1.6523146534177297e-05,16
main_00020,20263020,CEN,road:4663-4696,0.0005450652970375039,8.16170883128158e-06,2.233507128360748e-05,16
main_00020,20263020,CEN,road:5400-6857,0.0013843612117869523,6.432058954038709e-06,1.297077667412405e-05,16
main_00020,20263020,CEN,road:5471-6727,0.0001424987196659313,5.909052189830602e-06,1.6390784792031434e-05,16
main_00020,20263020,CEN,road:5598-5601,0.0001575795776867318,5.605271708261164e-06,1.25429727902082e-05,16
main_00020,20263020,CEN,road:6587-6588,0.0001575795776867318,7.02658181317527e-06,1.8068833767207152e-05,16
main_00020,20263020,IJSH,power:p1rhs1_1247,0.0,0.0,0.0,16
main_00020,20263020,IJSH,power:p1rhs3_1247,0.008692486248799404,0.0,0.0,16
main_00020,20263020,IJSH,power:p1uhs13_1247,0.0006537042538013356,0.00011125208429704894,1.94835165093282e-05,16
main_00020,20263020,IJSH,power:p1uhs19_1247,0.0206717428814022,0.00010918355554331642,0.0,16
main_00020,20263020,IJSH,power:p4uhs2_1247,0.0011872717146013054,0.0,0.0,16
main_00020,20263020,IJSH,power:p4uhs3_1247,0.0,0.0,0.0,16
main_00020,20263020,IJSH,power:p5uhs0_1247,0.03096907531924554,0.0003079486100351692,2.3651088725748104e-05,16
main_00020,20263020,IJSH,power:p5uhs21_1247,0.003932107454429928,0.00030846235827403117,1.9623707075753727e-05,16
main_00020,20263020,IJSH,power:p5uhs5_1247,0.0,0.0,0.0,16
main_00020,20263020,IJSH,road:2405-6104,6.70397305350609e-05,6.503579700001293e-06,1.4888916539707789e-05,16
main_00020,20263020,IJSH,road:3007-3008,6.792424382315657e-05,5.550774910134825e-06,1.9729979533550277e-05,16
main_00020,20263020,IJSH,road:3507-3508,0.0002621913478515203,8.996471816875286e-06,1.5215099201821693e-05,16
main_00020,20263020,IJSH,road:3636-3812,3.6357574192749653e-06,6.706404131306107e-06,1.7855928740307097e-05,16
main_00020,20263020,IJSH,road:4641-4762,0.0003115338395496131,7.515603404563869e-06,1.6523146534177297e-05,16
main_00020,20263020,IJSH,road:4663-4696,1.9085231731337526e-05,8.16170883128158e-06,2.233507128360748e-05,16
main_00020,20263020,IJSH,road:5400-6857,3.046128557578423e-05,6.432058954038709e-06,1.297077667412405e-05,16
main_00020,20263020,IJSH,road:5471-6727,-1.499475472774292e-06,5.909052189830602e-06,1.6390784792031434e-05,16
main_00020,20263020,IJSH,road:5598-5601,1.7059325772145195e-07,5.605271708261164e-06,1.25429727902082e-05,16
main_00020,20263020,IJSH,road:6587-6588,5.0054427835795334e-06,7.02658181317527e-06,1.8068833767207152e-05,16
main_00020,20263020,IJSH_a0,power:p1rhs1_1247,0.0,0.0,0.0,16
main_00020,20263020,IJSH_a0,power:p1rhs3_1247,0.017384972497598808,0.0,0.0,16
main_00020,20263020,IJSH_a0,power:p1uhs13_1247,0.0012908803634162774,0.00011125208429704894,1.94835165093282e-05,16
main_00020,20263020,IJSH_a0,power:p1uhs19_1247,0.0413434857628044,0.00010918355554331642,0.0,16
main_00020,20263020,IJSH_a0,power:p4uhs2_1247,0.0023745434292026107,0.0,0.0,16
main_00020,20263020,IJSH_a0,power:p4uhs3_1247,0.0,0.0,0.0,16
main_00020,20263020,IJSH_a0,power:p5uhs0_1247,0.06106977147130686,0.0003079486100351692,2.3651088725748104e-05,16
main_00020,20263020,IJSH_a0,power:p5uhs21_1247,0.0043552573264528174,0.00030846235827403117,1.9623707075753727e-05,16
main_00020,20263020,IJSH_a0,power:p5uhs5_1247,0.0,0.0,0.0,16
main_00020,20263020,IJSH_a0,road:2405-6104,0.00012539312687000204,6.503579700001293e-06,1.4888916539707789e-05,16
main_00020,20263020,IJSH_a0,road:3007-3008,0.00015036758824756719,5.550774910134825e-06,1.9729979533550277e-05,16
main_00020,20263020,IJSH_a0,road:3507-3508,0.00021091765830769799,8.996471816875286e-06,1.5215099201821693e-05,16
main_00020,20263020,IJSH_a0,road:3636-3812,5.183556401056055e-07,6.706404131306107e-06,1.7855928740307097e-05,16
main_00020,20263020,IJSH_a0,road:4641-4762,0.0005126045106722613,7.515603404563869e-06,1.6523146534177297e-05,16
main_00020,20263020,IJSH_a0,road:4663-4696,1.1420479049721599e-05,8.16170883128158e-06,2.233507128360748e-05,16
main_00020,20263020,IJSH_a0,road:5400-6857,2.535570109268165e-05,6.432058954038709e-06,1.297077667412405e-05,16
main_00020,20263020,IJSH_a0,road:5471-6727,-4.6507442154342105e-08,5.909052189830602e-06,1.6390784792031434e-05,16
main_00020,20263020,IJSH_a0,road:5598-5601,-4.821133086016505e-07,5.605271708261164e-06,1.25429727902082e-05,16
main_00020,20263020,IJSH_a0,road:6587-6588,-9.908263734537126e-06,7.02658181317527e-06,1.8068833767207152e-05,16
main_00020,20263020,IJSH_a0.5,power:p1rhs1_1247,0.0,0.0,0.0,16
main_00020,20263020,IJSH_a0.5,power:p1rhs3_1247,0.011589981665065871,0.0,0.0,16
main_00020,20263020,IJSH_a0.5,power:p1uhs13_1247,0.0008660962903396496,0.00011125208429704894,1.94835165093282e-05,16
main_00020,20263020,IJSH_a0.5,power:p1uhs19_1247,0.0275623238418696,0.00010918355554331642,0.0,16
main_00020,20263020,IJSH_a0.5,power:p4uhs2_1247,0.0015830289528017405,0.0,0.0,16
main_00020,20263020,IJSH_a0.5,power:p4uhs3_1247,0.0,0.0,0.0,16
main_00020,20263020,IJSH_a0.5,power:p5uhs0_1247,0.04100264070326598,0.0003079486100351692,2.3651088725748104e-05,16
main_00020,20263020,IJSH_a0.5,power:p5uhs21_1247,0.004073157411770892,0.00030846235827403117,1.9623707075753727e-05,16
main_00020,20263020,IJSH_a0.5,power:p5uhs5_1247,0.0,0.0,0.0,16
main_00020,20263020,IJSH_a0.5,road:2405-6104,8.649086264670795e-05,6.503579700001293e-06,1.4888916539707789e-05,16
main_00020,20263020,IJSH_a0.5,road:3007-3008,9.540535863129344e-05,5.550774910134825e-06,1.9729979533550277e-05,16
main_00020,20263020,IJSH_a0.5,road:3507-3508,0.00024510011800357956,8.996471816875286e-06,1.5215099201821693e-05,16
main_00020,20263020,IJSH_a0.5,road:3636-3812,2.5966234928851786e-06,6.706404131306107e-06,1.7855928740307097e-05,16
main_00020,20263020,IJSH_a0.5,road:4641-4762,0.0003785573965904958,7.515603404563869e-06,1.6523146534177297e-05,16
main_00020,20263020,IJSH_a0.5,road:4663-4696,1.6530314170798883e-05,8.16170883128158e-06,2.233507128360748e-05,16
main_00020,20263020,IJSH_a0.5,road:5400-6857,2.8759424081416702e-05,6.432058954038709e-06,1.297077667412405e-05,16
main_00020,20263020,IJSH_a0.5,road:5471-6727,-1.0151527959009754e-06,5.909052189830602e-06,1.6390784792031434e-05,16
main_00020,20263020,IJSH_a0.5,road:5598-5601,-4.6975597719582186e-08,5.605271708261164e-06,1.25429727902082e-05,16
main_00020,20263020,IJSH_a0.5,road:6587-6588,3.420727754064693e-08,7.02658181317527e-06,1.8068833767207152e-05,16
main_00020,20263020,IJSH_a2,power:p1rhs1_1247,0.0,0.0,0.0,16
main_00020,20263020,IJSH_a2,power:p1rhs3_1247,0.005794990832532936,0.0,0.0,16
main_00020,20263020,IJSH_a2,power:p1uhs13_1247,0.00044131221726302167,0.00011125208429704894,1.94835165093282e-05,16
main_00020,20263020,IJSH_a2,power:p1uhs19_1247,0.0137811619209348,0.00010918355554331642,0.0,16
main_00020,20263020,IJSH_a2,power:p4uhs2_1247,0.0007915144764008702,0.0,0.0,16
main_00020,20263020,IJSH_a2,power:p4uhs3_1247,0.0,0.0,0.0,16
main_00020,20263020,IJSH_a2,power:p5uhs0_1247,0.020935509935225097,0.0003079486100351692,2.3651088725748104e-05,16
main_00020,20263020,IJSH_a2,power:p5uhs21_1247,0.0037910574970889655,0.00030846235827403117,1.9623707075753727e-05,16
main_00020,20263020,IJSH_a2,power:p5uhs5_1247,0.0,0.0,0.0,16
main_00020,20263020,IJSH_a2,road:2405-6104,4.758859842341386e-05,6.503579700001293e-06,1.4888916539707789e-05,16
main_00020,20263020,IJSH_a2,road:3007-3008,4.0443129015019695e-05,5.550774910134825e-06,1.9729979533550277e-05,16
main_00020,20263020,IJSH_a2,road:3507-3508,0.0002792825776994611,8.996471816875286e-06,1.5215099201821693e-05,16
main_00020,20263020,IJSH_a2,road:3636-3812,4.674891345664752e-06,6.706404131306107e-06,1.7855928740307097e-05,16
main_00020,20263020,IJSH_a2,road:4641-4762,0.0002445102825087304,7.515603404563869e-06,1.6523146534177297e-05,16
main_00020,20263020,IJSH_a2,road:4663-4696,2.164014929187617e-05,8.16170883128158e-06,2.233507128360748e-05,16
main_00020,20263020,IJSH_a2,road:5400-6857,3.2163147070151756e-05,6.432058954038709e-06,1.297077667412405e-05,16
main_00020,20263020,IJSH_a2,road:5471-6727,-1.9837981496476087e-06,5.909052189830602e-06,1.6390784792031434e-05,16
main_00020,20263020,IJSH_a2,road:5598-5601,3.881621131624861e-07,5.605271708261164e-06,1.25429727902082e-05,16
main_00020,20263020,IJSH_a2,road:6587-6588,9.97667828961842e-06,7.02658181317527e-06,1.8068833767207152e-05,16
main_00020,20263020,JSH,power:p1rhs1_1247,0.0,0.0,0.0,16
main_00020,20263020,JSH,power:p1rhs3_1247,0.017384972497598808,0.0,0.0,16
main_00020,20263020,JSH,power:p1uhs13_1247,0.0012908803634162774,0.00011125208429704894,1.94835165093282e-05,16
main_00020,20263020,JSH,power:p1uhs19_1247,0.0413434857628044,0.00010918355554331642,0.0,16
main_00020,20263020,JSH,power:p4uhs2_1247,0.0023745434292026107,0.0,0.0,16
main_00020,20263020,JSH,power:p4uhs3_1247,0.0,0.0,0.0,16
main_00020,20263020,JSH,power:p5uhs0_1247,0.06106977147130686,0.0003079486100351692,2.3651088725748104e-05,16
main_00020,20263020,JSH,power:p5uhs21_1247,0.0043552573264528174,0.00030846235827403117,1.9623707075753727e-05,16
main_00020,20263020,JSH,power:p5uhs5_1247,0.0,0.0,0.0,16
main_00020,20263020,JSH,road:2405-6104,0.00012539312687000204,6.503579700001293e-06,1.4888916539707789e-05,16
main_00020,20263020,JSH,road:3007-3008,0.00015036758824756719,5.550774910134825e-06,1.9729979533550277e-05,16
main_00020,20263020,JSH,road:3507-3508,0.00021091765830769799,8.996471816875286e-06,1.5215099201821693e-05,16
main_00020,20263020,JSH,road:3636-3812,5.183556401056055e-07,6.706404131306107e-06,1.7855928740307097e-05,16
main_00020,20263020,JSH,road:4641-4762,0.0005126045106722613,7.515603404563869e-06,1.6523146534177297e-05,16
main_00020,20263020,JSH,road:4663-4696,1.1420479049721599e-05,8.16170883128158e-06,2.233507128360748e-05,16
main_00020,20263020,JSH,road:5400-6857,2.535570109268165e-05,6.432058954038709e-06,1.297077667412405e-05,16
main_00020,20263020,JSH,road:5471-6727,-4.6507442154342105e-08,5.909052189830602e-06,1.6390784792031434e-05,16
main_00020,20263020,JSH,road:5598-5601,-4.821133086016505e-07,5.605271708261164e-06,1.25429727902082e-05,16
main_00020,20263020,JSH,road:6587-6588,-9.908263734537126e-06,7.02658181317527e-06,1.8068833767207152e-05,16
main_00021,20263021,CEN,power:p1uhs21_1247,0.007096414509078083,1.0627216300639287e-11,0.0,16
main_00021,20263021,CEN,power:p3uhs14_1247,0.01293760119736372,0.0003178766514612352,0.00012001530756334814,16
main_00021,20263021,CEN,power:p3uhs15_1247,0.015412071495476657,0.0003081136108205572,7.215103783294062e-05,16
main_00021,20263021,CEN,power:p3uhs20_1247,0.009393298541255026,0.0006634781807651034,0.0,16
main_00021,20263021,CEN,power:p3uhs23_1247,0.00855929247868727,0.000195521239356664,6.0683308847192986e-05,16
main_00021,20263021,CEN,power:p3uhs27_1247,0.00032821834576793606,0.0,0.0,16
main_00021,20263021,CEN,power:p4uhs20_1247,0.008808101318556784,1.2572427422707983e-05,6.190248094685166e-05,16
main_00021,20263021,CEN,power:p5uhs14_1247,0.007553663108507624,0.0,0.0,16
main_00021,20263021,CEN,power:p5uhs1_1247,0.015421342934472317,0.0,0.0,16
main_00021,20263021,CEN,power:p5uhs3_1247,0.025557097745222482,8.046818137800146e-06,2.8610267969051163e-05,16
main_00021,20263021,CEN,road:1157-1158,0.00024160150094547746,5.71097094984618e-06,2.830506638947633e-05,16
main_00021,20263021,CEN,road:1466-1467,0.0001575795776867318,6.455041084830463e-06,2.0458490623760382e-05,16
main_00021,20263021,CEN,road:2165-2166,0.0014237561062086352,5.30599320826944e-06,2.599454503962645e-05,16
main_00021,20263021,CEN,road:2465-2549,0.00024221704617081625,6.924117529263389e-06,2.0355905643822702e-05,16
main_00021,20263021,CEN,road:2782-3768,0.001081820733532934,7.146506162615617e-06,2.6247188612012135e-05,16
main_00021,20263021,CEN,road:2919-2923,0.005034236625433343,5.920631437933837e-06,2.2717672195865437e-05,16
main_00021,20263021,CEN,road:3174-3209,0.00274040734320832,7.427526128794203e-06,1.8534892349061436e-05,16
main_00021,20263021,CEN,road:3563-3564,0.0005069014930664986,7.008848297470918e-06,2.588882673988274e-05,16
main_00021,20263021,CEN,road:3951-4038,0.04951384238102741,6.994809729843691e-06,0.00015983513333635228,16
main_00021,20263021,CEN,road:5228-7354,0.00039887330601953984,5.918569266911596e-06,1.924125531082845e-05,16
main_00021,20263021,CEN,road:6599-6960,0.0005013615860384494,6.417145499567615e-06,2.2608033263460455e-05,16
main_00021,20263021,IJSH,power:p1uhs21_1247,0.0013507163565231843,1.0627216300639287e-11,0.0,16
main_00021,20263021,IJSH,power:p3uhs14_1247,0.004416237792064917,0.0003178766514612352,0.00012001530756334814,16
main_00021,20263021,IJSH,power:p3uhs15_1247,0.005764512186650143,0.0003081136108205572,7.215103783294062e-05,16
main_00021,20263021,IJSH,power:p3uhs20_1247,0.02081408945050264,0.0006634781807651034,0.0,16
main_00021,20263021,IJSH,power:p3uhs23_1247,0.0036187951739218155,0.000195521239356664,6.0683308847192986e-05,16
main_00021,20263021,IJSH,power:p3uhs27_1247,0.0,0.0,0.0,16
main_00021,20263021,IJSH,power:p4uhs20_1247,0.0050422229585330505,1.2572427422707983e-05,6.190248094685166e-05,16
main_00021,20263021,IJSH,power:p5uhs14_1247,0.0,0.0,0.0,16
main_00021,20263021,IJSH,power:p5uhs1_1247,0.0,0.0,0.0,16
main_00021,20263021,IJSH,power:p5uhs3_1247,0.031002307277234853,8.046818137800146e-06,2.8610267969051163e-05,16
main_00021,20263021,IJSH,road:1157-1158,-2.265606677992124e-05,5.71097094984618e-06,2.830506638947633e-05,16
main_00021,20263021,IJSH,road:1466-1467,1.8183190415750616e-05,6.455041084830463e-06,2.0458490623760382e-05,16
main_00021,20263021,IJSH,road:2165-2166,1.114261469048819e-05,5.30599320826944e-06,2.599454503962645e-05,16
main_00021,20263021,IJSH,road:2465-2549,1.7875927844412942e-05,6.924117529263389e-06,2.0355905643822702e-05,16
main_00021,20263021,IJSH,road:2782-3768,0.0007338804516561735,7.146506162615617e-06,2.6247188612012135e-05,16
main_00021,20263021,IJSH,road:2919-2923,1.3473706269254843e-05,5.920631437933837e-06,2.2717672195865437e-05,16
main_00021,20263021,IJSH,road:3174-3209,0.000111634756474608,7.427526128794203e-06,1.8534892349061436e-05,16
main_00021,20263021,IJSH,road:3563-3564,2.4505251311531667e-05,7.008848297470918e-06,2.588882673988274e-05,16
main_00021,20263021,IJSH,road:3951-4038,0.0004715933389924029,6.994809729843691e-06,0.00015983513333635228,16
main_00021,20263021,IJSH,road:5228-7354,9.693271622639166e-06,5.918569266911596e-06,1.924125531082845e-05,16
main_00021,20263021,IJSH,road:6599-6960,-1.2875212791436247e-05,6.417145499567615e-06,2.2608033263460455e-05,16
main_00021,20263021,IJSH_a0,power:p1uhs21_1247,0.0027014327130463686,1.0627216300639287e-11,0.0,16
main_00021,20263021,IJSH_a0,power:p3uhs14_1247,0.006925428578622314,0.0003178766514612352,0.00012001530756334814,16
main_00021,20263021,IJSH_a0,power:p3uhs15_1247,0.009248100489781391,0.0003081136108205572,7.215103783294062e-05,16
main_00021,20263021,IJSH_a0,power:p3uhs20_1247,0.04162817890100528,0.0006634781807651034,0.0,16
main_00021,20263021,IJSH_a0,power:p3uhs23_1247,0.005394056394550491,0.000195521239356664,6.0683308847192986e-05,16
main_00021,20263021,IJSH_a0,power:p3uhs27_1247,0.0,0.0,0.0,16
main_00021,20263021,IJSH_a0,power:p4uhs20_1247,0.009787892450634945,1.2572427422707983e-05,6.190248094685166e-05,16
main_00021,20263021,IJSH_a0,power:p5uhs14_1247,0.0,0.0,0.0,16
main_00021,20263021,IJSH_a0,power:p5uhs1_1247,0.0,0.0,0.0,16
main_00021,20263021,IJSH_a0,power:p5uhs3_1247,0.06188245741097205,8.046818137800146e-06,2.8610267969051163e-05,16
main_00021,20263021,IJSH_a0,road:1157-1158,-2.0178469552697975e-06,5.71097094984618e-06,2.830506638947633e-05,16
main_00021,20263021,IJSH_a0,road:1466-1467,4.936855206839896e-06,6.455041084830463e-06,2.0458490623760382e-05,16
main_00021,20263021,IJSH_a0,road:2165-2166,1.6435978070633572e-06,5.30599320826944e-06,2.599454503962645e-05,16
main_00021,20263021,IJSH_a0,road:2465-2549,1.7408847715651155e-05,6.924117529263389e-06,2.0355905643822702e-05,16
main_00021,20263021,IJSH_a0,road:2782-3768,0.00014702685447907232,7.146506162615617e-06,2.6247188612012135e-05,16
main_00021,20263021,IJSH_a0,road:2919-2923,6.666966326347723e-06,5.920631437933837e-06,2.2717672195865437e-05,16
main_00021,20263021,IJSH_a0,road:3174-3209,0.000158022367760427,7.427526128794203e-06,1.8534892349061436e-05,16
main_00021,20263021,IJSH_a0,road:3563-3564,3.166601821456144e-05,7.008848297470918e-06,2.588882673988274e-05,16
main_00021,20263021,IJSH_a0,road:3951-4038,0.0007019756675630193,6.994809729843691e-06,0.00015983513333635228,16
main_00021,20263021,IJSH_a0,road:5228-7354,3.5290795370228334e-05,5.918569266911596e-06,1.924125531082845e-05,16
main_00021,20263021,IJSH_a0,road:6599-6960,-2.7677308727103167e-06,6.417145499567615e-06,2.2608033263460455e-05,16
main_00021,20263021,IJSH_a0.5,power:p1uhs21_1247,0.0018009551420309123,1.0627216300639287e-11,0.0,16
main_00021,20263021,IJSH_a0.5,power:p3uhs14_1247,0.005252634720917383,0.0003178766514612352,0.00012001530756334814,16
main_00021,20263021,IJSH_a0.5,power:p3uhs15_1247,0.006925708287693892,0.0003081136108205572,7.215103783294062e-05,16
main_00021,20263021,IJSH_a0.5,power:p3uhs20_1247,0.027752119267336853,0.0006634781807651034,0.0,16
main_00021,20263021,IJSH_a0.5,power:p3uhs23_1247,0.004210548914131374,0.000195521239356664,6.0683308847192986e-05,16
main_00021,20263021,IJSH_a0.5,power:p3uhs27_1247,0.0,0.0,0.0,16
main_00021,20263021,IJSH_a0.5,power:p4uhs20_1247,0.0066241127892336825,1.2572427422707983e-05,6.190248094685166e-05,16
main_00021,20263021,IJSH_a0.5,power:p5uhs14_1247,0.0,0.0,0.0,16
main_00021,20263021,IJSH_a0.5,power:p5uhs1_1247,0.0,0.0,0.0,16
main_00021,20263021,IJSH_a0.5,power:p5uhs3_1247,0.04129569065514725,8.046818137800146e-06,2.8610267969051163e-05,16
main_00021,20263021,IJSH_a0.5,road:1157-1158,-1.5776660171704093e-05,5.71097094984618e-06,2.830506638947633e-05,16
main_00021,20263021,IJSH_a0.5,road:1466-1467,1.376774534611371e-05,6.455041084830463e-06,2.0458490623760382e-05,16
main_00021,20263021,IJSH_a0.5,road:2165-2166,7.97627572934658e-06,5.30599320826944e-06,2.599454503962645e-05,16
main_00021,20263021,IJSH_a0.5,road:2465-2549,1.7720234468159013e-05,6.924117529263389e-06,2.0355905643822702e-05,16
main_00021,20263021,IJSH_a0.5,road:2782-3768,0.0005382625859304732,7.146506162615617e-06,2.6247188612012135e-05,16
main_00021,20263021,IJSH_a0.5,road:2919-2923,1.120479295495247e-05,5.920631437933837e-06,2.2717672195865437e-05,16
main_00021,20263021,IJSH_a0.5,road:3174-3209,0.000127097293569881,7.427526128794203e-06,1.8534892349061436e-05,16
main_00021,20263021,IJSH_a0.5,road:3563-3564,2.6892173612541592e-05,7.008848297470918e-06,2.588882673988274e-05,16
main_00021,20263021,IJSH_a0.5,road:3951-4038,0.0005483874485159417,6.994809729843691e-06,0.00015983513333635228,16
main_00021,20263021,IJSH_a0.5,road:5228-7354,1.8225779538502223e-05,5.918569266911596e-06,1.924125531082845e-05,16
main_00021,20263021,IJSH_a0.5,road:6599-6960,-9.506052151860936e-06,6.417145499567615e-06,2.2608033263460455e-05,16
main_00021,20263021,IJSH_a2,power:p1uhs21_1247,0.0009004775710154562,1.0627216300639287e-11,0.0,16
main_00021,20263021,IJSH_a2,power:p3uhs14_1247,0.0035798408632124515,0.0003178766514612352,0.00012001530756334814,16
main_00021,20263021,IJSH_a2,power:p3uhs15_1247,0.004603316085606393,0.0003081136108205572,7.215103783294062e-05,16
main_00021,20263021,IJSH_a2,power:p3uhs20_1247,0.013876059633668426,0.0006634781807651034,0.0,16
main_00021,20263021,IJSH_a2,power:p3uhs23_1247,0.003027041433712257,0.000195521239356664,6.0683308847192986e-05,16
main_00021,20263021,IJSH_a2,power:p3uhs27_1247,0.0,0.0,0.0,16
main_00021,20263021,IJSH_a2,power:p4uhs20_1247,0.003460333127832419,1.2572427422707983e-05,6.190248094685166e-05,16
main_00021,20263021,IJSH_a2,power:p5uhs14_1247,0.0,0.0,0.0,16
main_00021,20263021,IJSH_a2,power:p5uhs1_1247,0.0,0.0,0.0,16
main_00021,20263021,IJSH_a2,power:p5uhs3_1247,0.020708923899322454,8.046818137800146e-06,2.8610267969051163e-05,16
main_00021,20263021,IJSH_a2,road:1157-1158,-2.953547338813839e-05,5.71097094984618e-06,2.830506638947633e-05,16
main_00021,20263021,IJSH_a2,road:1466-1467,2.2598635485387524e-05,6.455041084830463e-06,2.0458490623760382e-05,16
main_00021,20263021,IJSH_a2,road:2165-2166,1.43089536516298e-05,5.30599320826944e-06,2.599454503962645e-05,16
main_00021,20263021,IJSH_a2,road:2465-2549,1.803162122066687e-05,6.924117529263389e-06,2.0355905643822702e-05,16
main_00021,20263021,IJSH_a2,road:2782-3768,0.0009294983173818739,7.146506162615617e-06,2.6247188612012135e-05,16
main_00021,20263021,IJSH_a2,road:2919-2923,1.5742619583557216e-05,5.920631437933837e-06,2.2717672195865437e-05,16
main_00021,20263021,IJSH_a2,road:3174-3209,9.6172219379335e-05,7.427526128794203e-06,1.8534892349061436e-05,16
main_00021,20263021,IJSH_a2,road:3563-3564,2.2118329010521742e-05,7.008848297470918e-06,2.588882673988274e-05,16
main_00021,20263021,IJSH_a2,road:3951-4038,0.00039479922946886414,6.994809729843691e-06,0.00015983513333635228,16
main_00021,20263021,IJSH_a2,road:5228-7354,1.1607637067761096e-06,5.918569266911596e-06,1.924125531082845e-05,16
main_00021,20263021,IJSH_a2,road:6599-6960,-1.6244373431011556e-05,6.417145499567615e-06,2.2608033263460455e-05,16
main_00021,20263021,JSH,power:p1uhs21_1247,0.0027014327130463686,1.0627216300639287e-11,0.0,16
main_00021,20263021,JSH,power:p3uhs14_1247,0.006925428578622314,0.0003178766514612352,0.00012001530756334814,16
main_00021,20263021,JSH,power:p3uhs15_1247,0.009248100489781391,0.0003081136108205572,7.215103783294062e-05,16
main_00021,20263021,JSH,power:p3uhs20_1247,0.04162817890100528,0.0006634781807651034,0.0,16
main_00021,20263021,JSH,power:p3uhs23_1247,0.005394056394550491,0.000195521239356664,6.0683308847192986e-05,16
main_00021,20263021,JSH,power:p3uhs27_1247,0.0,0.0,0.0,16
main_00021,20263021,JSH,power:p4uhs20_1247,0.009787892450634945,1.2572427422707983e-05,6.190248094685166e-05,16
main_00021,20263021,JSH,power:p5uhs14_1247,0.0,0.0,0.0,16
main_00021,20263021,JSH,power:p5uhs1_1247,0.0,0.0,0.0,16
main_00021,20263021,JSH,power:p5uhs3_1247,0.06188245741097205,8.046818137800146e-06,2.8610267969051163e-05,16
main_00021,20263021,JSH,road:1157-1158,-2.0178469552697975e-06,5.71097094984618e-06,2.830506638947633e-05,16
main_00021,20263021,JSH,road:1466-1467,4.936855206839896e-06,6.455041084830463e-06,2.0458490623760382e-05,16
main_00021,20263021,JSH,road:2165-2166,1.6435978070633572e-06,5.30599320826944e-06,2.599454503962645e-05,16
main_00021,20263021,JSH,road:2465-2549,1.7408847715651155e-05,6.924117529263389e-06,2.0355905643822702e-05,16
main_00021,20263021,JSH,road:2782-3768,0.00014702685447907232,7.146506162615617e-06,2.6247188612012135e-05,16
main_00021,20263021,JSH,road:2919-2923,6.666966326347723e-06,5.920631437933837e-06,2.2717672195865437e-05,16
main_00021,20263021,JSH,road:3174-3209,0.000158022367760427,7.427526128794203e-06,1.8534892349061436e-05,16
main_00021,20263021,JSH,road:3563-3564,3.166601821456144e-05,7.008848297470918e-06,2.588882673988274e-05,16
main_00021,20263021,JSH,road:3951-4038,0.0007019756675630193,6.994809729843691e-06,0.00015983513333635228,16
main_00021,20263021,JSH,road:5228-7354,3.5290795370228334e-05,5.918569266911596e-06,1.924125531082845e-05,16
main_00021,20263021,JSH,road:6599-6960,-2.7677308727103167e-06,6.417145499567615e-06,2.2608033263460455e-05,16
main_00022,20263022,CEN,power:p1uhs22_1247,0.009353991339639794,0.0,0.0,16
main_00022,20263022,CEN,power:p1uhs2_1247,0.012835710740792877,0.0,0.0,16
main_00022,20263022,CEN,power:p1uhs6_1247,0.007916642057560255,0.0,0.0,16
main_00022,20263022,CEN,power:p3uhs8_1247,0.016505234549672912,8.03207142869157e-06,5.0908270404751854e-05,16
main_00022,20263022,CEN,power:p3uhs9_1247,0.0023329341178297642,0.0,0.0,16
main_00022,20263022,CEN,power:p4uhs3_1247,0.003498378904213606,0.0,0.0,16
main_00022,20263022,CEN,power:p5uhs3_1247,0.025557097745222482,2.3026501949305047e-05,0.00029179847685933464,16
main_00022,20263022,CEN,power:p5uhs4_1247,0.01236869893056541,2.9071193126874576e-05,0.0001794724982815774,16
main_00022,20263022,CEN,road:1285-7392,0.0012421702647336904,6.239328037426333e-06,3.835770066553853e-05,16
main_00022,20263022,CEN,road:2276-7374,0.001992827667034352,7.752442120437262e-06,5.553772078483139e-05,16
main_00022,20263022,CEN,road:2521-2551,0.00217287464544595,4.850412476359955e-06,5.3824881009274836e-05,16
main_00022,20263022,CEN,road:3616-3639,0.012511572250236368,2.1294786886085272e-05,0.00012083704211185904,16
main_00022,20263022,CEN,road:4528-6536,0.0017013670028364321,4.9369970287982355e-06,6.17854645870443e-05,16
main_00022,20263022,CEN,road:4801-6719,0.007797419141979199,6.523607745412893e-06,5.6880650586653375e-05,16
main_00022,20263022,CEN,road:6215-7378,0.0034042728687362113,6.950107086085999e-06,5.2848947853457973e-05,16
main_00022,20263022,CEN,road:6339-7427,0.01920778098408446,6.019677682518223e-06,3.3743758408318757e-05,16
main_00022,20263022,CEN,road:6389-6391,0.001878951800346675,6.2981123312043245e-06,4.858281719460267e-05,16
main_00022,20263022,IJSH,power:p1uhs22_1247,0.0,0.0,0.0,16
main_00022,20263022,IJSH,power:p1uhs2_1247,0.0,0.0,0.0,16
main_00022,20263022,IJSH,power:p1uhs6_1247,0.0,0.0,0.0,16
main_00022,20263022,IJSH,power:p3uhs8_1247,0.04563126991090027,8.03207142869157e-06,5.0908270404751854e-05,16
main_00022,20263022,IJSH,power:p3uhs9_1247,0.0,0.0,0.0,16
main_00022,20263022,IJSH,power:p4uhs3_1247,0.0,0.0,0.0,16
main_00022,20263022,IJSH,power:p5uhs3_1247,0.017024623313856256,2.3026501949305047e-05,0.00029179847685933464,16
main_00022,20263022,IJSH,power:p5uhs4_1247,0.007728308390228984,2.9071193126874576e-05,0.0001794724982815774,16
main_00022,20263022,IJSH,road:1285-7392,-2.325788317019198e-05,6.239328037426333e-06,3.835770066553853e-05,16
main_00022,20263022,IJSH,road:2276-7374,-1.8616364663603946e-05,7.752442120437262e-06,5.553772078483139e-05,16
main_00022,20263022,IJSH,road:2521-2551,0.00010274413351803874,4.850412476359955e-06,5.3824881009274836e-05,16
main_00022,20263022,IJSH,road:3616-3639,0.000997612995966849,2.1294786886085272e-05,0.00012083704211185904,16
main_00022,20263022,IJSH,road:4528-6536,2.7925277754116407e-05,4.9369970287982355e-06,6.17854645870443e-05,16
main_00022,20263022,IJSH,road:4801-6719,4.9214373440267106e-05,6.523607745412893e-06,5.6880650586653375e-05,16
main_00022,20263022,IJSH,road:6215-7378,4.973452041225068e-05,6.950107086085999e-06,5.2848947853457973e-05,16
main_00022,20263022,IJSH,road:6339-7427,0.00012167863816721705,6.019677682518223e-06,3.3743758408318757e-05,16
main_00022,20263022,IJSH,road:6389-6391,-5.782982923467628e-07,6.2981123312043245e-06,4.858281719460267e-05,16
main_00022,20263022,IJSH_a0,power:p1uhs22_1247,0.0,0.0,0.0,16
main_00022,20263022,IJSH_a0,power:p1uhs2_1247,0.0,0.0,0.0,16
main_00022,20263022,IJSH_a0,power:p1uhs6_1247,0.0,0.0,0.0,16
main_00022,20263022,IJSH_a0,power:p3uhs8_1247,0.09125718062961581,8.03207142869157e-06,5.0908270404751854e-05,16
main_00022,20263022,IJSH_a0,power:p3uhs9_1247,0.0,0.0,0.0,16
main_00022,20263022,IJSH_a0,power:p4uhs3_1247,0.0,0.0,0.0,16
main_00022,20263022,IJSH_a0,power:p5uhs3_1247,0.012523084217734758,2.3026501949305047e-05,0.00029179847685933464,16
main_00022,20263022,IJSH_a0,power:p5uhs4_1247,0.005686384627033726,2.9071193126874576e-05,0.0001794724982815774,16
main_00022,20263022,IJSH_a0,road:1285-7392,1.2016810381237919e-05,6.239328037426333e-06,3.835770066553853e-05,16
main_00022,20263022,IJSH_a0,road:2276-7374,-5.242208229040701e-06,7.752442120437262e-06,5.553772078483139e-05,16
main_00022,20263022,IJSH_a0,road:2521-2551,0.0001731053411058725,4.850412476359955e-06,5.3824881009274836e-05,16
main_00022,20263022,IJSH_a0,road:3616-3639,0.0006491709988237643,2.1294786886085272e-05,0.00012083704211185904,16
main_00022,20263022,IJSH_a0,road:4528-6536,1.882002056102089e-05,4.9369970287982355e-06,6.17854645870443e-05,16
main_00022,20263022,IJSH_a0,road:4801-6719,3.9193809632832866e-05,6.523607745412893e-06,5.6880650586653375e-05,16
main_00022,20263022,IJSH_a0,road:6215-7378,1.1753343890238965e-05,6.950107086085999e-06,5.2848947853457973e-05,16
main_00022,20263022,IJSH_a0,road:6339-7427,0.00019536028501837555,6.019677682518223e-06,3.3743758408318757e-05,16
main_00022,20263022,IJSH_a0,road:6389-6391,1.889922906721242e-05,6.2981123312043245e-06,4.858281719460267e-05,16
main_00022,20263022,IJSH_a0.5,power:p1uhs22_1247,0.0,0.0,0.0,16
main_00022,20263022,IJSH_a0.5,power:p1uhs2_1247,0.0,0.0,0.0,16
main_00022,20263022,IJSH_a0.5,power:p1uhs6_1247,0.0,0.0,0.0,16
main_00022,20263022,IJSH_a0.5,power:p3uhs8_1247,0.06083990681713878,8.03207142869157e-06,5.0908270404751854e-05,16
main_00022,20263022,IJSH_a0.5,power:p3uhs9_1247,0.0,0.0,0.0,16
main_00022,20263022,IJSH_a0.5,power:p4uhs3_1247,0.0,0.0,0.0,16
main_00022,20263022,IJSH_a0.5,power:p5uhs3_1247,0.015524110281815757,2.3026501949305047e-05,0.00029179847685933464,16
main_00022,20263022,IJSH_a0.5,power:p5uhs4_1247,0.007047667135830565,2.9071193126874576e-05,0.0001794724982815774,16
main_00022,20263022,IJSH_a0.5,road:1285-7392,-1.1499651986382012e-05,6.239328037426333e-06,3.835770066553853e-05,16
main_00022,20263022,IJSH_a0.5,road:2276-7374,-1.415831251874953e-05,7.752442120437262e-06,5.553772078483139e-05,16
main_00022,20263022,IJSH_a0.5,road:2521-2551,0.00012619786938065,4.850412476359955e-06,5.3824881009274836e-05,16
main_00022,20263022,IJSH_a0.5,road:3616-3639,0.0008814656635858208,2.1294786886085272e-05,0.00012083704211185904,16
main_00022,20263022,IJSH_a0.5,road:4528-6536,2.4890192023084567e-05,4.9369970287982355e-06,6.17854645870443e-05,16
main_00022,20263022,IJSH_a0.5,road:4801-6719,4.587418550445569e-05,6.523607745412893e-06,5.6880650586653375e-05,16
main_00022,20263022,IJSH_a0.5,road:6215-7378,3.7074128238246774e-05,6.950107086085999e-06,5.2848947853457973e-05,16
main_00022,20263022,IJSH_a0.5,road:6339-7427,0.00014623918711760323,6.019677682518223e-06,3.3743758408318757e-05,16
main_00022,20263022,IJSH_a0.5,road:6389-6391,5.914210827506298e-06,6.2981123312043245e-06,4.858281719460267e-05,16
main_00022,20263022,IJSH_a2,power:p1uhs22_1247,0.0,0.0,0.0,16
main_00022,20263022,IJSH_a2,power:p1uhs2_1247,0.0,0.0,0.0,16
main_00022,20263022,IJSH_a2,power:p1uhs6_1247,0.0,0.0,0.0,16
main_00022,20263022,IJSH_a2,power:p3uhs8_1247,0.03042263300466175,8.03207142869157e-06,5.0908270404751854e-05,16
main_00022,20263022,IJSH_a2,power:p3uhs9_1247,0.0,0.0,0.0,16
main_00022,20263022,IJSH_a2,power:p4uhs3_1247,0.0,0.0,0.0,16
main_00022,20263022,IJSH_a2,power:p5uhs3_1247,0.018525136345896757,2.3026501949305047e-05,0.00029179847685933464,16
main_00022,20263022,IJSH_a2,power:p5uhs4_1247,0.008408949644627404,2.9071193126874576e-05,0.0001794724982815774,16
main_00022,20263022,IJSH_a2,road:1285-7392,-3.501611435400195e-05,6.239328037426333e-06,3.835770066553853e-05,16
main_00022,20263022,IJSH_a2,road:2276-7374,-2.307441680845836e-05,7.752442120437262e-06,5.553772078483139e-05,16
main_00022,20263022,IJSH_a2,road:2521-2551,7.929039765542749e-05,4.850412476359955e-06,5.3824881009274836e-05,16
main_00022,20263022,IJSH_a2,road:3616-3639,0.0011137603283478774,2.1294786886085272e-05,0.00012083704211185904,16
main_00022,20263022,IJSH_a2,road:4528-6536,3.0960363485148246e-05,4.9369970287982355e-06,6.17854645870443e-05,16
main_00022,20263022,IJSH_a2,road:4801-6719,5.255456137607852e-05,6.523607745412893e-06,5.6880650586653375e-05,16
main_00022,20263022,IJSH_a2,road:6215-7378,6.239491258625458e-05,6.950107086085999e-06,5.2848947853457973e-05,16
main_00022,20263022,IJSH_a2,road:6339-7427,9.711808921683089e-05,6.019677682518223e-06,3.3743758408318757e-05,16
main_00022,20263022,IJSH_a2,road:6389-6391,-7.070807412199824e-06,6.2981123312043245e-06,4.858281719460267e-05,16
main_00022,20263022,JSH,power:p1uhs22_1247,0.0,0.0,0.0,16
main_00022,20263022,JSH,power:p1uhs2_1247,0.0,0.0,0.0,16
main_00022,20263022,JSH,power:p1uhs6_1247,0.0,0.0,0.0,16
main_00022,20263022,JSH,power:p3uhs8_1247,0.09125718062961581,8.03207142869157e-06,5.0908270404751854e-05,16
main_00022,20263022,JSH,power:p3uhs9_1247,0.0,0.0,0.0,16
main_00022,20263022,JSH,power:p4uhs3_1247,0.0,0.0,0.0,16
main_00022,20263022,JSH,power:p5uhs3_1247,0.012523084217734758,2.3026501949305047e-05,0.00029179847685933464,16
main_00022,20263022,JSH,power:p5uhs4_1247,0.005686384627033726,2.9071193126874576e-05,0.0001794724982815774,16
main_00022,20263022,JSH,road:1285-7392,1.2016810381237919e-05,6.239328037426333e-06,3.835770066553853e-05,16
main_00022,20263022,JSH,road:2276-7374,-5.242208229040701e-06,7.752442120437262e-06,5.553772078483139e-05,16
main_00022,20263022,JSH,road:2521-2551,0.0001731053411058725,4.850412476359955e-06,5.3824881009274836e-05,16
main_00022,20263022,JSH,road:3616-3639,0.0006491709988237643,2.1294786886085272e-05,0.00012083704211185904,16
main_00022,20263022,JSH,road:4528-6536,1.882002056102089e-05,4.9369970287982355e-06,6.17854645870443e-05,16
main_00022,20263022,JSH,road:4801-6719,3.9193809632832866e-05,6.523607745412893e-06,5.6880650586653375e-05,16
main_00022,20263022,JSH,road:6215-7378,1.1753343890238965e-05,6.950107086085999e-06,5.2848947853457973e-05,16
main_00022,20263022,JSH,road:6339-7427,0.00019536028501837555,6.019677682518223e-06,3.3743758408318757e-05,16
main_00022,20263022,JSH,road:6389-6391,1.889922906721242e-05,6.2981123312043245e-06,4.858281719460267e-05,16
main_00023,20263023,CEN,power:p1rhs7_1247,0.002958359460576232,2.1254432601278573e-11,0.0,16
main_00023,20263023,CEN,power:p2uhs0_1247,0.006827973413858034,3.6350672589605664e-10,0.0,16
main_00023,20263023,CEN,power:p2uhs11_1247,0.00727634791864211,6.171875245743053e-06,1.96446246138656e-05,16
main_00023,20263023,CEN,power:p2uhs12_1247,0.0032616151455300813,2.050525034093831e-08,0.0,16
main_00023,20263023,CEN,power:p3uhs6_1247,0.012368443068339926,3.032296584064495e-05,0.00013877429844104606,16
main_00023,20263023,CEN,power:p4uhs0_1247,0.010062405290878748,0.0,0.0,16
main_00023,20263023,CEN,power:p4uhs2_1247,0.006237702574234303,0.0,0.0,16
main_00023,20263023,CEN,power:p4uhs4_1247,0.0034390706029247954,0.0,0.0,16
main_00023,20263023,CEN,power:p5uhs0_1247,0.009081287482380644,4.767500731912982e-06,4.7601773986982694e-05,16
main_00023,20263023,CEN,power:p5uhs20_1247,0.004522665400938576,3.858633589157892e-06,6.102509515151129e-05,16
main_00023,20263023,CEN,power:p5uhs8_1247,0.012942089072012403,0.0,0.0,16
main_00023,20263023,CEN,road:2455-2459,0.001944815139457926,3.2272501318921724e-05,0.00015594942186688326,16
main_00023,20263023,CEN,road:2613-2652,0.0061686864757327445,1.1657126324495022e-05,5.601805931440722e-05,16
main_00023,20263023,CEN,road:2954-2978,0.09050361448156319,8.080518357830276e-06,6.393267131881919e-05,16
main_00023,20263023,CEN,road:3106-3114,0.003020480420737472,9.636826704558138e-06,2.1760298199176684e-05,16
main_00023,20263023,CEN,road:4705-4706,0.001441299145130791,4.518351395662281e-06,2.3666336636855138e-05,16
main_00023,20263023,CEN,road:4827-7054,0.0009670215490072485,3.9076587602949125e-06,1.6287010432265337e-05,16
main_00023,20263023,CEN,road:4947-5135,0.001415138473053892,6.766620024212482e-06,2.4641364780789335e-05,16
main_00023,20263023,CEN,road:5184-7237,0.006817471143239835,6.770393268926424e-06,2.533670863079869e-05,16
main_00023,20263023,CEN,road:5245-5250,0.0042038661164513075,5.2130359256489455e-06,1.6829035614506587e-05,16
main_00023,20263023,CEN,road:5515-5527,0.015390169496533247,7.1734544177768615e-06,2.6838166216645722e-05,16
main_00023,20263023,IJSH,power:p1rhs7_1247,0.002815423306817024,2.1254432601278573e-11,0.0,16
main_00023,20263023,IJSH,power:p2uhs0_1247,0.002599237622567512,3.6350672589605664e-10,0.0,16
main_00023,20263023,IJSH,power:p2uhs11_1247,0.0037099014092080163,6.171875245743053e-06,1.96446246138656e-05,16
main_00023,20263023,IJSH,power:p2uhs12_1247,0.0012416596686538328,2.050525034093831e-08,0.0,16
main_00023,20263023,IJSH,power:p3uhs6_1247,0.004498434764475017,3.032296584064495e-05,0.00013877429844104606,16
main_00023,20263023,IJSH,power:p4uhs0_1247,0.001915259391615673,0.0,0.0,16
main_00023,20263023,IJSH,power:p4uhs2_1247,0.0,0.0,0.0,16
main_00023,20263023,IJSH,power:p4uhs4_1247,0.0,0.0,0.0,16
main_00023,20263023,IJSH,power:p5uhs0_1247,0.002070270509629279,4.767500731912982e-06,4.7601773986982694e-05,16
main_00023,20263023,IJSH,power:p5uhs20_1247,0.0022852325986212306,3.858633589157892e-06,6.102509515151129e-05,16
main_00023,20263023,IJSH,power:p5uhs8_1247,0.0,0.0,0.0,16
main_00023,20263023,IJSH,road:2455-2459,0.0007373650647868046,3.2272501318921724e-05,0.00015594942186688326,16
main_00023,20263023,IJSH,road:2613-2652,0.023704971511785928,1.1657126324495022e-05,5.601805931440722e-05,16
main_00023,20263023,IJSH,road:2954-2978,0.00039417105997358384,8.080518357830276e-06,6.393267131881919e-05,16
main_00023,20263023,IJSH,road:3106-3114,2.403967878823049e-05,9.636826704558138e-06,2.1760298199176684e-05,16
main_00023,20263023,IJSH,road:4705-4706,-6.805190065142797e-07,4.518351395662281e-06,2.3666336636855138e-05,16
main_00023,20263023,IJSH,road:4827-7054,9.271307361564951e-06,3.9076587602949125e-06,1.6287010432265337e-05,16
main_00023,20263023,IJSH,road:4947-5135,4.165388700689415e-05,6.766620024212482e-06,2.4641364780789335e-05,16
main_00023,20263023,IJSH,road:5184-7237,4.1867730844778045e-05,6.770393268926424e-06,2.533670863079869e-05,16
main_00023,20263023,IJSH,road:5245-5250,4.650637823851167e-06,5.2130359256489455e-06,1.6829035614506587e-05,16
main_00023,20263023,IJSH,road:5515-5527,9.90341320740995e-05,7.1734544177768615e-06,2.6838166216645722e-05,16
main_00023,20263023,IJSH_a0,power:p1rhs7_1247,0.005630846613634048,2.1254432601278573e-11,0.0,16
main_00023,20263023,IJSH_a0,power:p2uhs0_1247,0.005198475245135024,3.6350672589605664e-10,0.0,16
main_00023,20263023,IJSH_a0,power:p2uhs11_1247,0.005795281942133579,6.171875245743053e-06,1.96446246138656e-05,16
main_00023,20263023,IJSH_a0,power:p2uhs12_1247,0.0024833193373076656,2.050525034093831e-08,0.0,16
main_00023,20263023,IJSH_a0,power:p3uhs6_1247,0.007521874360006252,3.032296584064495e-05,0.00013877429844104606,16
main_00023,20263023,IJSH_a0,power:p4uhs0_1247,0.003830518783231346,0.0,0.0,16
main_00023,20263023,IJSH_a0,power:p4uhs2_1247,0.0,0.0,0.0,16
main_00023,20263023,IJSH_a0,power:p4uhs4_1247,0.0,0.0,0.0,16
main_00023,20263023,IJSH_a0,power:p5uhs0_1247,0.0038462388133608458,4.767500731912982e-06,4.7601773986982694e-05,16
main_00023,20263023,IJSH_a0,power:p5uhs20_1247,0.002031178118352177,3.858633589157892e-06,6.102509515151129e-05,16
main_00023,20263023,IJSH_a0,power:p5uhs8_1247,0.0,0.0,0.0,16
main_00023,20263023,IJSH_a0,road:2455-2459,0.0004666726158587542,3.2272501318921724e-05,0.00015594942186688326,16
main_00023,20263023,IJSH_a0,road:2613-2652,0.019893583098943873,1.1657126324495022e-05,5.601805931440722e-05,16
main_00023,20263023,IJSH_a0,road:2954-2978,9.67726715184608e-05,8.080518357830276e-06,6.393267131881919e-05,16
main_00023,20263023,IJSH_a0,road:3106-3114,-6.513905820945687e-06,9.636826704558138e-06,2.1760298199176684e-05,16
main_00023,20263023,IJSH_a0,road:4705-4706,-2.8023186654790866e-06,4.518351395662281e-06,2.3666336636855138e-05,16
main_00023,20263023,IJSH_a0,road:4827-7054,1.1083570026299006e-05,3.9076587602949125e-06,1.6287010432265337e-05,16
main_00023,20263023,IJSH_a0,road:4947-5135,9.635329566064915e-05,6.766620024212482e-06,2.4641364780789335e-05,16
main_00023,20263023,IJSH_a0,road:5184-7237,0.00010535040670518747,6.770393268926424e-06,2.533670863079869e-05,16
main_00023,20263023,IJSH_a0,road:5245-5250,7.435134589860171e-06,5.2130359256489455e-06,1.6829035614506587e-05,16
main_00023,20263023,IJSH_a0,road:5515-5527,0.00015963447089815258,7.1734544177768615e-06,2.6838166216645722e-05,16
main_00023,20263023,IJSH_a0.5,power:p1rhs7_1247,0.003753897742422699,2.1254432601278573e-11,0.0,16
main_00023,20263023,IJSH_a0.5,power:p2uhs0_1247,0.0034656501634233497,3.6350672589605664e-10,0.0,16
main_00023,20263023,IJSH_a0.5,power:p2uhs11_1247,0.004405028253516537,6.171875245743053e-06,1.96446246138656e-05,16
main_00023,20263023,IJSH_a0.5,power:p2uhs12_1247,0.0016555462248717772,2.050525034093831e-08,0.0,16
main_00023,20263023,IJSH_a0.5,power:p3uhs6_1247,0.005506247962985429,3.032296584064495e-05,0.00013877429844104606,16
main_00023,20263023,IJSH_a0.5,power:p4uhs0_1247,0.0025536791888208974,0.0,0.0,16
main_00023,20263023,IJSH_a0.5,power:p4uhs2_1247,0.0,0.0,0.0,16
main_00023,20263023,IJSH_a0.5,power:p4uhs4_1247,0.0,0.0,0.0,16
main_00023,20263023,IJSH_a0.5,power:p5uhs0_1247,0.002662259944206468,4.767500731912982e-06,4.7601773986982694e-05,16
main_00023,20263023,IJSH_a0.5,power:p5uhs20_1247,0.0022005477718648795,3.858633589157892e-06,6.102509515151129e-05,16
main_00023,20263023,IJSH_a0.5,power:p5uhs8_1247,0.0,0.0,0.0,16
main_00023,20263023,IJSH_a0.5,road:2455-2459,0.0006471342484774545,3.2272501318921724e-05,0.00015594942186688326,16
main_00023,20263023,IJSH_a0.5,road:2613-2652,0.02243450870750524,1.1657126324495022e-05,5.601805931440722e-05,16
main_00023,20263023,IJSH_a0.5,road:2954-2978,0.00029503826382187615,8.080518357830276e-06,6.393267131881919e-05,16
main_00023,20263023,IJSH_a0.5,road:3106-3114,1.3855150585171764e-05,9.636826704558138e-06,2.1760298199176684e-05,16
main_00023,20263023,IJSH_a0.5,road:4705-4706,-1.3877855595025486e-06,4.518351395662281e-06,2.3666336636855138e-05,16
main_00023,20263023,IJSH_a0.5,road:4827-7054,9.875394916476302e-06,3.9076587602949125e-06,1.6287010432265337e-05,16
main_00023,20263023,IJSH_a0.5,road:4947-5135,5.9887023224812486e-05,6.766620024212482e-06,2.4641364780789335e-05,16
main_00023,20263023,IJSH_a0.5,road:5184-7237,6.302862279824785e-05,6.770393268926424e-06,2.533670863079869e-05,16
main_00023,20263023,IJSH_a0.5,road:5245-5250,5.5788034125208346e-06,5.2130359256489455e-06,1.6829035614506587e-05,16
main_00023,20263023,IJSH_a0.5,road:5515-5527,0.00011923424501545053,7.1734544177768615e-06,2.6838166216645722e-05,16
main_00023,20263023,IJSH_a2,power:p1rhs7_1247,0.0018769488712113494,2.1254432601278573e-11,0.0,16
main_00023,20263023,IJSH_a2,power:p2uhs0_1247,0.0017328250817116749,3.6350672589605664e-10,0.0,16
main_00023,20263023,IJSH_a2,power:p2uhs11_1247,0.0030147745648994952,6.171875245743053e-06,1.96446246138656e-05,16
main_00023,20263023,IJSH_a2,power:p2uhs12_1247,0.0008277731124358886,2.050525034093831e-08,0.0,16
main_00023,20263023,IJSH_a2,power:p3uhs6_1247,0.0034906215659646057,3.032296584064495e-05,0.00013877429844104606,16
main_00023,20263023,IJSH_a2,power:p4uhs0_1247,0.0012768395944104487,0.0,0.0,16
main_00023,20263023,IJSH_a2,power:p4uhs2_1247,0.0,0.0,0.0,16
main_00023,20263023,IJSH_a2,power:p4uhs4_1247,0.0,0.0,0.0,16
main_00023,20263023,IJSH_a2,power:p5uhs0_1247,0.0014782810750520899,4.767500731912982e-06,4.7601773986982694e-05,16
main_00023,20263023,IJSH_a2,power:p5uhs20_1247,0.0023699174253775817,3.858633589157892e-06,6.102509515151129e-05,16
main_00023,20263023,IJSH_a2,power:p5uhs8_1247,0.0,0.0,0.0,16
main_00023,20263023,IJSH_a2,road:2455-2459,0.0008275958810961548,3.2272501318921724e-05,0.00015594942186688326,16
main_00023,20263023,IJSH_a2,road:2613-2652,0.02497543431606661,1.1657126324495022e-05,5.601805931440722e-05,16
main_00023,20263023,IJSH_a2,road:2954-2978,0.0004933038561252915,8.080518357830276e-06,6.393267131881919e-05,16
main_00023,20263023,IJSH_a2,road:3106-3114,3.422420699128922e-05,9.636826704558138e-06,2.1760298199176684e-05,16
main_00023,20263023,IJSH_a2,road:4705-4706,2.674754647398932e-08,4.518351395662281e-06,2.3666336636855138e-05,16
main_00023,20263023,IJSH_a2,road:4827-7054,8.6672198066536e-06,3.9076587602949125e-06,1.6287010432265337e-05,16
main_00023,20263023,IJSH_a2,road:4947-5135,2.342075078897582e-05,6.766620024212482e-06,2.4641364780789335e-05,16
main_00023,20263023,IJSH_a2,road:5184-7237,2.0706838891308237e-05,6.770393268926424e-06,2.533670863079869e-05,16
main_00023,20263023,IJSH_a2,road:5245-5250,3.722472235181499e-06,5.2130359256489455e-06,1.6829035614506587e-05,16
main_00023,20263023,IJSH_a2,road:5515-5527,7.883401913274847e-05,7.1734544177768615e-06,2.6838166216645722e-05,16
main_00023,20263023,JSH,power:p1rhs7_1247,0.005630846613634048,2.1254432601278573e-11,0.0,16
main_00023,20263023,JSH,power:p2uhs0_1247,0.005198475245135024,3.6350672589605664e-10,0.0,16
main_00023,20263023,JSH,power:p2uhs11_1247,0.005795281942133579,6.171875245743053e-06,1.96446246138656e-05,16
main_00023,20263023,JSH,power:p2uhs12_1247,0.0024833193373076656,2.050525034093831e-08,0.0,16
main_00023,20263023,JSH,power:p3uhs6_1247,0.007521874360006252,3.032296584064495e-05,0.00013877429844104606,16
main_00023,20263023,JSH,power:p4uhs0_1247,0.003830518783231346,0.0,0.0,16
main_00023,20263023,JSH,power:p4uhs2_1247,0.0,0.0,0.0,16
main_00023,20263023,JSH,power:p4uhs4_1247,0.0,0.0,0.0,16
main_00023,20263023,JSH,power:p5uhs0_1247,0.0038462388133608458,4.767500731912982e-06,4.7601773986982694e-05,16
main_00023,20263023,JSH,power:p5uhs20_1247,0.002031178118352177,3.858633589157892e-06,6.102509515151129e-05,16
main_00023,20263023,JSH,power:p5uhs8_1247,0.0,0.0,0.0,16
main_00023,20263023,JSH,road:2455-2459,0.0004666726158587542,3.2272501318921724e-05,0.00015594942186688326,16
main_00023,20263023,JSH,road:2613-2652,0.019893583098943873,1.1657126324495022e-05,5.601805931440722e-05,16
main_00023,20263023,JSH,road:2954-2978,9.67726715184608e-05,8.080518357830276e-06,6.393267131881919e-05,16
main_00023,20263023,JSH,road:3106-3114,-6.513905820945687e-06,9.636826704558138e-06,2.1760298199176684e-05,16
main_00023,20263023,JSH,road:4705-4706,-2.8023186654790866e-06,4.518351395662281e-06,2.3666336636855138e-05,16
main_00023,20263023,JSH,road:4827-7054,1.1083570026299006e-05,3.9076587602949125e-06,1.6287010432265337e-05,16
main_00023,20263023,JSH,road:4947-5135,9.635329566064915e-05,6.766620024212482e-06,2.4641364780789335e-05,16
main_00023,20263023,JSH,road:5184-7237,0.00010535040670518747,6.770393268926424e-06,2.533670863079869e-05,16
main_00023,20263023,JSH,road:5245-5250,7.435134589860171e-06,5.2130359256489455e-06,1.6829035614506587e-05,16
main_00023,20263023,JSH,road:5515-5527,0.00015963447089815258,7.1734544177768615e-06,2.6838166216645722e-05,16
main_00024,20263024,CEN,power:p1uhs10_1247,0.010635111975379455,0.0,0.0,16
main_00024,20263024,CEN,power:p1uhs11_1247,0.00808776999717721,0.0001893410169773201,2.9105832062430776e-05,16
main_00024,20263024,CEN,power:p1uhs16_1247,0.008751827005438114,0.0,0.0,16
main_00024,20263024,CEN,power:p2uhs6_1247,0.006420764782445164,0.002868140614599251,2.9069220404252834e-05,16
main_00024,20263024,CEN,power:p2uhs7_1247,0.002070693384955452,0.003056156524264114,0.0,16
main_00024,20263024,CEN,power:p3uhs13_1247,0.012792260321926438,0.0,0.0,16
main_00024,20263024,CEN,power:p3uhs14_1247,0.01293760119736372,0.0015878147459562626,0.0,16
main_00024,20263024,CEN,power:p3uhs16_1247,0.003888179207454282,0.0,0.0,16
main_00024,20263024,CEN,power:p3uhs18_1247,0.0018934469749757401,0.0,0.0,16
main_00024,20263024,CEN,power:p3uhs20_1247,0.009393298541255026,0.00022349376184165653,0.0,16
main_00024,20263024,CEN,power:p4uhs10_1247,0.005142249329163014,0.00012234553012502677,0.0,16
main_00024,20263024,CEN,power:p4uhs7_1247,0.004716474820851953,0.00015331540948015248,0.0,16
main_00024,20263024,CEN,power:p5uhs15_1247,0.00988964595794254,0.0004921205639308133,3.937636672219804e-05,16
main_00024,20263024,CEN,power:p5uhs5_1247,0.01566793032490203,0.0,0.0,16
main_00024,20263024,CEN,road:1203-7136,0.0009050053675543648,7.291499184525723e-06,2.259566023240002e-05,16
main_00024,20263024,CEN,road:2148-2161,0.001931580917113142,5.750419536314345e-06,3.3421090103588155e-05,16
main_00024,20263024,CEN,road:2206-2216,0.0006367815356129845,6.252857849589272e-06,2.483396299668336e-05,16
main_00024,20263024,CEN,road:2486-2490,0.0013271155058304442,7.1103035282917e-06,2.2453833295516614e-05,16
main_00024,20263024,CEN,road:2839-2902,0.0001575795776867318,7.377532919171775e-06,2.1399591072563205e-05,16
main_00024,20263024,CEN,road:3468-3470,0.0004471936062086353,4.0166191542374534e-06,2.6307170392243542e-05,16
main_00024,20263024,CEN,road:4465-4468,0.001814011779073432,7.801587821975986e-06,3.0428750730676484e-05,16
main_00024,20263024,CEN,road:4830-4831,0.000309311475732745,5.245404586084597e-06,2.0173896806389568e-05,16
main_00024,20263024,CEN,road:5018-5024,0.003959494661991805,4.478718267044925e-06,2.4705112540031833e-05,16
main_00024,20263024,CEN,road:5438-5451,0.00044565474314528833,5.427409909063613e-06,2.7919928239996144e-05,16
main_00024,20263024,CEN,road:6473-6476,0.004099223428143712,8.60666419555534e-06,1.9045536996235515e-05,16
main_00024,20263024,CEN,road:7328-7457,0.0006103130909234163,6.864215145174891e-06,1.8317965410058524e-05,16
main_00024,20263024,IJSH,power:p1uhs10_1247,0.0,0.0,0.0,16
main_00024,20263024,IJSH,power:p1uhs11_1247,0.0017463331985046564,0.0001893410169773201,2.9105832062430776e-05,16
main_00024,20263024,IJSH,power:p1uhs16_1247,0.0,0.0,0.0,16
main_00024,20263024,IJSH,power:p2uhs6_1247,-0.0020758142732343783,0.002868140614599251,2.9069220404252834e-05,16
main_00024,20263024,IJSH,power:p2uhs7_1247,0.007495768627633896,0.003056156524264114,0.0,16
main_00024,20263024,IJSH,power:p3uhs13_1247,0.0,0.0,0.0,16
main_00024,20263024,IJSH,power:p3uhs14_1247,0.0212511693796479,0.0015878147459562626,0.0,16
main_00024,20263024,IJSH,power:p3uhs16_1247,0.0,0.0,0.0,16
main_00024,20263024,IJSH,power:p3uhs18_1247,0.0,0.0,0.0,16
main_00024,20263024,IJSH,power:p3uhs20_1247,0.0021231360628190636,0.00022349376184165653,0.0,16
main_00024,20263024,IJSH,power:p4uhs10_1247,0.0009175914759377013,0.00012234553012502677,0.0,16
main_00024,20263024,IJSH,power:p4uhs7_1247,0.0007855077263030294,0.00015331540948015248,0.0,16
main_00024,20263024,IJSH,power:p5uhs15_1247,0.031017623029935912,0.0004921205639308133,3.937636672219804e-05,16
main_00024,20263024,IJSH,power:p5uhs5_1247,0.0,0.0,0.0,16
main_00024,20263024,IJSH,road:1203-7136,2.6608993749011045e-05,7.291499184525723e-06,2.259566023240002e-05,16
main_00024,20263024,IJSH,road:2148-2161,-3.9783873645983514e-05,5.750419536314345e-06,3.3421090103588155e-05,16
main_00024,20263024,IJSH,road:2206-2216,-7.2112366269194705e-06,6.252857849589272e-06,2.483396299668336e-05,16
main_00024,20263024,IJSH,road:2486-2490,-1.2088578495543512e-05,7.1103035282917e-06,2.2453833295516614e-05,16
main_00024,20263024,IJSH,road:2839-2902,2.2100334312144532e-05,7.377532919171775e-06,2.1399591072563205e-05,16
main_00024,20263024,IJSH,road:3468-3470,4.668148403176586e-05,4.0166191542374534e-06,2.6307170392243542e-05,16
main_00024,20263024,IJSH,road:4465-4468,0.0002467830918466765,7.801587821975986e-06,3.0428750730676484e-05,16
main_00024,20263024,IJSH,road:4830-4831,4.3528773646772656e-05,5.245404586084597e-06,2.0173896806389568e-05,16
main_00024,20263024,IJSH,road:5018-5024,2.027563464142637e-05,4.478718267044925e-06,2.4705112540031833e-05,16
main_00024,20263024,IJSH,road:5438-5451,2.231894401408252e-05,5.427409909063613e-06,2.7919928239996144e-05,16
main_00024,20263024,IJSH,road:6473-6476,3.217166616431566e-05,8.60666419555534e-06,1.9045536996235515e-05,16
main_00024,20263024,IJSH,road:7328-7457,1.5838827668611388e-05,6.864215145174891e-06,1.8317965410058524e-05,16
main_00024,20263024,IJSH_a0,power:p1uhs10_1247,0.0,0.0,0.0,16
main_00024,20263024,IJSH_a0,power:p1uhs11_1247,0.003479431586164712,0.0001893410169773201,2.9105832062430776e-05,16
main_00024,20263024,IJSH_a0,power:p1uhs16_1247,0.0,0.0,0.0,16
main_00024,20263024,IJSH_a0,power:p2uhs6_1247,-0.004906643281335908,0.002868140614599251,2.9069220404252834e-05,16
main_00024,20263024,IJSH_a0,power:p2uhs7_1247,0.014991537255267792,0.003056156524264114,0.0,16
main_00024,20263024,IJSH_a0,power:p3uhs13_1247,0.0,0.0,0.0,16
main_00024,20263024,IJSH_a0,power:p3uhs14_1247,0.0425023387592958,0.0015878147459562626,0.0,16
main_00024,20263024,IJSH_a0,power:p3uhs16_1247,0.0,0.0,0.0,16
main_00024,20263024,IJSH_a0,power:p3uhs18_1247,0.0,0.0,0.0,16
main_00024,20263024,IJSH_a0,power:p3uhs20_1247,0.004246272125638127,0.00022349376184165653,0.0,16
main_00024,20263024,IJSH_a0,power:p4uhs10_1247,0.0018351829518754026,0.00012234553012502677,0.0,16
main_00024,20263024,IJSH_a0,power:p4uhs7_1247,0.0015710154526060588,0.00015331540948015248,0.0,16
main_00024,20263024,IJSH_a0,power:p5uhs15_1247,0.061392924621324646,0.0004921205639308133,3.937636672219804e-05,16
main_00024,20263024,IJSH_a0,power:p5uhs5_1247,0.0,0.0,0.0,16
main_00024,20263024,IJSH_a0,road:1203-7136,1.8505355268913504e-05,7.291499184525723e-06,2.259566023240002e-05,16
main_00024,20263024,IJSH_a0,road:2148-2161,2.225302626474024e-07,5.750419536314345e-06,3.3421090103588155e-05,16
main_00024,20263024,IJSH_a0,road:2206-2216,-5.246487998065985e-06,6.252857849589272e-06,2.483396299668336e-05,16
main_00024,20263024,IJSH_a0,road:2486-2490,-4.0268349948135995e-06,7.1103035282917e-06,2.2453833295516614e-05,16
main_00024,20263024,IJSH_a0,road:2839-2902,7.188778129584017e-05,7.377532919171775e-06,2.1399591072563205e-05,16
main_00024,20263024,IJSH_a0,road:3468-3470,2.854832679632935e-05,4.0166191542374534e-06,2.6307170392243542e-05,16
main_00024,20263024,IJSH_a0,road:4465-4468,2.643884938292873e-05,7.801587821975986e-06,3.0428750730676484e-05,16
main_00024,20263024,IJSH_a0,road:4830-4831,7.013989413429816e-05,5.245404586084597e-06,2.0173896806389568e-05,16
main_00024,20263024,IJSH_a0,road:5018-5024,7.597750444905682e-06,4.478718267044925e-06,2.4705112540031833e-05,16
main_00024,20263024,IJSH_a0,road:5438-5451,2.636622874203215e-05,5.427409909063613e-06,2.7919928239996144e-05,16
main_00024,20263024,IJSH_a0,road:6473-6476,0.00012568760593044404,8.60666419555534e-06,1.9045536996235515e-05,16
main_00024,20263024,IJSH_a0,road:7328-7457,1.2802070894574191e-05,6.864215145174891e-06,1.8317965410058524e-05,16
main_00024,20263024,IJSH_a0.5,power:p1uhs10_1247,0.0,0.0,0.0,16
main_00024,20263024,IJSH_a0.5,power:p1uhs11_1247,0.0023240326610580084,0.0001893410169773201,2.9105832062430776e-05,16
main_00024,20263024,IJSH_a0.5,power:p1uhs16_1247,0.0,0.0,0.0,16
main_00024,20263024,IJSH_a0.5,power:p2uhs6_1247,-0.0030194239426015548,0.002868140614599251,2.9069220404252834e-05,16
main_00024,20263024,IJSH_a0.5,power:p2uhs7_1247,0.009994358170178528,0.003056156524264114,0.0,16
main_00024,20263024,IJSH_a0.5,power:p3uhs13_1247,0.0,0.0,0.0,16
main_00024,20263024,IJSH_a0.5,power:p3uhs14_1247,0.0283348925061972,0.0015878147459562626,0.0,16
main_00024,20263024,IJSH_a0.5,power:p3uhs16_1247,0.0,0.0,0.0,16
main_00024,20263024,IJSH_a0.5,power:p3uhs18_1247,0.0,0.0,0.0,16
main_00024,20263024,IJSH_a0.5,power:p3uhs20_1247,0.0028308480837587516,0.00022349376184165653,0.0,16
main_00024,20263024,IJSH_a0.5,power:p4uhs10_1247,0.0012234553012502685,0.00012234553012502677,0.0,16
main_00024,20263024,IJSH_a0.5,power:p4uhs7_1247,0.001047343635070706,0.00015331540948015248,0.0,16
main_00024,20263024,IJSH_a0.5,power:p5uhs15_1247,0.041142723560398824,0.0004921205639308133,3.937636672219804e-05,16
main_00024,20263024,IJSH_a0.5,power:p5uhs5_1247,0.0,0.0,0.0,16
main_00024,20263024,IJSH_a0.5,road:1203-7136,2.3907780922311866e-05,7.291499184525723e-06,2.259566023240002e-05,16
main_00024,20263024,IJSH_a0.5,road:2148-2161,-2.6448405676439874e-05,5.750419536314345e-06,3.3421090103588155e-05,16
main_00024,20263024,IJSH_a0.5,road:2206-2216,-6.556320417301642e-06,6.252857849589272e-06,2.483396299668336e-05,16
main_00024,20263024,IJSH_a0.5,road:2486-2490,-9.401330661966875e-06,7.1103035282917e-06,2.2453833295516614e-05,16
main_00024,20263024,IJSH_a0.5,road:2839-2902,3.869614997337641e-05,7.377532919171775e-06,2.1399591072563205e-05,16
main_00024,20263024,IJSH_a0.5,road:3468-3470,4.0637098286620356e-05,4.0166191542374534e-06,2.6307170392243542e-05,16
main_00024,20263024,IJSH_a0.5,road:4465-4468,0.00017333501102542725,7.801587821975986e-06,3.0428750730676484e-05,16
main_00024,20263024,IJSH_a0.5,road:4830-4831,5.239914714261449e-05,5.245404586084597e-06,2.0173896806389568e-05,16
main_00024,20263024,IJSH_a0.5,road:5018-5024,1.6049673242586143e-05,4.478718267044925e-06,2.4705112540031833e-05,16
main_00024,20263024,IJSH_a0.5,road:5438-5451,2.3668038923399064e-05,5.427409909063613e-06,2.7919928239996144e-05,16
main_00024,20263024,IJSH_a0.5,road:6473-6476,6.334364608635845e-05,8.60666419555534e-06,1.9045536996235515e-05,16
main_00024,20263024,IJSH_a0.5,road:7328-7457,1.4826575410598989e-05,6.864215145174891e-06,1.8317965410058524e-05,16
main_00024,20263024,IJSH_a2,power:p1uhs10_1247,0.0,0.0,0.0,16
main_00024,20263024,IJSH_a2,power:p1uhs11_1247,0.0011686337359513045,0.0001893410169773201,2.9105832062430776e-05,16
main_00024,20263024,IJSH_a2,power:p1uhs16_1247,0.0,0.0,0.0,16
main_00024,20263024,IJSH_a2,power:p2uhs6_1247,-0.0011322046038672016,0.002868140614599251,2.9069220404252834e-05,16
main_00024,20263024,IJSH_a2,power:p2uhs7_1247,0.004997179085089264,0.003056156524264114,0.0,16
main_00024,20263024,IJSH_a2,power:p3uhs13_1247,0.0,0.0,0.0,16
main_00024,20263024,IJSH_a2,power:p3uhs14_1247,0.0141674462530986,0.0015878147459562626,0.0,16
main_00024,20263024,IJSH_a2,power:p3uhs16_1247,0.0,0.0,0.0,16
main_00024,20263024,IJSH_a2,power:p3uhs18_1247,0.0,0.0,0.0,16
main_00024,20263024,IJSH_a2,power:p3uhs20_1247,0.0014154240418793758,0.00022349376184165653,0.0,16
main_00024,20263024,IJSH_a2,power:p4uhs10_1247,0.0006117276506251342,0.00012234553012502677,0.0,16
main_00024,20263024,IJSH_a2,power:p4uhs7_1247,0.000523671817535353,0.00015331540948015248,0.0,16
main_00024,20263024,IJSH_a2,power:p5uhs15_1247,0.020892522499473,0.0004921205639308133,3.937636672219804e-05,16
main_00024,20263024,IJSH_a2,power:p5uhs5_1247,0.0,0.0,0.0,16
main_00024,20263024,IJSH_a2,road:1203-7136,2.9310206575710224e-05,7.291499184525723e-06,2.259566023240002e-05,16
main_00024,20263024,IJSH_a2,road:2148-2161,-5.311934161552715e-05,5.750419536314345e-06,3.3421090103588155e-05,16
main_00024,20263024,IJSH_a2,road:2206-2216,-7.866152836537299e-06,6.252857849589272e-06,2.483396299668336e-05,16
main_00024,20263024,IJSH_a2,road:2486-2490,-1.4775826329120148e-05,7.1103035282917e-06,2.2453833295516614e-05,16
main_00024,20263024,IJSH_a2,road:2839-2902,5.504518650912653e-06,7.377532919171775e-06,2.1399591072563205e-05,16
main_00024,20263024,IJSH_a2,road:3468-3470,5.272586977691137e-05,4.0166191542374534e-06,2.6307170392243542e-05,16
main_00024,20263024,IJSH_a2,road:4465-4468,0.0003202311726679258,7.801587821975986e-06,3.0428750730676484e-05,16
main_00024,20263024,IJSH_a2,road:4830-4831,3.465840015093082e-05,5.245404586084597e-06,2.0173896806389568e-05,16
main_00024,20263024,IJSH_a2,road:5018-5024,2.45015960402666e-05,4.478718267044925e-06,2.4705112540031833e-05,16
main_00024,20263024,IJSH_a2,road:5438-5451,2.0969849104765976e-05,5.427409909063613e-06,2.7919928239996144e-05,16
main_00024,20263024,IJSH_a2,road:6473-6476,9.99686242272868e-07,8.60666419555534e-06,1.9045536996235515e-05,16
main_00024,20263024,IJSH_a2,road:7328-7457,1.6851079926623786e-05,6.864215145174891e-06,1.8317965410058524e-05,16
main_00024,20263024,JSH,power:p1uhs10_1247,0.0,0.0,0.0,16
main_00024,20263024,JSH,power:p1uhs11_1247,0.003479431586164712,0.0001893410169773201,2.9105832062430776e-05,16
main_00024,20263024,JSH,power:p1uhs16_1247,0.0,0.0,0.0,16
main_00024,20263024,JSH,power:p2uhs6_1247,-0.004906643281335908,0.002868140614599251,2.9069220404252834e-05,16
main_00024,20263024,JSH,power:p2uhs7_1247,0.014991537255267792,0.003056156524264114,0.0,16
main_00024,20263024,JSH,power:p3uhs13_1247,0.0,0.0,0.0,16
main_00024,20263024,JSH,power:p3uhs14_1247,0.0425023387592958,0.0015878147459562626,0.0,16
main_00024,20263024,JSH,power:p3uhs16_1247,0.0,0.0,0.0,16
main_00024,20263024,JSH,power:p3uhs18_1247,0.0,0.0,0.0,16
main_00024,20263024,JSH,power:p3uhs20_1247,0.004246272125638127,0.00022349376184165653,0.0,16
main_00024,20263024,JSH,power:p4uhs10_1247,0.0018351829518754026,0.00012234553012502677,0.0,16
main_00024,20263024,JSH,power:p4uhs7_1247,0.0015710154526060588,0.00015331540948015248,0.0,16
main_00024,20263024,JSH,power:p5uhs15_1247,0.061392924621324646,0.0004921205639308133,3.937636672219804e-05,16
main_00024,20263024,JSH,power:p5uhs5_1247,0.0,0.0,0.0,16
main_00024,20263024,JSH,road:1203-7136,1.8505355268913504e-05,7.291499184525723e-06,2.259566023240002e-05,16
main_00024,20263024,JSH,road:2148-2161,2.225302626474024e-07,5.750419536314345e-06,3.3421090103588155e-05,16
main_00024,20263024,JSH,road:2206-2216,-5.246487998065985e-06,6.252857849589272e-06,2.483396299668336e-05,16
main_00024,20263024,JSH,road:2486-2490,-4.0268349948135995e-06,7.1103035282917e-06,2.2453833295516614e-05,16
main_00024,20263024,JSH,road:2839-2902,7.188778129584017e-05,7.377532919171775e-06,2.1399591072563205e-05,16
main_00024,20263024,JSH,road:3468-3470,2.854832679632935e-05,4.0166191542374534e-06,2.6307170392243542e-05,16
main_00024,20263024,JSH,road:4465-4468,2.643884938292873e-05,7.801587821975986e-06,3.0428750730676484e-05,16
main_00024,20263024,JSH,road:4830-4831,7.013989413429816e-05,5.245404586084597e-06,2.0173896806389568e-05,16
main_00024,20263024,JSH,road:5018-5024,7.597750444905682e-06,4.478718267044925e-06,2.4705112540031833e-05,16
main_00024,20263024,JSH,road:5438-5451,2.636622874203215e-05,5.427409909063613e-06,2.7919928239996144e-05,16
main_00024,20263024,JSH,road:6473-6476,0.00012568760593044404,8.60666419555534e-06,1.9045536996235515e-05,16
main_00024,20263024,JSH,road:7328-7457,1.2802070894574191e-05,6.864215145174891e-06,1.8317965410058524e-05,16
