stage,job_id,strategy,scenario_id,scenario_seed,old_complete,new_complete,old_remaining,new_remaining,sequence_equal,old_end_minutes,new_end_minutes,old_censored_access_zones,new_censored_access_zones,delta_censored_access_zones,old_censored_cri_zones,new_censored_cri_zones,delta_censored_cri_zones,old_completion_or_censor_time,new_completion_or_censor_time,delta_completion_or_censor_time,old_gini_access_restore,new_gini_access_restore,delta_gini_access_restore,old_gini_final_cri,new_gini_final_cri,delta_gini_final_cri,old_gini_restore,new_gini_restore,delta_gini_restore,old_maximin_time_avg_cri_loss,new_maximin_time_avg_cri_loss,delta_maximin_time_avg_cri_loss,old_mean_final_cri,new_mean_final_cri,delta_mean_final_cri,old_mean_time_avg_cri,new_mean_time_avg_cri,delta_mean_time_avg_cri,old_min_final_cri,new_min_final_cri,delta_min_final_cri,old_min_time_avg_cri,new_min_time_avg_cri,delta_min_time_avg_cri,old_p90_access_restore,new_p90_access_restore,delta_p90_access_restore,old_p90_restore,new_p90_restore,delta_p90_restore,old_p95_access_restore,new_p95_access_restore,delta_p95_access_restore,old_p95_restore,new_p95_restore,delta_p95_restore,old_power_loss,new_power_loss,delta_power_loss,old_road_loss,new_road_loss,delta_road_loss,old_shelter_access_final,new_shelter_access_final,delta_shelter_access_final,old_shelter_access_initial,new_shelter_access_initial,delta_shelter_access_initial,old_triangle_area,new_triangle_area,delta_triangle_area,old_var_restore,new_var_restore,delta_var_restore,old_weighted_triangle_area,new_weighted_triangle_area,delta_weighted_triangle_area
a-main,main_00001_CEN_c009d56e1301,CEN,main_00001,20264001,True,True,0,0,True,710.4917162631266,710.5364042631265,0,0,0,0,0,0,710.4917162631266,710.5364042631265,0.04468799999995099,0.9429916445141608,0.9448227744333935,0.0018311299192326214,0.0,0.0,0.0,0.9402308013850933,0.9402295738311606,-1.2275539327255558e-06,0.13370679047745493,0.13376498033181738,5.818985436245594e-05,1.0,1.0,0.0,0.9933969804046736,0.9933405825791505,-5.639782552313566e-05,1.0,1.0,0.0,0.8662932095225451,0.8662350196681826,-5.818985436245594e-05,0.0,0.0,0.0,0.0,0.0,0.0,51.45552300316942,51.47451900316942,0.018996000000001345,51.45552300316942,51.47451900316942,0.018996000000001345,30.7151344136586,30.717505813602845,0.0023713999442449563,0.7508813072202213,0.7463311261081285,-0.0045501811120928215,1.0,1.0,0.0,0.9580329250864149,0.9565694476611809,-0.0014634774252340055,31.466015720878826,31.463836939710973,-0.0021787811678528612,1039.0900609880039,1039.328203615063,0.23814262705923284,40.835328749759285,41.0605329969632,0.2252042472039122
a-main,main_00001_IJSH_3d6102eab38a,IJSH,main_00001,20264001,True,True,0,0,True,859.3443602631264,859.4204572631264,0,0,0,0,0,0,859.3443602631264,859.4204572631264,0.0760970000000043,0.9334953026270318,0.935400013643428,0.00190471101639611,0.0,0.0,0.0,0.9228209085391637,0.9228224500148412,1.5414756775466998e-06,0.11238648937039442,0.11245079076213116,6.430139173674299e-05,1.0,1.0,0.0,0.9924228153317752,0.9923790242779115,-4.379105386376203e-05,1.0,1.0,0.0,0.8876135106296056,0.8875492092378688,-6.430139173674299e-05,0.0,0.0,0.0,0.0,0.0,0.0,157.90393245756616,157.90135845756618,-0.0025739999999814245,167.42421969938343,167.42349999938347,-0.0007196999999621312,14.324969008514907,14.32697070170184,0.002001693186933551,2.124178938850474,2.118916674745068,-0.005262264105406089,1.0,1.0,0.0,0.9580329250864149,0.9565694476611809,-0.0014634774252340055,16.44914794736538,16.445887376446912,-0.0032605709184672094,3056.1171458391827,3056.440548649744,0.32340281056121967,28.936152867616702,29.18324439056141,0.24709152294470726
a-main,main_00001_JSH_24a7b3a603de,JSH,main_00001,20264001,True,True,0,0,True,859.3443602631264,859.4204572631264,0,0,0,0,0,0,859.3443602631264,859.4204572631264,0.0760970000000043,0.9334953026270318,0.935400013643428,0.00190471101639611,0.0,0.0,0.0,0.9228209085391637,0.9228224500148412,1.5414756775466998e-06,0.11238648937039442,0.11245079076213116,6.430139173674299e-05,1.0,1.0,0.0,0.9924228153317752,0.9923790242779115,-4.379105386376203e-05,1.0,1.0,0.0,0.8876135106296056,0.8875492092378688,-6.430139173674299e-05,0.0,0.0,0.0,0.0,0.0,0.0,157.90393245756616,157.90135845756618,-0.0025739999999814245,167.42421969938343,167.42349999938347,-0.0007196999999621312,14.324969008514907,14.32697070170184,0.002001693186933551,2.124178938850474,2.118916674745068,-0.005262264105406089,1.0,1.0,0.0,0.9580329250864149,0.9565694476611809,-0.0014634774252340055,16.44914794736538,16.445887376446912,-0.0032605709184672094,3056.1171458391827,3056.440548649744,0.32340281056121967,28.936152867616702,29.18324439056141,0.24709152294470726
a-main,main_00002_CEN_ec39b9a63474,CEN,main_00002,20264002,True,True,0,0,True,443.7144675497701,443.75345254977015,0,0,0,0,0,0,443.7144675497701,443.75345254977015,0.03898500000002514,0.4747474747474747,0.4747474747474749,2.220446049250313e-16,0.0,0.0,0.0,0.419021746402928,0.41956424778940216,0.000542501386474159,0.13302540149529396,0.1329940403280252,-3.1361167268761925e-05,1.0,1.0,0.0,0.9635354609308492,0.9635132384333412,-2.222249750793992e-05,1.0,1.0,0.0,0.866974598504706,0.8670059596719748,3.1361167268761925e-05,98.82670948636222,98.82628048636224,-0.0004289999999826932,98.82670948636222,98.82628048636224,-0.0004289999999826932,98.82670948636222,98.82628048636224,-0.0004289999999826932,98.82670948636222,98.82628048636224,-0.0004289999999826932,24.75706598867355,24.75689908021572,-0.00016690845782818542,7.540620328554312,7.5393818739773435,-0.001238454576968806,1.0,1.0,0.0,0.7935267874854631,0.7930077873173604,-0.0005190001681026901,32.29768631722786,32.29628095419306,-0.0014053630347987678,2401.0389942711176,2398.3056408877205,-2.733353383397116,53.489784741095754,53.56519143949887,0.07540669840311409
a-main,main_00002_IJSH_a5bcd6da496b,IJSH,main_00002,20264002,True,True,0,0,True,495.4065365497702,495.4422005497702,0,0,0,0,0,0,495.4065365497702,495.4422005497702,0.03566399999999703,0.47474747474747425,0.47474747474747425,0.0,0.0,0.0,0.0,0.42072135213715534,0.4207201021597029,-1.2499774524332707e-06,0.05604766500869862,0.05597319757776087,-7.446743093775243e-05,1.0,1.0,0.0,0.9843487516737996,0.98431469783459,-3.405383920962457e-05,1.0,1.0,0.0,0.9439523349913014,0.9440268024222391,7.446743093775243e-05,46.411581375304806,46.42123637530481,0.00965500000000219,46.411581375304806,46.42123637530481,0.00965500000000219,46.411581375304806,46.42123637530481,0.00965500000000219,46.411581375304806,46.42123637530481,0.00965500000000219,12.026354478693257,12.028579761576424,0.0022252828831668126,3.6096521326800377,3.6111933645789684,0.0015412318989307394,1.0,1.0,0.0,0.7935267874854631,0.7930077873173604,-0.0005190001681026901,15.636006611373292,15.639773126155392,0.0037665147821002165,543.0892179579445,543.3024233536892,0.21320539574469421,25.570302510469535,25.640122597397642,0.06982008692810737
a-main,main_00002_JSH_0c401e1e9d8d,JSH,main_00002,20264002,True,True,0,0,True,503.9917065497702,504.03056254977014,0,0,0,0,0,0,503.9917065497702,504.03056254977014,0.03885599999995293,0.47474747474747425,0.47474747474747425,0.0,0.0,0.0,0.0,0.4224640889815421,0.42246295295566894,-1.1360258731496486e-06,0.06605786578964346,0.06631355958209295,0.0002556937924494962,1.0,1.0,0.0,0.9843998535437618,0.9843685882782094,-3.126526555241593e-05,1.0,1.0,0.0,0.9339421342103565,0.933686440417907,-0.0002556937924494962,46.411581375304806,46.42123637530481,0.00965500000000219,46.411581375304806,46.42123637530481,0.00965500000000219,46.411581375304806,46.42123637530481,0.00965500000000219,46.411581375304806,46.42123637530481,0.00965500000000219,12.339727288314023,12.342038279120525,0.002310990806501323,3.659225826506915,3.660993741480104,0.0017679149731888444,1.0,1.0,0.0,0.7935267874854631,0.7930077873173604,-0.0005190001681026901,15.998953114820939,16.00303202060063,0.004078905779692832,564.9644896021782,565.1826407062114,0.2181511040331543,25.919148217890175,25.994410410101814,0.07526219221163899
a-main,main_00003_CEN_fe84ace3945e,CEN,main_00003,20264003,True,True,0,0,True,803.7099843659782,803.7513303659784,0,0,0,0,0,0,803.7099843659782,803.7513303659784,0.041346000000203276,0.9865319865319864,0.9882154882154883,0.0016835016835019534,0.0,0.0,0.0,0.9060087334172457,0.904789868920032,-0.0012188644972137563,0.15647806221923743,0.1567460353096377,0.0002679730904002753,1.0,1.0,0.0,0.9620774267664268,0.9620023150116082,-7.511175481866861e-05,1.0,1.0,0.0,0.8435219377807626,0.8432539646903623,-0.0002679730904002753,0.0,0.0,0.0,46.742024,46.748273000000005,0.006249000000003946,0.0,0.0,0.0,574.3473589231353,574.3763049231354,0.0289460000001327,212.00825588031535,212.01689690706218,0.008641026746829539,1.46208939568294,1.4589019541951904,-0.0031874414877495205,1.0,1.0,0.0,0.9963315083257483,0.9958616751701235,-0.00046983315562487693,213.47034527599837,213.47579886125737,0.005453585259004967,22456.072222027495,22513.603416111062,57.53119408356724,215.86999500034517,216.3390470017499,0.4690520014047195
a-main,main_00003_IJSH_9d19bbb9f45b,IJSH,main_00003,20264003,True,True,0,0,True,747.3705953659783,747.3968843659784,0,0,0,0,0,0,747.3705953659783,747.3968843659784,0.026289000000133456,0.9865319865319864,0.9882154882154883,0.0016835016835019534,0.0,0.0,0.0,0.8981535667496687,0.8958530229186628,-0.0023005438310059745,0.12497909375265859,0.12513902773079966,0.00015993397814106913,1.0,1.0,0.0,0.9713166035733755,0.9712218363359133,-9.476723746215665e-05,1.0,1.0,0.0,0.8750209062473414,0.8748609722692003,-0.00015993397814106913,0.0,0.0,0.0,46.742024,46.748273000000005,0.006249000000003946,0.0,0.0,0.0,280.41275189578,280.41904689578,0.00629500000002281,140.63487795402108,140.64490420228876,0.010026248267678284,1.378229678008759,1.3794757963651312,0.0012461183563721168,1.0,1.0,0.0,0.9963315083257483,0.9958616751701235,-0.00046983315562487693,142.01310763202983,142.0243799986539,0.011272366624069718,10216.413745028989,10237.916861639318,21.503116610329016,143.4042531267793,143.83463720150206,0.43038407472275253
a-main,main_00003_JSH_8717f121d6d9,JSH,main_00003,20264003,True,True,0,0,False,742.4933703659785,723.8988333659782,0,0,0,0,0,0,742.4933703659785,723.8988333659782,-18.594537000000287,0.9865319865319864,0.9882154882154883,0.0016835016835019534,0.0,0.0,0.0,0.8977489024807408,0.8942826139294775,-0.003466288551263297,0.1581110385877229,0.1573738076555523,-0.0007372309321705961,1.0,1.0,0.0,0.968703212267298,0.9678682099651066,-0.0008350023021914676,1.0,1.0,0.0,0.8418889614122771,0.8426261923444477,0.0007372309321705961,0.0,0.0,0.0,46.742024,46.748273000000005,0.006249000000003946,0.0,0.0,0.0,280.21564089578,280.20950289577996,-0.006138000000021293,141.5159419880707,142.7469640649579,1.2310220768872,1.508821020394488,1.4968015408783921,-0.012019479516095943,1.0,1.0,0.0,0.9963315083257483,0.9958616751701235,-0.00046983315562487693,143.02476300846521,144.24376560583627,1.219002597371059,10055.769463215738,9645.736066049387,-410.0333971663513,144.7317534980205,146.42605727337008,1.6943037753495673
a-main,main_00004_CEN_66d8742b441a,CEN,main_00004,20264004,True,True,0,0,True,910.0651960801486,910.0203000801484,0,0,0,0,0,0,910.0651960801486,910.0203000801484,-0.04489600000010796,0.9399703314751027,0.9399765129936875,6.181518584780221e-06,0.0,0.0,0.0,0.9704116830650664,0.9704094008780053,-2.2821870611089423e-06,0.07607915483944017,0.07655077778641717,0.0004716229469770017,1.0,1.0,0.0,0.9958397468472197,0.9957607264088839,-7.90204383357418e-05,1.0,1.0,0.0,0.9239208451605598,0.9234492222135828,-0.0004716229469770017,0.0,0.0,0.0,0.0,0.0,0.0,30.451439963418252,30.45338796341826,0.001948000000005834,30.451439963418252,30.45338796341826,0.001948000000005834,16.51324423222167,16.512173487547226,-0.0010707446744433469,4.098662718248888,4.100312259201912,0.0016495409530241645,1.0,1.0,0.0,1.0,1.0,0.0,20.611906950470562,20.61248574674914,0.0005787962785781531,3280.5757587002463,3280.0089476694334,-0.5668110308129144,19.872491342599062,19.94684792263088,0.074356580031818
a-main,main_00004_IJSH_ddcf2e38f578,IJSH,main_00004,20264004,True,True,0,0,True,796.0773080801486,796.0979760801484,0,0,0,0,0,0,796.0773080801486,796.0979760801484,0.020667999999886888,0.9490926618395188,0.950018105276109,0.0009254434365901787,0.0,0.0,0.0,0.9446291589869682,0.9464483658829319,0.0018192068959637098,0.08904318718833648,0.08914233675967065,9.914957133416724e-05,1.0,1.0,0.0,0.9919251452741153,0.9918717384259101,-5.340684820520636e-05,1.0,1.0,0.0,0.9109568128116635,0.9108576632403294,-9.914957133416724e-05,0.0,0.0,0.0,0.0,0.0,0.0,48.391464,48.416653999999994,0.02518999999999494,66.44896293631986,66.45246593631987,0.0035030000000091377,14.09523416326852,14.09424710094286,-0.0009870623256595934,4.954920870354058,4.945933954174618,-0.00898691617944003,1.0,1.0,0.0,1.0,1.0,0.0,19.050155033622573,19.04018105511748,-0.009973978505094294,1667.2151793129437,1546.4065776840478,-120.80860162889599,18.415859886451923,18.59094449868018,0.17508461222825744
a-main,main_00004_JSH_2a2d12dd828b,JSH,main_00004,20264004,True,True,0,0,True,916.5667590801486,916.5862080801486,0,0,0,0,0,0,916.5667590801486,916.5862080801486,0.01944900000000871,0.9461250774114949,0.9467961476438149,0.0006710702323200479,0.0,0.0,0.0,0.9407666629949043,0.9422720725320066,0.0015054095371023202,0.08746385535255519,0.08757313328675109,0.00010927793419590603,1.0,1.0,0.0,0.9944310922541104,0.994379933188956,-5.1159065154404715e-05,1.0,1.0,0.0,0.9125361446474448,0.9124268667132489,-0.00010927793419590603,0.0,0.0,0.0,0.0,0.0,0.0,48.391464,48.416653999999994,0.02518999999999494,66.44896293631986,66.45246593631987,0.0035030000000091377,13.536747742004502,13.53542494866527,-0.0013227933392325752,4.614783702288182,4.606200685912865,-0.008583016375317776,1.0,1.0,0.0,1.0,1.0,0.0,18.151531444292687,18.14162563457813,-0.009905809714556568,868.0099516589529,814.4685589164279,-53.54139274252498,17.542373605375733,17.74006231648587,0.19768871111013553
a-main,main_00005_CEN_d65e2f591d3e,CEN,main_00005,20264005,True,True,0,0,True,1083.264497542634,1083.3086425426338,0,0,0,0,0,0,1083.264497542634,1083.3086425426338,0.044144999999844,0.9410199632833205,0.9394705151979683,-0.0015494480853521786,0.0,0.0,0.0,0.9330484226306561,0.9315786926453757,-0.001469729985280388,0.12133919626763368,0.12169764173919151,0.00035844547155783335,1.0,1.0,0.0,0.9903712917098354,0.9903404211404323,-3.0870569403096404e-05,1.0,1.0,0.0,0.8786608037323663,0.8783023582608085,-0.00035844547155783335,0.0,0.0,0.0,0.0,0.0,0.0,274.98403899999994,274.894063,-0.0899759999999219,276.14374307204594,276.1602140720459,0.016470999999967262,44.52414297125179,44.525387967409,0.0012449961572116308,2.0216913863338357,2.014389891355002,-0.007301494978833922,1.0,1.0,0.0,0.9992709317793447,0.9994480301074488,0.0001770983281040861,46.54583435758563,46.539777858764005,-0.006056498821628509,16884.481352122195,16982.042133003386,97.56078088119102,46.263491104375184,46.420149616319826,0.15665851194464153
a-main,main_00005_IJSH_7c83a1f724aa,IJSH,main_00005,20264005,True,True,0,0,True,1288.525462542634,1288.676486542634,0,0,0,0,0,0,1288.525462542634,1288.676486542634,0.1510240000000067,0.9411118449774922,0.9395321089905406,-0.0015797359869516026,0.0,0.0,0.0,0.9247455587994986,0.9230813285742001,-0.0016642302252984909,0.06047279427085617,0.060771745339676664,0.0002989510688204966,1.0,1.0,0.0,0.9920158244672481,0.9919886273525199,-2.719711472820574e-05,1.0,1.0,0.0,0.9395272057291438,0.9392282546603233,-0.0002989510688204966,0.0,0.0,0.0,0.0,0.0,0.0,272.09425223453354,272.20750723453364,0.1132550000000947,272.09425223453354,272.20750723453364,0.1132550000000947,50.44846034296846,50.46249316349667,0.014032820528207424,2.004617142330622,1.997751277892782,-0.006865864437840097,1.0,1.0,0.0,0.9992709317793447,0.9994480301074488,0.0001770983281040861,52.45307748529908,52.46024444138944,0.007166956090358667,6300.926434222284,6407.177477663545,106.25104344126066,51.87333407982618,52.04137301412355,0.16803893429737116
a-main,main_00005_JSH_394df183372a,JSH,main_00005,20264005,True,True,0,0,True,1354.948922542634,1355.051846542634,0,0,0,0,0,0,1354.948922542634,1355.051846542634,0.10292400000002999,0.9503665390435323,0.9491558093766044,-0.0012107296669279233,0.0,0.0,0.0,0.9330150872481802,0.9315551186659217,-0.0014599685822584973,0.10299549324082458,0.10288635768281917,-0.00010913555800540209,1.0,1.0,0.0,0.990366955773081,0.9903166975264076,-5.025824667337364e-05,1.0,1.0,0.0,0.8970045067591754,0.8971136423171808,0.00010913555800540209,0.0,0.0,0.0,0.0,0.0,0.0,275.00917999999996,274.890599,-0.1185809999999492,284.91502004980566,303.38844414230016,18.473424092494497,41.52491780411325,41.53407039049745,0.009152586384196582,2.972946538144802,2.9727806014680747,-0.00016593667672726298,1.0,1.0,0.0,0.9992709317793447,0.9994480301074488,0.0001770983281040861,44.497864342258055,44.50685099196552,0.008986649707466654,13740.412782010188,14023.28872367521,282.87594166502276,47.0647318280253,47.32161482417417,0.25688299614886745
a-main,main_00006_CEN_a3eeee0e346a,CEN,main_00006,20264006,True,True,0,0,True,963.6841172497099,963.8169472497098,0,0,0,0,0,0,963.6841172497099,963.8169472497098,0.13282999999989897,0.7912057513090036,0.7904855692852093,-0.0007201820237943135,0.0,0.0,0.0,0.7153723065495852,0.7159175534850859,0.0005452469355007317,0.0756149051552365,0.07562345640009649,8.551244859988927e-06,1.0,1.0,0.0,0.9879433641083049,0.9879313821709904,-1.1981937314442526e-05,1.0,1.0,0.0,0.9243850948447635,0.9243765435999035,-8.551244859988927e-06,140.64728721873757,140.65335521873754,0.006067999999970652,140.64728721873757,140.65335521873754,0.006067999999970652,140.64728721873757,140.65335521873754,0.006067999999970652,140.64728721873757,140.65335521873754,0.006067999999970652,36.33586352699438,36.33789128066447,0.00202775367009167,4.138496004720909,4.134892841177608,-0.0036031635433007025,1.0,1.0,0.0,1.0,1.0,0.0,40.47435953171529,40.472784121842075,-0.0015754098732116972,3993.1723508157497,3981.0401271494193,-12.132223666330447,41.77669826483385,41.76708165984641,-0.00961660498743555
a-main,main_00006_IJSH_5e1f6f938047,IJSH,main_00006,20264006,True,True,0,0,True,940.4628752497097,940.4527782497097,0,0,0,0,0,0,940.4628752497097,940.4527782497097,-0.010096999999973377,0.8007984553188867,0.7990834615051288,-0.001714993813757948,0.0,0.0,0.0,0.7255388296052931,0.7256036383344722,6.480872917902225e-05,0.48487993297479215,0.48490655281201045,2.661983721830019e-05,1.0,1.0,0.0,0.927511491178434,0.9274328031284752,-7.868804995880829e-05,1.0,1.0,0.0,0.5151200670252079,0.5150934471879896,-2.661983721830019e-05,879.3696438403583,879.3528648403584,-0.0167789999999286,879.3696438403583,879.3528648403584,-0.0167789999999286,879.3696438403583,879.3528648403584,-0.0167789999999286,879.3696438403583,879.3528648403584,-0.0167789999999286,206.04496223846988,206.04062704237182,-0.004335196098054439,24.732485182459115,24.729179183357612,-0.0033059991015029766,1.0,1.0,0.0,1.0,1.0,0.0,230.77744742092895,230.76980622572938,-0.007641195199568074,152942.6146223966,152954.40844403213,11.793821635539643,239.7316147616808,240.3938460834436,0.6622313217628175
a-main,main_00006_JSH_af3afb25c4a7,JSH,main_00006,20264006,True,True,0,0,True,912.1808812497097,912.2052922497095,0,0,0,0,0,0,912.1808812497097,912.2052922497095,0.024410999999759042,0.7996018444480326,0.7994728347052067,-0.00012900974282592514,0.0,0.0,0.0,0.7250197999015413,0.7250398211680271,2.0021266485814593e-05,0.4838381058555207,0.4838532770763132,1.5171220792531415e-05,1.0,1.0,0.0,0.9274027455321494,0.927331746190814,-7.09993413353649e-05,1.0,1.0,0.0,0.5161618941444793,0.5161467229236868,-1.5171220792531415e-05,851.0876498403584,851.1053788403582,0.01772899999980382,851.0876498403584,851.1053788403582,0.01772899999980382,851.0876498403584,851.1053788403582,0.01772899999980382,851.0876498403584,851.1053788403582,0.01772899999980382,199.0339501857145,199.0377496434796,0.0037994577650977135,23.996539977727167,23.98963602818575,-0.006903949541417376,1.0,1.0,0.0,1.0,1.0,0.0,223.03049016344164,223.02738567166534,-0.003104491776298346,143023.65927902792,143034.264241521,10.60496249308926,231.70235185363344,232.3114529214237,0.6091010677902489
a-main,main_00007_CEN_a497c0c0c3d8,CEN,main_00007,20264007,True,True,0,0,True,711.2044638657458,711.1654618657458,0,0,0,0,0,0,711.2044638657458,711.1654618657458,-0.03900199999998222,0.8930049136132803,0.8876418716044259,-0.005363042008854402,0.0,0.0,0.0,0.9083754368964665,0.9087653214336444,0.00038988453717792027,0.21399723340723575,0.21401422542667703,1.6992019441275374e-05,1.0,1.0,0.0,0.9746112680804463,0.9745316511037175,-7.9616976728758e-05,1.0,1.0,0.0,0.7860027665927642,0.785985774573323,-1.6992019441275374e-05,76.58822500000002,76.592165,0.003939999999971633,111.25176972598715,111.24075472598714,-0.011015000000000441,111.25176972598715,111.24075472598714,-0.011015000000000441,205.45444500000002,181.64052154457957,-23.81392345542045,77.2483444156128,77.24420405287808,-0.004140362734730729,5.224190775162259,5.211877402717377,-0.012313372444881843,1.0,1.0,0.0,1.0,1.0,0.0,82.47253519077506,82.45608145559545,-0.016453735179609907,9682.27924332723,9574.255159322953,-108.02408400427703,84.96383329128155,85.33712589920968,0.37329260792813557
a-main,main_00007_IJSH_5d01b2a3d8d2,IJSH,main_00007,20264007,True,True,0,0,True,681.8866150000001,681.9305549999999,0,0,0,0,0,0,681.8866150000001,681.9305549999999,0.043939999999793145,0.8747756632609298,0.8688332316052194,-0.005942431655710401,0.0,0.0,0.0,0.9084069191737527,0.9084712584188248,6.43392450720981e-05,0.12396413041540744,0.12399454828551437,3.041787010693575e-05,1.0,1.0,0.0,0.98769957051398,0.9875749057463936,-0.0001246647675864354,1.0,1.0,0.0,0.8760358695845926,0.8760054517144856,-3.041787010693575e-05,76.58822500000002,76.592165,0.003939999999971633,76.58822500000002,76.592165,0.003939999999971633,82.63653599717513,82.61352899717514,-0.023006999999992672,82.63653599717513,82.61352899717514,-0.023006999999992672,21.47160997244961,21.470380309824616,-0.0012296626249934661,4.963191937403909,4.966588536655495,0.0033965992515856414,1.0,1.0,0.0,1.0,1.0,0.0,26.434801909853515,26.43696884648011,0.0021669366265939516,4702.2350630279625,4580.227820356097,-122.00724267186524,26.338928283403398,26.60249159169882,0.26356330829542074
a-main,main_00007_JSH_b04c12d8980b,JSH,main_00007,20264007,True,True,0,0,True,693.9349148657457,693.8329168657457,0,0,0,0,0,0,693.9349148657457,693.8329168657457,-0.1019979999999805,0.9104574934408038,0.9025521678727744,-0.007905325568029475,0.0,0.0,0.0,0.9293453297024152,0.9292435743480851,-0.00010175535433010197,0.13307883356004457,0.13317352654013637,9.469298009179283e-05,1.0,1.0,0.0,0.9862736644727216,0.9861548614597947,-0.00011880301292688245,1.0,1.0,0.0,0.8669211664399554,0.8668264734598636,-9.469298009179283e-05,30.439376963418255,30.435079963418254,-0.0042970000000011055,30.439376963418255,30.435079963418254,-0.0042970000000011055,30.439376963418255,30.435079963418254,-0.0042970000000011055,76.37030244816387,76.37203269816385,0.0017302499999800602,26.119726343920803,26.11870677494909,-0.0010195689717136247,4.873445391517651,4.865317392606856,-0.008127998910795853,1.0,1.0,0.0,1.0,1.0,0.0,30.993171735438448,30.984024167555948,-0.009147567882500596,4534.167334633761,4412.74769100225,-121.41964363151146,31.394699020153777,31.679987632827512,0.2852886126737353
a-main,main_00008_CEN_973fed54633a,CEN,main_00008,20264008,True,True,0,0,True,1186.2622319718298,1186.30982197183,0,0,0,0,0,0,1186.2622319718298,1186.30982197183,0.047590000000127475,0.9882154882154881,0.9882154882154879,-2.220446049250313e-16,0.0,0.0,0.0,0.9900618942495905,0.9900615330191598,-3.612304306788161e-07,0.10585802081870621,0.10593770064831631,7.9679829610102e-05,1.0,1.0,0.0,0.9980570074081961,0.9980486732562829,-8.33415191325848e-06,1.0,1.0,0.0,0.8941419791812938,0.8940622993516837,-7.9679829610102e-05,0.0,0.0,0.0,0.0,0.0,0.0,0.0,0.0,0.0,0.0,0.0,0.0,13.796115103545334,13.796971795990345,0.0008566924450104096,0.36267563041288403,0.3491484300016088,-0.013527200411275253,1.0,1.0,0.0,0.9983774449050065,0.997072769757625,-0.0013046751473814178,14.158790733958218,14.146120225991954,-0.012670507966264566,2653.978420604013,2654.2502313271407,0.2718107231276008,15.729764436362876,15.887003920193191,0.15723948383031505
a-main,main_00008_IJSH_f75f4073618c,IJSH,main_00008,20264008,True,True,0,0,True,1024.40772497183,1024.4610059718298,0,0,0,0,0,0,1024.40772497183,1024.4610059718298,0.05328099999974256,0.9882154882154877,0.9882154882154885,8.881784197001252e-16,0.0,0.0,0.0,0.9843102856396999,0.9843103312269499,4.5587249974943234e-08,0.08350455051269223,0.0834217315532707,-8.281895942152673e-05,1.0,1.0,0.0,0.9964545757178064,0.9964306935158365,-2.388220196991586e-05,1.0,1.0,0.0,0.9164954494873078,0.9165782684467293,8.281895942152673e-05,0.0,0.0,0.0,0.0,0.0,0.0,0.0,0.0,0.0,0.0,0.0,0.0,13.30069696445317,13.301859861539178,0.00116289708600803,0.6695702062367359,0.6656932662806861,-0.003876939956049763,1.0,1.0,0.0,0.9983774449050065,0.997072769757625,-0.0013046751473814178,13.970267170689908,13.967553127819864,-0.0027140428700445085,1114.8162308393491,1114.937000886881,0.12077004753177789,13.736589353994853,13.953183020614688,0.21659366661983448
a-main,main_00008_JSH_5ad7ef0f98bf,JSH,main_00008,20264008,True,True,0,0,True,1024.40772497183,1024.4610059718298,0,0,0,0,0,0,1024.40772497183,1024.4610059718298,0.05328099999974256,0.9882154882154877,0.9882154882154885,8.881784197001252e-16,0.0,0.0,0.0,0.9843102856396999,0.9843103312269499,4.5587249974943234e-08,0.08350455051269223,0.0834217315532707,-8.281895942152673e-05,1.0,1.0,0.0,0.9964545757178064,0.9964306935158365,-2.388220196991586e-05,1.0,1.0,0.0,0.9164954494873078,0.9165782684467293,8.281895942152673e-05,0.0,0.0,0.0,0.0,0.0,0.0,0.0,0.0,0.0,0.0,0.0,0.0,13.30069696445317,13.301859861539178,0.00116289708600803,0.6695702062367359,0.6656932662806861,-0.003876939956049763,1.0,1.0,0.0,0.9983774449050065,0.997072769757625,-0.0013046751473814178,13.970267170689908,13.967553127819864,-0.0027140428700445085,1114.8162308393491,1114.937000886881,0.12077004753177789,13.736589353994853,13.953183020614688,0.21659366661983448
a-main,main_00009_CEN_808ec4de22c9,CEN,main_00009,20264009,True,True,0,0,True,750.0726402968436,749.9943882968437,0,0,0,0,0,0,750.0726402968436,749.9943882968437,-0.07825199999990673,0.9945117061716058,0.9945113411989572,-3.649726485477345e-07,0.0,0.0,0.0,0.9224676189575451,0.9210978256156022,-0.001369793341942982,0.14508833474694016,0.14572261234889117,0.0006342776019510055,1.0,1.0,0.0,0.984392403869329,0.984287683954655,-0.00010471991467397856,1.0,1.0,0.0,0.8549116652530598,0.8542773876511088,-0.0006342776019510055,0.0,0.0,0.0,21.332577772402356,21.332665772402354,8.79999999980896e-05,0.0,0.0,0.0,365.263751377808,365.2346893778079,-0.0290620000000672,78.93673355525897,78.9304727675898,-0.006260787669162937,0.9460851605533692,0.931004944343872,-0.015080216209497177,1.0,1.0,0.0,0.9319231720005892,0.9323682984900665,0.00044512648947736544,79.8828187158123,79.86147771193367,-0.021341003878632137,11474.038489166735,11506.11833366875,32.079844502015476,84.03764452541664,84.11077231670072,0.07312779128407954
a-main,main_00009_IJSH_6af5df3af367,IJSH,main_00009,20264009,True,True,0,0,True,793.1999952968437,793.2342432968438,0,0,0,0,0,0,793.1999952968437,793.2342432968438,0.03424800000016148,0.9899835839298914,0.9899832615473432,-3.2238254821237433e-07,0.0,0.0,0.0,0.9147939941357655,0.9128710223967171,-0.001922971739048318,0.1369300090189769,0.13716001130475253,0.0002300022857756323,1.0,1.0,0.0,0.9848841777715859,0.9847854807973278,-9.869697425812785e-05,1.0,1.0,0.0,0.8630699909810231,0.8628399886952475,-0.0002300022857756323,0.0,0.0,0.0,125.98121610847544,125.98937010847543,0.008153999999990447,0.0,0.0,0.0,372.66384267104996,372.65659967104995,-0.007243000000016764,81.45955260118588,81.4588836151892,-0.0006689859966826361,1.1866068663149782,1.1754125521597016,-0.011194314155276608,1.0,1.0,0.0,0.9319231720005892,0.9323682984900665,0.00044512648947736544,82.64615946750084,82.63429616734891,-0.011863300151929934,11343.23248913887,11383.126165372258,39.89367623338694,93.71257305587572,93.84186814059375,0.12929508471802365
a-main,main_00009_JSH_1d33400e957d,JSH,main_00009,20264009,True,True,0,0,False,788.9924762968436,795.2446522968438,0,0,0,0,0,0,788.9924762968436,795.2446522968438,6.2521760000001905,0.9899835839298914,0.9899832615473432,-3.2238254821237433e-07,0.0,0.0,0.0,0.9131022040364023,0.911247577240083,-0.0018546267963193142,0.13701565677346694,0.13679612654894513,-0.00021953022452181337,1.0,1.0,0.0,0.9849617395869629,0.986318901511675,0.0013571619247121358,1.0,1.0,0.0,0.8629843432265331,0.8632038734510549,0.00021953022452181337,0.0,0.0,0.0,125.98121610847544,125.98937010847543,0.008153999999990447,0.0,0.0,0.0,340.33697311426636,289.07620009299694,-51.260773021269415,76.09812080217499,67.55523123655121,-8.542889565623781,1.2926485598849569,1.2826036084753472,-0.010044951409609704,1.0,1.0,0.0,0.9319231720005892,0.9323682984900665,0.00044512648947736544,77.39076936205996,68.83783484502656,-8.552934517033393,11117.00150557609,9743.693844562562,-1373.3076610135286,88.34340029141369,79.49348315797212,-8.849917133441565
a-main,main_00010_CEN_4b3259415f39,CEN,main_00010,20264010,True,True,0,0,True,1126.0241275701476,1126.0334585701476,0,0,0,0,0,0,1126.0241275701476,1126.0334585701476,0.009330999999974665,0.9199558526766232,0.9205659239280679,0.0006100712514447437,0.0,0.0,0.0,0.8733709699703389,0.8731925775049472,-0.00017839246539175235,0.11433272270122208,0.11458381317711552,0.00025109047589344513,1.0,1.0,0.0,0.9850418280109834,0.9850229257283926,-1.8902282590826935e-05,1.0,1.0,0.0,0.8856672772987779,0.8854161868228845,-0.00025109047589344513,47.475904,47.471942,-0.003962000000001353,131.00434818911947,130.9707351891195,-0.033612999999974136,94.13648131619311,94.12072186619311,-0.01575945000000445,131.00434818911947,130.9707351891195,-0.033612999999974136,58.47098175707918,58.46205314128219,-0.008928615796989448,3.3740714289275298,3.366424028337919,-0.0076474005896107755,1.0,1.0,0.0,1.0,1.0,0.0,61.8450531860067,61.82847716962011,-0.016576016386594006,10317.39546844854,10302.300143086968,-15.095325361571668,66.37307484196411,66.56821243731191,0.19513759534780206
a-main,main_00010_IJSH_ab26cc9c23ad,IJSH,main_00010,20264010,True,True,0,0,True,1105.9404025701476,1105.7271385701476,0,0,0,0,0,0,1105.9404025701476,1105.7271385701476,-0.21326399999998102,0.9262631374933941,0.9266735244674769,0.00041038697408279923,0.0,0.0,0.0,0.8877241341885476,0.8877549344534454,3.0800264897878904e-05,0.14173451589259045,0.14181734031477367,8.282442218321417e-05,1.0,1.0,0.0,0.9867217371239687,0.9866240773004281,-9.765982354059677e-05,1.0,1.0,0.0,0.8582654841074095,0.8581826596852263,-8.282442218321417e-05,47.475904,47.471942,-0.003962000000001353,218.7122445730887,218.6526685730887,-0.059575999999992746,152.87621680951833,152.8441281095183,-0.03208870000003117,298.8321638843235,298.75189588432346,-0.08026800000004641,11.07567439077053,11.07265743861592,-0.003016952154609953,4.714340760191459,4.700905853273387,-0.013434906918072365,1.0,1.0,0.0,1.0,1.0,0.0,15.790015150961986,15.773563291889301,-0.016451859072684982,29105.96461633929,29071.268107670607,-34.69650866868324,61.082017062593934,60.905560552608776,-0.17645650998515805
a-main,main_00010_JSH_4f160b8187fd,JSH,main_00010,20264010,True,True,0,0,True,1145.3188695701474,1145.2072605701476,0,0,0,0,0,0,1145.3188695701474,1145.2072605701476,-0.11160899999981666,0.9268786253058596,0.9273039720507137,0.00042534674485406043,0.0,0.0,0.0,0.8871282680795736,0.8872630061128752,0.00013473803330166234,0.1416449471176563,0.1417418095799461,9.68624622897929e-05,1.0,1.0,0.0,0.9846892458841908,0.9845984702229809,-9.077566120996305e-05,1.0,1.0,0.0,0.8583550528823437,0.8582581904200539,-9.68624622897929e-05,47.475904,47.471942,-0.003962000000001353,276.8561738157235,276.8035538157235,-0.05261999999999034,145.18462028550783,145.16220838550782,-0.0224119000000087,276.8561738157235,276.8035538157235,-0.05261999999999034,17.35537384930721,17.351761125738825,-0.0036127235683842684,4.872078061286001,4.853428542820118,-0.018649518465883475,1.0,1.0,0.0,1.0,1.0,0.0,22.22745191059321,22.20518966855894,-0.02226224203426952,32374.2578489096,32324.337095263774,-49.92075364582706,72.89694841295363,72.74144057280964,-0.1555078401439971
a-main,main_00011_CEN_fbbd06b62da0,CEN,main_00011,20264011,True,True,0,0,True,1136.031682028287,1135.980485028287,0,0,0,0,0,0,1136.031682028287,1135.980485028287,-0.051197000000001935,0.9916125253451362,0.9916139769791426,1.4516340063330802e-06,0.0,0.0,0.0,0.9866470818756343,0.9866479167407929,8.348651585610156e-07,0.18746303355987293,0.18748085778589063,1.782422601770417e-05,1.0,1.0,0.0,0.9865275254760448,0.9865465574355676,1.9031959522797237e-05,1.0,1.0,0.0,0.8125369664401271,0.8125191422141094,-1.782422601770417e-05,0.0,0.0,0.0,0.0,0.0,0.0,0.0,0.0,0.0,17.053822,17.051169,-0.002652999999998684,71.55146636899877,71.55513583540808,0.00366946640930621,1.3938342950636045,1.3665210532023622,-0.027313241861242288,1.0,1.0,0.0,1.0,1.0,0.0,72.94530066406236,72.92165688861046,-0.02364377545190166,4414.322014302745,4414.05654966763,-0.2654646351147676,74.73977791752814,74.71629282425965,-0.023485093268490687
a-main,main_00011_IJSH_f691e09ef34f,IJSH,main_00011,20264011,True,True,0,0,True,1046.760234028287,1046.574503028287,0,0,0,0,0,0,1046.760234028287,1046.574503028287,-0.1857310000000325,0.9916099232577897,0.9916099714399673,4.8182177581068686e-08,0.0,0.0,0.0,0.9712622674896618,0.9712625346942638,2.672046020002483e-07,0.05862075540435374,0.05863990072983227,1.9145325478531205e-05,1.0,1.0,0.0,0.9942661087435192,0.9942330224030428,-3.308634047638481e-05,1.0,1.0,0.0,0.9413792445956463,0.9413600992701677,-1.9145325478531205e-05,0.0,0.0,0.0,0.0,0.0,0.0,0.0,0.0,0.0,17.053822,17.051169,-0.002652999999998684,27.314399196041347,27.309956859954127,-0.004442336087219445,0.8829712573645457,0.8841522968011971,0.0011810394366513766,1.0,1.0,0.0,1.0,1.0,0.0,28.197370453405895,28.194109156755328,-0.0032612966505674024,323.7772946865415,323.6822659294417,-0.09502875709978298,28.98494284919352,29.060924597287954,0.07598174809443492
a-main,main_00011_JSH_0fd8435cfe5b,JSH,main_00011,20264011,True,True,0,0,True,1066.0280830282868,1066.0302170282866,0,0,0,0,0,0,1066.0280830282868,1066.0302170282866,0.0021339999998417625,0.9916134677223596,0.991613338857219,-1.288651405584318e-07,0.0,0.0,0.0,0.9744235973491631,0.9744253074185649,1.7100694018612472e-06,0.06881859689663206,0.06901698552529123,0.00019838862865917406,1.0,1.0,0.0,0.9898118432754266,0.9897702037455469,-4.1639529879677895e-05,1.0,1.0,0.0,0.9311814031033679,0.9309830144747088,-0.00019838862865917406,0.0,0.0,0.0,0.0,0.0,0.0,0.0,0.0,0.0,17.053822,17.051169,-0.002652999999998684,49.29377357399813,49.30083812945947,0.00706455546134066,1.0862247794711797,1.0937587627055436,0.007533983234363939,1.0,1.0,0.0,1.0,1.0,0.0,50.379998353469304,50.39459689216502,0.014598538695715035,496.104309631169,496.0824113330284,-0.021898298140570205,51.98436403386639,52.078583178528994,0.09421914466260262
a-main,main_00012_CEN_ec48ef18ad1d,CEN,main_00012,20264012,True,True,0,0,True,1065.8958721789013,1066.1331091789011,0,0,0,0,0,0,1065.8958721789013,1066.1331091789011,0.23723699999982273,0.9983164983164983,0.9983164983164983,0.0,0.0,0.0,0.0,0.9281999368568921,0.9296660735448259,0.0014661366879338278,0.10902282045620859,0.10954216149643325,0.0005193410402246634,1.0,1.0,0.0,0.9799226755781398,0.9798183302022899,-0.00010434537584991244,1.0,1.0,0.0,0.8909771795437914,0.8904578385035667,-0.0005193410402246634,0.0,0.0,0.0,96.78077226591122,96.77372926591121,-0.0070430000000101245,0.0,0.0,0.0,96.78077226591122,96.77372926591121,-0.0070430000000101245,102.79999897516457,102.83099655088697,0.030997575722395254,1.880279483026083,1.8673673890470546,-0.012912093979028372,1.0,1.0,0.0,0.9930466712380657,0.9929365270023499,-0.00011014423571575893,104.68027845819066,104.69836393993401,0.018085481743355558,11769.609625727526,11987.491765465456,217.88213973793063,107.05994329292088,107.14019666289988,0.08025336997900467
a-main,main_00012_IJSH_5238b59c348f,IJSH,main_00012,20264012,True,True,0,0,True,1037.7980601789013,1037.6465681789014,0,0,0,0,0,0,1037.7980601789013,1037.6465681789014,-0.151491999999962,0.9983164983164983,0.9983164983164983,0.0,0.0,0.0,0.0,0.9002049483808481,0.9022810226710447,0.002076074290196628,0.13728816592212922,0.1372882199476121,5.4025482865149854e-08,1.0,1.0,0.0,0.9847077648629746,0.9846284868918058,-7.927797116880075e-05,1.0,1.0,0.0,0.8627118340778708,0.8627117800523879,-5.4025482865149854e-08,0.0,0.0,0.0,215.03403843087636,215.04714743087632,0.013108999999957405,0.0,0.0,0.0,215.03403843087636,215.04714743087632,0.013108999999957405,70.21750579543524,70.21490483548665,-0.00260095994859455,3.0568587046156774,3.064903463832133,0.008044759216455422,1.0,1.0,0.0,0.9930466712380657,0.9929365270023499,-0.00011014423571575893,73.27436450005094,73.2798082993188,0.0054437992678657565,10510.947854289685,10473.652735574982,-37.29511871470277,75.05579829230994,75.26123913796091,0.2054408456509691
a-main,main_00012_JSH_7e1db52bd5de,JSH,main_00012,20264012,True,True,0,0,True,998.3969561789014,998.2798581789013,0,0,0,0,0,0,998.3969561789014,998.2798581789013,-0.11709800000005544,0.9983164983164983,0.9983164983164983,0.0,0.0,0.0,0.0,0.8954835843620526,0.8969667053615367,0.001483120999484111,0.13787301029725996,0.1378063556667659,-6.665463049404519e-05,1.0,1.0,0.0,0.9809734336364314,0.9809078619237589,-6.55717126725186e-05,1.0,1.0,0.0,0.86212698970274,0.8621936443332341,6.665463049404519e-05,0.0,0.0,0.0,235.03967705493156,235.05749205493152,0.01781499999995617,0.0,0.0,0.0,389.9073883354107,389.92001033541055,0.012621999999851141,76.50972268942027,76.50991553725216,0.00019284783188311394,3.6967962407425237,3.695335169128634,-0.0014610716138898638,1.0,1.0,0.0,0.9930466712380657,0.9929365270023499,-0.00011014423571575893,80.2065189301628,80.20525070638078,-0.0012682237820200726,16233.51022464225,16207.435550951766,-26.074673690483905,82.96529773205259,83.08544447874318,0.12014674669059389
a-main,main_00013_CEN_c0f7dcbc356d,CEN,main_00013,20264013,True,True,0,0,True,727.3311867505433,727.3279417505433,0,0,0,0,0,0,727.3311867505433,727.3279417505433,-0.003244999999992615,0.9895972978884338,0.9895972513812241,-4.650720963894628e-08,0.0,0.0,0.0,0.9461365176316212,0.9461362063275507,-3.113040705216008e-07,0.11862965602440378,0.11849095438418744,-0.00013870164021634324,1.0,1.0,0.0,0.9797846969197164,0.9796986018061195,-8.60951135969179e-05,1.0,1.0,0.0,0.8813703439755962,0.8815090456158126,0.00013870164021634324,0.0,0.0,0.0,0.0,0.0,0.0,0.0,0.0,0.0,212.462197,212.46506700000003,0.002870000000029904,72.87399314211049,72.88036490975908,0.006371767648587934,1.3833285464862157,1.3731195524415671,-0.01020899404464859,1.0,1.0,0.0,1.0,1.0,0.0,74.2573216885967,74.25348446220066,-0.0038372263960440023,5269.969706184522,5270.598724856464,0.6290186719425037,74.6683341332076,74.73289194250637,0.06455780929877619
a-main,main_00013_IJSH_eb24fca4a969,IJSH,main_00013,20264013,True,True,0,0,True,767.8419277505433,767.9063137505433,0,0,0,0,0,0,767.8419277505433,767.9063137505433,0.06438600000001315,0.9843361958537546,0.9843368654828404,6.696290857366449e-07,0.0,0.0,0.0,0.9528038362320834,0.9528043742158665,5.379837830776779e-07,0.09551944272460156,0.09568686876394594,0.00016742603934438716,1.0,1.0,0.0,0.9907585537146757,0.9907388925974723,-1.966111720341779e-05,1.0,1.0,0.0,0.9044805572753984,0.9043131312360541,-0.00016742603934438716,0.0,0.0,0.0,0.0,0.0,0.0,0.0,0.0,0.0,55.35038529112981,55.35559529112981,0.0052099999999981605,36.45487412746243,36.46704411411797,0.012169986655536036,1.637030313769686,1.627524029957702,-0.009506283811983929,1.0,1.0,0.0,1.0,1.0,0.0,38.09190444123212,38.094568144075666,0.0026637028435487764,2626.18596552638,2626.983947342479,0.7979818160988543,37.708983163560696,37.822915201507506,0.11393203794681028
a-main,main_00013_JSH_fe3e1fe969f6,JSH,main_00013,20264013,True,True,0,0,True,740.0843047505433,740.1879927505435,0,0,0,0,0,0,740.0843047505433,740.1879927505435,0.10368800000014744,0.9834714897342844,0.9834725207909873,1.03105670290482e-06,0.0,0.0,0.0,0.9501721063722528,0.95017388356751,1.7771952571798977e-06,0.09869210551048979,0.09874743552884646,5.533001835666962e-05,1.0,1.0,0.0,0.9907416748120045,0.990729985318623,-1.1689493381483729e-05,1.0,1.0,0.0,0.9013078944895102,0.9012525644711535,-5.533001835666962e-05,0.0,0.0,0.0,0.0,0.0,0.0,0.0,0.0,0.0,55.35038529112981,55.35559529112981,0.0052099999999981605,35.291805407930696,35.30434568692989,0.01254027899919663,1.495133959118776,1.4845425732130222,-0.010591385905753814,1.0,1.0,0.0,1.0,1.0,0.0,36.78693936704946,36.78888826014292,0.0019488930934556947,2021.2420339343907,2022.0520422867785,0.8100083523877402,36.456675398306686,36.5381547761586,0.08147937785191317
a-main,main_00014_CEN_344cdf7437c9,CEN,main_00014,20264014,True,True,0,0,True,605.4125659141287,605.4377889141286,0,0,0,0,0,0,605.4125659141287,605.4377889141286,0.025222999999982676,0.9812108051123463,0.9809399695590117,-0.00027083555333451415,0.0,0.0,0.0,0.9722725974109006,0.972272298431273,-2.989796274999179e-07,0.17990316023810438,0.17985362244273495,-4.9537795369425375e-05,1.0,1.0,0.0,0.9940056935832612,0.993883599711264,-0.00012209387199713095,1.0,1.0,0.0,0.8200968397618956,0.820146377557265,4.9537795369425375e-05,0.0,0.0,0.0,0.0,0.0,0.0,0.0,0.0,0.0,0.0,0.0,0.0,8.374592855546343,8.374484203427022,-0.00010865211932120644,1.6078377395192416,1.6125302986481167,0.004692559128875118,1.0,1.0,0.0,1.0,1.0,0.0,9.982430595065583,9.987014502075137,0.004583907009553911,3740.2334662130515,3740.396089353387,0.16262314033565417,16.803677791095115,16.987294014549807,0.18361622345469186
a-main,main_00014_IJSH_4f84a662899d,IJSH,main_00014,20264014,True,True,0,0,True,588.0580199141287,588.0647139141287,0,0,0,0,0,0,588.0580199141287,588.0647139141287,0.006693999999924927,0.9760202714731163,0.9757961705546523,-0.0002241009184640319,0.0,0.0,0.0,0.9700753827526054,0.9700760057267761,6.229741706942349e-07,0.15678202088131588,0.15694469279164636,0.00016267191033048078,1.0,1.0,0.0,0.9936849217551799,0.9935843261182788,-0.00010059563690101303,1.0,1.0,0.0,0.8432179791186841,0.8430553072083536,-0.00016267191033048078,0.0,0.0,0.0,0.0,0.0,0.0,0.0,0.0,0.0,0.0,0.0,0.0,11.820195925881057,11.819838624962694,-0.00035730091836327915,1.5791761529905843,1.5869300775831454,0.007753924592561079,1.0,1.0,0.0,1.0,1.0,0.0,13.399372078871641,13.40676870254584,0.007396623674198466,2955.413748373015,2955.292696353621,-0.12105201939402832,15.459092384598302,15.546720187771719,0.08762780317341701
a-main,main_00014_JSH_0dfeebfc63b3,JSH,main_00014,20264014,True,True,0,0,True,607.7274529141288,607.7152529141288,0,0,0,0,0,0,607.7274529141288,607.7152529141288,-0.012200000000007094,0.9751883916801134,0.9750548665380228,-0.00013352514209064026,0.0,0.0,0.0,0.9672100985977139,0.9672104625883318,3.639906178687369e-07,0.23855887748602211,0.23866946156771796,0.00011058408169584144,1.0,1.0,0.0,0.9918992105526111,0.991790532057078,-0.00010867849553308773,1.0,1.0,0.0,0.7614411225139779,0.761330538432282,-0.00011058408169584144,0.0,0.0,0.0,0.0,0.0,0.0,0.0,0.0,0.0,0.0,0.0,0.0,14.747588562958509,14.74643226860485,-0.0011562943536578274,2.189501206356947,2.1996185563799586,0.010117350023011618,1.0,1.0,0.0,1.0,1.0,0.0,16.93708976931546,16.94605082498481,0.00896105566934935,4661.8679603702385,4661.306547952495,-0.5614124177436679,18.85307235600709,18.919796562048834,0.06672420604174434
a-main,main_00015_CEN_fd494a402c3c,CEN,main_00015,20264015,False,True,3,0,True,1440.0,2146.8998082158764,0,0,0,1,0,-1,1440.0,2146.8998082158764,706.8998082158764,0.43340831002877067,0.4332816120732592,-0.00012669795551145668,0.0004828360813204924,0.0,-0.0004828360813204924,0.44732637773459083,0.45043136048523547,0.003104982750644636,0.16076138685763575,0.1306750090665726,-0.030086377791063157,0.9995147626355785,1.0,0.0004852373644215202,0.9585822100910559,0.9720834012915748,0.013501191200518847,0.867,1.0,0.133,0.8392386131423643,0.8693249909334274,0.030086377791063157,326.3076315045395,326.3265725045395,0.01894100000004073,326.3076315045395,326.3265725045395,0.01894100000004073,326.3076315045395,326.3265725045395,0.01894100000004073,326.3076315045395,326.3265725045395,0.01894100000004073,86.74280778806155,87.72829214328132,0.9854843552197678,35.61033715634598,35.593293912915236,-0.017043243430741484,1.0,1.0,0.0,0.7975462604622002,0.7968916773684499,-0.0006545830937503272,122.35314494440752,123.32158605619657,0.9684411117890477,34561.48261470783,36343.36080125243,1781.8781865445999,191.37686119236608,192.78043915190503,1.40357795953895
a-main,main_00015_IJSH_7da9b1ad156e,IJSH,main_00015,20264015,False,True,7,0,True,1440.0,2292.379836215876,308,0,-308,320,0,-320,1440.0,2292.379836215876,852.3798362158759,0.47095228494300545,0.4718128874969929,0.0008606025539874551,0.08720031082846647,0.0,-0.08720031082846647,0.4519151804709354,0.4559508141629549,0.004035633692019536,0.5710891800570992,0.5577600967271872,-0.013329083329912006,0.8500169666698758,1.0,0.1499830333301242,0.8473722101294971,0.851793344650471,0.004421134520973813,0.4297354172597064,1.0,0.5702645827402937,0.42891081994290076,0.4422399032728129,0.013329083329912117,1440.0,2239.220956337991,799.2209563379911,1440.0,2239.220956337991,799.2209563379911,1440.0,2239.220956337991,799.2209563379911,1440.0,2239.220956337991,799.2209563379911,279.14666256680874,427.54366534066344,148.3970027738547,117.10222048367402,176.32481086434765,59.22259038067364,0.7930779268530068,1.0,0.20692207314699318,0.7975462604622002,0.7968916773684499,-0.0006545830937503272,396.2488830504827,603.868476205011,207.61959315452833,498755.4386930861,1214288.4659156913,715533.0272226052,703.4816448763419,1082.3907098402,378.9090649638582
a-main,main_00015_JSH_ca4cbac1723f,JSH,main_00015,20264015,False,True,7,0,True,1440.0,2355.120925215876,308,0,-308,320,0,-320,1440.0,2355.120925215876,915.120925215876,0.4701512173544522,0.4715273863879794,0.0013761690335272192,0.08720031082846647,0.0,-0.08720031082846647,0.4515362389438671,0.4558545990570806,0.004318360113213515,0.5712116105013043,0.5581728338942121,-0.013038776607092184,0.8500169666698758,1.0,0.1499830333301242,0.8471908771903935,0.8516308437590983,0.004439966568704712,0.4297354172597064,1.0,0.5702645827402937,0.4287883894986957,0.44182716610578787,0.013038776607092184,1440.0,2301.962045337991,861.9620453379912,1440.0,2301.962045337991,861.9620453379912,1440.0,2301.962045337991,861.9620453379912,1440.0,2301.962045337991,861.9620453379912,279.16454395957413,439.36011927615687,160.19557531658273,117.17901865515226,181.0484934940646,63.869474838912325,0.7930779268530068,1.0,0.20692207314699318,0.7975462604622002,0.7968916773684499,-0.0006545830937503272,396.34356261472647,620.4086127702213,224.06505015549487,498272.2131964496,1283049.4502816454,784777.2370851957,703.5768273679132,1112.4235505899342,408.84672322202096
a-main,main_00016_CEN_c3bfa26f46c8,CEN,main_00016,20264016,False,True,1,0,True,1440.0,1603.5269192928506,0,0,0,0,0,0,1440.0,1603.5269192928506,163.5269192928506,0.9788665461675552,0.9788667563689906,2.1020143536887304e-07,4.033262098301904e-05,0.0,-4.033262098301904e-05,0.9183572788876673,0.9183307277825552,-2.6551105112071482e-05,0.06491150408352375,0.058274448964817815,-0.006637055118705937,0.9999596009966237,1.0,4.0399003376268006e-05,0.9967439940267825,0.9970401879138823,0.00029619388709978267,0.9760029920045293,1.0,0.023997007995470665,0.9350884959164762,0.9417255510351822,0.006637055118705937,0.0,0.0,0.0,21.358300772402355,21.358268772402354,-3.200000000092018e-05,0.0,0.0,0.0,21.358300772402355,21.358268772402354,-3.200000000092018e-05,24.487936918782967,24.523008406150154,0.035071487367186904,2.6528437285393007,2.6506446543343403,-0.0021990742049604606,1.0,1.0,0.0,0.9190602123324741,0.9178758464314007,-0.0011843659010734031,27.140780647322266,27.173653060484497,0.032872413162230885,829.4517771961193,835.2506561721245,5.798878976005199,29.640780542126308,29.795012261508376,0.15423171938206792
a-main,main_00016_IJSH_5b44a41165fb,IJSH,main_00016,20264016,False,True,3,0,True,1440.0,1599.5265282928503,0,0,0,4,0,-4,1440.0,1599.5265282928503,159.52652829285034,0.9759080478746411,0.9759086748556749,6.269810337578008e-07,0.009743492541812504,0.0,-0.009743492541812504,0.9583306472869861,0.9608801355312,0.00254948824421386,0.17474145662970764,0.1746225996096742,-0.00011885702003344711,0.9874381460314249,1.0,0.01256185396857512,0.9833824245616624,0.9844340142992651,0.001051589737602776,0.8253712697947668,1.0,0.17462873020523317,0.8252585433702924,0.8253774003903258,0.00011885702003344711,0.0,0.0,0.0,21.358300772402355,21.358268772402354,-3.200000000092018e-05,0.0,0.0,0.0,21.358300772402355,21.358268772402354,-3.200000000092018e-05,161.94939806060628,163.197707774479,1.2483097138727146,3.277739388566449,3.5677354627504507,0.28999607418400153,0.9919019732098772,1.0,0.008098026790122836,0.9190602123324741,0.9178758464314007,-0.0011843659010734031,165.22713744917274,166.76544323722948,1.5383057880567321,14075.24531968913,17413.95237633858,3338.7070566494513,172.70769033850914,176.45826968771595,3.7505793492068165
a-main,main_00016_JSH_51b0c63004bf,JSH,main_00016,20264016,False,True,3,0,True,1440.0,1599.5265282928503,0,0,0,4,0,-4,1440.0,1599.5265282928503,159.52652829285034,0.9759080478746411,0.9759086748556749,6.269810337578008e-07,0.009743492541812504,0.0,-0.009743492541812504,0.9583306472869861,0.9608801355312,0.00254948824421386,0.17474145662970764,0.1746225996096742,-0.00011885702003344711,0.9874381460314249,1.0,0.01256185396857512,0.9833824245616624,0.9844340142992651,0.001051589737602776,0.8253712697947668,1.0,0.17462873020523317,0.8252585433702924,0.8253774003903258,0.00011885702003344711,0.0,0.0,0.0,21.358300772402355,21.358268772402354,-3.200000000092018e-05,0.0,0.0,0.0,21.358300772402355,21.358268772402354,-3.200000000092018e-05,161.94939806060628,163.197707774479,1.2483097138727146,3.277739388566449,3.5677354627504507,0.28999607418400153,0.9919019732098772,1.0,0.008098026790122836,0.9190602123324741,0.9178758464314007,-0.0011843659010734031,165.22713744917274,166.76544323722948,1.5383057880567321,14075.24531968913,17413.95237633858,3338.7070566494513,172.70769033850914,176.45826968771595,3.7505793492068165
a-main,main_00017_CEN_63ca5a2bb33d,CEN,main_00017,20264017,True,True,0,0,True,566.494656954702,566.423060954702,0,0,0,0,0,0,566.494656954702,566.423060954702,-0.07159599999999955,0.9843975246053707,0.9847337234892082,0.00033619888383751295,0.0,0.0,0.0,0.9518912012142986,0.9520183278115872,0.0001271265972886404,0.19402736448086766,0.19456169264823742,0.0005343281673697575,1.0,1.0,0.0,0.971623180010237,0.9715336330178832,-8.954699235375063e-05,1.0,1.0,0.0,0.8059726355191323,0.8054383073517626,-0.0005343281673697575,0.0,0.0,0.0,0.0,0.0,0.0,0.0,0.0,0.0,171.50764141754104,171.48417896754106,-0.023462449999982482,47.82570881251689,47.819041352473704,-0.0066674600431895215,2.2985237814027766,2.300995177000398,0.0024713955976212176,1.0,1.0,0.0,0.9940781187336656,0.9937776633661647,-0.00030045536750089585,50.12423259391968,50.12003652947409,-0.004196064445586956,5914.067098338461,5910.90127485762,-3.165823480841027,80.71524946568852,80.81104149024921,0.09579202456069424
a-main,main_00017_IJSH_b0f3f8ffdc81,IJSH,main_00017,20264017,True,True,0,0,True,601.996773954702,601.972421954702,0,0,0,0,0,0,601.996773954702,601.972421954702,-0.02435200000002169,0.9831649831649827,0.9831649831649836,8.881784197001252e-16,0.0,0.0,0.0,0.9550994765964624,0.9553980316489359,0.00029855505247344816,0.09448830792435614,0.09440218930316413,-8.611862119201064e-05,1.0,1.0,0.0,0.9652701542312208,0.9652270781761016,-4.3076055119106726e-05,1.0,1.0,0.0,0.9055116920756439,0.9055978106968359,8.611862119201064e-05,0.0,0.0,0.0,0.0,0.0,0.0,0.0,0.0,0.0,91.17549389632549,91.15598389632548,-0.01951000000001102,87.26069597809193,87.25694563071588,-0.003750347376055174,1.1940488245071752,1.1927058120989718,-0.0013430124082034478,1.0,1.0,0.0,0.9940781187336656,0.9937776633661647,-0.00030045536750089585,88.4547448025991,88.44965144281485,-0.005093359784240192,1563.1850995162363,1560.5180191207774,-2.6670803954589246,122.4732751558557,122.49777901512041,0.02450385926471199
a-main,main_00017_JSH_a04f8dea2a02,JSH,main_00017,20264017,True,True,0,0,True,602.665193954702,602.646360954702,0,0,0,0,0,0,602.665193954702,602.646360954702,-0.018832999999972344,0.9831649831649827,0.9831649831649836,8.881784197001252e-16,0.0,0.0,0.0,0.9548217762245772,0.9551217856745007,0.00030000944992347733,0.09449506039859201,0.0944085909211777,-8.646947741430822e-05,1.0,1.0,0.0,0.9652912715233469,0.9652482345895768,-4.3036933770168595e-05,1.0,1.0,0.0,0.905504939601408,0.9055914090788223,8.646947741430822e-05,0.0,0.0,0.0,0.0,0.0,0.0,0.0,0.0,0.0,91.17549389632549,91.15598389632548,-0.01951000000001102,86.93691735017343,86.93413790219927,-0.002779447974162963,1.194934881103003,1.1935865454659909,-0.001348335637012088,1.0,1.0,0.0,0.9940781187336656,0.9937776633661647,-0.00030045536750089585,88.13185223127643,88.12772444766526,-0.0041277836111675015,1528.2664831415318,1525.6296406355577,-2.636842505974073,122.36124676049096,122.38713359270413,0.02588683221317467
a-main,main_00018_CEN_8c59d783b012,CEN,main_00018,20264018,True,True,0,0,True,813.6666723095542,813.7350223095542,0,0,0,0,0,0,813.6666723095542,813.7350223095542,0.06835000000000946,0.9966329966329965,0.9972471765913349,0.0006141799583383456,0.0,0.0,0.0,0.9140834278764478,0.9126877768793378,-0.0013956509971100317,0.11392290226454815,0.11403256246380045,0.00010966019925229276,1.0,1.0,0.0,0.9887052238237484,0.9886724797543509,-3.274406939746122e-05,1.0,1.0,0.0,0.8860770977354518,0.8859674375361996,-0.00010966019925229276,0.0,0.0,0.0,91.69732136088035,91.73925436088037,0.04193300000001443,0.0,0.0,0.0,91.69732136088035,91.73925436088037,0.04193300000001443,40.97995237621533,40.988086162136305,0.008133785920975356,1.1872334627922156,1.1855153545080623,-0.001718108284153308,1.0,1.0,0.0,0.9995100826481125,0.9991942486109283,-0.0003158340371841595,42.167185839007544,42.17360151664437,0.006415677636823602,5229.853817280713,5239.8267778662985,9.972960585585497,42.683106584109694,42.737811692645714,0.05470510853601951
a-main,main_00018_IJSH_a6fbe2ca7e40,IJSH,main_00018,20264018,True,True,0,0,True,746.8725563095542,746.8297253095543,0,0,0,0,0,0,746.8725563095542,746.8297253095543,-0.042830999999864616,0.9966329966329965,0.9966329966329963,-2.220446049250313e-16,0.0,0.0,0.0,0.947418042790229,0.9466608939334367,-0.0007571488567923446,0.13302939784119738,0.1331174679035182,8.807006232081083e-05,1.0,1.0,0.0,0.9884164351603867,0.9883846962562112,-3.1738904175515614e-05,1.0,1.0,0.0,0.8669706021588026,0.8668825320964818,-8.807006232081083e-05,0.0,0.0,0.0,33.717848407233795,33.710567407233796,-0.007280999999998983,0.0,0.0,0.0,33.717848407233795,33.710567407233796,-0.007280999999998983,40.99965878276527,40.996464950042316,-0.003193832722956813,1.4022127920673162,1.3971656658579334,-0.005047126209382746,1.0,1.0,0.0,0.9995100826481125,0.9991942486109283,-0.0003158340371841595,42.40187157483259,42.39363061590026,-0.008240958932333342,6340.543690608335,6339.843771747348,-0.6999188609870544,42.63227752103247,42.641129775509114,0.008852254476643395
a-main,main_00018_JSH_ce3801ebc719,JSH,main_00018,20264018,True,True,0,0,True,743.3060083095542,743.2536033095543,0,0,0,0,0,0,743.3060083095542,743.2536033095543,-0.052404999999907886,0.9966329966329965,0.9966329966329963,-2.220446049250313e-16,0.0,0.0,0.0,0.9472631310916388,0.9465006163311356,-0.0007625147605032634,0.1330295388985957,0.13310892642987715,7.93875312814496e-05,1.0,1.0,0.0,0.9884684195236919,0.9884359799239011,-3.243959979082334e-05,1.0,1.0,0.0,0.8669704611014043,0.8668910735701228,-7.93875312814496e-05,0.0,0.0,0.0,33.717848407233795,33.710567407233796,-0.007280999999998983,0.0,0.0,0.0,33.717848407233795,33.710567407233796,-0.007280999999998983,40.77491317115201,40.77209191032513,-0.002821260826877392,1.3295498035103153,1.3279294700237614,-0.001620333486553882,1.0,1.0,0.0,0.9995100826481125,0.9991942486109283,-0.0003158340371841595,42.104462974662326,42.1000213803489,-0.004441594313426833,6247.94142611798,6247.199658742181,-0.7417673757990997,42.35687426678453,42.39311844175103,0.03624417496649812
a-main,main_00019_CEN_6614e11c5be2,CEN,main_00019,20264019,True,True,0,0,True,802.531176,802.5461210000001,0,0,0,0,0,0,802.531176,802.5461210000001,0.01494500000012522,0.9892645296135756,0.989057477322095,-0.00020705229148054727,0.0,0.0,0.0,0.9765367063093484,0.9763465494293986,-0.0001901568799498321,0.18209962921865253,0.18006005457201046,-0.0020395746466420617,1.0,1.0,0.0,0.9949160626651036,0.994860834569718,-5.522809538560658e-05,1.0,1.0,0.0,0.8179003707813475,0.8199399454279895,0.0020395746466420617,0.0,0.0,0.0,0.0,0.0,0.0,0.0,0.0,0.0,15.837544,15.839815999999999,0.0022719999999996077,13.136557708410551,13.138338704270646,0.0017809958600949471,1.4328106600659898,1.4202898263446178,-0.012520833721372027,1.0,1.0,0.0,0.9941697549167843,0.993094019465659,-0.0010757354511252704,14.569368368476539,14.558628530615264,-0.010739837861274637,6889.074145365376,6889.753293507304,0.6791481419277261,15.087179242266622,15.376158074981186,0.28897883271456415
a-main,main_00019_IJSH_476b5343fe32,IJSH,main_00019,20264019,True,True,0,0,True,820.325086631592,820.3220976315919,0,0,0,0,0,0,820.325086631592,820.3220976315919,-0.0029890000000705186,0.9870827792543666,0.9869312078772614,-0.0001515713771051974,0.0,0.0,0.0,0.9754373149798456,0.9750858145281456,-0.0003515004517000708,0.2522384960241356,0.25198258723814926,-0.00025590878598635847,1.0,1.0,0.0,0.9908643114193331,0.9907772065403553,-8.710487897778396e-05,1.0,1.0,0.0,0.7477615039758644,0.7480174127618507,0.00025590878598635847,0.0,0.0,0.0,0.0,0.0,0.0,0.0,0.0,0.0,15.837544,15.839815999999999,0.0022719999999996077,32.30337580347344,32.30866837617693,0.005292572703488929,1.9675038026183398,1.9626134644089954,-0.004890338209344369,1.0,1.0,0.0,0.9941697549167843,0.993094019465659,-0.0010757354511252704,34.270879606091775,34.27128184058593,0.00040223449415321966,12250.426590795953,12273.451077676256,23.02448688030381,35.73353879504376,35.941951238971946,0.20841244392818226
a-main,main_00019_JSH_380f3fa00ff0,JSH,main_00019,20264019,True,True,0,0,True,808.127125631592,808.1629126315919,0,0,0,0,0,0,808.127125631592,808.1629126315919,0.03578699999991386,0.9870428482142226,0.9868908881237672,-0.00015196009045537195,0.0,0.0,0.0,0.9754547296320843,0.9751262608191735,-0.0003284688129108204,0.2522877834851889,0.25197812861043745,-0.0003096548747514305,1.0,1.0,0.0,0.9909899903435684,0.9909063629447357,-8.362739883271963e-05,1.0,1.0,0.0,0.7477122165148111,0.7480218713895626,0.0003096548747514305,0.0,0.0,0.0,0.0,0.0,0.0,0.0,0.0,0.0,15.837544,15.839815999999999,0.0022719999999996077,30.611776797733018,30.617623369552682,0.005846571819663637,1.9475876839101538,1.94212792310869,-0.005459760801463709,1.0,1.0,0.0,0.9941697549167843,0.993094019465659,-0.0010757354511252704,32.559364481643165,32.55975129266137,0.000386811018202593,12026.608696430305,12046.676049358195,20.06735292789017,33.95403478631788,34.14490590862932,0.19087112231144232
a-main,main_00020_CEN_953181712a9f,CEN,main_00020,20264020,True,True,0,0,True,900.0432636977359,900.0437176977359,0,0,0,0,0,0,900.0432636977359,900.0437176977359,0.00045399999999062857,0.9865319865319864,0.9865319865319864,0.0,0.0,0.0,0.0,0.9796682643099925,0.9796682978210023,3.351100974491317e-08,0.187218616477155,0.18730374900851143,8.51325313564466e-05,1.0,1.0,0.0,0.9939300654502154,0.9938544104410258,-7.565500918960133e-05,1.0,1.0,0.0,0.812781383522845,0.8126962509914886,-8.51325313564466e-05,0.0,0.0,0.0,0.0,0.0,0.0,0.0,0.0,0.0,0.0,0.0,0.0,22.50677183360642,22.50678597694695,1.414334052896038e-05,1.614335318688253,1.6101606589060207,-0.004174659782232304,1.0,1.0,0.0,1.0,1.0,0.0,24.121107152294673,24.116946635852972,-0.004160516441700679,8333.04889831897,8332.991233173549,-0.05766514542119694,23.159633481202167,23.40019465054346,0.24056116934129435
a-main,main_00020_IJSH_2c95252ba605,IJSH,main_00020,20264020,True,True,0,0,True,900.181904697736,900.1067256977362,0,0,0,0,0,0,900.181904697736,900.1067256977362,-0.07517899999970723,0.9865319865319866,0.9865319865319861,-4.440892098500626e-16,0.0,0.0,0.0,0.97375598916365,0.9737559708922969,-1.8271353097176757e-08,0.05414008381874469,0.054078823371989326,-6.126044675536235e-05,1.0,1.0,0.0,0.9961863265064514,0.9961036837561155,-8.264275033598167e-05,1.0,1.0,0.0,0.9458599161812553,0.9459211766280107,6.126044675536235e-05,0.0,0.0,0.0,0.0,0.0,0.0,0.0,0.0,0.0,0.0,0.0,0.0,9.434575872452413,9.434862113437115,0.0002862409847015357,1.2945720680075545,1.2945622801781547,-9.787829399865444e-06,1.0,1.0,0.0,1.0,1.0,0.0,10.729147940459967,10.729424393615268,0.00027645315530122616,1492.8459881849149,1492.9485976763372,0.10260949142229947,10.31212923542241,10.398890162544518,0.08676092712210881
a-main,main_00020_JSH_67fda0b8b989,JSH,main_00020,20264020,True,True,0,0,True,887.065503697736,886.9552356977363,0,0,0,0,0,0,887.065503697736,886.9552356977363,-0.11026799999967807,0.986531986531987,0.9865319865319866,-4.440892098500626e-16,0.0,0.0,0.0,0.973157586860709,0.9731574246537404,-1.6220696852364824e-07,0.05553152143789286,0.055440516673703866,-9.10047641889955e-05,1.0,1.0,0.0,0.9958782603426828,0.9958014838888318,-7.677645385095744e-05,1.0,1.0,0.0,0.9444684785621071,0.9445594833262961,9.10047641889955e-05,0.0,0.0,0.0,0.0,0.0,0.0,0.0,0.0,0.0,0.0,0.0,0.0,9.976531982912052,9.976360519998691,-0.00017146291336089803,1.388600674749619,1.3909834933593657,0.002382818609746762,1.0,1.0,0.0,1.0,1.0,0.0,11.36513265766167,11.367344013358059,0.0022113556963887504,1850.7402928208758,1850.6773991907903,-0.06289363008545479,10.923719819457943,11.012436247819268,0.08871642836132487
a-main,main_00021_CEN_0ac456c40ba0,CEN,main_00021,20264021,True,True,0,0,True,1347.2348300980557,1347.000102098056,0,0,0,0,0,0,1347.2348300980557,1347.000102098056,-0.2347279999996772,0.9606616859108348,0.960661610252781,-7.565805382192536e-08,0.0,0.0,0.0,0.9453481316964087,0.943744587591439,-0.0016035441049697674,0.037675553151549024,0.03795935462558875,0.00028380147403972433,1.0,1.0,0.0,0.9975279751205501,0.9975112623253231,-1.671279522708069e-05,1.0,1.0,0.0,0.962324446848451,0.9620406453744113,-0.00028380147403972433,0.0,0.0,0.0,0.0,0.0,0.0,0.0,0.0,0.0,153.6978115999854,153.6895925999854,-0.00821900000002529,3.536343003243577,3.536125542898888,-0.00021746034468916875,6.4603683868559525,6.451492960692404,-0.008875426163548639,1.0,1.0,0.0,0.9402439658137427,0.9395084403866342,-0.0007355254271085299,9.996711390099529,9.98761850359129,-0.009092886508238252,1402.5312194399696,1446.3251144052053,43.79389496523572,19.378151968173487,19.51127184691347,0.13311987873998277
a-main,main_00021_IJSH_2d7321db3867,IJSH,main_00021,20264021,True,True,0,0,True,1423.7709300980564,1423.704445098056,0,0,0,0,0,0,1423.7709300980564,1423.704445098056,-0.06648500000028434,0.9610872858505854,0.96108798846655,7.026159645207031e-07,0.0,0.0,0.0,0.9463354862401137,0.9447172976443923,-0.0016181885957213815,0.0283870922093995,0.028627824778069133,0.00024073256866963266,1.0,1.0,0.0,0.9978800717975467,0.9978657315266332,-1.4340270913515418e-05,1.0,1.0,0.0,0.9716129077906005,0.9713721752219309,-0.00024073256866963266,0.0,0.0,0.0,0.0,0.0,0.0,0.0,0.0,0.0,126.92841191009825,126.88931791009824,-0.039094000000005735,2.84017201441144,2.8394207302437233,-0.0007512841677166371,6.399139027222832,6.3900567259329755,-0.009082301289856431,1.0,1.0,0.0,0.9402439658137427,0.9395084403866342,-0.0007355254271085299,9.239311041634272,9.229477456176697,-0.0098335854575744,963.3589194242522,986.6412576500221,23.282338225769877,17.077094911567702,17.162148706753275,0.08505379518557277
a-main,main_00021_JSH_c246173bb4c7,JSH,main_00021,20264021,True,True,0,0,True,1423.7709300980564,1423.704445098056,0,0,0,0,0,0,1423.7709300980564,1423.704445098056,-0.06648500000028434,0.9610872858505854,0.96108798846655,7.026159645207031e-07,0.0,0.0,0.0,0.9463354862401137,0.9447172976443923,-0.0016181885957213815,0.0283870922093995,0.028627824778069133,0.00024073256866963266,1.0,1.0,0.0,0.9978800717975467,0.9978657315266332,-1.4340270913515418e-05,1.0,1.0,0.0,0.9716129077906005,0.9713721752219309,-0.00024073256866963266,0.0,0.0,0.0,0.0,0.0,0.0,0.0,0.0,0.0,126.92841191009825,126.88931791009824,-0.039094000000005735,2.84017201441144,2.8394207302437233,-0.0007512841677166371,6.399139027222832,6.3900567259329755,-0.009082301289856431,1.0,1.0,0.0,0.9402439658137427,0.9395084403866342,-0.0007355254271085299,9.239311041634272,9.229477456176697,-0.0098335854575744,963.3589194242522,986.6412576500221,23.282338225769877,17.077094911567702,17.162148706753275,0.08505379518557277
a-main,main_00022_CEN_1444f74fbdd9,CEN,main_00022,20264022,True,True,0,0,True,761.4765689999998,761.4631059999999,0,0,0,0,0,0,761.4765689999998,761.4631059999999,-0.01346299999988787,0.9882154882154879,0.9898989898989898,0.0016835016835019534,0.0,0.0,0.0,0.9826224315692536,0.9826210615991224,-1.3699701311153945e-06,0.050972301410944665,0.051070731693832694,9.843028288802902e-05,1.0,1.0,0.0,0.9970649690325305,0.9969948511734941,-7.011785903643375e-05,1.0,1.0,0.0,0.9490276985890553,0.9489292683061673,-9.843028288802902e-05,0.0,0.0,0.0,0.0,0.0,0.0,0.0,0.0,0.0,0.0,0.0,0.0,12.147252383567455,12.146830542310628,-0.0004218412568270935,1.0188941907249836,1.016450554341963,-0.0024436363830204755,1.0,1.0,0.0,1.0,1.0,0.0,13.166146574292437,13.163281096652593,-0.0028654776398440163,343.0795092362757,343.03205734466746,-0.047451891608261576,12.715330286258517,12.89350505062837,0.17817476436985302
a-main,main_00022_IJSH_2ae20b74316e,IJSH,main_00022,20264022,True,True,0,0,True,761.9001279999999,761.882343,0,0,0,0,0,0,761.9001279999999,761.882343,-0.017784999999889806,0.9882154882154879,0.9898989898989898,0.0016835016835019534,0.0,0.0,0.0,0.9801825354816811,0.9801822628849772,-2.725967038763599e-07,0.03190127763860595,0.03205497072234398,0.00015369308373802681,1.0,1.0,0.0,0.9970932616193678,0.9970091934151144,-8.406820425344019e-05,1.0,1.0,0.0,0.968098722361394,0.967945029277656,-0.00015369308373802681,0.0,0.0,0.0,0.0,0.0,0.0,0.0,0.0,0.0,0.0,0.0,0.0,11.317604522762018,11.318920256434986,0.0013157336729676672,1.1750400720201621,1.1665732322842248,-0.008466839735937315,1.0,1.0,0.0,1.0,1.0,0.0,12.49264459478218,12.48549348871921,-0.0071511060629685375,220.26073678264098,220.29862749174478,0.037890709103805875,12.113934609523964,12.264446896089646,0.15051228656568227
a-main,main_00022_JSH_0bbafcf408ec,JSH,main_00022,20264022,True,True,0,0,True,761.9001279999999,761.882343,0,0,0,0,0,0,761.9001279999999,761.882343,-0.017784999999889806,0.9882154882154879,0.9898989898989898,0.0016835016835019534,0.0,0.0,0.0,0.9801825354816811,0.9801822628849772,-2.725967038763599e-07,0.03190127763860595,0.03205497072234398,0.00015369308373802681,1.0,1.0,0.0,0.9970932616193678,0.9970091934151144,-8.406820425344019e-05,1.0,1.0,0.0,0.968098722361394,0.967945029277656,-0.00015369308373802681,0.0,0.0,0.0,0.0,0.0,0.0,0.0,0.0,0.0,0.0,0.0,0.0,11.317604522762018,11.318920256434986,0.0013157336729676672,1.1750400720201621,1.1665732322842248,-0.008466839735937315,1.0,1.0,0.0,1.0,1.0,0.0,12.49264459478218,12.48549348871921,-0.0071511060629685375,220.26073678264098,220.29862749174478,0.037890709103805875,12.113934609523964,12.264446896089646,0.15051228656568227
a-main,main_00023_CEN_1cc8ab0f6039,CEN,main_00023,20264023,True,True,0,0,True,746.1666196330341,746.1282036330342,0,0,0,0,0,0,746.1666196330341,746.1282036330342,-0.03841599999987011,0.9496486234114858,0.9496488906157157,2.6720422985349046e-07,0.0,0.0,0.0,0.9281204739987983,0.9278472907960107,-0.0002731832027875747,0.13707310195268219,0.1370886169323855,1.5514979703312726e-05,1.0,1.0,0.0,0.9915457338552383,0.9914664446791716,-7.928917606669916e-05,1.0,1.0,0.0,0.8629268980473178,0.8629113830676145,-1.5514979703312726e-05,0.0,0.0,0.0,0.0,0.0,0.0,105.16267808694104,105.13369608694103,-0.028982000000013386,143.5426867778458,143.5086867778458,-0.033999999999991815,14.879913679184245,14.877719060811266,-0.0021946183729788515,2.3331709598842716,2.321303808479208,-0.01186715140506367,1.0,1.0,0.0,0.9882387459118145,0.9872965089600444,-0.0009422369517700924,17.213084639068516,17.199022869290474,-0.014061769778042077,3285.073032545696,3283.6701029419905,-1.4029296037056156,22.727010187727327,22.99777330994284,0.2707631222155129
a-main,main_00023_IJSH_e9c31989388e,IJSH,main_00023,20264023,True,True,0,0,True,729.9127536330341,729.9544906330342,0,0,0,0,0,0,729.9127536330341,729.9544906330342,0.04173700000012559,0.9512143406280862,0.9512138384614024,-5.021666837912164e-07,0.0,0.0,0.0,0.9263573581454245,0.926058212553188,-0.00029914559223653825,0.09509529590092713,0.09523002332024999,0.00013472741932285537,1.0,1.0,0.0,0.9928645463686127,0.9927992095330535,-6.533683555920433e-05,1.0,1.0,0.0,0.9049047040990729,0.90476997667975,-0.00013472741932285537,0.0,0.0,0.0,0.0,0.0,0.0,86.8510047043155,86.85700770431549,0.006002999999992653,160.23044190439165,160.22638490439164,-0.004057000000017297,8.258228461333763,8.258661561746502,0.00043310041273869615,2.152035746228388,2.1490085066203877,-0.0030272396080004427,1.0,1.0,0.0,0.9882387459118145,0.9872965089600444,-0.0009422369517700924,10.41026420756215,10.40767006836689,-0.00259413919525997,2296.9973250584544,2296.868687139454,-0.1286379190005391,15.84524138056964,15.95622041893857,0.11097903836892975
a-main,main_00023_JSH_006764f0e17e,JSH,main_00023,20264023,True,True,0,0,True,761.791999633034,761.8081016330342,0,0,0,0,0,0,761.791999633034,761.8081016330342,0.016102000000159933,0.9527081790887391,0.9527079145634592,-2.6452527990272756e-07,0.0,0.0,0.0,0.9263196048187166,0.9260913473746228,-0.00022825744409371573,0.13916446836393248,0.13924491958690732,8.04512229748422e-05,1.0,1.0,0.0,0.9913713064373137,0.9913157544077299,-5.555202958384964e-05,1.0,1.0,0.0,0.8608355316360675,0.8607550804130927,-8.04512229748422e-05,0.0,0.0,0.0,0.0,0.0,0.0,86.8510047043155,86.85700770431549,0.006002999999992653,244.3345028580382,244.33827085803821,0.003768000000007987,10.216008598463608,10.216351523640753,0.0003429251771454034,2.572254817321669,2.561900799401614,-0.010354017920055192,1.0,1.0,0.0,0.9882387459118145,0.9872965089600444,-0.0009422369517700924,12.788263415785277,12.778252323042366,-0.010011092742910677,4018.1432817191267,4017.780876906474,-0.36240481265258495,20.821188051834294,20.964629521441594,0.14344146960729987
a-main,main_00024_CEN_8ea646256708,CEN,main_00024,20264024,True,True,0,0,True,710.7231309089312,710.7682329089314,0,0,0,0,0,0,710.7231309089312,710.7682329089314,0.045102000000156295,0.3889075221765339,0.3882359892502727,-0.0006715329262612091,0.0,0.0,0.0,0.3773743476337532,0.37586705981781865,-0.001507287815934566,0.22386647353254485,0.22316455243858824,-0.0007019210939566145,1.0,1.0,0.0,0.9291060679000468,0.9290050091896567,-0.00010105871039012282,1.0,1.0,0.0,0.7761335264674551,0.7768354475614118,0.0007019210939566145,267.2007206739121,267.17536467391216,-0.0253559999999311,267.2007206739121,267.17536467391216,-0.0253559999999311,267.2007206739121,267.17536467391216,-0.0253559999999311,294.0404312457264,294.01551824572647,-0.0249129999999127,76.79508678086177,76.7921879827874,-0.0028987980743693242,24.553286334865092,24.547027434819064,-0.006258900046027804,1.0,1.0,0.0,0.7947991216027095,0.7949413099170709,0.00014218831436141333,101.34837311572686,101.33921541760647,-0.009157698120390023,17378.912852015554,17357.695158349794,-21.217693665759725,163.11800888240754,163.2469892876103,0.12898040520275345
a-main,main_00024_IJSH_0a476132fd96,IJSH,main_00024,20264024,True,True,0,0,True,813.3181339089313,813.4025529089313,0,0,0,0,0,0,813.3181339089313,813.4025529089313,0.08441900000002533,0.4216097528120537,0.42045908902940377,-0.001150663782649941,0.0,0.0,0.0,0.396318141660037,0.3966627442936357,0.0003446026335987007,0.299779895666483,0.2991687217159674,-0.0006111739505155755,1.0,1.0,0.0,0.9072655691640873,0.9072126350353296,-5.293412875773118e-05,1.0,1.0,0.0,0.700220104333517,0.7008312782840326,0.0006111739505155755,367.0566444089383,367.0487204089384,-0.007923999999945863,367.0566444089383,367.0487204089384,-0.007923999999945863,367.0566444089383,367.0487204089384,-0.007923999999945863,407.45663672017315,407.44749372017316,-0.009142999999994572,137.90432574093666,137.91426687552772,0.009941134591059608,32.35691926492974,32.33709649657529,-0.019822768354451625,1.0,1.0,0.0,0.7947991216027095,0.7949413099170709,0.00014218831436141333,170.26124500586639,170.25136337210301,-0.0098816337633707,30756.508172506794,30707.14861356176,-49.35955894503422,259.5265411535915,259.7000312118639,0.1734900582724208
a-main,main_00024_JSH_43bb73e2a025,JSH,main_00024,20264024,True,True,0,0,True,803.9585639089314,803.9959639089313,0,0,0,0,0,0,803.9585639089314,803.9959639089313,0.03739999999993415,0.4221386671752212,0.4211180499797065,-0.001020617195514717,0.0,0.0,0.0,0.39676526113487154,0.39442513846133576,-0.0023401226735357827,0.43687450338557066,0.4365538618537722,-0.000320641531798449,1.0,1.0,0.0,0.8720064334275781,0.8718742347120825,-0.000132198715495635,1.0,1.0,0.0,0.5631254966144293,0.5634461381462278,0.000320641531798449,584.8690109409395,584.9366459409396,0.06763500000010936,584.8690109409395,584.9366459409396,0.06763500000010936,584.8690109409395,584.9366459409396,0.06763500000010936,584.8690109409395,584.9366459409396,0.06763500000010936,154.65066181335268,154.6628477443056,0.012185930952909985,48.79340199977885,48.7857970965749,-0.007604903203947799,1.0,1.0,0.0,0.7947991216027095,0.7949413099170709,0.00014218831436141333,203.44406381313152,203.44864484088046,0.004581027748940869,73423.52908542375,73525.61690050852,102.08781508477114,334.5004049113969,334.67591847197167,0.17551356057475687
b-main,main_00001_baseline_reference_39c603733183,baseline_reference,main_00001,20260325,True,True,0,0,True,1080.471259912012,1080.426090912012,0,0,0,0,0,0,1080.471259912012,1080.426090912012,-0.04516900000021451,0.9951739773734893,0.9951738351129782,-1.4226051114896165e-07,0.0,0.0,0.0,0.9645161402813558,0.9652404261010197,0.0007242858196638835,0.12430203400335815,0.12421801933499044,-8.401466836771565e-05,1.0,1.0,0.0,0.9910888477147084,0.9910531509252186,-3.5696789489780834e-05,1.0,1.0,0.0,0.8756979659966418,0.8757819806650096,8.401466836771565e-05,0.0,0.0,0.0,0.0,0.0,0.0,0.0,0.0,0.0,48.00197796157508,33.58419316872505,-14.417784792850028,40.904726680370594,40.90306071172185,-0.0016659686487443537,1.1137705593713867,1.1132510714977264,-0.0005194878736602959,1.0,1.0,0.0,0.9993146858355991,0.9991619220720208,-0.0001527637635783119,42.01849723974198,42.01631178321958,-0.0021854565224046496,8799.344615637092,8871.661721208922,72.31710557183033,42.929705750891166,43.087616325145554,0.15791057425438737
b-main,main_00001_guardrail_gini_restore_37da2961274a,guardrail_gini_restore,main_00001,20260325,True,True,0,0,True,1010.793209912012,1010.6838459120121,0,0,0,0,0,0,1010.793209912012,1010.6838459120121,-0.10936399999991409,0.994949494949495,0.994949494949495,0.0,0.0,0.0,0.0,0.9536718685611432,0.9552523212141493,0.0015804526530061036,0.058916072990669144,0.05891076314867394,-5.309841995204678e-06,1.0,1.0,0.0,0.9930936075696197,0.9930525779984308,-4.1029571188899716e-05,1.0,1.0,0.0,0.9410839270093309,0.9410892368513261,5.309841995204678e-06,0.0,0.0,0.0,0.0,0.0,0.0,0.0,0.0,0.0,39.27758435967164,33.58419316872505,-5.693391190946592,28.300726690140593,28.302524991972867,0.0017983018322738076,1.3174072879356284,1.3131332795751565,-0.004274008360471981,1.0,1.0,0.0,0.9993146858355991,0.9991619220720208,-0.0001527637635783119,29.618133978076223,29.615658271548025,-0.002475706528198174,2435.2371317763304,2424.9511044347337,-10.286027341596764,30.27961954044477,30.40274050129043,0.12312096084566093
b-main,main_00001_single_gini_restore_e49ad7773042,single_gini_restore,main_00001,20260325,True,True,0,0,False,1023.271594912012,1004.060390912012,0,0,0,0,0,0,1023.271594912012,1004.060390912012,-19.211203999999952,0.994949494949495,0.994949494949495,0.0,0.0,0.0,0.0,0.9607619219956691,0.9584762800353102,-0.002285641960358964,0.09647952233141188,0.09663022517695075,0.0001507028455388637,1.0,1.0,0.0,0.9909930403869434,0.9910781879009201,8.514751397670217e-05,1.0,1.0,0.0,0.9035204776685881,0.9033697748230493,-0.0001507028455388637,0.0,0.0,0.0,0.0,0.0,0.0,0.0,0.0,0.0,46.74325758332972,33.58419316872505,-13.159064414604671,39.38405522117149,37.04941736106135,-2.334637860110135,1.6839312260027206,1.7897288295266889,0.10579760352396828,1.0,1.0,0.0,0.9993146858355991,0.9991619220720208,-0.0001527637635783119,41.06798644717421,38.83914619058804,-2.2288402565861745,5766.816929670656,5503.753951538018,-263.0629781326379,41.51662229547503,39.78144628670475,-1.7351760087702814
b-main,main_00001_single_maximin_time_avg_cri_9b284bcd345e,single_maximin_time_avg_cri,main_00001,20260325,True,True,0,0,False,1023.271594912012,1053.619196912012,0,0,0,0,0,0,1023.271594912012,1053.619196912012,30.34760200000005,0.994949494949495,0.994949494949495,0.0,0.0,0.0,0.0,0.9607619219956691,0.9662229271394536,0.005461005143784448,0.09647952233141188,0.12016505682784573,0.023685534496433847,1.0,1.0,0.0,0.9909930403869434,0.9906409839073138,-0.0003520564796295478,1.0,1.0,0.0,0.9035204776685881,0.8798349431721543,-0.023685534496433847,0.0,0.0,0.0,0.0,0.0,0.0,0.0,0.0,0.0,46.74325758332972,33.58419316872505,-13.159064414604671,39.38405522117149,43.80601516092757,4.421959939756086,1.6839312260027206,1.7329834354537972,0.04905220945107658,1.0,1.0,0.0,0.9993146858355991,0.9991619220720208,-0.0001527637635783119,41.06798644717421,45.53899859638137,4.471012149207155,5766.816929670656,8955.101211814977,3188.284282144322,41.51662229547503,46.34685539088495,4.830233095409916
b-main,main_00001_single_p90_access_restore_9a3cbb6483c8,single_p90_access_restore,main_00001,20260325,True,True,0,0,True,1080.471259912012,1080.426090912012,0,0,0,0,0,0,1080.471259912012,1080.426090912012,-0.04516900000021451,0.9951739773734893,0.9951738351129782,-1.4226051114896165e-07,0.0,0.0,0.0,0.9645161402813558,0.9652404261010197,0.0007242858196638835,0.12430203400335815,0.12421801933499044,-8.401466836771565e-05,1.0,1.0,0.0,0.9910888477147084,0.9910531509252186,-3.5696789489780834e-05,1.0,1.0,0.0,0.8756979659966418,0.8757819806650096,8.401466836771565e-05,0.0,0.0,0.0,0.0,0.0,0.0,0.0,0.0,0.0,48.00197796157508,33.58419316872505,-14.417784792850028,40.904726680370594,40.90306071172185,-0.0016659686487443537,1.1137705593713867,1.1132510714977264,-0.0005194878736602959,1.0,1.0,0.0,0.9993146858355991,0.9991619220720208,-0.0001527637635783119,42.01849723974198,42.01631178321958,-0.0021854565224046496,8799.344615637092,8871.661721208922,72.31710557183033,42.929705750891166,43.087616325145554,0.15791057425438737
b-main,main_00001_single_triangle_6d40503b2757,single_triangle,main_00001,20260325,True,True,0,0,True,1043.123257912012,1043.039219912012,0,0,0,0,0,0,1043.123257912012,1043.039219912012,-0.08403799999996409,0.994949494949495,0.994949494949495,0.0,0.0,0.0,0.0,0.961173685027735,0.9623579944981304,0.0011843094703953838,0.11795600235393455,0.11747939783823913,-0.0004766045156954224,1.0,1.0,0.0,0.9919855826482175,0.9919758494708382,-9.733177379289693e-06,1.0,1.0,0.0,0.8820439976460654,0.8825206021617609,0.0004766045156954224,0.0,0.0,0.0,0.0,0.0,0.0,0.0,0.0,0.0,55.81219720967272,33.58419316872505,-22.228004040947667,34.69974702526227,34.69826056008995,-0.001486465172320095,1.2303482859149308,1.2244764310520524,-0.005871854862878445,1.0,1.0,0.0,0.9993146858355991,0.9991619220720208,-0.0001527637635783119,35.930095311177205,35.922736991141996,-0.007358320035208976,8193.780721688523,8173.077890838252,-20.70283085027131,36.54738924410094,36.63385841276012,0.08646916865917831
b-main,main_00001_weighted_gini_restore_l050_0227ca720b57,weighted_gini_restore_l050,main_00001,20260325,True,True,0,0,True,1020.8628969120122,1020.900094912012,0,0,0,0,0,0,1020.8628969120122,1020.900094912012,0.03719799999987572,0.994949494949495,0.994949494949495,0.0,0.0,0.0,0.0,0.9639879061963952,0.9649923746487294,0.0010044684523342617,0.15579087721525164,0.15593334893955935,0.00014247172430770227,1.0,1.0,0.0,0.9901659017064829,0.9901478943212656,-1.8007385217289062e-05,1.0,1.0,0.0,0.8442091227847484,0.8440666510604407,-0.00014247172430770227,0.0,0.0,0.0,0.0,0.0,0.0,0.0,0.0,0.0,55.81219720967272,33.58419316872505,-22.228004040947667,35.73044937537387,35.72922880961337,-0.0012205657605051101,1.5472063572634704,1.5329482035340811,-0.014258153729389322,1.0,1.0,0.0,0.9993146858355991,0.9991619220720208,-0.0001527637635783119,37.27765573263734,37.26217701314745,-0.015478719489891546,12567.151218884548,12549.461081862111,-17.69013702243683,38.31063197365792,38.89529428500812,0.5846623113502005
b-main,main_00001_weighted_maximin_time_avg_cri_l050_3784c03ae5e1,weighted_maximin_time_avg_cri_l050,main_00001,20260325,True,True,0,0,True,1059.821579912012,1059.760009912012,0,0,0,0,0,0,1059.821579912012,1059.760009912012,-0.06157000000007429,0.994949494949495,0.994949494949495,0.0,0.0,0.0,0.0,0.9646618044926027,0.9662001969649596,0.0015383924723568754,0.12423237220244365,0.12393767514678211,-0.00029469705566154136,1.0,1.0,0.0,0.9920176442289409,0.991998951502284,-1.8692726656888148e-05,1.0,1.0,0.0,0.8757676277975563,0.8760623248532179,0.00029469705566154136,0.0,0.0,0.0,0.0,0.0,0.0,0.0,0.0,0.0,46.74325758332972,33.58419316872505,-13.159064414604671,36.18288381289535,36.185675699273744,0.0027918863783966685,1.0957491155949792,1.0933189571532003,-0.0024301584417789623,1.0,1.0,0.0,0.9993146858355991,0.9991619220720208,-0.0001527637635783119,37.278632928490325,37.27899465642694,0.00036172793661393143,8538.108591175525,8477.255908037176,-60.852683138349676,37.882496479777494,38.11781592495049,0.23531944517299763
b-main,main_00002_baseline_reference_55f3fc93e4ef,baseline_reference,main_00002,20260326,True,True,0,0,True,782.2638133680003,782.1511063680005,0,0,0,0,0,0,782.2638133680003,782.1511063680005,-0.11270699999988665,0.9882154882154877,0.9882154882154879,2.220446049250313e-16,0.0,0.0,0.0,0.9844900513224661,0.9846954054056707,0.0002053540832045453,0.15286354825437942,0.1514289661574919,-0.0014345820968875156,1.0,1.0,0.0,0.9892168654390509,0.9891325959666132,-8.426947243767025e-05,1.0,1.0,0.0,0.8471364517456206,0.8485710338425081,0.0014345820968875156,0.0,0.0,0.0,0.0,0.0,0.0,0.0,0.0,0.0,0.0,0.0,0.0,78.08399294605906,78.0726198269285,-0.011373119130553278,1.1082958589601033,1.106263534485186,-0.002032324474917191,1.0,1.0,0.0,1.0,1.0,0.0,79.19228880501919,79.17888336141367,-0.013405443605520873,7632.6815927817925,7629.10861107522,-3.5729817065721363,75.67830671070965,75.96005570456946,0.28174899385980723
b-main,main_00002_guardrail_gini_restore_679e6b2a0c36,guardrail_gini_restore,main_00002,20260326,True,True,0,0,False,790.2821823680002,748.6457953680003,0,0,0,0,0,0,790.2821823680002,748.6457953680003,-41.6363869999999,0.9882154882154881,0.9882154882154881,0.0,0.0,0.0,0.0,0.9775300143084986,0.9827800648454621,0.00525005053696348,0.14738496888111918,0.15891839310873057,0.011533424227611389,1.0,1.0,0.0,0.9885725757105613,0.9899453102732925,0.001372734562731126,1.0,1.0,0.0,0.8526150311188808,0.8410816068912694,-0.011533424227611389,0.0,0.0,0.0,0.0,0.0,0.0,0.0,0.0,0.0,0.0,0.0,0.0,80.58189640491698,68.03230092102184,-12.549595483895132,1.2395430554876086,0.691447998499475,-0.5480950569881335,1.0,1.0,0.0,1.0,1.0,0.0,81.82143946040458,68.72374891952131,-13.097690540883264,10876.258051063187,6077.946622822628,-4798.311428240559,78.20820125588571,65.70634930533797,-12.501851950547746
b-main,main_00002_single_gini_restore_a16500aa4601,single_gini_restore,main_00002,20260326,True,True,0,0,False,692.6441723680002,765.3649353680003,0,0,0,0,0,0,692.6441723680002,765.3649353680003,72.72076300000003,0.9882154882154888,0.9882154882154879,-8.881784197001252e-16,0.0,0.0,0.0,0.9816107431471552,0.9808120363175374,-0.0007987068296178013,0.1499123044599573,0.1189424121827235,-0.03096989227723379,1.0,1.0,0.0,0.9960698428053291,0.9963221289901473,0.00025228618481820675,1.0,1.0,0.0,0.8500876955400427,0.8810575878172765,0.03096989227723379,0.0,0.0,0.0,0.0,0.0,0.0,0.0,0.0,0.0,0.0,0.0,0.0,14.888096571750868,17.23832622775172,2.3502296560008524,0.9228727497343393,0.9101545750785591,-0.012718174655780179,1.0,1.0,0.0,1.0,1.0,0.0,15.810969321485203,18.148480802830274,2.3375114813450715,3470.813852789337,3310.946616178722,-159.86723661061524,15.140968260563058,17.456756666071676,2.315788405508618
b-main,main_00002_single_maximin_time_avg_cri_cccde0e8588f,single_maximin_time_avg_cri,main_00002,20260326,True,True,0,0,True,649.0542933680005,649.0279643680003,0,0,0,0,0,0,649.0542933680005,649.0279643680003,-0.026329000000146152,0.9882154882154888,0.9882154882154879,-8.881784197001252e-16,0.0,0.0,0.0,0.9829394509853187,0.9834265433362701,0.00048709235095145687,0.0975983182254554,0.09695261282818501,-0.0006457053972703797,1.0,1.0,0.0,0.9950957091480724,0.9950734314425985,-2.2277705473916498e-05,1.0,1.0,0.0,0.9024016817745446,0.903047387171815,0.0006457053972703797,0.0,0.0,0.0,0.0,0.0,0.0,0.0,0.0,0.0,0.0,0.0,0.0,24.687029344147195,24.68595152089367,-0.001077823253524457,0.7018055664030959,0.695643961256549,-0.006161605146546845,1.0,1.0,0.0,1.0,1.0,0.0,25.388834910550294,25.381595482150214,-0.007239428400080072,1089.5703781200123,1087.2589923369944,-2.3113857830178404,24.277854334125863,24.314952978802108,0.03709864467624513
b-main,main_00002_single_p90_access_restore_ec75f0f9dde6,single_p90_access_restore,main_00002,20260326,True,True,0,0,True,782.2638133680003,782.1511063680005,0,0,0,0,0,0,782.2638133680003,782.1511063680005,-0.11270699999988665,0.9882154882154877,0.9882154882154879,2.220446049250313e-16,0.0,0.0,0.0,0.9844900513224661,0.9846954054056707,0.0002053540832045453,0.15286354825437942,0.1514289661574919,-0.0014345820968875156,1.0,1.0,0.0,0.9892168654390509,0.9891325959666132,-8.426947243767025e-05,1.0,1.0,0.0,0.8471364517456206,0.8485710338425081,0.0014345820968875156,0.0,0.0,0.0,0.0,0.0,0.0,0.0,0.0,0.0,0.0,0.0,0.0,78.08399294605906,78.0726198269285,-0.011373119130553278,1.1082958589601033,1.106263534485186,-0.002032324474917191,1.0,1.0,0.0,1.0,1.0,0.0,79.19228880501919,79.17888336141367,-0.013405443605520873,7632.6815927817925,7629.10861107522,-3.5729817065721363,75.67830671070965,75.96005570456946,0.28174899385980723
b-main,main_00002_single_triangle_f56df0ee93fe,single_triangle,main_00002,20260326,True,True,0,0,True,639.8038563680004,639.7826763680004,0,0,0,0,0,0,639.8038563680004,639.7826763680004,-0.02118000000007214,0.9884588116464779,0.9884592744470182,4.6280054033509543e-07,0.0,0.0,0.0,0.9830102426030181,0.9836186470827846,0.0006084044797665111,0.08502619352224683,0.08457403773440153,-0.00045215578784529864,1.0,1.0,0.0,0.9956363620456375,0.9956201080898707,-1.625395576687616e-05,1.0,1.0,0.0,0.9149738064777532,0.9154259622655985,0.00045215578784529864,0.0,0.0,0.0,0.0,0.0,0.0,0.0,0.0,0.0,0.0,0.0,0.0,21.377668620062984,21.377649913346612,-1.8706716371497123e-05,0.626542563498022,0.6213570804423637,-0.0051854830556582465,1.0,1.0,0.0,1.0,1.0,0.0,22.004211183561004,21.999006993788974,-0.005204189772030077,731.2571715824015,728.9216063780549,-2.335565204346608,21.042160480881822,21.108606461541104,0.06644598065928164
b-main,main_00002_weighted_gini_restore_l050_90b27c6f821e,weighted_gini_restore_l050,main_00002,20260326,True,True,0,0,True,658.6647683680003,658.6388253680003,0,0,0,0,0,0,658.6647683680003,658.6388253680003,-0.02594299999998384,0.9882154882154877,0.9882154882154879,2.220446049250313e-16,0.0,0.0,0.0,0.9883009559225755,0.9887451683823394,0.000444212459763893,0.15158877616040467,0.15133266484204233,-0.0002561113183623398,1.0,1.0,0.0,0.9946386053943451,0.9945677487173702,-7.085667697492859e-05,1.0,1.0,0.0,0.8484112238395953,0.8486673351579577,0.0002561113183623398,0.0,0.0,0.0,0.0,0.0,0.0,0.0,0.0,0.0,0.0,0.0,0.0,26.95299085488542,26.95205996231172,-0.0009308925737023799,0.9227299493427807,0.9122869466110918,-0.010443002731688966,1.0,1.0,0.0,1.0,1.0,0.0,27.8757208042282,27.864346908922812,-0.01137389530538968,3024.02495535257,3021.76755145172,-2.257403900850022,26.6627659481032,26.763523349603723,0.10075740150052326
b-main,main_00002_weighted_maximin_time_avg_cri_l050_a43d1c12f7b4,weighted_maximin_time_avg_cri_l050,main_00002,20260326,True,True,0,0,True,658.6647683680003,658.6388253680003,0,0,0,0,0,0,658.6647683680003,658.6388253680003,-0.02594299999998384,0.9882154882154877,0.9882154882154879,2.220446049250313e-16,0.0,0.0,0.0,0.9883009559225755,0.9887451683823394,0.000444212459763893,0.15158877616040467,0.15133266484204233,-0.0002561113183623398,1.0,1.0,0.0,0.9946386053943451,0.9945677487173702,-7.085667697492859e-05,1.0,1.0,0.0,0.8484112238395953,0.8486673351579577,0.0002561113183623398,0.0,0.0,0.0,0.0,0.0,0.0,0.0,0.0,0.0,0.0,0.0,0.0,26.95299085488542,26.95205996231172,-0.0009308925737023799,0.9227299493427807,0.9122869466110918,-0.010443002731688966,1.0,1.0,0.0,1.0,1.0,0.0,27.8757208042282,27.864346908922812,-0.01137389530538968,3024.02495535257,3021.76755145172,-2.257403900850022,26.6627659481032,26.763523349603723,0.10075740150052326
b-main,main_00003_baseline_reference_43987d166462,baseline_reference,main_00003,20260327,True,True,0,0,True,853.5911657951002,853.7906537951002,0,0,0,0,0,0,853.5911657951002,853.7906537951002,0.1994879999999739,0.9543082668585565,0.9543085850455442,3.1818698764674025e-07,0.0,0.0,0.0,0.9478956041577953,0.9478965380656907,9.339078954617719e-07,0.13231292148804263,0.13207457381540944,-0.000238347672633199,1.0,1.0,0.0,0.9861065187314101,0.9860957948041161,-1.0723927293954105e-05,1.0,1.0,0.0,0.8676870785119574,0.8679254261845906,0.000238347672633199,0.0,0.0,0.0,0.0,0.0,0.0,0.0,0.0,0.0,291.6972477898878,291.7752387898878,0.07799099999999726,3.909545172520812,3.9097874961896326,0.00024232366882070977,5.864904996227735,5.8551541393341715,-0.009750856893563586,1.0,1.0,0.0,0.98895748916516,0.9876645774051451,-0.001292911760014892,9.774450168748547,9.764941635523805,-0.009508533224742877,6727.170638061005,6730.811876001324,3.6412379403191153,53.546411380910136,54.00617685949561,0.45976547858547434
b-main,main_00003_guardrail_gini_restore_64bf5627bcdc,guardrail_gini_restore,main_00003,20260327,True,True,0,0,True,628.4618027951003,628.4525477951003,0,0,0,0,0,0,628.4618027951003,628.4525477951003,-0.00925500000005286,0.9524120561933536,0.952411817618239,-2.385751145528303e-07,0.0,0.0,0.0,0.9426169515415139,0.9426162441284935,-7.074130203843509e-07,0.16064971882297185,0.16071105084218684,6.133201921498799e-05,1.0,1.0,0.0,0.9838008724271865,0.9837366041966625,-6.426823052396724e-05,1.0,1.0,0.0,0.8393502811770281,0.8392889491578132,-6.133201921498799e-05,0.0,0.0,0.0,0.0,0.0,0.0,0.0,0.0,0.0,291.69974278988775,291.7245237898878,0.024781000000075437,0.26782090398115843,0.2677812489657428,-3.965501541564054e-05,10.695350873260605,10.691769308586611,-0.003581564673993398,1.0,1.0,0.0,0.98895748916516,0.9876645774051451,-0.001292911760014892,10.963171777241765,10.959550557552355,-0.0036212196894105375,5735.26865036917,5736.01078418131,0.7421338121394001,41.59315177001199,41.958154542092565,0.3650027720805724
b-main,main_00003_single_gini_restore_f05395094684,single_gini_restore,main_00003,20260327,True,True,0,0,True,581.0402867951003,581.0852237951002,0,0,0,0,0,0,581.0402867951003,581.0852237951002,0.04493699999989076,0.9531029692550033,0.9532186610238571,0.0001156917688538428,0.0,0.0,0.0,0.9422003265094583,0.9422029754448729,2.648935414573117e-06,0.19652803714473965,0.19649510812286686,-3.292902187279623e-05,1.0,1.0,0.0,0.9843721672808593,0.9843372648659674,-3.4902414891901934e-05,1.0,1.0,0.0,0.8034719628552603,0.8035048918771331,3.292902187279623e-05,0.0,0.0,0.0,0.0,0.0,0.0,0.0,0.0,0.0,293.08594400000004,293.010768,-0.07517600000005586,1.5644148803885558,1.564280904322228,-0.0001339760663277012,8.586736335363529,8.581365784399425,-0.005370550964103771,1.0,1.0,0.0,0.98895748916516,0.9876645774051451,-0.001292911760014892,10.151151215752083,10.145646688721653,-0.00550452703043014,5892.589102386864,5892.110185981071,-0.4789164057938251,35.192570474977046,35.35765912986371,0.16508865488666657
b-main,main_00003_single_maximin_time_avg_cri_df477d6040b4,single_maximin_time_avg_cri,main_00003,20260327,True,True,0,0,True,820.2878167951003,820.1755067951003,0,0,0,0,0,0,820.2878167951003,820.1755067951003,-0.11230999999997948,0.9551304447742877,0.9551310599315292,6.151572415902251e-07,0.0,0.0,0.0,0.9485960006516025,0.9485944260059034,-1.5746456991649893e-06,0.08732161660082849,0.0875981811926062,0.0002765645917777171,1.0,1.0,0.0,0.9886447185917892,0.9885987902729532,-4.5928318835986026e-05,1.0,1.0,0.0,0.9126783833991715,0.9124018188073938,-0.0002765645917777171,0.0,0.0,0.0,0.0,0.0,0.0,0.0,0.0,0.0,166.8394526721658,166.84468567216584,0.005233000000032462,22.775253841450642,22.771105107671957,-0.004148733778684743,4.598856998710214,4.593548205143104,-0.005308793567110115,1.0,1.0,0.0,0.98895748916516,0.9876645774051451,-0.001292911760014892,27.37411084016086,27.36465331281506,-0.009457527345798411,2311.9892592461647,2311.604251450873,-0.38500779529158535,40.31556846266456,40.52915699166754,0.2135885290029833
b-main,main_00003_single_p90_access_restore_a0ad46fef552,single_p90_access_restore,main_00003,20260327,True,True,0,0,True,853.5911657951002,853.7906537951002,0,0,0,0,0,0,853.5911657951002,853.7906537951002,0.1994879999999739,0.9543082668585565,0.9543085850455442,3.1818698764674025e-07,0.0,0.0,0.0,0.9478956041577953,0.9478965380656907,9.339078954617719e-07,0.13231292148804263,0.13207457381540944,-0.000238347672633199,1.0,1.0,0.0,0.9861065187314101,0.9860957948041161,-1.0723927293954105e-05,1.0,1.0,0.0,0.8676870785119574,0.8679254261845906,0.000238347672633199,0.0,0.0,0.0,0.0,0.0,0.0,0.0,0.0,0.0,291.6972477898878,291.7752387898878,0.07799099999999726,3.909545172520812,3.9097874961896326,0.00024232366882070977,5.864904996227735,5.8551541393341715,-0.009750856893563586,1.0,1.0,0.0,0.98895748916516,0.9876645774051451,-0.001292911760014892,9.774450168748547,9.764941635523805,-0.009508533224742877,6727.170638061005,6730.811876001324,3.6412379403191153,53.546411380910136,54.00617685949561,0.45976547858547434
b-main,main_00003_single_triangle_fd5fb4bed6ae,single_triangle,main_00003,20260327,True,True,0,0,True,828.1288687951002,828.0928847951003,0,0,0,0,0,0,828.1288687951002,828.0928847951003,-0.03598399999987123,0.9579935743424464,0.9580467307401559,5.315639770953062e-05,0.0,0.0,0.0,0.9507924001965344,0.9507930378914926,6.376949581721192e-07,0.16736103106027245,0.16750095619542538,0.0001399251351529296,1.0,1.0,0.0,0.9886897948178729,0.9886799852561033,-9.80956176954706e-06,1.0,1.0,0.0,0.8326389689397276,0.8324990438045746,-0.0001399251351529296,0.0,0.0,0.0,0.0,0.0,0.0,0.0,0.0,0.0,249.867075,249.82943600000002,-0.037638999999984435,0.0,0.0,0.0,5.383822881504078,5.374280961537016,-0.009541919967062107,1.0,1.0,0.0,0.98895748916516,0.9876645774051451,-0.001292911760014892,5.383822881504078,5.374280961537016,-0.009541919967062107,7982.539623810968,7980.383015271593,-2.1566085393751564,37.71725080879166,37.920274717511234,0.20302390871957243
b-main,main_00003_weighted_gini_restore_l050_92e6204d904f,weighted_gini_restore_l050,main_00003,20260327,True,True,0,0,True,800.0997417951002,800.3030847951003,0,0,0,0,0,0,800.0997417951002,800.3030847951003,0.20334300000013172,0.9544056338187914,0.954406055253598,4.214348066078344e-07,0.0,0.0,0.0,0.9480993358391867,0.9481003198159539,9.839767671770971e-07,0.14756620999453773,0.14728022629947135,-0.000285983695066383,1.0,1.0,0.0,0.9850889904265604,0.9850854332194754,-3.557207085003178e-06,1.0,1.0,0.0,0.8524337900054623,0.8527197737005286,0.000285983695066383,0.0,0.0,0.0,0.0,0.0,0.0,0.0,0.0,0.0,291.6972477898878,291.7752387898878,0.07799099999999726,1.5190863390424267,1.5192362810932436,0.00014994205081686474,6.0068387628673365,5.998433865715243,-0.008404897152093582,1.0,1.0,0.0,0.98895748916516,0.9876645774051451,-0.001292911760014892,7.525925101909763,7.517670146808486,-0.008254955101277162,6832.918363600097,6836.633375090924,3.715011490827237,52.813340776609955,53.266926250569774,0.4535854739598193
b-main,main_00003_weighted_maximin_time_avg_cri_l050_7f627b6fd50b,weighted_maximin_time_avg_cri_l050,main_00003,20260327,True,True,0,0,True,800.0997417951002,800.3030847951003,0,0,0,0,0,0,800.0997417951002,800.3030847951003,0.20334300000013172,0.9544056338187914,0.954406055253598,4.214348066078344e-07,0.0,0.0,0.0,0.9480993358391867,0.9481003198159539,9.839767671770971e-07,0.14756620999453773,0.14728022629947135,-0.000285983695066383,1.0,1.0,0.0,0.9850889904265604,0.9850854332194754,-3.557207085003178e-06,1.0,1.0,0.0,0.8524337900054623,0.8527197737005286,0.000285983695066383,0.0,0.0,0.0,0.0,0.0,0.0,0.0,0.0,0.0,291.6972477898878,291.7752387898878,0.07799099999999726,1.5190863390424267,1.5192362810932436,0.00014994205081686474,6.0068387628673365,5.998433865715243,-0.008404897152093582,1.0,1.0,0.0,0.98895748916516,0.9876645774051451,-0.001292911760014892,7.525925101909763,7.517670146808486,-0.008254955101277162,6832.918363600097,6836.633375090924,3.715011490827237,52.813340776609955,53.266926250569774,0.4535854739598193
b-main,main_00004_baseline_reference_af5934edd50f,baseline_reference,main_00004,20260328,True,True,0,0,True,515.7126060502433,515.7069310502432,0,0,0,0,0,0,515.7126060502433,515.7069310502432,-0.005675000000110231,0.985412688333039,0.9854121920869912,-4.962460478097341e-07,0.0,0.0,0.0,0.9579567284978505,0.9571124033625742,-0.0008443251352763248,0.4174811930468224,0.4174578738631871,-2.3319183635295282e-05,1.0,1.0,0.0,0.9911396012703457,0.9910846255740572,-5.497569628853949e-05,1.0,1.0,0.0,0.5825188069531776,0.5825421261368129,2.3319183635295282e-05,0.0,0.0,0.0,0.0,0.0,0.0,0.0,0.0,0.0,98.16482564295892,98.16421064295893,-0.0006149999999820466,13.81377486821982,13.813016683493927,-0.0007581847258926189,6.3237532793790745,6.3208022865108235,-0.0029509928682509567,1.0,1.0,0.0,0.9990563926627132,0.9981111784717557,-0.0009452141909574996,20.137528147598893,20.133818970004757,-0.003709177594135582,6280.268141396312,6341.320352369584,61.05221097327194,21.44225785195493,21.752792699808705,0.3105348478537735
b-main,main_00004_guardrail_gini_restore_af883e419b48,guardrail_gini_restore,main_00004,20260328,True,True,0,0,False,532.3942800502433,480.6308340502433,0,0,0,0,0,0,532.3942800502433,480.6308340502433,-51.76344599999999,0.984336852034305,0.9820451838327755,-0.0022916682015294843,0.0,0.0,0.0,0.9530953552670083,0.9456286424325022,-0.007466712834506062,0.2832031359765873,0.22117370250182233,-0.06202943347476497,1.0,1.0,0.0,0.9895415691209127,0.986550737378522,-0.002990831742390787,1.0,1.0,0.0,0.7167968640234127,0.7788262974981777,0.06202943347476497,0.0,0.0,0.0,0.0,0.0,0.0,0.0,0.0,0.0,194.2069256404901,267.45577917005437,73.24885352956426,13.674974939439547,19.5293500665901,5.854375127150554,5.833184588435063,4.246238353522884,-1.5869462349121788,1.0,1.0,0.0,0.9990563926627132,0.9981111784717557,-0.0009452141909574996,19.508159527874614,23.775588420112996,4.267428892238382,6788.044956685461,8606.13251096485,1818.0875542793883,22.250343345379825,24.56152891642985,2.311185571050025
b-main,main_00004_single_gini_restore_b2414afa598d,single_gini_restore,main_00004,20260328,True,True,0,0,False,493.99388605024325,464.0299710502433,0,0,0,0,0,0,493.99388605024325,464.0299710502433,-29.96391499999993,0.9819958837517266,0.9812138146599263,-0.0007820690918003415,0.0,0.0,0.0,0.9462495538385203,0.9418304287024091,-0.004419125136111202,0.2408910581394843,0.26128522930508724,0.020394171165602937,1.0,1.0,0.0,0.9874672849336598,0.9857857549670233,-0.001681529966636508,1.0,1.0,0.0,0.7591089418605157,0.7387147706949128,-0.020394171165602937,0.0,0.0,0.0,0.0,0.0,0.0,0.0,0.0,0.0,302.9849262378562,329.8196282615303,26.834702023674083,16.057518251486385,18.235815405227484,2.1782971537410987,3.8482992971462986,4.498804691233049,0.6505053940867507,1.0,1.0,0.0,0.9990563926627132,0.9981111784717557,-0.0009452141909574996,19.905817548632683,22.734620096460535,2.828802547827852,9566.660311949267,9195.059534460712,-371.60077748855474,19.99009794925987,22.949853516827066,2.9597555675671963
b-main,main_00004_single_maximin_time_avg_cri_f39b1586a340,single_maximin_time_avg_cri,main_00004,20260328,True,True,0,0,True,486.7562760502433,486.65772605024335,0,0,0,0,0,0,486.7562760502433,486.65772605024335,-0.09854999999993197,0.9865060183170311,0.9865050034841203,-1.014832910817276e-06,0.0,0.0,0.0,0.9550336156065475,0.9539232313726385,-0.0011103842339090786,0.20943909231777713,0.2089983410326237,-0.0004407512851534179,1.0,1.0,0.0,0.9894417071272535,0.9893466343673346,-9.507275991893493e-05,1.0,1.0,0.0,0.7905609076822229,0.7910016589673763,0.0004407512851534179,0.0,0.0,0.0,0.0,0.0,0.0,0.0,0.0,0.0,98.16482564295892,98.16421064295893,-0.0006149999999820466,14.450444339100109,14.447778778182128,-0.0026655609179808692,4.189519345193913,4.186343366356192,-0.0031759788377208054,1.0,1.0,0.0,0.9990563926627132,0.9981111784717557,-0.0009452141909574996,18.63996368429402,18.634122144538317,-0.005841539755703451,7144.081197110107,7311.514689543808,167.43349243370176,21.184379923784356,21.419328558882444,0.23494863509808894
b-main,main_00004_single_p90_access_restore_510349ec335f,single_p90_access_restore,main_00004,20260328,True,True,0,0,True,515.7126060502433,515.7069310502432,0,0,0,0,0,0,515.7126060502433,515.7069310502432,-0.005675000000110231,0.985412688333039,0.9854121920869912,-4.962460478097341e-07,0.0,0.0,0.0,0.9579567284978505,0.9571124033625742,-0.0008443251352763248,0.4174811930468224,0.4174578738631871,-2.3319183635295282e-05,1.0,1.0,0.0,0.9911396012703457,0.9910846255740572,-5.497569628853949e-05,1.0,1.0,0.0,0.5825188069531776,0.5825421261368129,2.3319183635295282e-05,0.0,0.0,0.0,0.0,0.0,0.0,0.0,0.0,0.0,98.16482564295892,98.16421064295893,-0.0006149999999820466,13.81377486821982,13.813016683493927,-0.0007581847258926189,6.3237532793790745,6.3208022865108235,-0.0029509928682509567,1.0,1.0,0.0,0.9990563926627132,0.9981111784717557,-0.0009452141909574996,20.137528147598893,20.133818970004757,-0.003709177594135582,6280.268141396312,6341.320352369584,61.05221097327194,21.44225785195493,21.752792699808705,0.3105348478537735
b-main,main_00004_single_triangle_3c42485aec02,single_triangle,main_00004,20260328,True,True,0,0,True,486.7562760502433,486.65772605024335,0,0,0,0,0,0,486.7562760502433,486.65772605024335,-0.09854999999993197,0.9865060183170311,0.9865050034841203,-1.014832910817276e-06,0.0,0.0,0.0,0.9550336156065475,0.9539232313726385,-0.0011103842339090786,0.20943909231777713,0.2089983410326237,-0.0004407512851534179,1.0,1.0,0.0,0.9894417071272535,0.9893466343673346,-9.507275991893493e-05,1.0,1.0,0.0,0.7905609076822229,0.7910016589673763,0.0004407512851534179,0.0,0.0,0.0,0.0,0.0,0.0,0.0,0.0,0.0,98.16482564295892,98.16421064295893,-0.0006149999999820466,14.450444339100109,14.447778778182128,-0.0026655609179808692,4.189519345193913,4.186343366356192,-0.0031759788377208054,1.0,1.0,0.0,0.9990563926627132,0.9981111784717557,-0.0009452141909574996,18.63996368429402,18.634122144538317,-0.005841539755703451,7144.081197110107,7311.514689543808,167.43349243370176,21.184379923784356,21.419328558882444,0.23494863509808894
b-main,main_00004_weighted_gini_restore_l050_8eac6275a26c,weighted_gini_restore_l050,main_00004,20260328,True,True,0,0,True,486.7562760502433,486.65772605024335,0,0,0,0,0,0,486.7562760502433,486.65772605024335,-0.09854999999993197,0.9865060183170311,0.9865050034841203,-1.014832910817276e-06,0.0,0.0,0.0,0.9550336156065475,0.9539232313726385,-0.0011103842339090786,0.20943909231777713,0.2089983410326237,-0.0004407512851534179,1.0,1.0,0.0,0.9894417071272535,0.9893466343673346,-9.507275991893493e-05,1.0,1.0,0.0,0.7905609076822229,0.7910016589673763,0.0004407512851534179,0.0,0.0,0.0,0.0,0.0,0.0,0.0,0.0,0.0,98.16482564295892,98.16421064295893,-0.0006149999999820466,14.450444339100109,14.447778778182128,-0.0026655609179808692,4.189519345193913,4.186343366356192,-0.0031759788377208054,1.0,1.0,0.0,0.9990563926627132,0.9981111784717557,-0.0009452141909574996,18.63996368429402,18.634122144538317,-0.005841539755703451,7144.081197110107,7311.514689543808,167.43349243370176,21.184379923784356,21.419328558882444,0.23494863509808894
b-main,main_00004_weighted_maximin_time_avg_cri_l050_53f6681af471,weighted_maximin_time_avg_cri_l050,main_00004,20260328,True,True,0,0,True,486.7562760502433,486.65772605024335,0,0,0,0,0,0,486.7562760502433,486.65772605024335,-0.09854999999993197,0.9865060183170311,0.9865050034841203,-1.014832910817276e-06,0.0,0.0,0.0,0.9550336156065475,0.9539232313726385,-0.0011103842339090786,0.20943909231777713,0.2089983410326237,-0.0004407512851534179,1.0,1.0,0.0,0.9894417071272535,0.9893466343673346,-9.507275991893493e-05,1.0,1.0,0.0,0.7905609076822229,0.7910016589673763,0.0004407512851534179,0.0,0.0,0.0,0.0,0.0,0.0,0.0,0.0,0.0,98.16482564295892,98.16421064295893,-0.0006149999999820466,14.450444339100109,14.447778778182128,-0.0026655609179808692,4.189519345193913,4.186343366356192,-0.0031759788377208054,1.0,1.0,0.0,0.9990563926627132,0.9981111784717557,-0.0009452141909574996,18.63996368429402,18.634122144538317,-0.005841539755703451,7144.081197110107,7311.514689543808,167.43349243370176,21.184379923784356,21.419328558882444,0.23494863509808894
b-main,main_00005_baseline_reference_7c10b871d053,baseline_reference,main_00005,20260329,True,True,0,0,True,1057.3804678326214,1057.1993928326215,0,0,0,0,0,0,1057.3804678326214,1057.1993928326215,-0.18107499999996435,0.4830313703715359,0.4813541923206879,-0.0016771780508479939,0.0,0.0,0.0,0.5116904818247663,0.5107165076448039,-0.0009739741799623669,0.285442259965769,0.2860654694216651,0.0006232094558961121,1.0,1.0,0.0,0.9520137171275019,0.9519350510117616,-7.866611574036675e-05,1.0,1.0,0.0,0.714557740034231,0.7139345305783349,-0.0006232094558961121,146.99405967387412,146.97464967387413,-0.019409999999993488,146.99405967387412,146.97464967387413,-0.019409999999993488,146.99405967387412,146.97464967387413,-0.019409999999993488,466.35729027101956,466.29749127101957,-0.05979899999999816,134.70573596603992,134.68877934737938,-0.016956618660543654,20.309693805553447,20.29649801113067,-0.013195794422777851,1.0,1.0,0.0,0.7979501822355223,0.7972576928699548,-0.000692489365567428,155.0154297715934,154.98527735851002,-0.030152413083385454,31846.164201272582,31850.454307443066,4.290106170483341,248.0649411217318,248.92925452218185,0.8643134004500439
b-main,main_00005_guardrail_gini_restore_9642113a9643,guardrail_gini_restore,main_00005,20260329,True,True,0,0,True,1046.8316558326214,1046.7710588326213,0,0,0,0,0,0,1046.8316558326214,1046.7710588326213,-0.06059700000014345,0.47521286639706095,0.47457132543886527,-0.0006415409581956855,0.0,0.0,0.0,0.4707731456667561,0.4692803237857941,-0.001492821880962003,0.14821540391444987,0.14802565369611298,-0.00018975021833689265,1.0,1.0,0.0,0.9531454257163591,0.9530735174423213,-7.190827403780187e-05,1.0,1.0,0.0,0.8517845960855501,0.851974346303887,0.00018975021833689265,146.84331067387413,146.8350026738741,-0.00830800000002796,146.84331067387413,146.8350026738741,-0.00830800000002796,146.84331067387413,146.8350026738741,-0.00830800000002796,436.83494903920104,436.797582039201,-0.03736700000001747,168.8111652295339,168.80113533468295,-0.010029894850958954,16.777105784938673,16.758199354357846,-0.018906430580827305,1.0,1.0,0.0,0.7979501822355223,0.7972576928699548,-0.000692489365567428,185.58827101447255,185.5593346890408,-0.028936325431743626,17311.445007925046,17330.83025193143,19.38524400638562,237.93389475347735,238.21620628724278,0.28231153376543716
b-main,main_00005_single_gini_restore_11ecd3cc0617,single_gini_restore,main_00005,20260329,True,True,0,0,True,1043.8910528326212,1043.7874518326212,0,0,0,0,0,0,1043.8910528326212,1043.7874518326212,-0.10360100000002603,0.47963403700784046,0.47795960919980107,-0.0016744278080393915,0.0,0.0,0.0,0.4778789750727943,0.47668439417533226,-0.0011945808974620498,0.15929353763924703,0.15941461707272775,0.0001210794334807197,1.0,1.0,0.0,0.9523779186723974,0.9522459710235569,-0.00013194764884050247,1.0,1.0,0.0,0.840706462360753,0.8405853829272723,-0.0001210794334807197,146.99405967387412,146.97464967387413,-0.019409999999993488,146.99405967387412,146.97464967387413,-0.019409999999993488,146.99405967387412,146.97464967387413,-0.019409999999993488,552.5024603468211,552.4775743468211,-0.024885999999924024,163.43042287541496,163.4143032580394,-0.016119617375551343,17.24592241851983,17.231822934655536,-0.014099483864292495,1.0,1.0,0.0,0.7979501822355223,0.7972576928699548,-0.000692489365567428,180.6763452939348,180.6461261926949,-0.030219101239879365,19477.462344303713,19461.904006943867,-15.55833735984561,240.68786359450124,241.4490433770712,0.7611797825699682
b-main,main_00005_single_maximin_time_avg_cri_8aa3d4939831,single_maximin_time_avg_cri,main_00005,20260329,True,True,0,0,False,1059.6205348326214,1043.7874518326212,0,0,0,0,0,0,1059.6205348326214,1043.7874518326212,-15.833083000000215,0.523308740559467,0.47795960919980107,-0.045349131359665895,0.0,0.0,0.0,0.5672483595066724,0.47668439417533226,-0.09056396533134015,0.15629353471870078,0.15941461707272775,0.0031210823540269717,1.0,1.0,0.0,0.9560621267950156,0.9522459710235569,-0.0038161557714586625,1.0,1.0,0.0,0.8437064652812992,0.8405853829272723,-0.0031210823540269717,101.06258467486619,146.97464967387413,45.91206499900794,134.00905560294999,146.97464967387413,12.96559407092414,101.06258467486619,146.97464967387413,45.91206499900794,568.1519583468212,552.4775743468211,-15.674384000000032,160.365214311176,163.4143032580394,3.0490889468634066,15.466412095594723,17.231822934655536,1.765410839060813,1.0,1.0,0.0,0.7979501822355223,0.7972576928699548,-0.000692489365567428,175.8316264067708,180.6461261926949,4.814499785924113,24241.836568408165,19461.904006943867,-4779.9325614642985,231.01866909508885,241.4490433770712,10.430374281982353
b-main,main_00005_single_p90_access_restore_6a256f0c13c4,single_p90_access_restore,main_00005,20260329,True,True,0,0,True,1118.2229188326214,1118.0012168326214,0,0,0,0,0,0,1118.2229188326214,1118.0012168326214,-0.22170200000005025,0.5188710417179263,0.519705201435616,0.000834159717689742,0.0,0.0,0.0,0.6031546601841136,0.6037324103769381,0.0005777501928245776,0.273444679179759,0.27403493556741987,0.0005902563876608591,1.0,1.0,0.0,0.9508537739069785,0.950674838949369,-0.00017893495760945566,1.0,1.0,0.0,0.726555320820241,0.7259650644325801,-0.0005902563876608591,101.06258467486619,101.07425467486618,0.011669999999995184,191.4638908907848,191.45888389078476,-0.005007000000034623,101.06258467486619,101.07425467486618,0.011669999999995184,492.8637692710196,492.9421202710195,0.078350999999941,191.56577049744516,191.54425829707327,-0.021512200371887502,19.7026107304437,19.68054508590069,-0.022065644543008744,1.0,1.0,0.0,0.7979501822355223,0.7972576928699548,-0.000692489365567428,211.2683812278889,211.22480338297396,-0.04357784491494954,40852.21266789617,40905.799199484085,53.58653158791276,301.5877827785351,302.3924424640336,0.8046596854985069
b-main,main_00005_single_triangle_3586a1224e99,single_triangle,main_00005,20260329,True,True,0,0,True,1087.7095188326214,1087.5989368326211,0,0,0,0,0,0,1087.7095188326214,1087.5989368326211,-0.11058200000024954,0.48764901667670046,0.48700973120567026,-0.0006392854710302043,0.0,0.0,0.0,0.5242439391441582,0.5226953793725237,-0.0015485597716344834,0.2854604856697349,0.2858577835498314,0.00039729788009645883,1.0,1.0,0.0,0.9535085110572806,0.953423674637933,-8.483641934764474e-05,1.0,1.0,0.0,0.7145395143302651,0.7141422164501686,-0.00039729788009645883,146.84331067387413,146.8350026738741,-0.00830800000002796,146.84331067387413,146.8350026738741,-0.00830800000002796,146.84331067387413,146.8350026738741,-0.00830800000002796,506.70787077712527,506.67286377712514,-0.035007000000121025,129.491506024987,129.4799414384117,-0.011564586575303792,20.568510328366465,20.549565822682187,-0.018944505684277857,1.0,1.0,0.0,0.7979501822355223,0.7972576928699548,-0.000692489365567428,150.06001635335343,150.02950726109387,-0.030509092259563886,35750.965588972824,35748.98858194714,-1.9770070256854524,246.6070010207469,247.128314818951,0.5213137982040905
b-main,main_00005_weighted_gini_restore_l050_cfb10c83c35f,weighted_gini_restore_l050,main_00005,20260329,True,True,0,0,True,1057.3804678326214,1057.1993928326215,0,0,0,0,0,0,1057.3804678326214,1057.1993928326215,-0.18107499999996435,0.4830313703715359,0.4813541923206879,-0.0016771780508479939,0.0,0.0,0.0,0.5116904818247663,0.5107165076448039,-0.0009739741799623669,0.285442259965769,0.2860654694216651,0.0006232094558961121,1.0,1.0,0.0,0.9520137171275019,0.9519350510117616,-7.866611574036675e-05,1.0,1.0,0.0,0.714557740034231,0.7139345305783349,-0.0006232094558961121,146.99405967387412,146.97464967387413,-0.019409999999993488,146.99405967387412,146.97464967387413,-0.019409999999993488,146.99405967387412,146.97464967387413,-0.019409999999993488,466.35729027101956,466.29749127101957,-0.05979899999999816,134.70573596603992,134.68877934737938,-0.016956618660543654,20.309693805553447,20.29649801113067,-0.013195794422777851,1.0,1.0,0.0,0.7979501822355223,0.7972576928699548,-0.000692489365567428,155.0154297715934,154.98527735851002,-0.030152413083385454,31846.164201272582,31850.454307443066,4.290106170483341,248.0649411217318,248.92925452218185,0.8643134004500439
b-main,main_00005_weighted_maximin_time_avg_cri_l050_841e1c0c8996,weighted_maximin_time_avg_cri_l050,main_00005,20260329,True,True,0,0,True,1057.3804678326214,1057.1993928326215,0,0,0,0,0,0,1057.3804678326214,1057.1993928326215,-0.18107499999996435,0.4830313703715359,0.4813541923206879,-0.0016771780508479939,0.0,0.0,0.0,0.5116904818247663,0.5107165076448039,-0.0009739741799623669,0.285442259965769,0.2860654694216651,0.0006232094558961121,1.0,1.0,0.0,0.9520137171275019,0.9519350510117616,-7.866611574036675e-05,1.0,1.0,0.0,0.714557740034231,0.7139345305783349,-0.0006232094558961121,146.99405967387412,146.97464967387413,-0.019409999999993488,146.99405967387412,146.97464967387413,-0.019409999999993488,146.99405967387412,146.97464967387413,-0.019409999999993488,466.35729027101956,466.29749127101957,-0.05979899999999816,134.70573596603992,134.68877934737938,-0.016956618660543654,20.309693805553447,20.29649801113067,-0.013195794422777851,1.0,1.0,0.0,0.7979501822355223,0.7972576928699548,-0.000692489365567428,155.0154297715934,154.98527735851002,-0.030152413083385454,31846.164201272582,31850.454307443066,4.290106170483341,248.0649411217318,248.92925452218185,0.8643134004500439
b-main,main_00006_baseline_reference_e073164da491,baseline_reference,main_00006,20260330,True,True,0,0,True,722.4153966415332,722.4005036415331,0,0,0,0,0,0,722.4153966415332,722.4005036415331,-0.01489300000014282,0.9825672142714958,0.9820823415208157,-0.0004848727506800987,0.0,0.0,0.0,0.897735512947182,0.8980387783477495,0.0003032654005674651,0.14445666220432585,0.14470770499906238,0.00025104279473653346,1.0,1.0,0.0,0.9837643615923172,0.9836881923864513,-7.61692058658392e-05,1.0,1.0,0.0,0.8555433377956742,0.8552922950009376,-0.00025104279473653346,0.0,0.0,0.0,77.271503,77.29333700000001,0.021834000000012566,0.0,0.0,0.0,224.52537792505746,224.5717779250574,0.046399999999948704,32.0763751624174,32.08251781632089,0.006142653903488338,13.421098820157825,13.428491294009783,0.007392473851957959,1.0,1.0,0.0,0.9959573382025385,0.9951616503357807,-0.000795687866757766,45.49747398257523,45.51100911033066,0.013535127755432086,5092.010207785129,5055.480853643212,-36.52935414191688,48.17775658367836,48.38614199997035,0.20838541629198915
b-main,main_00006_guardrail_gini_restore_ca61a636e385,guardrail_gini_restore,main_00006,20260330,True,True,0,0,True,697.3871756415332,697.4014126415332,0,0,0,0,0,0,697.3871756415332,697.4014126415332,0.014236999999980071,0.9815148027940812,0.9816959036643262,0.0001811008702450323,0.0,0.0,0.0,0.8739651750029067,0.8735177317431253,-0.0004474432597814104,0.1541180842368962,0.1543639495667516,0.000245865329855377,1.0,1.0,0.0,0.9781875585952096,0.9781588770478765,-2.8681547333042623e-05,1.0,1.0,0.0,0.8458819157631038,0.8456360504332484,-0.000245865329855377,0.0,0.0,0.0,324.45345406293114,324.4970860629311,0.04363199999994549,0.0,0.0,0.0,324.45345406293114,324.4970860629311,0.04363199999994549,43.30795984185094,43.31367876356163,0.005718921710695213,15.67631481311943,15.674162218625337,-0.002152594494091886,1.0,1.0,0.0,0.9959573382025385,0.9951616503357807,-0.000795687866757766,58.98427465497036,58.987840982186974,0.003566327216610432,11349.427090978119,11429.673468987445,80.24637800932578,61.86463180553626,62.0104293503706,0.1457975448343376
b-main,main_00006_single_gini_restore_722de754c44f,single_gini_restore,main_00006,20260330,True,True,0,0,True,709.9068246415331,709.9213406415332,0,0,0,0,0,0,709.9068246415331,709.9213406415332,0.014516000000071472,0.9819818351796459,0.9815916798585571,-0.0003901553210887698,0.0,0.0,0.0,0.8768086183295813,0.8767795425370584,-2.9075792522981203e-05,0.14702676759542532,0.14741190176766938,0.00038513417224406155,1.0,1.0,0.0,0.9822148261511001,0.9821601468872219,-5.46792638782545e-05,1.0,1.0,0.0,0.8529732324045747,0.8525880982323306,-0.00038513417224406155,0.0,0.0,0.0,224.60967792505744,224.6312609250574,0.02158299999996416,0.0,0.0,0.0,224.60967792505744,224.6312609250574,0.02158299999996416,32.09170497480524,32.095053573255896,0.0033485984506569366,14.139580920730658,14.14299211885859,0.0034111981279316694,1.0,1.0,0.0,0.9959573382025385,0.9951616503357807,-0.000795687866757766,46.23128589553589,46.23804569211448,0.006759796578592159,6872.760620787596,6879.607363464348,6.846742676752001,48.85542366363786,48.98931646603482,0.13389280239696433
b-main,main_00006_single_maximin_time_avg_cri_4e62d6b8a513,single_maximin_time_avg_cri,main_00006,20260330,True,True,0,0,True,722.4153966415332,722.4005036415331,0,0,0,0,0,0,722.4153966415332,722.4005036415331,-0.01489300000014282,0.9825672142714958,0.9820823415208157,-0.0004848727506800987,0.0,0.0,0.0,0.897735512947182,0.8980387783477495,0.0003032654005674651,0.14445666220432585,0.14470770499906238,0.00025104279473653346,1.0,1.0,0.0,0.9837643615923172,0.9836881923864513,-7.61692058658392e-05,1.0,1.0,0.0,0.8555433377956742,0.8552922950009376,-0.00025104279473653346,0.0,0.0,0.0,77.271503,77.29333700000001,0.021834000000012566,0.0,0.0,0.0,224.52537792505746,224.5717779250574,0.046399999999948704,32.0763751624174,32.08251781632089,0.006142653903488338,13.421098820157825,13.428491294009783,0.007392473851957959,1.0,1.0,0.0,0.9959573382025385,0.9951616503357807,-0.000795687866757766,45.49747398257523,45.51100911033066,0.013535127755432086,5092.010207785129,5055.480853643212,-36.52935414191688,48.17775658367836,48.38614199997035,0.20838541629198915
b-main,main_00006_single_p90_access_restore_c461650c7c37,single_p90_access_restore,main_00006,20260330,True,True,0,0,True,722.4153966415332,722.4005036415331,0,0,0,0,0,0,722.4153966415332,722.4005036415331,-0.01489300000014282,0.9825672142714958,0.9820823415208157,-0.0004848727506800987,0.0,0.0,0.0,0.897735512947182,0.8980387783477495,0.0003032654005674651,0.14445666220432585,0.14470770499906238,0.00025104279473653346,1.0,1.0,0.0,0.9837643615923172,0.9836881923864513,-7.61692058658392e-05,1.0,1.0,0.0,0.8555433377956742,0.8552922950009376,-0.00025104279473653346,0.0,0.0,0.0,77.271503,77.29333700000001,0.021834000000012566,0.0,0.0,0.0,224.52537792505746,224.5717779250574,0.046399999999948704,32.0763751624174,32.08251781632089,0.006142653903488338,13.421098820157825,13.428491294009783,0.007392473851957959,1.0,1.0,0.0,0.9959573382025385,0.9951616503357807,-0.000795687866757766,45.49747398257523,45.51100911033066,0.013535127755432086,5092.010207785129,5055.480853643212,-36.52935414191688,48.17775658367836,48.38614199997035,0.20838541629198915
b-main,main_00006_single_triangle_26370360fb98,single_triangle,main_00006,20260330,True,True,0,0,False,664.7421886415333,664.6739236415331,0,0,0,0,0,0,664.7421886415333,664.6739236415331,-0.06826500000022406,0.9850789507365123,0.9845445817833995,-0.0005343689531127627,0.0,0.0,0.0,0.9139497039142088,0.9150023683041915,0.0010526643899826382,0.16466910243187594,0.16422706246732655,-0.00044203996454939,1.0,1.0,0.0,0.9943704451785446,0.994335803532736,-3.4641645808575205e-05,1.0,1.0,0.0,0.8353308975681241,0.8357729375326735,0.00044203996454939,0.0,0.0,0.0,23.40887331226466,23.41018631226466,0.0013129999999996755,0.0,0.0,0.0,55.310455659154115,55.315671659154106,0.005215999999990117,8.217828240067927,8.218492366561716,0.0006641264937883307,14.43920382520415,14.441702168412991,0.002498343208841902,1.0,1.0,0.0,0.9959573382025385,0.9951616503357807,-0.000795687866757766,22.657032065272077,22.660194534974707,0.003162469702630233,590.2551278315954,589.8972890297241,-0.35783880187125305,23.01471620134156,23.235251103462808,0.2205349021212477
b-main,main_00006_weighted_gini_restore_l050_80c35a35b792,weighted_gini_restore_l050,main_00006,20260330,True,True,0,0,True,694.7272106415331,694.6491896415331,0,0,0,0,0,0,694.7272106415331,694.6491896415331,-0.0780210000000352,0.981608420940749,0.9813881830917885,-0.00022023784896041398,0.0,0.0,0.0,0.8909267736330648,0.8908688294013201,-5.7944231744766483e-05,0.15512493928678184,0.15469824482331407,-0.0004266944634677694,1.0,1.0,0.0,0.986222942047236,0.9861898395484918,-3.3102498744219666e-05,1.0,1.0,0.0,0.8448750607132182,0.8453017551766859,0.0004266944634677694,0.0,0.0,0.0,107.210215,107.222078,0.011862999999991075,0.0,0.0,0.0,129.86045241604882,129.85072341604882,-0.009728999999992993,20.28788744305624,20.286586996880057,-0.0013004461761809694,15.737736692960334,15.741983596542388,0.004246903582053818,1.0,1.0,0.0,0.9959573382025385,0.9951616503357807,-0.000795687866757766,36.025624136016575,36.028570593422444,0.002946457405869296,3254.751142768162,3260.208092149884,5.456949381722097,38.41177543600091,38.5993093616252,0.18753392562429383
b-main,main_00006_weighted_maximin_time_avg_cri_l050_e51bc0d74b68,weighted_maximin_time_avg_cri_l050,main_00006,20260330,True,True,0,0,True,722.4153966415332,722.4005036415331,0,0,0,0,0,0,722.4153966415332,722.4005036415331,-0.01489300000014282,0.9825672142714958,0.9820823415208157,-0.0004848727506800987,0.0,0.0,0.0,0.897735512947182,0.8980387783477495,0.0003032654005674651,0.14445666220432585,0.14470770499906238,0.00025104279473653346,1.0,1.0,0.0,0.9837643615923172,0.9836881923864513,-7.61692058658392e-05,1.0,1.0,0.0,0.8555433377956742,0.8552922950009376,-0.00025104279473653346,0.0,0.0,0.0,77.271503,77.29333700000001,0.021834000000012566,0.0,0.0,0.0,224.52537792505746,224.5717779250574,0.046399999999948704,32.0763751624174,32.08251781632089,0.006142653903488338,13.421098820157825,13.428491294009783,0.007392473851957959,1.0,1.0,0.0,0.9959573382025385,0.9951616503357807,-0.000795687866757766,45.49747398257523,45.51100911033066,0.013535127755432086,5092.010207785129,5055.480853643212,-36.52935414191688,48.17775658367836,48.38614199997035,0.20838541629198915
c-main,main_00001_CEN_e6d0f4fbfa28,CEN,main_00001,20264001,True,True,0,0,True,710.4917162631266,710.5364042631265,0,0,0,0,0,0,710.4917162631266,710.5364042631265,0.04468799999995099,0.9429916445141608,0.9448227744333935,0.0018311299192326214,0.0,0.0,0.0,0.9402308013850933,0.9402295738311606,-1.2275539327255558e-06,0.13370679047745493,0.13376498033181738,5.818985436245594e-05,1.0,1.0,0.0,0.9933969804046736,0.9933405825791505,-5.639782552313566e-05,1.0,1.0,0.0,0.8662932095225451,0.8662350196681826,-5.818985436245594e-05,0.0,0.0,0.0,0.0,0.0,0.0,51.45552300316942,51.47451900316942,0.018996000000001345,51.45552300316942,51.47451900316942,0.018996000000001345,30.7151344136586,30.717505813602845,0.0023713999442449563,0.7508813072202213,0.7463311261081285,-0.0045501811120928215,1.0,1.0,0.0,0.9580329250864149,0.9565694476611809,-0.0014634774252340055,31.466015720878826,31.463836939710973,-0.0021787811678528612,1039.0900609880039,1039.328203615063,0.23814262705923284,40.835328749759285,41.0605329969632,0.2252042472039122
c-main,main_00001_IJSH_457df003f02b,IJSH,main_00001,20264001,True,True,0,0,True,859.3443602631264,859.4204572631264,0,0,0,0,0,0,859.3443602631264,859.4204572631264,0.0760970000000043,0.9334953026270318,0.935400013643428,0.00190471101639611,0.0,0.0,0.0,0.9228209085391637,0.9228224500148412,1.5414756775466998e-06,0.11238648937039442,0.11245079076213116,6.430139173674299e-05,1.0,1.0,0.0,0.9924228153317752,0.9923790242779115,-4.379105386376203e-05,1.0,1.0,0.0,0.8876135106296056,0.8875492092378688,-6.430139173674299e-05,0.0,0.0,0.0,0.0,0.0,0.0,157.90393245756616,157.90135845756618,-0.0025739999999814245,167.42421969938343,167.42349999938347,-0.0007196999999621312,14.324969008514907,14.32697070170184,0.002001693186933551,2.124178938850474,2.118916674745068,-0.005262264105406089,1.0,1.0,0.0,0.9580329250864149,0.9565694476611809,-0.0014634774252340055,16.44914794736538,16.445887376446912,-0.0032605709184672094,3056.1171458391827,3056.440548649744,0.32340281056121967,28.936152867616702,29.18324439056141,0.24709152294470726
c-main,main_00001_JSH_6d8bb11dfe2a,JSH,main_00001,20264001,True,True,0,0,True,859.3443602631264,859.4204572631264,0,0,0,0,0,0,859.3443602631264,859.4204572631264,0.0760970000000043,0.9334953026270318,0.935400013643428,0.00190471101639611,0.0,0.0,0.0,0.9228209085391637,0.9228224500148412,1.5414756775466998e-06,0.11238648937039442,0.11245079076213116,6.430139173674299e-05,1.0,1.0,0.0,0.9924228153317752,0.9923790242779115,-4.379105386376203e-05,1.0,1.0,0.0,0.8876135106296056,0.8875492092378688,-6.430139173674299e-05,0.0,0.0,0.0,0.0,0.0,0.0,157.90393245756616,157.90135845756618,-0.0025739999999814245,167.42421969938343,167.42349999938347,-0.0007196999999621312,14.324969008514907,14.32697070170184,0.002001693186933551,2.124178938850474,2.118916674745068,-0.005262264105406089,1.0,1.0,0.0,0.9580329250864149,0.9565694476611809,-0.0014634774252340055,16.44914794736538,16.445887376446912,-0.0032605709184672094,3056.1171458391827,3056.440548649744,0.32340281056121967,28.936152867616702,29.18324439056141,0.24709152294470726
c-main,main_00001_OD_CEN_b2563d6b3fcf,OD_CEN,main_00001,20264001,True,True,0,0,True,710.6790442631266,710.7201242631266,0,0,0,0,0,0,710.6790442631266,710.7201242631266,0.04108000000007905,0.9400812098037918,0.9419891909184372,0.0019079811146454073,0.0,0.0,0.0,0.9405958772130187,0.9405960801229094,2.0290989066751308e-07,0.13369352587371364,0.13375229951383827,5.877364012463193e-05,1.0,1.0,0.0,0.9936812304343386,0.9936472767954707,-3.395363886793401e-05,1.0,1.0,0.0,0.8663064741262864,0.8662477004861617,-5.877364012463193e-05,0.0,0.0,0.0,0.0,0.0,0.0,51.48470600316942,51.48976100316942,0.005054999999998699,51.48470600316942,51.48976100316942,0.005054999999998699,30.71081243440877,30.711529712319344,0.0007172779105744098,0.878925753185444,0.8688947948387783,-0.010030958346665675,1.0,1.0,0.0,0.9580329250864149,0.9565694476611809,-0.0014634774252340055,31.589738187594214,31.580424507158117,-0.009313680436097371,1039.2871284519695,1039.422895780521,0.1357673285515375,31.918558839032713,32.05434470980168,0.13578587076897009
c-main,main_00001_OD_IJSH_db95be8886f3,OD_IJSH,main_00001,20264001,True,True,0,0,True,859.3372462631264,859.3314842631265,0,0,0,0,0,0,859.3372462631264,859.3314842631265,-0.005761999999890577,0.933735477917615,0.9366856990034396,0.002950221085824545,0.0,0.0,0.0,0.9242313493690886,0.9242328004700209,1.4511009323037172e-06,0.11240260488368659,0.11247570291314113,7.309802945454358e-05,1.0,1.0,0.0,0.992489972172279,0.9924357999500898,-5.4172222189174946e-05,1.0,1.0,0.0,0.8875973951163134,0.8875242970868589,-7.309802945454358e-05,0.0,0.0,0.0,0.0,0.0,0.0,157.86668045756616,157.8656664575662,-0.0010139999999694282,167.37916724938344,167.38633029938347,0.007163050000031035,14.323655850134779,14.325377083135185,0.0017212330004063858,2.248837194079848,2.24208914732993,-0.006748046749918135,1.0,1.0,0.0,0.9580329250864149,0.9565694476611809,-0.0014634774252340055,16.572493044214625,16.56746623046512,-0.005026813749505976,3020.6941777323586,3021.196204878407,0.5020271460484764,21.154725492063307,21.286072727378933,0.13134723531562642
c-main,main_00001_OD_JSH_7cab649c02ed,OD_JSH,main_00001,20264001,True,True,0,0,True,859.3372462631264,859.3314842631265,0,0,0,0,0,0,859.3372462631264,859.3314842631265,-0.005761999999890577,0.933735477917615,0.9366856990034396,0.002950221085824545,0.0,0.0,0.0,0.9242313493690886,0.9242328004700209,1.4511009323037172e-06,0.11240260488368659,0.11247570291314113,7.309802945454358e-05,1.0,1.0,0.0,0.992489972172279,0.9924357999500898,-5.4172222189174946e-05,1.0,1.0,0.0,0.8875973951163134,0.8875242970868589,-7.309802945454358e-05,0.0,0.0,0.0,0.0,0.0,0.0,157.86668045756616,157.8656664575662,-0.0010139999999694282,167.37916724938344,167.38633029938347,0.007163050000031035,14.323655850134779,14.325377083135185,0.0017212330004063858,2.248837194079848,2.24208914732993,-0.006748046749918135,1.0,1.0,0.0,0.9580329250864149,0.9565694476611809,-0.0014634774252340055,16.572493044214625,16.56746623046512,-0.005026813749505976,3020.6941777323586,3021.196204878407,0.5020271460484764,21.154725492063307,21.286072727378933,0.13134723531562642
c-main,main_00002_CEN_e5b6956280f6,CEN,main_00002,20264002,True,True,0,0,True,443.7144675497701,443.75345254977015,0,0,0,0,0,0,443.7144675497701,443.75345254977015,0.03898500000002514,0.4747474747474747,0.4747474747474749,2.220446049250313e-16,0.0,0.0,0.0,0.419021746402928,0.41956424778940216,0.000542501386474159,0.13302540149529396,0.1329940403280252,-3.1361167268761925e-05,1.0,1.0,0.0,0.9635354609308492,0.9635132384333412,-2.222249750793992e-05,1.0,1.0,0.0,0.866974598504706,0.8670059596719748,3.1361167268761925e-05,98.82670948636222,98.82628048636224,-0.0004289999999826932,98.82670948636222,98.82628048636224,-0.0004289999999826932,98.82670948636222,98.82628048636224,-0.0004289999999826932,98.82670948636222,98.82628048636224,-0.0004289999999826932,24.75706598867355,24.75689908021572,-0.00016690845782818542,7.540620328554312,7.5393818739773435,-0.001238454576968806,1.0,1.0,0.0,0.7935267874854631,0.7930077873173604,-0.0005190001681026901,32.29768631722786,32.29628095419306,-0.0014053630347987678,2401.0389942711176,2398.3056408877205,-2.733353383397116,53.489784741095754,53.56519143949887,0.07540669840311409
c-main,main_00002_IJSH_16c38152a6a5,IJSH,main_00002,20264002,True,True,0,0,True,495.4065365497702,495.4422005497702,0,0,0,0,0,0,495.4065365497702,495.4422005497702,0.03566399999999703,0.47474747474747425,0.47474747474747425,0.0,0.0,0.0,0.0,0.42072135213715534,0.4207201021597029,-1.2499774524332707e-06,0.05604766500869862,0.05597319757776087,-7.446743093775243e-05,1.0,1.0,0.0,0.9843487516737996,0.98431469783459,-3.405383920962457e-05,1.0,1.0,0.0,0.9439523349913014,0.9440268024222391,7.446743093775243e-05,46.411581375304806,46.42123637530481,0.00965500000000219,46.411581375304806,46.42123637530481,0.00965500000000219,46.411581375304806,46.42123637530481,0.00965500000000219,46.411581375304806,46.42123637530481,0.00965500000000219,12.026354478693257,12.028579761576424,0.0022252828831668126,3.6096521326800377,3.6111933645789684,0.0015412318989307394,1.0,1.0,0.0,0.7935267874854631,0.7930077873173604,-0.0005190001681026901,15.636006611373292,15.639773126155392,0.0037665147821002165,543.0892179579445,543.3024233536892,0.21320539574469421,25.570302510469535,25.640122597397642,0.06982008692810737
c-main,main_00002_JSH_cd4f8a095917,JSH,main_00002,20264002,True,True,0,0,True,503.9917065497702,504.03056254977014,0,0,0,0,0,0,503.9917065497702,504.03056254977014,0.03885599999995293,0.47474747474747425,0.47474747474747425,0.0,0.0,0.0,0.0,0.4224640889815421,0.42246295295566894,-1.1360258731496486e-06,0.06605786578964346,0.06631355958209295,0.0002556937924494962,1.0,1.0,0.0,0.9843998535437618,0.9843685882782094,-3.126526555241593e-05,1.0,1.0,0.0,0.9339421342103565,0.933686440417907,-0.0002556937924494962,46.411581375304806,46.42123637530481,0.00965500000000219,46.411581375304806,46.42123637530481,0.00965500000000219,46.411581375304806,46.42123637530481,0.00965500000000219,46.411581375304806,46.42123637530481,0.00965500000000219,12.339727288314023,12.342038279120525,0.002310990806501323,3.659225826506915,3.660993741480104,0.0017679149731888444,1.0,1.0,0.0,0.7935267874854631,0.7930077873173604,-0.0005190001681026901,15.998953114820939,16.00303202060063,0.004078905779692832,564.9644896021782,565.1826407062114,0.2181511040331543,25.919148217890175,25.994410410101814,0.07526219221163899
c-main,main_00002_OD_CEN_e954696c8862,OD_CEN,main_00002,20264002,True,True,0,0,True,443.7053525497701,443.7720165497702,0,0,0,0,0,0,443.7053525497701,443.7720165497702,0.06666400000011663,0.4747474747474747,0.4747474747474749,2.220446049250313e-16,0.0,0.0,0.0,0.41902167781697064,0.4197374699046972,0.0007157920877265411,0.1329567802265248,0.13288863056903555,-6.814965748924706e-05,1.0,1.0,0.0,0.9635712887467525,0.963556442305529,-1.4846441223514972e-05,1.0,1.0,0.0,0.8670432197734752,0.8671113694309645,6.814965748924706e-05,98.82670948636222,98.82628048636224,-0.0004289999999826932,98.82670948636222,98.82628048636224,-0.0004289999999826932,98.82670948636222,98.82628048636224,-0.0004289999999826932,98.82670948636222,98.82628048636224,-0.0004289999999826932,24.757027367219887,24.757051180042957,2.3812823069846445e-05,7.525801360276681,7.520942361639434,-0.004858998637247147,1.0,1.0,0.0,0.7935267874854631,0.7930077873173604,-0.0005190001681026901,32.282828727496565,32.277993541682385,-0.004835185814179965,2401.037211647621,2398.171894160619,-2.865317487001903,53.487339523728984,53.61142997344225,0.12409044971326466
c-main,main_00002_OD_IJSH_0aee92907f84,OD_IJSH,main_00002,20264002,True,True,0,0,True,495.41150554977014,495.4525335497701,0,0,0,0,0,0,495.41150554977014,495.4525335497701,0.04102799999998297,0.47474747474747425,0.47474747474747425,0.0,0.0,0.0,0.0,0.4207210632631373,0.42072038099697306,-6.822661642313932e-07,0.05591657721480825,0.05607666159250768,0.00016008437769943207,1.0,1.0,0.0,0.9843811361780528,0.9843584456635707,-2.2690514482115454e-05,1.0,1.0,0.0,0.9440834227851918,0.9439233384074923,-0.00016008437769943207,46.411581375304806,46.42123637530481,0.00965500000000219,46.411581375304806,46.42123637530481,0.00965500000000219,46.411581375304806,46.42123637530481,0.00965500000000219,46.411581375304806,46.42123637530481,0.00965500000000219,12.026312265290453,12.028643194365847,0.002330929075393229,3.6000422733973947,3.5976064101580567,-0.0024358632393379764,1.0,1.0,0.0,0.7935267874854631,0.7930077873173604,-0.0005190001681026901,15.626354538687849,15.626249604523903,-0.000104934163946524,543.0862662909852,543.3052729347818,0.219006643796547,25.59926437418333,25.626100865671074,0.026836491487742364
c-main,main_00002_OD_JSH_3030f4dd2839,OD_JSH,main_00002,20264002,True,True,0,0,True,503.99396454977017,504.05405454977017,0,0,0,0,0,0,503.99396454977017,504.05405454977017,0.06009000000000242,0.47474747474747425,0.47474747474747425,0.0,0.0,0.0,0.0,0.4224638768313358,0.4224639610923513,8.426101549829923e-08,0.06619478760079245,0.06613162121022209,-6.316639057035722e-05,1.0,1.0,0.0,0.9844309813467041,0.9844051852498619,-2.5796096842278793e-05,1.0,1.0,0.0,0.9338052123992076,0.9338683787897779,6.316639057035722e-05,46.411581375304806,46.42123637530481,0.00965500000000219,46.411581375304806,46.42123637530481,0.00965500000000219,46.411581375304806,46.42123637530481,0.00965500000000219,46.411581375304806,46.42123637530481,0.00965500000000219,12.339693980292319,12.342247887411164,0.0025539071188447338,3.6487005174012177,3.6464978054663284,-0.002202711934889301,1.0,1.0,0.0,0.7935267874854631,0.7930077873173604,-0.0005190001681026901,15.98839449769354,15.988745692877494,0.00035119518395454463,564.9613285576497,565.1976667860395,0.23633822838974083,25.918312167017678,26.007219686687705,0.08890751967002686
c-main,main_00003_CEN_152a670c50f4,CEN,main_00003,20264003,True,True,0,0,True,803.7099843659782,803.7513303659784,0,0,0,0,0,0,803.7099843659782,803.7513303659784,0.041346000000203276,0.9865319865319864,0.9882154882154883,0.0016835016835019534,0.0,0.0,0.0,0.9060087334172457,0.904789868920032,-0.0012188644972137563,0.15647806221923743,0.1567460353096377,0.0002679730904002753,1.0,1.0,0.0,0.9620774267664268,0.9620023150116082,-7.511175481866861e-05,1.0,1.0,0.0,0.8435219377807626,0.8432539646903623,-0.0002679730904002753,0.0,0.0,0.0,46.742024,46.748273000000005,0.006249000000003946,0.0,0.0,0.0,574.3473589231353,574.3763049231354,0.0289460000001327,212.00825588031535,212.01689690706218,0.008641026746829539,1.46208939568294,1.4589019541951904,-0.0031874414877495205,1.0,1.0,0.0,0.9963315083257483,0.9958616751701235,-0.00046983315562487693,213.47034527599837,213.47579886125737,0.005453585259004967,22456.072222027495,22513.603416111062,57.53119408356724,215.86999500034517,216.3390470017499,0.4690520014047195
c-main,main_00003_IJSH_7e4cca1e382c,IJSH,main_00003,20264003,True,True,0,0,True,747.3705953659783,747.3968843659784,0,0,0,0,0,0,747.3705953659783,747.3968843659784,0.026289000000133456,0.9865319865319864,0.9882154882154883,0.0016835016835019534,0.0,0.0,0.0,0.8981535667496687,0.8958530229186628,-0.0023005438310059745,0.12497909375265859,0.12513902773079966,0.00015993397814106913,1.0,1.0,0.0,0.9713166035733755,0.9712218363359133,-9.476723746215665e-05,1.0,1.0,0.0,0.8750209062473414,0.8748609722692003,-0.00015993397814106913,0.0,0.0,0.0,46.742024,46.748273000000005,0.006249000000003946,0.0,0.0,0.0,280.41275189578,280.41904689578,0.00629500000002281,140.63487795402108,140.64490420228876,0.010026248267678284,1.378229678008759,1.3794757963651312,0.0012461183563721168,1.0,1.0,0.0,0.9963315083257483,0.9958616751701235,-0.00046983315562487693,142.01310763202983,142.0243799986539,0.011272366624069718,10216.413745028989,10237.916861639318,21.503116610329016,143.4042531267793,143.83463720150206,0.43038407472275253
c-main,main_00003_JSH_faf4f4b43d5d,JSH,main_00003,20264003,True,True,0,0,False,742.4933703659785,723.8988333659782,0,0,0,0,0,0,742.4933703659785,723.8988333659782,-18.594537000000287,0.9865319865319864,0.9882154882154883,0.0016835016835019534,0.0,0.0,0.0,0.8977489024807408,0.8942826139294775,-0.003466288551263297,0.1581110385877229,0.1573738076555523,-0.0007372309321705961,1.0,1.0,0.0,0.968703212267298,0.9678682099651066,-0.0008350023021914676,1.0,1.0,0.0,0.8418889614122771,0.8426261923444477,0.0007372309321705961,0.0,0.0,0.0,46.742024,46.748273000000005,0.006249000000003946,0.0,0.0,0.0,280.21564089578,280.20950289577996,-0.006138000000021293,141.5159419880707,142.7469640649579,1.2310220768872,1.508821020394488,1.4968015408783921,-0.012019479516095943,1.0,1.0,0.0,0.9963315083257483,0.9958616751701235,-0.00046983315562487693,143.02476300846521,144.24376560583627,1.219002597371059,10055.769463215738,9645.736066049387,-410.0333971663513,144.7317534980205,146.42605727337008,1.6943037753495673
c-main,main_00003_OD_CEN_3783121819d7,OD_CEN,main_00003,20264003,True,True,0,0,True,803.8568103659783,803.9012583659784,0,0,0,0,0,0,803.8568103659783,803.9012583659784,0.044448000000102184,0.98765468096668,0.9882154882154879,0.0005608072488079152,0.0,0.0,0.0,0.8756281452021917,0.8722422212936927,-0.003385923908499011,0.15622796305519238,0.15622956674190858,1.6036867162005919e-06,1.0,1.0,0.0,0.9613191617579314,0.9612535985011021,-6.556325682927078e-05,1.0,1.0,0.0,0.8437720369448076,0.8437704332580914,-1.6036867162005919e-06,0.0,0.0,0.0,195.735272,195.74588199999997,0.010609999999957154,0.0,0.0,0.0,574.4941849231353,574.5262329231354,0.03204800000003161,212.0540521860201,212.06409193091906,0.01003974489896109,3.229876323190312,3.2363190845134313,0.006442761323119495,1.0,1.0,0.0,0.9963315083257483,0.9958616751701235,-0.00046983315562487693,215.2839285092104,215.3004110154325,0.01648250622210412,23686.14821118491,23777.992218166462,91.8440069815515,217.56053085122667,218.15618923691574,0.5956583856890632
c-main,main_00003_OD_IJSH_9a825c6157f2,OD_IJSH,main_00003,20264003,True,True,0,0,True,747.3702643659784,747.2426763659784,0,0,0,0,0,0,747.3702643659784,747.2426763659784,-0.12758800000005976,0.9876546853270196,0.9882154882154881,0.0005608028884684924,0.0,0.0,0.0,0.8533452021512133,0.8482271866066973,-0.005118015544516075,0.12519047378437465,0.12539505120895011,0.00020457742457546946,1.0,1.0,0.0,0.9705305118186357,0.9704541088084095,-7.640301022615592e-05,1.0,1.0,0.0,0.8748095262156254,0.8746049487910499,-0.00020457742457546946,0.0,0.0,0.0,195.73686,195.764723,0.02786299999999642,0.0,0.0,0.0,280.35211489578,280.34788389578,-0.004231000000004315,140.61381048933671,140.60179221509398,-0.012018274242734606,3.143445966458089,3.148492365874465,0.0050463994163760795,1.0,1.0,0.0,0.9963315083257483,0.9958616751701235,-0.00046983315562487693,143.75725645579482,143.75028458096844,-0.006971874826376734,12210.715052239655,12264.656912462979,53.9418602233236,145.2709691203858,145.51759106539157,0.24662194500578494
c-main,main_00003_OD_JSH_a3af67a88bbd,OD_JSH,main_00003,20264003,True,True,0,0,False,742.4166283659783,723.7974563659784,0,0,0,0,0,0,742.4166283659783,723.7974563659784,-18.619171999999935,0.9876546853270196,0.9882154882154881,0.0005608028884684924,0.0,0.0,0.0,0.8528289810367149,0.8463347624223738,-0.006494218614341074,0.15767633545240833,0.1572719366476324,-0.0004043988047759406,1.0,1.0,0.0,0.9679160750910595,0.9670417122158158,-0.0008743628752436727,1.0,1.0,0.0,0.8423236645475917,0.8427280633523676,0.0004043988047759406,0.0,0.0,0.0,195.73686,195.764723,0.02786299999999642,0.0,0.0,0.0,280.12832389578,280.11113589578,-0.017187999999976,141.47690249453453,142.7001247978749,1.2232223033403784,3.273643420795569,3.2662916267302493,-0.007351794065319606,1.0,1.0,0.0,0.9963315083257483,0.9958616751701235,-0.00046983315562487693,144.75054591533012,145.96641642460514,1.215870509275021,12014.267698037162,11762.283722608447,-251.98397542871498,146.61282912095052,148.11087004955263,1.4980409286021086
c-main,main_00004_CEN_052eb5e33c94,CEN,main_00004,20264004,True,True,0,0,True,910.0651960801486,910.0203000801484,0,0,0,0,0,0,910.0651960801486,910.0203000801484,-0.04489600000010796,0.9399703314751027,0.9399765129936875,6.181518584780221e-06,0.0,0.0,0.0,0.9704116830650664,0.9704094008780053,-2.2821870611089423e-06,0.07607915483944017,0.07655077778641717,0.0004716229469770017,1.0,1.0,0.0,0.9958397468472197,0.9957607264088839,-7.90204383357418e-05,1.0,1.0,0.0,0.9239208451605598,0.9234492222135828,-0.0004716229469770017,0.0,0.0,0.0,0.0,0.0,0.0,30.451439963418252,30.45338796341826,0.001948000000005834,30.451439963418252,30.45338796341826,0.001948000000005834,16.51324423222167,16.512173487547226,-0.0010707446744433469,4.098662718248888,4.100312259201912,0.0016495409530241645,1.0,1.0,0.0,1.0,1.0,0.0,20.611906950470562,20.61248574674914,0.0005787962785781531,3280.5757587002463,3280.0089476694334,-0.5668110308129144,19.872491342599062,19.94684792263088,0.074356580031818
c-main,main_00004_IJSH_1fbb2331a819,IJSH,main_00004,20264004,True,True,0,0,True,796.0773080801486,796.0979760801484,0,0,0,0,0,0,796.0773080801486,796.0979760801484,0.020667999999886888,0.9490926618395188,0.950018105276109,0.0009254434365901787,0.0,0.0,0.0,0.9446291589869682,0.9464483658829319,0.0018192068959637098,0.08904318718833648,0.08914233675967065,9.914957133416724e-05,1.0,1.0,0.0,0.9919251452741153,0.9918717384259101,-5.340684820520636e-05,1.0,1.0,0.0,0.9109568128116635,0.9108576632403294,-9.914957133416724e-05,0.0,0.0,0.0,0.0,0.0,0.0,48.391464,48.416653999999994,0.02518999999999494,66.44896293631986,66.45246593631987,0.0035030000000091377,14.09523416326852,14.09424710094286,-0.0009870623256595934,4.954920870354058,4.945933954174618,-0.00898691617944003,1.0,1.0,0.0,1.0,1.0,0.0,19.050155033622573,19.04018105511748,-0.009973978505094294,1667.2151793129437,1546.4065776840478,-120.80860162889599,18.415859886451923,18.59094449868018,0.17508461222825744
c-main,main_00004_JSH_2bd4fa1dd735,JSH,main_00004,20264004,True,True,0,0,True,916.5667590801486,916.5862080801486,0,0,0,0,0,0,916.5667590801486,916.5862080801486,0.01944900000000871,0.9461250774114949,0.9467961476438149,0.0006710702323200479,0.0,0.0,0.0,0.9407666629949043,0.9422720725320066,0.0015054095371023202,0.08746385535255519,0.08757313328675109,0.00010927793419590603,1.0,1.0,0.0,0.9944310922541104,0.994379933188956,-5.1159065154404715e-05,1.0,1.0,0.0,0.9125361446474448,0.9124268667132489,-0.00010927793419590603,0.0,0.0,0.0,0.0,0.0,0.0,48.391464,48.416653999999994,0.02518999999999494,66.44896293631986,66.45246593631987,0.0035030000000091377,13.536747742004502,13.53542494866527,-0.0013227933392325752,4.614783702288182,4.606200685912865,-0.008583016375317776,1.0,1.0,0.0,1.0,1.0,0.0,18.151531444292687,18.14162563457813,-0.009905809714556568,868.0099516589529,814.4685589164279,-53.54139274252498,17.542373605375733,17.74006231648587,0.19768871111013553
c-main,main_00004_OD_CEN_365db693408d,OD_CEN,main_00004,20264004,True,True,0,0,True,910.4662310801485,910.4754610801482,0,0,0,0,0,0,910.4662310801485,910.4754610801482,0.009229999999661231,0.9751300655075572,0.9751286533381407,-1.4121694165147858e-06,0.0,0.0,0.0,0.9681205860098008,0.9681188760468793,-1.7099629214811785e-06,0.18917716354461056,0.18951442931872198,0.0003372657741114171,1.0,1.0,0.0,0.9906415353107854,0.9905145344349103,-0.0001270008758750274,1.0,1.0,0.0,0.8108228364553894,0.810485570681278,-0.0003372657741114171,0.0,0.0,0.0,0.0,0.0,0.0,30.451439963418252,30.45338796341826,0.001948000000005834,30.451439963418252,30.45338796341826,0.001948000000005834,16.5194636640297,16.523142867665094,0.0036792036353929802,6.104418772723749,6.091218138164382,-0.013200634559367153,1.0,1.0,0.0,1.0,1.0,0.0,22.623882436753455,22.614361005829476,-0.009521430923978613,6828.760379253724,6829.579408800688,0.819029546963975,23.286345706440116,23.492353858117983,0.20600815167786735
c-main,main_00004_OD_IJSH_638d19d2928f,OD_IJSH,main_00004,20264004,True,True,0,0,True,795.3183810801486,795.4818450801486,0,0,0,0,0,0,795.3183810801486,795.4818450801486,0.1634639999999763,0.9486027982555836,0.9485827153455813,-2.008291000232809e-05,0.0,0.0,0.0,0.9483180265577718,0.9483031540824953,-1.4872475276428432e-05,0.2203521034468494,0.2208183795204739,0.0004662760736244831,1.0,1.0,0.0,0.9863023446295472,0.9861845851515386,-0.00011775947800862774,1.0,1.0,0.0,0.7796478965531506,0.7791816204795261,-0.0004662760736244831,0.0,0.0,0.0,0.0,0.0,0.0,198.397028933495,198.63111193349502,0.2340830000000267,198.397028933495,198.63111193349502,0.2340830000000267,14.088819542936562,14.099747597270122,0.0109280543335597,6.947574690308959,6.91903875604108,-0.028535934267878815,1.0,1.0,0.0,1.0,1.0,0.0,21.03639423324552,21.018786353311196,-0.017607879934324444,5356.7908674052205,5360.301589020917,3.5107216156966388,21.230763640436628,21.583900181080203,0.35313654064357536
c-main,main_00004_OD_JSH_63be3770e858,OD_JSH,main_00004,20264004,True,True,0,0,True,918.6617520801485,918.5789980801485,0,0,0,0,0,0,918.6617520801485,918.5789980801485,-0.08275400000002264,0.9551197237198779,0.9551142345349177,-5.4891849601279574e-06,0.0,0.0,0.0,0.9524990309563639,0.9524945081339071,-4.522822456776154e-06,0.18957595084184187,0.19001600524378304,0.00044005440194117007,1.0,1.0,0.0,0.9894467025627959,0.9893501479546661,-9.65546081297397e-05,1.0,1.0,0.0,0.8104240491581581,0.809983994756217,-0.00044005440194117007,0.0,0.0,0.0,0.0,0.0,0.0,133.0397138997381,133.0743498997381,0.034636000000006106,133.0397138997381,133.0743498997381,0.034636000000006106,13.550500603618344,13.551076517265004,0.0005759136466600978,6.623592004176119,6.591548503700144,-0.03204350047597515,1.0,1.0,0.0,1.0,1.0,0.0,20.174092607794464,20.142625020965145,-0.031467586829318606,4492.527899680107,4492.400093774604,-0.12780590550300985,20.580737428999456,20.92334329027897,0.342605861279516
c-main,main_00005_CEN_bae5b4017735,CEN,main_00005,20264005,True,True,0,0,True,1083.264497542634,1083.3086425426338,0,0,0,0,0,0,1083.264497542634,1083.3086425426338,0.044144999999844,0.9410199632833205,0.9394705151979683,-0.0015494480853521786,0.0,0.0,0.0,0.9330484226306561,0.9315786926453757,-0.001469729985280388,0.12133919626763368,0.12169764173919151,0.00035844547155783335,1.0,1.0,0.0,0.9903712917098354,0.9903404211404323,-3.0870569403096404e-05,1.0,1.0,0.0,0.8786608037323663,0.8783023582608085,-0.00035844547155783335,0.0,0.0,0.0,0.0,0.0,0.0,274.98403899999994,274.894063,-0.0899759999999219,276.14374307204594,276.1602140720459,0.016470999999967262,44.52414297125179,44.525387967409,0.0012449961572116308,2.0216913863338357,2.014389891355002,-0.007301494978833922,1.0,1.0,0.0,0.9992709317793447,0.9994480301074488,0.0001770983281040861,46.54583435758563,46.539777858764005,-0.006056498821628509,16884.481352122195,16982.042133003386,97.56078088119102,46.263491104375184,46.420149616319826,0.15665851194464153
c-main,main_00005_IJSH_d2ad426c691c,IJSH,main_00005,20264005,True,True,0,0,True,1288.525462542634,1288.676486542634,0,0,0,0,0,0,1288.525462542634,1288.676486542634,0.1510240000000067,0.9411118449774922,0.9395321089905406,-0.0015797359869516026,0.0,0.0,0.0,0.9247455587994986,0.9230813285742001,-0.0016642302252984909,0.06047279427085617,0.060771745339676664,0.0002989510688204966,1.0,1.0,0.0,0.9920158244672481,0.9919886273525199,-2.719711472820574e-05,1.0,1.0,0.0,0.9395272057291438,0.9392282546603233,-0.0002989510688204966,0.0,0.0,0.0,0.0,0.0,0.0,272.09425223453354,272.20750723453364,0.1132550000000947,272.09425223453354,272.20750723453364,0.1132550000000947,50.44846034296846,50.46249316349667,0.014032820528207424,2.004617142330622,1.997751277892782,-0.006865864437840097,1.0,1.0,0.0,0.9992709317793447,0.9994480301074488,0.0001770983281040861,52.45307748529908,52.46024444138944,0.007166956090358667,6300.926434222284,6407.177477663545,106.25104344126066,51.87333407982618,52.04137301412355,0.16803893429737116
c-main,main_00005_JSH_58fd5a198893,JSH,main_00005,20264005,True,True,0,0,True,1354.948922542634,1355.051846542634,0,0,0,0,0,0,1354.948922542634,1355.051846542634,0.10292400000002999,0.9503665390435323,0.9491558093766044,-0.0012107296669279233,0.0,0.0,0.0,0.9330150872481802,0.9315551186659217,-0.0014599685822584973,0.10299549324082458,0.10288635768281917,-0.00010913555800540209,1.0,1.0,0.0,0.990366955773081,0.9903166975264076,-5.025824667337364e-05,1.0,1.0,0.0,0.8970045067591754,0.8971136423171808,0.00010913555800540209,0.0,0.0,0.0,0.0,0.0,0.0,275.00917999999996,274.890599,-0.1185809999999492,284.91502004980566,303.38844414230016,18.473424092494497,41.52491780411325,41.53407039049745,0.009152586384196582,2.972946538144802,2.9727806014680747,-0.00016593667672726298,1.0,1.0,0.0,0.9992709317793447,0.9994480301074488,0.0001770983281040861,44.497864342258055,44.50685099196552,0.008986649707466654,13740.412782010188,14023.28872367521,282.87594166502276,47.0647318280253,47.32161482417417,0.25688299614886745
c-main,main_00005_OD_CEN_181dbed59584,OD_CEN,main_00005,20264005,True,True,0,0,True,1083.005722542634,1083.0265415426338,0,0,0,0,0,0,1083.005722542634,1083.0265415426338,0.02081899999984671,0.9670981659370759,0.966288324186309,-0.0008098417507669264,0.0,0.0,0.0,0.9484208377541008,0.9483004331326732,-0.00012040462142759445,0.12113889496664976,0.12136000514041456,0.00022111017376480468,1.0,1.0,0.0,0.9912596628734404,0.9912414111495778,-1.825172386260565e-05,1.0,1.0,0.0,0.8788611050333502,0.8786399948595854,-0.00022111017376480468,0.0,0.0,0.0,0.0,0.0,0.0,15.937795000000001,15.940015,0.0022199999999994446,275.8719660720459,275.8785150720459,0.006549000000006799,44.491347822625414,44.49271796026652,0.0013701376411034971,1.6368520114068068,1.6304025857463986,-0.006449425660408181,1.0,1.0,0.0,0.9992709317793447,0.9994480301074488,0.0001770983281040861,46.12819983403222,46.12312054601291,-0.005079288019310013,15722.60738042086,15722.734690743753,0.12731032289229915,47.283996527349025,47.51034385960926,0.2263473322602323
c-main,main_00005_OD_IJSH_ecb5a9615808,OD_IJSH,main_00005,20264005,True,True,0,0,True,1288.506997542634,1288.4851835426339,0,0,0,0,0,0,1288.506997542634,1288.4851835426339,-0.021814000000176748,0.9670431478682222,0.9662229788714598,-0.0008201689967624048,0.0,0.0,0.0,0.9412547822965918,0.941073511668171,-0.00018127062842077102,0.060347164231724704,0.06052579946945369,0.0001786352377289857,1.0,1.0,0.0,0.9927623145205691,0.9927487776426619,-1.3536877907172062e-05,1.0,1.0,0.0,0.9396528357682753,0.9394742005305463,-0.0001786352377289857,0.0,0.0,0.0,0.0,0.0,0.0,15.937795000000001,15.940015,0.0022199999999994446,272.0650962345336,271.9840312345336,-0.0810650000000237,50.44629750026141,50.43898058216057,-0.007316918100841008,1.6211361812662686,1.6143032585715789,-0.006832922694689714,1.0,1.0,0.0,0.9992709317793447,0.9994480301074488,0.0001770983281040861,52.067433681527675,52.05328384073215,-0.014149840795525392,5134.021562485526,5131.183959145639,-2.8376033398872096,52.896637912325225,53.11159704386677,0.21495913154154778
c-main,main_00005_OD_JSH_e5f25a584dbd,OD_JSH,main_00005,20264005,True,True,0,0,True,1354.903995542634,1354.9123205426338,0,0,0,0,0,0,1354.903995542634,1354.9123205426338,0.008324999999786087,0.9690466863173846,0.9685749694328238,-0.00047171688456071337,0.0,0.0,0.0,0.9449176642103749,0.9447967178627257,-0.00012094634764925338,0.10087268776811775,0.10089220670255983,1.951893444207542e-05,1.0,1.0,0.0,0.9909910183913601,0.9909663575864343,-2.466080492580236e-05,1.0,1.0,0.0,0.8991273122318822,0.8991077932974402,-1.951893444207542e-05,0.0,0.0,0.0,0.0,0.0,0.0,15.937795000000001,15.940015,0.0022199999999994446,260.9038785858422,260.8336261858422,-0.07025240000001531,41.521720649153885,41.515477562154466,-0.006243086999418779,2.585411943145814,2.581908136506177,-0.0035038066396371192,1.0,1.0,0.0,0.9992709317793447,0.9994480301074488,0.0001770983281040861,44.1071325922997,44.097385698660645,-0.009746893639054122,12636.14829866909,12633.274652540562,-2.87364612852798,49.08818677841658,49.14835645011085,0.06016967169427545
c-main,main_00006_CEN_806f76ebf20b,CEN,main_00006,20264006,True,True,0,0,True,963.6841172497099,963.8169472497098,0,0,0,0,0,0,963.6841172497099,963.8169472497098,0.13282999999989897,0.7912057513090036,0.7904855692852093,-0.0007201820237943135,0.0,0.0,0.0,0.7153723065495852,0.7159175534850859,0.0005452469355007317,0.0756149051552365,0.07562345640009649,8.551244859988927e-06,1.0,1.0,0.0,0.9879433641083049,0.9879313821709904,-1.1981937314442526e-05,1.0,1.0,0.0,0.9243850948447635,0.9243765435999035,-8.551244859988927e-06,140.64728721873757,140.65335521873754,0.006067999999970652,140.64728721873757,140.65335521873754,0.006067999999970652,140.64728721873757,140.65335521873754,0.006067999999970652,140.64728721873757,140.65335521873754,0.006067999999970652,36.33586352699438,36.33789128066447,0.00202775367009167,4.138496004720909,4.134892841177608,-0.0036031635433007025,1.0,1.0,0.0,1.0,1.0,0.0,40.47435953171529,40.472784121842075,-0.0015754098732116972,3993.1723508157497,3981.0401271494193,-12.132223666330447,41.77669826483385,41.76708165984641,-0.00961660498743555
c-main,main_00006_IJSH_f5fee769c8f5,IJSH,main_00006,20264006,True,True,0,0,True,940.4628752497097,940.4527782497097,0,0,0,0,0,0,940.4628752497097,940.4527782497097,-0.010096999999973377,0.8007984553188867,0.7990834615051288,-0.001714993813757948,0.0,0.0,0.0,0.7255388296052931,0.7256036383344722,6.480872917902225e-05,0.48487993297479215,0.48490655281201045,2.661983721830019e-05,1.0,1.0,0.0,0.927511491178434,0.9274328031284752,-7.868804995880829e-05,1.0,1.0,0.0,0.5151200670252079,0.5150934471879896,-2.661983721830019e-05,879.3696438403583,879.3528648403584,-0.0167789999999286,879.3696438403583,879.3528648403584,-0.0167789999999286,879.3696438403583,879.3528648403584,-0.0167789999999286,879.3696438403583,879.3528648403584,-0.0167789999999286,206.04496223846988,206.04062704237182,-0.004335196098054439,24.732485182459115,24.729179183357612,-0.0033059991015029766,1.0,1.0,0.0,1.0,1.0,0.0,230.77744742092895,230.76980622572938,-0.007641195199568074,152942.6146223966,152954.40844403213,11.793821635539643,239.7316147616808,240.3938460834436,0.6622313217628175
c-main,main_00006_JSH_6fe51d05daa3,JSH,main_00006,20264006,True,True,0,0,True,912.1808812497097,912.2052922497095,0,0,0,0,0,0,912.1808812497097,912.2052922497095,0.024410999999759042,0.7996018444480326,0.7994728347052067,-0.00012900974282592514,0.0,0.0,0.0,0.7250197999015413,0.7250398211680271,2.0021266485814593e-05,0.4838381058555207,0.4838532770763132,1.5171220792531415e-05,1.0,1.0,0.0,0.9274027455321494,0.927331746190814,-7.09993413353649e-05,1.0,1.0,0.0,0.5161618941444793,0.5161467229236868,-1.5171220792531415e-05,851.0876498403584,851.1053788403582,0.01772899999980382,851.0876498403584,851.1053788403582,0.01772899999980382,851.0876498403584,851.1053788403582,0.01772899999980382,851.0876498403584,851.1053788403582,0.01772899999980382,199.0339501857145,199.0377496434796,0.0037994577650977135,23.996539977727167,23.98963602818575,-0.006903949541417376,1.0,1.0,0.0,1.0,1.0,0.0,223.03049016344164,223.02738567166534,-0.003104491776298346,143023.65927902792,143034.264241521,10.60496249308926,231.70235185363344,232.3114529214237,0.6091010677902489
c-main,main_00006_OD_CEN_f2565e85922b,OD_CEN,main_00006,20264006,True,True,0,0,True,963.5393752497098,963.6800342497097,0,0,0,0,0,0,963.5393752497098,963.6800342497097,0.14065899999991416,0.7918216366259492,0.7905502760859269,-0.0012713605400223038,0.0,0.0,0.0,0.7163341105174503,0.715372306741088,-0.0009618037763623466,0.07560934512535333,0.07560869273549797,-6.523898553600915e-07,1.0,1.0,0.0,0.9879334644635185,0.987894995877218,-3.8468586300521856e-05,1.0,1.0,0.0,0.9243906548746467,0.924391307264502,6.523898553600915e-07,140.61933721873757,140.63775221873757,0.01841500000000451,140.61933721873757,140.63775221873757,0.01841500000000451,140.61933721873757,140.63775221873757,0.01841500000000451,140.61933721873757,140.63775221873757,0.01841500000000451,36.32838591686799,36.33335320908078,0.004967292212789687,4.228382227265746,4.235686528252401,0.007304300986655576,1.0,1.0,0.0,1.0,1.0,0.0,40.55676814413373,40.56903973733317,0.012271593199443487,3975.081465359228,3992.6258509597124,17.544385600484475,41.842665878543336,42.03528919669267,0.1926233181493373
c-main,main_00006_OD_IJSH_19eb3e52a5aa,OD_IJSH,main_00006,20264006,True,True,0,0,True,940.4855472497097,940.5176242497097,0,0,0,0,0,0,940.4855472497097,940.5176242497097,0.03207699999995839,0.8007984694197796,0.7990497589826084,-0.0017487104371711748,0.0,0.0,0.0,0.7252514512141752,0.7252518864565851,4.3524240989079033e-07,0.4847978971026399,0.4848821606251974,8.426352255752612e-05,1.0,1.0,0.0,0.9275034286266123,0.9274193392510103,-8.408937560200336e-05,1.0,1.0,0.0,0.5152021028973601,0.5151178393748026,-8.426352255752612e-05,879.3923158403584,879.4177108403584,0.025395000000003165,879.3923158403584,879.4177108403584,0.025395000000003165,879.3923158403584,879.4177108403584,0.025395000000003165,879.3923158403584,879.4177108403584,0.025395000000003165,206.05035105144108,206.05603165531917,0.005680603878090551,24.800464594612304,24.829388703708855,0.02892410909655041,1.0,1.0,0.0,1.0,1.0,0.0,230.85081564605335,230.88542035902802,0.03460471297466938,152917.864130264,152926.65053255422,8.786402290221304,239.8182062467518,240.61350518059263,0.7952989338408258
c-main,main_00006_OD_JSH_1e39618b09e8,OD_JSH,main_00006,20264006,True,True,0,0,True,912.1179412497097,912.2182482497096,0,0,0,0,0,0,912.1179412497097,912.2182482497096,0.10030699999992976,0.799711861559057,0.7994847698890211,-0.00022709167003598374,0.0,0.0,0.0,0.7251139878585198,0.7247254516992088,-0.0003885361593110037,0.48373050901016146,0.4838010630359735,7.055402581201964e-05,1.0,1.0,0.0,0.9274052689346644,0.9273223860815659,-8.288285309843157e-05,1.0,1.0,0.0,0.5162694909898385,0.5161989369640265,-7.055402581201964e-05,851.0247098403584,851.1183348403583,0.09362499999997453,851.0247098403584,851.1183348403583,0.09362499999997453,851.0247098403584,851.1183348403583,0.09362499999997453,851.0247098403584,851.1183348403583,0.09362499999997453,199.01882483551802,199.04076531555293,0.02194048003491389,24.064336881393164,24.090760775562664,0.026423894169500528,1.0,1.0,0.0,1.0,1.0,0.0,223.08316171691118,223.13152609111557,0.048364374204396654,143025.60662025763,143005.0697775538,-20.536842703819275,231.76535214729162,232.4909232297641,0.7255710824724702
c-main,main_00007_CEN_7fd54b891f0c,CEN,main_00007,20264007,True,True,0,0,True,711.2044638657458,711.1654618657458,0,0,0,0,0,0,711.2044638657458,711.1654618657458,-0.03900199999998222,0.8930049136132803,0.8876418716044259,-0.005363042008854402,0.0,0.0,0.0,0.9083754368964665,0.9087653214336444,0.00038988453717792027,0.21399723340723575,0.21401422542667703,1.6992019441275374e-05,1.0,1.0,0.0,0.9746112680804463,0.9745316511037175,-7.9616976728758e-05,1.0,1.0,0.0,0.7860027665927642,0.785985774573323,-1.6992019441275374e-05,76.58822500000002,76.592165,0.003939999999971633,111.25176972598715,111.24075472598714,-0.011015000000000441,111.25176972598715,111.24075472598714,-0.011015000000000441,205.45444500000002,181.64052154457957,-23.81392345542045,77.2483444156128,77.24420405287808,-0.004140362734730729,5.224190775162259,5.211877402717377,-0.012313372444881843,1.0,1.0,0.0,1.0,1.0,0.0,82.47253519077506,82.45608145559545,-0.016453735179609907,9682.27924332723,9574.255159322953,-108.02408400427703,84.96383329128155,85.33712589920968,0.37329260792813557
c-main,main_00007_IJSH_f7c92c6c88ad,IJSH,main_00007,20264007,True,True,0,0,True,681.8866150000001,681.9305549999999,0,0,0,0,0,0,681.8866150000001,681.9305549999999,0.043939999999793145,0.8747756632609298,0.8688332316052194,-0.005942431655710401,0.0,0.0,0.0,0.9084069191737527,0.9084712584188248,6.43392450720981e-05,0.12396413041540744,0.12399454828551437,3.041787010693575e-05,1.0,1.0,0.0,0.98769957051398,0.9875749057463936,-0.0001246647675864354,1.0,1.0,0.0,0.8760358695845926,0.8760054517144856,-3.041787010693575e-05,76.58822500000002,76.592165,0.003939999999971633,76.58822500000002,76.592165,0.003939999999971633,82.63653599717513,82.61352899717514,-0.023006999999992672,82.63653599717513,82.61352899717514,-0.023006999999992672,21.47160997244961,21.470380309824616,-0.0012296626249934661,4.963191937403909,4.966588536655495,0.0033965992515856414,1.0,1.0,0.0,1.0,1.0,0.0,26.434801909853515,26.43696884648011,0.0021669366265939516,4702.2350630279625,4580.227820356097,-122.00724267186524,26.338928283403398,26.60249159169882,0.26356330829542074
c-main,main_00007_JSH_87b4d026de0c,JSH,main_00007,20264007,True,True,0,0,True,693.9349148657457,693.8329168657457,0,0,0,0,0,0,693.9349148657457,693.8329168657457,-0.1019979999999805,0.9104574934408038,0.9025521678727744,-0.007905325568029475,0.0,0.0,0.0,0.9293453297024152,0.9292435743480851,-0.00010175535433010197,0.13307883356004457,0.13317352654013637,9.469298009179283e-05,1.0,1.0,0.0,0.9862736644727216,0.9861548614597947,-0.00011880301292688245,1.0,1.0,0.0,0.8669211664399554,0.8668264734598636,-9.469298009179283e-05,30.439376963418255,30.435079963418254,-0.0042970000000011055,30.439376963418255,30.435079963418254,-0.0042970000000011055,30.439376963418255,30.435079963418254,-0.0042970000000011055,76.37030244816387,76.37203269816385,0.0017302499999800602,26.119726343920803,26.11870677494909,-0.0010195689717136247,4.873445391517651,4.865317392606856,-0.008127998910795853,1.0,1.0,0.0,1.0,1.0,0.0,30.993171735438448,30.984024167555948,-0.009147567882500596,4534.167334633761,4412.74769100225,-121.41964363151146,31.394699020153777,31.679987632827512,0.2852886126737353
c-main,main_00007_OD_CEN_9cf3cfa26c41,OD_CEN,main_00007,20264007,True,True,0,0,True,717.8656228657456,717.9873968657457,0,0,0,0,0,0,717.8656228657456,717.9873968657457,0.1217740000000731,0.8987538041070837,0.8913007751338997,-0.007453028973184006,0.0,0.0,0.0,0.9037770289504652,0.9037769630992936,-6.58511716267185e-08,0.32138656877220084,0.3213059212816771,-8.0647490523722e-05,1.0,1.0,0.0,0.9658779889455728,0.9658046712634463,-7.33176821264836e-05,1.0,1.0,0.0,0.6786134312277992,0.6786940787183229,8.0647490523722e-05,111.24939272598715,111.27086572598715,0.021473000000000297,111.24939272598715,111.27086572598715,0.021473000000000297,111.24939272598715,111.27086572598715,0.021473000000000297,220.4480545536931,220.45680055369309,0.00874599999997372,78.0452941458227,78.05965697528019,0.014362829457496673,14.356598099180998,14.359486009531894,0.0028879103508963055,1.0,1.0,0.0,1.0,1.0,0.0,92.40189224500372,92.41914298481207,0.017250739808346793,13843.653248244309,13847.665324017453,4.012075773143806,94.7007221094589,94.66322965502843,-0.03749245443046334
c-main,main_00007_OD_IJSH_7e2201fa37c4,OD_IJSH,main_00007,20264007,True,True,0,0,True,669.3697628657457,669.3189618657457,0,0,0,0,0,0,669.3697628657457,669.3189618657457,-0.05080099999997856,0.9008137104978189,0.8928384899320843,-0.007975220565734631,0.0,0.0,0.0,0.9138542414785762,0.9138643733393643,1.0131860788131775e-05,0.30343721262864554,0.30333365824327063,-0.00010355438537490436,1.0,1.0,0.0,0.9777641209249631,0.9776833683515533,-8.075257340978137e-05,1.0,1.0,0.0,0.6965627873713545,0.6966663417567294,0.00010355438537490436,82.63653599717513,82.61352899717514,-0.023006999999992672,82.63653599717513,82.61352899717514,-0.023006999999992672,82.63653599717513,82.61352899717514,-0.023006999999992672,99.54982380010104,99.52863015010105,-0.02119364999998652,21.84407290575604,21.84499471770484,0.0009218119487997001,14.102185716048597,14.096094452246414,-0.006091263802183278,1.0,1.0,0.0,1.0,1.0,0.0,35.94625862180464,35.94108916995125,-0.005169451853390683,7232.954052103252,7233.39605928581,0.44200718255797256,35.56492068889175,35.67501537511888,0.11009468622712859
c-main,main_00007_OD_JSH_b64a1781c225,OD_JSH,main_00007,20264007,True,True,0,0,True,704.1309398657459,703.9504908657457,0,0,0,0,0,0,704.1309398657459,703.9504908657457,-0.1804490000001806,0.9394557393239391,0.934091998048568,-0.005363741275371092,0.0,0.0,0.0,0.9336843270580144,0.9337167538956741,3.2426837659693675e-05,0.29148759290752846,0.2914821329470908,-5.459960437659284e-06,1.0,1.0,0.0,0.9773235815103473,0.977267838269277,-5.574324107027184e-05,1.0,1.0,0.0,0.7085124070924715,0.7085178670529092,5.459960437659284e-06,30.439376963418255,30.435079963418254,-0.0042970000000011055,30.439376963418255,30.435079963418254,-0.0042970000000011055,30.439376963418255,30.435079963418254,-0.0042970000000011055,120.20334466860095,120.20369941860093,0.00035474999998541534,26.506721465048376,26.50429962791554,-0.0024218371328359467,14.03663790969496,14.038264996806518,0.0016270871115580121,1.0,1.0,0.0,1.0,1.0,0.0,40.543359374743325,40.542564624722054,-0.0007947500212708292,7775.878027887378,7807.830391764428,31.95236387704972,40.790228455245135,40.712789390643046,-0.07743906460208905
c-main,main_00008_CEN_80b81a21eb0c,CEN,main_00008,20264008,True,True,0,0,True,1186.2622319718298,1186.30982197183,0,0,0,0,0,0,1186.2622319718298,1186.30982197183,0.047590000000127475,0.9882154882154881,0.9882154882154879,-2.220446049250313e-16,0.0,0.0,0.0,0.9900618942495905,0.9900615330191598,-3.612304306788161e-07,0.10585802081870621,0.10593770064831631,7.9679829610102e-05,1.0,1.0,0.0,0.9980570074081961,0.9980486732562829,-8.33415191325848e-06,1.0,1.0,0.0,0.8941419791812938,0.8940622993516837,-7.9679829610102e-05,0.0,0.0,0.0,0.0,0.0,0.0,0.0,0.0,0.0,0.0,0.0,0.0,13.796115103545334,13.796971795990345,0.0008566924450104096,0.36267563041288403,0.3491484300016088,-0.013527200411275253,1.0,1.0,0.0,0.9983774449050065,0.997072769757625,-0.0013046751473814178,14.158790733958218,14.146120225991954,-0.012670507966264566,2653.978420604013,2654.2502313271407,0.2718107231276008,15.729764436362876,15.887003920193191,0.15723948383031505
c-main,main_00008_IJSH_42d87c59ffaa,IJSH,main_00008,20264008,True,True,0,0,True,1024.40772497183,1024.4610059718298,0,0,0,0,0,0,1024.40772497183,1024.4610059718298,0.05328099999974256,0.9882154882154877,0.9882154882154885,8.881784197001252e-16,0.0,0.0,0.0,0.9843102856396999,0.9843103312269499,4.5587249974943234e-08,0.08350455051269223,0.0834217315532707,-8.281895942152673e-05,1.0,1.0,0.0,0.9964545757178064,0.9964306935158365,-2.388220196991586e-05,1.0,1.0,0.0,0.9164954494873078,0.9165782684467293,8.281895942152673e-05,0.0,0.0,0.0,0.0,0.0,0.0,0.0,0.0,0.0,0.0,0.0,0.0,13.30069696445317,13.301859861539178,0.00116289708600803,0.6695702062367359,0.6656932662806861,-0.003876939956049763,1.0,1.0,0.0,0.9983774449050065,0.997072769757625,-0.0013046751473814178,13.970267170689908,13.967553127819864,-0.0027140428700445085,1114.8162308393491,1114.937000886881,0.12077004753177789,13.736589353994853,13.953183020614688,0.21659366661983448
c-main,main_00008_JSH_1eacdbb4176d,JSH,main_00008,20264008,True,True,0,0,True,1024.40772497183,1024.4610059718298,0,0,0,0,0,0,1024.40772497183,1024.4610059718298,0.05328099999974256,0.9882154882154877,0.9882154882154885,8.881784197001252e-16,0.0,0.0,0.0,0.9843102856396999,0.9843103312269499,4.5587249974943234e-08,0.08350455051269223,0.0834217315532707,-8.281895942152673e-05,1.0,1.0,0.0,0.9964545757178064,0.9964306935158365,-2.388220196991586e-05,1.0,1.0,0.0,0.9164954494873078,0.9165782684467293,8.281895942152673e-05,0.0,0.0,0.0,0.0,0.0,0.0,0.0,0.0,0.0,0.0,0.0,0.0,13.30069696445317,13.301859861539178,0.00116289708600803,0.6695702062367359,0.6656932662806861,-0.003876939956049763,1.0,1.0,0.0,0.9983774449050065,0.997072769757625,-0.0013046751473814178,13.970267170689908,13.967553127819864,-0.0027140428700445085,1114.8162308393491,1114.937000886881,0.12077004753177789,13.736589353994853,13.953183020614688,0.21659366661983448
c-main,main_00008_OD_CEN_783b808135c8,OD_CEN,main_00008,20264008,True,True,0,0,True,1186.3700739718297,1186.26025397183,0,0,0,0,0,0,1186.3700739718297,1186.26025397183,-0.10981999999967229,0.9882154882154881,0.9882154882154879,-2.220446049250313e-16,0.0,0.0,0.0,0.9900620341414108,0.9900612665638124,-7.675775983706501e-07,0.10594372910862349,0.10587597496707946,-6.77541415440297e-05,1.0,1.0,0.0,0.9979913107573185,0.9980063617404513,1.5050983132813833e-05,1.0,1.0,0.0,0.8940562708913765,0.8941240250329205,6.77541415440297e-05,0.0,0.0,0.0,0.0,0.0,0.0,0.0,0.0,0.0,0.0,0.0,0.0,13.799314036235671,13.798036212864668,-0.0012778233710033504,0.3507002043180762,0.3227089765306602,-0.027991227787415973,1.0,1.0,0.0,0.9983774449050065,0.997072769757625,-0.0013046751473814178,14.15001424055375,14.120745189395326,-0.029269051158424375,2654.9974605679013,2653.8029747336686,-1.194485834232637,13.870648499215728,14.036668832220915,0.16602033300518748
c-main,main_00008_OD_IJSH_35eec63a3f0c,OD_IJSH,main_00008,20264008,True,True,0,0,True,1024.52970697183,1024.52868097183,0,0,0,0,0,0,1024.52970697183,1024.52868097183,-0.0010259999999107094,0.9882154882154881,0.9882154882154883,2.220446049250313e-16,0.0,0.0,0.0,0.9843113310440734,0.984310811513639,-5.195304344507434e-07,0.08402723351696462,0.08375743384857948,-0.00026979966838514,1.0,1.0,0.0,0.9964213048137911,0.9964074198652195,-1.3884948571574185e-05,1.0,1.0,0.0,0.9159727664830354,0.9162425661514205,0.00026979966838514,0.0,0.0,0.0,0.0,0.0,0.0,0.0,0.0,0.0,0.0,0.0,0.0,13.30780798403866,13.30462419777454,-0.003183786264120414,0.6501727633018779,0.6442268599627914,-0.005945903339086511,1.0,1.0,0.0,0.9983774449050065,0.997072769757625,-0.0013046751473814178,13.957980747340537,13.948851057737333,-0.009129689603204483,1115.8941494064215,1115.397976286966,-0.4961731194555341,13.379005986403868,13.408570566612601,0.029564580208733204
c-main,main_00008_OD_JSH_28a1a339c02f,OD_JSH,main_00008,20264008,True,True,0,0,True,1024.52970697183,1024.52868097183,0,0,0,0,0,0,1024.52970697183,1024.52868097183,-0.0010259999999107094,0.9882154882154881,0.9882154882154883,2.220446049250313e-16,0.0,0.0,0.0,0.9843113310440734,0.984310811513639,-5.195304344507434e-07,0.08402723351696462,0.08375743384857948,-0.00026979966838514,1.0,1.0,0.0,0.9964213048137911,0.9964074198652195,-1.3884948571574185e-05,1.0,1.0,0.0,0.9159727664830354,0.9162425661514205,0.00026979966838514,0.0,0.0,0.0,0.0,0.0,0.0,0.0,0.0,0.0,0.0,0.0,0.0,13.30780798403866,13.30462419777454,-0.003183786264120414,0.6501727633018779,0.6442268599627914,-0.005945903339086511,1.0,1.0,0.0,0.9983774449050065,0.997072769757625,-0.0013046751473814178,13.957980747340537,13.948851057737333,-0.009129689603204483,1115.8941494064215,1115.397976286966,-0.4961731194555341,13.379005986403868,13.408570566612601,0.029564580208733204
c-main,main_00009_CEN_5649a43738b2,CEN,main_00009,20264009,True,True,0,0,True,750.0726402968436,749.9943882968437,0,0,0,0,0,0,750.0726402968436,749.9943882968437,-0.07825199999990673,0.9945117061716058,0.9945113411989572,-3.649726485477345e-07,0.0,0.0,0.0,0.9224676189575451,0.9210978256156022,-0.001369793341942982,0.14508833474694016,0.14572261234889117,0.0006342776019510055,1.0,1.0,0.0,0.984392403869329,0.984287683954655,-0.00010471991467397856,1.0,1.0,0.0,0.8549116652530598,0.8542773876511088,-0.0006342776019510055,0.0,0.0,0.0,21.332577772402356,21.332665772402354,8.79999999980896e-05,0.0,0.0,0.0,365.263751377808,365.2346893778079,-0.0290620000000672,78.93673355525897,78.9304727675898,-0.006260787669162937,0.9460851605533692,0.931004944343872,-0.015080216209497177,1.0,1.0,0.0,0.9319231720005892,0.9323682984900665,0.00044512648947736544,79.8828187158123,79.86147771193367,-0.021341003878632137,11474.038489166735,11506.11833366875,32.079844502015476,84.03764452541664,84.11077231670072,0.07312779128407954
c-main,main_00009_IJSH_28845dbc1721,IJSH,main_00009,20264009,True,True,0,0,True,793.1999952968437,793.2342432968438,0,0,0,0,0,0,793.1999952968437,793.2342432968438,0.03424800000016148,0.9899835839298914,0.9899832615473432,-3.2238254821237433e-07,0.0,0.0,0.0,0.9147939941357655,0.9128710223967171,-0.001922971739048318,0.1369300090189769,0.13716001130475253,0.0002300022857756323,1.0,1.0,0.0,0.9848841777715859,0.9847854807973278,-9.869697425812785e-05,1.0,1.0,0.0,0.8630699909810231,0.8628399886952475,-0.0002300022857756323,0.0,0.0,0.0,125.98121610847544,125.98937010847543,0.008153999999990447,0.0,0.0,0.0,372.66384267104996,372.65659967104995,-0.007243000000016764,81.45955260118588,81.4588836151892,-0.0006689859966826361,1.1866068663149782,1.1754125521597016,-0.011194314155276608,1.0,1.0,0.0,0.9319231720005892,0.9323682984900665,0.00044512648947736544,82.64615946750084,82.63429616734891,-0.011863300151929934,11343.23248913887,11383.126165372258,39.89367623338694,93.71257305587572,93.84186814059375,0.12929508471802365
c-main,main_00009_JSH_e27d4999d2b5,JSH,main_00009,20264009,True,True,0,0,False,788.9924762968436,795.2446522968438,0,0,0,0,0,0,788.9924762968436,795.2446522968438,6.2521760000001905,0.9899835839298914,0.9899832615473432,-3.2238254821237433e-07,0.0,0.0,0.0,0.9131022040364023,0.911247577240083,-0.0018546267963193142,0.13701565677346694,0.13679612654894513,-0.00021953022452181337,1.0,1.0,0.0,0.9849617395869629,0.986318901511675,0.0013571619247121358,1.0,1.0,0.0,0.8629843432265331,0.8632038734510549,0.00021953022452181337,0.0,0.0,0.0,125.98121610847544,125.98937010847543,0.008153999999990447,0.0,0.0,0.0,340.33697311426636,289.07620009299694,-51.260773021269415,76.09812080217499,67.55523123655121,-8.542889565623781,1.2926485598849569,1.2826036084753472,-0.010044951409609704,1.0,1.0,0.0,0.9319231720005892,0.9323682984900665,0.00044512648947736544,77.39076936205996,68.83783484502656,-8.552934517033393,11117.00150557609,9743.693844562562,-1373.3076610135286,88.34340029141369,79.49348315797212,-8.849917133441565
c-main,main_00009_OD_CEN_7b1e365a33d9,OD_CEN,main_00009,20264009,True,True,0,0,True,750.0100182968438,749.8629032968438,0,0,0,0,0,0,750.0100182968438,749.8629032968438,-0.14711499999998523,0.9934098847902446,0.9934096949175046,-1.8987273997517207e-07,0.0,0.0,0.0,0.9233721963662798,0.9224137179009237,-0.0009584784653560163,0.1447367922693138,0.1449726697004311,0.00023587743111730397,1.0,1.0,0.0,0.9845914873098727,0.9844760561543793,-0.00011543115549339511,1.0,1.0,0.0,0.8552632077306862,0.8550273302995689,-0.00023587743111730397,0.0,0.0,0.0,21.332577772402356,21.332665772402354,8.79999999980896e-05,0.0,0.0,0.0,365.206751377808,365.143966377808,-0.06278500000001941,78.92513955129343,78.9115418736963,-0.013597677597132929,0.8751036337350281,0.8737261330050909,-0.0013775007299371422,1.0,1.0,0.0,0.9319231720005892,0.9323682984900665,0.00044512648947736544,79.80024318502848,79.78526800670137,-0.01497517832710571,11322.555098451448,11247.319465274877,-75.23563317657135,84.10922227823856,84.3048812263315,0.19565894809294093
c-main,main_00009_OD_IJSH_649c24e274eb,OD_IJSH,main_00009,20264009,True,True,0,0,True,793.1647432968437,793.2401192968438,0,0,0,0,0,0,793.1647432968437,793.2401192968438,0.07537600000011935,0.9892970222432809,0.9885094488188915,-0.0007875734243893984,0.0,0.0,0.0,0.9151659822907232,0.9133989234986029,-0.0017670587921203573,0.13683587062295222,0.13692698691476157,9.111629180935665e-05,1.0,1.0,0.0,0.9850682112783573,0.9850149270707501,-5.328420760719599e-05,1.0,1.0,0.0,0.8631641293770478,0.8630730130852384,-9.111629180935665e-05,0.0,0.0,0.0,125.98780810847543,125.97169110847544,-0.016116999999994164,0.0,0.0,0.0,372.61570367104997,372.64003867105,0.024335000000007767,81.45014545544241,81.45552319200837,0.0053777365659613,1.1356715791297887,1.1358074608011952,0.00013588167140654583,1.0,1.0,0.0,0.9319231720005892,0.9323682984900665,0.00044512648947736544,82.58581703457222,82.59133065280956,0.005513618237344531,11218.56013544373,11235.047087679226,16.486952235496574,93.69623883086473,93.82821872905603,0.13197989819130385
c-main,main_00009_OD_JSH_f3083469f54a,OD_JSH,main_00009,20264009,True,True,0,0,False,789.0978702968437,795.2396752968438,0,0,0,0,0,0,789.0978702968437,795.2396752968438,6.14180500000009,0.9892970222432809,0.9885094488188915,-0.0007875734243893984,0.0,0.0,0.0,0.9134596074134236,0.9119592017991032,-0.0015004056143204103,0.13692012623990235,0.13673063142104191,-0.00018949481886043618,1.0,1.0,0.0,0.9851614858533824,0.9865433158114724,0.0013818299580899973,1.0,1.0,0.0,0.8630798737600976,0.8632693685789581,0.00018949481886043618,0.0,0.0,0.0,125.98780810847543,125.97169110847544,-0.016116999999994164,0.0,0.0,0.0,340.4165941142664,289.03678809299697,-51.37980602126942,76.11469358075502,67.5476561394117,-8.567037441343317,1.2388853400481366,1.2363813723511428,-0.002503967696993792,1.0,1.0,0.0,0.9319231720005892,0.9323682984900665,0.00044512648947736544,77.35357892080316,68.78403751176286,-8.569541409040298,11015.922754523193,9571.87971106169,-1444.0430434615027,88.39757068778819,79.473493384065,-8.924077303723195
c-main,main_00010_CEN_87d48facd963,CEN,main_00010,20264010,True,True,0,0,True,1126.0241275701476,1126.0334585701476,0,0,0,0,0,0,1126.0241275701476,1126.0334585701476,0.009330999999974665,0.9199558526766232,0.9205659239280679,0.0006100712514447437,0.0,0.0,0.0,0.8733709699703389,0.8731925775049472,-0.00017839246539175235,0.11433272270122208,0.11458381317711552,0.00025109047589344513,1.0,1.0,0.0,0.9850418280109834,0.9850229257283926,-1.8902282590826935e-05,1.0,1.0,0.0,0.8856672772987779,0.8854161868228845,-0.00025109047589344513,47.475904,47.471942,-0.003962000000001353,131.00434818911947,130.9707351891195,-0.033612999999974136,94.13648131619311,94.12072186619311,-0.01575945000000445,131.00434818911947,130.9707351891195,-0.033612999999974136,58.47098175707918,58.46205314128219,-0.008928615796989448,3.3740714289275298,3.366424028337919,-0.0076474005896107755,1.0,1.0,0.0,1.0,1.0,0.0,61.8450531860067,61.82847716962011,-0.016576016386594006,10317.39546844854,10302.300143086968,-15.095325361571668,66.37307484196411,66.56821243731191,0.19513759534780206
c-main,main_00010_IJSH_9e13829e4529,IJSH,main_00010,20264010,True,True,0,0,True,1105.9404025701476,1105.7271385701476,0,0,0,0,0,0,1105.9404025701476,1105.7271385701476,-0.21326399999998102,0.9262631374933941,0.9266735244674769,0.00041038697408279923,0.0,0.0,0.0,0.8877241341885476,0.8877549344534454,3.0800264897878904e-05,0.14173451589259045,0.14181734031477367,8.282442218321417e-05,1.0,1.0,0.0,0.9867217371239687,0.9866240773004281,-9.765982354059677e-05,1.0,1.0,0.0,0.8582654841074095,0.8581826596852263,-8.282442218321417e-05,47.475904,47.471942,-0.003962000000001353,218.7122445730887,218.6526685730887,-0.059575999999992746,152.87621680951833,152.8441281095183,-0.03208870000003117,298.8321638843235,298.75189588432346,-0.08026800000004641,11.07567439077053,11.07265743861592,-0.003016952154609953,4.714340760191459,4.700905853273387,-0.013434906918072365,1.0,1.0,0.0,1.0,1.0,0.0,15.790015150961986,15.773563291889301,-0.016451859072684982,29105.96461633929,29071.268107670607,-34.69650866868324,61.082017062593934,60.905560552608776,-0.17645650998515805
c-main,main_00010_JSH_d3b8ddc50a8f,JSH,main_00010,20264010,True,True,0,0,True,1145.3188695701474,1145.2072605701476,0,0,0,0,0,0,1145.3188695701474,1145.2072605701476,-0.11160899999981666,0.9268786253058596,0.9273039720507137,0.00042534674485406043,0.0,0.0,0.0,0.8871282680795736,0.8872630061128752,0.00013473803330166234,0.1416449471176563,0.1417418095799461,9.68624622897929e-05,1.0,1.0,0.0,0.9846892458841908,0.9845984702229809,-9.077566120996305e-05,1.0,1.0,0.0,0.8583550528823437,0.8582581904200539,-9.68624622897929e-05,47.475904,47.471942,-0.003962000000001353,276.8561738157235,276.8035538157235,-0.05261999999999034,145.18462028550783,145.16220838550782,-0.0224119000000087,276.8561738157235,276.8035538157235,-0.05261999999999034,17.35537384930721,17.351761125738825,-0.0036127235683842684,4.872078061286001,4.853428542820118,-0.018649518465883475,1.0,1.0,0.0,1.0,1.0,0.0,22.22745191059321,22.20518966855894,-0.02226224203426952,32374.2578489096,32324.337095263774,-49.92075364582706,72.89694841295363,72.74144057280964,-0.1555078401439971
c-main,main_00010_OD_CEN_b26f6d51b854,OD_CEN,main_00010,20264010,True,True,0,0,True,1126.2288315701476,1126.2480175701476,0,0,0,0,0,0,1126.2288315701476,1126.2480175701476,0.0191859999999906,0.9216595163740045,0.92166102287557,1.5065015654958103e-06,0.0,0.0,0.0,0.8696802521632081,0.8679568729319898,-0.0017233792312183471,0.11414490722579107,0.11427964914209521,0.00013474191630413745,1.0,1.0,0.0,0.9846862442733392,0.984654560508196,-3.168376514317561e-05,1.0,1.0,0.0,0.8858550927742089,0.8857203508579048,-0.00013474191630413745,37.067618,37.063636,-0.003982000000000596,130.9728811891195,130.9905031891195,0.017621999999988702,130.9728811891195,130.9905031891195,0.017621999999988702,262.770528,262.71819400000004,-0.05233399999997346,58.49142812763375,58.4848764691933,-0.006551658440450581,4.024183161079627,4.015946808211452,-0.008236352868174812,1.0,1.0,0.0,1.0,1.0,0.0,62.51561128871338,62.500823277404756,-0.014788011308624505,11791.424687829902,11920.462211637661,129.0375238077595,67.07682044884025,67.22706627503875,0.1502458261984998
c-main,main_00010_OD_IJSH_c5c6a315753b,OD_IJSH,main_00010,20264010,True,True,0,0,True,1106.0469015701476,1105.8877125701476,0,0,0,0,0,0,1106.0469015701476,1105.8877125701476,-0.15918899999996938,0.9292193862166258,0.9289961202499932,-0.0002232659666325798,0.0,0.0,0.0,0.8753847849264418,0.8734932890183504,-0.0018914959080913452,0.1449372213382074,0.14500794671371664,7.072537550922853e-05,1.0,1.0,0.0,0.9864127745570174,0.9863106808694321,-0.0001020936875852918,1.0,1.0,0.0,0.8550627786617926,0.8549920532862834,-7.072537550922853e-05,37.067618,37.063636,-0.003982000000000596,218.7105365730887,218.68117857308872,-0.029357999999973572,166.96798795000183,176.09204965000242,9.124061700000595,299.0329538843235,298.9740788843235,-0.058875000000000455,11.075587896976382,11.0741011962688,-0.0014867007075825,5.359213191360965,5.347877987659736,-0.01133520370122909,1.0,1.0,0.0,1.0,1.0,0.0,16.434801088337345,16.42197918392853,-0.012821904408813367,29895.226592750572,29958.59491101442,63.36831826384878,61.807008427487595,61.581392341056066,-0.22561608643152908
c-main,main_00010_OD_JSH_b060ed662876,OD_JSH,main_00010,20264010,True,True,0,0,True,1146.2679675701474,1146.1042065701477,0,0,0,0,0,0,1146.2679675701474,1146.1042065701477,-0.16376099999979488,0.9296797178330038,0.9294918356570243,-0.00018788217597953683,0.0,0.0,0.0,0.8717806214910215,0.8702214575273286,-0.0015591639636929333,0.14476423871362742,0.144847334620261,8.309590663357902e-05,1.0,1.0,0.0,0.984360344228105,0.9842606031123249,-9.974111578014977e-05,1.0,1.0,0.0,0.8552357612863726,0.855152665379739,-8.309590663357902e-05,37.067618,37.063636,-0.003982000000000596,277.79286781572347,277.75231281572354,-0.04055499999992662,166.96798795000183,176.09204965000242,9.124061700000595,277.79286781572347,277.75231281572354,-0.04055499999992662,17.400505106944255,17.399666298388077,-0.0008388085561783498,5.5266009476583475,5.509941629788525,-0.016659317869822665,1.0,1.0,0.0,1.0,1.0,0.0,22.927106054602596,22.909607928176595,-0.017498126426001903,33716.259902317026,33740.84818458356,24.588282266537135,73.77911010792901,73.57950038745709,-0.19960972047192627
c-main,main_00011_CEN_abeef4156c44,CEN,main_00011,20264011,True,True,0,0,True,1136.031682028287,1135.980485028287,0,0,0,0,0,0,1136.031682028287,1135.980485028287,-0.051197000000001935,0.9916125253451362,0.9916139769791426,1.4516340063330802e-06,0.0,0.0,0.0,0.9866470818756343,0.9866479167407929,8.348651585610156e-07,0.18746303355987293,0.18748085778589063,1.782422601770417e-05,1.0,1.0,0.0,0.9865275254760448,0.9865465574355676,1.9031959522797237e-05,1.0,1.0,0.0,0.8125369664401271,0.8125191422141094,-1.782422601770417e-05,0.0,0.0,0.0,0.0,0.0,0.0,0.0,0.0,0.0,17.053822,17.051169,-0.002652999999998684,71.55146636899877,71.55513583540808,0.00366946640930621,1.3938342950636045,1.3665210532023622,-0.027313241861242288,1.0,1.0,0.0,1.0,1.0,0.0,72.94530066406236,72.92165688861046,-0.02364377545190166,4414.322014302745,4414.05654966763,-0.2654646351147676,74.73977791752814,74.71629282425965,-0.023485093268490687
c-main,main_00011_IJSH_580ed6962a92,IJSH,main_00011,20264011,True,True,0,0,True,1046.760234028287,1046.574503028287,0,0,0,0,0,0,1046.760234028287,1046.574503028287,-0.1857310000000325,0.9916099232577897,0.9916099714399673,4.8182177581068686e-08,0.0,0.0,0.0,0.9712622674896618,0.9712625346942638,2.672046020002483e-07,0.05862075540435374,0.05863990072983227,1.9145325478531205e-05,1.0,1.0,0.0,0.9942661087435192,0.9942330224030428,-3.308634047638481e-05,1.0,1.0,0.0,0.9413792445956463,0.9413600992701677,-1.9145325478531205e-05,0.0,0.0,0.0,0.0,0.0,0.0,0.0,0.0,0.0,17.053822,17.051169,-0.002652999999998684,27.314399196041347,27.309956859954127,-0.004442336087219445,0.8829712573645457,0.8841522968011971,0.0011810394366513766,1.0,1.0,0.0,1.0,1.0,0.0,28.197370453405895,28.194109156755328,-0.0032612966505674024,323.7772946865415,323.6822659294417,-0.09502875709978298,28.98494284919352,29.060924597287954,0.07598174809443492
c-main,main_00011_JSH_8b7981311c63,JSH,main_00011,20264011,True,True,0,0,True,1066.0280830282868,1066.0302170282866,0,0,0,0,0,0,1066.0280830282868,1066.0302170282866,0.0021339999998417625,0.9916134677223596,0.991613338857219,-1.288651405584318e-07,0.0,0.0,0.0,0.9744235973491631,0.9744253074185649,1.7100694018612472e-06,0.06881859689663206,0.06901698552529123,0.00019838862865917406,1.0,1.0,0.0,0.9898118432754266,0.9897702037455469,-4.1639529879677895e-05,1.0,1.0,0.0,0.9311814031033679,0.9309830144747088,-0.00019838862865917406,0.0,0.0,0.0,0.0,0.0,0.0,0.0,0.0,0.0,17.053822,17.051169,-0.002652999999998684,49.29377357399813,49.30083812945947,0.00706455546134066,1.0862247794711797,1.0937587627055436,0.007533983234363939,1.0,1.0,0.0,1.0,1.0,0.0,50.379998353469304,50.39459689216502,0.014598538695715035,496.104309631169,496.0824113330284,-0.021898298140570205,51.98436403386639,52.078583178528994,0.09421914466260262
c-main,main_00011_OD_CEN_951c100293eb,OD_CEN,main_00011,20264011,True,True,0,0,True,1135.885641028287,1135.8832020282869,0,0,0,0,0,0,1135.885641028287,1135.8832020282869,-0.002439000000094893,0.9799660881935932,0.979965987389934,-1.0080365919762357e-07,0.0,0.0,0.0,0.9581111956546742,0.956840434365912,-0.0012707612887621345,0.18742912008046053,0.1874012804501427,-2.7839630317827435e-05,1.0,1.0,0.0,0.9856039823897916,0.9856101891461493,6.206756357651777e-06,1.0,1.0,0.0,0.8125708799195395,0.8125987195498573,2.7839630317827435e-05,0.0,0.0,0.0,0.0,0.0,0.0,0.0,0.0,0.0,198.85570500000003,198.86038399999995,0.004678999999924827,71.5316446350697,71.5420860470181,0.010441411948406198,1.1771087307150436,1.1495833363206125,-0.027525394394431135,1.0,1.0,0.0,1.0,1.0,0.0,72.70875336578476,72.6916693833387,-0.017083982446052914,5911.770655596098,5678.916787355414,-232.85386824068337,74.5026393339232,74.48591723240658,-0.01672210151662057
c-main,main_00011_OD_IJSH_40a7324595a5,OD_IJSH,main_00011,20264011,True,True,0,0,True,1046.9261190282866,1046.7496390282865,0,0,0,0,0,0,1046.9261190282866,1046.7496390282865,-0.17648000000008324,0.9799661439873353,0.979966143203786,-7.835492255026111e-10,0.0,0.0,0.0,0.9486832357045669,0.9484487538678581,-0.00023448183670882194,0.06394324960685016,0.06375649169105124,-0.00018675791579891854,1.0,1.0,0.0,0.9932853511564397,0.9932609853039279,-2.436585251175405e-05,1.0,1.0,0.0,0.9360567503931498,0.9362435083089488,0.00018675791579891854,0.0,0.0,0.0,0.0,0.0,0.0,0.0,0.0,0.0,91.05865102116668,91.06253297116668,0.0038819499999931395,27.33477377745635,27.332608629072283,-0.0021651483840656738,0.6812193743936585,0.6780062929623041,-0.0032130814313544587,1.0,1.0,0.0,1.0,1.0,0.0,28.015993151850004,28.01061492203459,-0.005378229815413249,1886.7835386012111,1888.834565823215,2.0510272220037677,28.820648512875717,28.830536950522873,0.009888437647155968
c-main,main_00011_OD_JSH_facb39055378,OD_JSH,main_00011,20264011,True,True,0,0,True,1066.3276210282868,1066.0997560282865,0,0,0,0,0,0,1066.3276210282868,1066.0997560282865,-0.22786500000029264,0.9799661439873353,0.979966143203786,-7.835492255026111e-10,0.0,0.0,0.0,0.9501047727109839,0.9498709779199646,-0.0002337947910193705,0.07480822634903739,0.0745658117309893,-0.0002424146180480813,1.0,1.0,0.0,0.988830380451147,0.9888115475847388,-1.8832866408247106e-05,1.0,1.0,0.0,0.9251917736509626,0.9254341882690107,0.0002424146180480813,0.0,0.0,0.0,0.0,0.0,0.0,0.0,0.0,0.0,91.05865102116668,91.06253297116668,0.0038819499999931395,49.326560961366646,49.31852569970074,-0.008035261665902738,0.8803941537574839,0.8772992850900526,-0.0030948686674312498,1.0,1.0,0.0,1.0,1.0,0.0,50.206955115124124,50.1958249847908,-0.01113013033332777,2054.000673913927,2055.9598762966925,1.9592023827653975,51.8124399399761,51.80103651795169,-0.011403422024415022
c-main,main_00012_CEN_941f394ef1c8,CEN,main_00012,20264012,True,True,0,0,True,1065.8958721789013,1066.1331091789011,0,0,0,0,0,0,1065.8958721789013,1066.1331091789011,0.23723699999982273,0.9983164983164983,0.9983164983164983,0.0,0.0,0.0,0.0,0.9281999368568921,0.9296660735448259,0.0014661366879338278,0.10902282045620859,0.10954216149643325,0.0005193410402246634,1.0,1.0,0.0,0.9799226755781398,0.9798183302022899,-0.00010434537584991244,1.0,1.0,0.0,0.8909771795437914,0.8904578385035667,-0.0005193410402246634,0.0,0.0,0.0,96.78077226591122,96.77372926591121,-0.0070430000000101245,0.0,0.0,0.0,96.78077226591122,96.77372926591121,-0.0070430000000101245,102.79999897516457,102.83099655088697,0.030997575722395254,1.880279483026083,1.8673673890470546,-0.012912093979028372,1.0,1.0,0.0,0.9930466712380657,0.9929365270023499,-0.00011014423571575893,104.68027845819066,104.69836393993401,0.018085481743355558,11769.609625727526,11987.491765465456,217.88213973793063,107.05994329292088,107.14019666289988,0.08025336997900467
c-main,main_00012_IJSH_5a3f2f8d0e71,IJSH,main_00012,20264012,True,True,0,0,True,1037.7980601789013,1037.6465681789014,0,0,0,0,0,0,1037.7980601789013,1037.6465681789014,-0.151491999999962,0.9983164983164983,0.9983164983164983,0.0,0.0,0.0,0.0,0.9002049483808481,0.9022810226710447,0.002076074290196628,0.13728816592212922,0.1372882199476121,5.4025482865149854e-08,1.0,1.0,0.0,0.9847077648629746,0.9846284868918058,-7.927797116880075e-05,1.0,1.0,0.0,0.8627118340778708,0.8627117800523879,-5.4025482865149854e-08,0.0,0.0,0.0,215.03403843087636,215.04714743087632,0.013108999999957405,0.0,0.0,0.0,215.03403843087636,215.04714743087632,0.013108999999957405,70.21750579543524,70.21490483548665,-0.00260095994859455,3.0568587046156774,3.064903463832133,0.008044759216455422,1.0,1.0,0.0,0.9930466712380657,0.9929365270023499,-0.00011014423571575893,73.27436450005094,73.2798082993188,0.0054437992678657565,10510.947854289685,10473.652735574982,-37.29511871470277,75.05579829230994,75.26123913796091,0.2054408456509691
c-main,main_00012_JSH_b8000038b65d,JSH,main_00012,20264012,True,True,0,0,True,998.3969561789014,998.2798581789013,0,0,0,0,0,0,998.3969561789014,998.2798581789013,-0.11709800000005544,0.9983164983164983,0.9983164983164983,0.0,0.0,0.0,0.0,0.8954835843620526,0.8969667053615367,0.001483120999484111,0.13787301029725996,0.1378063556667659,-6.665463049404519e-05,1.0,1.0,0.0,0.9809734336364314,0.9809078619237589,-6.55717126725186e-05,1.0,1.0,0.0,0.86212698970274,0.8621936443332341,6.665463049404519e-05,0.0,0.0,0.0,235.03967705493156,235.05749205493152,0.01781499999995617,0.0,0.0,0.0,389.9073883354107,389.92001033541055,0.012621999999851141,76.50972268942027,76.50991553725216,0.00019284783188311394,3.6967962407425237,3.695335169128634,-0.0014610716138898638,1.0,1.0,0.0,0.9930466712380657,0.9929365270023499,-0.00011014423571575893,80.2065189301628,80.20525070638078,-0.0012682237820200726,16233.51022464225,16207.435550951766,-26.074673690483905,82.96529773205259,83.08544447874318,0.12014674669059389
c-main,main_00012_OD_CEN_a01bfd5759db,OD_CEN,main_00012,20264012,True,True,0,0,True,1066.1674491789013,1066.6339851789014,0,0,0,0,0,0,1066.1674491789013,1066.6339851789014,0.46653600000013284,0.9983164983164983,0.9983164983164983,0.0,0.0,0.0,0.0,0.9298139276630852,0.9305163179049962,0.0007023902419109884,0.11195527394556815,0.11243532776910925,0.0004800538235411045,1.0,1.0,0.0,0.9796119000198119,0.9795215759950531,-9.032402475883661e-05,1.0,1.0,0.0,0.8880447260544319,0.8875646722308907,-0.0004800538235411045,0.0,0.0,0.0,96.76761926591124,96.78268526591123,0.015065999999990254,0.0,0.0,0.0,96.76761926591124,96.78268526591123,0.015065999999990254,102.81202415650404,102.88030342992195,0.06827927341791451,2.02655934296337,2.0168495262284334,-0.009709816734936538,1.0,1.0,0.0,0.9930466712380657,0.9929365270023499,-0.00011014423571575893,104.83858349946739,104.89715295615039,0.05856945668300284,13016.945415552012,13153.544404256581,136.5989887045689,108.58406843635849,108.92707016186398,0.3430017255054878
c-main,main_00012_OD_IJSH_6cb3ef9972cf,OD_IJSH,main_00012,20264012,True,True,0,0,True,1038.6359501789016,1038.5429651789013,0,0,0,0,0,0,1038.6359501789016,1038.5429651789013,-0.09298500000022614,0.9983164983164983,0.9983164983164983,0.0,0.0,0.0,0.0,0.8999490804876615,0.8992569083852429,-0.0006921721024186755,0.13756338440856541,0.13730750644979195,-0.000255877958773465,1.0,1.0,0.0,0.9843755083378773,0.9842469121427109,-0.00012859619516647491,1.0,1.0,0.0,0.8624366155914346,0.862692493550208,0.000255877958773465,0.0,0.0,0.0,215.02798043087634,215.04549043087633,0.017509999999987258,0.0,0.0,0.0,215.02798043087634,215.04549043087633,0.017509999999987258,70.28770364558846,70.29636199946722,0.008658353878757907,3.1942984987866865,3.2029649110370193,0.008666412250332822,1.0,1.0,0.0,0.9930466712380657,0.9929365270023499,-0.00011014423571575893,73.48200214437514,73.49932691050425,0.01732476612910716,10537.300738384003,10596.581083409532,59.28034502552873,76.76230436870928,77.36374561665221,0.6014412479429296
c-main,main_00012_OD_JSH_bacf0cee9bd7,OD_JSH,main_00012,20264012,True,True,0,0,True,998.5125121789014,998.5331491789013,0,0,0,0,0,0,998.5125121789014,998.5331491789013,0.020636999999965155,0.9983164983164983,0.9983164983164983,0.0,0.0,0.0,0.0,0.8953877750378179,0.8947647486761683,-0.0006230263616495701,0.13797645774533718,0.13778361626257318,-0.0001928414827639946,1.0,1.0,0.0,0.9806379385959113,0.9805221825978218,-0.00011575599808955062,1.0,1.0,0.0,0.8620235422546628,0.8622163837374268,0.0001928414827639946,0.0,0.0,0.0,235.03957905493155,235.0712740549315,0.03169499999995651,0.0,0.0,0.0,389.8799503354107,389.8926993354106,0.012748999999928401,76.50281196227515,76.50452462409169,0.0017126618165406171,3.833983377271709,3.835905853963064,0.0019224766913552571,1.0,1.0,0.0,0.9930466712380657,0.9929365270023499,-0.00011014423571575893,80.33679533954685,80.34043047805476,0.0036351385079029797,16284.079870525422,16399.967475141293,115.88760461587117,84.59543243933886,85.17484043709165,0.5794079977527815
c-main,main_00013_CEN_929fa211e09c,CEN,main_00013,20264013,True,True,0,0,True,727.3311867505433,727.3279417505433,0,0,0,0,0,0,727.3311867505433,727.3279417505433,-0.003244999999992615,0.9895972978884338,0.9895972513812241,-4.650720963894628e-08,0.0,0.0,0.0,0.9461365176316212,0.9461362063275507,-3.113040705216008e-07,0.11862965602440378,0.11849095438418744,-0.00013870164021634324,1.0,1.0,0.0,0.9797846969197164,0.9796986018061195,-8.60951135969179e-05,1.0,1.0,0.0,0.8813703439755962,0.8815090456158126,0.00013870164021634324,0.0,0.0,0.0,0.0,0.0,0.0,0.0,0.0,0.0,212.462197,212.46506700000003,0.002870000000029904,72.87399314211049,72.88036490975908,0.006371767648587934,1.3833285464862157,1.3731195524415671,-0.01020899404464859,1.0,1.0,0.0,1.0,1.0,0.0,74.2573216885967,74.25348446220066,-0.0038372263960440023,5269.969706184522,5270.598724856464,0.6290186719425037,74.6683341332076,74.73289194250637,0.06455780929877619
c-main,main_00013_IJSH_92f1d59b5447,IJSH,main_00013,20264013,True,True,0,0,True,767.8419277505433,767.9063137505433,0,0,0,0,0,0,767.8419277505433,767.9063137505433,0.06438600000001315,0.9843361958537546,0.9843368654828404,6.696290857366449e-07,0.0,0.0,0.0,0.9528038362320834,0.9528043742158665,5.379837830776779e-07,0.09551944272460156,0.09568686876394594,0.00016742603934438716,1.0,1.0,0.0,0.9907585537146757,0.9907388925974723,-1.966111720341779e-05,1.0,1.0,0.0,0.9044805572753984,0.9043131312360541,-0.00016742603934438716,0.0,0.0,0.0,0.0,0.0,0.0,0.0,0.0,0.0,55.35038529112981,55.35559529112981,0.0052099999999981605,36.45487412746243,36.46704411411797,0.012169986655536036,1.637030313769686,1.627524029957702,-0.009506283811983929,1.0,1.0,0.0,1.0,1.0,0.0,38.09190444123212,38.094568144075666,0.0026637028435487764,2626.18596552638,2626.983947342479,0.7979818160988543,37.708983163560696,37.822915201507506,0.11393203794681028
c-main,main_00013_JSH_02a714173897,JSH,main_00013,20264013,True,True,0,0,True,740.0843047505433,740.1879927505435,0,0,0,0,0,0,740.0843047505433,740.1879927505435,0.10368800000014744,0.9834714897342844,0.9834725207909873,1.03105670290482e-06,0.0,0.0,0.0,0.9501721063722528,0.95017388356751,1.7771952571798977e-06,0.09869210551048979,0.09874743552884646,5.533001835666962e-05,1.0,1.0,0.0,0.9907416748120045,0.990729985318623,-1.1689493381483729e-05,1.0,1.0,0.0,0.9013078944895102,0.9012525644711535,-5.533001835666962e-05,0.0,0.0,0.0,0.0,0.0,0.0,0.0,0.0,0.0,55.35038529112981,55.35559529112981,0.0052099999999981605,35.291805407930696,35.30434568692989,0.01254027899919663,1.495133959118776,1.4845425732130222,-0.010591385905753814,1.0,1.0,0.0,1.0,1.0,0.0,36.78693936704946,36.78888826014292,0.0019488930934556947,2021.2420339343907,2022.0520422867785,0.8100083523877402,36.456675398306686,36.5381547761586,0.08147937785191317
c-main,main_00013_OD_CEN_20124b30f032,OD_CEN,main_00013,20264013,True,True,0,0,True,727.3658537505434,727.3591887505432,0,0,0,0,0,0,727.3658537505434,727.3591887505432,-0.0066650000001118315,0.9879108948302291,0.9879106734197376,-2.2141049149659864e-07,0.0,0.0,0.0,0.947187623053438,0.9471876020735743,-2.097986362414872e-08,0.11487163682119761,0.11491279547929467,4.115865809706243e-05,1.0,1.0,0.0,0.9799609975965593,0.9798796134564859,-8.138414007341499e-05,1.0,1.0,0.0,0.8851283631788024,0.8850872045207053,-4.115865809706243e-05,0.0,0.0,0.0,0.0,0.0,0.0,0.0,0.0,0.0,137.83076699999998,137.82693399999997,-0.003833000000014408,72.87818999470869,72.88315414430318,0.004964149594485434,1.2656103847178504,1.2546085240072444,-0.011001860710605937,1.0,1.0,0.0,1.0,1.0,0.0,74.14380037942655,74.13776266831042,-0.006037711116135824,5151.5538554658115,5152.244092772936,0.6902373071243346,74.55255695118954,74.64747962665848,0.09492267546893629
c-main,main_00013_OD_IJSH_d67d6cbe23c2,OD_IJSH,main_00013,20264013,True,True,0,0,True,767.8575157505434,767.9623367505434,0,0,0,0,0,0,767.8575157505434,767.9623367505434,0.10482100000001537,0.9854730745575293,0.9854737979884718,7.234309424841712e-07,0.0,0.0,0.0,0.953261415465886,0.9532625762948939,1.1608290078068961e-06,0.07602983591889745,0.07605508909276881,2.525317387136461e-05,1.0,1.0,0.0,0.9909399480012022,0.9909060535796711,-3.38944215311221e-05,1.0,1.0,0.0,0.9239701640811026,0.9239449109072312,-2.525317387136461e-05,0.0,0.0,0.0,0.0,0.0,0.0,0.0,0.0,0.0,55.35038529112981,55.35559529112981,0.0052099999999981605,36.460579982050724,36.46959205889829,0.009012076847568551,1.5144118953577028,1.506515767480765,-0.00789612787693783,1.0,1.0,0.0,1.0,1.0,0.0,37.97499187740843,37.97610782637907,0.0011159489706429326,2503.722045532257,2504.5045549860083,0.7825094537511177,37.56596058523241,37.619195857424835,0.05323527219242408
c-main,main_00013_OD_JSH_5427f87a753f,OD_JSH,main_00013,20264013,True,True,0,0,True,740.1216377505433,740.1995797505434,0,0,0,0,0,0,740.1216377505433,740.1995797505434,0.07794200000012097,0.9847950824120815,0.984795885310801,8.028987195096704e-07,0.0,0.0,0.0,0.950585377597363,0.9505852107640407,-1.6683332226818948e-07,0.07379134829098866,0.0738354007232026,4.4052432213947945e-05,1.0,1.0,0.0,0.9909411246071986,0.9909090907879243,-3.2033819274301933e-05,1.0,1.0,0.0,0.9262086517090113,0.9261645992767974,-4.4052432213947945e-05,0.0,0.0,0.0,0.0,0.0,0.0,0.0,0.0,0.0,55.35038529112981,55.35559529112981,0.0052099999999981605,35.29800699565858,35.30609405588916,0.008087060230579368,1.3703020169432303,1.3681813349654521,-0.0021206819777781494,1.0,1.0,0.0,1.0,1.0,0.0,36.668309012601824,36.67427539085462,0.005966378252793447,1898.0054872039245,1898.360781754687,0.3552945507624372,36.31873608743635,36.368622416760225,0.0498863293238756
c-main,main_00014_CEN_aa2924a10c23,CEN,main_00014,20264014,True,True,0,0,True,605.4125659141287,605.4377889141286,0,0,0,0,0,0,605.4125659141287,605.4377889141286,0.025222999999982676,0.9812108051123463,0.9809399695590117,-0.00027083555333451415,0.0,0.0,0.0,0.9722725974109006,0.972272298431273,-2.989796274999179e-07,0.17990316023810438,0.17985362244273495,-4.9537795369425375e-05,1.0,1.0,0.0,0.9940056935832612,0.993883599711264,-0.00012209387199713095,1.0,1.0,0.0,0.8200968397618956,0.820146377557265,4.9537795369425375e-05,0.0,0.0,0.0,0.0,0.0,0.0,0.0,0.0,0.0,0.0,0.0,0.0,8.374592855546343,8.374484203427022,-0.00010865211932120644,1.6078377395192416,1.6125302986481167,0.004692559128875118,1.0,1.0,0.0,1.0,1.0,0.0,9.982430595065583,9.987014502075137,0.004583907009553911,3740.2334662130515,3740.396089353387,0.16262314033565417,16.803677791095115,16.987294014549807,0.18361622345469186
c-main,main_00014_IJSH_47a7471cb9a3,IJSH,main_00014,20264014,True,True,0,0,True,588.0580199141287,588.0647139141287,0,0,0,0,0,0,588.0580199141287,588.0647139141287,0.006693999999924927,0.9760202714731163,0.9757961705546523,-0.0002241009184640319,0.0,0.0,0.0,0.9700753827526054,0.9700760057267761,6.229741706942349e-07,0.15678202088131588,0.15694469279164636,0.00016267191033048078,1.0,1.0,0.0,0.9936849217551799,0.9935843261182788,-0.00010059563690101303,1.0,1.0,0.0,0.8432179791186841,0.8430553072083536,-0.00016267191033048078,0.0,0.0,0.0,0.0,0.0,0.0,0.0,0.0,0.0,0.0,0.0,0.0,11.820195925881057,11.819838624962694,-0.00035730091836327915,1.5791761529905843,1.5869300775831454,0.007753924592561079,1.0,1.0,0.0,1.0,1.0,0.0,13.399372078871641,13.40676870254584,0.007396623674198466,2955.413748373015,2955.292696353621,-0.12105201939402832,15.459092384598302,15.546720187771719,0.08762780317341701
c-main,main_00014_JSH_66f52ad4b731,JSH,main_00014,20264014,True,True,0,0,True,607.7274529141288,607.7152529141288,0,0,0,0,0,0,607.7274529141288,607.7152529141288,-0.012200000000007094,0.9751883916801134,0.9750548665380228,-0.00013352514209064026,0.0,0.0,0.0,0.9672100985977139,0.9672104625883318,3.639906178687369e-07,0.23855887748602211,0.23866946156771796,0.00011058408169584144,1.0,1.0,0.0,0.9918992105526111,0.991790532057078,-0.00010867849553308773,1.0,1.0,0.0,0.7614411225139779,0.761330538432282,-0.00011058408169584144,0.0,0.0,0.0,0.0,0.0,0.0,0.0,0.0,0.0,0.0,0.0,0.0,14.747588562958509,14.74643226860485,-0.0011562943536578274,2.189501206356947,2.1996185563799586,0.010117350023011618,1.0,1.0,0.0,1.0,1.0,0.0,16.93708976931546,16.94605082498481,0.00896105566934935,4661.8679603702385,4661.306547952495,-0.5614124177436679,18.85307235600709,18.919796562048834,0.06672420604174434
c-main,main_00014_OD_CEN_61285716bd88,OD_CEN,main_00014,20264014,True,True,0,0,True,605.3913849141287,605.4126729141286,0,0,0,0,0,0,605.3913849141287,605.4126729141286,0.021287999999913154,0.981210668787464,0.9810596851977109,-0.00015098358975307313,0.0,0.0,0.0,0.9722728639645299,0.9722726144779243,-2.494866055968714e-07,0.17995985714802398,0.17987785618145835,-8.200096656563183e-05,1.0,1.0,0.0,0.9940098712616982,0.9938994000970162,-0.00011047116468199114,1.0,1.0,0.0,0.820040142851976,0.8201221438185416,8.200096656563183e-05,0.0,0.0,0.0,0.0,0.0,0.0,0.0,0.0,0.0,0.0,0.0,0.0,8.374592855546343,8.374484203427022,-0.00010865211932120644,1.5826231332153904,1.5867824437082811,0.004159310492890755,1.0,1.0,0.0,1.0,1.0,0.0,9.957215988761734,9.961266647135302,0.004050658373568439,3739.8043154906527,3739.8872012040492,0.08288571339653572,16.779503237509434,16.959454528276865,0.17995129076743055
c-main,main_00014_OD_IJSH_c7dd69e4d019,OD_IJSH,main_00014,20264014,True,True,0,0,True,588.0457989141288,588.0613509141286,0,0,0,0,0,0,588.0457989141288,588.0613509141286,0.015551999999843247,0.9760199978519952,0.975895476615833,-0.00012452123616224497,0.0,0.0,0.0,0.9700752826573324,0.9700759781877359,6.955304034939047e-07,0.15677160143860047,0.1569137852500806,0.00014218381148012327,1.0,1.0,0.0,0.9936902163850986,0.9935938300714925,-9.63863136060894e-05,1.0,1.0,0.0,0.8432283985613995,0.8430862147499194,-0.00014218381148012327,0.0,0.0,0.0,0.0,0.0,0.0,0.0,0.0,0.0,0.0,0.0,0.0,11.819766910212389,11.819720567545646,-4.634266674230503e-05,1.5547659708745358,1.5632601554979555,0.008494184623419665,1.0,1.0,0.0,1.0,1.0,0.0,13.374532881086925,13.382980723043602,0.008447841956677138,2955.2191357537595,2955.2391432114755,0.020007457716019417,15.430742434458503,15.522346013025567,0.09160357856706369
c-main,main_00014_OD_JSH_98026ebacc93,OD_JSH,main_00014,20264014,True,True,0,0,True,607.7274529141288,607.7152529141288,0,0,0,0,0,0,607.7274529141288,607.7152529141288,-0.012200000000007094,0.9751883916801134,0.9751141833800785,-7.420830003490586e-05,0.0,0.0,0.0,0.9672100985977139,0.9672104625883318,3.639906178687369e-07,0.23861108207267778,0.23865447952847907,4.339745580128618e-05,1.0,1.0,0.0,0.991902302330684,0.9918008120131776,-0.00010149031750639192,1.0,1.0,0.0,0.7613889179273222,0.7613455204715209,-4.339745580128618e-05,0.0,0.0,0.0,0.0,0.0,0.0,0.0,0.0,0.0,0.0,0.0,0.0,14.747588562958509,14.74643226860485,-0.0011562943536578274,2.1635201341263723,2.1747457996459065,0.01122566551953419,1.0,1.0,0.0,1.0,1.0,0.0,16.911108697084885,16.921178068250757,0.010069371165872809,4661.8679603702385,4661.306547952495,-0.5614124177436679,18.827091283776515,18.894923805314782,0.0678325215382678
c-main,main_00015_CEN_4ef3c8789814,CEN,main_00015,20264015,False,True,3,0,True,1440.0,2146.8998082158764,0,0,0,1,0,-1,1440.0,2146.8998082158764,706.8998082158764,0.43340831002877067,0.4332816120732592,-0.00012669795551145668,0.0004828360813204924,0.0,-0.0004828360813204924,0.44732637773459083,0.45043136048523547,0.003104982750644636,0.16076138685763575,0.1306750090665726,-0.030086377791063157,0.9995147626355785,1.0,0.0004852373644215202,0.9585822100910559,0.9720834012915748,0.013501191200518847,0.867,1.0,0.133,0.8392386131423643,0.8693249909334274,0.030086377791063157,326.3076315045395,326.3265725045395,0.01894100000004073,326.3076315045395,326.3265725045395,0.01894100000004073,326.3076315045395,326.3265725045395,0.01894100000004073,326.3076315045395,326.3265725045395,0.01894100000004073,86.74280778806155,87.72829214328132,0.9854843552197678,35.61033715634598,35.593293912915236,-0.017043243430741484,1.0,1.0,0.0,0.7975462604622002,0.7968916773684499,-0.0006545830937503272,122.35314494440752,123.32158605619657,0.9684411117890477,34561.48261470783,36343.36080125243,1781.8781865445999,191.37686119236608,192.78043915190503,1.40357795953895
c-main,main_00015_IJSH_8e95c3c5c61b,IJSH,main_00015,20264015,False,True,7,0,True,1440.0,2292.379836215876,308,0,-308,320,0,-320,1440.0,2292.379836215876,852.3798362158759,0.47095228494300545,0.4718128874969929,0.0008606025539874551,0.08720031082846647,0.0,-0.08720031082846647,0.4519151804709354,0.4559508141629549,0.004035633692019536,0.5710891800570992,0.5577600967271872,-0.013329083329912006,0.8500169666698758,1.0,0.1499830333301242,0.8473722101294971,0.851793344650471,0.004421134520973813,0.4297354172597064,1.0,0.5702645827402937,0.42891081994290076,0.4422399032728129,0.013329083329912117,1440.0,2239.220956337991,799.2209563379911,1440.0,2239.220956337991,799.2209563379911,1440.0,2239.220956337991,799.2209563379911,1440.0,2239.220956337991,799.2209563379911,279.14666256680874,427.54366534066344,148.3970027738547,117.10222048367402,176.32481086434765,59.22259038067364,0.7930779268530068,1.0,0.20692207314699318,0.7975462604622002,0.7968916773684499,-0.0006545830937503272,396.2488830504827,603.868476205011,207.61959315452833,498755.4386930861,1214288.4659156913,715533.0272226052,703.4816448763419,1082.3907098402,378.9090649638582
c-main,main_00015_JSH_f47d878c5609,JSH,main_00015,20264015,False,True,7,0,True,1440.0,2355.120925215876,308,0,-308,320,0,-320,1440.0,2355.120925215876,915.120925215876,0.4701512173544522,0.4715273863879794,0.0013761690335272192,0.08720031082846647,0.0,-0.08720031082846647,0.4515362389438671,0.4558545990570806,0.004318360113213515,0.5712116105013043,0.5581728338942121,-0.013038776607092184,0.8500169666698758,1.0,0.1499830333301242,0.8471908771903935,0.8516308437590983,0.004439966568704712,0.4297354172597064,1.0,0.5702645827402937,0.4287883894986957,0.44182716610578787,0.013038776607092184,1440.0,2301.962045337991,861.9620453379912,1440.0,2301.962045337991,861.9620453379912,1440.0,2301.962045337991,861.9620453379912,1440.0,2301.962045337991,861.9620453379912,279.16454395957413,439.36011927615687,160.19557531658273,117.17901865515226,181.0484934940646,63.869474838912325,0.7930779268530068,1.0,0.20692207314699318,0.7975462604622002,0.7968916773684499,-0.0006545830937503272,396.34356261472647,620.4086127702213,224.06505015549487,498272.2131964496,1283049.4502816454,784777.2370851957,703.5768273679132,1112.4235505899342,408.84672322202096
c-main,main_00015_OD_CEN_e0cc6d225b83,OD_CEN,main_00015,20264015,False,True,3,0,True,1440.0,2148.4987762158767,0,0,0,1,0,-1,1440.0,2148.4987762158767,708.4987762158767,0.4180665672894477,0.4178284569436306,-0.00023811034581711077,0.0004828360813204924,0.0,-0.0004828360813204924,0.4362909259988763,0.4385348878080646,0.0022439618091882885,0.16221571587727968,0.13175552790338174,-0.030460187973897934,0.9995147626355785,1.0,0.0004852373644215202,0.9566049160590553,0.9707332912965999,0.014128375237544621,0.867,1.0,0.133,0.8377842841227203,0.8682444720966183,0.030460187973897934,327.8423185045395,327.8651275045395,0.022808999999995194,327.8423185045395,327.8651275045395,0.022808999999995194,327.8423185045395,327.8651275045395,0.022808999999995194,327.8423185045395,327.8651275045395,0.022808999999995194,87.08125046535034,88.07301401247203,0.9917635471216926,219.49816626071845,219.44392779571967,-0.05423846499877527,1.0,1.0,0.0,0.7975462604622002,0.7968916773684499,-0.0006545830937503272,306.5794167260688,307.51694180819175,0.9375250821229315,34595.048878381145,36303.47242183766,1708.4235434565126,374.0966849737251,375.5778606218425,1.4811756481174143
c-main,main_00015_OD_IJSH_13eaa9a691cb,OD_IJSH,main_00015,20264015,False,True,7,0,True,1440.0,2293.834782215876,310,0,-310,321,0,-321,1440.0,2293.834782215876,853.8347822158762,0.46369151200771497,0.46860475846309635,0.0049132464553813815,0.08720031082846647,0.0,-0.08720031082846647,0.44595401224312314,0.45061958310956585,0.004665570866442703,0.57117924641923,0.5577416246353395,-0.013437621783890519,0.8500169666698758,1.0,0.1499830333301242,0.8452900018524935,0.8504894745523557,0.0051994726998622065,0.4297354172597064,1.0,0.5702645827402937,0.42882075358076993,0.4422583753646605,0.013437621783890574,1440.0,2240.6759023379914,800.6759023379914,1440.0,2240.6759023379914,800.6759023379914,1440.0,2240.6759023379914,800.6759023379914,1440.0,2240.6759023379914,800.6759023379914,279.1813003537559,427.8477549189744,148.6664545652185,298.73690052910587,358.09538034649376,59.35847981738789,0.7930779268530068,1.0,0.20692207314699318,0.7975462604622002,0.7968916773684499,-0.0006545830937503272,577.9182008828617,785.943135265468,208.02493438260626,492186.8284798597,1206409.6364504797,714222.80797062,882.516090333876,1262.4063151080527,379.89022477417666
c-main,main_00015_OD_JSH_e45e4d884c91,OD_JSH,main_00015,20264015,False,True,7,0,True,1440.0,2357.1961752158763,310,0,-310,321,0,-321,1440.0,2357.1961752158763,917.1961752158763,0.46288286732190786,0.4683310553767084,0.005448188054800518,0.08720031082846647,0.0,-0.08720031082846647,0.4455553579783462,0.4504606816076826,0.004905323629336378,0.5712743281589998,0.5581516049905181,-0.013122723168481731,0.8500169666698758,1.0,0.1499830333301242,0.8451045676939066,0.8503604871149758,0.005255919421069177,0.4297354172597064,1.0,0.5702645827402937,0.42872567184100013,0.4418483950094819,0.013122723168481787,1440.0,2304.0372953379915,864.0372953379915,1440.0,2304.0372953379915,864.0372953379915,1440.0,2304.0372953379915,864.0372953379915,1440.0,2304.0372953379915,864.0372953379915,279.2063729291072,439.79079621238753,160.58442328328033,298.7919057692671,362.85483551882686,64.06292974955977,0.7930779268530068,1.0,0.20692207314699318,0.7975462604622002,0.7968916773684499,-0.0006545830937503272,577.9982786983744,802.6456317312143,224.64735303283987,491683.2268698939,1275079.8546592023,783396.6277893083,882.6395195798701,1292.577354738184,409.937835158314
c-main,main_00016_CEN_9a89c179dfbc,CEN,main_00016,20264016,False,True,1,0,True,1440.0,1603.5269192928506,0,0,0,0,0,0,1440.0,1603.5269192928506,163.5269192928506,0.9788665461675552,0.9788667563689906,2.1020143536887304e-07,4.033262098301904e-05,0.0,-4.033262098301904e-05,0.9183572788876673,0.9183307277825552,-2.6551105112071482e-05,0.06491150408352375,0.058274448964817815,-0.006637055118705937,0.9999596009966237,1.0,4.0399003376268006e-05,0.9967439940267825,0.9970401879138823,0.00029619388709978267,0.9760029920045293,1.0,0.023997007995470665,0.9350884959164762,0.9417255510351822,0.006637055118705937,0.0,0.0,0.0,21.358300772402355,21.358268772402354,-3.200000000092018e-05,0.0,0.0,0.0,21.358300772402355,21.358268772402354,-3.200000000092018e-05,24.487936918782967,24.523008406150154,0.035071487367186904,2.6528437285393007,2.6506446543343403,-0.0021990742049604606,1.0,1.0,0.0,0.9190602123324741,0.9178758464314007,-0.0011843659010734031,27.140780647322266,27.173653060484497,0.032872413162230885,829.4517771961193,835.2506561721245,5.798878976005199,29.640780542126308,29.795012261508376,0.15423171938206792
c-main,main_00016_IJSH_61f61a72a843,IJSH,main_00016,20264016,False,True,3,0,True,1440.0,1599.5265282928503,0,0,0,4,0,-4,1440.0,1599.5265282928503,159.52652829285034,0.9759080478746411,0.9759086748556749,6.269810337578008e-07,0.009743492541812504,0.0,-0.009743492541812504,0.9583306472869861,0.9608801355312,0.00254948824421386,0.17474145662970764,0.1746225996096742,-0.00011885702003344711,0.9874381460314249,1.0,0.01256185396857512,0.9833824245616624,0.9844340142992651,0.001051589737602776,0.8253712697947668,1.0,0.17462873020523317,0.8252585433702924,0.8253774003903258,0.00011885702003344711,0.0,0.0,0.0,21.358300772402355,21.358268772402354,-3.200000000092018e-05,0.0,0.0,0.0,21.358300772402355,21.358268772402354,-3.200000000092018e-05,161.94939806060628,163.197707774479,1.2483097138727146,3.277739388566449,3.5677354627504507,0.28999607418400153,0.9919019732098772,1.0,0.008098026790122836,0.9190602123324741,0.9178758464314007,-0.0011843659010734031,165.22713744917274,166.76544323722948,1.5383057880567321,14075.24531968913,17413.95237633858,3338.7070566494513,172.70769033850914,176.45826968771595,3.7505793492068165
c-main,main_00016_JSH_d2ea6d7a42eb,JSH,main_00016,20264016,False,True,3,0,True,1440.0,1599.5265282928503,0,0,0,4,0,-4,1440.0,1599.5265282928503,159.52652829285034,0.9759080478746411,0.9759086748556749,6.269810337578008e-07,0.009743492541812504,0.0,-0.009743492541812504,0.9583306472869861,0.9608801355312,0.00254948824421386,0.17474145662970764,0.1746225996096742,-0.00011885702003344711,0.9874381460314249,1.0,0.01256185396857512,0.9833824245616624,0.9844340142992651,0.001051589737602776,0.8253712697947668,1.0,0.17462873020523317,0.8252585433702924,0.8253774003903258,0.00011885702003344711,0.0,0.0,0.0,21.358300772402355,21.358268772402354,-3.200000000092018e-05,0.0,0.0,0.0,21.358300772402355,21.358268772402354,-3.200000000092018e-05,161.94939806060628,163.197707774479,1.2483097138727146,3.277739388566449,3.5677354627504507,0.28999607418400153,0.9919019732098772,1.0,0.008098026790122836,0.9190602123324741,0.9178758464314007,-0.0011843659010734031,165.22713744917274,166.76544323722948,1.5383057880567321,14075.24531968913,17413.95237633858,3338.7070566494513,172.70769033850914,176.45826968771595,3.7505793492068165
c-main,main_00016_OD_CEN_bf8938a5a503,OD_CEN,main_00016,20264016,False,True,1,0,True,1440.0,1603.3860032928505,0,0,0,0,0,0,1440.0,1603.3860032928505,163.38600329285055,0.9788665461675552,0.9788667563689906,2.1020143536887304e-07,4.033262098301904e-05,0.0,-4.033262098301904e-05,0.9183572788876673,0.9183307277825552,-2.6551105112071482e-05,0.06492713739119249,0.0582706075917071,-0.006656529799485389,0.9999596009966237,1.0,4.0399003376268006e-05,0.9967653320687694,0.9970667508840625,0.00030141881529310854,0.9760029920045293,1.0,0.023997007995470665,0.9350728626088075,0.9417293924082929,0.006656529799485389,0.0,0.0,0.0,21.358300772402355,21.358268772402354,-3.200000000092018e-05,0.0,0.0,0.0,21.358300772402355,21.358268772402354,-3.200000000092018e-05,24.487857723102568,24.52185558523709,0.03399786213452316,2.641275718196695,2.638929125847424,-0.002346592349270704,1.0,1.0,0.0,0.9190602123324741,0.9178758464314007,-0.0011843659010734031,27.129133441299263,27.160784711084517,0.03165126978525379,829.4517771961193,835.2506561721245,5.798878976005199,29.614097986407288,29.795252624682725,0.1811546382754372
c-main,main_00016_OD_IJSH_7118ec03333c,OD_IJSH,main_00016,20264016,False,True,3,0,True,1440.0,1599.6921382928504,0,0,0,4,0,-4,1440.0,1599.6921382928504,159.69213829285036,0.9788665559087819,0.9788666528011223,9.689234037324468e-08,0.009743492541812504,0.0,-0.009743492541812504,0.9559464869502836,0.957877824359683,0.0019313374093994362,0.17472679010449887,0.1745975425144104,-0.00012924759008847708,0.9874381460314249,1.0,0.01256185396857512,0.9829460472467603,0.9840431131142342,0.0010970658674739342,0.8253712697947668,1.0,0.17462873020523317,0.8252732098955011,0.8254024574855896,0.00012924759008847708,0.0,0.0,0.0,21.358300772402355,21.358268772402354,-3.200000000092018e-05,0.0,0.0,0.0,21.358300772402355,21.358268772402354,-3.200000000092018e-05,161.96402932151878,163.23249127312113,1.2684619516023474,4.910770309824889,5.20241922449568,0.291648914670791,0.9919019732098772,1.0,0.008098026790122836,0.9190602123324741,0.9178758464314007,-0.0011843659010734031,166.87479963134368,168.4349104976168,1.5601108662731349,14406.801140982037,17644.43142199249,3237.6302810104517,174.36368856702444,178.06471269468952,3.701024127665079
c-main,main_00016_OD_JSH_2149281715e5,OD_JSH,main_00016,20264016,False,True,3,0,True,1440.0,1599.6921382928504,0,0,0,4,0,-4,1440.0,1599.6921382928504,159.69213829285036,0.9788665559087819,0.9788666528011223,9.689234037324468e-08,0.009743492541812504,0.0,-0.009743492541812504,0.9559464869502836,0.957877824359683,0.0019313374093994362,0.17472679010449887,0.1745975425144104,-0.00012924759008847708,0.9874381460314249,1.0,0.01256185396857512,0.9829460472467603,0.9840431131142342,0.0010970658674739342,0.8253712697947668,1.0,0.17462873020523317,0.8252732098955011,0.8254024574855896,0.00012924759008847708,0.0,0.0,0.0,21.358300772402355,21.358268772402354,-3.200000000092018e-05,0.0,0.0,0.0,21.358300772402355,21.358268772402354,-3.200000000092018e-05,161.96402932151878,163.23249127312113,1.2684619516023474,4.910770309824889,5.20241922449568,0.291648914670791,0.9919019732098772,1.0,0.008098026790122836,0.9190602123324741,0.9178758464314007,-0.0011843659010734031,166.87479963134368,168.4349104976168,1.5601108662731349,14406.801140982037,17644.43142199249,3237.6302810104517,174.36368856702444,178.06471269468952,3.701024127665079
c-main,main_00017_CEN_aac64986b670,CEN,main_00017,20264017,True,True,0,0,True,566.494656954702,566.423060954702,0,0,0,0,0,0,566.494656954702,566.423060954702,-0.07159599999999955,0.9843975246053707,0.9847337234892082,0.00033619888383751295,0.0,0.0,0.0,0.9518912012142986,0.9520183278115872,0.0001271265972886404,0.19402736448086766,0.19456169264823742,0.0005343281673697575,1.0,1.0,0.0,0.971623180010237,0.9715336330178832,-8.954699235375063e-05,1.0,1.0,0.0,0.8059726355191323,0.8054383073517626,-0.0005343281673697575,0.0,0.0,0.0,0.0,0.0,0.0,0.0,0.0,0.0,171.50764141754104,171.48417896754106,-0.023462449999982482,47.82570881251689,47.819041352473704,-0.0066674600431895215,2.2985237814027766,2.300995177000398,0.0024713955976212176,1.0,1.0,0.0,0.9940781187336656,0.9937776633661647,-0.00030045536750089585,50.12423259391968,50.12003652947409,-0.004196064445586956,5914.067098338461,5910.90127485762,-3.165823480841027,80.71524946568852,80.81104149024921,0.09579202456069424
c-main,main_00017_IJSH_a1b52d42ad40,IJSH,main_00017,20264017,True,True,0,0,True,601.996773954702,601.972421954702,0,0,0,0,0,0,601.996773954702,601.972421954702,-0.02435200000002169,0.9831649831649827,0.9831649831649836,8.881784197001252e-16,0.0,0.0,0.0,0.9550994765964624,0.9553980316489359,0.00029855505247344816,0.09448830792435614,0.09440218930316413,-8.611862119201064e-05,1.0,1.0,0.0,0.9652701542312208,0.9652270781761016,-4.3076055119106726e-05,1.0,1.0,0.0,0.9055116920756439,0.9055978106968359,8.611862119201064e-05,0.0,0.0,0.0,0.0,0.0,0.0,0.0,0.0,0.0,91.17549389632549,91.15598389632548,-0.01951000000001102,87.26069597809193,87.25694563071588,-0.003750347376055174,1.1940488245071752,1.1927058120989718,-0.0013430124082034478,1.0,1.0,0.0,0.9940781187336656,0.9937776633661647,-0.00030045536750089585,88.4547448025991,88.44965144281485,-0.005093359784240192,1563.1850995162363,1560.5180191207774,-2.6670803954589246,122.4732751558557,122.49777901512041,0.02450385926471199
c-main,main_00017_JSH_10fc1e7c0751,JSH,main_00017,20264017,True,True,0,0,True,602.665193954702,602.646360954702,0,0,0,0,0,0,602.665193954702,602.646360954702,-0.018832999999972344,0.9831649831649827,0.9831649831649836,8.881784197001252e-16,0.0,0.0,0.0,0.9548217762245772,0.9551217856745007,0.00030000944992347733,0.09449506039859201,0.0944085909211777,-8.646947741430822e-05,1.0,1.0,0.0,0.9652912715233469,0.9652482345895768,-4.3036933770168595e-05,1.0,1.0,0.0,0.905504939601408,0.9055914090788223,8.646947741430822e-05,0.0,0.0,0.0,0.0,0.0,0.0,0.0,0.0,0.0,91.17549389632549,91.15598389632548,-0.01951000000001102,86.93691735017343,86.93413790219927,-0.002779447974162963,1.194934881103003,1.1935865454659909,-0.001348335637012088,1.0,1.0,0.0,0.9940781187336656,0.9937776633661647,-0.00030045536750089585,88.13185223127643,88.12772444766526,-0.0041277836111675015,1528.2664831415318,1525.6296406355577,-2.636842505974073,122.36124676049096,122.38713359270413,0.02588683221317467
c-main,main_00017_OD_CEN_5709574db50d,OD_CEN,main_00017,20264017,True,True,0,0,True,566.583458954702,566.5356169547019,0,0,0,0,0,0,566.583458954702,566.5356169547019,-0.04784200000005967,0.9843972608888591,0.9847332782220866,0.0003360173332274119,0.0,0.0,0.0,0.9520181326300572,0.9522626847999185,0.0002445521698613007,0.19447600874951032,0.19495841687048487,0.00048240812097455343,1.0,1.0,0.0,0.9715256556559145,0.9714585269033275,-6.712875258707562e-05,1.0,1.0,0.0,0.8055239912504897,0.8050415831295151,-0.00048240812097455343,0.0,0.0,0.0,0.0,0.0,0.0,0.0,0.0,0.0,171.500287767541,171.48953831754102,-0.010749449999991612,47.840729569727856,47.838676353679354,-0.002053216048501838,2.448681089127972,2.4426780076559322,-0.006003081472039984,1.0,1.0,0.0,0.9940781187336656,0.9937776633661647,-0.00030045536750089585,50.28941065885582,50.28135436133529,-0.008056297520532496,5915.279792633023,5913.580219122408,-1.699573510614755,80.8886441106127,80.96188996296854,0.07324585235583925
c-main,main_00017_OD_IJSH_9986867e1080,OD_IJSH,main_00017,20264017,True,True,0,0,True,601.752152954702,601.720034954702,0,0,0,0,0,0,601.752152954702,601.720034954702,-0.03211799999996856,0.9831649831649834,0.9831649831649827,-6.661338147750939e-16,0.0,0.0,0.0,0.9553814754886703,0.9558131518751642,0.0004316763864939954,0.0944300680880491,0.09456663891759098,0.00013657082954188215,1.0,1.0,0.0,0.9651715328548794,0.9651518570134761,-1.9675841403388183e-05,1.0,1.0,0.0,0.9055699319119509,0.905433361082409,-0.00013657082954188215,0.0,0.0,0.0,0.0,0.0,0.0,0.0,0.0,0.0,91.18835589632548,91.17192989632548,-0.01642599999999561,87.21908847619241,87.2139688348689,-0.005119641323517499,1.3307992560774613,1.3163624962567562,-0.014436759820705136,1.0,1.0,0.0,0.9940781187336656,0.9937776633661647,-0.00030045536750089585,88.54988773226988,88.53033133112567,-0.01955640114421442,1557.8282071809215,1565.8486297781292,8.020422597207698,122.53397154405899,122.54671643877013,0.01274489471114748
c-main,main_00017_OD_JSH_736bb065ea30,OD_JSH,main_00017,20264017,True,True,0,0,True,602.4225639547019,602.383293954702,0,0,0,0,0,0,602.4225639547019,602.383293954702,-0.03926999999987402,0.9831649831649834,0.9831649831649827,-6.661338147750939e-16,0.0,0.0,0.0,0.9551046962430558,0.9555397735962063,0.00043507735315051477,0.09443690821604911,0.09457276077109278,0.00013585255504366955,1.0,1.0,0.0,0.9651927523749702,0.9651731711903597,-1.9581184610428792e-05,1.0,1.0,0.0,0.9055630917839509,0.9054272392289072,-0.00013585255504366955,0.0,0.0,0.0,0.0,0.0,0.0,0.0,0.0,0.0,91.18835589632548,91.17192989632548,-0.01642599999999561,86.8956954548417,86.88941857143757,-0.006276883404126465,1.3316879519400406,1.3172292725262342,-0.014458679413806408,1.0,1.0,0.0,0.9940781187336656,0.9937776633661647,-0.00030045536750089585,88.22738340678173,88.20664784396382,-0.02073556281790445,1522.9512791850227,1530.942418864659,7.991139679636262,122.42246913189086,122.43345730496742,0.010988173076555086
c-main,main_00018_CEN_d21a00ccf796,CEN,main_00018,20264018,True,True,0,0,True,813.6666723095542,813.7350223095542,0,0,0,0,0,0,813.6666723095542,813.7350223095542,0.06835000000000946,0.9966329966329965,0.9972471765913349,0.0006141799583383456,0.0,0.0,0.0,0.9140834278764478,0.9126877768793378,-0.0013956509971100317,0.11392290226454815,0.11403256246380045,0.00010966019925229276,1.0,1.0,0.0,0.9887052238237484,0.9886724797543509,-3.274406939746122e-05,1.0,1.0,0.0,0.8860770977354518,0.8859674375361996,-0.00010966019925229276,0.0,0.0,0.0,91.69732136088035,91.73925436088037,0.04193300000001443,0.0,0.0,0.0,91.69732136088035,91.73925436088037,0.04193300000001443,40.97995237621533,40.988086162136305,0.008133785920975356,1.1872334627922156,1.1855153545080623,-0.001718108284153308,1.0,1.0,0.0,0.9995100826481125,0.9991942486109283,-0.0003158340371841595,42.167185839007544,42.17360151664437,0.006415677636823602,5229.853817280713,5239.8267778662985,9.972960585585497,42.683106584109694,42.737811692645714,0.05470510853601951
c-main,main_00018_IJSH_1661d9afe01f,IJSH,main_00018,20264018,True,True,0,0,True,746.8725563095542,746.8297253095543,0,0,0,0,0,0,746.8725563095542,746.8297253095543,-0.042830999999864616,0.9966329966329965,0.9966329966329963,-2.220446049250313e-16,0.0,0.0,0.0,0.947418042790229,0.9466608939334367,-0.0007571488567923446,0.13302939784119738,0.1331174679035182,8.807006232081083e-05,1.0,1.0,0.0,0.9884164351603867,0.9883846962562112,-3.1738904175515614e-05,1.0,1.0,0.0,0.8669706021588026,0.8668825320964818,-8.807006232081083e-05,0.0,0.0,0.0,33.717848407233795,33.710567407233796,-0.007280999999998983,0.0,0.0,0.0,33.717848407233795,33.710567407233796,-0.007280999999998983,40.99965878276527,40.996464950042316,-0.003193832722956813,1.4022127920673162,1.3971656658579334,-0.005047126209382746,1.0,1.0,0.0,0.9995100826481125,0.9991942486109283,-0.0003158340371841595,42.40187157483259,42.39363061590026,-0.008240958932333342,6340.543690608335,6339.843771747348,-0.6999188609870544,42.63227752103247,42.641129775509114,0.008852254476643395
c-main,main_00018_JSH_6144773e7606,JSH,main_00018,20264018,True,True,0,0,True,743.3060083095542,743.2536033095543,0,0,0,0,0,0,743.3060083095542,743.2536033095543,-0.052404999999907886,0.9966329966329965,0.9966329966329963,-2.220446049250313e-16,0.0,0.0,0.0,0.9472631310916388,0.9465006163311356,-0.0007625147605032634,0.1330295388985957,0.13310892642987715,7.93875312814496e-05,1.0,1.0,0.0,0.9884684195236919,0.9884359799239011,-3.243959979082334e-05,1.0,1.0,0.0,0.8669704611014043,0.8668910735701228,-7.93875312814496e-05,0.0,0.0,0.0,33.717848407233795,33.710567407233796,-0.007280999999998983,0.0,0.0,0.0,33.717848407233795,33.710567407233796,-0.007280999999998983,40.77491317115201,40.77209191032513,-0.002821260826877392,1.3295498035103153,1.3279294700237614,-0.001620333486553882,1.0,1.0,0.0,0.9995100826481125,0.9991942486109283,-0.0003158340371841595,42.104462974662326,42.1000213803489,-0.004441594313426833,6247.94142611798,6247.199658742181,-0.7417673757990997,42.35687426678453,42.39311844175103,0.03624417496649812
c-main,main_00018_OD_CEN_ca74f7fbe560,OD_CEN,main_00018,20264018,True,True,0,0,True,813.6663233095543,813.7074013095541,0,0,0,0,0,0,813.6663233095543,813.7074013095541,0.04107799999985673,0.9966329966329965,0.9972471765913349,0.0006141799583383456,0.0,0.0,0.0,0.914083476076194,0.912686541376498,-0.0013969346996960397,0.11390546992466,0.11401789286566066,0.00011242294100066719,1.0,1.0,0.0,0.9886911555972373,0.9886639814759709,-2.7174121266404505e-05,1.0,1.0,0.0,0.88609453007534,0.8859821071343393,-0.00011242294100066719,0.0,0.0,0.0,91.69732136088035,91.73925436088037,0.04193300000001443,0.0,0.0,0.0,91.69732136088035,91.73925436088037,0.04193300000001443,40.980782226680645,40.9888310714335,0.00804884475285661,1.1918961810601691,1.1929078109266351,0.0010116298664659684,1.0,1.0,0.0,0.9995100826481125,0.9991942486109283,-0.0003158340371841595,42.17267840774082,42.181738882360136,0.009060474619317915,5229.860274345814,5239.477607309479,9.617332963664921,42.68863236190829,42.755640648113946,0.06700828620565602
c-main,main_00018_OD_IJSH_d6604b74dc24,OD_IJSH,main_00018,20264018,True,True,0,0,True,746.8760003095541,746.8412983095543,0,0,0,0,0,0,746.8760003095541,746.8412983095543,-0.03470199999981105,0.9966329966329965,0.9966329966329963,-2.220446049250313e-16,0.0,0.0,0.0,0.9474182054733835,0.9466614258235921,-0.0007567796497913726,0.13301852514957113,0.13315231586352216,0.00013379071395103193,1.0,1.0,0.0,0.9884081183465591,0.9883730006976624,-3.511764889663205e-05,1.0,1.0,0.0,0.8669814748504289,0.8668476841364778,-0.00013379071395103193,0.0,0.0,0.0,33.717848407233795,33.710567407233796,-0.007280999999998983,0.0,0.0,0.0,33.717848407233795,33.710567407233796,-0.007280999999998983,40.99941871252696,40.99735923346343,-0.0020594790635328764,1.4047278930139342,1.4041650263377057,-0.0005628666762285128,1.0,1.0,0.0,0.9995100826481125,0.9991942486109283,-0.0003158340371841595,42.4041466055409,42.40152425980113,-0.0026223457397733796,6340.645763883499,6340.146722375475,-0.49904150802376535,42.57033508799554,42.685856906183815,0.11552181818827734
c-main,main_00018_OD_JSH_631036ed3fae,OD_JSH,main_00018,20264018,True,True,0,0,True,743.3204113095542,743.2353043095542,0,0,0,0,0,0,743.3204113095542,743.2353043095542,-0.0851069999999936,0.9966329966329965,0.9966329966329963,-2.220446049250313e-16,0.0,0.0,0.0,0.947263739739352,0.9464998019059396,-0.0007639378334123315,0.13301861376252622,0.13314506657368264,0.00012645281115641893,1.0,1.0,0.0,0.9884666951874491,0.9884274347650169,-3.926042243218575e-05,1.0,1.0,0.0,0.8669813862374738,0.8668549334263174,-0.00012645281115641893,0.0,0.0,0.0,33.717848407233795,33.710567407233796,-0.007280999999998983,0.0,0.0,0.0,33.717848407233795,33.710567407233796,-0.007280999999998983,40.77478630909731,40.77152736080936,-0.0032589482879501475,1.3313744017272615,1.32657520570644,-0.004799196020821572,1.0,1.0,0.0,0.9995100826481125,0.9991942486109283,-0.0003158340371841595,42.10616071082457,42.098102566515806,-0.008058144308762394,6248.231205965692,6246.7887145625555,-1.4424914031369553,42.28245823739923,42.41203283861218,0.12957460121294417
c-main,main_00019_CEN_9ea270329ffe,CEN,main_00019,20264019,True,True,0,0,True,802.531176,802.5461210000001,0,0,0,0,0,0,802.531176,802.5461210000001,0.01494500000012522,0.9892645296135756,0.989057477322095,-0.00020705229148054727,0.0,0.0,0.0,0.9765367063093484,0.9763465494293986,-0.0001901568799498321,0.18209962921865253,0.18006005457201046,-0.0020395746466420617,1.0,1.0,0.0,0.9949160626651036,0.994860834569718,-5.522809538560658e-05,1.0,1.0,0.0,0.8179003707813475,0.8199399454279895,0.0020395746466420617,0.0,0.0,0.0,0.0,0.0,0.0,0.0,0.0,0.0,15.837544,15.839815999999999,0.0022719999999996077,13.136557708410551,13.138338704270646,0.0017809958600949471,1.4328106600659898,1.4202898263446178,-0.012520833721372027,1.0,1.0,0.0,0.9941697549167843,0.993094019465659,-0.0010757354511252704,14.569368368476539,14.558628530615264,-0.010739837861274637,6889.074145365376,6889.753293507304,0.6791481419277261,15.087179242266622,15.376158074981186,0.28897883271456415
c-main,main_00019_IJSH_b8943eb21aaa,IJSH,main_00019,20264019,True,True,0,0,True,820.325086631592,820.3220976315919,0,0,0,0,0,0,820.325086631592,820.3220976315919,-0.0029890000000705186,0.9870827792543666,0.9869312078772614,-0.0001515713771051974,0.0,0.0,0.0,0.9754373149798456,0.9750858145281456,-0.0003515004517000708,0.2522384960241356,0.25198258723814926,-0.00025590878598635847,1.0,1.0,0.0,0.9908643114193331,0.9907772065403553,-8.710487897778396e-05,1.0,1.0,0.0,0.7477615039758644,0.7480174127618507,0.00025590878598635847,0.0,0.0,0.0,0.0,0.0,0.0,0.0,0.0,0.0,15.837544,15.839815999999999,0.0022719999999996077,32.30337580347344,32.30866837617693,0.005292572703488929,1.9675038026183398,1.9626134644089954,-0.004890338209344369,1.0,1.0,0.0,0.9941697549167843,0.993094019465659,-0.0010757354511252704,34.270879606091775,34.27128184058593,0.00040223449415321966,12250.426590795953,12273.451077676256,23.02448688030381,35.73353879504376,35.941951238971946,0.20841244392818226
c-main,main_00019_JSH_77f839d92878,JSH,main_00019,20264019,True,True,0,0,True,808.127125631592,808.1629126315919,0,0,0,0,0,0,808.127125631592,808.1629126315919,0.03578699999991386,0.9870428482142226,0.9868908881237672,-0.00015196009045537195,0.0,0.0,0.0,0.9754547296320843,0.9751262608191735,-0.0003284688129108204,0.2522877834851889,0.25197812861043745,-0.0003096548747514305,1.0,1.0,0.0,0.9909899903435684,0.9909063629447357,-8.362739883271963e-05,1.0,1.0,0.0,0.7477122165148111,0.7480218713895626,0.0003096548747514305,0.0,0.0,0.0,0.0,0.0,0.0,0.0,0.0,0.0,15.837544,15.839815999999999,0.0022719999999996077,30.611776797733018,30.617623369552682,0.005846571819663637,1.9475876839101538,1.94212792310869,-0.005459760801463709,1.0,1.0,0.0,0.9941697549167843,0.993094019465659,-0.0010757354511252704,32.559364481643165,32.55975129266137,0.000386811018202593,12026.608696430305,12046.676049358195,20.06735292789017,33.95403478631788,34.14490590862932,0.19087112231144232
c-main,main_00019_OD_CEN_260f163fd965,OD_CEN,main_00019,20264019,True,True,0,0,True,744.3685496315918,744.481470631592,0,0,0,0,0,0,744.3685496315918,744.481470631592,0.11292100000014216,0.9764815954371946,0.9755555281701669,-0.0009260672670277081,0.0,0.0,0.0,0.9658587580746552,0.9653008350803189,-0.000557922994336213,0.08277113100288103,0.08181733117687018,-0.0009537998260108482,1.0,1.0,0.0,0.9934357043671092,0.993389651167013,-4.60532000960967e-05,1.0,1.0,0.0,0.917228868997119,0.9181826688231298,0.0009537998260108482,0.0,0.0,0.0,0.0,0.0,0.0,0.0,0.0,0.0,30.267701311234802,30.267230311234805,-0.0004709999999974457,13.197271727812536,13.198103874650577,0.0008321468380412256,3.741989248492151,3.740525040986146,-0.0014642075060051774,1.0,1.0,0.0,0.9941697549167843,0.993094019465659,-0.0010757354511252704,16.93926097630468,16.938628915636723,-0.0006320606679572904,2545.9855493016667,2444.0188061468,-101.96674315486644,18.63112554426863,19.0677900318406,0.43666448757197074
c-main,main_00019_OD_IJSH_d6bf342983be,OD_IJSH,main_00019,20264019,True,True,0,0,True,822.8867466315917,823.1011386315919,0,0,0,0,0,0,822.8867466315917,823.1011386315919,0.21439200000020264,0.9739406879260819,0.9734633259984236,-0.0004773619276583485,0.0,0.0,0.0,0.9660619475469234,0.9650812230055932,-0.0009807245413302468,0.25128045716979774,0.2512236368430232,-5.682032677456483e-05,1.0,1.0,0.0,0.989830375676149,0.9897375523012336,-9.282337491534065e-05,1.0,1.0,0.0,0.7487195428302023,0.7487763631569768,5.682032677456483e-05,0.0,0.0,0.0,0.0,0.0,0.0,0.0,0.0,0.0,66.38001193631985,66.37617793631985,-0.0038339999999976726,32.416183100506196,32.41653219992226,0.0003490994160628702,4.308667732978899,4.320223810046931,0.011556077068032522,1.0,1.0,0.0,0.9941697549167843,0.993094019465659,-0.0010757354511252704,36.7248508334851,36.73675600996919,0.01190517648409184,8580.300097648915,8580.431967597722,0.1318699488074344,39.6518652764129,40.206804742853315,0.5549394664404161
c-main,main_00019_OD_JSH_9fcf5fa793b7,OD_JSH,main_00019,20264019,True,True,0,0,True,810.7137526315919,810.7702566315919,0,0,0,0,0,0,810.7137526315919,810.7702566315919,0.056504000000018095,0.9749491681624747,0.9744437848371399,-0.000505383325334785,0.0,0.0,0.0,0.9669525574513105,0.9660875644270324,-0.0008649930242781156,0.251306065217614,0.25116405327621716,-0.0001420119413968468,1.0,1.0,0.0,0.9899537995857695,0.9898659242647745,-8.787532099496786e-05,1.0,1.0,0.0,0.748693934782386,0.7488359467237828,0.0001420119413968468,0.0,0.0,0.0,0.0,0.0,0.0,0.0,0.0,0.0,66.38001193631985,66.37617793631985,-0.0038339999999976726,30.716663691273236,30.7174007558309,0.0007370645576649792,4.281278511161172,4.2934994493664576,0.012220938205285137,1.0,1.0,0.0,0.9941697549167843,0.993094019465659,-0.0010757354511252704,34.997942202434416,35.01090020519736,0.01295800276294301,8243.53995128521,8222.76832774633,-20.771623538879794,37.87141297204594,38.401893109125126,0.5304801370791878
c-main,main_00020_CEN_44dab071c441,CEN,main_00020,20264020,True,True,0,0,True,900.0432636977359,900.0437176977359,0,0,0,0,0,0,900.0432636977359,900.0437176977359,0.00045399999999062857,0.9865319865319864,0.9865319865319864,0.0,0.0,0.0,0.0,0.9796682643099925,0.9796682978210023,3.351100974491317e-08,0.187218616477155,0.18730374900851143,8.51325313564466e-05,1.0,1.0,0.0,0.9939300654502154,0.9938544104410258,-7.565500918960133e-05,1.0,1.0,0.0,0.812781383522845,0.8126962509914886,-8.51325313564466e-05,0.0,0.0,0.0,0.0,0.0,0.0,0.0,0.0,0.0,0.0,0.0,0.0,22.50677183360642,22.50678597694695,1.414334052896038e-05,1.614335318688253,1.6101606589060207,-0.004174659782232304,1.0,1.0,0.0,1.0,1.0,0.0,24.121107152294673,24.116946635852972,-0.004160516441700679,8333.04889831897,8332.991233173549,-0.05766514542119694,23.159633481202167,23.40019465054346,0.24056116934129435
c-main,main_00020_IJSH_c5cbdc554f44,IJSH,main_00020,20264020,True,True,0,0,True,900.181904697736,900.1067256977362,0,0,0,0,0,0,900.181904697736,900.1067256977362,-0.07517899999970723,0.9865319865319866,0.9865319865319861,-4.440892098500626e-16,0.0,0.0,0.0,0.97375598916365,0.9737559708922969,-1.8271353097176757e-08,0.05414008381874469,0.054078823371989326,-6.126044675536235e-05,1.0,1.0,0.0,0.9961863265064514,0.9961036837561155,-8.264275033598167e-05,1.0,1.0,0.0,0.9458599161812553,0.9459211766280107,6.126044675536235e-05,0.0,0.0,0.0,0.0,0.0,0.0,0.0,0.0,0.0,0.0,0.0,0.0,9.434575872452413,9.434862113437115,0.0002862409847015357,1.2945720680075545,1.2945622801781547,-9.787829399865444e-06,1.0,1.0,0.0,1.0,1.0,0.0,10.729147940459967,10.729424393615268,0.00027645315530122616,1492.8459881849149,1492.9485976763372,0.10260949142229947,10.31212923542241,10.398890162544518,0.08676092712210881
c-main,main_00020_JSH_b2ad38b8d4e0,JSH,main_00020,20264020,True,True,0,0,True,887.065503697736,886.9552356977363,0,0,0,0,0,0,887.065503697736,886.9552356977363,-0.11026799999967807,0.986531986531987,0.9865319865319866,-4.440892098500626e-16,0.0,0.0,0.0,0.973157586860709,0.9731574246537404,-1.6220696852364824e-07,0.05553152143789286,0.055440516673703866,-9.10047641889955e-05,1.0,1.0,0.0,0.9958782603426828,0.9958014838888318,-7.677645385095744e-05,1.0,1.0,0.0,0.9444684785621071,0.9445594833262961,9.10047641889955e-05,0.0,0.0,0.0,0.0,0.0,0.0,0.0,0.0,0.0,0.0,0.0,0.0,9.976531982912052,9.976360519998691,-0.00017146291336089803,1.388600674749619,1.3909834933593657,0.002382818609746762,1.0,1.0,0.0,1.0,1.0,0.0,11.36513265766167,11.367344013358059,0.0022113556963887504,1850.7402928208758,1850.6773991907903,-0.06289363008545479,10.923719819457943,11.012436247819268,0.08871642836132487
c-main,main_00020_OD_CEN_56496b18de39,OD_CEN,main_00020,20264020,True,True,0,0,True,900.0048196977359,899.8925476977356,0,0,0,0,0,0,900.0048196977359,899.8925476977356,-0.1122720000003028,0.9865319865319868,0.9865319865319866,-2.220446049250313e-16,0.0,0.0,0.0,0.9796665958080357,0.9796657877886163,-8.080194193738066e-07,0.187147484518833,0.18744904285491049,0.00030155833607747873,1.0,1.0,0.0,0.9944462170034013,0.9943850968321946,-6.112017120674107e-05,1.0,1.0,0.0,0.812852515481167,0.8125509571450895,-0.00030155833607747873,0.0,0.0,0.0,0.0,0.0,0.0,0.0,0.0,0.0,0.0,0.0,0.0,22.506311180530076,22.503933188089512,-0.0023779924405644692,1.5314146041069432,1.5239556685419426,-0.007458935565000546,1.0,1.0,0.0,1.0,1.0,0.0,24.037725784637015,24.027888856631453,-0.009836928005562129,8332.769344163966,8330.770017747549,-1.9993264164168068,23.23535408229534,23.64572215305976,0.41036807076442017
c-main,main_00020_OD_IJSH_48dbce5d6734,OD_IJSH,main_00020,20264020,True,True,0,0,True,899.9616656977361,899.7945126977359,0,0,0,0,0,0,899.9616656977361,899.7945126977359,-0.16715300000021216,0.9865319865319866,0.9865319865319868,2.220446049250313e-16,0.0,0.0,0.0,0.9737527455086403,0.9737529875784738,2.4206983351149347e-07,0.0539372651119121,0.05389653349351309,-4.0731618399014735e-05,1.0,1.0,0.0,0.9967334131743635,0.9967023817807186,-3.1031393644909144e-05,1.0,1.0,0.0,0.9460627348880879,0.9461034665064869,4.0731618399014735e-05,0.0,0.0,0.0,0.0,0.0,0.0,0.0,0.0,0.0,0.0,0.0,0.0,9.432855434986635,9.431943193122146,-0.0009122418644889052,1.2112803913008119,1.2066841687469994,-0.0045962225538125345,1.0,1.0,0.0,1.0,1.0,0.0,10.644135826287448,10.638627361869146,-0.005508464418301884,1492.9153708414126,1492.482423960038,-0.4329468813746189,10.423710906583581,10.554528188240345,0.1308172816567641
c-main,main_00020_OD_JSH_ccbfaeb69a65,OD_JSH,main_00020,20264020,True,True,0,0,True,886.956159697736,886.7933826977362,0,0,0,0,0,0,886.956159697736,886.7933826977362,-0.16277699999977813,0.9865319865319864,0.9865319865319864,0.0,0.0,0.0,0.0,0.973155101780689,0.9731550725662781,-2.921441089043242e-08,0.05292072486045496,0.052855826594154,-6.489826630096118e-05,1.0,1.0,0.0,0.9964304012827645,0.9963966111751738,-3.379010759074763e-05,1.0,1.0,0.0,0.947079275139545,0.947144173405846,6.489826630096118e-05,0.0,0.0,0.0,0.0,0.0,0.0,0.0,0.0,0.0,0.0,0.0,0.0,9.974530435904363,9.973575873453262,-0.0009545624511009265,1.3054164969682824,1.3031757331130633,-0.0022407638552190967,1.0,1.0,0.0,1.0,1.0,0.0,11.279946932872646,11.276751606566329,-0.0031953263063169146,1849.9643309270969,1849.6371526593284,-0.3271782677684314,11.156898391996139,11.30459128449464,0.14769289249850104
c-main,main_00021_CEN_39095144824e,CEN,main_00021,20264021,True,True,0,0,True,1347.2348300980557,1347.000102098056,0,0,0,0,0,0,1347.2348300980557,1347.000102098056,-0.2347279999996772,0.9606616859108348,0.960661610252781,-7.565805382192536e-08,0.0,0.0,0.0,0.9453481316964087,0.943744587591439,-0.0016035441049697674,0.037675553151549024,0.03795935462558875,0.00028380147403972433,1.0,1.0,0.0,0.9975279751205501,0.9975112623253231,-1.671279522708069e-05,1.0,1.0,0.0,0.962324446848451,0.9620406453744113,-0.00028380147403972433,0.0,0.0,0.0,0.0,0.0,0.0,0.0,0.0,0.0,153.6978115999854,153.6895925999854,-0.00821900000002529,3.536343003243577,3.536125542898888,-0.00021746034468916875,6.4603683868559525,6.451492960692404,-0.008875426163548639,1.0,1.0,0.0,0.9402439658137427,0.9395084403866342,-0.0007355254271085299,9.996711390099529,9.98761850359129,-0.009092886508238252,1402.5312194399696,1446.3251144052053,43.79389496523572,19.378151968173487,19.51127184691347,0.13311987873998277
c-main,main_00021_IJSH_ed01437619bb,IJSH,main_00021,20264021,True,True,0,0,True,1423.7709300980564,1423.704445098056,0,0,0,0,0,0,1423.7709300980564,1423.704445098056,-0.06648500000028434,0.9610872858505854,0.96108798846655,7.026159645207031e-07,0.0,0.0,0.0,0.9463354862401137,0.9447172976443923,-0.0016181885957213815,0.0283870922093995,0.028627824778069133,0.00024073256866963266,1.0,1.0,0.0,0.9978800717975467,0.9978657315266332,-1.4340270913515418e-05,1.0,1.0,0.0,0.9716129077906005,0.9713721752219309,-0.00024073256866963266,0.0,0.0,0.0,0.0,0.0,0.0,0.0,0.0,0.0,126.92841191009825,126.88931791009824,-0.039094000000005735,2.84017201441144,2.8394207302437233,-0.0007512841677166371,6.399139027222832,6.3900567259329755,-0.009082301289856431,1.0,1.0,0.0,0.9402439658137427,0.9395084403866342,-0.0007355254271085299,9.239311041634272,9.229477456176697,-0.0098335854575744,963.3589194242522,986.6412576500221,23.282338225769877,17.077094911567702,17.162148706753275,0.08505379518557277
c-main,main_00021_JSH_35d9b9dc7562,JSH,main_00021,20264021,True,True,0,0,True,1423.7709300980564,1423.704445098056,0,0,0,0,0,0,1423.7709300980564,1423.704445098056,-0.06648500000028434,0.9610872858505854,0.96108798846655,7.026159645207031e-07,0.0,0.0,0.0,0.9463354862401137,0.9447172976443923,-0.0016181885957213815,0.0283870922093995,0.028627824778069133,0.00024073256866963266,1.0,1.0,0.0,0.9978800717975467,0.9978657315266332,-1.4340270913515418e-05,1.0,1.0,0.0,0.9716129077906005,0.9713721752219309,-0.00024073256866963266,0.0,0.0,0.0,0.0,0.0,0.0,0.0,0.0,0.0,126.92841191009825,126.88931791009824,-0.039094000000005735,2.84017201441144,2.8394207302437233,-0.0007512841677166371,6.399139027222832,6.3900567259329755,-0.009082301289856431,1.0,1.0,0.0,0.9402439658137427,0.9395084403866342,-0.0007355254271085299,9.239311041634272,9.229477456176697,-0.0098335854575744,963.3589194242522,986.6412576500221,23.282338225769877,17.077094911567702,17.162148706753275,0.08505379518557277
c-main,main_00021_OD_CEN_22be9d011e7a,OD_CEN,main_00021,20264021,True,True,0,0,True,1347.088227098056,1346.773715098056,0,0,0,0,0,0,1347.088227098056,1346.773715098056,-0.3145119999999224,0.9606614982134247,0.9606610670204343,-4.311929904243783e-07,0.0,0.0,0.0,0.9453387780951119,0.9437441707544703,-0.0015946073406416517,0.037709714704496355,0.03795273374067798,0.00024301903618162424,1.0,1.0,0.0,0.9975994933405072,0.9975794453423715,-2.0047998135708234e-05,1.0,1.0,0.0,0.9622902852955036,0.962047266259322,-0.00024301903618162424,0.0,0.0,0.0,0.0,0.0,0.0,0.0,0.0,0.0,153.7057655999854,153.73237659998537,0.026610999999974183,3.536398734555945,3.536740570800439,0.00034183624449379835,6.753431138066013,6.747139831740334,-0.006291306325678647,1.0,1.0,0.0,0.9402439658137427,0.9395084403866342,-0.0007355254271085299,10.28982987262196,10.283880402540772,-0.005949470081187513,1398.2693522427787,1447.00063989819,48.73128765541128,19.75105246481342,19.85109370330714,0.10004123849371993
c-main,main_00021_OD_IJSH_de33342320a7,OD_IJSH,main_00021,20264021,True,True,0,0,True,1423.6978330980562,1423.511354098056,0,0,0,0,0,0,1423.6978330980562,1423.511354098056,-0.18647900000019035,0.9610871487576844,0.9610873441103303,1.953526458375876e-07,0.0,0.0,0.0,0.9463353882217458,0.944717571289672,-0.0016178169320737457,0.028399549019942905,0.028611515450537528,0.0002119664305946234,1.0,1.0,0.0,0.9979515104042395,0.9979280735850132,-2.34368192262302e-05,1.0,1.0,0.0,0.9716004509800571,0.9713884845494625,-0.0002119664305946234,0.0,0.0,0.0,0.0,0.0,0.0,0.0,0.0,0.0,126.93266791009822,126.93679991009824,0.004132000000026892,2.8402059670666477,2.84002914378428,-0.00017682328236778844,6.694445419570835,6.685723316786849,-0.00872210278398633,1.0,1.0,0.0,0.9402439658137427,0.9395084403866342,-0.0007355254271085299,9.534651386637485,9.525752460571127,-0.008898926066358115,963.4064632101837,987.2907536358983,23.884290425714653,17.419872530783696,17.51559649920083,0.09572396841713271
c-main,main_00021_OD_JSH_066097d02d52,OD_JSH,main_00021,20264021,True,True,0,0,True,1423.6978330980562,1423.511354098056,0,0,0,0,0,0,1423.6978330980562,1423.511354098056,-0.18647900000019035,0.9610871487576844,0.9610873441103303,1.953526458375876e-07,0.0,0.0,0.0,0.9463353882217458,0.944717571289672,-0.0016178169320737457,0.028399549019942905,0.028611515450537528,0.0002119664305946234,1.0,1.0,0.0,0.9979515104042395,0.9979280735850132,-2.34368192262302e-05,1.0,1.0,0.0,0.9716004509800571,0.9713884845494625,-0.0002119664305946234,0.0,0.0,0.0,0.0,0.0,0.0,0.0,0.0,0.0,126.93266791009822,126.93679991009824,0.004132000000026892,2.8402059670666477,2.84002914378428,-0.00017682328236778844,6.694445419570835,6.685723316786849,-0.00872210278398633,1.0,1.0,0.0,0.9402439658137427,0.9395084403866342,-0.0007355254271085299,9.534651386637485,9.525752460571127,-0.008898926066358115,963.4064632101837,987.2907536358983,23.884290425714653,17.419872530783696,17.51559649920083,0.09572396841713271
c-main,main_00022_CEN_77e57a9297f0,CEN,main_00022,20264022,True,True,0,0,True,761.4765689999998,761.4631059999999,0,0,0,0,0,0,761.4765689999998,761.4631059999999,-0.01346299999988787,0.9882154882154879,0.9898989898989898,0.0016835016835019534,0.0,0.0,0.0,0.9826224315692536,0.9826210615991224,-1.3699701311153945e-06,0.050972301410944665,0.051070731693832694,9.843028288802902e-05,1.0,1.0,0.0,0.9970649690325305,0.9969948511734941,-7.011785903643375e-05,1.0,1.0,0.0,0.9490276985890553,0.9489292683061673,-9.843028288802902e-05,0.0,0.0,0.0,0.0,0.0,0.0,0.0,0.0,0.0,0.0,0.0,0.0,12.147252383567455,12.146830542310628,-0.0004218412568270935,1.0188941907249836,1.016450554341963,-0.0024436363830204755,1.0,1.0,0.0,1.0,1.0,0.0,13.166146574292437,13.163281096652593,-0.0028654776398440163,343.0795092362757,343.03205734466746,-0.047451891608261576,12.715330286258517,12.89350505062837,0.17817476436985302
c-main,main_00022_IJSH_3bdb4443a863,IJSH,main_00022,20264022,True,True,0,0,True,761.9001279999999,761.882343,0,0,0,0,0,0,761.9001279999999,761.882343,-0.017784999999889806,0.9882154882154879,0.9898989898989898,0.0016835016835019534,0.0,0.0,0.0,0.9801825354816811,0.9801822628849772,-2.725967038763599e-07,0.03190127763860595,0.03205497072234398,0.00015369308373802681,1.0,1.0,0.0,0.9970932616193678,0.9970091934151144,-8.406820425344019e-05,1.0,1.0,0.0,0.968098722361394,0.967945029277656,-0.00015369308373802681,0.0,0.0,0.0,0.0,0.0,0.0,0.0,0.0,0.0,0.0,0.0,0.0,11.317604522762018,11.318920256434986,0.0013157336729676672,1.1750400720201621,1.1665732322842248,-0.008466839735937315,1.0,1.0,0.0,1.0,1.0,0.0,12.49264459478218,12.48549348871921,-0.0071511060629685375,220.26073678264098,220.29862749174478,0.037890709103805875,12.113934609523964,12.264446896089646,0.15051228656568227
c-main,main_00022_JSH_b31d2366878d,JSH,main_00022,20264022,True,True,0,0,True,761.9001279999999,761.882343,0,0,0,0,0,0,761.9001279999999,761.882343,-0.017784999999889806,0.9882154882154879,0.9898989898989898,0.0016835016835019534,0.0,0.0,0.0,0.9801825354816811,0.9801822628849772,-2.725967038763599e-07,0.03190127763860595,0.03205497072234398,0.00015369308373802681,1.0,1.0,0.0,0.9970932616193678,0.9970091934151144,-8.406820425344019e-05,1.0,1.0,0.0,0.968098722361394,0.967945029277656,-0.00015369308373802681,0.0,0.0,0.0,0.0,0.0,0.0,0.0,0.0,0.0,0.0,0.0,0.0,11.317604522762018,11.318920256434986,0.0013157336729676672,1.1750400720201621,1.1665732322842248,-0.008466839735937315,1.0,1.0,0.0,1.0,1.0,0.0,12.49264459478218,12.48549348871921,-0.0071511060629685375,220.26073678264098,220.29862749174478,0.037890709103805875,12.113934609523964,12.264446896089646,0.15051228656568227
c-main,main_00022_OD_CEN_533aa0e980c4,OD_CEN,main_00022,20264022,True,True,0,0,True,703.4839924632007,703.4862194632007,0,0,0,0,0,0,703.4839924632007,703.4862194632007,0.0022269999999480206,0.9924097525983921,0.9927645281487694,0.00035477555037721764,0.0,0.0,0.0,0.9788087178733313,0.9786976504773683,-0.00011106739596300486,0.07572198797547103,0.07565560521094039,-6.638276453063696e-05,1.0,1.0,0.0,0.9882978925248084,0.9882288724277519,-6.902009705644918e-05,1.0,1.0,0.0,0.924278012024529,0.9243443947890596,6.638276453063696e-05,0.0,0.0,0.0,0.0,0.0,0.0,0.0,0.0,0.0,0.0,0.0,0.0,12.249379430321914,12.24862457766752,-0.0007548526543939005,5.337313664336731,5.322565965371137,-0.01474769896559458,1.0,1.0,0.0,1.0,1.0,0.0,17.586693094658646,17.571190543038657,-0.01550255161998848,1984.7433945166185,2001.0714684578627,16.328073941244156,17.035447713897625,17.052746886073642,0.017299172176016953
c-main,main_00022_OD_IJSH_bab0c881cbf1,OD_IJSH,main_00022,20264022,True,True,0,0,True,576.5590694632008,576.7014884632007,0,0,0,0,0,0,576.5590694632008,576.7014884632007,0.14241899999990437,0.991074620955402,0.9916415114054484,0.0005668904500464311,0.0,0.0,0.0,0.9765861605954362,0.9764736399001563,-0.00011252069527989406,0.09128323047724363,0.09121832488592418,-6.490559131944185e-05,1.0,1.0,0.0,0.9858006287980967,0.9857091122245445,-9.151657355221943e-05,1.0,1.0,0.0,0.9087167695227564,0.9087816751140758,6.490559131944185e-05,0.0,0.0,0.0,0.0,0.0,0.0,0.0,0.0,0.0,0.0,0.0,0.0,11.405847385876855,11.40538753228826,-0.00045985358859468306,5.494318745296914,5.482796040671389,-0.011522704625524405,1.0,1.0,0.0,1.0,1.0,0.0,16.900166131173773,16.888183572959647,-0.011982558214125305,1623.7108820689475,1620.4888911660705,-3.221990902876996,16.38687751296118,16.407683403099895,0.020805890138714034
c-main,main_00022_OD_JSH_8e859733d83a,OD_JSH,main_00022,20264022,True,True,0,0,True,576.5590694632008,576.7014884632007,0,0,0,0,0,0,576.5590694632008,576.7014884632007,0.14241899999990437,0.991074620955402,0.9916415114054484,0.0005668904500464311,0.0,0.0,0.0,0.9765861605954362,0.9764736399001563,-0.00011252069527989406,0.09128323047724363,0.09121832488592418,-6.490559131944185e-05,1.0,1.0,0.0,0.9858006287980967,0.9857091122245445,-9.151657355221943e-05,1.0,1.0,0.0,0.9087167695227564,0.9087816751140758,6.490559131944185e-05,0.0,0.0,0.0,0.0,0.0,0.0,0.0,0.0,0.0,0.0,0.0,0.0,11.405847385876855,11.40538753228826,-0.00045985358859468306,5.494318745296914,5.482796040671389,-0.011522704625524405,1.0,1.0,0.0,1.0,1.0,0.0,16.900166131173773,16.888183572959647,-0.011982558214125305,1623.7108820689475,1620.4888911660705,-3.221990902876996,16.38687751296118,16.407683403099895,0.020805890138714034
c-main,main_00023_CEN_9345aa646229,CEN,main_00023,20264023,True,True,0,0,True,746.1666196330341,746.1282036330342,0,0,0,0,0,0,746.1666196330341,746.1282036330342,-0.03841599999987011,0.9496486234114858,0.9496488906157157,2.6720422985349046e-07,0.0,0.0,0.0,0.9281204739987983,0.9278472907960107,-0.0002731832027875747,0.13707310195268219,0.1370886169323855,1.5514979703312726e-05,1.0,1.0,0.0,0.9915457338552383,0.9914664446791716,-7.928917606669916e-05,1.0,1.0,0.0,0.8629268980473178,0.8629113830676145,-1.5514979703312726e-05,0.0,0.0,0.0,0.0,0.0,0.0,105.16267808694104,105.13369608694103,-0.028982000000013386,143.5426867778458,143.5086867778458,-0.033999999999991815,14.879913679184245,14.877719060811266,-0.0021946183729788515,2.3331709598842716,2.321303808479208,-0.01186715140506367,1.0,1.0,0.0,0.9882387459118145,0.9872965089600444,-0.0009422369517700924,17.213084639068516,17.199022869290474,-0.014061769778042077,3285.073032545696,3283.6701029419905,-1.4029296037056156,22.727010187727327,22.99777330994284,0.2707631222155129
c-main,main_00023_IJSH_3a0db3dde7b0,IJSH,main_00023,20264023,True,True,0,0,True,729.9127536330341,729.9544906330342,0,0,0,0,0,0,729.9127536330341,729.9544906330342,0.04173700000012559,0.9512143406280862,0.9512138384614024,-5.021666837912164e-07,0.0,0.0,0.0,0.9263573581454245,0.926058212553188,-0.00029914559223653825,0.09509529590092713,0.09523002332024999,0.00013472741932285537,1.0,1.0,0.0,0.9928645463686127,0.9927992095330535,-6.533683555920433e-05,1.0,1.0,0.0,0.9049047040990729,0.90476997667975,-0.00013472741932285537,0.0,0.0,0.0,0.0,0.0,0.0,86.8510047043155,86.85700770431549,0.006002999999992653,160.23044190439165,160.22638490439164,-0.004057000000017297,8.258228461333763,8.258661561746502,0.00043310041273869615,2.152035746228388,2.1490085066203877,-0.0030272396080004427,1.0,1.0,0.0,0.9882387459118145,0.9872965089600444,-0.0009422369517700924,10.41026420756215,10.40767006836689,-0.00259413919525997,2296.9973250584544,2296.868687139454,-0.1286379190005391,15.84524138056964,15.95622041893857,0.11097903836892975
c-main,main_00023_JSH_aede163c1e56,JSH,main_00023,20264023,True,True,0,0,True,761.791999633034,761.8081016330342,0,0,0,0,0,0,761.791999633034,761.8081016330342,0.016102000000159933,0.9527081790887391,0.9527079145634592,-2.6452527990272756e-07,0.0,0.0,0.0,0.9263196048187166,0.9260913473746228,-0.00022825744409371573,0.13916446836393248,0.13924491958690732,8.04512229748422e-05,1.0,1.0,0.0,0.9913713064373137,0.9913157544077299,-5.555202958384964e-05,1.0,1.0,0.0,0.8608355316360675,0.8607550804130927,-8.04512229748422e-05,0.0,0.0,0.0,0.0,0.0,0.0,86.8510047043155,86.85700770431549,0.006002999999992653,244.3345028580382,244.33827085803821,0.003768000000007987,10.216008598463608,10.216351523640753,0.0003429251771454034,2.572254817321669,2.561900799401614,-0.010354017920055192,1.0,1.0,0.0,0.9882387459118145,0.9872965089600444,-0.0009422369517700924,12.788263415785277,12.778252323042366,-0.010011092742910677,4018.1432817191267,4017.780876906474,-0.36240481265258495,20.821188051834294,20.964629521441594,0.14344146960729987
c-main,main_00023_OD_CEN_9e8d73a81b29,OD_CEN,main_00023,20264023,True,True,0,0,True,745.530888633034,745.474451633034,0,0,0,0,0,0,745.530888633034,745.474451633034,-0.05643699999995988,0.9408821708647221,0.9408836564566148,1.485591892613769e-06,0.0,0.0,0.0,0.9250878811743564,0.9247368247393075,-0.00035105643504884654,0.13690841680966737,0.13711734878128334,0.00020893197161597765,1.0,1.0,0.0,0.9915700022828279,0.9914907161571052,-7.928612572272176e-05,1.0,1.0,0.0,0.8630915831903326,0.8628826512187167,-0.00020893197161597765,0.0,0.0,0.0,0.0,0.0,0.0,136.805757,136.761779,-0.04397800000000984,143.74832077784578,143.75404777784578,0.005727000000007365,14.875772706779482,14.87466030722958,-0.0011123995499016104,2.1676465378625047,2.1591155777674484,-0.008530960095056273,1.0,1.0,0.0,0.9882387459118145,0.9872965089600444,-0.0009422369517700924,17.04341924464199,17.03377588499703,-0.009643359644957883,3275.3721705328558,3274.722177570668,-0.6499929621877527,22.462501476380453,22.738593618861213,0.27609214248075986
c-main,main_00023_OD_IJSH_0bb8e7b2c631,OD_IJSH,main_00023,20264023,True,True,0,0,True,729.5093236330341,729.5123536330341,0,0,0,0,0,0,729.5093236330341,729.5123536330341,0.0030299999999670035,0.9431565765192726,0.9431590474754801,2.470956207423214e-06,0.0,0.0,0.0,0.9235701532663882,0.9231938049396367,-0.0003763483267515966,0.0886394205288824,0.08888209923339863,0.0002426787045162193,1.0,1.0,0.0,0.9929194902359703,0.9928580476971729,-6.144253879736272e-05,1.0,1.0,0.0,0.9113605794711176,0.9111179007666014,-0.0002426787045162193,0.0,0.0,0.0,0.0,0.0,0.0,136.712261,136.66834,-0.043921000000011645,160.19950090439164,160.1943139043916,-0.005187000000034914,8.257344182680809,8.256609894773272,-0.0007342879075373787,1.9846183712763512,1.9813278974493447,-0.003290473827006535,1.0,1.0,0.0,0.9882387459118145,0.9872965089600444,-0.0009422369517700924,10.241962553957158,10.237937792222617,-0.004024761734541471,2287.9323648514137,2287.6131611166575,-0.3192037347562291,15.627442230785771,15.766472567999088,0.1390303372133168
c-main,main_00023_OD_JSH_88abcf0f34c8,OD_JSH,main_00023,20264023,True,True,0,0,True,761.8065716330341,761.7630606330341,0,0,0,0,0,0,761.8065716330341,761.7630606330341,-0.04351099999996677,0.9473193744065647,0.9473203405129931,9.661064284127718e-07,0.0,0.0,0.0,0.9246939960716103,0.9244016524460161,-0.00029234362559416027,0.1329255668415652,0.13325896603472254,0.00033339919315733546,1.0,1.0,0.0,0.9913914242692916,0.9913249771977557,-6.644707153591334e-05,1.0,1.0,0.0,0.8670744331584348,0.8667410339652775,-0.00033339919315733546,0.0,0.0,0.0,0.0,0.0,0.0,136.712261,136.66834,-0.043921000000011645,244.33962885803822,244.2970978580382,-0.04253100000002519,10.216548998211973,10.214671464338029,-0.0018775338739445147,2.405508022097268,2.40481863884499,-0.0006893832522782972,1.0,1.0,0.0,0.9882387459118145,0.9872965089600444,-0.0009422369517700924,12.622057020309242,12.619490103183018,-0.0025669171262237,4007.672217960267,4005.7163890786937,-1.955828881573325,20.608007499468044,20.75192540633335,0.1439179068653047
c-main,main_00024_CEN_d49c8087d7a9,CEN,main_00024,20264024,True,True,0,0,True,710.7231309089312,710.7682329089314,0,0,0,0,0,0,710.7231309089312,710.7682329089314,0.045102000000156295,0.3889075221765339,0.3882359892502727,-0.0006715329262612091,0.0,0.0,0.0,0.3773743476337532,0.37586705981781865,-0.001507287815934566,0.22386647353254485,0.22316455243858824,-0.0007019210939566145,1.0,1.0,0.0,0.9291060679000468,0.9290050091896567,-0.00010105871039012282,1.0,1.0,0.0,0.7761335264674551,0.7768354475614118,0.0007019210939566145,267.2007206739121,267.17536467391216,-0.0253559999999311,267.2007206739121,267.17536467391216,-0.0253559999999311,267.2007206739121,267.17536467391216,-0.0253559999999311,294.0404312457264,294.01551824572647,-0.0249129999999127,76.79508678086177,76.7921879827874,-0.0028987980743693242,24.553286334865092,24.547027434819064,-0.006258900046027804,1.0,1.0,0.0,0.7947991216027095,0.7949413099170709,0.00014218831436141333,101.34837311572686,101.33921541760647,-0.009157698120390023,17378.912852015554,17357.695158349794,-21.217693665759725,163.11800888240754,163.2469892876103,0.12898040520275345
c-main,main_00024_IJSH_e008707f7164,IJSH,main_00024,20264024,True,True,0,0,True,813.3181339089313,813.4025529089313,0,0,0,0,0,0,813.3181339089313,813.4025529089313,0.08441900000002533,0.4216097528120537,0.42045908902940377,-0.001150663782649941,0.0,0.0,0.0,0.396318141660037,0.3966627442936357,0.0003446026335987007,0.299779895666483,0.2991687217159674,-0.0006111739505155755,1.0,1.0,0.0,0.9072655691640873,0.9072126350353296,-5.293412875773118e-05,1.0,1.0,0.0,0.700220104333517,0.7008312782840326,0.0006111739505155755,367.0566444089383,367.0487204089384,-0.007923999999945863,367.0566444089383,367.0487204089384,-0.007923999999945863,367.0566444089383,367.0487204089384,-0.007923999999945863,407.45663672017315,407.44749372017316,-0.009142999999994572,137.90432574093666,137.91426687552772,0.009941134591059608,32.35691926492974,32.33709649657529,-0.019822768354451625,1.0,1.0,0.0,0.7947991216027095,0.7949413099170709,0.00014218831436141333,170.26124500586639,170.25136337210301,-0.0098816337633707,30756.508172506794,30707.14861356176,-49.35955894503422,259.5265411535915,259.7000312118639,0.1734900582724208
c-main,main_00024_JSH_208f2bbffd53,JSH,main_00024,20264024,True,True,0,0,True,803.9585639089314,803.9959639089313,0,0,0,0,0,0,803.9585639089314,803.9959639089313,0.03739999999993415,0.4221386671752212,0.4211180499797065,-0.001020617195514717,0.0,0.0,0.0,0.39676526113487154,0.39442513846133576,-0.0023401226735357827,0.43687450338557066,0.4365538618537722,-0.000320641531798449,1.0,1.0,0.0,0.8720064334275781,0.8718742347120825,-0.000132198715495635,1.0,1.0,0.0,0.5631254966144293,0.5634461381462278,0.000320641531798449,584.8690109409395,584.9366459409396,0.06763500000010936,584.8690109409395,584.9366459409396,0.06763500000010936,584.8690109409395,584.9366459409396,0.06763500000010936,584.8690109409395,584.9366459409396,0.06763500000010936,154.65066181335268,154.6628477443056,0.012185930952909985,48.79340199977885,48.7857970965749,-0.007604903203947799,1.0,1.0,0.0,0.7947991216027095,0.7949413099170709,0.00014218831436141333,203.44406381313152,203.44864484088046,0.004581027748940869,73423.52908542375,73525.61690050852,102.08781508477114,334.5004049113969,334.67591847197167,0.17551356057475687
c-main,main_00024_OD_CEN_3b63f966c6ff,OD_CEN,main_00024,20264024,True,True,0,0,True,710.1361369089313,710.2484139089313,0,0,0,0,0,0,710.1361369089313,710.2484139089313,0.11227699999994911,0.40377545691004424,0.4050445201599524,0.0012690632499081644,0.0,0.0,0.0,0.3900435874074726,0.389324647643819,-0.0007189397636535588,0.22372823849089207,0.22305093358397365,-0.0006773049069184189,1.0,1.0,0.0,0.9302131296540866,0.9301091347557316,-0.00010399489835499764,1.0,1.0,0.0,0.7762717615091079,0.7769490664160263,0.0006773049069184189,266.61940167391214,266.66021567391215,0.040814000000011674,266.61940167391214,266.66021567391215,0.040814000000011674,266.61940167391214,266.66021567391215,0.040814000000011674,293.45628724572646,293.49877324572645,0.04248599999999669,76.65777849093598,76.67042517963412,0.012646688698140451,22.573209946013183,22.580033115055762,0.006823169042579735,1.0,1.0,0.0,0.7947991216027095,0.7949413099170709,0.00014218831436141333,99.23098843694918,99.25045829468989,0.019469857740716634,17872.05880339597,17888.260877377055,16.20207398108687,160.73991377749755,161.0356513030748,0.29573752557723765
c-main,main_00024_OD_IJSH_e03e72a2a6d1,OD_IJSH,main_00024,20264024,True,True,0,0,True,814.0542839089312,814.0966529089313,0,0,0,0,0,0,814.0542839089312,814.0966529089313,0.04236900000012156,0.4338213420563106,0.4333100574283111,-0.000511284627999542,0.0,0.0,0.0,0.406303702587691,0.406761067456312,0.0004573648686210241,0.30009828575621667,0.29967674143878653,-0.00042154431743013365,1.0,1.0,0.0,0.9080708081261991,0.9079757985347918,-9.500959140729126e-05,1.0,1.0,0.0,0.6999017142437833,0.7003232585612135,0.00042154431743013365,367.8081134089383,367.7638724089384,-0.044240999999885844,367.8081134089383,367.7638724089384,-0.044240999999885844,367.8081134089383,367.7638724089384,-0.044240999999885844,408.1927867201731,408.1415937201732,-0.05119299999989835,138.07958199965464,138.0800271531633,0.0004451535086502645,30.488719212645943,30.467877984474157,-0.02084122817178624,1.0,1.0,0.0,0.7947991216027095,0.7949413099170709,0.00014218831436141333,168.56830121230058,168.54790513763743,-0.02039607466315374,31810.682015584047,31740.178174272532,-70.5038413115144,257.9575244976129,258.23803925960516,0.280514761992265
c-main,main_00024_OD_JSH_bf5669e70d5b,OD_JSH,main_00024,20264024,True,True,0,0,True,804.3201179089315,804.2024959089314,0,0,0,0,0,0,804.3201179089315,804.2024959089314,-0.1176220000000967,0.4295319281751253,0.431110368520645,0.0015784403455196827,0.0,0.0,0.0,0.40315880203262777,0.4013757252432548,-0.0017830767893729504,0.43701403788303417,0.43672602404609495,-0.000288013836939216,1.0,1.0,0.0,0.8729170016164305,0.8727902557506407,-0.00012674586578975688,1.0,1.0,0.0,0.5629859621169658,0.563273975953905,0.000288013836939216,585.2305649409395,585.1431779409396,-0.0873869999999215,585.2305649409395,585.1431779409396,-0.0873869999999215,585.2305649409395,585.1431779409396,-0.0873869999999215,585.2305649409395,585.1431779409396,-0.0873869999999215,154.73480817369474,154.71292733075825,-0.021880842936496947,46.88488495628331,46.87670307672567,-0.008181879557639604,1.0,1.0,0.0,0.7947991216027095,0.7949413099170709,0.00014218831436141333,201.61969312997806,201.58963040748392,-0.03006272249413655,75245.69021488373,75381.59238252207,135.90216763834178,332.7308703366955,332.9292065808951,0.19833624419959506
