stage,variant,tag,k,options_digest,strategy,scenario_id,scenario_seed,complete,fallback_assets,healthy_served_fraction,od_damaged_roads,od_damaged_roads_nonzero,case_label,closure_penalty,native_children_peak_rss_mib,power,wall_seconds,worker_lifetime_peak_rss_mib,censored_access_zones,censored_cri_zones,completion_or_censor_time,gini_access_restore,gini_final_cri,gini_restore,maximin_time_avg_cri_loss,mean_final_cri,mean_time_avg_cri,min_final_cri,min_time_avg_cri,p90_access_restore,p90_restore,p95_access_restore,p95_restore,power_loss,road_loss,shelter_access_final,shelter_access_initial,triangle_area,var_restore,weighted_triangle_area
a-main,main,default,,44136fa355b3,CEN,main_00001,20264001,True,0,0.26269150094230154,,,,9999.0,2068.25390625,"{'circuit_loads': 9.0, 'circuit_resets': 93.0, 'disk_hits': 1.0, 'isolated_calls': 9.0, 'isolated_wall_seconds': 1613.0235993490205, 'load_seconds': 837.0089276969811, 'measure_seconds': 248.11656355012383, 'memory_hits': 116.0, 'reset_seconds': 96.1496079491335, 'solve_calls': 102.0, 'solve_seconds': 407.069418267929, 'wall_seconds': 1594.9900296740088}",2127.4292799309915,407.9609375,0,0,710.5364042631265,0.9448227744333935,0.0,0.9402295738311606,0.13376498033181738,1.0,0.9933405825791505,1.0,0.8662350196681826,0.0,0.0,51.47451900316942,51.47451900316942,30.717505813602845,0.7463311261081285,1.0,0.9565694476611809,31.463836939710973,1039.328203615063,41.0605329969632
a-main,main,default,,44136fa355b3,IJSH,main_00001,20264001,True,10,0.26269150094230154,,,,9999.0,0.0,"{'disk_hits': 10.0, 'memory_hits': 116.0}",2.040881388995331,405.25390625,0,0,859.4204572631264,0.935400013643428,0.0,0.9228224500148412,0.11245079076213116,1.0,0.9923790242779115,1.0,0.8875492092378688,0.0,0.0,157.90135845756618,167.42349999938347,14.32697070170184,2.118916674745068,1.0,0.9565694476611809,16.445887376446912,3056.440548649744,29.18324439056141
a-main,main,default,,44136fa355b3,JSH,main_00001,20264001,True,10,0.26269150094230154,,,,9999.0,2066.33984375,"{'circuit_loads': 5.0, 'circuit_resets': 50.0, 'disk_hits': 5.0, 'isolated_calls': 5.0, 'isolated_wall_seconds': 886.0639843660028, 'load_seconds': 447.70436282703304, 'measure_seconds': 138.00138216100459, 'memory_hits': 116.0, 'reset_seconds': 57.25143653602572, 'solve_calls': 55.0, 'solve_seconds': 228.38218746692291, 'wall_seconds': 874.7913575569837}",1121.0339311730058,410.40625,0,0,859.4204572631264,0.935400013643428,0.0,0.9228224500148412,0.11245079076213116,1.0,0.9923790242779115,1.0,0.8875492092378688,0.0,0.0,157.90135845756618,167.42349999938347,14.32697070170184,2.118916674745068,1.0,0.9565694476611809,16.445887376446912,3056.440548649744,29.18324439056141
a-main,main,default,,44136fa355b3,CEN,main_00002,20264002,True,0,0.26269150094230154,,,,9999.0,1963.25,"{'circuit_loads': 6.0, 'circuit_resets': 59.0, 'disk_hits': 2.0, 'isolated_calls': 6.0, 'isolated_wall_seconds': 808.7663275880041, 'load_seconds': 386.67492003600637, 'measure_seconds': 135.66909940593177, 'memory_hits': 64.0, 'reset_seconds': 53.93678561701381, 'solve_calls': 65.0, 'solve_seconds': 219.1746001149586, 'wall_seconds': 798.391745343004}",1002.2442005599878,370.83984375,0,0,443.75345254977015,0.4747474747474749,0.0,0.41956424778940216,0.1329940403280252,1.0,0.9635132384333412,1.0,0.8670059596719748,98.82628048636224,98.82628048636224,98.82628048636224,98.82628048636224,24.75689908021572,7.5393818739773435,1.0,0.7930077873173604,32.29628095419306,2398.3056408877205,53.56519143949887
a-main,main,default,,44136fa355b3,IJSH,main_00002,20264002,True,3,0.26269150094230154,,,,9999.0,559.74609375,"{'disk_hits': 8.0, 'memory_hits': 64.0}",48.206680782008334,371.05859375,0,0,495.4422005497702,0.47474747474747425,0.0,0.4207201021597029,0.05597319757776087,1.0,0.98431469783459,1.0,0.9440268024222391,46.42123637530481,46.42123637530481,46.42123637530481,46.42123637530481,12.028579761576424,3.6111933645789684,1.0,0.7930077873173604,15.639773126155392,543.3024233536892,25.640122597397642
a-main,main,default,,44136fa355b3,JSH,main_00002,20264002,True,3,0.26269150094230154,,,,9999.0,2064.62890625,"{'circuit_loads': 4.0, 'circuit_resets': 38.0, 'disk_hits': 3.0, 'isolated_calls': 4.0, 'isolated_wall_seconds': 520.2300282380165, 'load_seconds': 243.6617236170132, 'measure_seconds': 89.36837340598868, 'memory_hits': 65.0, 'reset_seconds': 35.59213593005552, 'solve_calls': 42.0, 'solve_seconds': 141.86391055006243, 'wall_seconds': 512.5101806179882}",558.089952513008,411.39453125,0,0,504.03056254977014,0.47474747474747425,0.0,0.42246295295566894,0.06631355958209295,1.0,0.9843685882782094,1.0,0.933686440417907,46.42123637530481,46.42123637530481,46.42123637530481,46.42123637530481,12.342038279120525,3.660993741480104,1.0,0.7930077873173604,16.00303202060063,565.1826407062114,25.994410410101814
a-main,main,default,,44136fa355b3,CEN,main_00003,20264003,True,0,0.26269150094230154,,,,9999.0,2068.58984375,"{'circuit_loads': 11.0, 'circuit_resets': 111.0, 'disk_hits': 2.0, 'isolated_calls': 11.0, 'isolated_wall_seconds': 1825.1330002440372, 'load_seconds': 942.0431081059796, 'measure_seconds': 264.4894517070934, 'memory_hits': 125.0, 'reset_seconds': 129.10079723295348, 'solve_calls': 122.0, 'solve_seconds': 461.01942473405506, 'wall_seconds': 1803.317634158011}",2298.529929666998,408.765625,0,0,803.7513303659784,0.9882154882154883,0.0,0.904789868920032,0.1567460353096377,1.0,0.9620023150116082,1.0,0.8432539646903623,0.0,46.748273000000005,0.0,574.3763049231354,212.01689690706218,1.4589019541951904,1.0,0.9958616751701235,213.47579886125737,22513.603416111062,216.3390470017499
a-main,main,default,,44136fa355b3,IJSH,main_00003,20264003,True,12,0.26269150094230154,,,,9999.0,560.0,"{'disk_hits': 13.0, 'memory_hits': 125.0}",94.3930026399903,408.34375,0,0,747.3968843659784,0.9882154882154883,0.0,0.8958530229186628,0.12513902773079966,1.0,0.9712218363359133,1.0,0.8748609722692003,0.0,46.748273000000005,0.0,280.41904689578,140.64490420228876,1.3794757963651312,1.0,0.9958616751701235,142.0243799986539,10237.916861639318,143.83463720150206
a-main,main,default,,44136fa355b3,JSH,main_00003,20264003,True,12,0.26269150094230154,,,,9999.0,2068.23046875,"{'circuit_loads': 4.0, 'circuit_resets': 40.0, 'disk_hits': 9.0, 'isolated_calls': 4.0, 'isolated_wall_seconds': 823.6873477250047, 'load_seconds': 437.0260208369873, 'measure_seconds': 119.10495852898748, 'memory_hits': 125.0, 'reset_seconds': 55.23147930097184, 'solve_calls': 44.0, 'solve_seconds': 200.2115276360273, 'wall_seconds': 814.7456914829963}",1220.407798885004,411.35546875,0,0,723.8988333659782,0.9882154882154883,0.0,0.8942826139294775,0.1573738076555523,1.0,0.9678682099651066,1.0,0.8426261923444477,0.0,46.748273000000005,0.0,280.20950289577996,142.7469640649579,1.4968015408783921,1.0,0.9958616751701235,144.24376560583627,9645.736066049387,146.42605727337008
a-main,main,default,,44136fa355b3,CEN,main_00004,20264004,True,0,0.26269150094230154,,,,9999.0,2052.49609375,"{'circuit_loads': 10.0, 'circuit_resets': 78.0, 'disk_hits': 1.0, 'isolated_calls': 10.0, 'isolated_wall_seconds': 1181.1766176009842, 'load_seconds': 616.9284574880003, 'measure_seconds': 179.4430840510031, 'memory_hits': 121.0, 'reset_seconds': 74.1389860369527, 'solve_calls': 88.0, 'solve_seconds': 288.25018513003306, 'wall_seconds': 1163.154106108981}",1648.6829084700003,408.49609375,0,0,910.0203000801484,0.9399765129936875,0.0,0.9704094008780053,0.07655077778641717,1.0,0.9957607264088839,1.0,0.9234492222135828,0.0,0.0,30.45338796341826,30.45338796341826,16.512173487547226,4.100312259201912,1.0,1.0,20.61248574674914,3280.0089476694334,19.94684792263088
a-main,main,default,,44136fa355b3,IJSH,main_00004,20264004,True,11,0.26269150094230154,,,,9999.0,560.76171875,"{'disk_hits': 11.0, 'memory_hits': 121.0}",96.2795912760048,407.6875,0,0,796.0979760801484,0.950018105276109,0.0,0.9464483658829319,0.08914233675967065,1.0,0.9918717384259101,1.0,0.9108576632403294,0.0,0.0,48.416653999999994,66.45246593631987,14.09424710094286,4.945933954174618,1.0,1.0,19.04018105511748,1546.4065776840478,18.59094449868018
a-main,main,default,,44136fa355b3,JSH,main_00004,20264004,True,11,0.26269150094230154,,,,9999.0,2058.00390625,"{'circuit_loads': 2.0, 'circuit_resets': 20.0, 'disk_hits': 9.0, 'isolated_calls': 2.0, 'isolated_wall_seconds': 190.8912963190087, 'load_seconds': 68.81795404299919, 'measure_seconds': 39.24230882503616, 'memory_hits': 121.0, 'reset_seconds': 18.84064335099538, 'solve_calls': 22.0, 'solve_seconds': 59.19342599197989, 'wall_seconds': 187.11474422400352}",427.085703439996,412.02734375,0,0,916.5862080801486,0.9467961476438149,0.0,0.9422720725320066,0.08757313328675109,1.0,0.994379933188956,1.0,0.9124268667132489,0.0,0.0,48.416653999999994,66.45246593631987,13.53542494866527,4.606200685912865,1.0,1.0,18.14162563457813,814.4685589164279,17.74006231648587
a-main,main,default,,44136fa355b3,CEN,main_00005,20264005,True,0,0.26269150094230154,,,,9999.0,2053.14453125,"{'circuit_loads': 13.0, 'circuit_resets': 122.0, 'disk_hits': 2.0, 'isolated_calls': 13.0, 'isolated_wall_seconds': 1962.7620482920174, 'load_seconds': 1091.1167768500018, 'measure_seconds': 299.3282615488715, 'memory_hits': 129.0, 'reset_seconds': 87.21944966906449, 'solve_calls': 135.0, 'solve_seconds': 451.2838764459593, 'wall_seconds': 1936.7721251720213}",2365.5834860969917,409.44921875,0,0,1083.3086425426338,0.9394705151979683,0.0,0.9315786926453757,0.12169764173919151,1.0,0.9903404211404323,1.0,0.8783023582608085,0.0,0.0,274.894063,276.1602140720459,44.525387967409,2.014389891355002,1.0,0.9994480301074488,46.539777858764005,16982.042133003386,46.420149616319826
a-main,main,default,,44136fa355b3,IJSH,main_00005,20264005,True,9,0.26269150094230154,,,,9999.0,795.96484375,"{'circuit_loads': 1.0, 'circuit_resets': 8.0, 'disk_hits': 14.0, 'isolated_calls': 1.0, 'isolated_wall_seconds': 29.141424945992185, 'load_seconds': 5.374862948010559, 'measure_seconds': 7.93366970900388, 'memory_hits': 129.0, 'reset_seconds': 3.6333706130099017, 'solve_calls': 9.0, 'solve_seconds': 10.543691192011465, 'wall_seconds': 27.76259289799782}",76.94653225300135,407.49609375,0,0,1288.676486542634,0.9395321089905406,0.0,0.9230813285742001,0.060771745339676664,1.0,0.9919886273525199,1.0,0.9392282546603233,0.0,0.0,272.20750723453364,272.20750723453364,50.46249316349667,1.997751277892782,1.0,0.9994480301074488,52.46024444138944,6407.177477663545,52.04137301412355
a-main,main,default,,44136fa355b3,JSH,main_00005,20264005,True,9,0.26269150094230154,,,,9999.0,2064.62890625,"{'circuit_loads': 4.0, 'circuit_resets': 38.0, 'disk_hits': 11.0, 'isolated_calls': 4.0, 'isolated_wall_seconds': 798.6623173610278, 'load_seconds': 480.80628410300415, 'measure_seconds': 116.14854701599688, 'memory_hits': 129.0, 'reset_seconds': 25.60364955593832, 'solve_calls': 42.0, 'solve_seconds': 164.22152365901275, 'wall_seconds': 789.9015264000045}",997.310718208988,413.64453125,0,0,1355.051846542634,0.9491558093766044,0.0,0.9315551186659217,0.10288635768281917,1.0,0.9903166975264076,1.0,0.8971136423171808,0.0,0.0,274.890599,303.38844414230016,41.53407039049745,2.9727806014680747,1.0,0.9994480301074488,44.50685099196552,14023.28872367521,47.32161482417417
a-main,main,default,,44136fa355b3,CEN,main_00006,20264006,True,0,0.26269150094230154,,,,9999.0,2042.25,"{'circuit_loads': 8.0, 'circuit_resets': 81.0, 'disk_hits': 1.0, 'isolated_calls': 8.0, 'isolated_wall_seconds': 1188.990801553984, 'load_seconds': 584.882709211015, 'measure_seconds': 191.74492796997947, 'memory_hits': 75.0, 'reset_seconds': 88.00508790399181, 'solve_calls': 89.0, 'solve_seconds': 302.820970484041, 'wall_seconds': 1172.8437502129818}",1476.883830263003,388.70703125,0,0,963.8169472497098,0.7904855692852093,0.0,0.7159175534850859,0.07562345640009649,1.0,0.9879313821709904,1.0,0.9243765435999035,140.65335521873754,140.65335521873754,140.65335521873754,140.65335521873754,36.33789128066447,4.134892841177608,1.0,1.0,40.472784121842075,3981.0401271494193,41.76708165984641
a-main,main,default,,44136fa355b3,IJSH,main_00006,20264006,True,3,0.26269150094230154,,,,9999.0,564.01953125,"{'disk_hits': 9.0, 'memory_hits': 75.0}",95.30779691701173,389.0390625,0,0,940.4527782497097,0.7990834615051288,0.0,0.7256036383344722,0.48490655281201045,1.0,0.9274328031284752,1.0,0.5150934471879896,879.3528648403584,879.3528648403584,879.3528648403584,879.3528648403584,206.04062704237182,24.729179183357612,1.0,1.0,230.76980622572938,152954.40844403213,240.3938460834436
a-main,main,default,,44136fa355b3,JSH,main_00006,20264006,True,3,0.26269150094230154,,,,9999.0,2066.33984375,"{'circuit_loads': 1.0, 'circuit_resets': 10.0, 'disk_hits': 8.0, 'isolated_calls': 1.0, 'isolated_wall_seconds': 91.58442263500183, 'load_seconds': 31.587822701010737, 'measure_seconds': 19.077536746000987, 'memory_hits': 75.0, 'reset_seconds': 9.580615061000572, 'solve_calls': 11.0, 'solve_seconds': 28.767091556976084, 'wall_seconds': 89.63717756299593}",175.93632492300821,411.15625,0,0,912.2052922497095,0.7994728347052067,0.0,0.7250398211680271,0.4838532770763132,1.0,0.927331746190814,1.0,0.5161467229236868,851.1053788403582,851.1053788403582,851.1053788403582,851.1053788403582,199.0377496434796,23.98963602818575,1.0,1.0,223.02738567166534,143034.264241521,232.3114529214237
a-main,main,default,,44136fa355b3,CEN,main_00007,20264007,True,0,0.26269150094230154,,,,9999.0,2068.23046875,"{'circuit_loads': 9.0, 'circuit_resets': 90.0, 'disk_hits': 2.0, 'isolated_calls': 9.0, 'isolated_wall_seconds': 1675.867336383977, 'load_seconds': 897.38497030297, 'measure_seconds': 239.59596732807404, 'memory_hits': 121.0, 'reset_seconds': 109.12834374402883, 'solve_calls': 99.0, 'solve_seconds': 405.3745341910544, 'wall_seconds': 1657.722212415014}",2277.313704,407.35546875,0,0,711.1654618657458,0.8876418716044259,0.0,0.9087653214336444,0.21401422542667703,1.0,0.9745316511037175,1.0,0.785985774573323,76.592165,111.24075472598714,111.24075472598714,181.64052154457957,77.24420405287808,5.211877402717377,1.0,1.0,82.45608145559545,9574.255159322953,85.33712589920968
a-main,main,default,,44136fa355b3,IJSH,main_00007,20264007,True,11,0.26269150094230154,,,,9999.0,560.79296875,"{'disk_hits': 11.0, 'memory_hits': 121.0}",241.28833183400275,408.421875,0,0,681.9305549999999,0.8688332316052194,0.0,0.9084712584188248,0.12399454828551437,1.0,0.9875749057463936,1.0,0.8760054517144856,76.592165,76.592165,82.61352899717514,82.61352899717514,21.470380309824616,4.966588536655495,1.0,1.0,26.43696884648011,4580.227820356097,26.60249159169882
a-main,main,default,,44136fa355b3,JSH,main_00007,20264007,True,11,0.26269150094230154,,,,9999.0,2060.24609375,"{'circuit_loads': 0.0, 'circuit_resets': 0.0, 'disk_hits': 11.0, 'isolated_calls': 0.0, 'isolated_wall_seconds': 0.0, 'load_seconds': 0.0, 'measure_seconds': 0.0, 'memory_hits': 121.0, 'reset_seconds': 0.0, 'solve_calls': 0.0, 'solve_seconds': 0.0, 'wall_seconds': 0.0}",245.29228118099854,411.59765625,0,0,693.8329168657457,0.9025521678727744,0.0,0.9292435743480851,0.13317352654013637,1.0,0.9861548614597947,1.0,0.8668264734598636,30.435079963418254,30.435079963418254,30.435079963418254,76.37203269816385,26.11870677494909,4.865317392606856,1.0,1.0,30.984024167555948,4412.74769100225,31.679987632827512
a-main,main,default,,44136fa355b3,CEN,main_00008,20264008,True,0,0.26269150094230154,,,,9999.0,2047.703125,"{'circuit_loads': 7.0, 'circuit_resets': 62.0, 'disk_hits': 2.0, 'isolated_calls': 7.0, 'isolated_wall_seconds': 725.7052913269727, 'load_seconds': 355.3189624959923, 'measure_seconds': 116.15995282096264, 'memory_hits': 117.0, 'reset_seconds': 50.472812855034135, 'solve_calls': 69.0, 'solve_seconds': 188.16155276008067, 'wall_seconds': 713.314914980001}",1216.7168448739976,407.39453125,0,0,1186.30982197183,0.9882154882154879,0.0,0.9900615330191598,0.10593770064831631,1.0,0.9980486732562829,1.0,0.8940622993516837,0.0,0.0,0.0,0.0,13.796971795990345,0.3491484300016088,1.0,0.997072769757625,14.146120225991954,2654.2502313271407,15.887003920193191
a-main,main,default,,44136fa355b3,IJSH,main_00008,20264008,True,11,0.26269150094230154,,,,9999.0,0.0,"{'disk_hits': 9.0, 'memory_hits': 117.0}",2.237092882991419,405.62109375,0,0,1024.4610059718298,0.9882154882154885,0.0,0.9843103312269499,0.0834217315532707,1.0,0.9964306935158365,1.0,0.9165782684467293,0.0,0.0,0.0,0.0,13.301859861539178,0.6656932662806861,1.0,0.997072769757625,13.967553127819864,1114.937000886881,13.953183020614688
a-main,main,default,,44136fa355b3,JSH,main_00008,20264008,True,11,0.26269150094230154,,,,9999.0,2068.58984375,"{'circuit_loads': 3.0, 'circuit_resets': 30.0, 'disk_hits': 6.0, 'isolated_calls': 3.0, 'isolated_wall_seconds': 275.4693204810028, 'load_seconds': 104.10612496999966, 'measure_seconds': 57.27053404795879, 'memory_hits': 117.0, 'reset_seconds': 22.916730896977242, 'solve_calls': 33.0, 'solve_seconds': 83.61310889900778, 'wall_seconds': 269.1814468130033}",745.0717399660061,412.515625,0,0,1024.4610059718298,0.9882154882154885,0.0,0.9843103312269499,0.0834217315532707,1.0,0.9964306935158365,1.0,0.9165782684467293,0.0,0.0,0.0,0.0,13.301859861539178,0.6656932662806861,1.0,0.997072769757625,13.967553127819864,1114.937000886881,13.953183020614688
a-main,main,default,,44136fa355b3,CEN,main_00009,20264009,True,0,0.26269150094230154,,,,9999.0,2058.00390625,"{'circuit_loads': 8.0, 'circuit_resets': 83.0, 'disk_hits': 4.0, 'isolated_calls': 8.0, 'isolated_wall_seconds': 1915.8924706249818, 'load_seconds': 1069.350945129001, 'measure_seconds': 262.06562255500467, 'memory_hits': 120.0, 'reset_seconds': 119.89591768902028, 'solve_calls': 91.0, 'solve_seconds': 440.6801671719877, 'wall_seconds': 1898.1864079499937}",2460.756423753992,408.4609375,0,0,749.9943882968437,0.9945113411989572,0.0,0.9210978256156022,0.14572261234889117,1.0,0.984287683954655,1.0,0.8542773876511088,0.0,21.332665772402354,0.0,365.2346893778079,78.9304727675898,0.931004944343872,1.0,0.9323682984900665,79.86147771193367,11506.11833366875,84.11077231670072
a-main,main,default,,44136fa355b3,IJSH,main_00009,20264009,True,9,0.26269150094230154,,,,9999.0,560.8515625,"{'disk_hits': 12.0, 'memory_hits': 120.0}",218.137076701998,408.5078125,0,0,793.2342432968438,0.9899832615473432,0.0,0.9128710223967171,0.13716001130475253,1.0,0.9847854807973278,1.0,0.8628399886952475,0.0,125.98937010847543,0.0,372.65659967104995,81.4588836151892,1.1754125521597016,1.0,0.9323682984900665,82.63429616734891,11383.126165372258,93.84186814059375
a-main,main,default,,44136fa355b3,JSH,main_00009,20264009,True,9,0.26269150094230154,,,,9999.0,2066.33984375,"{'circuit_loads': 5.0, 'circuit_resets': 49.0, 'disk_hits': 6.0, 'isolated_calls': 5.0, 'isolated_wall_seconds': 1089.9744374879956, 'load_seconds': 614.0536173800065, 'measure_seconds': 144.94982304501173, 'memory_hits': 121.0, 'reset_seconds': 70.39988629802247, 'solve_calls': 54.0, 'solve_seconds': 245.79114485693572, 'wall_seconds': 1078.814795431972}",1492.3625153259927,412.65625,0,0,795.2446522968438,0.9899832615473432,0.0,0.911247577240083,0.13679612654894513,1.0,0.986318901511675,1.0,0.8632038734510549,0.0,125.98937010847543,0.0,289.07620009299694,67.55523123655121,1.2826036084753472,1.0,0.9323682984900665,68.83783484502656,9743.693844562562,79.49348315797212
a-main,main,default,,44136fa355b3,CEN,main_00010,20264010,True,0,0.26269150094230154,,,,9999.0,2057.2578125,"{'circuit_loads': 10.0, 'circuit_resets': 84.0, 'disk_hits': 2.0, 'isolated_calls': 10.0, 'isolated_wall_seconds': 1656.9521120230202, 'load_seconds': 938.5092119769979, 'measure_seconds': 217.20723226005794, 'memory_hits': 138.0, 'reset_seconds': 104.06375161815959, 'solve_calls': 94.0, 'solve_seconds': 371.64915001395275, 'wall_seconds': 1637.3083820500033}",2240.275688387992,408.34765625,0,0,1126.0334585701476,0.9205659239280679,0.0,0.8731925775049472,0.11458381317711552,1.0,0.9850229257283926,1.0,0.8854161868228845,47.471942,130.9707351891195,94.12072186619311,130.9707351891195,58.46205314128219,3.366424028337919,1.0,1.0,61.82847716962011,10302.300143086968,66.56821243731191
a-main,main,default,,44136fa355b3,IJSH,main_00010,20264010,True,14,0.26269150094230154,,,,9999.0,560.01953125,"{'disk_hits': 12.0, 'memory_hits': 138.0}",49.28574173701054,408.17578125,0,0,1105.7271385701476,0.9266735244674769,0.0,0.8877549344534454,0.14181734031477367,1.0,0.9866240773004281,1.0,0.8581826596852263,47.471942,218.6526685730887,152.8441281095183,298.75189588432346,11.07265743861592,4.700905853273387,1.0,1.0,15.773563291889301,29071.268107670607,60.905560552608776
a-main,main,default,,44136fa355b3,JSH,main_00010,20264010,True,14,0.26269150094230154,,,,9999.0,2068.25390625,"{'circuit_loads': 2.0, 'circuit_resets': 18.0, 'disk_hits': 10.0, 'isolated_calls': 2.0, 'isolated_wall_seconds': 515.2898135150026, 'load_seconds': 311.56018005200895, 'measure_seconds': 62.15871681996214, 'memory_hits': 138.0, 'reset_seconds': 31.443137578040478, 'solve_calls': 20.0, 'solve_seconds': 103.45756349402654, 'wall_seconds': 510.38423860700277}",742.5064775850042,411.4609375,0,0,1145.2072605701476,0.9273039720507137,0.0,0.8872630061128752,0.1417418095799461,1.0,0.9845984702229809,1.0,0.8582581904200539,47.471942,276.8035538157235,145.16220838550782,276.8035538157235,17.351761125738825,4.853428542820118,1.0,1.0,22.20518966855894,32324.337095263774,72.74144057280964
a-main,main,default,,44136fa355b3,CEN,main_00011,20264011,True,0,0.26269150094230154,,,,9999.0,2042.78515625,"{'circuit_loads': 11.0, 'circuit_resets': 104.0, 'disk_hits': 2.0, 'isolated_calls': 11.0, 'isolated_wall_seconds': 2053.266794394003, 'load_seconds': 1120.784404266, 'measure_seconds': 327.4725391500833, 'memory_hits': 131.0, 'reset_seconds': 83.74042927991832, 'solve_calls': 115.0, 'solve_seconds': 490.45523278405017, 'wall_seconds': 2030.1418857279932}",2466.7550965950068,410.359375,0,0,1135.980485028287,0.9916139769791426,0.0,0.9866479167407929,0.18748085778589063,1.0,0.9865465574355676,1.0,0.8125191422141094,0.0,0.0,0.0,17.051169,71.55513583540808,1.3665210532023622,1.0,1.0,72.92165688861046,4414.05654966763,74.71629282425965
a-main,main,default,,44136fa355b3,IJSH,main_00011,20264011,True,11,0.26269150094230154,,,,9999.0,560.5546875,"{'disk_hits': 13.0, 'memory_hits': 131.0}",136.67899446100637,407.125,0,0,1046.574503028287,0.9916099714399673,0.0,0.9712625346942638,0.05863990072983227,1.0,0.9942330224030428,1.0,0.9413600992701677,0.0,0.0,0.0,17.051169,27.309956859954127,0.8841522968011971,1.0,1.0,28.194109156755328,323.6822659294417,29.060924597287954
a-main,main,default,,44136fa355b3,JSH,main_00011,20264011,True,11,0.26269150094230154,,,,9999.0,2069.7109375,"{'circuit_loads': 7.0, 'circuit_resets': 71.0, 'disk_hits': 6.0, 'isolated_calls': 7.0, 'isolated_wall_seconds': 1223.347668825023, 'load_seconds': 698.0527623559901, 'measure_seconds': 183.71459537005285, 'memory_hits': 131.0, 'reset_seconds': 44.515127967024455, 'solve_calls': 78.0, 'solve_seconds': 279.80683601406054, 'wall_seconds': 1210.6941929169843}",1594.6442449780006,415.24609375,0,0,1066.0302170282866,0.991613338857219,0.0,0.9744253074185649,0.06901698552529123,1.0,0.9897702037455469,1.0,0.9309830144747088,0.0,0.0,0.0,17.051169,49.30083812945947,1.0937587627055436,1.0,1.0,50.39459689216502,496.0824113330284,52.078583178528994
a-main,main,default,,44136fa355b3,CEN,main_00012,20264012,True,0,0.26269150094230154,,,,9999.0,2066.33984375,"{'circuit_loads': 13.0, 'circuit_resets': 131.0, 'disk_hits': 2.0, 'isolated_calls': 13.0, 'isolated_wall_seconds': 2224.7179058720503, 'load_seconds': 1130.3086693160003, 'measure_seconds': 330.0833340991376, 'memory_hits': 159.0, 'reset_seconds': 161.69671018299414, 'solve_calls': 144.0, 'solve_seconds': 566.1898594349914, 'wall_seconds': 2196.824344202003}",2975.389060059999,408.40625,0,0,1066.1331091789011,0.9983164983164983,0.0,0.9296660735448259,0.10954216149643325,1.0,0.9798183302022899,1.0,0.8904578385035667,0.0,96.77372926591121,0.0,96.77372926591121,102.83099655088697,1.8673673890470546,1.0,0.9929365270023499,104.69836393993401,11987.491765465456,107.14019666289988
a-main,main,default,,44136fa355b3,IJSH,main_00012,20264012,True,13,0.26269150094230154,,,,9999.0,561.01171875,"{'disk_hits': 15.0, 'memory_hits': 159.0}",213.13898971799063,408.61328125,0,0,1037.6465681789014,0.9983164983164983,0.0,0.9022810226710447,0.1372882199476121,1.0,0.9846284868918058,1.0,0.8627117800523879,0.0,215.04714743087632,0.0,215.04714743087632,70.21490483548665,3.064903463832133,1.0,0.9929365270023499,73.2798082993188,10473.652735574982,75.26123913796091
a-main,main,default,,44136fa355b3,JSH,main_00012,20264012,True,13,0.26269150094230154,,,,9999.0,2061.9921875,"{'circuit_loads': 5.0, 'circuit_resets': 52.0, 'disk_hits': 10.0, 'isolated_calls': 5.0, 'isolated_wall_seconds': 896.2615538370155, 'load_seconds': 461.1291472810117, 'measure_seconds': 128.24000685900683, 'memory_hits': 159.0, 'reset_seconds': 67.23489581700414, 'solve_calls': 57.0, 'solve_seconds': 227.1448779400671, 'wall_seconds': 886.7410208520014}",1535.7777529419982,412.59765625,0,0,998.2798581789013,0.9983164983164983,0.0,0.8969667053615367,0.1378063556667659,1.0,0.9809078619237589,1.0,0.8621936443332341,0.0,235.05749205493152,0.0,389.92001033541055,76.50991553725216,3.695335169128634,1.0,0.9929365270023499,80.20525070638078,16207.435550951766,83.08544447874318
a-main,main,default,,44136fa355b3,CEN,main_00013,20264013,True,0,0.26269150094230154,,,,9999.0,2039.67578125,"{'circuit_loads': 9.0, 'circuit_resets': 90.0, 'disk_hits': 3.0, 'isolated_calls': 9.0, 'isolated_wall_seconds': 1317.0835495560023, 'load_seconds': 663.2200904660131, 'measure_seconds': 227.9012088060117, 'memory_hits': 96.0, 'reset_seconds': 67.54698747799557, 'solve_calls': 99.0, 'solve_seconds': 333.2289390731021, 'wall_seconds': 1297.8432240080147}",1668.4638303810061,409.3671875,0,0,727.3279417505433,0.9895972513812241,0.0,0.9461362063275507,0.11849095438418744,1.0,0.9796986018061195,1.0,0.8815090456158126,0.0,0.0,0.0,212.46506700000003,72.88036490975908,1.3731195524415671,1.0,1.0,74.25348446220066,5270.598724856464,74.73289194250637
a-main,main,default,,44136fa355b3,IJSH,main_00013,20264013,True,6,0.26269150094230154,,,,9999.0,560.05078125,"{'disk_hits': 12.0, 'memory_hits': 96.0}",48.25002063800639,410.75390625,0,0,767.9063137505433,0.9843368654828404,0.0,0.9528043742158665,0.09568686876394594,1.0,0.9907388925974723,1.0,0.9043131312360541,0.0,0.0,0.0,55.35559529112981,36.46704411411797,1.627524029957702,1.0,1.0,38.094568144075666,2626.983947342479,37.822915201507506
a-main,main,default,,44136fa355b3,JSH,main_00013,20264013,True,6,0.26269150094230154,,,,9999.0,2058.00390625,"{'circuit_loads': 1.0, 'circuit_resets': 10.0, 'disk_hits': 11.0, 'isolated_calls': 1.0, 'isolated_wall_seconds': 154.33583362000354, 'load_seconds': 76.8971281760023, 'measure_seconds': 28.356825121984002, 'memory_hits': 96.0, 'reset_seconds': 6.287806303007528, 'solve_calls': 11.0, 'solve_seconds': 39.742154240986565, 'wall_seconds': 152.03211894800188}",468.7094426469994,412.52734375,0,0,740.1879927505435,0.9834725207909873,0.0,0.95017388356751,0.09874743552884646,1.0,0.990729985318623,1.0,0.9012525644711535,0.0,0.0,0.0,55.35559529112981,35.30434568692989,1.4845425732130222,1.0,1.0,36.78888826014292,2022.0520422867785,36.5381547761586
a-main,main,default,,44136fa355b3,CEN,main_00014,20264014,True,0,0.26269150094230154,,,,9999.0,2064.62890625,"{'circuit_loads': 10.0, 'circuit_resets': 93.0, 'disk_hits': 1.0, 'isolated_calls': 10.0, 'isolated_wall_seconds': 2006.3306572890142, 'load_seconds': 1116.5820478219975, 'measure_seconds': 274.11364544597745, 'memory_hits': 85.0, 'reset_seconds': 126.09717892193294, 'solve_calls': 103.0, 'solve_seconds': 459.8429675810621, 'wall_seconds': 1984.3695066029904}",2285.6312008179957,410.39453125,0,0,605.4377889141286,0.9809399695590117,0.0,0.972272298431273,0.17985362244273495,1.0,0.993883599711264,1.0,0.820146377557265,0.0,0.0,0.0,0.0,8.374484203427022,1.6125302986481167,1.0,1.0,9.987014502075137,3740.396089353387,16.987294014549807
a-main,main,default,,44136fa355b3,IJSH,main_00014,20264014,True,5,0.26269150094230154,,,,9999.0,0.0,"{'disk_hits': 11.0, 'memory_hits': 85.0}",0.5871650579938432,409.12109375,0,0,588.0647139141287,0.9757961705546523,0.0,0.9700760057267761,0.15694469279164636,1.0,0.9935843261182788,1.0,0.8430553072083536,0.0,0.0,0.0,0.0,11.819838624962694,1.5869300775831454,1.0,1.0,13.40676870254584,2955.292696353621,15.546720187771719
a-main,main,default,,44136fa355b3,JSH,main_00014,20264014,True,5,0.26269150094230154,,,,9999.0,2065.40234375,"{'circuit_loads': 1.0, 'circuit_resets': 9.0, 'disk_hits': 10.0, 'isolated_calls': 1.0, 'isolated_wall_seconds': 261.8288323029992, 'load_seconds': 158.0419029629993, 'measure_seconds': 30.885273733976646, 'memory_hits': 85.0, 'reset_seconds': 15.500694165981258, 'solve_calls': 10.0, 'solve_seconds': 53.99219389601785, 'wall_seconds': 259.47650921599416}",378.9247530309949,413.44921875,0,0,607.7152529141288,0.9750548665380228,0.0,0.9672104625883318,0.23866946156771796,1.0,0.991790532057078,1.0,0.761330538432282,0.0,0.0,0.0,0.0,14.74643226860485,2.1996185563799586,1.0,1.0,16.94605082498481,4661.306547952495,18.919796562048834
a-main,main,default,,44136fa355b3,CEN,main_00015,20264015,True,0,0.26269150094230154,,,,9999.0,2067.265625,"{'circuit_loads': 15.0, 'circuit_resets': 152.0, 'disk_hits': 0.0, 'isolated_calls': 15.0, 'isolated_wall_seconds': 2877.377968957997, 'load_seconds': 1479.348893058952, 'measure_seconds': 426.3868139740516, 'memory_hits': 129.0, 'reset_seconds': 210.14829692294006, 'solve_calls': 167.0, 'solve_seconds': 716.7349177660071, 'wall_seconds': 2843.9409774230153}",3330.706856867997,412.40234375,0,0,2146.8998082158764,0.4332816120732592,0.0,0.45043136048523547,0.1306750090665726,1.0,0.9720834012915748,1.0,0.8693249909334274,326.3265725045395,326.3265725045395,326.3265725045395,326.3265725045395,87.72829214328132,35.593293912915236,1.0,0.7968916773684499,123.32158605619657,36343.36080125243,192.78043915190503
a-main,main,default,,44136fa355b3,IJSH,main_00015,20264015,True,8,0.26269150094230154,,,,9999.0,565.375,"{'disk_hits': 15.0, 'memory_hits': 129.0}",49.96885105399997,413.37109375,0,0,2292.379836215876,0.4718128874969929,0.0,0.4559508141629549,0.5577600967271872,1.0,0.851793344650471,1.0,0.4422399032728129,2239.220956337991,2239.220956337991,2239.220956337991,2239.220956337991,427.54366534066344,176.32481086434765,1.0,0.7968916773684499,603.868476205011,1214288.4659156913,1082.3907098402
a-main,main,default,,44136fa355b3,JSH,main_00015,20264015,True,8,0.26269150094230154,,,,9999.0,2069.8515625,"{'circuit_loads': 8.0, 'circuit_resets': 83.0, 'disk_hits': 0.0, 'isolated_calls': 8.0, 'isolated_wall_seconds': 1022.1561610629869, 'load_seconds': 503.85337679396616, 'measure_seconds': 160.63064654896152, 'memory_hits': 136.0, 'reset_seconds': 69.15331527496164, 'solve_calls': 91.0, 'solve_seconds': 272.0667487400351, 'wall_seconds': 1009.6709167240042}",1385.1973056449933,414.4765625,0,0,2355.120925215876,0.4715273863879794,0.0,0.4558545990570806,0.5581728338942121,1.0,0.8516308437590983,1.0,0.44182716610578787,2301.962045337991,2301.962045337991,2301.962045337991,2301.962045337991,439.36011927615687,181.0484934940646,1.0,0.7968916773684499,620.4086127702213,1283049.4502816454,1112.4235505899342
a-main,main,default,,44136fa355b3,CEN,main_00016,20264016,True,0,0.26269150094230154,,,,9999.0,2069.7109375,"{'circuit_loads': 14.0, 'circuit_resets': 141.0, 'disk_hits': 1.0, 'isolated_calls': 14.0, 'isolated_wall_seconds': 2538.566648227963, 'load_seconds': 1278.7752118300268, 'measure_seconds': 388.9038945300272, 'memory_hits': 105.0, 'reset_seconds': 179.2048274500412, 'solve_calls': 155.0, 'solve_seconds': 651.5964885570575, 'wall_seconds': 2508.0102297569974}",2813.8112225990044,410.49609375,0,0,1603.5269192928506,0.9788667563689906,0.0,0.9183307277825552,0.058274448964817815,1.0,0.9970401879138823,1.0,0.9417255510351822,0.0,21.358268772402354,0.0,21.358268772402354,24.523008406150154,2.6506446543343403,1.0,0.9178758464314007,27.173653060484497,835.2506561721245,29.795012261508376
a-main,main,default,,44136fa355b3,IJSH,main_00016,20264016,True,4,0.26269150094230154,,,,9999.0,559.74609375,"{'disk_hits': 15.0, 'memory_hits': 105.0}",0.8152958110003965,400.55859375,0,0,1599.5265282928503,0.9759086748556749,0.0,0.9608801355312,0.1746225996096742,1.0,0.9844340142992651,1.0,0.8253774003903258,0.0,21.358268772402354,0.0,21.358268772402354,163.197707774479,3.5677354627504507,1.0,0.9178758464314007,166.76544323722948,17413.95237633858,176.45826968771595
a-main,main,default,,44136fa355b3,JSH,main_00016,20264016,True,4,0.26269150094230154,,,,9999.0,2063.51953125,"{'circuit_loads': 5.0, 'circuit_resets': 51.0, 'disk_hits': 10.0, 'isolated_calls': 5.0, 'isolated_wall_seconds': 808.4078546520032, 'load_seconds': 412.343172724999, 'measure_seconds': 121.73193158498907, 'memory_hits': 105.0, 'reset_seconds': 56.438902355977916, 'solve_calls': 56.0, 'solve_seconds': 204.93269954396237, 'wall_seconds': 798.5561448460066}",965.1889756800083,412.359375,0,0,1599.5265282928503,0.9759086748556749,0.0,0.9608801355312,0.1746225996096742,1.0,0.9844340142992651,1.0,0.8253774003903258,0.0,21.358268772402354,0.0,21.358268772402354,163.197707774479,3.5677354627504507,1.0,0.9178758464314007,166.76544323722948,17413.95237633858,176.45826968771595
a-main,main,default,,44136fa355b3,CEN,main_00017,20264017,True,0,0.26269150094230154,,,,9999.0,2068.25390625,"{'circuit_loads': 9.0, 'circuit_resets': 89.0, 'disk_hits': 2.0, 'isolated_calls': 9.0, 'isolated_wall_seconds': 1875.132357688024, 'load_seconds': 1014.9823560390068, 'measure_seconds': 270.7272066339792, 'memory_hits': 91.0, 'reset_seconds': 117.5720317109226, 'solve_calls': 98.0, 'solve_seconds': 444.0836973679543, 'wall_seconds': 1855.0765490579943}",2240.428645616994,409.7109375,0,0,566.423060954702,0.9847337234892082,0.0,0.9520183278115872,0.19456169264823742,1.0,0.9715336330178832,1.0,0.8054383073517626,0.0,0.0,0.0,171.48417896754106,47.819041352473704,2.300995177000398,1.0,0.9937776633661647,50.12003652947409,5910.90127485762,80.81104149024921
a-main,main,default,,44136fa355b3,IJSH,main_00017,20264017,True,4,0.26269150094230154,,,,9999.0,1711.61328125,"{'circuit_loads': 1.0, 'circuit_resets': 9.0, 'disk_hits': 10.0, 'isolated_calls': 1.0, 'isolated_wall_seconds': 122.71470950900402, 'load_seconds': 66.55499599799805, 'measure_seconds': 15.453572448022896, 'memory_hits': 91.0, 'reset_seconds': 8.940809331004857, 'solve_calls': 10.0, 'solve_seconds': 29.646111274982104, 'wall_seconds': 121.0278306370019}",123.52103222499136,410.80859375,0,0,601.972421954702,0.9831649831649836,0.0,0.9553980316489359,0.09440218930316413,1.0,0.9652270781761016,1.0,0.9055978106968359,0.0,0.0,0.0,91.15598389632548,87.25694563071588,1.1927058120989718,1.0,0.9937776633661647,88.44965144281485,1560.5180191207774,122.49777901512041
a-main,main,default,,44136fa355b3,JSH,main_00017,20264017,True,4,0.26269150094230154,,,,9999.0,2039.67578125,"{'circuit_loads': 4.0, 'circuit_resets': 40.0, 'disk_hits': 7.0, 'isolated_calls': 4.0, 'isolated_wall_seconds': 756.9967733419908, 'load_seconds': 412.6886110129999, 'measure_seconds': 112.42942410995602, 'memory_hits': 91.0, 'reset_seconds': 39.02894960695994, 'solve_calls': 44.0, 'solve_seconds': 181.05891982502362, 'wall_seconds': 747.9331433099869}",965.4949814450083,413.1171875,0,0,602.646360954702,0.9831649831649836,0.0,0.9551217856745007,0.0944085909211777,1.0,0.9652482345895768,1.0,0.9055914090788223,0.0,0.0,0.0,91.15598389632548,86.93413790219927,1.1935865454659909,1.0,0.9937776633661647,88.12772444766526,1525.6296406355577,122.38713359270413
a-main,main,default,,44136fa355b3,CEN,main_00018,20264018,True,0,0.26269150094230154,,,,9999.0,2060.24609375,"{'circuit_loads': 9.0, 'circuit_resets': 87.0, 'disk_hits': 3.0, 'isolated_calls': 9.0, 'isolated_wall_seconds': 1625.469328563995, 'load_seconds': 844.548793621012, 'measure_seconds': 231.7289974130399, 'memory_hits': 96.0, 'reset_seconds': 118.69554294894624, 'solve_calls': 96.0, 'solve_seconds': 405.12871312897187, 'wall_seconds': 1605.6452803660068}",1978.938745730993,410.09765625,0,0,813.7350223095542,0.9972471765913349,0.0,0.9126877768793378,0.11403256246380045,1.0,0.9886724797543509,1.0,0.8859674375361996,0.0,91.73925436088037,0.0,91.73925436088037,40.988086162136305,1.1855153545080623,1.0,0.9991942486109283,42.17360151664437,5239.8267778662985,42.737811692645714
a-main,main,default,,44136fa355b3,IJSH,main_00018,20264018,True,6,0.26269150094230154,,,,9999.0,560.265625,"{'disk_hits': 12.0, 'memory_hits': 96.0}",85.39264815500064,411.17578125,0,0,746.8297253095543,0.9966329966329963,0.0,0.9466608939334367,0.1331174679035182,1.0,0.9883846962562112,1.0,0.8668825320964818,0.0,33.710567407233796,0.0,33.710567407233796,40.996464950042316,1.3971656658579334,1.0,0.9991942486109283,42.39363061590026,6339.843771747348,42.641129775509114
a-main,main,default,,44136fa355b3,JSH,main_00018,20264018,True,6,0.26269150094230154,,,,9999.0,2058.00390625,"{'circuit_loads': 0.0, 'circuit_resets': 0.0, 'disk_hits': 12.0, 'isolated_calls': 0.0, 'isolated_wall_seconds': 0.0, 'load_seconds': 0.0, 'measure_seconds': 0.0, 'memory_hits': 96.0, 'reset_seconds': 0.0, 'solve_calls': 0.0, 'solve_seconds': 0.0, 'wall_seconds': 0.0}",311.0304105949908,412.77734375,0,0,743.2536033095543,0.9966329966329963,0.0,0.9465006163311356,0.13310892642987715,1.0,0.9884359799239011,1.0,0.8668910735701228,0.0,33.710567407233796,0.0,33.710567407233796,40.77209191032513,1.3279294700237614,1.0,0.9991942486109283,42.1000213803489,6247.199658742181,42.39311844175103
a-main,main,default,,44136fa355b3,CEN,main_00019,20264019,True,0,0.26269150094230154,,,,9999.0,2068.23046875,"{'circuit_loads': 7.0, 'circuit_resets': 68.0, 'disk_hits': 3.0, 'isolated_calls': 7.0, 'isolated_wall_seconds': 1039.1247785010055, 'load_seconds': 533.9994889890222, 'measure_seconds': 163.5878665909113, 'memory_hits': 128.0, 'reset_seconds': 63.617497377010295, 'solve_calls': 75.0, 'solve_seconds': 259.7644347009482, 'wall_seconds': 1025.2721387999918}",1618.0550088849996,410.35546875,0,0,802.5461210000001,0.989057477322095,0.0,0.9763465494293986,0.18006005457201046,1.0,0.994860834569718,1.0,0.8199399454279895,0.0,0.0,0.0,15.839815999999999,13.138338704270646,1.4202898263446178,1.0,0.993094019465659,14.558628530615264,6889.753293507304,15.376158074981186
a-main,main,default,,44136fa355b3,IJSH,main_00019,20264019,True,13,0.26269150094230154,,,,9999.0,560.05078125,"{'disk_hits': 10.0, 'memory_hits': 128.0}",85.08860247099074,413.25390625,0,0,820.3220976315919,0.9869312078772614,0.0,0.9750858145281456,0.25198258723814926,1.0,0.9907772065403553,1.0,0.7480174127618507,0.0,0.0,0.0,15.839815999999999,32.30866837617693,1.9626134644089954,1.0,0.993094019465659,34.27128184058593,12273.451077676256,35.941951238971946
a-main,main,default,,44136fa355b3,JSH,main_00019,20264019,True,13,0.26269150094230154,,,,9999.0,2068.58984375,"{'circuit_loads': 1.0, 'circuit_resets': 10.0, 'disk_hits': 9.0, 'isolated_calls': 1.0, 'isolated_wall_seconds': 243.23860713400063, 'load_seconds': 155.1732023450022, 'measure_seconds': 32.61094320398115, 'memory_hits': 128.0, 'reset_seconds': 7.325315330963349, 'solve_calls': 11.0, 'solve_seconds': 44.769318192993524, 'wall_seconds': 240.81575481001346}",713.0173463440005,413.765625,0,0,808.1629126315919,0.9868908881237672,0.0,0.9751262608191735,0.25197812861043745,1.0,0.9909063629447357,1.0,0.7480218713895626,0.0,0.0,0.0,15.839815999999999,30.617623369552682,1.94212792310869,1.0,0.993094019465659,32.55975129266137,12046.676049358195,34.14490590862932
a-main,main,default,,44136fa355b3,CEN,main_00020,20264020,True,0,0.26269150094230154,,,,9999.0,2068.58984375,"{'circuit_loads': 7.0, 'circuit_resets': 65.0, 'disk_hits': 3.0, 'isolated_calls': 7.0, 'isolated_wall_seconds': 1338.574011870005, 'load_seconds': 755.7713932320039, 'measure_seconds': 190.1256265619886, 'memory_hits': 134.0, 'reset_seconds': 73.15670944502926, 'solve_calls': 72.0, 'solve_seconds': 298.51108731703425, 'wall_seconds': 1323.173035551983}",1956.0512123410008,412.515625,0,0,900.0437176977359,0.9865319865319864,0.0,0.9796682978210023,0.18730374900851143,1.0,0.9938544104410258,1.0,0.8126962509914886,0.0,0.0,0.0,0.0,22.50678597694695,1.6101606589060207,1.0,1.0,24.116946635852972,8332.991233173549,23.40019465054346
a-main,main,default,,44136fa355b3,IJSH,main_00020,20264020,True,14,0.26269150094230154,,,,9999.0,1930.37890625,"{'circuit_loads': 1.0, 'circuit_resets': 9.0, 'disk_hits': 9.0, 'isolated_calls': 1.0, 'isolated_wall_seconds': 163.02423442898726, 'load_seconds': 115.55508229399857, 'measure_seconds': 16.542704129999038, 'memory_hits': 134.0, 'reset_seconds': 4.109169782997924, 'solve_calls': 10.0, 'solve_seconds': 24.944198890021653, 'wall_seconds': 161.56504021999717}",231.40930490000756,414.37109375,0,0,900.1067256977362,0.9865319865319861,0.0,0.9737559708922969,0.054078823371989326,1.0,0.9961036837561155,1.0,0.9459211766280107,0.0,0.0,0.0,0.0,9.434862113437115,1.2945622801781547,1.0,1.0,10.729424393615268,1492.9485976763372,10.398890162544518
a-main,main,default,,44136fa355b3,JSH,main_00020,20264020,True,14,0.26269150094230154,,,,9999.0,2064.62890625,"{'circuit_loads': 2.0, 'circuit_resets': 19.0, 'disk_hits': 8.0, 'isolated_calls': 2.0, 'isolated_wall_seconds': 372.6387520549906, 'load_seconds': 217.76031778100878, 'measure_seconds': 45.25519306398928, 'memory_hits': 134.0, 'reset_seconds': 20.831978501038975, 'solve_calls': 21.0, 'solve_seconds': 83.53669461897516, 'wall_seconds': 368.54315089198644}",896.7155914509931,414.64453125,0,0,886.9552356977363,0.9865319865319866,0.0,0.9731574246537404,0.055440516673703866,1.0,0.9958014838888318,1.0,0.9445594833262961,0.0,0.0,0.0,0.0,9.976360519998691,1.3909834933593657,1.0,1.0,11.367344013358059,1850.6773991907903,11.012436247819268
a-main,main,default,,44136fa355b3,CEN,main_00021,20264021,True,0,0.26269150094230154,,,,9999.0,2065.40234375,"{'circuit_loads': 12.0, 'circuit_resets': 116.0, 'disk_hits': 1.0, 'isolated_calls': 12.0, 'isolated_wall_seconds': 2047.30732984301, 'load_seconds': 1100.9152200339886, 'measure_seconds': 313.8650091080781, 'memory_hits': 107.0, 'reset_seconds': 110.74892331700539, 'solve_calls': 128.0, 'solve_seconds': 487.4966322068649, 'wall_seconds': 2021.516652331993}",2397.9241533680033,411.94921875,0,0,1347.000102098056,0.960661610252781,0.0,0.943744587591439,0.03795935462558875,1.0,0.9975112623253231,1.0,0.9620406453744113,0.0,0.0,0.0,153.6895925999854,3.536125542898888,6.451492960692404,1.0,0.9395084403866342,9.98761850359129,1446.3251144052053,19.51127184691347
a-main,main,default,,44136fa355b3,IJSH,main_00021,20264021,True,6,0.26269150094230154,,,,9999.0,795.96484375,"{'circuit_loads': 0.0, 'circuit_resets': 0.0, 'disk_hits': 13.0, 'isolated_calls': 0.0, 'isolated_wall_seconds': 0.0, 'load_seconds': 0.0, 'measure_seconds': 0.0, 'memory_hits': 107.0, 'reset_seconds': 0.0, 'solve_calls': 0.0, 'solve_seconds': 0.0, 'wall_seconds': 0.0}",1.0356184209958883,410.74609375,0,0,1423.704445098056,0.96108798846655,0.0,0.9447172976443923,0.028627824778069133,1.0,0.9978657315266332,1.0,0.9713721752219309,0.0,0.0,0.0,126.88931791009824,2.8394207302437233,6.3900567259329755,1.0,0.9395084403866342,9.229477456176697,986.6412576500221,17.162148706753275
a-main,main,default,,44136fa355b3,JSH,main_00021,20264021,True,6,0.26269150094230154,,,,9999.0,2068.25390625,"{'circuit_loads': 6.0, 'circuit_resets': 58.0, 'disk_hits': 7.0, 'isolated_calls': 6.0, 'isolated_wall_seconds': 900.5685529900074, 'load_seconds': 516.5403021100065, 'measure_seconds': 119.24065784705454, 'memory_hits': 107.0, 'reset_seconds': 47.401206133989035, 'solve_calls': 64.0, 'solve_seconds': 204.8406350590376, 'wall_seconds': 890.9977756310109}",1022.6004788579885,411.9609375,0,0,1423.704445098056,0.96108798846655,0.0,0.9447172976443923,0.028627824778069133,1.0,0.9978657315266332,1.0,0.9713721752219309,0.0,0.0,0.0,126.88931791009824,2.8394207302437233,6.3900567259329755,1.0,0.9395084403866342,9.229477456176697,986.6412576500221,17.162148706753275
a-main,main,default,,44136fa355b3,CEN,main_00022,20264022,True,0,0.26269150094230154,,,,9999.0,2058.00390625,"{'circuit_loads': 8.0, 'circuit_resets': 78.0, 'disk_hits': 1.0, 'isolated_calls': 8.0, 'isolated_wall_seconds': 1100.711636823995, 'load_seconds': 530.6268308189901, 'measure_seconds': 185.3806529910362, 'memory_hits': 123.0, 'reset_seconds': 68.86592614195251, 'solve_calls': 86.0, 'solve_seconds': 293.5864952249249, 'wall_seconds': 1083.3043984230171}",1597.3077081519878,411.9609375,0,0,761.4631059999999,0.9898989898989898,0.0,0.9826210615991224,0.051070731693832694,1.0,0.9969948511734941,1.0,0.9489292683061673,0.0,0.0,0.0,0.0,12.146830542310628,1.016450554341963,1.0,1.0,13.163281096652593,343.03205734466746,12.89350505062837
a-main,main,default,,44136fa355b3,IJSH,main_00022,20264022,True,13,0.26269150094230154,,,,9999.0,795.96484375,"{'circuit_loads': 0.0, 'circuit_resets': 0.0, 'disk_hits': 9.0, 'isolated_calls': 0.0, 'isolated_wall_seconds': 0.0, 'load_seconds': 0.0, 'measure_seconds': 0.0, 'memory_hits': 123.0, 'reset_seconds': 0.0, 'solve_calls': 0.0, 'solve_seconds': 0.0, 'wall_seconds': 0.0}",1.4668743560032453,411.24609375,0,0,761.882343,0.9898989898989898,0.0,0.9801822628849772,0.03205497072234398,1.0,0.9970091934151144,1.0,0.967945029277656,0.0,0.0,0.0,0.0,11.318920256434986,1.1665732322842248,1.0,1.0,12.48549348871921,220.29862749174478,12.264446896089646
a-main,main,default,,44136fa355b3,JSH,main_00022,20264022,True,13,0.26269150094230154,,,,9999.0,2068.23046875,"{'circuit_loads': 3.0, 'circuit_resets': 30.0, 'disk_hits': 5.0, 'isolated_calls': 3.0, 'isolated_wall_seconds': 468.3407112669811, 'load_seconds': 233.2330179640121, 'measure_seconds': 82.35060176697152, 'memory_hits': 124.0, 'reset_seconds': 26.391034408981795, 'solve_calls': 33.0, 'solve_seconds': 117.73894471894891, 'wall_seconds': 461.7918630629865}",590.6265269720025,411.60546875,0,0,761.882343,0.9898989898989898,0.0,0.9801822628849772,0.03205497072234398,1.0,0.9970091934151144,1.0,0.967945029277656,0.0,0.0,0.0,0.0,11.318920256434986,1.1665732322842248,1.0,1.0,12.48549348871921,220.29862749174478,12.264446896089646
a-main,main,default,,44136fa355b3,CEN,main_00023,20264023,True,0,0.26269150094230154,,,,9999.0,2063.51953125,"{'circuit_loads': 10.0, 'circuit_resets': 95.0, 'disk_hits': 1.0, 'isolated_calls': 10.0, 'isolated_wall_seconds': 1842.758834282984, 'load_seconds': 977.3613258049736, 'measure_seconds': 271.95219742185145, 'memory_hits': 109.0, 'reset_seconds': 116.48297605100379, 'solve_calls': 105.0, 'solve_seconds': 448.0002128739434, 'wall_seconds': 1821.2151484289643}",2388.706840725994,410.859375,0,0,746.1282036330342,0.9496488906157157,0.0,0.9278472907960107,0.1370886169323855,1.0,0.9914664446791716,1.0,0.8629113830676145,0.0,0.0,105.13369608694103,143.5086867778458,14.877719060811266,2.321303808479208,1.0,0.9872965089600444,17.199022869290474,3283.6701029419905,22.99777330994284
a-main,main,default,,44136fa355b3,IJSH,main_00023,20264023,True,9,0.26269150094230154,,,,9999.0,795.96484375,"{'circuit_loads': 0.0, 'circuit_resets': 0.0, 'disk_hits': 11.0, 'isolated_calls': 0.0, 'isolated_wall_seconds': 0.0, 'load_seconds': 0.0, 'measure_seconds': 0.0, 'memory_hits': 109.0, 'reset_seconds': 0.0, 'solve_calls': 0.0, 'solve_seconds': 0.0, 'wall_seconds': 0.0}",173.61558853801398,413.99609375,0,0,729.9544906330342,0.9512138384614024,0.0,0.926058212553188,0.09523002332024999,1.0,0.9927992095330535,1.0,0.90476997667975,0.0,0.0,86.85700770431549,160.22638490439164,8.258661561746502,2.1490085066203877,1.0,0.9872965089600444,10.40767006836689,2296.868687139454,15.95622041893857
a-main,main,default,,44136fa355b3,JSH,main_00023,20264023,True,9,0.26269150094230154,,,,9999.0,2068.57421875,"{'circuit_loads': 3.0, 'circuit_resets': 29.0, 'disk_hits': 8.0, 'isolated_calls': 3.0, 'isolated_wall_seconds': 537.6580477429816, 'load_seconds': 310.56600064401573, 'measure_seconds': 66.71526202501263, 'memory_hits': 109.0, 'reset_seconds': 31.971187330040266, 'solve_calls': 32.0, 'solve_seconds': 121.15571198993712, 'wall_seconds': 532.1987810310238}",943.1611426180025,413.44921875,0,0,761.8081016330342,0.9527079145634592,0.0,0.9260913473746228,0.13924491958690732,1.0,0.9913157544077299,1.0,0.8607550804130927,0.0,0.0,86.85700770431549,244.33827085803821,10.216351523640753,2.561900799401614,1.0,0.9872965089600444,12.778252323042366,4017.780876906474,20.964629521441594
a-main,main,default,,44136fa355b3,CEN,main_00024,20264024,True,0,0.26269150094230154,,,,9999.0,2039.67578125,"{'circuit_loads': 11.0, 'circuit_resets': 99.0, 'disk_hits': 2.0, 'isolated_calls': 11.0, 'isolated_wall_seconds': 1737.9176587670372, 'load_seconds': 938.078191550012, 'measure_seconds': 270.3874008409475, 'memory_hits': 107.0, 'reset_seconds': 90.56658677499217, 'solve_calls': 110.0, 'solve_seconds': 408.38223622905207, 'wall_seconds': 1714.4406668999873}",2188.3764726249938,413.1171875,0,0,710.7682329089314,0.3882359892502727,0.0,0.37586705981781865,0.22316455243858824,1.0,0.9290050091896567,1.0,0.7768354475614118,267.17536467391216,267.17536467391216,267.17536467391216,294.01551824572647,76.7921879827874,24.547027434819064,1.0,0.7949413099170709,101.33921541760647,17357.695158349794,163.2469892876103
a-main,main,default,,44136fa355b3,IJSH,main_00024,20264024,True,5,0.26269150094230154,,,,9999.0,567.49609375,"{'disk_hits': 13.0, 'memory_hits': 107.0}",216.85104705298727,414.34375,0,0,813.4025529089313,0.42045908902940377,0.0,0.3966627442936357,0.2991687217159674,1.0,0.9072126350353296,1.0,0.7008312782840326,367.0487204089384,367.0487204089384,367.0487204089384,407.44749372017316,137.91426687552772,32.33709649657529,1.0,0.7949413099170709,170.25136337210301,30707.14861356176,259.7000312118639
a-main,main,default,,44136fa355b3,JSH,main_00024,20264024,True,5,0.26269150094230154,,,,9999.0,2058.00390625,"{'circuit_loads': 1.0, 'circuit_resets': 9.0, 'disk_hits': 12.0, 'isolated_calls': 1.0, 'isolated_wall_seconds': 245.6633459369914, 'load_seconds': 139.94786338300037, 'measure_seconds': 31.955690109025454, 'memory_hits': 107.0, 'reset_seconds': 16.493086958987988, 'solve_calls': 10.0, 'solve_seconds': 54.032771590020275, 'wall_seconds': 243.46113418901223}",455.7806253759918,414.77734375,0,0,803.9959639089313,0.4211180499797065,0.0,0.39442513846133576,0.4365538618537722,1.0,0.8718742347120825,1.0,0.5634461381462278,584.9366459409396,584.9366459409396,584.9366459409396,584.9366459409396,154.6628477443056,48.7857970965749,1.0,0.7949413099170709,203.44864484088046,73525.61690050852,334.67591847197167
b-main,main,default,,44136fa355b3,baseline_reference,main_00001,20260325,True,0,0.26269150094230154,,,,9999.0,2073.19140625,"{'circuit_loads': 5.0, 'circuit_resets': 41.0, 'disk_hits': 0.0, 'isolated_calls': 5.0, 'isolated_wall_seconds': 505.5110947010253, 'load_seconds': 246.67781782399106, 'measure_seconds': 69.11648052904638, 'memory_hits': 118.0, 'reset_seconds': 38.746477110966225, 'solve_calls': 46.0, 'solve_seconds': 142.60203769501823, 'wall_seconds': 498.88265417999355}",1629.8912400670088,403.12109375,0,0,1080.426090912012,0.9951738351129782,0.0,0.9652404261010197,0.12421801933499044,1.0,0.9910531509252186,1.0,0.8757819806650096,0.0,0.0,0.0,33.58419316872505,40.90306071172185,1.1132510714977264,1.0,0.9991619220720208,42.01631178321958,8871.661721208922,43.087616325145554
b-main,main,default,,44136fa355b3,guardrail_gini_restore,main_00001,20260325,True,0,0.26269150094230154,,,,9999.0,2068.96484375,"{'circuit_loads': 0.0, 'circuit_resets': 0.0, 'disk_hits': 1.0, 'isolated_calls': 0.0, 'isolated_wall_seconds': 0.0, 'load_seconds': 0.0, 'measure_seconds': 0.0, 'memory_hits': 1847.0, 'reset_seconds': 0.0, 'solve_calls': 0.0, 'solve_seconds': 0.0, 'wall_seconds': 0.0}",1249.8314608869987,413.6953125,0,0,1010.6838459120121,0.994949494949495,0.0,0.9552523212141493,0.05891076314867394,1.0,0.9930525779984308,1.0,0.9410892368513261,0.0,0.0,0.0,33.58419316872505,28.302524991972867,1.3131332795751565,1.0,0.9991619220720208,29.615658271548025,2424.9511044347337,30.40274050129043
b-main,main,default,,44136fa355b3,single_gini_restore,main_00001,20260325,True,0,0.26269150094230154,,,,9999.0,2077.33984375,"{'circuit_loads': 2.0, 'circuit_resets': 19.0, 'disk_hits': 12.0, 'isolated_calls': 2.0, 'isolated_wall_seconds': 310.15418245698675, 'load_seconds': 179.96549630499794, 'measure_seconds': 37.42601010801445, 'memory_hits': 1830.0, 'reset_seconds': 16.23446579600568, 'solve_calls': 21.0, 'solve_seconds': 72.88468458497664, 'wall_seconds': 307.3733899160143}",1470.7792748010106,413.625,0,0,1004.060390912012,0.994949494949495,0.0,0.9584762800353102,0.09663022517695075,1.0,0.9910781879009201,1.0,0.9033697748230493,0.0,0.0,0.0,33.58419316872505,37.04941736106135,1.7897288295266889,1.0,0.9991619220720208,38.83914619058804,5503.753951538018,39.78144628670475
b-main,main,default,,44136fa355b3,single_maximin_time_avg_cri,main_00001,20260325,True,0,0.26269150094230154,,,,9999.0,2066.69140625,"{'circuit_loads': 3.0, 'circuit_resets': 30.0, 'disk_hits': 18.0, 'isolated_calls': 3.0, 'isolated_wall_seconds': 541.5898253509949, 'load_seconds': 309.5666219799896, 'measure_seconds': 80.10524213693861, 'memory_hits': 1827.0, 'reset_seconds': 24.85637118399609, 'solve_calls': 33.0, 'solve_seconds': 119.85941645498679, 'wall_seconds': 536.1642738389928}",1143.624912758998,416.5,0,0,1053.619196912012,0.994949494949495,0.0,0.9662229271394536,0.12016505682784573,1.0,0.9906409839073138,1.0,0.8798349431721543,0.0,0.0,0.0,33.58419316872505,43.80601516092757,1.7329834354537972,1.0,0.9991619220720208,45.53899859638137,8955.101211814977,46.34685539088495
b-main,main,default,,44136fa355b3,single_p90_access_restore,main_00001,20260325,True,0,0.26269150094230154,,,,9999.0,2068.96484375,"{'circuit_loads': 0.0, 'circuit_resets': 0.0, 'disk_hits': 19.0, 'isolated_calls': 0.0, 'isolated_wall_seconds': 0.0, 'load_seconds': 0.0, 'measure_seconds': 0.0, 'memory_hits': 1829.0, 'reset_seconds': 0.0, 'solve_calls': 0.0, 'solve_seconds': 0.0, 'wall_seconds': 0.0}",852.2712044100044,413.6953125,0,0,1080.426090912012,0.9951738351129782,0.0,0.9652404261010197,0.12421801933499044,1.0,0.9910531509252186,1.0,0.8757819806650096,0.0,0.0,0.0,33.58419316872505,40.90306071172185,1.1132510714977264,1.0,0.9991619220720208,42.01631178321958,8871.661721208922,43.087616325145554
b-main,main,default,,44136fa355b3,single_triangle,main_00001,20260325,True,0,0.26269150094230154,,,,9999.0,2068.98828125,"{'circuit_loads': 9.0, 'circuit_resets': 74.0, 'disk_hits': 2.0, 'isolated_calls': 9.0, 'isolated_wall_seconds': 650.0398651300056, 'load_seconds': 318.37464199798706, 'measure_seconds': 95.54634342598729, 'memory_hits': 1830.0, 'reset_seconds': 47.86320560600143, 'solve_calls': 83.0, 'solve_seconds': 174.88703924691072, 'wall_seconds': 639.0205068570067}",2448.5214913480013,412.33984375,0,0,1043.039219912012,0.994949494949495,0.0,0.9623579944981304,0.11747939783823913,1.0,0.9919758494708382,1.0,0.8825206021617609,0.0,0.0,0.0,33.58419316872505,34.69826056008995,1.2244764310520524,1.0,0.9991619220720208,35.922736991141996,8173.077890838252,36.63385841276012
b-main,main,default,,44136fa355b3,weighted_gini_restore_l050,main_00001,20260325,True,0,0.26269150094230154,,,,9999.0,2063.66796875,"{'circuit_loads': 0.0, 'circuit_resets': 0.0, 'disk_hits': 18.0, 'isolated_calls': 0.0, 'isolated_wall_seconds': 0.0, 'load_seconds': 0.0, 'measure_seconds': 0.0, 'memory_hits': 1830.0, 'reset_seconds': 0.0, 'solve_calls': 0.0, 'solve_seconds': 0.0, 'wall_seconds': 0.0}",17.30890549600008,415.30078125,0,0,1020.900094912012,0.994949494949495,0.0,0.9649923746487294,0.15593334893955935,1.0,0.9901478943212656,1.0,0.8440666510604407,0.0,0.0,0.0,33.58419316872505,35.72922880961337,1.5329482035340811,1.0,0.9991619220720208,37.26217701314745,12549.461081862111,38.89529428500812
b-main,main,default,,44136fa355b3,weighted_maximin_time_avg_cri_l050,main_00001,20260325,True,0,0.26269150094230154,,,,9999.0,2068.98828125,"{'circuit_loads': 0.0, 'circuit_resets': 0.0, 'disk_hits': 0.0, 'isolated_calls': 0.0, 'isolated_wall_seconds': 0.0, 'load_seconds': 0.0, 'measure_seconds': 0.0, 'memory_hits': 1848.0, 'reset_seconds': 0.0, 'solve_calls': 0.0, 'solve_seconds': 0.0, 'wall_seconds': 0.0}",17.284727906997432,412.33984375,0,0,1059.760009912012,0.994949494949495,0.0,0.9662001969649596,0.12393767514678211,1.0,0.991998951502284,1.0,0.8760623248532179,0.0,0.0,0.0,33.58419316872505,36.185675699273744,1.0933189571532003,1.0,0.9991619220720208,37.27899465642694,8477.255908037176,38.11781592495049
b-main,main,default,,44136fa355b3,baseline_reference,main_00002,20260326,True,0,0.26269150094230154,,,,9999.0,2047.2109375,"{'circuit_loads': 3.0, 'circuit_resets': 30.0, 'disk_hits': 2.0, 'isolated_calls': 3.0, 'isolated_wall_seconds': 313.39417895099905, 'load_seconds': 175.48879670299357, 'measure_seconds': 39.40545921695593, 'memory_hits': 85.0, 'reset_seconds': 16.67977112995868, 'solve_calls': 33.0, 'solve_seconds': 77.11798663699301, 'wall_seconds': 309.65395833097864}",1064.322236987995,387.75390625,0,0,782.1511063680005,0.9882154882154879,0.0,0.9846954054056707,0.1514289661574919,1.0,0.9891325959666132,1.0,0.8485710338425081,0.0,0.0,0.0,0.0,78.0726198269285,1.106263534485186,1.0,1.0,79.17888336141367,7629.10861107522,75.96005570456946
b-main,main,default,,44136fa355b3,guardrail_gini_restore,main_00002,20260326,True,0,0.26269150094230154,,,,9999.0,2068.98828125,"{'circuit_loads': 0.0, 'circuit_resets': 0.0, 'disk_hits': 6.0, 'isolated_calls': 0.0, 'isolated_wall_seconds': 0.0, 'load_seconds': 0.0, 'measure_seconds': 0.0, 'memory_hits': 1338.0, 'reset_seconds': 0.0, 'solve_calls': 0.0, 'solve_seconds': 0.0, 'wall_seconds': 0.0}",115.90265701099997,417.79296875,0,0,748.6457953680003,0.9882154882154881,0.0,0.9827800648454621,0.15891839310873057,1.0,0.9899453102732925,1.0,0.8410816068912694,0.0,0.0,0.0,0.0,68.03230092102184,0.691447998499475,1.0,1.0,68.72374891952131,6077.946622822628,65.70634930533797
b-main,main,default,,44136fa355b3,single_gini_restore,main_00002,20260326,True,0,0.26269150094230154,,,,9999.0,2047.2109375,"{'circuit_loads': 4.0, 'circuit_resets': 39.0, 'disk_hits': 3.0, 'isolated_calls': 4.0, 'isolated_wall_seconds': 646.2279406589951, 'load_seconds': 381.68597131900606, 'measure_seconds': 82.76327712797502, 'memory_hits': 1335.0, 'reset_seconds': 27.0889913670253, 'solve_calls': 43.0, 'solve_seconds': 146.49906839696632, 'wall_seconds': 639.8776288459921}",1120.006482301993,406.2109375,0,0,765.3649353680003,0.9882154882154879,0.0,0.9808120363175374,0.1189424121827235,1.0,0.9963221289901473,1.0,0.8810575878172765,0.0,0.0,0.0,0.0,17.23832622775172,0.9101545750785591,1.0,1.0,18.148480802830274,3310.946616178722,17.456756666071676
b-main,main,default,,44136fa355b3,single_maximin_time_avg_cri,main_00002,20260326,True,0,0.26269150094230154,,,,9999.0,2077.33984375,"{'circuit_loads': 2.0, 'circuit_resets': 20.0, 'disk_hits': 16.0, 'isolated_calls': 2.0, 'isolated_wall_seconds': 381.412368343008, 'load_seconds': 215.4935542650055, 'measure_seconds': 53.339772695995634, 'memory_hits': 1326.0, 'reset_seconds': 20.85389979100728, 'solve_calls': 22.0, 'solve_seconds': 86.36036684196733, 'wall_seconds': 377.5584598840069}",507.86631506099366,416.125,0,0,649.0279643680003,0.9882154882154879,0.0,0.9834265433362701,0.09695261282818501,1.0,0.9950734314425985,1.0,0.903047387171815,0.0,0.0,0.0,0.0,24.68595152089367,0.695643961256549,1.0,1.0,25.381595482150214,1087.2589923369944,24.314952978802108
b-main,main,default,,44136fa355b3,single_p90_access_restore,main_00002,20260326,True,0,0.26269150094230154,,,,9999.0,2063.66796875,"{'circuit_loads': 2.0, 'circuit_resets': 20.0, 'disk_hits': 15.0, 'isolated_calls': 2.0, 'isolated_wall_seconds': 451.2557954829972, 'load_seconds': 245.41715222499624, 'measure_seconds': 62.167251438004314, 'memory_hits': 1327.0, 'reset_seconds': 32.59575161199609, 'solve_calls': 22.0, 'solve_seconds': 104.93716219099588, 'wall_seconds': 446.66711588900944}",494.9912795440032,415.30078125,0,0,782.1511063680005,0.9882154882154879,0.0,0.9846954054056707,0.1514289661574919,1.0,0.9891325959666132,1.0,0.8485710338425081,0.0,0.0,0.0,0.0,78.0726198269285,1.106263534485186,1.0,1.0,79.17888336141367,7629.10861107522,75.96005570456946
b-main,main,default,,44136fa355b3,single_triangle,main_00002,20260326,True,0,0.26269150094230154,,,,9999.0,2066.69140625,"{'circuit_loads': 10.0, 'circuit_resets': 86.0, 'disk_hits': 3.0, 'isolated_calls': 10.0, 'isolated_wall_seconds': 1159.1796302169969, 'load_seconds': 651.9136131210107, 'measure_seconds': 141.16779436192883, 'memory_hits': 1327.0, 'reset_seconds': 70.03450216498459, 'solve_calls': 96.0, 'solve_seconds': 278.8480888840422, 'wall_seconds': 1145.673981083004}",2250.164532119001,404.7890625,0,0,639.7826763680004,0.9884592744470182,0.0,0.9836186470827846,0.08457403773440153,1.0,0.9956201080898707,1.0,0.9154259622655985,0.0,0.0,0.0,0.0,21.377649913346612,0.6213570804423637,1.0,1.0,21.999006993788974,728.9216063780549,21.108606461541104
b-main,main,default,,44136fa355b3,weighted_gini_restore_l050,main_00002,20260326,True,0,0.26269150094230154,,,,9999.0,2063.66796875,"{'circuit_loads': 0.0, 'circuit_resets': 0.0, 'disk_hits': 2.0, 'isolated_calls': 0.0, 'isolated_wall_seconds': 0.0, 'load_seconds': 0.0, 'measure_seconds': 0.0, 'memory_hits': 1342.0, 'reset_seconds': 0.0, 'solve_calls': 0.0, 'solve_seconds': 0.0, 'wall_seconds': 0.0}",2.8231722619966604,415.80078125,0,0,658.6388253680003,0.9882154882154879,0.0,0.9887451683823394,0.15133266484204233,1.0,0.9945677487173702,1.0,0.8486673351579577,0.0,0.0,0.0,0.0,26.95205996231172,0.9122869466110918,1.0,1.0,27.864346908922812,3021.76755145172,26.763523349603723
b-main,main,default,,44136fa355b3,weighted_maximin_time_avg_cri_l050,main_00002,20260326,True,0,0.26269150094230154,,,,9999.0,2068.98828125,"{'circuit_loads': 0.0, 'circuit_resets': 0.0, 'disk_hits': 15.0, 'isolated_calls': 0.0, 'isolated_wall_seconds': 0.0, 'load_seconds': 0.0, 'measure_seconds': 0.0, 'memory_hits': 1329.0, 'reset_seconds': 0.0, 'solve_calls': 0.0, 'solve_seconds': 0.0, 'wall_seconds': 0.0}",2.665995279996423,416.58984375,0,0,658.6388253680003,0.9882154882154879,0.0,0.9887451683823394,0.15133266484204233,1.0,0.9945677487173702,1.0,0.8486673351579577,0.0,0.0,0.0,0.0,26.95205996231172,0.9122869466110918,1.0,1.0,27.864346908922812,3021.76755145172,26.763523349603723
b-main,main,default,,44136fa355b3,baseline_reference,main_00003,20260327,True,0,0.26269150094230154,,,,9999.0,2064.984375,"{'circuit_loads': 7.0, 'circuit_resets': 66.0, 'disk_hits': 0.0, 'isolated_calls': 7.0, 'isolated_wall_seconds': 616.2184856000385, 'load_seconds': 311.6066450840008, 'measure_seconds': 84.00747028294427, 'memory_hits': 117.0, 'reset_seconds': 43.468808742050896, 'solve_calls': 73.0, 'solve_seconds': 166.5393105730618, 'wall_seconds': 607.8271326709801}",1251.6770471620111,405.50390625,0,0,853.7906537951002,0.9543085850455442,0.0,0.9478965380656907,0.13207457381540944,1.0,0.9860957948041161,1.0,0.8679254261845906,0.0,0.0,0.0,291.7752387898878,3.9097874961896326,5.8551541393341715,1.0,0.9876645774051451,9.764941635523805,6730.811876001324,54.00617685949561
b-main,main,default,,44136fa355b3,guardrail_gini_restore,main_00003,20260327,True,0,0.26269150094230154,,,,9999.0,2063.66796875,"{'circuit_loads': 0.0, 'circuit_resets': 0.0, 'disk_hits': 2.0, 'isolated_calls': 0.0, 'isolated_wall_seconds': 0.0, 'load_seconds': 0.0, 'measure_seconds': 0.0, 'memory_hits': 1762.0, 'reset_seconds': 0.0, 'solve_calls': 0.0, 'solve_seconds': 0.0, 'wall_seconds': 0.0}",803.1470144729974,415.80078125,0,0,628.4525477951003,0.952411817618239,0.0,0.9426162441284935,0.16071105084218684,1.0,0.9837366041966625,1.0,0.8392889491578132,0.0,0.0,0.0,291.7245237898878,0.2677812489657428,10.691769308586611,1.0,0.9876645774051451,10.959550557552355,5736.01078418131,41.958154542092565
b-main,main,default,,44136fa355b3,single_gini_restore,main_00003,20260327,True,0,0.26269150094230154,,,,9999.0,2064.984375,"{'circuit_loads': 2.0, 'circuit_resets': 18.0, 'disk_hits': 0.0, 'isolated_calls': 2.0, 'isolated_wall_seconds': 344.1162258959812, 'load_seconds': 210.8822790929844, 'measure_seconds': 42.34761665598489, 'memory_hits': 1761.0, 'reset_seconds': 16.936093420008547, 'solve_calls': 20.0, 'solve_seconds': 69.7147912580258, 'wall_seconds': 340.92383562700707}",2428.991318831002,411.86328125,0,0,581.0852237951002,0.9532186610238571,0.0,0.9422029754448729,0.19649510812286686,1.0,0.9843372648659674,1.0,0.8035048918771331,0.0,0.0,0.0,293.010768,1.564280904322228,8.581365784399425,1.0,0.9876645774051451,10.145646688721653,5892.110185981071,35.35765912986371
b-main,main,default,,44136fa355b3,single_maximin_time_avg_cri,main_00003,20260327,True,0,0.26269150094230154,,,,9999.0,2068.98828125,"{'circuit_loads': 0.0, 'circuit_resets': 0.0, 'disk_hits': 11.0, 'isolated_calls': 0.0, 'isolated_wall_seconds': 0.0, 'load_seconds': 0.0, 'measure_seconds': 0.0, 'memory_hits': 1752.0, 'reset_seconds': 0.0, 'solve_calls': 0.0, 'solve_seconds': 0.0, 'wall_seconds': 0.0}",1657.1507223180088,412.33984375,0,0,820.1755067951003,0.9551310599315292,0.0,0.9485944260059034,0.0875981811926062,1.0,0.9885987902729532,1.0,0.9124018188073938,0.0,0.0,0.0,166.84468567216584,22.771105107671957,4.593548205143104,1.0,0.9876645774051451,27.36465331281506,2311.604251450873,40.52915699166754
b-main,main,default,,44136fa355b3,single_p90_access_restore,main_00003,20260327,True,0,0.26269150094230154,,,,9999.0,2066.69140625,"{'circuit_loads': 0.0, 'circuit_resets': 0.0, 'disk_hits': 12.0, 'isolated_calls': 0.0, 'isolated_wall_seconds': 0.0, 'load_seconds': 0.0, 'measure_seconds': 0.0, 'memory_hits': 1752.0, 'reset_seconds': 0.0, 'solve_calls': 0.0, 'solve_seconds': 0.0, 'wall_seconds': 0.0}",1421.6575819790014,416.5,0,0,853.7906537951002,0.9543085850455442,0.0,0.9478965380656907,0.13207457381540944,1.0,0.9860957948041161,1.0,0.8679254261845906,0.0,0.0,0.0,291.7752387898878,3.9097874961896326,5.8551541393341715,1.0,0.9876645774051451,9.764941635523805,6730.811876001324,54.00617685949561
b-main,main,default,,44136fa355b3,single_triangle,main_00003,20260327,True,0,0.26269150094230154,,,,9999.0,1940.7734375,"{'circuit_loads': 3.0, 'circuit_resets': 28.0, 'disk_hits': 0.0, 'isolated_calls': 3.0, 'isolated_wall_seconds': 334.66191765900294, 'load_seconds': 201.77643459601677, 'measure_seconds': 44.40213809296256, 'memory_hits': 1754.0, 'reset_seconds': 11.421090861025732, 'solve_calls': 31.0, 'solve_seconds': 71.94161999491917, 'wall_seconds': 330.68678586301394}",3157.1431581439974,410.55078125,0,0,828.0928847951003,0.9580467307401559,0.0,0.9507930378914926,0.16750095619542538,1.0,0.9886799852561033,1.0,0.8324990438045746,0.0,0.0,0.0,249.82943600000002,0.0,5.374280961537016,1.0,0.9876645774051451,5.374280961537016,7980.383015271593,37.920274717511234
b-main,main,default,,44136fa355b3,weighted_gini_restore_l050,main_00003,20260327,True,0,0.26269150094230154,,,,9999.0,2063.66796875,"{'circuit_loads': 0.0, 'circuit_resets': 0.0, 'disk_hits': 0.0, 'isolated_calls': 0.0, 'isolated_wall_seconds': 0.0, 'load_seconds': 0.0, 'measure_seconds': 0.0, 'memory_hits': 1764.0, 'reset_seconds': 0.0, 'solve_calls': 0.0, 'solve_seconds': 0.0, 'wall_seconds': 0.0}",1050.7496397229988,415.80078125,0,0,800.3030847951003,0.954406055253598,0.0,0.9481003198159539,0.14728022629947135,1.0,0.9850854332194754,1.0,0.8527197737005286,0.0,0.0,0.0,291.7752387898878,1.5192362810932436,5.998433865715243,1.0,0.9876645774051451,7.517670146808486,6836.633375090924,53.266926250569774
b-main,main,default,,44136fa355b3,weighted_maximin_time_avg_cri_l050,main_00003,20260327,True,0,0.26269150094230154,,,,9999.0,2068.98828125,"{'circuit_loads': 0.0, 'circuit_resets': 0.0, 'disk_hits': 0.0, 'isolated_calls': 0.0, 'isolated_wall_seconds': 0.0, 'load_seconds': 0.0, 'measure_seconds': 0.0, 'memory_hits': 1764.0, 'reset_seconds': 0.0, 'solve_calls': 0.0, 'solve_seconds': 0.0, 'wall_seconds': 0.0}",597.3255206559988,416.83984375,0,0,800.3030847951003,0.954406055253598,0.0,0.9481003198159539,0.14728022629947135,1.0,0.9850854332194754,1.0,0.8527197737005286,0.0,0.0,0.0,291.7752387898878,1.5192362810932436,5.998433865715243,1.0,0.9876645774051451,7.517670146808486,6836.633375090924,53.266926250569774
b-main,main,default,,44136fa355b3,baseline_reference,main_00004,20260328,True,0,0.26269150094230154,,,,9999.0,2077.33984375,"{'circuit_loads': 3.0, 'circuit_resets': 30.0, 'disk_hits': 3.0, 'isolated_calls': 3.0, 'isolated_wall_seconds': 355.2710653630056, 'load_seconds': 174.66514221200487, 'measure_seconds': 45.97363299799326, 'memory_hits': 88.0, 'reset_seconds': 29.657655597955454, 'solve_calls': 33.0, 'solve_seconds': 100.04554875499161, 'wall_seconds': 351.4430159619951}",947.565240003998,401.50390625,0,0,515.7069310502432,0.9854121920869912,0.0,0.9571124033625742,0.4174578738631871,1.0,0.9910846255740572,1.0,0.5825421261368129,0.0,0.0,0.0,98.16421064295893,13.813016683493927,6.3208022865108235,1.0,0.9981111784717557,20.133818970004757,6341.320352369584,21.752792699808705
b-main,main,default,,44136fa355b3,guardrail_gini_restore,main_00004,20260328,True,0,0.26269150094230154,,,,9999.0,2064.984375,"{'circuit_loads': 1.0, 'circuit_resets': 10.0, 'disk_hits': 1.0, 'isolated_calls': 1.0, 'isolated_wall_seconds': 98.05159655598982, 'load_seconds': 48.24605058900488, 'measure_seconds': 13.491413348980132, 'memory_hits': 1342.0, 'reset_seconds': 7.92282892500225, 'solve_calls': 11.0, 'solve_seconds': 26.741753768990748, 'wall_seconds': 96.75087070700829}",1037.8961663569935,411.86328125,0,0,480.6308340502433,0.9820451838327755,0.0,0.9456286424325022,0.22117370250182233,1.0,0.986550737378522,1.0,0.7788262974981777,0.0,0.0,0.0,267.45577917005437,19.5293500665901,4.246238353522884,1.0,0.9981111784717557,23.775588420112996,8606.13251096485,24.56152891642985
b-main,main,default,,44136fa355b3,single_gini_restore,main_00004,20260328,True,0,0.26269150094230154,,,,9999.0,2068.96484375,"{'circuit_loads': 1.0, 'circuit_resets': 10.0, 'disk_hits': 12.0, 'isolated_calls': 1.0, 'isolated_wall_seconds': 127.80353472600109, 'load_seconds': 60.42281353799626, 'measure_seconds': 19.824984482009313, 'memory_hits': 1329.0, 'reset_seconds': 10.93533625699638, 'solve_calls': 11.0, 'solve_seconds': 34.56375244099763, 'wall_seconds': 126.20994278200669}",1495.9211070309975,410.1953125,0,0,464.0299710502433,0.9812138146599263,0.0,0.9418304287024091,0.26128522930508724,1.0,0.9857857549670233,1.0,0.7387147706949128,0.0,0.0,0.0,329.8196282615303,18.235815405227484,4.498804691233049,1.0,0.9981111784717557,22.734620096460535,9195.059534460712,22.949853516827066
b-main,main,default,,44136fa355b3,single_maximin_time_avg_cri,main_00004,20260328,True,0,0.26269150094230154,,,,9999.0,2063.83984375,"{'circuit_loads': 0.0, 'circuit_resets': 0.0, 'disk_hits': 15.0, 'isolated_calls': 0.0, 'isolated_wall_seconds': 0.0, 'load_seconds': 0.0, 'measure_seconds': 0.0, 'memory_hits': 1329.0, 'reset_seconds': 0.0, 'solve_calls': 0.0, 'solve_seconds': 0.0, 'wall_seconds': 0.0}",942.8239334719983,411.3203125,0,0,486.65772605024335,0.9865050034841203,0.0,0.9539232313726385,0.2089983410326237,1.0,0.9893466343673346,1.0,0.7910016589673763,0.0,0.0,0.0,98.16421064295893,14.447778778182128,4.186343366356192,1.0,0.9981111784717557,18.634122144538317,7311.514689543808,21.419328558882444
b-main,main,default,,44136fa355b3,single_p90_access_restore,main_00004,20260328,True,0,0.26269150094230154,,,,9999.0,2063.83984375,"{'circuit_loads': 0.0, 'circuit_resets': 0.0, 'disk_hits': 0.0, 'isolated_calls': 0.0, 'isolated_wall_seconds': 0.0, 'load_seconds': 0.0, 'measure_seconds': 0.0, 'memory_hits': 1344.0, 'reset_seconds': 0.0, 'solve_calls': 0.0, 'solve_seconds': 0.0, 'wall_seconds': 0.0}",2094.9039054640016,411.3203125,0,0,515.7069310502432,0.9854121920869912,0.0,0.9571124033625742,0.4174578738631871,1.0,0.9910846255740572,1.0,0.5825421261368129,0.0,0.0,0.0,98.16421064295893,13.813016683493927,6.3208022865108235,1.0,0.9981111784717557,20.133818970004757,6341.320352369584,21.752792699808705
b-main,main,default,,44136fa355b3,single_triangle,main_00004,20260328,True,0,0.26269150094230154,,,,9999.0,2063.203125,"{'circuit_loads': 4.0, 'circuit_resets': 40.0, 'disk_hits': 6.0, 'isolated_calls': 4.0, 'isolated_wall_seconds': 647.9048909540143, 'load_seconds': 354.1643764269975, 'measure_seconds': 79.07675180898514, 'memory_hits': 1331.0, 'reset_seconds': 42.42863472198951, 'solve_calls': 44.0, 'solve_seconds': 164.18176362891973, 'wall_seconds': 641.687126402001}",2785.7294033070066,410.51171875,0,0,486.65772605024335,0.9865050034841203,0.0,0.9539232313726385,0.2089983410326237,1.0,0.9893466343673346,1.0,0.7910016589673763,0.0,0.0,0.0,98.16421064295893,14.447778778182128,4.186343366356192,1.0,0.9981111784717557,18.634122144538317,7311.514689543808,21.419328558882444
b-main,main,default,,44136fa355b3,weighted_gini_restore_l050,main_00004,20260328,True,0,0.26269150094230154,,,,9999.0,2064.984375,"{'circuit_loads': 0.0, 'circuit_resets': 0.0, 'disk_hits': 13.0, 'isolated_calls': 0.0, 'isolated_wall_seconds': 0.0, 'load_seconds': 0.0, 'measure_seconds': 0.0, 'memory_hits': 1331.0, 'reset_seconds': 0.0, 'solve_calls': 0.0, 'solve_seconds': 0.0, 'wall_seconds': 0.0}",465.27931596999406,411.86328125,0,0,486.65772605024335,0.9865050034841203,0.0,0.9539232313726385,0.2089983410326237,1.0,0.9893466343673346,1.0,0.7910016589673763,0.0,0.0,0.0,98.16421064295893,14.447778778182128,4.186343366356192,1.0,0.9981111784717557,18.634122144538317,7311.514689543808,21.419328558882444
b-main,main,default,,44136fa355b3,weighted_maximin_time_avg_cri_l050,main_00004,20260328,True,0,0.26269150094230154,,,,9999.0,2064.984375,"{'circuit_loads': 0.0, 'circuit_resets': 0.0, 'disk_hits': 0.0, 'isolated_calls': 0.0, 'isolated_wall_seconds': 0.0, 'load_seconds': 0.0, 'measure_seconds': 0.0, 'memory_hits': 1344.0, 'reset_seconds': 0.0, 'solve_calls': 0.0, 'solve_seconds': 0.0, 'wall_seconds': 0.0}",16.285699764994206,411.86328125,0,0,486.65772605024335,0.9865050034841203,0.0,0.9539232313726385,0.2089983410326237,1.0,0.9893466343673346,1.0,0.7910016589673763,0.0,0.0,0.0,98.16421064295893,14.447778778182128,4.186343366356192,1.0,0.9981111784717557,18.634122144538317,7311.514689543808,21.419328558882444
b-main,main,default,,44136fa355b3,baseline_reference,main_00005,20260329,True,0,0.26269150094230154,,,,9999.0,2063.83984375,"{'circuit_loads': 2.0, 'circuit_resets': 20.0, 'disk_hits': 1.0, 'isolated_calls': 2.0, 'isolated_wall_seconds': 345.4857481959916, 'load_seconds': 189.56536707500345, 'measure_seconds': 43.41549077699892, 'memory_hits': 159.0, 'reset_seconds': 24.684439974997076, 'solve_calls': 22.0, 'solve_seconds': 83.70935825092602, 'wall_seconds': 342.4069945920055}",2482.5019692869973,404.3203125,0,0,1057.1993928326215,0.4813541923206879,0.0,0.5107165076448039,0.2860654694216651,1.0,0.9519350510117616,1.0,0.7139345305783349,146.97464967387413,146.97464967387413,146.97464967387413,466.29749127101957,134.68877934737938,20.29649801113067,1.0,0.7972576928699548,154.98527735851002,31850.454307443066,248.92925452218185
b-main,main,default,,44136fa355b3,guardrail_gini_restore,main_00005,20260329,True,0,0.26269150094230154,,,,9999.0,2069.91015625,"{'circuit_loads': 5.0, 'circuit_resets': 52.0, 'disk_hits': 24.0, 'isolated_calls': 5.0, 'isolated_wall_seconds': 637.3216941499995, 'load_seconds': 326.5987065500085, 'measure_seconds': 84.0254396149976, 'memory_hits': 2406.0, 'reset_seconds': 50.51970657099446, 'solve_calls': 57.0, 'solve_seconds': 167.8275018100685, 'wall_seconds': 630.9934890200093}",2549.861028123996,421.25,0,0,1046.7710588326213,0.47457132543886527,0.0,0.4692803237857941,0.14802565369611298,1.0,0.9530735174423213,1.0,0.851974346303887,146.8350026738741,146.8350026738741,146.8350026738741,436.797582039201,168.80113533468295,16.758199354357846,1.0,0.7972576928699548,185.5593346890408,17330.83025193143,238.21620628724278
b-main,main,default,,44136fa355b3,single_gini_restore,main_00005,20260329,True,0,0.26269150094230154,,,,9999.0,2073.19140625,"{'circuit_loads': 2.0, 'circuit_resets': 20.0, 'disk_hits': 17.0, 'isolated_calls': 2.0, 'isolated_wall_seconds': 291.56484436200117, 'load_seconds': 150.56249555799877, 'measure_seconds': 44.06606432401168, 'memory_hits': 2410.0, 'reset_seconds': 20.194280534022255, 'solve_calls': 22.0, 'solve_seconds': 72.0866555939865, 'wall_seconds': 288.1146414649993}",4926.838538283002,414.12109375,0,0,1043.7874518326212,0.47795960919980107,0.0,0.47668439417533226,0.15941461707272775,1.0,0.9522459710235569,1.0,0.8405853829272723,146.97464967387413,146.97464967387413,146.97464967387413,552.4775743468211,163.4143032580394,17.231822934655536,1.0,0.7972576928699548,180.6461261926949,19461.904006943867,241.4490433770712
b-main,main,default,,44136fa355b3,single_maximin_time_avg_cri,main_00005,20260329,True,0,0.26269150094230154,,,,9999.0,2065.51171875,"{'circuit_loads': 1.0, 'circuit_resets': 10.0, 'disk_hits': 21.0, 'isolated_calls': 1.0, 'isolated_wall_seconds': 217.1004536350083, 'load_seconds': 113.53585312899668, 'measure_seconds': 30.507925564990728, 'memory_hits': 2410.0, 'reset_seconds': 17.077237649005838, 'solve_calls': 11.0, 'solve_seconds': 52.86891892297717, 'wall_seconds': 214.8483364309941}",3770.9423923040013,414.51171875,0,0,1043.7874518326212,0.47795960919980107,0.0,0.47668439417533226,0.15941461707272775,1.0,0.9522459710235569,1.0,0.8405853829272723,146.97464967387413,146.97464967387413,146.97464967387413,552.4775743468211,163.4143032580394,17.231822934655536,1.0,0.7972576928699548,180.6461261926949,19461.904006943867,241.4490433770712
b-main,main,default,,44136fa355b3,single_p90_access_restore,main_00005,20260329,True,0,0.26269150094230154,,,,9999.0,2071.33984375,"{'circuit_loads': 5.0, 'circuit_resets': 50.0, 'disk_hits': 23.0, 'isolated_calls': 5.0, 'isolated_wall_seconds': 862.3942020490213, 'load_seconds': 480.8567162150284, 'measure_seconds': 112.65543829201488, 'memory_hits': 2407.0, 'reset_seconds': 59.97646632994292, 'solve_calls': 55.0, 'solve_seconds': 196.95733518998895, 'wall_seconds': 853.3357629340026}",2796.3771806039877,413.375,0,0,1118.0012168326214,0.519705201435616,0.0,0.6037324103769381,0.27403493556741987,1.0,0.950674838949369,1.0,0.7259650644325801,101.07425467486618,191.45888389078476,101.07425467486618,492.9421202710195,191.54425829707327,19.68054508590069,1.0,0.7972576928699548,211.22480338297396,40905.799199484085,302.3924424640336
b-main,main,default,,44136fa355b3,single_triangle,main_00005,20260329,True,0,0.26269150094230154,,,,9999.0,2068.4765625,"{'circuit_loads': 22.0, 'circuit_resets': 229.0, 'disk_hits': 4.0, 'isolated_calls': 22.0, 'isolated_wall_seconds': 3359.9536762230273, 'load_seconds': 1799.2045897740027, 'measure_seconds': 453.8629355329467, 'memory_hits': 2406.0, 'reset_seconds': 235.70375472492015, 'solve_calls': 251.0, 'solve_seconds': 827.8152667081013, 'wall_seconds': 3327.778558393009}",7362.538760398995,414.16015625,0,0,1087.5989368326211,0.48700973120567026,0.0,0.5226953793725237,0.2858577835498314,1.0,0.953423674637933,1.0,0.7141422164501686,146.8350026738741,146.8350026738741,146.8350026738741,506.67286377712514,129.4799414384117,20.549565822682187,1.0,0.7972576928699548,150.02950726109387,35748.98858194714,247.128314818951
b-main,main,default,,44136fa355b3,weighted_gini_restore_l050,main_00005,20260329,True,0,0.26269150094230154,,,,9999.0,2077.33984375,"{'circuit_loads': 2.0, 'circuit_resets': 19.0, 'disk_hits': 23.0, 'isolated_calls': 2.0, 'isolated_wall_seconds': 349.58951108300244, 'load_seconds': 198.30082399401, 'measure_seconds': 43.19000704602513, 'memory_hits': 2404.0, 'reset_seconds': 24.25994806100789, 'solve_calls': 21.0, 'solve_seconds': 79.38745787400694, 'wall_seconds': 346.28354679500626}",3604.5112785949896,416.125,0,0,1057.1993928326215,0.4813541923206879,0.0,0.5107165076448039,0.2860654694216651,1.0,0.9519350510117616,1.0,0.7139345305783349,146.97464967387413,146.97464967387413,146.97464967387413,466.29749127101957,134.68877934737938,20.29649801113067,1.0,0.7972576928699548,154.98527735851002,31850.454307443066,248.92925452218185
b-main,main,default,,44136fa355b3,weighted_maximin_time_avg_cri_l050,main_00005,20260329,True,0,0.26269150094230154,,,,9999.0,2070.55078125,"{'circuit_loads': 5.0, 'circuit_resets': 55.0, 'disk_hits': 23.0, 'isolated_calls': 5.0, 'isolated_wall_seconds': 710.41972772601, 'load_seconds': 353.16375400499965, 'measure_seconds': 99.07037893292727, 'memory_hits': 2404.0, 'reset_seconds': 58.823130514938384, 'solve_calls': 60.0, 'solve_seconds': 190.11643334795372, 'wall_seconds': 703.6040877790074}",3158.0625899409933,421.0546875,0,0,1057.1993928326215,0.4813541923206879,0.0,0.5107165076448039,0.2860654694216651,1.0,0.9519350510117616,1.0,0.7139345305783349,146.97464967387413,146.97464967387413,146.97464967387413,466.29749127101957,134.68877934737938,20.29649801113067,1.0,0.7972576928699548,154.98527735851002,31850.454307443066,248.92925452218185
b-main,main,default,,44136fa355b3,baseline_reference,main_00006,20260330,True,0,0.26269150094230154,,,,9999.0,2068.96484375,"{'circuit_loads': 6.0, 'circuit_resets': 60.0, 'disk_hits': 0.0, 'isolated_calls': 6.0, 'isolated_wall_seconds': 697.6608245499956, 'load_seconds': 371.3169093800243, 'measure_seconds': 91.03885461107711, 'memory_hits': 98.0, 'reset_seconds': 43.31635847604775, 'solve_calls': 66.0, 'solve_seconds': 181.74348898806784, 'wall_seconds': 689.730072618986}",1486.6151476179948,401.6953125,0,0,722.4005036415331,0.9820823415208157,0.0,0.8980387783477495,0.14470770499906238,1.0,0.9836881923864513,1.0,0.8552922950009376,0.0,77.29333700000001,0.0,224.5717779250574,32.08251781632089,13.428491294009783,1.0,0.9951616503357807,45.51100911033066,5055.480853643212,48.38614199997035
b-main,main,default,,44136fa355b3,guardrail_gini_restore,main_00006,20260330,True,0,0.26269150094230154,,,,9999.0,2068.98828125,"{'circuit_loads': 0.0, 'circuit_resets': 0.0, 'disk_hits': 14.0, 'isolated_calls': 0.0, 'isolated_wall_seconds': 0.0, 'load_seconds': 0.0, 'measure_seconds': 0.0, 'memory_hits': 1498.0, 'reset_seconds': 0.0, 'solve_calls': 0.0, 'solve_seconds': 0.0, 'wall_seconds': 0.0}",568.8749160419975,417.79296875,0,0,697.4014126415332,0.9816959036643262,0.0,0.8735177317431253,0.1543639495667516,1.0,0.9781588770478765,1.0,0.8456360504332484,0.0,324.4970860629311,0.0,324.4970860629311,43.31367876356163,15.674162218625337,1.0,0.9951616503357807,58.987840982186974,11429.673468987445,62.0104293503706
b-main,main,default,,44136fa355b3,single_gini_restore,main_00006,20260330,True,0,0.26269150094230154,,,,9999.0,2047.2109375,"{'circuit_loads': 1.0, 'circuit_resets': 11.0, 'disk_hits': 13.0, 'isolated_calls': 1.0, 'isolated_wall_seconds': 198.26246279699262, 'load_seconds': 114.96122877500602, 'measure_seconds': 32.647361897004885, 'memory_hits': 1497.0, 'reset_seconds': 7.195211116006249, 'solve_calls': 12.0, 'solve_seconds': 40.72730986199167, 'wall_seconds': 196.18234683699848}",1395.6026212099969,415.8046875,0,0,709.9213406415332,0.9815916798585571,0.0,0.8767795425370584,0.14741190176766938,1.0,0.9821601468872219,1.0,0.8525880982323306,0.0,224.6312609250574,0.0,224.6312609250574,32.095053573255896,14.14299211885859,1.0,0.9951616503357807,46.23804569211448,6879.607363464348,48.98931646603482
b-main,main,default,,44136fa355b3,single_maximin_time_avg_cri,main_00006,20260330,True,0,0.26269150094230154,,,,9999.0,2077.33984375,"{'circuit_loads': 1.0, 'circuit_resets': 10.0, 'disk_hits': 14.0, 'isolated_calls': 1.0, 'isolated_wall_seconds': 71.89054428599775, 'load_seconds': 29.946634411011473, 'measure_seconds': 16.99556175598991, 'memory_hits': 1497.0, 'reset_seconds': 3.450846763982554, 'solve_calls': 11.0, 'solve_seconds': 19.18928625098488, 'wall_seconds': 70.10210060799727}",787.485509287988,416.125,0,0,722.4005036415331,0.9820823415208157,0.0,0.8980387783477495,0.14470770499906238,1.0,0.9836881923864513,1.0,0.8552922950009376,0.0,77.29333700000001,0.0,224.5717779250574,32.08251781632089,13.428491294009783,1.0,0.9951616503357807,45.51100911033066,5055.480853643212,48.38614199997035
b-main,main,default,,44136fa355b3,single_p90_access_restore,main_00006,20260330,True,0,0.26269150094230154,,,,9999.0,2047.2109375,"{'circuit_loads': 0.0, 'circuit_resets': 0.0, 'disk_hits': 1.0, 'isolated_calls': 0.0, 'isolated_wall_seconds': 0.0, 'load_seconds': 0.0, 'measure_seconds': 0.0, 'memory_hits': 1511.0, 'reset_seconds': 0.0, 'solve_calls': 0.0, 'solve_seconds': 0.0, 'wall_seconds': 0.0}",580.2559922890068,416.3046875,0,0,722.4005036415331,0.9820823415208157,0.0,0.8980387783477495,0.14470770499906238,1.0,0.9836881923864513,1.0,0.8552922950009376,0.0,77.29333700000001,0.0,224.5717779250574,32.08251781632089,13.428491294009783,1.0,0.9951616503357807,45.51100911033066,5055.480853643212,48.38614199997035
b-main,main,default,,44136fa355b3,single_triangle,main_00006,20260330,True,0,0.26269150094230154,,,,9999.0,2071.33984375,"{'circuit_loads': 8.0, 'circuit_resets': 80.0, 'disk_hits': 1.0, 'isolated_calls': 8.0, 'isolated_wall_seconds': 1278.8043384180346, 'load_seconds': 710.8324640799983, 'measure_seconds': 170.18699821000337, 'memory_hits': 1497.0, 'reset_seconds': 76.42766389694589, 'solve_calls': 88.0, 'solve_seconds': 304.5457957890467, 'wall_seconds': 1266.418875858988}",3441.441782683003,411.125,0,0,664.6739236415331,0.9845445817833995,0.0,0.9150023683041915,0.16422706246732655,1.0,0.994335803532736,1.0,0.8357729375326735,0.0,23.41018631226466,0.0,55.315671659154106,8.218492366561716,14.441702168412991,1.0,0.9951616503357807,22.660194534974707,589.8972890297241,23.235251103462808
b-main,main,default,,44136fa355b3,weighted_gini_restore_l050,main_00006,20260330,True,0,0.26269150094230154,,,,9999.0,2068.96484375,"{'circuit_loads': 0.0, 'circuit_resets': 0.0, 'disk_hits': 5.0, 'isolated_calls': 0.0, 'isolated_wall_seconds': 0.0, 'load_seconds': 0.0, 'measure_seconds': 0.0, 'memory_hits': 1507.0, 'reset_seconds': 0.0, 'solve_calls': 0.0, 'solve_seconds': 0.0, 'wall_seconds': 0.0}",386.2599622419948,413.6953125,0,0,694.6491896415331,0.9813881830917885,0.0,0.8908688294013201,0.15469824482331407,1.0,0.9861898395484918,1.0,0.8453017551766859,0.0,107.222078,0.0,129.85072341604882,20.286586996880057,15.741983596542388,1.0,0.9951616503357807,36.028570593422444,3260.208092149884,38.5993093616252
b-main,main,default,,44136fa355b3,weighted_maximin_time_avg_cri_l050,main_00006,20260330,True,0,0.26269150094230154,,,,9999.0,2064.984375,"{'circuit_loads': 1.0, 'circuit_resets': 11.0, 'disk_hits': 16.0, 'isolated_calls': 1.0, 'isolated_wall_seconds': 179.64314099299372, 'load_seconds': 99.08081492700148, 'measure_seconds': 30.959678265993716, 'memory_hits': 1495.0, 'reset_seconds': 6.752067874011118, 'solve_calls': 12.0, 'solve_seconds': 40.61191950200009, 'wall_seconds': 177.9725794709957}",610.0049478080036,411.86328125,0,0,722.4005036415331,0.9820823415208157,0.0,0.8980387783477495,0.14470770499906238,1.0,0.9836881923864513,1.0,0.8552922950009376,0.0,77.29333700000001,0.0,224.5717779250574,32.08251781632089,13.428491294009783,1.0,0.9951616503357807,45.51100911033066,5055.480853643212,48.38614199997035
c-main,main,default,,44136fa355b3,CEN,main_00001,20264001,True,0,0.26269150094230154,10,1,,9999.0,0.0,"{'disk_hits': 10.0, 'memory_hits': 116.0}",2.3812957889895188,407.3046875,0,0,710.5364042631265,0.9448227744333935,0.0,0.9402295738311606,0.13376498033181738,1.0,0.9933405825791505,1.0,0.8662350196681826,0.0,0.0,51.47451900316942,51.47451900316942,30.717505813602845,0.7463311261081285,1.0,0.9565694476611809,31.463836939710973,1039.328203615063,41.0605329969632
c-main,main,default,,44136fa355b3,IJSH,main_00001,20264001,True,10,0.26269150094230154,10,1,,9999.0,0.0,"{'disk_hits': 10.0, 'memory_hits': 116.0}",2.0621434830100043,404.91015625,0,0,859.4204572631264,0.935400013643428,0.0,0.9228224500148412,0.11245079076213116,1.0,0.9923790242779115,1.0,0.8875492092378688,0.0,0.0,157.90135845756618,167.42349999938347,14.32697070170184,2.118916674745068,1.0,0.9565694476611809,16.445887376446912,3056.440548649744,29.18324439056141
c-main,main,default,,44136fa355b3,JSH,main_00001,20264001,True,10,0.26269150094230154,10,1,,9999.0,0.0,"{'disk_hits': 10.0, 'memory_hits': 116.0}",1.0488312910019886,411.38671875,0,0,859.4204572631264,0.935400013643428,0.0,0.9228224500148412,0.11245079076213116,1.0,0.9923790242779115,1.0,0.8875492092378688,0.0,0.0,157.90135845756618,167.42349999938347,14.32697070170184,2.118916674745068,1.0,0.9565694476611809,16.445887376446912,3056.440548649744,29.18324439056141
c-main,main,default,,44136fa355b3,OD_CEN,main_00001,20264001,True,0,0.26269150094230154,10,1,,9999.0,563.25390625,"{'disk_hits': 10.0, 'memory_hits': 116.0}",584.8401625230035,414.27734375,0,0,710.7201242631266,0.9419891909184372,0.0,0.9405960801229094,0.13375229951383827,1.0,0.9936472767954707,1.0,0.8662477004861617,0.0,0.0,51.48976100316942,51.48976100316942,30.711529712319344,0.8688947948387783,1.0,0.9565694476611809,31.580424507158117,1039.422895780521,32.05434470980168
c-main,main,default,,44136fa355b3,OD_IJSH,main_00001,20264001,True,0,0.26269150094230154,10,1,,9999.0,564.015625,"{'disk_hits': 10.0, 'memory_hits': 116.0}",1.05501506300061,411.6484375,0,0,859.3314842631265,0.9366856990034396,0.0,0.9242328004700209,0.11247570291314113,1.0,0.9924357999500898,1.0,0.8875242970868589,0.0,0.0,157.8656664575662,167.38633029938347,14.325377083135185,2.24208914732993,1.0,0.9565694476611809,16.56746623046512,3021.196204878407,21.286072727378933
c-main,main,default,,44136fa355b3,OD_JSH,main_00001,20264001,True,0,0.26269150094230154,10,1,,9999.0,563.265625,"{'disk_hits': 10.0, 'memory_hits': 116.0}",291.31308176099265,405.11328125,0,0,859.3314842631265,0.9366856990034396,0.0,0.9242328004700209,0.11247570291314113,1.0,0.9924357999500898,1.0,0.8875242970868589,0.0,0.0,157.8656664575662,167.38633029938347,14.325377083135185,2.24208914732993,1.0,0.9565694476611809,16.56746623046512,3021.196204878407,21.286072727378933
c-main,main,default,,44136fa355b3,CEN,main_00002,20264002,True,0,0.26269150094230154,3,0,,9999.0,0.0,"{'disk_hits': 8.0, 'memory_hits': 64.0}",1.7360200840048492,371.38671875,0,0,443.75345254977015,0.4747474747474749,0.0,0.41956424778940216,0.1329940403280252,1.0,0.9635132384333412,1.0,0.8670059596719748,98.82628048636224,98.82628048636224,98.82628048636224,98.82628048636224,24.75689908021572,7.5393818739773435,1.0,0.7930077873173604,32.29628095419306,2398.3056408877205,53.56519143949887
c-main,main,default,,44136fa355b3,IJSH,main_00002,20264002,True,3,0.26269150094230154,3,0,,9999.0,0.0,"{'disk_hits': 8.0, 'memory_hits': 64.0}",1.6200482090061996,371.27734375,0,0,495.4422005497702,0.47474747474747425,0.0,0.4207201021597029,0.05597319757776087,1.0,0.98431469783459,1.0,0.9440268024222391,46.42123637530481,46.42123637530481,46.42123637530481,46.42123637530481,12.028579761576424,3.6111933645789684,1.0,0.7930077873173604,15.639773126155392,543.3024233536892,25.640122597397642
c-main,main,default,,44136fa355b3,JSH,main_00002,20264002,True,3,0.26269150094230154,3,0,,9999.0,0.0,"{'disk_hits': 8.0, 'memory_hits': 64.0}",0.44558794899785426,409.37109375,0,0,504.03056254977014,0.47474747474747425,0.0,0.42246295295566894,0.06631355958209295,1.0,0.9843685882782094,1.0,0.933686440417907,46.42123637530481,46.42123637530481,46.42123637530481,46.42123637530481,12.342038279120525,3.660993741480104,1.0,0.7930077873173604,16.00303202060063,565.1826407062114,25.994410410101814
c-main,main,default,,44136fa355b3,OD_CEN,main_00002,20264002,True,0,0.26269150094230154,3,0,,9999.0,565.7578125,"{'disk_hits': 8.0, 'memory_hits': 64.0}",144.77527302500675,411.98828125,0,0,443.7720165497702,0.4747474747474749,0.0,0.4197374699046972,0.13288863056903555,1.0,0.963556442305529,1.0,0.8671113694309645,98.82628048636224,98.82628048636224,98.82628048636224,98.82628048636224,24.757051180042957,7.520942361639434,1.0,0.7930077873173604,32.277993541682385,2398.171894160619,53.61142997344225
c-main,main,default,,44136fa355b3,OD_IJSH,main_00002,20264002,True,0,0.26269150094230154,3,0,,9999.0,564.015625,"{'disk_hits': 8.0, 'memory_hits': 64.0}",45.18441028500092,412.3984375,0,0,495.4525335497701,0.47474747474747425,0.0,0.42072038099697306,0.05607666159250768,1.0,0.9843584456635707,1.0,0.9439233384074923,46.42123637530481,46.42123637530481,46.42123637530481,46.42123637530481,12.028643194365847,3.5976064101580567,1.0,0.7930077873173604,15.626249604523903,543.3052729347818,25.626100865671074
c-main,main,default,,44136fa355b3,OD_JSH,main_00002,20264002,True,0,0.26269150094230154,3,0,,9999.0,0.0,"{'disk_hits': 8.0, 'memory_hits': 64.0}",1.6003286510094767,371.515625,0,0,504.05405454977017,0.47474747474747425,0.0,0.4224639610923513,0.06613162121022209,1.0,0.9844051852498619,1.0,0.9338683787897779,46.42123637530481,46.42123637530481,46.42123637530481,46.42123637530481,12.342247887411164,3.6464978054663284,1.0,0.7930077873173604,15.988745692877494,565.1976667860395,26.007219686687705
c-main,main,default,,44136fa355b3,CEN,main_00003,20264003,True,0,0.26269150094230154,9,0,,9999.0,0.0,"{'disk_hits': 13.0, 'memory_hits': 125.0}",2.3967250769928796,406.65625,0,0,803.7513303659784,0.9882154882154883,0.0,0.904789868920032,0.1567460353096377,1.0,0.9620023150116082,1.0,0.8432539646903623,0.0,46.748273000000005,0.0,574.3763049231354,212.01689690706218,1.4589019541951904,1.0,0.9958616751701235,213.47579886125737,22513.603416111062,216.3390470017499
c-main,main,default,,44136fa355b3,IJSH,main_00003,20264003,True,12,0.26269150094230154,9,0,,9999.0,0.0,"{'disk_hits': 13.0, 'memory_hits': 125.0}",2.4345534550084267,405.57421875,0,0,747.3968843659784,0.9882154882154883,0.0,0.8958530229186628,0.12513902773079966,1.0,0.9712218363359133,1.0,0.8748609722692003,0.0,46.748273000000005,0.0,280.41904689578,140.64490420228876,1.3794757963651312,1.0,0.9958616751701235,142.0243799986539,10237.916861639318,143.83463720150206
c-main,main,default,,44136fa355b3,JSH,main_00003,20264003,True,12,0.26269150094230154,9,0,,9999.0,0.0,"{'disk_hits': 13.0, 'memory_hits': 125.0}",1.1135970290051773,413.68359375,0,0,723.8988333659782,0.9882154882154883,0.0,0.8942826139294775,0.1573738076555523,1.0,0.9678682099651066,1.0,0.8426261923444477,0.0,46.748273000000005,0.0,280.20950289577996,142.7469640649579,1.4968015408783921,1.0,0.9958616751701235,144.24376560583627,9645.736066049387,146.42605727337008
c-main,main,default,,44136fa355b3,OD_CEN,main_00003,20264003,True,0,0.26269150094230154,9,0,,9999.0,560.7890625,"{'disk_hits': 13.0, 'memory_hits': 125.0}",486.2800592040003,418.8046875,0,0,803.9012583659784,0.9882154882154879,0.0,0.8722422212936927,0.15622956674190858,1.0,0.9612535985011021,1.0,0.8437704332580914,0.0,195.74588199999997,0.0,574.5262329231354,212.06409193091906,3.2363190845134313,1.0,0.9958616751701235,215.3004110154325,23777.992218166462,218.15618923691574
c-main,main,default,,44136fa355b3,OD_IJSH,main_00003,20264003,True,3,0.26269150094230154,9,0,,9999.0,561.25,"{'disk_hits': 13.0, 'memory_hits': 125.0}",99.56358637200901,411.51171875,0,0,747.2426763659784,0.9882154882154881,0.0,0.8482271866066973,0.12539505120895011,1.0,0.9704541088084095,1.0,0.8746049487910499,0.0,195.764723,0.0,280.34788389578,140.60179221509398,3.148492365874465,1.0,0.9958616751701235,143.75028458096844,12264.656912462979,145.51759106539157
c-main,main,default,,44136fa355b3,OD_JSH,main_00003,20264003,True,3,0.26269150094230154,9,0,,9999.0,561.01171875,"{'disk_hits': 13.0, 'memory_hits': 125.0}",466.0362275649968,408.45703125,0,0,723.7974563659784,0.9882154882154881,0.0,0.8463347624223738,0.1572719366476324,1.0,0.9670417122158158,1.0,0.8427280633523676,0.0,195.764723,0.0,280.11113589578,142.7001247978749,3.2662916267302493,1.0,0.9958616751701235,145.96641642460514,11762.283722608447,148.11087004955263
c-main,main,default,,44136fa355b3,CEN,main_00004,20264004,True,0,0.26269150094230154,10,0,,9999.0,0.0,"{'disk_hits': 11.0, 'memory_hits': 121.0}",2.311158107011579,407.3984375,0,0,910.0203000801484,0.9399765129936875,0.0,0.9704094008780053,0.07655077778641717,1.0,0.9957607264088839,1.0,0.9234492222135828,0.0,0.0,30.45338796341826,30.45338796341826,16.512173487547226,4.100312259201912,1.0,1.0,20.61248574674914,3280.0089476694334,19.94684792263088
c-main,main,default,,44136fa355b3,IJSH,main_00004,20264004,True,11,0.26269150094230154,10,0,,9999.0,0.0,"{'disk_hits': 11.0, 'memory_hits': 121.0}",2.324910928000463,407.8984375,0,0,796.0979760801484,0.950018105276109,0.0,0.9464483658829319,0.08914233675967065,1.0,0.9918717384259101,1.0,0.9108576632403294,0.0,0.0,48.416653999999994,66.45246593631987,14.09424710094286,4.945933954174618,1.0,1.0,19.04018105511748,1546.4065776840478,18.59094449868018
c-main,main,default,,44136fa355b3,JSH,main_00004,20264004,True,11,0.26269150094230154,10,0,,9999.0,0.0,"{'disk_hits': 11.0, 'memory_hits': 121.0}",1.0384793180128327,411.62109375,0,0,916.5862080801486,0.9467961476438149,0.0,0.9422720725320066,0.08757313328675109,1.0,0.994379933188956,1.0,0.9124268667132489,0.0,0.0,48.416653999999994,66.45246593631987,13.53542494866527,4.606200685912865,1.0,1.0,18.14162563457813,814.4685589164279,17.74006231648587
c-main,main,default,,44136fa355b3,OD_CEN,main_00004,20264004,True,0,0.26269150094230154,10,0,,9999.0,561.01953125,"{'disk_hits': 11.0, 'memory_hits': 121.0}",538.0607656939974,415.078125,0,0,910.4754610801482,0.9751286533381407,0.0,0.9681188760468793,0.18951442931872198,1.0,0.9905145344349103,1.0,0.810485570681278,0.0,0.0,30.45338796341826,30.45338796341826,16.523142867665094,6.091218138164382,1.0,1.0,22.614361005829476,6829.579408800688,23.492353858117983
c-main,main,default,,44136fa355b3,OD_IJSH,main_00004,20264004,True,1,0.26269150094230154,10,0,,9999.0,561.5625,"{'disk_hits': 11.0, 'memory_hits': 121.0}",42.30080967399408,413.03515625,0,0,795.4818450801486,0.9485827153455813,0.0,0.9483031540824953,0.2208183795204739,1.0,0.9861845851515386,1.0,0.7791816204795261,0.0,0.0,198.63111193349502,198.63111193349502,14.099747597270122,6.91903875604108,1.0,1.0,21.018786353311196,5360.301589020917,21.583900181080203
c-main,main,default,,44136fa355b3,OD_JSH,main_00004,20264004,True,1,0.26269150094230154,10,0,,9999.0,561.25390625,"{'disk_hits': 11.0, 'memory_hits': 121.0}",142.8086661099951,405.9375,0,0,918.5789980801485,0.9551142345349177,0.0,0.9524945081339071,0.19001600524378304,1.0,0.9893501479546661,1.0,0.809983994756217,0.0,0.0,133.0743498997381,133.0743498997381,13.551076517265004,6.591548503700144,1.0,1.0,20.142625020965145,4492.400093774604,20.92334329027897
c-main,main,default,,44136fa355b3,CEN,main_00005,20264005,True,0,0.26269150094230154,8,1,,9999.0,0.0,"{'disk_hits': 15.0, 'memory_hits': 129.0}",2.2700292489898857,407.89453125,0,0,1083.3086425426338,0.9394705151979683,0.0,0.9315786926453757,0.12169764173919151,1.0,0.9903404211404323,1.0,0.8783023582608085,0.0,0.0,274.894063,276.1602140720459,44.525387967409,2.014389891355002,1.0,0.9994480301074488,46.539777858764005,16982.042133003386,46.420149616319826
c-main,main,default,,44136fa355b3,IJSH,main_00005,20264005,True,9,0.26269150094230154,8,1,,9999.0,0.0,"{'disk_hits': 15.0, 'memory_hits': 129.0}",2.198399547007284,408.0546875,0,0,1288.676486542634,0.9395321089905406,0.0,0.9230813285742001,0.060771745339676664,1.0,0.9919886273525199,1.0,0.9392282546603233,0.0,0.0,272.20750723453364,272.20750723453364,50.46249316349667,1.997751277892782,1.0,0.9994480301074488,52.46024444138944,6407.177477663545,52.04137301412355
c-main,main,default,,44136fa355b3,JSH,main_00005,20264005,True,9,0.26269150094230154,8,1,,9999.0,0.0,"{'disk_hits': 15.0, 'memory_hits': 129.0}",1.0106686009967234,410.8046875,0,0,1355.051846542634,0.9491558093766044,0.0,0.9315551186659217,0.10288635768281917,1.0,0.9903166975264076,1.0,0.8971136423171808,0.0,0.0,274.890599,303.38844414230016,41.53407039049745,2.9727806014680747,1.0,0.9994480301074488,44.50685099196552,14023.28872367521,47.32161482417417
c-main,main,default,,44136fa355b3,OD_CEN,main_00005,20264005,True,0,0.26269150094230154,8,1,,9999.0,561.85546875,"{'disk_hits': 15.0, 'memory_hits': 129.0}",390.71019052799966,415.8203125,0,0,1083.0265415426338,0.966288324186309,0.0,0.9483004331326732,0.12136000514041456,1.0,0.9912414111495778,1.0,0.8786399948595854,0.0,0.0,15.940015,275.8785150720459,44.49271796026652,1.6304025857463986,1.0,0.9994480301074488,46.12312054601291,15722.734690743753,47.51034385960926
c-main,main,default,,44136fa355b3,OD_IJSH,main_00005,20264005,True,1,0.26269150094230154,8,1,,9999.0,564.015625,"{'disk_hits': 15.0, 'memory_hits': 129.0}",0.834860912989825,412.8984375,0,0,1288.4851835426339,0.9662229788714598,0.0,0.941073511668171,0.06052579946945369,1.0,0.9927487776426619,1.0,0.9394742005305463,0.0,0.0,15.940015,271.9840312345336,50.43898058216057,1.6143032585715789,1.0,0.9994480301074488,52.05328384073215,5131.183959145639,53.11159704386677
c-main,main,default,,44136fa355b3,OD_JSH,main_00005,20264005,True,1,0.26269150094230154,8,1,,9999.0,560.3515625,"{'disk_hits': 15.0, 'memory_hits': 129.0}",51.10356356200646,407.4375,0,0,1354.9123205426338,0.9685749694328238,0.0,0.9447967178627257,0.10089220670255983,1.0,0.9909663575864343,1.0,0.8991077932974402,0.0,0.0,15.940015,260.8336261858422,41.515477562154466,2.581908136506177,1.0,0.9994480301074488,44.097385698660645,12633.274652540562,49.14835645011085
c-main,main,default,,44136fa355b3,CEN,main_00006,20264006,True,0,0.26269150094230154,4,0,,9999.0,0.0,"{'disk_hits': 9.0, 'memory_hits': 75.0}",1.8603749769972637,389.64453125,0,0,963.8169472497098,0.7904855692852093,0.0,0.7159175534850859,0.07562345640009649,1.0,0.9879313821709904,1.0,0.9243765435999035,140.65335521873754,140.65335521873754,140.65335521873754,140.65335521873754,36.33789128066447,4.134892841177608,1.0,1.0,40.472784121842075,3981.0401271494193,41.76708165984641
c-main,main,default,,44136fa355b3,IJSH,main_00006,20264006,True,3,0.26269150094230154,4,0,,9999.0,0.0,"{'disk_hits': 9.0, 'memory_hits': 75.0}",1.6121181079943199,389.4453125,0,0,940.4527782497097,0.7990834615051288,0.0,0.7256036383344722,0.48490655281201045,1.0,0.9274328031284752,1.0,0.5150934471879896,879.3528648403584,879.3528648403584,879.3528648403584,879.3528648403584,206.04062704237182,24.729179183357612,1.0,1.0,230.76980622572938,152954.40844403213,240.3938460834436
c-main,main,default,,44136fa355b3,JSH,main_00006,20264006,True,3,0.26269150094230154,4,0,,9999.0,0.0,"{'disk_hits': 9.0, 'memory_hits': 75.0}",0.6191459320107242,410.1484375,0,0,912.2052922497095,0.7994728347052067,0.0,0.7250398211680271,0.4838532770763132,1.0,0.927331746190814,1.0,0.5161467229236868,851.1053788403582,851.1053788403582,851.1053788403582,851.1053788403582,199.0377496434796,23.98963602818575,1.0,1.0,223.02738567166534,143034.264241521,232.3114529214237
c-main,main,default,,44136fa355b3,OD_CEN,main_00006,20264006,True,0,0.26269150094230154,4,0,,9999.0,563.515625,"{'disk_hits': 9.0, 'memory_hits': 75.0}",288.7586260300013,414.16015625,0,0,963.6800342497097,0.7905502760859269,0.0,0.715372306741088,0.07560869273549797,1.0,0.987894995877218,1.0,0.924391307264502,140.63775221873757,140.63775221873757,140.63775221873757,140.63775221873757,36.33335320908078,4.235686528252401,1.0,1.0,40.56903973733317,3992.6258509597124,42.03528919669267
c-main,main,default,,44136fa355b3,OD_IJSH,main_00006,20264006,True,0,0.26269150094230154,4,0,,9999.0,564.015625,"{'disk_hits': 9.0, 'memory_hits': 75.0}",84.16585981400567,416.1484375,0,0,940.5176242497097,0.7990497589826084,0.0,0.7252518864565851,0.4848821606251974,1.0,0.9274193392510103,1.0,0.5151178393748026,879.4177108403584,879.4177108403584,879.4177108403584,879.4177108403584,206.05603165531917,24.829388703708855,1.0,1.0,230.88542035902802,152926.65053255422,240.61350518059263
c-main,main,default,,44136fa355b3,OD_JSH,main_00006,20264006,True,0,0.26269150094230154,4,0,,9999.0,563.5859375,"{'disk_hits': 9.0, 'memory_hits': 75.0}",52.51284102200589,389.6796875,0,0,912.2182482497096,0.7994847698890211,0.0,0.7247254516992088,0.4838010630359735,1.0,0.9273223860815659,1.0,0.5161989369640265,851.1183348403583,851.1183348403583,851.1183348403583,851.1183348403583,199.04076531555293,24.090760775562664,1.0,1.0,223.13152609111557,143005.0697775538,232.4909232297641
c-main,main,default,,44136fa355b3,CEN,main_00007,20264007,True,0,0.26269150094230154,10,0,,9999.0,0.0,"{'disk_hits': 11.0, 'memory_hits': 121.0}",2.5700530850008363,406.23828125,0,0,711.1654618657458,0.8876418716044259,0.0,0.9087653214336444,0.21401422542667703,1.0,0.9745316511037175,1.0,0.785985774573323,76.592165,111.24075472598714,111.24075472598714,181.64052154457957,77.24420405287808,5.211877402717377,1.0,1.0,82.45608145559545,9574.255159322953,85.33712589920968
c-main,main,default,,44136fa355b3,IJSH,main_00007,20264007,True,11,0.26269150094230154,10,0,,9999.0,0.0,"{'disk_hits': 11.0, 'memory_hits': 121.0}",2.4965566159953596,406.47265625,0,0,681.9305549999999,0.8688332316052194,0.0,0.9084712584188248,0.12399454828551437,1.0,0.9875749057463936,1.0,0.8760054517144856,76.592165,76.592165,82.61352899717514,82.61352899717514,21.470380309824616,4.966588536655495,1.0,1.0,26.43696884648011,4580.227820356097,26.60249159169882
c-main,main,default,,44136fa355b3,JSH,main_00007,20264007,True,11,0.26269150094230154,10,0,,9999.0,0.0,"{'disk_hits': 11.0, 'memory_hits': 121.0}",1.319500361001701,412.14453125,0,0,693.8329168657457,0.9025521678727744,0.0,0.9292435743480851,0.13317352654013637,1.0,0.9861548614597947,1.0,0.8668264734598636,30.435079963418254,30.435079963418254,30.435079963418254,76.37203269816385,26.11870677494909,4.865317392606856,1.0,1.0,30.984024167555948,4412.74769100225,31.679987632827512
c-main,main,default,,44136fa355b3,OD_CEN,main_00007,20264007,True,0,0.26269150094230154,10,0,,9999.0,562.296875,"{'disk_hits': 10.0, 'memory_hits': 122.0}",637.4811810999963,413.8984375,0,0,717.9873968657457,0.8913007751338997,0.0,0.9037769630992936,0.3213059212816771,1.0,0.9658046712634463,1.0,0.6786940787183229,111.27086572598715,111.27086572598715,111.27086572598715,220.45680055369309,78.05965697528019,14.359486009531894,1.0,1.0,92.41914298481207,13847.665324017453,94.66322965502843
c-main,main,default,,44136fa355b3,OD_IJSH,main_00007,20264007,True,1,0.26269150094230154,10,0,,9999.0,566.84765625,"{'disk_hits': 10.0, 'memory_hits': 122.0}",299.9292060709995,412.43359375,0,0,669.3189618657457,0.8928384899320843,0.0,0.9138643733393643,0.30333365824327063,1.0,0.9776833683515533,1.0,0.6966663417567294,82.61352899717514,82.61352899717514,82.61352899717514,99.52863015010105,21.84499471770484,14.096094452246414,1.0,1.0,35.94108916995125,7233.39605928581,35.67501537511888
c-main,main,default,,44136fa355b3,OD_JSH,main_00007,20264007,True,1,0.26269150094230154,10,0,,9999.0,560.296875,"{'disk_hits': 11.0, 'memory_hits': 121.0}",290.60589196399087,409.515625,0,0,703.9504908657457,0.934091998048568,0.0,0.9337167538956741,0.2914821329470908,1.0,0.977267838269277,1.0,0.7085178670529092,30.435079963418254,30.435079963418254,30.435079963418254,120.20369941860093,26.50429962791554,14.038264996806518,1.0,1.0,40.542564624722054,7807.830391764428,40.712789390643046
c-main,main,default,,44136fa355b3,CEN,main_00008,20264008,True,0,0.26269150094230154,11,1,,9999.0,0.0,"{'disk_hits': 9.0, 'memory_hits': 117.0}",2.4055261189932935,405.51171875,0,0,1186.30982197183,0.9882154882154879,0.0,0.9900615330191598,0.10593770064831631,1.0,0.9980486732562829,1.0,0.8940622993516837,0.0,0.0,0.0,0.0,13.796971795990345,0.3491484300016088,1.0,0.997072769757625,14.146120225991954,2654.2502313271407,15.887003920193191
c-main,main,default,,44136fa355b3,IJSH,main_00008,20264008,True,11,0.26269150094230154,11,1,,9999.0,0.0,"{'disk_hits': 9.0, 'memory_hits': 117.0}",2.2990403120056726,405.375,0,0,1024.4610059718298,0.9882154882154885,0.0,0.9843103312269499,0.0834217315532707,1.0,0.9964306935158365,1.0,0.9165782684467293,0.0,0.0,0.0,0.0,13.301859861539178,0.6656932662806861,1.0,0.997072769757625,13.967553127819864,1114.937000886881,13.953183020614688
c-main,main,default,,44136fa355b3,JSH,main_00008,20264008,True,11,0.26269150094230154,11,1,,9999.0,0.0,"{'disk_hits': 9.0, 'memory_hits': 117.0}",1.1104037259938195,411.453125,0,0,1024.4610059718298,0.9882154882154885,0.0,0.9843103312269499,0.0834217315532707,1.0,0.9964306935158365,1.0,0.9165782684467293,0.0,0.0,0.0,0.0,13.301859861539178,0.6656932662806861,1.0,0.997072769757625,13.967553127819864,1114.937000886881,13.953183020614688
c-main,main,default,,44136fa355b3,OD_CEN,main_00008,20264008,True,0,0.26269150094230154,11,1,,9999.0,560.26171875,"{'disk_hits': 9.0, 'memory_hits': 117.0}",536.9456688380014,413.22265625,0,0,1186.26025397183,0.9882154882154879,0.0,0.9900612665638124,0.10587597496707946,1.0,0.9980063617404513,1.0,0.8941240250329205,0.0,0.0,0.0,0.0,13.798036212864668,0.3227089765306602,1.0,0.997072769757625,14.120745189395326,2653.8029747336686,14.036668832220915
c-main,main,default,,44136fa355b3,OD_IJSH,main_00008,20264008,True,0,0.26269150094230154,11,1,,9999.0,563.5859375,"{'disk_hits': 8.0, 'memory_hits': 118.0}",75.16063170500274,412.9296875,0,0,1024.52868097183,0.9882154882154883,0.0,0.984310811513639,0.08375743384857948,1.0,0.9964074198652195,1.0,0.9162425661514205,0.0,0.0,0.0,0.0,13.30462419777454,0.6442268599627914,1.0,0.997072769757625,13.948851057737333,1115.397976286966,13.408570566612601
c-main,main,default,,44136fa355b3,OD_JSH,main_00008,20264008,True,0,0.26269150094230154,11,1,,9999.0,560.57421875,"{'disk_hits': 9.0, 'memory_hits': 117.0}",509.3232856740069,407.00390625,0,0,1024.52868097183,0.9882154882154883,0.0,0.984310811513639,0.08375743384857948,1.0,0.9964074198652195,1.0,0.9162425661514205,0.0,0.0,0.0,0.0,13.30462419777454,0.6442268599627914,1.0,0.997072769757625,13.948851057737333,1115.397976286966,13.408570566612601
c-main,main,default,,44136fa355b3,CEN,main_00009,20264009,True,0,0.26269150094230154,9,0,,9999.0,0.0,"{'disk_hits': 12.0, 'memory_hits': 120.0}",2.5006474219990196,406.953125,0,0,749.9943882968437,0.9945113411989572,0.0,0.9210978256156022,0.14572261234889117,1.0,0.984287683954655,1.0,0.8542773876511088,0.0,21.332665772402354,0.0,365.2346893778079,78.9304727675898,0.931004944343872,1.0,0.9323682984900665,79.86147771193367,11506.11833366875,84.11077231670072
c-main,main,default,,44136fa355b3,IJSH,main_00009,20264009,True,9,0.26269150094230154,9,0,,9999.0,0.0,"{'disk_hits': 12.0, 'memory_hits': 120.0}",2.337186273012776,405.21875,0,0,793.2342432968438,0.9899832615473432,0.0,0.9128710223967171,0.13716001130475253,1.0,0.9847854807973278,1.0,0.8628399886952475,0.0,125.98937010847543,0.0,372.65659967104995,81.4588836151892,1.1754125521597016,1.0,0.9323682984900665,82.63429616734891,11383.126165372258,93.84186814059375
c-main,main,default,,44136fa355b3,JSH,main_00009,20264009,True,9,0.26269150094230154,9,0,,9999.0,0.0,"{'disk_hits': 12.0, 'memory_hits': 120.0}",1.2778299680066993,409.89453125,0,0,795.2446522968438,0.9899832615473432,0.0,0.911247577240083,0.13679612654894513,1.0,0.986318901511675,1.0,0.8632038734510549,0.0,125.98937010847543,0.0,289.07620009299694,67.55523123655121,1.2826036084753472,1.0,0.9323682984900665,68.83783484502656,9743.693844562562,79.49348315797212
c-main,main,default,,44136fa355b3,OD_CEN,main_00009,20264009,True,0,0.26269150094230154,9,0,,9999.0,561.84765625,"{'disk_hits': 12.0, 'memory_hits': 120.0}",486.2642418809992,412.57421875,0,0,749.8629032968438,0.9934096949175046,0.0,0.9224137179009237,0.1449726697004311,1.0,0.9844760561543793,1.0,0.8550273302995689,0.0,21.332665772402354,0.0,365.143966377808,78.9115418736963,0.8737261330050909,1.0,0.9323682984900665,79.78526800670137,11247.319465274877,84.3048812263315
c-main,main,default,,44136fa355b3,OD_IJSH,main_00009,20264009,True,0,0.26269150094230154,9,0,,9999.0,561.01171875,"{'disk_hits': 12.0, 'memory_hits': 120.0}",256.54457408899907,410.70703125,0,0,793.2401192968438,0.9885094488188915,0.0,0.9133989234986029,0.13692698691476157,1.0,0.9850149270707501,1.0,0.8630730130852384,0.0,125.97169110847544,0.0,372.64003867105,81.45552319200837,1.1358074608011952,1.0,0.9323682984900665,82.59133065280956,11235.047087679226,93.82821872905603
c-main,main,default,,44136fa355b3,OD_JSH,main_00009,20264009,True,0,0.26269150094230154,9,0,,9999.0,562.80859375,"{'disk_hits': 12.0, 'memory_hits': 120.0}",383.4571269899898,407.76953125,0,0,795.2396752968438,0.9885094488188915,0.0,0.9119592017991032,0.13673063142104191,1.0,0.9865433158114724,1.0,0.8632693685789581,0.0,125.97169110847544,0.0,289.03678809299697,67.5476561394117,1.2363813723511428,1.0,0.9323682984900665,68.78403751176286,9571.87971106169,79.473493384065
c-main,main,default,,44136fa355b3,CEN,main_00010,20264010,True,0,0.26269150094230154,12,0,,9999.0,0.0,"{'disk_hits': 12.0, 'memory_hits': 138.0}",2.5945162209973205,407.14453125,0,0,1126.0334585701476,0.9205659239280679,0.0,0.8731925775049472,0.11458381317711552,1.0,0.9850229257283926,1.0,0.8854161868228845,47.471942,130.9707351891195,94.12072186619311,130.9707351891195,58.46205314128219,3.366424028337919,1.0,1.0,61.82847716962011,10302.300143086968,66.56821243731191
c-main,main,default,,44136fa355b3,IJSH,main_00010,20264010,True,14,0.26269150094230154,12,0,,9999.0,0.0,"{'disk_hits': 12.0, 'memory_hits': 138.0}",2.387172640999779,407.171875,0,0,1105.7271385701476,0.9266735244674769,0.0,0.8877549344534454,0.14181734031477367,1.0,0.9866240773004281,1.0,0.8581826596852263,47.471942,218.6526685730887,152.8441281095183,298.75189588432346,11.07265743861592,4.700905853273387,1.0,1.0,15.773563291889301,29071.268107670607,60.905560552608776
c-main,main,default,,44136fa355b3,JSH,main_00010,20264010,True,14,0.26269150094230154,12,0,,9999.0,0.0,"{'disk_hits': 12.0, 'memory_hits': 138.0}",1.293928783008596,411.23828125,0,0,1145.2072605701476,0.9273039720507137,0.0,0.8872630061128752,0.1417418095799461,1.0,0.9845984702229809,1.0,0.8582581904200539,47.471942,276.8035538157235,145.16220838550782,276.8035538157235,17.351761125738825,4.853428542820118,1.0,1.0,22.20518966855894,32324.337095263774,72.74144057280964
c-main,main,default,,44136fa355b3,OD_CEN,main_00010,20264010,True,0,0.26269150094230154,12,0,,9999.0,564.05078125,"{'disk_hits': 12.0, 'memory_hits': 138.0}",632.706340662,413.125,0,0,1126.2480175701476,0.92166102287557,0.0,0.8679568729319898,0.11427964914209521,1.0,0.984654560508196,1.0,0.8857203508579048,37.063636,130.9905031891195,130.9905031891195,262.71819400000004,58.4848764691933,4.015946808211452,1.0,1.0,62.500823277404756,11920.462211637661,67.22706627503875
c-main,main,default,,44136fa355b3,OD_IJSH,main_00010,20264010,True,2,0.26269150094230154,12,0,,9999.0,563.0,"{'disk_hits': 12.0, 'memory_hits': 138.0}",134.9086515359959,414.28515625,0,0,1105.8877125701476,0.9289961202499932,0.0,0.8734932890183504,0.14500794671371664,1.0,0.9863106808694321,1.0,0.8549920532862834,37.063636,218.68117857308872,176.09204965000242,298.9740788843235,11.0741011962688,5.347877987659736,1.0,1.0,16.42197918392853,29958.59491101442,61.581392341056066
c-main,main,default,,44136fa355b3,OD_JSH,main_00010,20264010,True,2,0.26269150094230154,12,0,,9999.0,564.015625,"{'disk_hits': 12.0, 'memory_hits': 138.0}",291.63703075000376,406.1484375,0,0,1146.1042065701477,0.9294918356570243,0.0,0.8702214575273286,0.144847334620261,1.0,0.9842606031123249,1.0,0.855152665379739,37.063636,277.75231281572354,176.09204965000242,277.75231281572354,17.399666298388077,5.509941629788525,1.0,1.0,22.909607928176595,33740.84818458356,73.57950038745709
c-main,main,default,,44136fa355b3,CEN,main_00011,20264011,True,0,0.26269150094230154,10,0,,9999.0,0.0,"{'disk_hits': 13.0, 'memory_hits': 131.0}",2.271969455992803,409.43359375,0,0,1135.980485028287,0.9916139769791426,0.0,0.9866479167407929,0.18748085778589063,1.0,0.9865465574355676,1.0,0.8125191422141094,0.0,0.0,0.0,17.051169,71.55513583540808,1.3665210532023622,1.0,1.0,72.92165688861046,4414.05654966763,74.71629282425965
c-main,main,default,,44136fa355b3,IJSH,main_00011,20264011,True,11,0.26269150094230154,10,0,,9999.0,0.0,"{'disk_hits': 13.0, 'memory_hits': 131.0}",2.2235935909993714,408.328125,0,0,1046.574503028287,0.9916099714399673,0.0,0.9712625346942638,0.05863990072983227,1.0,0.9942330224030428,1.0,0.9413600992701677,0.0,0.0,0.0,17.051169,27.309956859954127,0.8841522968011971,1.0,1.0,28.194109156755328,323.6822659294417,29.060924597287954
c-main,main,default,,44136fa355b3,JSH,main_00011,20264011,True,11,0.26269150094230154,10,0,,9999.0,0.0,"{'disk_hits': 13.0, 'memory_hits': 131.0}",1.0506515520100947,411.90625,0,0,1066.0302170282866,0.991613338857219,0.0,0.9744253074185649,0.06901698552529123,1.0,0.9897702037455469,1.0,0.9309830144747088,0.0,0.0,0.0,17.051169,49.30083812945947,1.0937587627055436,1.0,1.0,50.39459689216502,496.0824113330284,52.078583178528994
c-main,main,default,,44136fa355b3,OD_CEN,main_00011,20264011,True,0,0.26269150094230154,10,0,,9999.0,561.05078125,"{'disk_hits': 13.0, 'memory_hits': 131.0}",477.560569423993,413.9453125,0,0,1135.8832020282869,0.979965987389934,0.0,0.956840434365912,0.1874012804501427,1.0,0.9856101891461493,1.0,0.8125987195498573,0.0,0.0,0.0,198.86038399999995,71.5420860470181,1.1495833363206125,1.0,1.0,72.6916693833387,5678.916787355414,74.48591723240658
c-main,main,default,,44136fa355b3,OD_IJSH,main_00011,20264011,True,1,0.26269150094230154,10,0,,9999.0,567.0546875,"{'disk_hits': 13.0, 'memory_hits': 131.0}",134.2426611789997,414.6875,0,0,1046.7496390282865,0.979966143203786,0.0,0.9484487538678581,0.06375649169105124,1.0,0.9932609853039279,1.0,0.9362435083089488,0.0,0.0,0.0,91.06253297116668,27.332608629072283,0.6780062929623041,1.0,1.0,28.01061492203459,1888.834565823215,28.830536950522873
c-main,main,default,,44136fa355b3,OD_JSH,main_00011,20264011,True,1,0.26269150094230154,10,0,,9999.0,561.25,"{'disk_hits': 13.0, 'memory_hits': 131.0}",409.44538612999895,409.76171875,0,0,1066.0997560282865,0.979966143203786,0.0,0.9498709779199646,0.0745658117309893,1.0,0.9888115475847388,1.0,0.9254341882690107,0.0,0.0,0.0,91.06253297116668,49.31852569970074,0.8772992850900526,1.0,1.0,50.1958249847908,2055.9598762966925,51.80103651795169
c-main,main,default,,44136fa355b3,CEN,main_00012,20264012,True,0,0.26269150094230154,13,0,,9999.0,0.0,"{'disk_hits': 15.0, 'memory_hits': 159.0}",2.73176387300191,406.12109375,0,0,1066.1331091789011,0.9983164983164983,0.0,0.9296660735448259,0.10954216149643325,1.0,0.9798183302022899,1.0,0.8904578385035667,0.0,96.77372926591121,0.0,96.77372926591121,102.83099655088697,1.8673673890470546,1.0,0.9929365270023499,104.69836393993401,11987.491765465456,107.14019666289988
c-main,main,default,,44136fa355b3,IJSH,main_00012,20264012,True,13,0.26269150094230154,13,0,,9999.0,0.0,"{'disk_hits': 15.0, 'memory_hits': 159.0}",2.7237651820032625,406.73828125,0,0,1037.6465681789014,0.9983164983164983,0.0,0.9022810226710447,0.1372882199476121,1.0,0.9846284868918058,1.0,0.8627117800523879,0.0,215.04714743087632,0.0,215.04714743087632,70.21490483548665,3.064903463832133,1.0,0.9929365270023499,73.2798082993188,10473.652735574982,75.26123913796091
c-main,main,default,,44136fa355b3,JSH,main_00012,20264012,True,13,0.26269150094230154,13,0,,9999.0,0.0,"{'disk_hits': 15.0, 'memory_hits': 159.0}",1.591218747998937,411.63671875,0,0,998.2798581789013,0.9983164983164983,0.0,0.8969667053615367,0.1378063556667659,1.0,0.9809078619237589,1.0,0.8621936443332341,0.0,235.05749205493152,0.0,389.92001033541055,76.50991553725216,3.695335169128634,1.0,0.9929365270023499,80.20525070638078,16207.435550951766,83.08544447874318
c-main,main,default,,44136fa355b3,OD_CEN,main_00012,20264012,True,0,0.26269150094230154,13,0,,9999.0,561.51171875,"{'disk_hits': 15.0, 'memory_hits': 159.0}",810.7241547570011,412.71875,0,0,1066.6339851789014,0.9983164983164983,0.0,0.9305163179049962,0.11243532776910925,1.0,0.9795215759950531,1.0,0.8875646722308907,0.0,96.78268526591123,0.0,96.78268526591123,102.88030342992195,2.0168495262284334,1.0,0.9929365270023499,104.89715295615039,13153.544404256581,108.92707016186398
c-main,main,default,,44136fa355b3,OD_IJSH,main_00012,20264012,True,0,0.26269150094230154,13,0,,9999.0,561.25,"{'disk_hits': 15.0, 'memory_hits': 159.0}",297.56161399600387,412.76171875,0,0,1038.5429651789013,0.9983164983164983,0.0,0.8992569083852429,0.13730750644979195,1.0,0.9842469121427109,1.0,0.862692493550208,0.0,215.04549043087633,0.0,215.04549043087633,70.29636199946722,3.2029649110370193,1.0,0.9929365270023499,73.49932691050425,10596.581083409532,77.36374561665221
c-main,main,default,,44136fa355b3,OD_JSH,main_00012,20264012,True,0,0.26269150094230154,13,0,,9999.0,562.1015625,"{'disk_hits': 15.0, 'memory_hits': 159.0}",759.1131352560042,409.26953125,0,0,998.5331491789013,0.9983164983164983,0.0,0.8947647486761683,0.13778361626257318,1.0,0.9805221825978218,1.0,0.8622163837374268,0.0,235.0712740549315,0.0,389.8926993354106,76.50452462409169,3.835905853963064,1.0,0.9929365270023499,80.34043047805476,16399.967475141293,85.17484043709165
c-main,main,default,,44136fa355b3,CEN,main_00013,20264013,True,0,0.26269150094230154,5,0,,9999.0,0.0,"{'disk_hits': 12.0, 'memory_hits': 96.0}",0.9157314059993951,408.88671875,0,0,727.3279417505433,0.9895972513812241,0.0,0.9461362063275507,0.11849095438418744,1.0,0.9796986018061195,1.0,0.8815090456158126,0.0,0.0,0.0,212.46506700000003,72.88036490975908,1.3731195524415671,1.0,1.0,74.25348446220066,5270.598724856464,74.73289194250637
c-main,main,default,,44136fa355b3,IJSH,main_00013,20264013,True,6,0.26269150094230154,5,0,,9999.0,0.0,"{'disk_hits': 12.0, 'memory_hits': 96.0}",0.8915081239974825,408.52734375,0,0,767.9063137505433,0.9843368654828404,0.0,0.9528043742158665,0.09568686876394594,1.0,0.9907388925974723,1.0,0.9043131312360541,0.0,0.0,0.0,55.35559529112981,36.46704411411797,1.627524029957702,1.0,1.0,38.094568144075666,2626.983947342479,37.822915201507506
c-main,main,default,,44136fa355b3,JSH,main_00013,20264013,True,6,0.26269150094230154,5,0,,9999.0,0.0,"{'disk_hits': 12.0, 'memory_hits': 96.0}",0.8328306520124897,412.64453125,0,0,740.1879927505435,0.9834725207909873,0.0,0.95017388356751,0.09874743552884646,1.0,0.990729985318623,1.0,0.9012525644711535,0.0,0.0,0.0,55.35559529112981,35.30434568692989,1.4845425732130222,1.0,1.0,36.78888826014292,2022.0520422867785,36.5381547761586
c-main,main,default,,44136fa355b3,OD_CEN,main_00013,20264013,True,0,0.26269150094230154,5,0,,9999.0,565.7578125,"{'disk_hits': 12.0, 'memory_hits': 96.0}",391.2467431519908,414.48828125,0,0,727.3591887505432,0.9879106734197376,0.0,0.9471876020735743,0.11491279547929467,1.0,0.9798796134564859,1.0,0.8850872045207053,0.0,0.0,0.0,137.82693399999997,72.88315414430318,1.2546085240072444,1.0,1.0,74.13776266831042,5152.244092772936,74.64747962665848
c-main,main,default,,44136fa355b3,OD_IJSH,main_00013,20264013,True,1,0.26269150094230154,5,0,,9999.0,563.5859375,"{'disk_hits': 12.0, 'memory_hits': 96.0}",94.42850439899485,413.6796875,0,0,767.9623367505434,0.9854737979884718,0.0,0.9532625762948939,0.07605508909276881,1.0,0.9909060535796711,1.0,0.9239449109072312,0.0,0.0,0.0,55.35559529112981,36.46959205889829,1.506515767480765,1.0,1.0,37.97610782637907,2504.5045549860083,37.619195857424835
c-main,main,default,,44136fa355b3,OD_JSH,main_00013,20264013,True,1,0.26269150094230154,5,0,,9999.0,560.265625,"{'disk_hits': 12.0, 'memory_hits': 96.0}",425.1428484450007,410.28515625,0,0,740.1995797505434,0.984795885310801,0.0,0.9505852107640407,0.0738354007232026,1.0,0.9909090907879243,1.0,0.9261645992767974,0.0,0.0,0.0,55.35559529112981,35.30609405588916,1.3681813349654521,1.0,1.0,36.67427539085462,1898.360781754687,36.368622416760225
c-main,main,default,,44136fa355b3,CEN,main_00014,20264014,True,0,0.26269150094230154,4,0,,9999.0,0.0,"{'disk_hits': 11.0, 'memory_hits': 85.0}",0.7524202100030379,409.64453125,0,0,605.4377889141286,0.9809399695590117,0.0,0.972272298431273,0.17985362244273495,1.0,0.993883599711264,1.0,0.820146377557265,0.0,0.0,0.0,0.0,8.374484203427022,1.6125302986481167,1.0,1.0,9.987014502075137,3740.396089353387,16.987294014549807
c-main,main,default,,44136fa355b3,IJSH,main_00014,20264014,True,5,0.26269150094230154,4,0,,9999.0,0.0,"{'disk_hits': 11.0, 'memory_hits': 85.0}",0.8485967980086571,406.4453125,0,0,588.0647139141287,0.9757961705546523,0.0,0.9700760057267761,0.15694469279164636,1.0,0.9935843261182788,1.0,0.8430553072083536,0.0,0.0,0.0,0.0,11.819838624962694,1.5869300775831454,1.0,1.0,13.40676870254584,2955.292696353621,15.546720187771719
c-main,main,default,,44136fa355b3,JSH,main_00014,20264014,True,5,0.26269150094230154,4,0,,9999.0,0.0,"{'disk_hits': 11.0, 'memory_hits': 85.0}",0.7288843670103233,409.51171875,0,0,607.7152529141288,0.9750548665380228,0.0,0.9672104625883318,0.23866946156771796,1.0,0.991790532057078,1.0,0.761330538432282,0.0,0.0,0.0,0.0,14.74643226860485,2.1996185563799586,1.0,1.0,16.94605082498481,4661.306547952495,18.919796562048834
c-main,main,default,,44136fa355b3,OD_CEN,main_00014,20264014,True,0,0.26269150094230154,4,0,,9999.0,563.515625,"{'disk_hits': 11.0, 'memory_hits': 85.0}",96.77139194800111,414.66015625,0,0,605.4126729141286,0.9810596851977109,0.0,0.9722726144779243,0.17987785618145835,1.0,0.9938994000970162,1.0,0.8201221438185416,0.0,0.0,0.0,0.0,8.374484203427022,1.5867824437082811,1.0,1.0,9.961266647135302,3739.8872012040492,16.959454528276865
c-main,main,default,,44136fa355b3,OD_IJSH,main_00014,20264014,True,1,0.26269150094230154,4,0,,9999.0,560.57421875,"{'disk_hits': 11.0, 'memory_hits': 85.0}",0.9848277819983196,407.75390625,0,0,588.0613509141286,0.975895476615833,0.0,0.9700759781877359,0.1569137852500806,1.0,0.9935938300714925,1.0,0.8430862147499194,0.0,0.0,0.0,0.0,11.819720567545646,1.5632601554979555,1.0,1.0,13.382980723043602,2955.2391432114755,15.522346013025567
c-main,main,default,,44136fa355b3,OD_JSH,main_00014,20264014,True,1,0.26269150094230154,4,0,,9999.0,560.3515625,"{'disk_hits': 11.0, 'memory_hits': 85.0}",0.6908287580008619,411.6875,0,0,607.7152529141288,0.9751141833800785,0.0,0.9672104625883318,0.23865447952847907,1.0,0.9918008120131776,1.0,0.7613455204715209,0.0,0.0,0.0,0.0,14.74643226860485,2.1747457996459065,1.0,1.0,16.921178068250757,4661.306547952495,18.894923805314782
c-main,main,default,,44136fa355b3,CEN,main_00015,20264015,True,0,0.26269150094230154,8,0,,9999.0,0.0,"{'disk_hits': 15.0, 'memory_hits': 129.0}",1.048900956986472,411.14453125,0,0,2146.8998082158764,0.4332816120732592,0.0,0.45043136048523547,0.1306750090665726,1.0,0.9720834012915748,1.0,0.8693249909334274,326.3265725045395,326.3265725045395,326.3265725045395,326.3265725045395,87.72829214328132,35.593293912915236,1.0,0.7968916773684499,123.32158605619657,36343.36080125243,192.78043915190503
c-main,main,default,,44136fa355b3,IJSH,main_00015,20264015,True,8,0.26269150094230154,8,0,,9999.0,0.0,"{'disk_hits': 15.0, 'memory_hits': 129.0}",1.0579931090032915,409.41015625,0,0,2292.379836215876,0.4718128874969929,0.0,0.4559508141629549,0.5577600967271872,1.0,0.851793344650471,1.0,0.4422399032728129,2239.220956337991,2239.220956337991,2239.220956337991,2239.220956337991,427.54366534066344,176.32481086434765,1.0,0.7968916773684499,603.868476205011,1214288.4659156913,1082.3907098402
c-main,main,default,,44136fa355b3,JSH,main_00015,20264015,True,8,0.26269150094230154,8,0,,9999.0,0.0,"{'disk_hits': 15.0, 'memory_hits': 129.0}",1.0813324490009109,411.6484375,0,0,2355.120925215876,0.4715273863879794,0.0,0.4558545990570806,0.5581728338942121,1.0,0.8516308437590983,1.0,0.44182716610578787,2301.962045337991,2301.962045337991,2301.962045337991,2301.962045337991,439.36011927615687,181.0484934940646,1.0,0.7968916773684499,620.4086127702213,1283049.4502816454,1112.4235505899342
c-main,main,default,,44136fa355b3,OD_CEN,main_00015,20264015,True,0,0.26269150094230154,8,0,,9999.0,567.09375,"{'disk_hits': 8.0, 'memory_hits': 136.0}",379.5147690199956,415.41015625,0,0,2148.4987762158767,0.4178284569436306,0.0,0.4385348878080646,0.13175552790338174,1.0,0.9707332912965999,1.0,0.8682444720966183,327.8651275045395,327.8651275045395,327.8651275045395,327.8651275045395,88.07301401247203,219.44392779571967,1.0,0.7968916773684499,307.51694180819175,36303.47242183766,375.5778606218425
c-main,main,default,,44136fa355b3,OD_IJSH,main_00015,20264015,True,0,0.26269150094230154,8,0,,9999.0,565.49609375,"{'disk_hits': 15.0, 'memory_hits': 129.0}",92.99737855199783,411.50390625,0,0,2293.834782215876,0.46860475846309635,0.0,0.45061958310956585,0.5577416246353395,1.0,0.8504894745523557,1.0,0.4422583753646605,2240.6759023379914,2240.6759023379914,2240.6759023379914,2240.6759023379914,427.8477549189744,358.09538034649376,1.0,0.7968916773684499,785.943135265468,1206409.6364504797,1262.4063151080527
c-main,main,default,,44136fa355b3,OD_JSH,main_00015,20264015,True,0,0.26269150094230154,8,0,,9999.0,567.0546875,"{'disk_hits': 15.0, 'memory_hits': 129.0}",417.8067219240038,412.9375,0,0,2357.1961752158763,0.4683310553767084,0.0,0.4504606816076826,0.5581516049905181,1.0,0.8503604871149758,1.0,0.4418483950094819,2304.0372953379915,2304.0372953379915,2304.0372953379915,2304.0372953379915,439.79079621238753,362.85483551882686,1.0,0.7968916773684499,802.6456317312143,1275079.8546592023,1292.577354738184
c-main,main,default,,44136fa355b3,CEN,main_00016,20264016,True,0,0.26269150094230154,4,0,,9999.0,0.0,"{'disk_hits': 15.0, 'memory_hits': 105.0}",0.6898799229966244,410.43359375,0,0,1603.5269192928506,0.9788667563689906,0.0,0.9183307277825552,0.058274448964817815,1.0,0.9970401879138823,1.0,0.9417255510351822,0.0,21.358268772402354,0.0,21.358268772402354,24.523008406150154,2.6506446543343403,1.0,0.9178758464314007,27.173653060484497,835.2506561721245,29.795012261508376
c-main,main,default,,44136fa355b3,IJSH,main_00016,20264016,True,4,0.26269150094230154,4,0,,9999.0,0.0,"{'disk_hits': 15.0, 'memory_hits': 105.0}",0.5669603429996641,411.3046875,0,0,1599.5265282928503,0.9759086748556749,0.0,0.9608801355312,0.1746225996096742,1.0,0.9844340142992651,1.0,0.8253774003903258,0.0,21.358268772402354,0.0,21.358268772402354,163.197707774479,3.5677354627504507,1.0,0.9178758464314007,166.76544323722948,17413.95237633858,176.45826968771595
c-main,main,default,,44136fa355b3,JSH,main_00016,20264016,True,4,0.26269150094230154,4,0,,9999.0,0.0,"{'disk_hits': 6.0, 'memory_hits': 114.0}",0.6615447829972254,413.68359375,0,0,1599.5265282928503,0.9759086748556749,0.0,0.9608801355312,0.1746225996096742,1.0,0.9844340142992651,1.0,0.8253774003903258,0.0,21.358268772402354,0.0,21.358268772402354,163.197707774479,3.5677354627504507,1.0,0.9178758464314007,166.76544323722948,17413.95237633858,176.45826968771595
c-main,main,default,,44136fa355b3,OD_CEN,main_00016,20264016,True,0,0.26269150094230154,4,0,,9999.0,561.85546875,"{'disk_hits': 14.0, 'memory_hits': 106.0}",98.66650183900492,416.3203125,0,0,1603.3860032928505,0.9788667563689906,0.0,0.9183307277825552,0.0582706075917071,1.0,0.9970667508840625,1.0,0.9417293924082929,0.0,21.358268772402354,0.0,21.358268772402354,24.52185558523709,2.638929125847424,1.0,0.9178758464314007,27.160784711084517,835.2506561721245,29.795252624682725
c-main,main,default,,44136fa355b3,OD_IJSH,main_00016,20264016,True,1,0.26269150094230154,4,0,,9999.0,564.015625,"{'disk_hits': 14.0, 'memory_hits': 106.0}",0.5410522099991795,416.6484375,0,0,1599.6921382928504,0.9788666528011223,0.0,0.957877824359683,0.1745975425144104,1.0,0.9840431131142342,1.0,0.8254024574855896,0.0,21.358268772402354,0.0,21.358268772402354,163.23249127312113,5.20241922449568,1.0,0.9178758464314007,168.4349104976168,17644.43142199249,178.06471269468952
c-main,main,default,,44136fa355b3,OD_JSH,main_00016,20264016,True,1,0.26269150094230154,4,0,,9999.0,563.5859375,"{'disk_hits': 15.0, 'memory_hits': 105.0}",49.86772939200455,400.6796875,0,0,1599.6921382928504,0.9788666528011223,0.0,0.957877824359683,0.1745975425144104,1.0,0.9840431131142342,1.0,0.8254024574855896,0.0,21.358268772402354,0.0,21.358268772402354,163.23249127312113,5.20241922449568,1.0,0.9178758464314007,168.4349104976168,17644.43142199249,178.06471269468952
c-main,main,default,,44136fa355b3,CEN,main_00017,20264017,True,0,0.26269150094230154,5,0,,9999.0,0.0,"{'disk_hits': 11.0, 'memory_hits': 91.0}",0.9461551689892076,409.8984375,0,0,566.423060954702,0.9847337234892082,0.0,0.9520183278115872,0.19456169264823742,1.0,0.9715336330178832,1.0,0.8054383073517626,0.0,0.0,0.0,171.48417896754106,47.819041352473704,2.300995177000398,1.0,0.9937776633661647,50.12003652947409,5910.90127485762,80.81104149024921
c-main,main,default,,44136fa355b3,IJSH,main_00017,20264017,True,4,0.26269150094230154,5,0,,9999.0,0.0,"{'disk_hits': 11.0, 'memory_hits': 91.0}",0.8856089110049652,410.578125,0,0,601.972421954702,0.9831649831649836,0.0,0.9553980316489359,0.09440218930316413,1.0,0.9652270781761016,1.0,0.9055978106968359,0.0,0.0,0.0,91.15598389632548,87.25694563071588,1.1927058120989718,1.0,0.9937776633661647,88.44965144281485,1560.5180191207774,122.49777901512041
c-main,main,default,,44136fa355b3,JSH,main_00017,20264017,True,4,0.26269150094230154,5,0,,9999.0,0.0,"{'disk_hits': 11.0, 'memory_hits': 91.0}",0.8180247889977181,412.5546875,0,0,602.646360954702,0.9831649831649836,0.0,0.9551217856745007,0.0944085909211777,1.0,0.9652482345895768,1.0,0.9055914090788223,0.0,0.0,0.0,91.15598389632548,86.93413790219927,1.1935865454659909,1.0,0.9937776633661647,88.12772444766526,1525.6296406355577,122.38713359270413
c-main,main,default,,44136fa355b3,OD_CEN,main_00017,20264017,True,0,0.26269150094230154,5,0,,9999.0,561.3125,"{'disk_hits': 11.0, 'memory_hits': 91.0}",301.331944628997,414.6953125,0,0,566.5356169547019,0.9847332782220866,0.0,0.9522626847999185,0.19495841687048487,1.0,0.9714585269033275,1.0,0.8050415831295151,0.0,0.0,0.0,171.48953831754102,47.838676353679354,2.4426780076559322,1.0,0.9937776633661647,50.28135436133529,5913.580219122408,80.96188996296854
c-main,main,default,,44136fa355b3,OD_IJSH,main_00017,20264017,True,0,0.26269150094230154,5,0,,9999.0,564.015625,"{'disk_hits': 11.0, 'memory_hits': 91.0}",0.7149924880068284,417.20703125,0,0,601.720034954702,0.9831649831649827,0.0,0.9558131518751642,0.09456663891759098,1.0,0.9651518570134761,1.0,0.905433361082409,0.0,0.0,0.0,91.17192989632548,87.2139688348689,1.3163624962567562,1.0,0.9937776633661647,88.53033133112567,1565.8486297781292,122.54671643877013
c-main,main,default,,44136fa355b3,OD_JSH,main_00017,20264017,True,0,0.26269150094230154,5,0,,9999.0,563.5859375,"{'disk_hits': 11.0, 'memory_hits': 91.0}",191.4450011440058,408.9296875,0,0,602.383293954702,0.9831649831649827,0.0,0.9555397735962063,0.09457276077109278,1.0,0.9651731711903597,1.0,0.9054272392289072,0.0,0.0,0.0,91.17192989632548,86.88941857143757,1.3172292725262342,1.0,0.9937776633661647,88.20664784396382,1530.942418864659,122.43345730496742
c-main,main,default,,44136fa355b3,CEN,main_00018,20264018,True,0,0.26269150094230154,5,0,,9999.0,0.0,"{'disk_hits': 12.0, 'memory_hits': 96.0}",0.8786522479931591,409.8046875,0,0,813.7350223095542,0.9972471765913349,0.0,0.9126877768793378,0.11403256246380045,1.0,0.9886724797543509,1.0,0.8859674375361996,0.0,91.73925436088037,0.0,91.73925436088037,40.988086162136305,1.1855153545080623,1.0,0.9991942486109283,42.17360151664437,5239.8267778662985,42.737811692645714
c-main,main,default,,44136fa355b3,IJSH,main_00018,20264018,True,6,0.26269150094230154,5,0,,9999.0,0.0,"{'disk_hits': 12.0, 'memory_hits': 96.0}",0.8238107630022569,410.3984375,0,0,746.8297253095543,0.9966329966329963,0.0,0.9466608939334367,0.1331174679035182,1.0,0.9883846962562112,1.0,0.8668825320964818,0.0,33.710567407233796,0.0,33.710567407233796,40.996464950042316,1.3971656658579334,1.0,0.9991942486109283,42.39363061590026,6339.843771747348,42.641129775509114
c-main,main,default,,44136fa355b3,JSH,main_00018,20264018,True,6,0.26269150094230154,5,0,,9999.0,0.0,"{'disk_hits': 12.0, 'memory_hits': 96.0}",0.9516278299997794,412.37109375,0,0,743.2536033095543,0.9966329966329963,0.0,0.9465006163311356,0.13310892642987715,1.0,0.9884359799239011,1.0,0.8668910735701228,0.0,33.710567407233796,0.0,33.710567407233796,40.77209191032513,1.3279294700237614,1.0,0.9991942486109283,42.1000213803489,6247.199658742181,42.39311844175103
c-main,main,default,,44136fa355b3,OD_CEN,main_00018,20264018,True,0,0.26269150094230154,5,0,,9999.0,560.7890625,"{'disk_hits': 12.0, 'memory_hits': 96.0}",145.0379216170113,418.8046875,0,0,813.7074013095541,0.9972471765913349,0.0,0.912686541376498,0.11401789286566066,1.0,0.9886639814759709,1.0,0.8859821071343393,0.0,91.73925436088037,0.0,91.73925436088037,40.9888310714335,1.1929078109266351,1.0,0.9991942486109283,42.181738882360136,5239.477607309479,42.755640648113946
c-main,main,default,,44136fa355b3,OD_IJSH,main_00018,20264018,True,1,0.26269150094230154,5,0,,9999.0,564.015625,"{'disk_hits': 12.0, 'memory_hits': 96.0}",0.6375678619951941,417.20703125,0,0,746.8412983095543,0.9966329966329963,0.0,0.9466614258235921,0.13315231586352216,1.0,0.9883730006976624,1.0,0.8668476841364778,0.0,33.710567407233796,0.0,33.710567407233796,40.99735923346343,1.4041650263377057,1.0,0.9991942486109283,42.40152425980113,6340.146722375475,42.685856906183815
c-main,main,default,,44136fa355b3,OD_JSH,main_00018,20264018,True,1,0.26269150094230154,5,0,,9999.0,561.25390625,"{'disk_hits': 12.0, 'memory_hits': 96.0}",182.9922027339926,410.9375,0,0,743.2353043095542,0.9966329966329963,0.0,0.9464998019059396,0.13314506657368264,1.0,0.9884274347650169,1.0,0.8668549334263174,0.0,33.710567407233796,0.0,33.710567407233796,40.77152736080936,1.32657520570644,1.0,0.9991942486109283,42.098102566515806,6246.7887145625555,42.41203283861218
c-main,main,default,,44136fa355b3,CEN,main_00019,20264019,True,0,0.26269150094230154,12,0,,9999.0,0.0,"{'disk_hits': 10.0, 'memory_hits': 128.0}",1.2889478949946351,409.15625,0,0,802.5461210000001,0.989057477322095,0.0,0.9763465494293986,0.18006005457201046,1.0,0.994860834569718,1.0,0.8199399454279895,0.0,0.0,0.0,15.839815999999999,13.138338704270646,1.4202898263446178,1.0,0.993094019465659,14.558628530615264,6889.753293507304,15.376158074981186
c-main,main,default,,44136fa355b3,IJSH,main_00019,20264019,True,13,0.26269150094230154,12,0,,9999.0,0.0,"{'disk_hits': 10.0, 'memory_hits': 128.0}",1.1612352609954542,408.875,0,0,820.3220976315919,0.9869312078772614,0.0,0.9750858145281456,0.25198258723814926,1.0,0.9907772065403553,1.0,0.7480174127618507,0.0,0.0,0.0,15.839815999999999,32.30866837617693,1.9626134644089954,1.0,0.993094019465659,34.27128184058593,12273.451077676256,35.941951238971946
c-main,main,default,,44136fa355b3,JSH,main_00019,20264019,True,13,0.26269150094230154,12,0,,9999.0,0.0,"{'disk_hits': 9.0, 'memory_hits': 129.0}",1.0529020260000834,411.453125,0,0,808.1629126315919,0.9868908881237672,0.0,0.9751262608191735,0.25197812861043745,1.0,0.9909063629447357,1.0,0.7480218713895626,0.0,0.0,0.0,15.839815999999999,30.617623369552682,1.94212792310869,1.0,0.993094019465659,32.55975129266137,12046.676049358195,34.14490590862932
c-main,main,default,,44136fa355b3,OD_CEN,main_00019,20264019,True,0,0.26269150094230154,12,0,,9999.0,561.84765625,"{'disk_hits': 9.0, 'memory_hits': 129.0}",469.7465251359972,413.82421875,0,0,744.481470631592,0.9755555281701669,0.0,0.9653008350803189,0.08181733117687018,1.0,0.993389651167013,1.0,0.9181826688231298,0.0,0.0,0.0,30.267230311234805,13.198103874650577,3.740525040986146,1.0,0.993094019465659,16.938628915636723,2444.0188061468,19.0677900318406
c-main,main,default,,44136fa355b3,OD_IJSH,main_00019,20264019,True,1,0.26269150094230154,12,0,,9999.0,564.015625,"{'disk_hits': 8.0, 'memory_hits': 130.0}",267.5939344790095,417.45703125,0,0,823.1011386315919,0.9734633259984236,0.0,0.9650812230055932,0.2512236368430232,1.0,0.9897375523012336,1.0,0.7487763631569768,0.0,0.0,0.0,66.37617793631985,32.41653219992226,4.320223810046931,1.0,0.993094019465659,36.73675600996919,8580.431967597722,40.206804742853315
c-main,main,default,,44136fa355b3,OD_JSH,main_00019,20264019,True,1,0.26269150094230154,12,0,,9999.0,560.296875,"{'disk_hits': 10.0, 'memory_hits': 128.0}",495.1921037949942,412.265625,0,0,810.7702566315919,0.9744437848371399,0.0,0.9660875644270324,0.25116405327621716,1.0,0.9898659242647745,1.0,0.7488359467237828,0.0,0.0,0.0,66.37617793631985,30.7174007558309,4.2934994493664576,1.0,0.993094019465659,35.01090020519736,8222.76832774633,38.401893109125126
c-main,main,default,,44136fa355b3,CEN,main_00020,20264020,True,0,0.26269150094230154,13,0,,9999.0,0.0,"{'disk_hits': 10.0, 'memory_hits': 134.0}",1.484422187000746,409.51171875,0,0,900.0437176977359,0.9865319865319864,0.0,0.9796682978210023,0.18730374900851143,1.0,0.9938544104410258,1.0,0.8126962509914886,0.0,0.0,0.0,0.0,22.50678597694695,1.6101606589060207,1.0,1.0,24.116946635852972,8332.991233173549,23.40019465054346
c-main,main,default,,44136fa355b3,IJSH,main_00020,20264020,True,14,0.26269150094230154,13,0,,9999.0,0.0,"{'disk_hits': 10.0, 'memory_hits': 134.0}",1.1895910080056638,408.71875,0,0,900.1067256977362,0.9865319865319861,0.0,0.9737559708922969,0.054078823371989326,1.0,0.9961036837561155,1.0,0.9459211766280107,0.0,0.0,0.0,0.0,9.434862113437115,1.2945622801781547,1.0,1.0,10.729424393615268,1492.9485976763372,10.398890162544518
c-main,main,default,,44136fa355b3,JSH,main_00020,20264020,True,14,0.26269150094230154,13,0,,9999.0,0.0,"{'disk_hits': 2.0, 'memory_hits': 142.0}",1.0433356310095405,410.76171875,0,0,886.9552356977363,0.9865319865319866,0.0,0.9731574246537404,0.055440516673703866,1.0,0.9958014838888318,1.0,0.9445594833262961,0.0,0.0,0.0,0.0,9.976360519998691,1.3909834933593657,1.0,1.0,11.367344013358059,1850.6773991907903,11.012436247819268
c-main,main,default,,44136fa355b3,OD_CEN,main_00020,20264020,True,0,0.26269150094230154,13,0,,9999.0,562.62890625,"{'disk_hits': 10.0, 'memory_hits': 134.0}",445.7811633879901,421.01953125,0,0,899.8925476977356,0.9865319865319866,0.0,0.9796657877886163,0.18744904285491049,1.0,0.9943850968321946,1.0,0.8125509571450895,0.0,0.0,0.0,0.0,22.503933188089512,1.5239556685419426,1.0,1.0,24.027888856631453,8330.770017747549,23.64572215305976
c-main,main,default,,44136fa355b3,OD_IJSH,main_00020,20264020,True,2,0.26269150094230154,13,0,,9999.0,565.49609375,"{'disk_hits': 10.0, 'memory_hits': 134.0}",244.25521220700466,413.75390625,0,0,899.7945126977359,0.9865319865319868,0.0,0.9737529875784738,0.05389653349351309,1.0,0.9967023817807186,1.0,0.9461034665064869,0.0,0.0,0.0,0.0,9.431943193122146,1.2066841687469994,1.0,1.0,10.638627361869146,1492.482423960038,10.554528188240345
c-main,main,default,,44136fa355b3,OD_JSH,main_00020,20264020,True,2,0.26269150094230154,13,0,,9999.0,563.265625,"{'disk_hits': 10.0, 'memory_hits': 134.0}",556.3967912829976,411.36328125,0,0,886.7933826977362,0.9865319865319864,0.0,0.9731550725662781,0.052855826594154,1.0,0.9963966111751738,1.0,0.947144173405846,0.0,0.0,0.0,0.0,9.973575873453262,1.3031757331130633,1.0,1.0,11.276751606566329,1849.6371526593284,11.30459128449464
c-main,main,default,,44136fa355b3,CEN,main_00021,20264021,True,0,0.26269150094230154,6,0,,9999.0,0.0,"{'disk_hits': 13.0, 'memory_hits': 107.0}",0.8534763459902024,408.203125,0,0,1347.000102098056,0.960661610252781,0.0,0.943744587591439,0.03795935462558875,1.0,0.9975112623253231,1.0,0.9620406453744113,0.0,0.0,0.0,153.6895925999854,3.536125542898888,6.451492960692404,1.0,0.9395084403866342,9.98761850359129,1446.3251144052053,19.51127184691347
c-main,main,default,,44136fa355b3,IJSH,main_00021,20264021,True,6,0.26269150094230154,6,0,,9999.0,0.0,"{'disk_hits': 13.0, 'memory_hits': 107.0}",0.7033662489993731,409.421875,0,0,1423.704445098056,0.96108798846655,0.0,0.9447172976443923,0.028627824778069133,1.0,0.9978657315266332,1.0,0.9713721752219309,0.0,0.0,0.0,126.88931791009824,2.8394207302437233,6.3900567259329755,1.0,0.9395084403866342,9.229477456176697,986.6412576500221,17.162148706753275
c-main,main,default,,44136fa355b3,JSH,main_00021,20264021,True,6,0.26269150094230154,6,0,,9999.0,0.0,"{'disk_hits': 13.0, 'memory_hits': 107.0}",0.6976052910031285,412.14453125,0,0,1423.704445098056,0.96108798846655,0.0,0.9447172976443923,0.028627824778069133,1.0,0.9978657315266332,1.0,0.9713721752219309,0.0,0.0,0.0,126.88931791009824,2.8394207302437233,6.3900567259329755,1.0,0.9395084403866342,9.229477456176697,986.6412576500221,17.162148706753275
c-main,main,default,,44136fa355b3,OD_CEN,main_00021,20264021,True,0,0.26269150094230154,6,0,,9999.0,565.7578125,"{'disk_hits': 13.0, 'memory_hits': 107.0}",304.2734951820021,414.98828125,0,0,1346.773715098056,0.9606610670204343,0.0,0.9437441707544703,0.03795273374067798,1.0,0.9975794453423715,1.0,0.962047266259322,0.0,0.0,0.0,153.73237659998537,3.536740570800439,6.747139831740334,1.0,0.9395084403866342,10.283880402540772,1447.00063989819,19.85109370330714
c-main,main,default,,44136fa355b3,OD_IJSH,main_00021,20264021,True,0,0.26269150094230154,6,0,,9999.0,563.5859375,"{'disk_hits': 13.0, 'memory_hits': 107.0}",0.6399102170107653,413.6796875,0,0,1423.511354098056,0.9610873441103303,0.0,0.944717571289672,0.028611515450537528,1.0,0.9979280735850132,1.0,0.9713884845494625,0.0,0.0,0.0,126.93679991009824,2.84002914378428,6.685723316786849,1.0,0.9395084403866342,9.525752460571127,987.2907536358983,17.51559649920083
c-main,main,default,,44136fa355b3,OD_JSH,main_00021,20264021,True,0,0.26269150094230154,6,0,,9999.0,564.015625,"{'disk_hits': 13.0, 'memory_hits': 107.0}",93.10054335799941,410.1484375,0,0,1423.511354098056,0.9610873441103303,0.0,0.944717571289672,0.028611515450537528,1.0,0.9979280735850132,1.0,0.9713884845494625,0.0,0.0,0.0,126.93679991009824,2.84002914378428,6.685723316786849,1.0,0.9395084403866342,9.525752460571127,987.2907536358983,17.51559649920083
c-main,main,default,,44136fa355b3,CEN,main_00022,20264022,True,0,0.26269150094230154,12,0,,9999.0,0.0,"{'disk_hits': 9.0, 'memory_hits': 123.0}",1.1159866099915234,408.98828125,0,0,761.4631059999999,0.9898989898989898,0.0,0.9826210615991224,0.051070731693832694,1.0,0.9969948511734941,1.0,0.9489292683061673,0.0,0.0,0.0,0.0,12.146830542310628,1.016450554341963,1.0,1.0,13.163281096652593,343.03205734466746,12.89350505062837
c-main,main,default,,44136fa355b3,IJSH,main_00022,20264022,True,13,0.26269150094230154,12,0,,9999.0,0.0,"{'disk_hits': 9.0, 'memory_hits': 123.0}",1.022195322002517,409.07421875,0,0,761.882343,0.9898989898989898,0.0,0.9801822628849772,0.03205497072234398,1.0,0.9970091934151144,1.0,0.967945029277656,0.0,0.0,0.0,0.0,11.318920256434986,1.1665732322842248,1.0,1.0,12.48549348871921,220.29862749174478,12.264446896089646
c-main,main,default,,44136fa355b3,JSH,main_00022,20264022,True,13,0.26269150094230154,12,0,,9999.0,0.0,"{'disk_hits': 9.0, 'memory_hits': 123.0}",0.9272092750034062,413.89453125,0,0,761.882343,0.9898989898989898,0.0,0.9801822628849772,0.03205497072234398,1.0,0.9970091934151144,1.0,0.967945029277656,0.0,0.0,0.0,0.0,11.318920256434986,1.1665732322842248,1.0,1.0,12.48549348871921,220.29862749174478,12.264446896089646
c-main,main,default,,44136fa355b3,OD_CEN,main_00022,20264022,True,0,0.26269150094230154,12,0,,9999.0,560.3046875,"{'disk_hits': 9.0, 'memory_hits': 123.0}",399.38780346899875,414.22265625,0,0,703.4862194632007,0.9927645281487694,0.0,0.9786976504773683,0.07565560521094039,1.0,0.9882288724277519,1.0,0.9243443947890596,0.0,0.0,0.0,0.0,12.24862457766752,5.322565965371137,1.0,1.0,17.571190543038657,2001.0714684578627,17.052746886073642
c-main,main,default,,44136fa355b3,OD_IJSH,main_00022,20264022,True,1,0.26269150094230154,12,0,,9999.0,567.0546875,"{'disk_hits': 9.0, 'memory_hits': 123.0}",0.9495586510020075,414.9375,0,0,576.7014884632007,0.9916415114054484,0.0,0.9764736399001563,0.09121832488592418,1.0,0.9857091122245445,1.0,0.9087816751140758,0.0,0.0,0.0,0.0,11.40538753228826,5.482796040671389,1.0,1.0,16.888183572959647,1620.4888911660705,16.407683403099895
c-main,main,default,,44136fa355b3,OD_JSH,main_00022,20264022,True,1,0.26269150094230154,12,0,,9999.0,563.5859375,"{'disk_hits': 9.0, 'memory_hits': 123.0}",140.1952171100129,412.4296875,0,0,576.7014884632007,0.9916415114054484,0.0,0.9764736399001563,0.09121832488592418,1.0,0.9857091122245445,1.0,0.9087816751140758,0.0,0.0,0.0,0.0,11.40538753228826,5.482796040671389,1.0,1.0,16.888183572959647,1620.4888911660705,16.407683403099895
c-main,main,default,,44136fa355b3,CEN,main_00023,20264023,True,0,0.26269150094230154,8,0,,9999.0,0.0,"{'disk_hits': 11.0, 'memory_hits': 109.0}",1.2132331089960644,412.14453125,0,0,746.1282036330342,0.9496488906157157,0.0,0.9278472907960107,0.1370886169323855,1.0,0.9914664446791716,1.0,0.8629113830676145,0.0,0.0,105.13369608694103,143.5086867778458,14.877719060811266,2.321303808479208,1.0,0.9872965089600444,17.199022869290474,3283.6701029419905,22.99777330994284
c-main,main,default,,44136fa355b3,IJSH,main_00023,20264023,True,9,0.26269150094230154,8,0,,9999.0,0.0,"{'disk_hits': 11.0, 'memory_hits': 109.0}",0.999642765003955,409.6953125,0,0,729.9544906330342,0.9512138384614024,0.0,0.926058212553188,0.09523002332024999,1.0,0.9927992095330535,1.0,0.90476997667975,0.0,0.0,86.85700770431549,160.22638490439164,8.258661561746502,2.1490085066203877,1.0,0.9872965089600444,10.40767006836689,2296.868687139454,15.95622041893857
c-main,main,default,,44136fa355b3,JSH,main_00023,20264023,True,9,0.26269150094230154,8,0,,9999.0,0.0,"{'disk_hits': 11.0, 'memory_hits': 109.0}",0.916655669992906,411.90625,0,0,761.8081016330342,0.9527079145634592,0.0,0.9260913473746228,0.13924491958690732,1.0,0.9913157544077299,1.0,0.8607550804130927,0.0,0.0,86.85700770431549,244.33827085803821,10.216351523640753,2.561900799401614,1.0,0.9872965089600444,12.778252323042366,4017.780876906474,20.964629521441594
c-main,main,default,,44136fa355b3,OD_CEN,main_00023,20264023,True,0,0.26269150094230154,8,0,,9999.0,561.01953125,"{'disk_hits': 11.0, 'memory_hits': 109.0}",352.6063446820044,415.078125,0,0,745.474451633034,0.9408836564566148,0.0,0.9247368247393075,0.13711734878128334,1.0,0.9914907161571052,1.0,0.8628826512187167,0.0,0.0,136.761779,143.75404777784578,14.87466030722958,2.1591155777674484,1.0,0.9872965089600444,17.03377588499703,3274.722177570668,22.738593618861213
c-main,main,default,,44136fa355b3,OD_IJSH,main_00023,20264023,True,1,0.26269150094230154,8,0,,9999.0,563.0,"{'disk_hits': 11.0, 'memory_hits': 109.0}",181.54959643501206,414.53515625,0,0,729.5123536330341,0.9431590474754801,0.0,0.9231938049396367,0.08888209923339863,1.0,0.9928580476971729,1.0,0.9111179007666014,0.0,0.0,136.66834,160.1943139043916,8.256609894773272,1.9813278974493447,1.0,0.9872965089600444,10.237937792222617,2287.6131611166575,15.766472567999088
c-main,main,default,,44136fa355b3,OD_JSH,main_00023,20264023,True,1,0.26269150094230154,8,0,,9999.0,561.25390625,"{'disk_hits': 11.0, 'memory_hits': 109.0}",455.33095192100154,412.4375,0,0,761.7630606330341,0.9473203405129931,0.0,0.9244016524460161,0.13325896603472254,1.0,0.9913249771977557,1.0,0.8667410339652775,0.0,0.0,136.66834,244.2970978580382,10.214671464338029,2.40481863884499,1.0,0.9872965089600444,12.619490103183018,4005.7163890786937,20.75192540633335
c-main,main,default,,44136fa355b3,CEN,main_00024,20264024,True,0,0.26269150094230154,6,0,,9999.0,0.0,"{'disk_hits': 13.0, 'memory_hits': 107.0}",0.9937273550021928,409.39453125,0,0,710.7682329089314,0.3882359892502727,0.0,0.37586705981781865,0.22316455243858824,1.0,0.9290050091896567,1.0,0.7768354475614118,267.17536467391216,267.17536467391216,267.17536467391216,294.01551824572647,76.7921879827874,24.547027434819064,1.0,0.7949413099170709,101.33921541760647,17357.695158349794,163.2469892876103
c-main,main,default,,44136fa355b3,IJSH,main_00024,20264024,True,5,0.26269150094230154,6,0,,9999.0,0.0,"{'disk_hits': 12.0, 'memory_hits': 108.0}",0.9159611310024047,409.47265625,0,0,813.4025529089313,0.42045908902940377,0.0,0.3966627442936357,0.2991687217159674,1.0,0.9072126350353296,1.0,0.7008312782840326,367.0487204089384,367.0487204089384,367.0487204089384,407.44749372017316,137.91426687552772,32.33709649657529,1.0,0.7949413099170709,170.25136337210301,30707.14861356176,259.7000312118639
c-main,main,default,,44136fa355b3,JSH,main_00024,20264024,True,5,0.26269150094230154,6,0,,9999.0,0.0,"{'disk_hits': 13.0, 'memory_hits': 107.0}",0.7847864130017115,415.18359375,0,0,803.9959639089313,0.4211180499797065,0.0,0.39442513846133576,0.4365538618537722,1.0,0.8718742347120825,1.0,0.5634461381462278,584.9366459409396,584.9366459409396,584.9366459409396,584.9366459409396,154.6628477443056,48.7857970965749,1.0,0.7949413099170709,203.44864484088046,73525.61690050852,334.67591847197167
c-main,main,default,,44136fa355b3,OD_CEN,main_00024,20264024,True,0,0.26269150094230154,6,0,,9999.0,567.55078125,"{'disk_hits': 13.0, 'memory_hits': 107.0}",263.924340921003,415.02734375,0,0,710.2484139089313,0.4050445201599524,0.0,0.389324647643819,0.22305093358397365,1.0,0.9301091347557316,1.0,0.7769490664160263,266.66021567391215,266.66021567391215,266.66021567391215,293.49877324572645,76.67042517963412,22.580033115055762,1.0,0.7949413099170709,99.25045829468989,17888.260877377055,161.0356513030748
c-main,main,default,,44136fa355b3,OD_IJSH,main_00024,20264024,True,1,0.26269150094230154,6,0,,9999.0,567.5,"{'disk_hits': 13.0, 'memory_hits': 107.0}",160.96087346300192,416.1796875,0,0,814.0966529089313,0.4333100574283111,0.0,0.406761067456312,0.29967674143878653,1.0,0.9079757985347918,1.0,0.7003232585612135,367.7638724089384,367.7638724089384,367.7638724089384,408.1415937201732,138.0800271531633,30.467877984474157,1.0,0.7949413099170709,168.54790513763743,31740.178174272532,258.23803925960516
c-main,main,default,,44136fa355b3,OD_JSH,main_00024,20264024,True,1,0.26269150094230154,6,0,,9999.0,566.84765625,"{'disk_hits': 13.0, 'memory_hits': 107.0}",49.862983159007854,411.76953125,0,0,804.2024959089314,0.431110368520645,0.0,0.4013757252432548,0.43672602404609495,1.0,0.8727902557506407,1.0,0.563273975953905,585.1431779409396,585.1431779409396,585.1431779409396,585.1431779409396,154.71292733075825,46.87670307672567,1.0,0.7949413099170709,201.58963040748392,75381.59238252207,332.9292065808951
