row_kind,experiment_id,source_experiment_id,rule_type,rule_label,description,objective,objective_value,triangle_area,var_restore,gini_restore,p90_restore,min_time_avg_cri,p90_access_restore,share_access_initial,share_access_final,time_avg_share_access,cri_w_e,cri_w_a,cri_threshold,critical_access_threshold,is_primary_setting,is_pareto,session_dir,run_dir,sequence
optimized,baseline_reference,,baseline,Baseline sequence,Baseline repair sequence used as the reference point.,triangle,310.8298714981072,310.8298714981072,39523.8364309399,0.3510473908196947,521.9500632999999,0.5247687475564559,629.845106,0.2916666666666667,1.0,0.4810498512338471,0.5,0.5,0.9,0.9,1,0,,results/tradeoff_20260321_163246/reference,"[(9, 10), 28, 11, 17, 15, 32, (11, 14)]"
optimized,single_triangle,,single,Single objective: triangle,Pure efficiency objective that minimizes resilience-triangle loss.,triangle,137.09562535626557,137.09562535626557,5914.172321686167,0.35623755278792957,221.53612699999996,0.43268101984778967,296.655447,0.2916666666666667,1.0,0.5731720458122359,0.5,0.5,0.9,0.9,1,1,results/tradeoff_20260321_163246/single_triangle_20260321_163247,results/tradeoff_20260321_163246/single_triangle_20260321_163247/best,"[11, 15, (9, 10), 17, 28, 32, (11, 14)]"
optimized,single_var_restore,,single,Single objective: var_restore,Equity objective that reduces dispersion in restoration times.,equity:var_restore,5914.172321686167,137.87616194704572,5914.172321686167,0.35623755278792957,221.53612699999996,0.4296142714377349,296.655447,0.2916666666666667,1.0,0.5731720458122359,0.5,0.5,0.9,0.9,1,0,results/tradeoff_20260321_163246/single_var_restore_20260321_163310,results/tradeoff_20260321_163246/single_var_restore_20260321_163310/best,"[15, 11, (9, 10), 17, 28, 32, (11, 14)]"
optimized,single_gini_restore,,single,Single objective: gini_restore,Equity objective that reduces restoration-time inequality using Gini.,equity:gini_restore,0.26074698991466616,351.2949592738249,33650.58441174585,0.26074698991466616,487.2575176,0.18496533125441944,496.014322,0.2916666666666667,1.0,0.323340143728081,0.5,0.5,0.9,0.9,1,1,results/tradeoff_20260321_163246/single_gini_restore_20260321_163331,results/tradeoff_20260321_163246/single_gini_restore_20260321_163331/best,"[15, 32, 11, (11, 14), (9, 10), 17, 28]"
optimized,single_p90_restore,,single,Single objective: p90_restore,Equity objective that shortens the time by which 90% of zones recover.,equity:p90_restore,221.53612699999996,137.87616194704572,5914.172321686167,0.35623755278792957,221.53612699999996,0.4296142714377349,296.655447,0.2916666666666667,1.0,0.5731720458122359,0.5,0.5,0.9,0.9,1,0,results/tradeoff_20260321_163246/single_p90_restore_20260321_163354,results/tradeoff_20260321_163246/single_p90_restore_20260321_163354/best,"[15, 11, (9, 10), 17, 28, 32, (11, 14)]"
optimized,single_maximin_time_avg_cri,,single,Single objective: maximize minimum time-avg CRI,Equity via maximin: improve the worst-served zone by maximizing the minimum time-averaged CRI.,equity:maximin_time_avg_cri_loss,0.42534787146036457,309.40894362854505,24427.388872190946,0.28377802341973557,394.490668,0.5746521285396354,479.93886019999997,0.2916666666666667,1.0,0.471547210886011,0.5,0.5,0.9,0.9,1,0,results/tradeoff_20260321_163246/single_maximin_time_avg_cri_20260321_163417,results/tradeoff_20260321_163246/single_maximin_time_avg_cri_20260321_163417/best,"[15, 28, 32, 11, (9, 10), 17, (11, 14)]"
optimized,single_p90_access_restore,,single,Single objective: p90_access_restore,Critical-access objective that shortens the time by which 90% of zones regain access.,critical_access:p90_access_restore,256.110255,162.11426303450347,9691.524503871415,0.3390998236682041,270.11025499999994,0.28244297995636986,256.110255,0.2916666666666667,1.0,0.39081968406063006,0.5,0.5,0.9,0.9,1,0,results/tradeoff_20260321_163246/single_p90_access_restore_20260321_163439,results/tradeoff_20260321_163246/single_p90_access_restore_20260321_163439/best,"[15, 11, (11, 14), (9, 10), 17, 28, 32]"
optimized,weighted_gini_restore_l025,,weighted_sum,Weighted sum: triangle + 0.25 * equity:gini_restore,Weighted trade-off objective. triangle + 0.25 * equity:gini_restore.,weighted_sum,0.8233941442277212,187.33095241933765,13792.438319596635,0.30992447310480076,301.44925159999997,0.48498387808386617,379.325376,0.2916666666666667,1.0,0.48758832641346944,0.5,0.5,0.9,0.9,1,0,results/tradeoff_20260321_163246/weighted_gini_restore_l025_20260321_163502,results/tradeoff_20260321_163246/weighted_gini_restore_l025_20260321_163502/best,"[(9, 10), 11, 15, 28, 17, 32, (11, 14)]"
optimized,weighted_gini_restore_l050,,weighted_sum,Weighted sum: triangle + 0.5 * equity:gini_restore,Weighted trade-off objective. triangle + 0.5 * equity:gini_restore.,weighted_sum,1.0507841110992038,201.55203674249697,9725.075433404036,0.2824893141798348,265.540576,0.4298895372835865,303.1867496,0.2916666666666667,1.0,0.44348222364393425,0.5,0.5,0.9,0.9,1,1,results/tradeoff_20260321_163246/weighted_gini_restore_l050_20260321_163525,results/tradeoff_20260321_163246/weighted_gini_restore_l050_20260321_163525/best,"[15, 11, 32, 28, 17, (9, 10), (11, 14)]"
optimized,weighted_gini_restore_l100,,weighted_sum,Weighted sum: triangle + 1.0 * equity:gini_restore,Weighted trade-off objective. triangle + 1.0 * equity:gini_restore.,weighted_sum,1.4531362173493356,201.55203674249697,9725.075433404036,0.2824893141798348,265.540576,0.4298895372835865,303.1867496,0.2916666666666667,1.0,0.44348222364393425,0.5,0.5,0.9,0.9,1,1,results/tradeoff_20260321_163246/weighted_gini_restore_l100_20260321_163547,results/tradeoff_20260321_163246/weighted_gini_restore_l100_20260321_163547/best,"[15, 11, 32, 28, 17, (9, 10), (11, 14)]"
optimized,guardrail_gini_restore,,guardrail,Guardrail on equity:gini_restore,Triangle minimization with a fairness guardrail. Guardrail on equity:gini_restore.,guardrail,199.94889212076583,199.94889212076583,14600.585575186285,0.3295127173191157,322.97258999999997,0.2659442078881276,308.97258999999997,0.2916666666666667,1.0,0.3843450246366524,0.5,0.5,0.9,0.9,1,0,results/tradeoff_20260321_163246/guardrail_gini_restore_20260321_163609,results/tradeoff_20260321_163246/guardrail_gini_restore_20260321_163609/best,"[11, 15, (11, 14), 17, (9, 10), 28, 32]"
optimized,weighted_p90_restore_l025,,weighted_sum,Weighted sum: triangle + 0.25 * equity:p90_restore,Weighted trade-off objective. triangle + 0.25 * equity:p90_restore.,weighted_sum,0.7756187774308847,201.55203674249697,9725.075433404036,0.2824893141798348,265.540576,0.4298895372835865,303.1867496,0.2916666666666667,1.0,0.44348222364393425,0.5,0.5,0.9,0.9,1,1,results/tradeoff_20260321_163246/weighted_p90_restore_l025_20260321_163633,results/tradeoff_20260321_163246/weighted_p90_restore_l025_20260321_163633/best,"[15, 11, 32, 28, 17, (9, 10), (11, 14)]"
optimized,weighted_p90_restore_l050,,weighted_sum,Weighted sum: triangle + 0.5 * equity:p90_restore,Weighted trade-off objective. triangle + 0.5 * equity:p90_restore.,weighted_sum,0.9028055500126977,201.55203674249697,9725.075433404036,0.2824893141798348,265.540576,0.4298895372835865,303.1867496,0.2916666666666667,1.0,0.44348222364393425,0.5,0.5,0.9,0.9,1,1,results/tradeoff_20260321_163246/weighted_p90_restore_l050_20260321_163654,results/tradeoff_20260321_163246/weighted_p90_restore_l050_20260321_163654/best,"[15, 11, 32, 28, 17, (9, 10), (11, 14)]"
optimized,weighted_p90_restore_l100,,weighted_sum,Weighted sum: triangle + 1.0 * equity:p90_restore,Weighted trade-off objective. triangle + 1.0 * equity:p90_restore.,weighted_sum,0.9522858944485508,155.02105056213878,9188.487602165484,0.32499180504280556,236.73206900000002,0.487974862167662,315.03082600000005,0.2916666666666667,1.0,0.48169605167992885,0.5,0.5,0.9,0.9,1,1,results/tradeoff_20260321_163246/weighted_p90_restore_l100_20260321_163717,results/tradeoff_20260321_163246/weighted_p90_restore_l100_20260321_163717/best,"[11, 15, (9, 10), 28, 32, 17, (11, 14)]"
optimized,guardrail_p90_restore,,guardrail,Guardrail on equity:p90_restore,Triangle minimization with a fairness guardrail. Guardrail on equity:p90_restore.,guardrail,160.21388204635574,160.21388204635574,14251.995010364257,0.37626439439112347,314.72271,0.3178785644163885,300.72271,0.2916666666666667,1.0,0.41285049396720297,0.5,0.5,0.9,0.9,1,0,results/tradeoff_20260321_163246/guardrail_p90_restore_20260321_163740,results/tradeoff_20260321_163246/guardrail_p90_restore_20260321_163740/best,"[11, 15, (9, 10), (11, 14), 17, 28, 32]"
optimized,weighted_maximin_time_avg_cri_l025,,weighted_sum,Weighted sum: triangle + 0.25 * equity:maximin_time_avg_cri_loss,Equity via maximin: improve the worst-served zone by maximizing the minimum time-averaged CRI.,weighted_sum,0.946961193075458,182.52498944577667,15991.405115337655,0.38030945568552466,370.27576199999993,0.31615574183971934,356.275762,0.2916666666666667,1.0,0.4996194635970201,0.5,0.5,0.9,0.9,1,0,results/tradeoff_20260321_163246/weighted_maximin_time_avg_cri_l025_20260321_163802,results/tradeoff_20260321_163246/weighted_maximin_time_avg_cri_l025_20260321_163802/best,"[(9, 10), 17, 11, 15, (11, 14), 28, 32]"
optimized,weighted_maximin_time_avg_cri_l050,,weighted_sum,Weighted sum: triangle + 0.5 * equity:maximin_time_avg_cri_loss,Equity via maximin: improve the worst-served zone by maximizing the minimum time-averaged CRI.,weighted_sum,1.1644002585242208,185.46190379775152,14880.618644271635,0.2952890605362519,301.016708,0.46039075423915804,379.315465,0.2916666666666667,1.0,0.46831910610341193,0.5,0.5,0.9,0.9,1,1,results/tradeoff_20260321_163246/weighted_maximin_time_avg_cri_l050_20260321_163825,results/tradeoff_20260321_163246/weighted_maximin_time_avg_cri_l050_20260321_163825/best,"[11, (9, 10), 15, 32, 28, 17, (11, 14)]"
optimized,weighted_maximin_time_avg_cri_l100,,weighted_sum,Weighted sum: triangle + 1.0 * equity:maximin_time_avg_cri_loss,Equity via maximin: improve the worst-served zone by maximizing the minimum time-averaged CRI.,weighted_sum,1.911679899327627,292.38789342773504,19584.166926303606,0.28186772470523214,365.271772,0.5385450739430896,430.86748119999993,0.2916666666666667,1.0,0.46135238456440736,0.5,0.5,0.9,0.9,1,1,results/tradeoff_20260321_163246/weighted_maximin_time_avg_cri_l100_20260321_163848,results/tradeoff_20260321_163246/weighted_maximin_time_avg_cri_l100_20260321_163848/best,"[15, 28, 32, 17, 11, (9, 10), (11, 14)]"
optimized,guardrail_maximin_time_avg_cri,,guardrail,Guardrail on equity:maximin_time_avg_cri_loss,Equity via maximin: improve the worst-served zone by maximizing the minimum time-averaged CRI.,guardrail,5396.045168815067,347.32768337018047,30481.428465267458,0.31296152756819806,482.72191849999996,0.5434815926931882,531.1054425,0.2916666666666667,1.0,0.5072438451979275,0.5,0.5,0.9,0.9,1,0,results/tradeoff_20260321_163246/guardrail_maximin_time_avg_cri_20260321_163911,results/tradeoff_20260321_163246/guardrail_maximin_time_avg_cri_20260321_163911/best,"[11, 28, 15, 17, (9, 10), 32, (11, 14)]"
optimized,weighted_p90_access_restore_l025,,weighted_sum,Weighted sum: triangle + 0.25 * critical_access:p90_access_restore,Weighted trade-off objective. triangle + 0.25 * critical_access:p90_access_restore.,weighted_sum,0.7869335136588516,199.202692811248,14624.054566898018,0.36195261516066846,361.980211,0.25792291078382723,367.980211,0.2916666666666667,1.0,0.483764491074766,0.5,0.5,0.9,0.9,1,0,results/tradeoff_20260321_163246/weighted_p90_access_restore_l025_20260321_163933,results/tradeoff_20260321_163246/weighted_p90_access_restore_l025_20260321_163933/best,"[17, (9, 10), 15, 11, (11, 14), 32, 28]"
optimized,weighted_p90_access_restore_l050,,weighted_sum,Weighted sum: triangle + 0.5 * critical_access:p90_access_restore,Weighted trade-off objective. triangle + 0.5 * critical_access:p90_access_restore.,weighted_sum,0.9329933176862881,199.202692811248,14624.054566898018,0.36195261516066846,361.980211,0.25792291078382723,367.980211,0.2916666666666667,1.0,0.483764491074766,0.5,0.5,0.9,0.9,1,0,results/tradeoff_20260321_163246/weighted_p90_access_restore_l050_20260321_163955,results/tradeoff_20260321_163246/weighted_p90_access_restore_l050_20260321_163955/best,"[17, (9, 10), 15, 11, (11, 14), 32, 28]"
optimized,weighted_p90_access_restore_l100,,weighted_sum,Weighted sum: triangle + 1.0 * critical_access:p90_access_restore,Weighted trade-off objective. triangle + 1.0 * critical_access:p90_access_restore.,weighted_sum,0.9849918501015942,160.5665631448243,12369.431749700945,0.36849845857468666,311.82523009999994,0.5,295.03082600000005,0.2916666666666667,1.0,0.5472170364799659,0.5,0.5,0.9,0.9,1,0,results/tradeoff_20260321_163246/weighted_p90_access_restore_l100_20260321_164018,results/tradeoff_20260321_163246/weighted_p90_access_restore_l100_20260321_164018/best,"[15, 11, (9, 10), 28, 17, (11, 14), 32]"
optimized,guardrail_p90_access_restore,,guardrail,Guardrail on critical_access:p90_access_restore,Triangle minimization with a fairness guardrail. Guardrail on critical_access:p90_access_restore.,guardrail,137.09562535626557,137.09562535626557,5914.172321686167,0.35623755278792957,221.53612699999996,0.43268101984778967,296.655447,0.2916666666666667,1.0,0.5731720458122359,0.5,0.5,0.9,0.9,1,1,results/tradeoff_20260321_163246/guardrail_p90_access_restore_20260321_164040,results/tradeoff_20260321_163246/guardrail_p90_access_restore_20260321_164040/best,"[11, 15, (9, 10), 17, 28, 32, (11, 14)]"
sensitivity,sens::baseline_reference::we0.50_wa0.50_ct0.80_at0.80,baseline_reference,sensitivity,Sensitivity re-evaluation,Sensitivity re-evaluation of an optimized sequence under alternate weights and thresholds.,triangle,310.8298714981072,310.8298714981072,38317.93769756453,0.532958289962822,431.473377,0.5247687475564559,431.473377,0.2916666666666667,1.0,0.6003260914570532,0.5,0.5,0.8,0.8,0,,,results/tradeoff_20260321_163246/_sensitivity_tmp,"[(9, 10), 28, 11, 17, 15, 32, (11, 14)]"
sensitivity,sens::baseline_reference::we0.50_wa0.50_ct0.80_at0.90,baseline_reference,sensitivity,Sensitivity re-evaluation,Sensitivity re-evaluation of an optimized sequence under alternate weights and thresholds.,triangle,310.8298714981072,310.8298714981072,38317.93769756453,0.532958289962822,431.473377,0.5247687475564559,629.845106,0.2916666666666667,1.0,0.4810498512338471,0.5,0.5,0.8,0.9,0,,,results/tradeoff_20260321_163246/_sensitivity_tmp,"[(9, 10), 28, 11, 17, 15, 32, (11, 14)]"
sensitivity,sens::baseline_reference::we0.50_wa0.50_ct0.80_at0.95,baseline_reference,sensitivity,Sensitivity re-evaluation,Sensitivity re-evaluation of an optimized sequence under alternate weights and thresholds.,triangle,310.8298714981072,310.8298714981072,38317.93769756453,0.532958289962822,431.473377,0.5247687475564559,629.845106,0.20833333333333334,1.0,0.44024494836142564,0.5,0.5,0.8,0.95,0,,,results/tradeoff_20260321_163246/_sensitivity_tmp,"[(9, 10), 28, 11, 17, 15, 32, (11, 14)]"
sensitivity,sens::baseline_reference::we0.50_wa0.50_ct0.90_at0.80,baseline_reference,sensitivity,Sensitivity re-evaluation,Sensitivity re-evaluation of an optimized sequence under alternate weights and thresholds.,triangle,310.8298714981072,310.8298714981072,39523.8364309399,0.3510473908196947,521.9500632999999,0.5247687475564559,431.473377,0.2916666666666667,1.0,0.6003260914570532,0.5,0.5,0.9,0.8,0,,,results/tradeoff_20260321_163246/_sensitivity_tmp,"[(9, 10), 28, 11, 17, 15, 32, (11, 14)]"
sensitivity,sens::baseline_reference::we0.50_wa0.50_ct0.90_at0.90,baseline_reference,sensitivity,Sensitivity re-evaluation,Sensitivity re-evaluation of an optimized sequence under alternate weights and thresholds.,triangle,310.8298714981072,310.8298714981072,39523.8364309399,0.3510473908196947,521.9500632999999,0.5247687475564559,629.845106,0.2916666666666667,1.0,0.4810498512338471,0.5,0.5,0.9,0.9,1,,,results/tradeoff_20260321_163246/_sensitivity_tmp,"[(9, 10), 28, 11, 17, 15, 32, (11, 14)]"
sensitivity,sens::baseline_reference::we0.50_wa0.50_ct0.90_at0.95,baseline_reference,sensitivity,Sensitivity re-evaluation,Sensitivity re-evaluation of an optimized sequence under alternate weights and thresholds.,triangle,310.8298714981072,310.8298714981072,39523.8364309399,0.3510473908196947,521.9500632999999,0.5247687475564559,629.845106,0.20833333333333334,1.0,0.44024494836142564,0.5,0.5,0.9,0.95,0,,,results/tradeoff_20260321_163246/_sensitivity_tmp,"[(9, 10), 28, 11, 17, 15, 32, (11, 14)]"
sensitivity,sens::baseline_reference::we0.50_wa0.50_ct0.95_at0.80,baseline_reference,sensitivity,Sensitivity re-evaluation,Sensitivity re-evaluation of an optimized sequence under alternate weights and thresholds.,triangle,310.8298714981072,310.8298714981072,46454.141098379994,0.3106984528582386,629.845106,0.5247687475564559,431.473377,0.2916666666666667,1.0,0.6003260914570532,0.5,0.5,0.95,0.8,0,,,results/tradeoff_20260321_163246/_sensitivity_tmp,"[(9, 10), 28, 11, 17, 15, 32, (11, 14)]"
sensitivity,sens::baseline_reference::we0.50_wa0.50_ct0.95_at0.90,baseline_reference,sensitivity,Sensitivity re-evaluation,Sensitivity re-evaluation of an optimized sequence under alternate weights and thresholds.,triangle,310.8298714981072,310.8298714981072,46454.141098379994,0.3106984528582386,629.845106,0.5247687475564559,629.845106,0.2916666666666667,1.0,0.4810498512338471,0.5,0.5,0.95,0.9,0,,,results/tradeoff_20260321_163246/_sensitivity_tmp,"[(9, 10), 28, 11, 17, 15, 32, (11, 14)]"
sensitivity,sens::baseline_reference::we0.50_wa0.50_ct0.95_at0.95,baseline_reference,sensitivity,Sensitivity re-evaluation,Sensitivity re-evaluation of an optimized sequence under alternate weights and thresholds.,triangle,310.8298714981072,310.8298714981072,46454.141098379994,0.3106984528582386,629.845106,0.5247687475564559,629.845106,0.20833333333333334,1.0,0.44024494836142564,0.5,0.5,0.95,0.95,0,,,results/tradeoff_20260321_163246/_sensitivity_tmp,"[(9, 10), 28, 11, 17, 15, 32, (11, 14)]"
sensitivity,sens::baseline_reference::we0.70_wa0.30_ct0.80_at0.80,baseline_reference,sensitivity,Sensitivity re-evaluation,Sensitivity re-evaluation of an optimized sequence under alternate weights and thresholds.,triangle,310.8298714981072,310.8298714981072,38634.51071996795,0.6754548741670412,431.473377,0.3768181312184396,431.473377,0.2916666666666667,1.0,0.6003260914570532,0.7,0.3,0.8,0.8,0,,,results/tradeoff_20260321_163246/_sensitivity_tmp,"[(9, 10), 28, 11, 17, 15, 32, (11, 14)]"
sensitivity,sens::baseline_reference::we0.70_wa0.30_ct0.80_at0.90,baseline_reference,sensitivity,Sensitivity re-evaluation,Sensitivity re-evaluation of an optimized sequence under alternate weights and thresholds.,triangle,310.8298714981072,310.8298714981072,38634.51071996795,0.6754548741670412,431.473377,0.3768181312184396,629.845106,0.2916666666666667,1.0,0.4810498512338471,0.7,0.3,0.8,0.9,0,,,results/tradeoff_20260321_163246/_sensitivity_tmp,"[(9, 10), 28, 11, 17, 15, 32, (11, 14)]"
sensitivity,sens::baseline_reference::we0.70_wa0.30_ct0.80_at0.95,baseline_reference,sensitivity,Sensitivity re-evaluation,Sensitivity re-evaluation of an optimized sequence under alternate weights and thresholds.,triangle,310.8298714981072,310.8298714981072,38634.51071996795,0.6754548741670412,431.473377,0.3768181312184396,629.845106,0.20833333333333334,1.0,0.44024494836142564,0.7,0.3,0.8,0.95,0,,,results/tradeoff_20260321_163246/_sensitivity_tmp,"[(9, 10), 28, 11, 17, 15, 32, (11, 14)]"
sensitivity,sens::baseline_reference::we0.70_wa0.30_ct0.90_at0.80,baseline_reference,sensitivity,Sensitivity re-evaluation,Sensitivity re-evaluation of an optimized sequence under alternate weights and thresholds.,triangle,310.8298714981072,310.8298714981072,45185.61436198171,0.4953033238272764,521.9500632999999,0.3768181312184396,431.473377,0.2916666666666667,1.0,0.6003260914570532,0.7,0.3,0.9,0.8,0,,,results/tradeoff_20260321_163246/_sensitivity_tmp,"[(9, 10), 28, 11, 17, 15, 32, (11, 14)]"
sensitivity,sens::baseline_reference::we0.70_wa0.30_ct0.90_at0.90,baseline_reference,sensitivity,Sensitivity re-evaluation,Sensitivity re-evaluation of an optimized sequence under alternate weights and thresholds.,triangle,310.8298714981072,310.8298714981072,45185.61436198171,0.4953033238272764,521.9500632999999,0.3768181312184396,629.845106,0.2916666666666667,1.0,0.4810498512338471,0.7,0.3,0.9,0.9,0,,,results/tradeoff_20260321_163246/_sensitivity_tmp,"[(9, 10), 28, 11, 17, 15, 32, (11, 14)]"
sensitivity,sens::baseline_reference::we0.70_wa0.30_ct0.90_at0.95,baseline_reference,sensitivity,Sensitivity re-evaluation,Sensitivity re-evaluation of an optimized sequence under alternate weights and thresholds.,triangle,310.8298714981072,310.8298714981072,45185.61436198171,0.4953033238272764,521.9500632999999,0.3768181312184396,629.845106,0.20833333333333334,1.0,0.44024494836142564,0.7,0.3,0.9,0.95,0,,,results/tradeoff_20260321_163246/_sensitivity_tmp,"[(9, 10), 28, 11, 17, 15, 32, (11, 14)]"
sensitivity,sens::baseline_reference::we0.70_wa0.30_ct0.95_at0.80,baseline_reference,sensitivity,Sensitivity re-evaluation,Sensitivity re-evaluation of an optimized sequence under alternate weights and thresholds.,triangle,310.8298714981072,310.8298714981072,45261.74270403489,0.35604739940300556,560.725786,0.3768181312184396,431.473377,0.2916666666666667,1.0,0.6003260914570532,0.7,0.3,0.95,0.8,0,,,results/tradeoff_20260321_163246/_sensitivity_tmp,"[(9, 10), 28, 11, 17, 15, 32, (11, 14)]"
sensitivity,sens::baseline_reference::we0.70_wa0.30_ct0.95_at0.90,baseline_reference,sensitivity,Sensitivity re-evaluation,Sensitivity re-evaluation of an optimized sequence under alternate weights and thresholds.,triangle,310.8298714981072,310.8298714981072,45261.74270403489,0.35604739940300556,560.725786,0.3768181312184396,629.845106,0.2916666666666667,1.0,0.4810498512338471,0.7,0.3,0.95,0.9,0,,,results/tradeoff_20260321_163246/_sensitivity_tmp,"[(9, 10), 28, 11, 17, 15, 32, (11, 14)]"
sensitivity,sens::baseline_reference::we0.70_wa0.30_ct0.95_at0.95,baseline_reference,sensitivity,Sensitivity re-evaluation,Sensitivity re-evaluation of an optimized sequence under alternate weights and thresholds.,triangle,310.8298714981072,310.8298714981072,45261.74270403489,0.35604739940300556,560.725786,0.3768181312184396,629.845106,0.20833333333333334,1.0,0.44024494836142564,0.7,0.3,0.95,0.95,0,,,results/tradeoff_20260321_163246/_sensitivity_tmp,"[(9, 10), 28, 11, 17, 15, 32, (11, 14)]"
sensitivity,sens::baseline_reference::we0.30_wa0.70_ct0.80_at0.80,baseline_reference,sensitivity,Sensitivity re-evaluation,Sensitivity re-evaluation of an optimized sequence under alternate weights and thresholds.,triangle,310.8298714981072,310.8298714981072,39692.8432229292,0.4601113443534859,431.473377,0.6086949682550307,431.473377,0.2916666666666667,1.0,0.6003260914570532,0.3,0.7,0.8,0.8,0,,,results/tradeoff_20260321_163246/_sensitivity_tmp,"[(9, 10), 28, 11, 17, 15, 32, (11, 14)]"
sensitivity,sens::baseline_reference::we0.30_wa0.70_ct0.80_at0.90,baseline_reference,sensitivity,Sensitivity re-evaluation,Sensitivity re-evaluation of an optimized sequence under alternate weights and thresholds.,triangle,310.8298714981072,310.8298714981072,39692.8432229292,0.4601113443534859,431.473377,0.6086949682550307,629.845106,0.2916666666666667,1.0,0.4810498512338471,0.3,0.7,0.8,0.9,0,,,results/tradeoff_20260321_163246/_sensitivity_tmp,"[(9, 10), 28, 11, 17, 15, 32, (11, 14)]"
sensitivity,sens::baseline_reference::we0.30_wa0.70_ct0.80_at0.95,baseline_reference,sensitivity,Sensitivity re-evaluation,Sensitivity re-evaluation of an optimized sequence under alternate weights and thresholds.,triangle,310.8298714981072,310.8298714981072,39692.8432229292,0.4601113443534859,431.473377,0.6086949682550307,629.845106,0.20833333333333334,1.0,0.44024494836142564,0.3,0.7,0.8,0.95,0,,,results/tradeoff_20260321_163246/_sensitivity_tmp,"[(9, 10), 28, 11, 17, 15, 32, (11, 14)]"
sensitivity,sens::baseline_reference::we0.30_wa0.70_ct0.90_at0.80,baseline_reference,sensitivity,Sensitivity re-evaluation,Sensitivity re-evaluation of an optimized sequence under alternate weights and thresholds.,triangle,310.8298714981072,310.8298714981072,41836.704291720635,0.33158028295822994,560.725786,0.6086949682550307,431.473377,0.2916666666666667,1.0,0.6003260914570532,0.3,0.7,0.9,0.8,0,,,results/tradeoff_20260321_163246/_sensitivity_tmp,"[(9, 10), 28, 11, 17, 15, 32, (11, 14)]"
sensitivity,sens::baseline_reference::we0.30_wa0.70_ct0.90_at0.90,baseline_reference,sensitivity,Sensitivity re-evaluation,Sensitivity re-evaluation of an optimized sequence under alternate weights and thresholds.,triangle,310.8298714981072,310.8298714981072,41836.704291720635,0.33158028295822994,560.725786,0.6086949682550307,629.845106,0.2916666666666667,1.0,0.4810498512338471,0.3,0.7,0.9,0.9,0,,,results/tradeoff_20260321_163246/_sensitivity_tmp,"[(9, 10), 28, 11, 17, 15, 32, (11, 14)]"
sensitivity,sens::baseline_reference::we0.30_wa0.70_ct0.90_at0.95,baseline_reference,sensitivity,Sensitivity re-evaluation,Sensitivity re-evaluation of an optimized sequence under alternate weights and thresholds.,triangle,310.8298714981072,310.8298714981072,41836.704291720635,0.33158028295822994,560.725786,0.6086949682550307,629.845106,0.20833333333333334,1.0,0.44024494836142564,0.3,0.7,0.9,0.95,0,,,results/tradeoff_20260321_163246/_sensitivity_tmp,"[(9, 10), 28, 11, 17, 15, 32, (11, 14)]"
sensitivity,sens::baseline_reference::we0.30_wa0.70_ct0.95_at0.80,baseline_reference,sensitivity,Sensitivity re-evaluation,Sensitivity re-evaluation of an optimized sequence under alternate weights and thresholds.,triangle,310.8298714981072,310.8298714981072,44476.500597315164,0.2855019664317895,629.845106,0.6086949682550307,431.473377,0.2916666666666667,1.0,0.6003260914570532,0.3,0.7,0.95,0.8,0,,,results/tradeoff_20260321_163246/_sensitivity_tmp,"[(9, 10), 28, 11, 17, 15, 32, (11, 14)]"
sensitivity,sens::baseline_reference::we0.30_wa0.70_ct0.95_at0.90,baseline_reference,sensitivity,Sensitivity re-evaluation,Sensitivity re-evaluation of an optimized sequence under alternate weights and thresholds.,triangle,310.8298714981072,310.8298714981072,44476.500597315164,0.2855019664317895,629.845106,0.6086949682550307,629.845106,0.2916666666666667,1.0,0.4810498512338471,0.3,0.7,0.95,0.9,0,,,results/tradeoff_20260321_163246/_sensitivity_tmp,"[(9, 10), 28, 11, 17, 15, 32, (11, 14)]"
sensitivity,sens::baseline_reference::we0.30_wa0.70_ct0.95_at0.95,baseline_reference,sensitivity,Sensitivity re-evaluation,Sensitivity re-evaluation of an optimized sequence under alternate weights and thresholds.,triangle,310.8298714981072,310.8298714981072,44476.500597315164,0.2855019664317895,629.845106,0.6086949682550307,629.845106,0.20833333333333334,1.0,0.44024494836142564,0.3,0.7,0.95,0.95,0,,,results/tradeoff_20260321_163246/_sensitivity_tmp,"[(9, 10), 28, 11, 17, 15, 32, (11, 14)]"
sensitivity,sens::single_triangle::we0.50_wa0.50_ct0.80_at0.80,single_triangle,sensitivity,Sensitivity re-evaluation,Sensitivity re-evaluation of an optimized sequence under alternate weights and thresholds.,triangle,137.09562535626557,137.09562535626557,5450.985849521454,0.5081104237698988,207.536127,0.43268101984778967,185.65126919999994,0.2916666666666667,1.0,0.6562951922639061,0.5,0.5,0.8,0.8,0,,,results/tradeoff_20260321_163246/_sensitivity_tmp,"[11, 15, (9, 10), 17, 28, 32, (11, 14)]"
sensitivity,sens::single_triangle::we0.50_wa0.50_ct0.80_at0.90,single_triangle,sensitivity,Sensitivity re-evaluation,Sensitivity re-evaluation of an optimized sequence under alternate weights and thresholds.,triangle,137.09562535626557,137.09562535626557,5450.985849521454,0.5081104237698988,207.536127,0.43268101984778967,296.655447,0.2916666666666667,1.0,0.5731720458122359,0.5,0.5,0.8,0.9,0,,,results/tradeoff_20260321_163246/_sensitivity_tmp,"[11, 15, (9, 10), 17, 28, 32, (11, 14)]"
sensitivity,sens::single_triangle::we0.50_wa0.50_ct0.80_at0.95,single_triangle,sensitivity,Sensitivity re-evaluation,Sensitivity re-evaluation of an optimized sequence under alternate weights and thresholds.,triangle,137.09562535626557,137.09562535626557,5450.985849521454,0.5081104237698988,207.536127,0.43268101984778967,296.655447,0.20833333333333334,1.0,0.5156001854906106,0.5,0.5,0.8,0.95,0,,,results/tradeoff_20260321_163246/_sensitivity_tmp,"[11, 15, (9, 10), 17, 28, 32, (11, 14)]"
sensitivity,sens::single_triangle::we0.50_wa0.50_ct0.90_at0.80,single_triangle,sensitivity,Sensitivity re-evaluation,Sensitivity re-evaluation of an optimized sequence under alternate weights and thresholds.,triangle,137.09562535626557,137.09562535626557,5914.172321686167,0.35623755278792957,221.53612699999996,0.43268101984778967,185.65126919999994,0.2916666666666667,1.0,0.6562951922639061,0.5,0.5,0.9,0.8,0,,,results/tradeoff_20260321_163246/_sensitivity_tmp,"[11, 15, (9, 10), 17, 28, 32, (11, 14)]"
sensitivity,sens::single_triangle::we0.50_wa0.50_ct0.90_at0.90,single_triangle,sensitivity,Sensitivity re-evaluation,Sensitivity re-evaluation of an optimized sequence under alternate weights and thresholds.,triangle,137.09562535626557,137.09562535626557,5914.172321686167,0.35623755278792957,221.53612699999996,0.43268101984778967,296.655447,0.2916666666666667,1.0,0.5731720458122359,0.5,0.5,0.9,0.9,1,,,results/tradeoff_20260321_163246/_sensitivity_tmp,"[11, 15, (9, 10), 17, 28, 32, (11, 14)]"
sensitivity,sens::single_triangle::we0.50_wa0.50_ct0.90_at0.95,single_triangle,sensitivity,Sensitivity re-evaluation,Sensitivity re-evaluation of an optimized sequence under alternate weights and thresholds.,triangle,137.09562535626557,137.09562535626557,5914.172321686167,0.35623755278792957,221.53612699999996,0.43268101984778967,296.655447,0.20833333333333334,1.0,0.5156001854906106,0.5,0.5,0.9,0.95,0,,,results/tradeoff_20260321_163246/_sensitivity_tmp,"[11, 15, (9, 10), 17, 28, 32, (11, 14)]"
sensitivity,sens::single_triangle::we0.50_wa0.50_ct0.95_at0.80,single_triangle,sensitivity,Sensitivity re-evaluation,Sensitivity re-evaluation of an optimized sequence under alternate weights and thresholds.,triangle,137.09562535626557,137.09562535626557,9842.578716387667,0.3747694363812544,296.655447,0.43268101984778967,185.65126919999994,0.2916666666666667,1.0,0.6562951922639061,0.5,0.5,0.95,0.8,0,,,results/tradeoff_20260321_163246/_sensitivity_tmp,"[11, 15, (9, 10), 17, 28, 32, (11, 14)]"
sensitivity,sens::single_triangle::we0.50_wa0.50_ct0.95_at0.90,single_triangle,sensitivity,Sensitivity re-evaluation,Sensitivity re-evaluation of an optimized sequence under alternate weights and thresholds.,triangle,137.09562535626557,137.09562535626557,9842.578716387667,0.3747694363812544,296.655447,0.43268101984778967,296.655447,0.2916666666666667,1.0,0.5731720458122359,0.5,0.5,0.95,0.9,0,,,results/tradeoff_20260321_163246/_sensitivity_tmp,"[11, 15, (9, 10), 17, 28, 32, (11, 14)]"
sensitivity,sens::single_triangle::we0.50_wa0.50_ct0.95_at0.95,single_triangle,sensitivity,Sensitivity re-evaluation,Sensitivity re-evaluation of an optimized sequence under alternate weights and thresholds.,triangle,137.09562535626557,137.09562535626557,9842.578716387667,0.3747694363812544,296.655447,0.43268101984778967,296.655447,0.20833333333333334,1.0,0.5156001854906106,0.5,0.5,0.95,0.95,0,,,results/tradeoff_20260321_163246/_sensitivity_tmp,"[11, 15, (9, 10), 17, 28, 32, (11, 14)]"
sensitivity,sens::single_triangle::we0.70_wa0.30_ct0.80_at0.80,single_triangle,sensitivity,Sensitivity re-evaluation,Sensitivity re-evaluation of an optimized sequence under alternate weights and thresholds.,triangle,137.09562535626557,137.09562535626557,6826.524732977294,0.7375460408371981,207.536127,0.3797740373559267,185.65126919999994,0.2916666666666667,1.0,0.6562951922639061,0.7,0.3,0.8,0.8,0,,,results/tradeoff_20260321_163246/_sensitivity_tmp,"[11, 15, (9, 10), 17, 28, 32, (11, 14)]"
sensitivity,sens::single_triangle::we0.70_wa0.30_ct0.80_at0.90,single_triangle,sensitivity,Sensitivity re-evaluation,Sensitivity re-evaluation of an optimized sequence under alternate weights and thresholds.,triangle,137.09562535626557,137.09562535626557,6826.524732977294,0.7375460408371981,207.536127,0.3797740373559267,296.655447,0.2916666666666667,1.0,0.5731720458122359,0.7,0.3,0.8,0.9,0,,,results/tradeoff_20260321_163246/_sensitivity_tmp,"[11, 15, (9, 10), 17, 28, 32, (11, 14)]"
sensitivity,sens::single_triangle::we0.70_wa0.30_ct0.80_at0.95,single_triangle,sensitivity,Sensitivity re-evaluation,Sensitivity re-evaluation of an optimized sequence under alternate weights and thresholds.,triangle,137.09562535626557,137.09562535626557,6826.524732977294,0.7375460408371981,207.536127,0.3797740373559267,296.655447,0.20833333333333334,1.0,0.5156001854906106,0.7,0.3,0.8,0.95,0,,,results/tradeoff_20260321_163246/_sensitivity_tmp,"[11, 15, (9, 10), 17, 28, 32, (11, 14)]"
sensitivity,sens::single_triangle::we0.70_wa0.30_ct0.90_at0.80,single_triangle,sensitivity,Sensitivity re-evaluation,Sensitivity re-evaluation of an optimized sequence under alternate weights and thresholds.,triangle,137.09562535626557,137.09562535626557,5566.375767881429,0.47373363960582715,221.53612699999996,0.3797740373559267,185.65126919999994,0.2916666666666667,1.0,0.6562951922639061,0.7,0.3,0.9,0.8,0,,,results/tradeoff_20260321_163246/_sensitivity_tmp,"[11, 15, (9, 10), 17, 28, 32, (11, 14)]"
sensitivity,sens::single_triangle::we0.70_wa0.30_ct0.90_at0.90,single_triangle,sensitivity,Sensitivity re-evaluation,Sensitivity re-evaluation of an optimized sequence under alternate weights and thresholds.,triangle,137.09562535626557,137.09562535626557,5566.375767881429,0.47373363960582715,221.53612699999996,0.3797740373559267,296.655447,0.2916666666666667,1.0,0.5731720458122359,0.7,0.3,0.9,0.9,0,,,results/tradeoff_20260321_163246/_sensitivity_tmp,"[11, 15, (9, 10), 17, 28, 32, (11, 14)]"
sensitivity,sens::single_triangle::we0.70_wa0.30_ct0.90_at0.95,single_triangle,sensitivity,Sensitivity re-evaluation,Sensitivity re-evaluation of an optimized sequence under alternate weights and thresholds.,triangle,137.09562535626557,137.09562535626557,5566.375767881429,0.47373363960582715,221.53612699999996,0.3797740373559267,296.655447,0.20833333333333334,1.0,0.5156001854906106,0.7,0.3,0.9,0.95,0,,,results/tradeoff_20260321_163246/_sensitivity_tmp,"[11, 15, (9, 10), 17, 28, 32, (11, 14)]"
sensitivity,sens::single_triangle::we0.70_wa0.30_ct0.95_at0.80,single_triangle,sensitivity,Sensitivity re-evaluation,Sensitivity re-evaluation of an optimized sequence under alternate weights and thresholds.,triangle,137.09562535626557,137.09562535626557,8211.841085915801,0.38588353972145883,227.53612699999996,0.3797740373559267,185.65126919999994,0.2916666666666667,1.0,0.6562951922639061,0.7,0.3,0.95,0.8,0,,,results/tradeoff_20260321_163246/_sensitivity_tmp,"[11, 15, (9, 10), 17, 28, 32, (11, 14)]"
sensitivity,sens::single_triangle::we0.70_wa0.30_ct0.95_at0.90,single_triangle,sensitivity,Sensitivity re-evaluation,Sensitivity re-evaluation of an optimized sequence under alternate weights and thresholds.,triangle,137.09562535626557,137.09562535626557,8211.841085915801,0.38588353972145883,227.53612699999996,0.3797740373559267,296.655447,0.2916666666666667,1.0,0.5731720458122359,0.7,0.3,0.95,0.9,0,,,results/tradeoff_20260321_163246/_sensitivity_tmp,"[11, 15, (9, 10), 17, 28, 32, (11, 14)]"
sensitivity,sens::single_triangle::we0.70_wa0.30_ct0.95_at0.95,single_triangle,sensitivity,Sensitivity re-evaluation,Sensitivity re-evaluation of an optimized sequence under alternate weights and thresholds.,triangle,137.09562535626557,137.09562535626557,8211.841085915801,0.38588353972145883,227.53612699999996,0.3797740373559267,296.655447,0.20833333333333334,1.0,0.5156001854906106,0.7,0.3,0.95,0.95,0,,,results/tradeoff_20260321_163246/_sensitivity_tmp,"[11, 15, (9, 10), 17, 28, 32, (11, 14)]"
sensitivity,sens::single_triangle::we0.30_wa0.70_ct0.80_at0.80,single_triangle,sensitivity,Sensitivity re-evaluation,Sensitivity re-evaluation of an optimized sequence under alternate weights and thresholds.,triangle,137.09562535626557,137.09562535626557,5391.938780187439,0.434808206534927,207.536127,0.48558800233965266,185.65126919999994,0.2916666666666667,1.0,0.6562951922639061,0.3,0.7,0.8,0.8,0,,,results/tradeoff_20260321_163246/_sensitivity_tmp,"[11, 15, (9, 10), 17, 28, 32, (11, 14)]"
sensitivity,sens::single_triangle::we0.30_wa0.70_ct0.80_at0.90,single_triangle,sensitivity,Sensitivity re-evaluation,Sensitivity re-evaluation of an optimized sequence under alternate weights and thresholds.,triangle,137.09562535626557,137.09562535626557,5391.938780187439,0.434808206534927,207.536127,0.48558800233965266,296.655447,0.2916666666666667,1.0,0.5731720458122359,0.3,0.7,0.8,0.9,0,,,results/tradeoff_20260321_163246/_sensitivity_tmp,"[11, 15, (9, 10), 17, 28, 32, (11, 14)]"
sensitivity,sens::single_triangle::we0.30_wa0.70_ct0.80_at0.95,single_triangle,sensitivity,Sensitivity re-evaluation,Sensitivity re-evaluation of an optimized sequence under alternate weights and thresholds.,triangle,137.09562535626557,137.09562535626557,5391.938780187439,0.434808206534927,207.536127,0.48558800233965266,296.655447,0.20833333333333334,1.0,0.5156001854906106,0.3,0.7,0.8,0.95,0,,,results/tradeoff_20260321_163246/_sensitivity_tmp,"[11, 15, (9, 10), 17, 28, 32, (11, 14)]"
sensitivity,sens::single_triangle::we0.30_wa0.70_ct0.90_at0.80,single_triangle,sensitivity,Sensitivity re-evaluation,Sensitivity re-evaluation of an optimized sequence under alternate weights and thresholds.,triangle,137.09562535626557,137.09562535626557,8211.841085915801,0.38588353972145883,227.53612699999996,0.48558800233965266,185.65126919999994,0.2916666666666667,1.0,0.6562951922639061,0.3,0.7,0.9,0.8,0,,,results/tradeoff_20260321_163246/_sensitivity_tmp,"[11, 15, (9, 10), 17, 28, 32, (11, 14)]"
sensitivity,sens::single_triangle::we0.30_wa0.70_ct0.90_at0.90,single_triangle,sensitivity,Sensitivity re-evaluation,Sensitivity re-evaluation of an optimized sequence under alternate weights and thresholds.,triangle,137.09562535626557,137.09562535626557,8211.841085915801,0.38588353972145883,227.53612699999996,0.48558800233965266,296.655447,0.2916666666666667,1.0,0.5731720458122359,0.3,0.7,0.9,0.9,0,,,results/tradeoff_20260321_163246/_sensitivity_tmp,"[11, 15, (9, 10), 17, 28, 32, (11, 14)]"
sensitivity,sens::single_triangle::we0.30_wa0.70_ct0.90_at0.95,single_triangle,sensitivity,Sensitivity re-evaluation,Sensitivity re-evaluation of an optimized sequence under alternate weights and thresholds.,triangle,137.09562535626557,137.09562535626557,8211.841085915801,0.38588353972145883,227.53612699999996,0.48558800233965266,296.655447,0.20833333333333334,1.0,0.5156001854906106,0.3,0.7,0.9,0.95,0,,,results/tradeoff_20260321_163246/_sensitivity_tmp,"[11, 15, (9, 10), 17, 28, 32, (11, 14)]"
sensitivity,sens::single_triangle::we0.30_wa0.70_ct0.95_at0.80,single_triangle,sensitivity,Sensitivity re-evaluation,Sensitivity re-evaluation of an optimized sequence under alternate weights and thresholds.,triangle,137.09562535626557,137.09562535626557,9969.753066829793,0.36976361063744934,296.655447,0.48558800233965266,185.65126919999994,0.2916666666666667,1.0,0.6562951922639061,0.3,0.7,0.95,0.8,0,,,results/tradeoff_20260321_163246/_sensitivity_tmp,"[11, 15, (9, 10), 17, 28, 32, (11, 14)]"
sensitivity,sens::single_triangle::we0.30_wa0.70_ct0.95_at0.90,single_triangle,sensitivity,Sensitivity re-evaluation,Sensitivity re-evaluation of an optimized sequence under alternate weights and thresholds.,triangle,137.09562535626557,137.09562535626557,9969.753066829793,0.36976361063744934,296.655447,0.48558800233965266,296.655447,0.2916666666666667,1.0,0.5731720458122359,0.3,0.7,0.95,0.9,0,,,results/tradeoff_20260321_163246/_sensitivity_tmp,"[11, 15, (9, 10), 17, 28, 32, (11, 14)]"
sensitivity,sens::single_triangle::we0.30_wa0.70_ct0.95_at0.95,single_triangle,sensitivity,Sensitivity re-evaluation,Sensitivity re-evaluation of an optimized sequence under alternate weights and thresholds.,triangle,137.09562535626557,137.09562535626557,9969.753066829793,0.36976361063744934,296.655447,0.48558800233965266,296.655447,0.20833333333333334,1.0,0.5156001854906106,0.3,0.7,0.95,0.95,0,,,results/tradeoff_20260321_163246/_sensitivity_tmp,"[11, 15, (9, 10), 17, 28, 32, (11, 14)]"
sensitivity,sens::single_var_restore::we0.50_wa0.50_ct0.80_at0.80,single_var_restore,sensitivity,Sensitivity re-evaluation,Sensitivity re-evaluation of an optimized sequence under alternate weights and thresholds.,triangle,137.87616194704572,137.87616194704572,5288.315543132565,0.4887557898174475,207.536127,0.4296142714377349,185.65126919999994,0.2916666666666667,1.0,0.6562951922639061,0.5,0.5,0.8,0.8,0,,,results/tradeoff_20260321_163246/_sensitivity_tmp,"[15, 11, (9, 10), 17, 28, 32, (11, 14)]"
sensitivity,sens::single_var_restore::we0.50_wa0.50_ct0.80_at0.90,single_var_restore,sensitivity,Sensitivity re-evaluation,Sensitivity re-evaluation of an optimized sequence under alternate weights and thresholds.,triangle,137.87616194704572,137.87616194704572,5288.315543132565,0.4887557898174475,207.536127,0.4296142714377349,296.655447,0.2916666666666667,1.0,0.5731720458122359,0.5,0.5,0.8,0.9,0,,,results/tradeoff_20260321_163246/_sensitivity_tmp,"[15, 11, (9, 10), 17, 28, 32, (11, 14)]"
sensitivity,sens::single_var_restore::we0.50_wa0.50_ct0.80_at0.95,single_var_restore,sensitivity,Sensitivity re-evaluation,Sensitivity re-evaluation of an optimized sequence under alternate weights and thresholds.,triangle,137.87616194704572,137.87616194704572,5288.315543132565,0.4887557898174475,207.536127,0.4296142714377349,296.655447,0.20833333333333334,1.0,0.5099819954876248,0.5,0.5,0.8,0.95,0,,,results/tradeoff_20260321_163246/_sensitivity_tmp,"[15, 11, (9, 10), 17, 28, 32, (11, 14)]"
sensitivity,sens::single_var_restore::we0.50_wa0.50_ct0.90_at0.80,single_var_restore,sensitivity,Sensitivity re-evaluation,Sensitivity re-evaluation of an optimized sequence under alternate weights and thresholds.,triangle,137.87616194704572,137.87616194704572,5914.172321686167,0.35623755278792957,221.53612699999996,0.4296142714377349,185.65126919999994,0.2916666666666667,1.0,0.6562951922639061,0.5,0.5,0.9,0.8,0,,,results/tradeoff_20260321_163246/_sensitivity_tmp,"[15, 11, (9, 10), 17, 28, 32, (11, 14)]"
sensitivity,sens::single_var_restore::we0.50_wa0.50_ct0.90_at0.90,single_var_restore,sensitivity,Sensitivity re-evaluation,Sensitivity re-evaluation of an optimized sequence under alternate weights and thresholds.,triangle,137.87616194704572,137.87616194704572,5914.172321686167,0.35623755278792957,221.53612699999996,0.4296142714377349,296.655447,0.2916666666666667,1.0,0.5731720458122359,0.5,0.5,0.9,0.9,1,,,results/tradeoff_20260321_163246/_sensitivity_tmp,"[15, 11, (9, 10), 17, 28, 32, (11, 14)]"
sensitivity,sens::single_var_restore::we0.50_wa0.50_ct0.90_at0.95,single_var_restore,sensitivity,Sensitivity re-evaluation,Sensitivity re-evaluation of an optimized sequence under alternate weights and thresholds.,triangle,137.87616194704572,137.87616194704572,5914.172321686167,0.35623755278792957,221.53612699999996,0.4296142714377349,296.655447,0.20833333333333334,1.0,0.5099819954876248,0.5,0.5,0.9,0.95,0,,,results/tradeoff_20260321_163246/_sensitivity_tmp,"[15, 11, (9, 10), 17, 28, 32, (11, 14)]"
sensitivity,sens::single_var_restore::we0.50_wa0.50_ct0.95_at0.80,single_var_restore,sensitivity,Sensitivity re-evaluation,Sensitivity re-evaluation of an optimized sequence under alternate weights and thresholds.,triangle,137.87616194704572,137.87616194704572,9842.578716387667,0.3747694363812544,296.655447,0.4296142714377349,185.65126919999994,0.2916666666666667,1.0,0.6562951922639061,0.5,0.5,0.95,0.8,0,,,results/tradeoff_20260321_163246/_sensitivity_tmp,"[15, 11, (9, 10), 17, 28, 32, (11, 14)]"
sensitivity,sens::single_var_restore::we0.50_wa0.50_ct0.95_at0.90,single_var_restore,sensitivity,Sensitivity re-evaluation,Sensitivity re-evaluation of an optimized sequence under alternate weights and thresholds.,triangle,137.87616194704572,137.87616194704572,9842.578716387667,0.3747694363812544,296.655447,0.4296142714377349,296.655447,0.2916666666666667,1.0,0.5731720458122359,0.5,0.5,0.95,0.9,0,,,results/tradeoff_20260321_163246/_sensitivity_tmp,"[15, 11, (9, 10), 17, 28, 32, (11, 14)]"
sensitivity,sens::single_var_restore::we0.50_wa0.50_ct0.95_at0.95,single_var_restore,sensitivity,Sensitivity re-evaluation,Sensitivity re-evaluation of an optimized sequence under alternate weights and thresholds.,triangle,137.87616194704572,137.87616194704572,9842.578716387667,0.3747694363812544,296.655447,0.4296142714377349,296.655447,0.20833333333333334,1.0,0.5099819954876248,0.5,0.5,0.95,0.95,0,,,results/tradeoff_20260321_163246/_sensitivity_tmp,"[15, 11, (9, 10), 17, 28, 32, (11, 14)]"
sensitivity,sens::single_var_restore::we0.70_wa0.30_ct0.80_at0.80,single_var_restore,sensitivity,Sensitivity re-evaluation,Sensitivity re-evaluation of an optimized sequence under alternate weights and thresholds.,triangle,137.87616194704572,137.87616194704572,6788.377669782851,0.7305754600239216,207.536127,0.37793398830989383,185.65126919999994,0.2916666666666667,1.0,0.6562951922639061,0.7,0.3,0.8,0.8,0,,,results/tradeoff_20260321_163246/_sensitivity_tmp,"[15, 11, (9, 10), 17, 28, 32, (11, 14)]"
sensitivity,sens::single_var_restore::we0.70_wa0.30_ct0.80_at0.90,single_var_restore,sensitivity,Sensitivity re-evaluation,Sensitivity re-evaluation of an optimized sequence under alternate weights and thresholds.,triangle,137.87616194704572,137.87616194704572,6788.377669782851,0.7305754600239216,207.536127,0.37793398830989383,296.655447,0.2916666666666667,1.0,0.5731720458122359,0.7,0.3,0.8,0.9,0,,,results/tradeoff_20260321_163246/_sensitivity_tmp,"[15, 11, (9, 10), 17, 28, 32, (11, 14)]"
sensitivity,sens::single_var_restore::we0.70_wa0.30_ct0.80_at0.95,single_var_restore,sensitivity,Sensitivity re-evaluation,Sensitivity re-evaluation of an optimized sequence under alternate weights and thresholds.,triangle,137.87616194704572,137.87616194704572,6788.377669782851,0.7305754600239216,207.536127,0.37793398830989383,296.655447,0.20833333333333334,1.0,0.5099819954876248,0.7,0.3,0.8,0.95,0,,,results/tradeoff_20260321_163246/_sensitivity_tmp,"[15, 11, (9, 10), 17, 28, 32, (11, 14)]"
sensitivity,sens::single_var_restore::we0.70_wa0.30_ct0.90_at0.80,single_var_restore,sensitivity,Sensitivity re-evaluation,Sensitivity re-evaluation of an optimized sequence under alternate weights and thresholds.,triangle,137.87616194704572,137.87616194704572,5473.854839478651,0.46469454389508646,221.53612699999996,0.37793398830989383,185.65126919999994,0.2916666666666667,1.0,0.6562951922639061,0.7,0.3,0.9,0.8,0,,,results/tradeoff_20260321_163246/_sensitivity_tmp,"[15, 11, (9, 10), 17, 28, 32, (11, 14)]"
sensitivity,sens::single_var_restore::we0.70_wa0.30_ct0.90_at0.90,single_var_restore,sensitivity,Sensitivity re-evaluation,Sensitivity re-evaluation of an optimized sequence under alternate weights and thresholds.,triangle,137.87616194704572,137.87616194704572,5473.854839478651,0.46469454389508646,221.53612699999996,0.37793398830989383,296.655447,0.2916666666666667,1.0,0.5731720458122359,0.7,0.3,0.9,0.9,0,,,results/tradeoff_20260321_163246/_sensitivity_tmp,"[15, 11, (9, 10), 17, 28, 32, (11, 14)]"
sensitivity,sens::single_var_restore::we0.70_wa0.30_ct0.90_at0.95,single_var_restore,sensitivity,Sensitivity re-evaluation,Sensitivity re-evaluation of an optimized sequence under alternate weights and thresholds.,triangle,137.87616194704572,137.87616194704572,5473.854839478651,0.46469454389508646,221.53612699999996,0.37793398830989383,296.655447,0.20833333333333334,1.0,0.5099819954876248,0.7,0.3,0.9,0.95,0,,,results/tradeoff_20260321_163246/_sensitivity_tmp,"[15, 11, (9, 10), 17, 28, 32, (11, 14)]"
sensitivity,sens::single_var_restore::we0.70_wa0.30_ct0.95_at0.80,single_var_restore,sensitivity,Sensitivity re-evaluation,Sensitivity re-evaluation of an optimized sequence under alternate weights and thresholds.,triangle,137.87616194704572,137.87616194704572,8211.841085915801,0.38588353972145883,227.53612699999996,0.37793398830989383,185.65126919999994,0.2916666666666667,1.0,0.6562951922639061,0.7,0.3,0.95,0.8,0,,,results/tradeoff_20260321_163246/_sensitivity_tmp,"[15, 11, (9, 10), 17, 28, 32, (11, 14)]"
sensitivity,sens::single_var_restore::we0.70_wa0.30_ct0.95_at0.90,single_var_restore,sensitivity,Sensitivity re-evaluation,Sensitivity re-evaluation of an optimized sequence under alternate weights and thresholds.,triangle,137.87616194704572,137.87616194704572,8211.841085915801,0.38588353972145883,227.53612699999996,0.37793398830989383,296.655447,0.2916666666666667,1.0,0.5731720458122359,0.7,0.3,0.95,0.9,0,,,results/tradeoff_20260321_163246/_sensitivity_tmp,"[15, 11, (9, 10), 17, 28, 32, (11, 14)]"
sensitivity,sens::single_var_restore::we0.70_wa0.30_ct0.95_at0.95,single_var_restore,sensitivity,Sensitivity re-evaluation,Sensitivity re-evaluation of an optimized sequence under alternate weights and thresholds.,triangle,137.87616194704572,137.87616194704572,8211.841085915801,0.38588353972145883,227.53612699999996,0.37793398830989383,296.655447,0.20833333333333334,1.0,0.5099819954876248,0.7,0.3,0.95,0.95,0,,,results/tradeoff_20260321_163246/_sensitivity_tmp,"[15, 11, (9, 10), 17, 28, 32, (11, 14)]"
sensitivity,sens::single_var_restore::we0.30_wa0.70_ct0.80_at0.80,single_var_restore,sensitivity,Sensitivity re-evaluation,Sensitivity re-evaluation of an optimized sequence under alternate weights and thresholds.,triangle,137.87616194704572,137.87616194704572,5391.938780187439,0.434808206534927,207.536127,0.48129455456557585,185.65126919999994,0.2916666666666667,1.0,0.6562951922639061,0.3,0.7,0.8,0.8,0,,,results/tradeoff_20260321_163246/_sensitivity_tmp,"[15, 11, (9, 10), 17, 28, 32, (11, 14)]"
sensitivity,sens::single_var_restore::we0.30_wa0.70_ct0.80_at0.90,single_var_restore,sensitivity,Sensitivity re-evaluation,Sensitivity re-evaluation of an optimized sequence under alternate weights and thresholds.,triangle,137.87616194704572,137.87616194704572,5391.938780187439,0.434808206534927,207.536127,0.48129455456557585,296.655447,0.2916666666666667,1.0,0.5731720458122359,0.3,0.7,0.8,0.9,0,,,results/tradeoff_20260321_163246/_sensitivity_tmp,"[15, 11, (9, 10), 17, 28, 32, (11, 14)]"
sensitivity,sens::single_var_restore::we0.30_wa0.70_ct0.80_at0.95,single_var_restore,sensitivity,Sensitivity re-evaluation,Sensitivity re-evaluation of an optimized sequence under alternate weights and thresholds.,triangle,137.87616194704572,137.87616194704572,5391.938780187439,0.434808206534927,207.536127,0.48129455456557585,296.655447,0.20833333333333334,1.0,0.5099819954876248,0.3,0.7,0.8,0.95,0,,,results/tradeoff_20260321_163246/_sensitivity_tmp,"[15, 11, (9, 10), 17, 28, 32, (11, 14)]"
sensitivity,sens::single_var_restore::we0.30_wa0.70_ct0.90_at0.80,single_var_restore,sensitivity,Sensitivity re-evaluation,Sensitivity re-evaluation of an optimized sequence under alternate weights and thresholds.,triangle,137.87616194704572,137.87616194704572,8211.841085915801,0.38588353972145883,227.53612699999996,0.48129455456557585,185.65126919999994,0.2916666666666667,1.0,0.6562951922639061,0.3,0.7,0.9,0.8,0,,,results/tradeoff_20260321_163246/_sensitivity_tmp,"[15, 11, (9, 10), 17, 28, 32, (11, 14)]"
sensitivity,sens::single_var_restore::we0.30_wa0.70_ct0.90_at0.90,single_var_restore,sensitivity,Sensitivity re-evaluation,Sensitivity re-evaluation of an optimized sequence under alternate weights and thresholds.,triangle,137.87616194704572,137.87616194704572,8211.841085915801,0.38588353972145883,227.53612699999996,0.48129455456557585,296.655447,0.2916666666666667,1.0,0.5731720458122359,0.3,0.7,0.9,0.9,0,,,results/tradeoff_20260321_163246/_sensitivity_tmp,"[15, 11, (9, 10), 17, 28, 32, (11, 14)]"
sensitivity,sens::single_var_restore::we0.30_wa0.70_ct0.90_at0.95,single_var_restore,sensitivity,Sensitivity re-evaluation,Sensitivity re-evaluation of an optimized sequence under alternate weights and thresholds.,triangle,137.87616194704572,137.87616194704572,8211.841085915801,0.38588353972145883,227.53612699999996,0.48129455456557585,296.655447,0.20833333333333334,1.0,0.5099819954876248,0.3,0.7,0.9,0.95,0,,,results/tradeoff_20260321_163246/_sensitivity_tmp,"[15, 11, (9, 10), 17, 28, 32, (11, 14)]"
sensitivity,sens::single_var_restore::we0.30_wa0.70_ct0.95_at0.80,single_var_restore,sensitivity,Sensitivity re-evaluation,Sensitivity re-evaluation of an optimized sequence under alternate weights and thresholds.,triangle,137.87616194704572,137.87616194704572,9969.753066829793,0.36976361063744934,296.655447,0.48129455456557585,185.65126919999994,0.2916666666666667,1.0,0.6562951922639061,0.3,0.7,0.95,0.8,0,,,results/tradeoff_20260321_163246/_sensitivity_tmp,"[15, 11, (9, 10), 17, 28, 32, (11, 14)]"
sensitivity,sens::single_var_restore::we0.30_wa0.70_ct0.95_at0.90,single_var_restore,sensitivity,Sensitivity re-evaluation,Sensitivity re-evaluation of an optimized sequence under alternate weights and thresholds.,triangle,137.87616194704572,137.87616194704572,9969.753066829793,0.36976361063744934,296.655447,0.48129455456557585,296.655447,0.2916666666666667,1.0,0.5731720458122359,0.3,0.7,0.95,0.9,0,,,results/tradeoff_20260321_163246/_sensitivity_tmp,"[15, 11, (9, 10), 17, 28, 32, (11, 14)]"
sensitivity,sens::single_var_restore::we0.30_wa0.70_ct0.95_at0.95,single_var_restore,sensitivity,Sensitivity re-evaluation,Sensitivity re-evaluation of an optimized sequence under alternate weights and thresholds.,triangle,137.87616194704572,137.87616194704572,9969.753066829793,0.36976361063744934,296.655447,0.48129455456557585,296.655447,0.20833333333333334,1.0,0.5099819954876248,0.3,0.7,0.95,0.95,0,,,results/tradeoff_20260321_163246/_sensitivity_tmp,"[15, 11, (9, 10), 17, 28, 32, (11, 14)]"
sensitivity,sens::single_gini_restore::we0.50_wa0.50_ct0.80_at0.80,single_gini_restore,sensitivity,Sensitivity re-evaluation,Sensitivity re-evaluation of an optimized sequence under alternate weights and thresholds.,triangle,351.2949592738249,351.2949592738249,32304.547443963875,0.32267759351253966,466.824974,0.18496533125441944,466.824974,0.2916666666666667,1.0,0.3868675450934526,0.5,0.5,0.8,0.8,0,,,results/tradeoff_20260321_163246/_sensitivity_tmp,"[15, 32, 11, (11, 14), (9, 10), 17, 28]"
sensitivity,sens::single_gini_restore::we0.50_wa0.50_ct0.80_at0.90,single_gini_restore,sensitivity,Sensitivity re-evaluation,Sensitivity re-evaluation of an optimized sequence under alternate weights and thresholds.,triangle,351.2949592738249,351.2949592738249,32304.547443963875,0.32267759351253966,466.824974,0.18496533125441944,496.014322,0.2916666666666667,1.0,0.323340143728081,0.5,0.5,0.8,0.9,0,,,results/tradeoff_20260321_163246/_sensitivity_tmp,"[15, 32, 11, (11, 14), (9, 10), 17, 28]"
sensitivity,sens::single_gini_restore::we0.50_wa0.50_ct0.80_at0.95,single_gini_restore,sensitivity,Sensitivity re-evaluation,Sensitivity re-evaluation of an optimized sequence under alternate weights and thresholds.,triangle,351.2949592738249,351.2949592738249,32304.547443963875,0.32267759351253966,466.824974,0.18496533125441944,496.014322,0.20833333333333334,1.0,0.2592518744011858,0.5,0.5,0.8,0.95,0,,,results/tradeoff_20260321_163246/_sensitivity_tmp,"[15, 32, 11, (11, 14), (9, 10), 17, 28]"
sensitivity,sens::single_gini_restore::we0.50_wa0.50_ct0.90_at0.80,single_gini_restore,sensitivity,Sensitivity re-evaluation,Sensitivity re-evaluation of an optimized sequence under alternate weights and thresholds.,triangle,351.2949592738249,351.2949592738249,33650.58441174585,0.26074698991466616,487.2575176,0.18496533125441944,466.824974,0.2916666666666667,1.0,0.3868675450934526,0.5,0.5,0.9,0.8,0,,,results/tradeoff_20260321_163246/_sensitivity_tmp,"[15, 32, 11, (11, 14), (9, 10), 17, 28]"
sensitivity,sens::single_gini_restore::we0.50_wa0.50_ct0.90_at0.90,single_gini_restore,sensitivity,Sensitivity re-evaluation,Sensitivity re-evaluation of an optimized sequence under alternate weights and thresholds.,triangle,351.2949592738249,351.2949592738249,33650.58441174585,0.26074698991466616,487.2575176,0.18496533125441944,496.014322,0.2916666666666667,1.0,0.323340143728081,0.5,0.5,0.9,0.9,1,,,results/tradeoff_20260321_163246/_sensitivity_tmp,"[15, 32, 11, (11, 14), (9, 10), 17, 28]"
sensitivity,sens::single_gini_restore::we0.50_wa0.50_ct0.90_at0.95,single_gini_restore,sensitivity,Sensitivity re-evaluation,Sensitivity re-evaluation of an optimized sequence under alternate weights and thresholds.,triangle,351.2949592738249,351.2949592738249,33650.58441174585,0.26074698991466616,487.2575176,0.18496533125441944,496.014322,0.20833333333333334,1.0,0.2592518744011858,0.5,0.5,0.9,0.95,0,,,results/tradeoff_20260321_163246/_sensitivity_tmp,"[15, 32, 11, (11, 14), (9, 10), 17, 28]"
sensitivity,sens::single_gini_restore::we0.50_wa0.50_ct0.95_at0.80,single_gini_restore,sensitivity,Sensitivity re-evaluation,Sensitivity re-evaluation of an optimized sequence under alternate weights and thresholds.,triangle,351.2949592738249,351.2949592738249,37698.651990090686,0.22945284775066788,496.014322,0.18496533125441944,466.824974,0.2916666666666667,1.0,0.3868675450934526,0.5,0.5,0.95,0.8,0,,,results/tradeoff_20260321_163246/_sensitivity_tmp,"[15, 32, 11, (11, 14), (9, 10), 17, 28]"
sensitivity,sens::single_gini_restore::we0.50_wa0.50_ct0.95_at0.90,single_gini_restore,sensitivity,Sensitivity re-evaluation,Sensitivity re-evaluation of an optimized sequence under alternate weights and thresholds.,triangle,351.2949592738249,351.2949592738249,37698.651990090686,0.22945284775066788,496.014322,0.18496533125441944,496.014322,0.2916666666666667,1.0,0.323340143728081,0.5,0.5,0.95,0.9,0,,,results/tradeoff_20260321_163246/_sensitivity_tmp,"[15, 32, 11, (11, 14), (9, 10), 17, 28]"
sensitivity,sens::single_gini_restore::we0.50_wa0.50_ct0.95_at0.95,single_gini_restore,sensitivity,Sensitivity re-evaluation,Sensitivity re-evaluation of an optimized sequence under alternate weights and thresholds.,triangle,351.2949592738249,351.2949592738249,37698.651990090686,0.22945284775066788,496.014322,0.18496533125441944,496.014322,0.20833333333333334,1.0,0.2592518744011858,0.5,0.5,0.95,0.95,0,,,results/tradeoff_20260321_163246/_sensitivity_tmp,"[15, 32, 11, (11, 14), (9, 10), 17, 28]"
sensitivity,sens::single_gini_restore::we0.70_wa0.30_ct0.80_at0.80,single_gini_restore,sensitivity,Sensitivity re-evaluation,Sensitivity re-evaluation of an optimized sequence under alternate weights and thresholds.,triangle,351.2949592738249,351.2949592738249,33818.15745130935,0.7030424198346836,466.824974,0.11097919875265165,466.824974,0.2916666666666667,1.0,0.3868675450934526,0.7,0.3,0.8,0.8,0,,,results/tradeoff_20260321_163246/_sensitivity_tmp,"[15, 32, 11, (11, 14), (9, 10), 17, 28]"
sensitivity,sens::single_gini_restore::we0.70_wa0.30_ct0.80_at0.90,single_gini_restore,sensitivity,Sensitivity re-evaluation,Sensitivity re-evaluation of an optimized sequence under alternate weights and thresholds.,triangle,351.2949592738249,351.2949592738249,33818.15745130935,0.7030424198346836,466.824974,0.11097919875265165,496.014322,0.2916666666666667,1.0,0.323340143728081,0.7,0.3,0.8,0.9,0,,,results/tradeoff_20260321_163246/_sensitivity_tmp,"[15, 32, 11, (11, 14), (9, 10), 17, 28]"
sensitivity,sens::single_gini_restore::we0.70_wa0.30_ct0.80_at0.95,single_gini_restore,sensitivity,Sensitivity re-evaluation,Sensitivity re-evaluation of an optimized sequence under alternate weights and thresholds.,triangle,351.2949592738249,351.2949592738249,33818.15745130935,0.7030424198346836,466.824974,0.11097919875265165,496.014322,0.20833333333333334,1.0,0.2592518744011858,0.7,0.3,0.8,0.95,0,,,results/tradeoff_20260321_163246/_sensitivity_tmp,"[15, 32, 11, (11, 14), (9, 10), 17, 28]"
sensitivity,sens::single_gini_restore::we0.70_wa0.30_ct0.90_at0.80,single_gini_restore,sensitivity,Sensitivity re-evaluation,Sensitivity re-evaluation of an optimized sequence under alternate weights and thresholds.,triangle,351.2949592738249,351.2949592738249,34608.99407934726,0.299173754305768,466.824974,0.11097919875265165,466.824974,0.2916666666666667,1.0,0.3868675450934526,0.7,0.3,0.9,0.8,0,,,results/tradeoff_20260321_163246/_sensitivity_tmp,"[15, 32, 11, (11, 14), (9, 10), 17, 28]"
sensitivity,sens::single_gini_restore::we0.70_wa0.30_ct0.90_at0.90,single_gini_restore,sensitivity,Sensitivity re-evaluation,Sensitivity re-evaluation of an optimized sequence under alternate weights and thresholds.,triangle,351.2949592738249,351.2949592738249,34608.99407934726,0.299173754305768,466.824974,0.11097919875265165,496.014322,0.2916666666666667,1.0,0.323340143728081,0.7,0.3,0.9,0.9,0,,,results/tradeoff_20260321_163246/_sensitivity_tmp,"[15, 32, 11, (11, 14), (9, 10), 17, 28]"
sensitivity,sens::single_gini_restore::we0.70_wa0.30_ct0.90_at0.95,single_gini_restore,sensitivity,Sensitivity re-evaluation,Sensitivity re-evaluation of an optimized sequence under alternate weights and thresholds.,triangle,351.2949592738249,351.2949592738249,34608.99407934726,0.299173754305768,466.824974,0.11097919875265165,496.014322,0.20833333333333334,1.0,0.2592518744011858,0.7,0.3,0.9,0.95,0,,,results/tradeoff_20260321_163246/_sensitivity_tmp,"[15, 32, 11, (11, 14), (9, 10), 17, 28]"
sensitivity,sens::single_gini_restore::we0.70_wa0.30_ct0.95_at0.80,single_gini_restore,sensitivity,Sensitivity re-evaluation,Sensitivity re-evaluation of an optimized sequence under alternate weights and thresholds.,triangle,351.2949592738249,351.2949592738249,35422.506937983875,0.25144094845830245,496.014322,0.11097919875265165,466.824974,0.2916666666666667,1.0,0.3868675450934526,0.7,0.3,0.95,0.8,0,,,results/tradeoff_20260321_163246/_sensitivity_tmp,"[15, 32, 11, (11, 14), (9, 10), 17, 28]"
sensitivity,sens::single_gini_restore::we0.70_wa0.30_ct0.95_at0.90,single_gini_restore,sensitivity,Sensitivity re-evaluation,Sensitivity re-evaluation of an optimized sequence under alternate weights and thresholds.,triangle,351.2949592738249,351.2949592738249,35422.506937983875,0.25144094845830245,496.014322,0.11097919875265165,496.014322,0.2916666666666667,1.0,0.323340143728081,0.7,0.3,0.95,0.9,0,,,results/tradeoff_20260321_163246/_sensitivity_tmp,"[15, 32, 11, (11, 14), (9, 10), 17, 28]"
sensitivity,sens::single_gini_restore::we0.70_wa0.30_ct0.95_at0.95,single_gini_restore,sensitivity,Sensitivity re-evaluation,Sensitivity re-evaluation of an optimized sequence under alternate weights and thresholds.,triangle,351.2949592738249,351.2949592738249,35422.506937983875,0.25144094845830245,496.014322,0.11097919875265165,496.014322,0.20833333333333334,1.0,0.2592518744011858,0.7,0.3,0.95,0.95,0,,,results/tradeoff_20260321_163246/_sensitivity_tmp,"[15, 32, 11, (11, 14), (9, 10), 17, 28]"
sensitivity,sens::single_gini_restore::we0.30_wa0.70_ct0.80_at0.80,single_gini_restore,sensitivity,Sensitivity re-evaluation,Sensitivity re-evaluation of an optimized sequence under alternate weights and thresholds.,triangle,351.2949592738249,351.2949592738249,36368.57773647711,0.29610356354727374,466.824974,0.2589514637561872,466.824974,0.2916666666666667,1.0,0.3868675450934526,0.3,0.7,0.8,0.8,0,,,results/tradeoff_20260321_163246/_sensitivity_tmp,"[15, 32, 11, (11, 14), (9, 10), 17, 28]"
sensitivity,sens::single_gini_restore::we0.30_wa0.70_ct0.80_at0.90,single_gini_restore,sensitivity,Sensitivity re-evaluation,Sensitivity re-evaluation of an optimized sequence under alternate weights and thresholds.,triangle,351.2949592738249,351.2949592738249,36368.57773647711,0.29610356354727374,466.824974,0.2589514637561872,496.014322,0.2916666666666667,1.0,0.323340143728081,0.3,0.7,0.8,0.9,0,,,results/tradeoff_20260321_163246/_sensitivity_tmp,"[15, 32, 11, (11, 14), (9, 10), 17, 28]"
sensitivity,sens::single_gini_restore::we0.30_wa0.70_ct0.80_at0.95,single_gini_restore,sensitivity,Sensitivity re-evaluation,Sensitivity re-evaluation of an optimized sequence under alternate weights and thresholds.,triangle,351.2949592738249,351.2949592738249,36368.57773647711,0.29610356354727374,466.824974,0.2589514637561872,496.014322,0.20833333333333334,1.0,0.2592518744011858,0.3,0.7,0.8,0.95,0,,,results/tradeoff_20260321_163246/_sensitivity_tmp,"[15, 32, 11, (11, 14), (9, 10), 17, 28]"
sensitivity,sens::single_gini_restore::we0.30_wa0.70_ct0.90_at0.80,single_gini_restore,sensitivity,Sensitivity re-evaluation,Sensitivity re-evaluation of an optimized sequence under alternate weights and thresholds.,triangle,351.2949592738249,351.2949592738249,37051.41971052197,0.2480454772605225,496.014322,0.2589514637561872,466.824974,0.2916666666666667,1.0,0.3868675450934526,0.3,0.7,0.9,0.8,0,,,results/tradeoff_20260321_163246/_sensitivity_tmp,"[15, 32, 11, (11, 14), (9, 10), 17, 28]"
sensitivity,sens::single_gini_restore::we0.30_wa0.70_ct0.90_at0.90,single_gini_restore,sensitivity,Sensitivity re-evaluation,Sensitivity re-evaluation of an optimized sequence under alternate weights and thresholds.,triangle,351.2949592738249,351.2949592738249,37051.41971052197,0.2480454772605225,496.014322,0.2589514637561872,496.014322,0.2916666666666667,1.0,0.323340143728081,0.3,0.7,0.9,0.9,0,,,results/tradeoff_20260321_163246/_sensitivity_tmp,"[15, 32, 11, (11, 14), (9, 10), 17, 28]"
sensitivity,sens::single_gini_restore::we0.30_wa0.70_ct0.90_at0.95,single_gini_restore,sensitivity,Sensitivity re-evaluation,Sensitivity re-evaluation of an optimized sequence under alternate weights and thresholds.,triangle,351.2949592738249,351.2949592738249,37051.41971052197,0.2480454772605225,496.014322,0.2589514637561872,496.014322,0.20833333333333334,1.0,0.2592518744011858,0.3,0.7,0.9,0.95,0,,,results/tradeoff_20260321_163246/_sensitivity_tmp,"[15, 32, 11, (11, 14), (9, 10), 17, 28]"
sensitivity,sens::single_gini_restore::we0.30_wa0.70_ct0.95_at0.80,single_gini_restore,sensitivity,Sensitivity re-evaluation,Sensitivity re-evaluation of an optimized sequence under alternate weights and thresholds.,triangle,351.2949592738249,351.2949592738249,38731.0953089501,0.22416294696739825,496.014322,0.2589514637561872,466.824974,0.2916666666666667,1.0,0.3868675450934526,0.3,0.7,0.95,0.8,0,,,results/tradeoff_20260321_163246/_sensitivity_tmp,"[15, 32, 11, (11, 14), (9, 10), 17, 28]"
sensitivity,sens::single_gini_restore::we0.30_wa0.70_ct0.95_at0.90,single_gini_restore,sensitivity,Sensitivity re-evaluation,Sensitivity re-evaluation of an optimized sequence under alternate weights and thresholds.,triangle,351.2949592738249,351.2949592738249,38731.0953089501,0.22416294696739825,496.014322,0.2589514637561872,496.014322,0.2916666666666667,1.0,0.323340143728081,0.3,0.7,0.95,0.9,0,,,results/tradeoff_20260321_163246/_sensitivity_tmp,"[15, 32, 11, (11, 14), (9, 10), 17, 28]"
sensitivity,sens::single_gini_restore::we0.30_wa0.70_ct0.95_at0.95,single_gini_restore,sensitivity,Sensitivity re-evaluation,Sensitivity re-evaluation of an optimized sequence under alternate weights and thresholds.,triangle,351.2949592738249,351.2949592738249,38731.0953089501,0.22416294696739825,496.014322,0.2589514637561872,496.014322,0.20833333333333334,1.0,0.2592518744011858,0.3,0.7,0.95,0.95,0,,,results/tradeoff_20260321_163246/_sensitivity_tmp,"[15, 32, 11, (11, 14), (9, 10), 17, 28]"
sensitivity,sens::single_maximin_time_avg_cri::we0.50_wa0.50_ct0.80_at0.80,single_maximin_time_avg_cri,sensitivity,Sensitivity re-evaluation,Sensitivity re-evaluation of an optimized sequence under alternate weights and thresholds.,triangle,309.40894362854505,309.40894362854505,21481.98118390409,0.3082833136300329,377.06125629999997,0.5746521285396354,394.490668,0.2916666666666667,1.0,0.5296776166821312,0.5,0.5,0.8,0.8,0,,,results/tradeoff_20260321_163246/_sensitivity_tmp,"[15, 28, 32, 11, (9, 10), 17, (11, 14)]"
sensitivity,sens::single_maximin_time_avg_cri::we0.50_wa0.50_ct0.80_at0.90,single_maximin_time_avg_cri,sensitivity,Sensitivity re-evaluation,Sensitivity re-evaluation of an optimized sequence under alternate weights and thresholds.,triangle,309.40894362854505,309.40894362854505,21481.98118390409,0.3082833136300329,377.06125629999997,0.5746521285396354,479.93886019999997,0.2916666666666667,1.0,0.471547210886011,0.5,0.5,0.8,0.9,0,,,results/tradeoff_20260321_163246/_sensitivity_tmp,"[15, 28, 32, 11, (9, 10), 17, (11, 14)]"
sensitivity,sens::single_maximin_time_avg_cri::we0.50_wa0.50_ct0.80_at0.95,single_maximin_time_avg_cri,sensitivity,Sensitivity re-evaluation,Sensitivity re-evaluation of an optimized sequence under alternate weights and thresholds.,triangle,309.40894362854505,309.40894362854505,21481.98118390409,0.3082833136300329,377.06125629999997,0.5746521285396354,479.93886019999997,0.20833333333333334,1.0,0.42138833122592206,0.5,0.5,0.8,0.95,0,,,results/tradeoff_20260321_163246/_sensitivity_tmp,"[15, 28, 32, 11, (9, 10), 17, (11, 14)]"
sensitivity,sens::single_maximin_time_avg_cri::we0.50_wa0.50_ct0.90_at0.80,single_maximin_time_avg_cri,sensitivity,Sensitivity re-evaluation,Sensitivity re-evaluation of an optimized sequence under alternate weights and thresholds.,triangle,309.40894362854505,309.40894362854505,24427.388872190946,0.28377802341973557,394.490668,0.5746521285396354,394.490668,0.2916666666666667,1.0,0.5296776166821312,0.5,0.5,0.9,0.8,0,,,results/tradeoff_20260321_163246/_sensitivity_tmp,"[15, 28, 32, 11, (9, 10), 17, (11, 14)]"
sensitivity,sens::single_maximin_time_avg_cri::we0.50_wa0.50_ct0.90_at0.90,single_maximin_time_avg_cri,sensitivity,Sensitivity re-evaluation,Sensitivity re-evaluation of an optimized sequence under alternate weights and thresholds.,triangle,309.40894362854505,309.40894362854505,24427.388872190946,0.28377802341973557,394.490668,0.5746521285396354,479.93886019999997,0.2916666666666667,1.0,0.471547210886011,0.5,0.5,0.9,0.9,1,,,results/tradeoff_20260321_163246/_sensitivity_tmp,"[15, 28, 32, 11, (9, 10), 17, (11, 14)]"
sensitivity,sens::single_maximin_time_avg_cri::we0.50_wa0.50_ct0.90_at0.95,single_maximin_time_avg_cri,sensitivity,Sensitivity re-evaluation,Sensitivity re-evaluation of an optimized sequence under alternate weights and thresholds.,triangle,309.40894362854505,309.40894362854505,24427.388872190946,0.28377802341973557,394.490668,0.5746521285396354,479.93886019999997,0.20833333333333334,1.0,0.42138833122592206,0.5,0.5,0.9,0.95,0,,,results/tradeoff_20260321_163246/_sensitivity_tmp,"[15, 28, 32, 11, (9, 10), 17, (11, 14)]"
sensitivity,sens::single_maximin_time_avg_cri::we0.50_wa0.50_ct0.95_at0.80,single_maximin_time_avg_cri,sensitivity,Sensitivity re-evaluation,Sensitivity re-evaluation of an optimized sequence under alternate weights and thresholds.,triangle,309.40894362854505,309.40894362854505,30705.840746899932,0.30609369833221933,479.93886019999997,0.5746521285396354,394.490668,0.2916666666666667,1.0,0.5296776166821312,0.5,0.5,0.95,0.8,0,,,results/tradeoff_20260321_163246/_sensitivity_tmp,"[15, 28, 32, 11, (9, 10), 17, (11, 14)]"
sensitivity,sens::single_maximin_time_avg_cri::we0.50_wa0.50_ct0.95_at0.90,single_maximin_time_avg_cri,sensitivity,Sensitivity re-evaluation,Sensitivity re-evaluation of an optimized sequence under alternate weights and thresholds.,triangle,309.40894362854505,309.40894362854505,30705.840746899932,0.30609369833221933,479.93886019999997,0.5746521285396354,479.93886019999997,0.2916666666666667,1.0,0.471547210886011,0.5,0.5,0.95,0.9,0,,,results/tradeoff_20260321_163246/_sensitivity_tmp,"[15, 28, 32, 11, (9, 10), 17, (11, 14)]"
sensitivity,sens::single_maximin_time_avg_cri::we0.50_wa0.50_ct0.95_at0.95,single_maximin_time_avg_cri,sensitivity,Sensitivity re-evaluation,Sensitivity re-evaluation of an optimized sequence under alternate weights and thresholds.,triangle,309.40894362854505,309.40894362854505,30705.840746899932,0.30609369833221933,479.93886019999997,0.5746521285396354,479.93886019999997,0.20833333333333334,1.0,0.42138833122592206,0.5,0.5,0.95,0.95,0,,,results/tradeoff_20260321_163246/_sensitivity_tmp,"[15, 28, 32, 11, (9, 10), 17, (11, 14)]"
sensitivity,sens::single_maximin_time_avg_cri::we0.70_wa0.30_ct0.80_at0.80,single_maximin_time_avg_cri,sensitivity,Sensitivity re-evaluation,Sensitivity re-evaluation of an optimized sequence under alternate weights and thresholds.,triangle,309.40894362854505,309.40894362854505,20471.949970566708,0.6856875241460152,299.904067,0.4549938544208387,394.490668,0.2916666666666667,1.0,0.5296776166821312,0.7,0.3,0.8,0.8,0,,,results/tradeoff_20260321_163246/_sensitivity_tmp,"[15, 28, 32, 11, (9, 10), 17, (11, 14)]"
sensitivity,sens::single_maximin_time_avg_cri::we0.70_wa0.30_ct0.80_at0.90,single_maximin_time_avg_cri,sensitivity,Sensitivity re-evaluation,Sensitivity re-evaluation of an optimized sequence under alternate weights and thresholds.,triangle,309.40894362854505,309.40894362854505,20471.949970566708,0.6856875241460152,299.904067,0.4549938544208387,479.93886019999997,0.2916666666666667,1.0,0.471547210886011,0.7,0.3,0.8,0.9,0,,,results/tradeoff_20260321_163246/_sensitivity_tmp,"[15, 28, 32, 11, (9, 10), 17, (11, 14)]"
sensitivity,sens::single_maximin_time_avg_cri::we0.70_wa0.30_ct0.80_at0.95,single_maximin_time_avg_cri,sensitivity,Sensitivity re-evaluation,Sensitivity re-evaluation of an optimized sequence under alternate weights and thresholds.,triangle,309.40894362854505,309.40894362854505,20471.949970566708,0.6856875241460152,299.904067,0.4549938544208387,479.93886019999997,0.20833333333333334,1.0,0.42138833122592206,0.7,0.3,0.8,0.95,0,,,results/tradeoff_20260321_163246/_sensitivity_tmp,"[15, 28, 32, 11, (9, 10), 17, (11, 14)]"
sensitivity,sens::single_maximin_time_avg_cri::we0.70_wa0.30_ct0.90_at0.80,single_maximin_time_avg_cri,sensitivity,Sensitivity re-evaluation,Sensitivity re-evaluation of an optimized sequence under alternate weights and thresholds.,triangle,309.40894362854505,309.40894362854505,23356.049032993396,0.297977114248134,394.490668,0.4549938544208387,394.490668,0.2916666666666667,1.0,0.5296776166821312,0.7,0.3,0.9,0.8,0,,,results/tradeoff_20260321_163246/_sensitivity_tmp,"[15, 28, 32, 11, (9, 10), 17, (11, 14)]"
sensitivity,sens::single_maximin_time_avg_cri::we0.70_wa0.30_ct0.90_at0.90,single_maximin_time_avg_cri,sensitivity,Sensitivity re-evaluation,Sensitivity re-evaluation of an optimized sequence under alternate weights and thresholds.,triangle,309.40894362854505,309.40894362854505,23356.049032993396,0.297977114248134,394.490668,0.4549938544208387,479.93886019999997,0.2916666666666667,1.0,0.471547210886011,0.7,0.3,0.9,0.9,0,,,results/tradeoff_20260321_163246/_sensitivity_tmp,"[15, 28, 32, 11, (9, 10), 17, (11, 14)]"
sensitivity,sens::single_maximin_time_avg_cri::we0.70_wa0.30_ct0.90_at0.95,single_maximin_time_avg_cri,sensitivity,Sensitivity re-evaluation,Sensitivity re-evaluation of an optimized sequence under alternate weights and thresholds.,triangle,309.40894362854505,309.40894362854505,23356.049032993396,0.297977114248134,394.490668,0.4549938544208387,479.93886019999997,0.20833333333333334,1.0,0.42138833122592206,0.7,0.3,0.9,0.95,0,,,results/tradeoff_20260321_163246/_sensitivity_tmp,"[15, 28, 32, 11, (9, 10), 17, (11, 14)]"
sensitivity,sens::single_maximin_time_avg_cri::we0.70_wa0.30_ct0.95_at0.80,single_maximin_time_avg_cri,sensitivity,Sensitivity re-evaluation,Sensitivity re-evaluation of an optimized sequence under alternate weights and thresholds.,triangle,309.40894362854505,309.40894362854505,28358.676527471423,0.3040677769516602,394.490668,0.4549938544208387,394.490668,0.2916666666666667,1.0,0.5296776166821312,0.7,0.3,0.95,0.8,0,,,results/tradeoff_20260321_163246/_sensitivity_tmp,"[15, 28, 32, 11, (9, 10), 17, (11, 14)]"
sensitivity,sens::single_maximin_time_avg_cri::we0.70_wa0.30_ct0.95_at0.90,single_maximin_time_avg_cri,sensitivity,Sensitivity re-evaluation,Sensitivity re-evaluation of an optimized sequence under alternate weights and thresholds.,triangle,309.40894362854505,309.40894362854505,28358.676527471423,0.3040677769516602,394.490668,0.4549938544208387,479.93886019999997,0.2916666666666667,1.0,0.471547210886011,0.7,0.3,0.95,0.9,0,,,results/tradeoff_20260321_163246/_sensitivity_tmp,"[15, 28, 32, 11, (9, 10), 17, (11, 14)]"
sensitivity,sens::single_maximin_time_avg_cri::we0.70_wa0.30_ct0.95_at0.95,single_maximin_time_avg_cri,sensitivity,Sensitivity re-evaluation,Sensitivity re-evaluation of an optimized sequence under alternate weights and thresholds.,triangle,309.40894362854505,309.40894362854505,28358.676527471423,0.3040677769516602,394.490668,0.4549938544208387,479.93886019999997,0.20833333333333334,1.0,0.42138833122592206,0.7,0.3,0.95,0.95,0,,,results/tradeoff_20260321_163246/_sensitivity_tmp,"[15, 28, 32, 11, (9, 10), 17, (11, 14)]"
sensitivity,sens::single_maximin_time_avg_cri::we0.30_wa0.70_ct0.80_at0.80,single_maximin_time_avg_cri,sensitivity,Sensitivity re-evaluation,Sensitivity re-evaluation of an optimized sequence under alternate weights and thresholds.,triangle,309.40894362854505,309.40894362854505,23896.223589205994,0.3010806113962927,394.490668,0.520087201283257,394.490668,0.2916666666666667,1.0,0.5296776166821312,0.3,0.7,0.8,0.8,0,,,results/tradeoff_20260321_163246/_sensitivity_tmp,"[15, 28, 32, 11, (9, 10), 17, (11, 14)]"
sensitivity,sens::single_maximin_time_avg_cri::we0.30_wa0.70_ct0.80_at0.90,single_maximin_time_avg_cri,sensitivity,Sensitivity re-evaluation,Sensitivity re-evaluation of an optimized sequence under alternate weights and thresholds.,triangle,309.40894362854505,309.40894362854505,23896.223589205994,0.3010806113962927,394.490668,0.520087201283257,479.93886019999997,0.2916666666666667,1.0,0.471547210886011,0.3,0.7,0.8,0.9,0,,,results/tradeoff_20260321_163246/_sensitivity_tmp,"[15, 28, 32, 11, (9, 10), 17, (11, 14)]"
sensitivity,sens::single_maximin_time_avg_cri::we0.30_wa0.70_ct0.80_at0.95,single_maximin_time_avg_cri,sensitivity,Sensitivity re-evaluation,Sensitivity re-evaluation of an optimized sequence under alternate weights and thresholds.,triangle,309.40894362854505,309.40894362854505,23896.223589205994,0.3010806113962927,394.490668,0.520087201283257,479.93886019999997,0.20833333333333334,1.0,0.42138833122592206,0.3,0.7,0.8,0.95,0,,,results/tradeoff_20260321_163246/_sensitivity_tmp,"[15, 28, 32, 11, (9, 10), 17, (11, 14)]"
sensitivity,sens::single_maximin_time_avg_cri::we0.30_wa0.70_ct0.90_at0.80,single_maximin_time_avg_cri,sensitivity,Sensitivity re-evaluation,Sensitivity re-evaluation of an optimized sequence under alternate weights and thresholds.,triangle,309.40894362854505,309.40894362854505,28725.73215828375,0.30119009838974176,394.490668,0.520087201283257,394.490668,0.2916666666666667,1.0,0.5296776166821312,0.3,0.7,0.9,0.8,0,,,results/tradeoff_20260321_163246/_sensitivity_tmp,"[15, 28, 32, 11, (9, 10), 17, (11, 14)]"
sensitivity,sens::single_maximin_time_avg_cri::we0.30_wa0.70_ct0.90_at0.90,single_maximin_time_avg_cri,sensitivity,Sensitivity re-evaluation,Sensitivity re-evaluation of an optimized sequence under alternate weights and thresholds.,triangle,309.40894362854505,309.40894362854505,28725.73215828375,0.30119009838974176,394.490668,0.520087201283257,479.93886019999997,0.2916666666666667,1.0,0.471547210886011,0.3,0.7,0.9,0.9,0,,,results/tradeoff_20260321_163246/_sensitivity_tmp,"[15, 28, 32, 11, (9, 10), 17, (11, 14)]"
sensitivity,sens::single_maximin_time_avg_cri::we0.30_wa0.70_ct0.90_at0.95,single_maximin_time_avg_cri,sensitivity,Sensitivity re-evaluation,Sensitivity re-evaluation of an optimized sequence under alternate weights and thresholds.,triangle,309.40894362854505,309.40894362854505,28725.73215828375,0.30119009838974176,394.490668,0.520087201283257,479.93886019999997,0.20833333333333334,1.0,0.42138833122592206,0.3,0.7,0.9,0.95,0,,,results/tradeoff_20260321_163246/_sensitivity_tmp,"[15, 28, 32, 11, (9, 10), 17, (11, 14)]"
sensitivity,sens::single_maximin_time_avg_cri::we0.30_wa0.70_ct0.95_at0.80,single_maximin_time_avg_cri,sensitivity,Sensitivity re-evaluation,Sensitivity re-evaluation of an optimized sequence under alternate weights and thresholds.,triangle,309.40894362854505,309.40894362854505,30473.326009608263,0.3039644552030547,479.93886019999997,0.520087201283257,394.490668,0.2916666666666667,1.0,0.5296776166821312,0.3,0.7,0.95,0.8,0,,,results/tradeoff_20260321_163246/_sensitivity_tmp,"[15, 28, 32, 11, (9, 10), 17, (11, 14)]"
sensitivity,sens::single_maximin_time_avg_cri::we0.30_wa0.70_ct0.95_at0.90,single_maximin_time_avg_cri,sensitivity,Sensitivity re-evaluation,Sensitivity re-evaluation of an optimized sequence under alternate weights and thresholds.,triangle,309.40894362854505,309.40894362854505,30473.326009608263,0.3039644552030547,479.93886019999997,0.520087201283257,479.93886019999997,0.2916666666666667,1.0,0.471547210886011,0.3,0.7,0.95,0.9,0,,,results/tradeoff_20260321_163246/_sensitivity_tmp,"[15, 28, 32, 11, (9, 10), 17, (11, 14)]"
sensitivity,sens::single_maximin_time_avg_cri::we0.30_wa0.70_ct0.95_at0.95,single_maximin_time_avg_cri,sensitivity,Sensitivity re-evaluation,Sensitivity re-evaluation of an optimized sequence under alternate weights and thresholds.,triangle,309.40894362854505,309.40894362854505,30473.326009608263,0.3039644552030547,479.93886019999997,0.520087201283257,479.93886019999997,0.20833333333333334,1.0,0.42138833122592206,0.3,0.7,0.95,0.95,0,,,results/tradeoff_20260321_163246/_sensitivity_tmp,"[15, 28, 32, 11, (9, 10), 17, (11, 14)]"
sensitivity,sens::single_p90_access_restore::we0.50_wa0.50_ct0.80_at0.80,single_p90_access_restore,sensitivity,Sensitivity re-evaluation,Sensitivity re-evaluation of an optimized sequence under alternate weights and thresholds.,triangle,162.11426303450347,162.11426303450347,9810.36798456462,0.4566810581738048,256.110255,0.28244297995636986,226.920907,0.2916666666666667,1.0,0.5109788124614688,0.5,0.5,0.8,0.8,0,,,results/tradeoff_20260321_163246/_sensitivity_tmp,"[15, 11, (11, 14), (9, 10), 17, 28, 32]"
sensitivity,sens::single_p90_access_restore::we0.50_wa0.50_ct0.80_at0.90,single_p90_access_restore,sensitivity,Sensitivity re-evaluation,Sensitivity re-evaluation of an optimized sequence under alternate weights and thresholds.,triangle,162.11426303450347,162.11426303450347,9810.36798456462,0.4566810581738048,256.110255,0.28244297995636986,256.110255,0.2916666666666667,1.0,0.39081968406063006,0.5,0.5,0.8,0.9,0,,,results/tradeoff_20260321_163246/_sensitivity_tmp,"[15, 11, (11, 14), (9, 10), 17, 28, 32]"
sensitivity,sens::single_p90_access_restore::we0.50_wa0.50_ct0.80_at0.95,single_p90_access_restore,sensitivity,Sensitivity re-evaluation,Sensitivity re-evaluation of an optimized sequence under alternate weights and thresholds.,triangle,162.11426303450347,162.11426303450347,9810.36798456462,0.4566810581738048,256.110255,0.28244297995636986,276.110255,0.20833333333333334,1.0,0.32696828090165164,0.5,0.5,0.8,0.95,0,,,results/tradeoff_20260321_163246/_sensitivity_tmp,"[15, 11, (11, 14), (9, 10), 17, 28, 32]"
sensitivity,sens::single_p90_access_restore::we0.50_wa0.50_ct0.90_at0.80,single_p90_access_restore,sensitivity,Sensitivity re-evaluation,Sensitivity re-evaluation of an optimized sequence under alternate weights and thresholds.,triangle,162.11426303450347,162.11426303450347,9691.524503871415,0.3390998236682041,270.11025499999994,0.28244297995636986,226.920907,0.2916666666666667,1.0,0.5109788124614688,0.5,0.5,0.9,0.8,0,,,results/tradeoff_20260321_163246/_sensitivity_tmp,"[15, 11, (11, 14), (9, 10), 17, 28, 32]"
sensitivity,sens::single_p90_access_restore::we0.50_wa0.50_ct0.90_at0.90,single_p90_access_restore,sensitivity,Sensitivity re-evaluation,Sensitivity re-evaluation of an optimized sequence under alternate weights and thresholds.,triangle,162.11426303450347,162.11426303450347,9691.524503871415,0.3390998236682041,270.11025499999994,0.28244297995636986,256.110255,0.2916666666666667,1.0,0.39081968406063006,0.5,0.5,0.9,0.9,1,,,results/tradeoff_20260321_163246/_sensitivity_tmp,"[15, 11, (11, 14), (9, 10), 17, 28, 32]"
sensitivity,sens::single_p90_access_restore::we0.50_wa0.50_ct0.90_at0.95,single_p90_access_restore,sensitivity,Sensitivity re-evaluation,Sensitivity re-evaluation of an optimized sequence under alternate weights and thresholds.,triangle,162.11426303450347,162.11426303450347,9691.524503871415,0.3390998236682041,270.11025499999994,0.28244297995636986,276.110255,0.20833333333333334,1.0,0.32696828090165164,0.5,0.5,0.9,0.95,0,,,results/tradeoff_20260321_163246/_sensitivity_tmp,"[15, 11, (11, 14), (9, 10), 17, 28, 32]"
sensitivity,sens::single_p90_access_restore::we0.50_wa0.50_ct0.95_at0.80,single_p90_access_restore,sensitivity,Sensitivity re-evaluation,Sensitivity re-evaluation of an optimized sequence under alternate weights and thresholds.,triangle,162.11426303450347,162.11426303450347,10026.115111474755,0.2593209217057184,270.11025499999994,0.28244297995636986,226.920907,0.2916666666666667,1.0,0.5109788124614688,0.5,0.5,0.95,0.8,0,,,results/tradeoff_20260321_163246/_sensitivity_tmp,"[15, 11, (11, 14), (9, 10), 17, 28, 32]"
sensitivity,sens::single_p90_access_restore::we0.50_wa0.50_ct0.95_at0.90,single_p90_access_restore,sensitivity,Sensitivity re-evaluation,Sensitivity re-evaluation of an optimized sequence under alternate weights and thresholds.,triangle,162.11426303450347,162.11426303450347,10026.115111474755,0.2593209217057184,270.11025499999994,0.28244297995636986,256.110255,0.2916666666666667,1.0,0.39081968406063006,0.5,0.5,0.95,0.9,0,,,results/tradeoff_20260321_163246/_sensitivity_tmp,"[15, 11, (11, 14), (9, 10), 17, 28, 32]"
sensitivity,sens::single_p90_access_restore::we0.50_wa0.50_ct0.95_at0.95,single_p90_access_restore,sensitivity,Sensitivity re-evaluation,Sensitivity re-evaluation of an optimized sequence under alternate weights and thresholds.,triangle,162.11426303450347,162.11426303450347,10026.115111474755,0.2593209217057184,270.11025499999994,0.28244297995636986,276.110255,0.20833333333333334,1.0,0.32696828090165164,0.5,0.5,0.95,0.95,0,,,results/tradeoff_20260321_163246/_sensitivity_tmp,"[15, 11, (11, 14), (9, 10), 17, 28, 32]"
sensitivity,sens::single_p90_access_restore::we0.70_wa0.30_ct0.80_at0.80,single_p90_access_restore,sensitivity,Sensitivity re-evaluation,Sensitivity re-evaluation of an optimized sequence under alternate weights and thresholds.,triangle,162.11426303450347,162.11426303450347,11552.734129219614,0.7262182402233075,256.110255,0.1984397208688533,226.920907,0.2916666666666667,1.0,0.5109788124614688,0.7,0.3,0.8,0.8,0,,,results/tradeoff_20260321_163246/_sensitivity_tmp,"[15, 11, (11, 14), (9, 10), 17, 28, 32]"
sensitivity,sens::single_p90_access_restore::we0.70_wa0.30_ct0.80_at0.90,single_p90_access_restore,sensitivity,Sensitivity re-evaluation,Sensitivity re-evaluation of an optimized sequence under alternate weights and thresholds.,triangle,162.11426303450347,162.11426303450347,11552.734129219614,0.7262182402233075,256.110255,0.1984397208688533,256.110255,0.2916666666666667,1.0,0.39081968406063006,0.7,0.3,0.8,0.9,0,,,results/tradeoff_20260321_163246/_sensitivity_tmp,"[15, 11, (11, 14), (9, 10), 17, 28, 32]"
sensitivity,sens::single_p90_access_restore::we0.70_wa0.30_ct0.80_at0.95,single_p90_access_restore,sensitivity,Sensitivity re-evaluation,Sensitivity re-evaluation of an optimized sequence under alternate weights and thresholds.,triangle,162.11426303450347,162.11426303450347,11552.734129219614,0.7262182402233075,256.110255,0.1984397208688533,276.110255,0.20833333333333334,1.0,0.32696828090165164,0.7,0.3,0.8,0.95,0,,,results/tradeoff_20260321_163246/_sensitivity_tmp,"[15, 11, (11, 14), (9, 10), 17, 28, 32]"
sensitivity,sens::single_p90_access_restore::we0.70_wa0.30_ct0.90_at0.80,single_p90_access_restore,sensitivity,Sensitivity re-evaluation,Sensitivity re-evaluation of an optimized sequence under alternate weights and thresholds.,triangle,162.11426303450347,162.11426303450347,9391.7717741832,0.3832906035303645,256.110255,0.1984397208688533,226.920907,0.2916666666666667,1.0,0.5109788124614688,0.7,0.3,0.9,0.8,0,,,results/tradeoff_20260321_163246/_sensitivity_tmp,"[15, 11, (11, 14), (9, 10), 17, 28, 32]"
sensitivity,sens::single_p90_access_restore::we0.70_wa0.30_ct0.90_at0.90,single_p90_access_restore,sensitivity,Sensitivity re-evaluation,Sensitivity re-evaluation of an optimized sequence under alternate weights and thresholds.,triangle,162.11426303450347,162.11426303450347,9391.7717741832,0.3832906035303645,256.110255,0.1984397208688533,256.110255,0.2916666666666667,1.0,0.39081968406063006,0.7,0.3,0.9,0.9,0,,,results/tradeoff_20260321_163246/_sensitivity_tmp,"[15, 11, (11, 14), (9, 10), 17, 28, 32]"
sensitivity,sens::single_p90_access_restore::we0.70_wa0.30_ct0.90_at0.95,single_p90_access_restore,sensitivity,Sensitivity re-evaluation,Sensitivity re-evaluation of an optimized sequence under alternate weights and thresholds.,triangle,162.11426303450347,162.11426303450347,9391.7717741832,0.3832906035303645,256.110255,0.1984397208688533,276.110255,0.20833333333333334,1.0,0.32696828090165164,0.7,0.3,0.9,0.95,0,,,results/tradeoff_20260321_163246/_sensitivity_tmp,"[15, 11, (11, 14), (9, 10), 17, 28, 32]"
sensitivity,sens::single_p90_access_restore::we0.70_wa0.30_ct0.95_at0.80,single_p90_access_restore,sensitivity,Sensitivity re-evaluation,Sensitivity re-evaluation of an optimized sequence under alternate weights and thresholds.,triangle,162.11426303450347,162.11426303450347,10004.239780357111,0.310936909181283,270.11025499999994,0.1984397208688533,226.920907,0.2916666666666667,1.0,0.5109788124614688,0.7,0.3,0.95,0.8,0,,,results/tradeoff_20260321_163246/_sensitivity_tmp,"[15, 11, (11, 14), (9, 10), 17, 28, 32]"
sensitivity,sens::single_p90_access_restore::we0.70_wa0.30_ct0.95_at0.90,single_p90_access_restore,sensitivity,Sensitivity re-evaluation,Sensitivity re-evaluation of an optimized sequence under alternate weights and thresholds.,triangle,162.11426303450347,162.11426303450347,10004.239780357111,0.310936909181283,270.11025499999994,0.1984397208688533,256.110255,0.2916666666666667,1.0,0.39081968406063006,0.7,0.3,0.95,0.9,0,,,results/tradeoff_20260321_163246/_sensitivity_tmp,"[15, 11, (11, 14), (9, 10), 17, 28, 32]"
sensitivity,sens::single_p90_access_restore::we0.70_wa0.30_ct0.95_at0.95,single_p90_access_restore,sensitivity,Sensitivity re-evaluation,Sensitivity re-evaluation of an optimized sequence under alternate weights and thresholds.,triangle,162.11426303450347,162.11426303450347,10004.239780357111,0.310936909181283,270.11025499999994,0.1984397208688533,276.110255,0.20833333333333334,1.0,0.32696828090165164,0.7,0.3,0.95,0.95,0,,,results/tradeoff_20260321_163246/_sensitivity_tmp,"[15, 11, (11, 14), (9, 10), 17, 28, 32]"
sensitivity,sens::single_p90_access_restore::we0.30_wa0.70_ct0.80_at0.80,single_p90_access_restore,sensitivity,Sensitivity re-evaluation,Sensitivity re-evaluation of an optimized sequence under alternate weights and thresholds.,triangle,162.11426303450347,162.11426303450347,9535.548507897505,0.3679425849198843,256.110255,0.36644623904388646,226.920907,0.2916666666666667,1.0,0.5109788124614688,0.3,0.7,0.8,0.8,0,,,results/tradeoff_20260321_163246/_sensitivity_tmp,"[15, 11, (11, 14), (9, 10), 17, 28, 32]"
sensitivity,sens::single_p90_access_restore::we0.30_wa0.70_ct0.80_at0.90,single_p90_access_restore,sensitivity,Sensitivity re-evaluation,Sensitivity re-evaluation of an optimized sequence under alternate weights and thresholds.,triangle,162.11426303450347,162.11426303450347,9535.548507897505,0.3679425849198843,256.110255,0.36644623904388646,256.110255,0.2916666666666667,1.0,0.39081968406063006,0.3,0.7,0.8,0.9,0,,,results/tradeoff_20260321_163246/_sensitivity_tmp,"[15, 11, (11, 14), (9, 10), 17, 28, 32]"
sensitivity,sens::single_p90_access_restore::we0.30_wa0.70_ct0.80_at0.95,single_p90_access_restore,sensitivity,Sensitivity re-evaluation,Sensitivity re-evaluation of an optimized sequence under alternate weights and thresholds.,triangle,162.11426303450347,162.11426303450347,9535.548507897505,0.3679425849198843,256.110255,0.36644623904388646,276.110255,0.20833333333333334,1.0,0.32696828090165164,0.3,0.7,0.8,0.95,0,,,results/tradeoff_20260321_163246/_sensitivity_tmp,"[15, 11, (11, 14), (9, 10), 17, 28, 32]"
sensitivity,sens::single_p90_access_restore::we0.30_wa0.70_ct0.90_at0.80,single_p90_access_restore,sensitivity,Sensitivity re-evaluation,Sensitivity re-evaluation of an optimized sequence under alternate weights and thresholds.,triangle,162.11426303450347,162.11426303450347,10574.045911175328,0.29952992133164424,270.11025499999994,0.36644623904388646,226.920907,0.2916666666666667,1.0,0.5109788124614688,0.3,0.7,0.9,0.8,0,,,results/tradeoff_20260321_163246/_sensitivity_tmp,"[15, 11, (11, 14), (9, 10), 17, 28, 32]"
sensitivity,sens::single_p90_access_restore::we0.30_wa0.70_ct0.90_at0.90,single_p90_access_restore,sensitivity,Sensitivity re-evaluation,Sensitivity re-evaluation of an optimized sequence under alternate weights and thresholds.,triangle,162.11426303450347,162.11426303450347,10574.045911175328,0.29952992133164424,270.11025499999994,0.36644623904388646,256.110255,0.2916666666666667,1.0,0.39081968406063006,0.3,0.7,0.9,0.9,0,,,results/tradeoff_20260321_163246/_sensitivity_tmp,"[15, 11, (11, 14), (9, 10), 17, 28, 32]"
sensitivity,sens::single_p90_access_restore::we0.30_wa0.70_ct0.90_at0.95,single_p90_access_restore,sensitivity,Sensitivity re-evaluation,Sensitivity re-evaluation of an optimized sequence under alternate weights and thresholds.,triangle,162.11426303450347,162.11426303450347,10574.045911175328,0.29952992133164424,270.11025499999994,0.36644623904388646,276.110255,0.20833333333333334,1.0,0.32696828090165164,0.3,0.7,0.9,0.95,0,,,results/tradeoff_20260321_163246/_sensitivity_tmp,"[15, 11, (11, 14), (9, 10), 17, 28, 32]"
sensitivity,sens::single_p90_access_restore::we0.30_wa0.70_ct0.95_at0.80,single_p90_access_restore,sensitivity,Sensitivity re-evaluation,Sensitivity re-evaluation of an optimized sequence under alternate weights and thresholds.,triangle,162.11426303450347,162.11426303450347,10892.789721135568,0.2536571450115461,276.110255,0.36644623904388646,226.920907,0.2916666666666667,1.0,0.5109788124614688,0.3,0.7,0.95,0.8,0,,,results/tradeoff_20260321_163246/_sensitivity_tmp,"[15, 11, (11, 14), (9, 10), 17, 28, 32]"
sensitivity,sens::single_p90_access_restore::we0.30_wa0.70_ct0.95_at0.90,single_p90_access_restore,sensitivity,Sensitivity re-evaluation,Sensitivity re-evaluation of an optimized sequence under alternate weights and thresholds.,triangle,162.11426303450347,162.11426303450347,10892.789721135568,0.2536571450115461,276.110255,0.36644623904388646,256.110255,0.2916666666666667,1.0,0.39081968406063006,0.3,0.7,0.95,0.9,0,,,results/tradeoff_20260321_163246/_sensitivity_tmp,"[15, 11, (11, 14), (9, 10), 17, 28, 32]"
sensitivity,sens::single_p90_access_restore::we0.30_wa0.70_ct0.95_at0.95,single_p90_access_restore,sensitivity,Sensitivity re-evaluation,Sensitivity re-evaluation of an optimized sequence under alternate weights and thresholds.,triangle,162.11426303450347,162.11426303450347,10892.789721135568,0.2536571450115461,276.110255,0.36644623904388646,276.110255,0.20833333333333334,1.0,0.32696828090165164,0.3,0.7,0.95,0.95,0,,,results/tradeoff_20260321_163246/_sensitivity_tmp,"[15, 11, (11, 14), (9, 10), 17, 28, 32]"
sensitivity,sens::weighted_gini_restore_l025::we0.50_wa0.50_ct0.80_at0.80,weighted_gini_restore_l025,sensitivity,Sensitivity re-evaluation,Sensitivity re-evaluation of an optimized sequence under alternate weights and thresholds.,triangle,187.33095241933765,187.33095241933765,11863.023344128631,0.549858874510514,281.016708,0.48498387808386617,281.016708,0.2916666666666667,1.0,0.554465050584084,0.5,0.5,0.8,0.8,0,,,results/tradeoff_20260321_163246/_sensitivity_tmp,"[(9, 10), 11, 15, 28, 17, 32, (11, 14)]"
sensitivity,sens::weighted_gini_restore_l025::we0.50_wa0.50_ct0.80_at0.90,weighted_gini_restore_l025,sensitivity,Sensitivity re-evaluation,Sensitivity re-evaluation of an optimized sequence under alternate weights and thresholds.,triangle,187.33095241933765,187.33095241933765,11863.023344128631,0.549858874510514,281.016708,0.48498387808386617,379.325376,0.2916666666666667,1.0,0.48758832641346944,0.5,0.5,0.8,0.9,0,,,results/tradeoff_20260321_163246/_sensitivity_tmp,"[(9, 10), 11, 15, 28, 17, 32, (11, 14)]"
sensitivity,sens::weighted_gini_restore_l025::we0.50_wa0.50_ct0.80_at0.95,weighted_gini_restore_l025,sensitivity,Sensitivity re-evaluation,Sensitivity re-evaluation of an optimized sequence under alternate weights and thresholds.,triangle,187.33095241933765,187.33095241933765,11863.023344128631,0.549858874510514,281.016708,0.48498387808386617,379.325376,0.20833333333333334,1.0,0.4408396769330121,0.5,0.5,0.8,0.95,0,,,results/tradeoff_20260321_163246/_sensitivity_tmp,"[(9, 10), 11, 15, 28, 17, 32, (11, 14)]"
sensitivity,sens::weighted_gini_restore_l025::we0.50_wa0.50_ct0.90_at0.80,weighted_gini_restore_l025,sensitivity,Sensitivity re-evaluation,Sensitivity re-evaluation of an optimized sequence under alternate weights and thresholds.,triangle,187.33095241933765,187.33095241933765,13792.438319596635,0.30992447310480076,301.44925159999997,0.48498387808386617,281.016708,0.2916666666666667,1.0,0.554465050584084,0.5,0.5,0.9,0.8,0,,,results/tradeoff_20260321_163246/_sensitivity_tmp,"[(9, 10), 11, 15, 28, 17, 32, (11, 14)]"
sensitivity,sens::weighted_gini_restore_l025::we0.50_wa0.50_ct0.90_at0.90,weighted_gini_restore_l025,sensitivity,Sensitivity re-evaluation,Sensitivity re-evaluation of an optimized sequence under alternate weights and thresholds.,triangle,187.33095241933765,187.33095241933765,13792.438319596635,0.30992447310480076,301.44925159999997,0.48498387808386617,379.325376,0.2916666666666667,1.0,0.48758832641346944,0.5,0.5,0.9,0.9,1,,,results/tradeoff_20260321_163246/_sensitivity_tmp,"[(9, 10), 11, 15, 28, 17, 32, (11, 14)]"
sensitivity,sens::weighted_gini_restore_l025::we0.50_wa0.50_ct0.90_at0.95,weighted_gini_restore_l025,sensitivity,Sensitivity re-evaluation,Sensitivity re-evaluation of an optimized sequence under alternate weights and thresholds.,triangle,187.33095241933765,187.33095241933765,13792.438319596635,0.30992447310480076,301.44925159999997,0.48498387808386617,379.325376,0.20833333333333334,1.0,0.4408396769330121,0.5,0.5,0.9,0.95,0,,,results/tradeoff_20260321_163246/_sensitivity_tmp,"[(9, 10), 11, 15, 28, 17, 32, (11, 14)]"
sensitivity,sens::weighted_gini_restore_l025::we0.50_wa0.50_ct0.95_at0.80,weighted_gini_restore_l025,sensitivity,Sensitivity re-evaluation,Sensitivity re-evaluation of an optimized sequence under alternate weights and thresholds.,triangle,187.33095241933765,187.33095241933765,17838.578024746825,0.3205995348978148,379.325376,0.48498387808386617,281.016708,0.2916666666666667,1.0,0.554465050584084,0.5,0.5,0.95,0.8,0,,,results/tradeoff_20260321_163246/_sensitivity_tmp,"[(9, 10), 11, 15, 28, 17, 32, (11, 14)]"
sensitivity,sens::weighted_gini_restore_l025::we0.50_wa0.50_ct0.95_at0.90,weighted_gini_restore_l025,sensitivity,Sensitivity re-evaluation,Sensitivity re-evaluation of an optimized sequence under alternate weights and thresholds.,triangle,187.33095241933765,187.33095241933765,17838.578024746825,0.3205995348978148,379.325376,0.48498387808386617,379.325376,0.2916666666666667,1.0,0.48758832641346944,0.5,0.5,0.95,0.9,0,,,results/tradeoff_20260321_163246/_sensitivity_tmp,"[(9, 10), 11, 15, 28, 17, 32, (11, 14)]"
sensitivity,sens::weighted_gini_restore_l025::we0.50_wa0.50_ct0.95_at0.95,weighted_gini_restore_l025,sensitivity,Sensitivity re-evaluation,Sensitivity re-evaluation of an optimized sequence under alternate weights and thresholds.,triangle,187.33095241933765,187.33095241933765,17838.578024746825,0.3205995348978148,379.325376,0.48498387808386617,379.325376,0.20833333333333334,1.0,0.4408396769330121,0.5,0.5,0.95,0.95,0,,,results/tradeoff_20260321_163246/_sensitivity_tmp,"[(9, 10), 11, 15, 28, 17, 32, (11, 14)]"
sensitivity,sens::weighted_gini_restore_l025::we0.70_wa0.30_ct0.80_at0.80,weighted_gini_restore_l025,sensitivity,Sensitivity re-evaluation,Sensitivity re-evaluation of an optimized sequence under alternate weights and thresholds.,triangle,187.33095241933765,187.33095241933765,13420.886832124374,0.6909069171805842,281.016708,0.4029190744154364,281.016708,0.2916666666666667,1.0,0.554465050584084,0.7,0.3,0.8,0.8,0,,,results/tradeoff_20260321_163246/_sensitivity_tmp,"[(9, 10), 11, 15, 28, 17, 32, (11, 14)]"
sensitivity,sens::weighted_gini_restore_l025::we0.70_wa0.30_ct0.80_at0.90,weighted_gini_restore_l025,sensitivity,Sensitivity re-evaluation,Sensitivity re-evaluation of an optimized sequence under alternate weights and thresholds.,triangle,187.33095241933765,187.33095241933765,13420.886832124374,0.6909069171805842,281.016708,0.4029190744154364,379.325376,0.2916666666666667,1.0,0.48758832641346944,0.7,0.3,0.8,0.9,0,,,results/tradeoff_20260321_163246/_sensitivity_tmp,"[(9, 10), 11, 15, 28, 17, 32, (11, 14)]"
sensitivity,sens::weighted_gini_restore_l025::we0.70_wa0.30_ct0.80_at0.95,weighted_gini_restore_l025,sensitivity,Sensitivity re-evaluation,Sensitivity re-evaluation of an optimized sequence under alternate weights and thresholds.,triangle,187.33095241933765,187.33095241933765,13420.886832124374,0.6909069171805842,281.016708,0.4029190744154364,379.325376,0.20833333333333334,1.0,0.4408396769330121,0.7,0.3,0.8,0.95,0,,,results/tradeoff_20260321_163246/_sensitivity_tmp,"[(9, 10), 11, 15, 28, 17, 32, (11, 14)]"
sensitivity,sens::weighted_gini_restore_l025::we0.70_wa0.30_ct0.90_at0.80,weighted_gini_restore_l025,sensitivity,Sensitivity re-evaluation,Sensitivity re-evaluation of an optimized sequence under alternate weights and thresholds.,triangle,187.33095241933765,187.33095241933765,13839.15983276623,0.529784057353575,301.44925159999997,0.4029190744154364,281.016708,0.2916666666666667,1.0,0.554465050584084,0.7,0.3,0.9,0.8,0,,,results/tradeoff_20260321_163246/_sensitivity_tmp,"[(9, 10), 11, 15, 28, 17, 32, (11, 14)]"
sensitivity,sens::weighted_gini_restore_l025::we0.70_wa0.30_ct0.90_at0.90,weighted_gini_restore_l025,sensitivity,Sensitivity re-evaluation,Sensitivity re-evaluation of an optimized sequence under alternate weights and thresholds.,triangle,187.33095241933765,187.33095241933765,13839.15983276623,0.529784057353575,301.44925159999997,0.4029190744154364,379.325376,0.2916666666666667,1.0,0.48758832641346944,0.7,0.3,0.9,0.9,0,,,results/tradeoff_20260321_163246/_sensitivity_tmp,"[(9, 10), 11, 15, 28, 17, 32, (11, 14)]"
sensitivity,sens::weighted_gini_restore_l025::we0.70_wa0.30_ct0.90_at0.95,weighted_gini_restore_l025,sensitivity,Sensitivity re-evaluation,Sensitivity re-evaluation of an optimized sequence under alternate weights and thresholds.,triangle,187.33095241933765,187.33095241933765,13839.15983276623,0.529784057353575,301.44925159999997,0.4029190744154364,379.325376,0.20833333333333334,1.0,0.4408396769330121,0.7,0.3,0.9,0.95,0,,,results/tradeoff_20260321_163246/_sensitivity_tmp,"[(9, 10), 11, 15, 28, 17, 32, (11, 14)]"
sensitivity,sens::weighted_gini_restore_l025::we0.70_wa0.30_ct0.95_at0.80,weighted_gini_restore_l025,sensitivity,Sensitivity re-evaluation,Sensitivity re-evaluation of an optimized sequence under alternate weights and thresholds.,triangle,187.33095241933765,187.33095241933765,16133.904707752581,0.3228408439869217,310.206056,0.4029190744154364,281.016708,0.2916666666666667,1.0,0.554465050584084,0.7,0.3,0.95,0.8,0,,,results/tradeoff_20260321_163246/_sensitivity_tmp,"[(9, 10), 11, 15, 28, 17, 32, (11, 14)]"
sensitivity,sens::weighted_gini_restore_l025::we0.70_wa0.30_ct0.95_at0.90,weighted_gini_restore_l025,sensitivity,Sensitivity re-evaluation,Sensitivity re-evaluation of an optimized sequence under alternate weights and thresholds.,triangle,187.33095241933765,187.33095241933765,16133.904707752581,0.3228408439869217,310.206056,0.4029190744154364,379.325376,0.2916666666666667,1.0,0.48758832641346944,0.7,0.3,0.95,0.9,0,,,results/tradeoff_20260321_163246/_sensitivity_tmp,"[(9, 10), 11, 15, 28, 17, 32, (11, 14)]"
sensitivity,sens::weighted_gini_restore_l025::we0.70_wa0.30_ct0.95_at0.95,weighted_gini_restore_l025,sensitivity,Sensitivity re-evaluation,Sensitivity re-evaluation of an optimized sequence under alternate weights and thresholds.,triangle,187.33095241933765,187.33095241933765,16133.904707752581,0.3228408439869217,310.206056,0.4029190744154364,379.325376,0.20833333333333334,1.0,0.4408396769330121,0.7,0.3,0.95,0.95,0,,,results/tradeoff_20260321_163246/_sensitivity_tmp,"[(9, 10), 11, 15, 28, 17, 32, (11, 14)]"
sensitivity,sens::weighted_gini_restore_l025::we0.30_wa0.70_ct0.80_at0.80,weighted_gini_restore_l025,sensitivity,Sensitivity re-evaluation,Sensitivity re-evaluation of an optimized sequence under alternate weights and thresholds.,triangle,187.33095241933765,187.33095241933765,13965.513626713675,0.4722886454068247,281.016708,0.5219379719835591,281.016708,0.2916666666666667,1.0,0.554465050584084,0.3,0.7,0.8,0.8,0,,,results/tradeoff_20260321_163246/_sensitivity_tmp,"[(9, 10), 11, 15, 28, 17, 32, (11, 14)]"
sensitivity,sens::weighted_gini_restore_l025::we0.30_wa0.70_ct0.80_at0.90,weighted_gini_restore_l025,sensitivity,Sensitivity re-evaluation,Sensitivity re-evaluation of an optimized sequence under alternate weights and thresholds.,triangle,187.33095241933765,187.33095241933765,13965.513626713675,0.4722886454068247,281.016708,0.5219379719835591,379.325376,0.2916666666666667,1.0,0.48758832641346944,0.3,0.7,0.8,0.9,0,,,results/tradeoff_20260321_163246/_sensitivity_tmp,"[(9, 10), 11, 15, 28, 17, 32, (11, 14)]"
sensitivity,sens::weighted_gini_restore_l025::we0.30_wa0.70_ct0.80_at0.95,weighted_gini_restore_l025,sensitivity,Sensitivity re-evaluation,Sensitivity re-evaluation of an optimized sequence under alternate weights and thresholds.,triangle,187.33095241933765,187.33095241933765,13965.513626713675,0.4722886454068247,281.016708,0.5219379719835591,379.325376,0.20833333333333334,1.0,0.4408396769330121,0.3,0.7,0.8,0.95,0,,,results/tradeoff_20260321_163246/_sensitivity_tmp,"[(9, 10), 11, 15, 28, 17, 32, (11, 14)]"
sensitivity,sens::weighted_gini_restore_l025::we0.30_wa0.70_ct0.90_at0.80,weighted_gini_restore_l025,sensitivity,Sensitivity re-evaluation,Sensitivity re-evaluation of an optimized sequence under alternate weights and thresholds.,triangle,187.33095241933765,187.33095241933765,15798.442812014951,0.31112431567003385,310.206056,0.5219379719835591,281.016708,0.2916666666666667,1.0,0.554465050584084,0.3,0.7,0.9,0.8,0,,,results/tradeoff_20260321_163246/_sensitivity_tmp,"[(9, 10), 11, 15, 28, 17, 32, (11, 14)]"
sensitivity,sens::weighted_gini_restore_l025::we0.30_wa0.70_ct0.90_at0.90,weighted_gini_restore_l025,sensitivity,Sensitivity re-evaluation,Sensitivity re-evaluation of an optimized sequence under alternate weights and thresholds.,triangle,187.33095241933765,187.33095241933765,15798.442812014951,0.31112431567003385,310.206056,0.5219379719835591,379.325376,0.2916666666666667,1.0,0.48758832641346944,0.3,0.7,0.9,0.9,0,,,results/tradeoff_20260321_163246/_sensitivity_tmp,"[(9, 10), 11, 15, 28, 17, 32, (11, 14)]"
sensitivity,sens::weighted_gini_restore_l025::we0.30_wa0.70_ct0.90_at0.95,weighted_gini_restore_l025,sensitivity,Sensitivity re-evaluation,Sensitivity re-evaluation of an optimized sequence under alternate weights and thresholds.,triangle,187.33095241933765,187.33095241933765,15798.442812014951,0.31112431567003385,310.206056,0.5219379719835591,379.325376,0.20833333333333334,1.0,0.4408396769330121,0.3,0.7,0.9,0.95,0,,,results/tradeoff_20260321_163246/_sensitivity_tmp,"[(9, 10), 11, 15, 28, 17, 32, (11, 14)]"
sensitivity,sens::weighted_gini_restore_l025::we0.30_wa0.70_ct0.95_at0.80,weighted_gini_restore_l025,sensitivity,Sensitivity re-evaluation,Sensitivity re-evaluation of an optimized sequence under alternate weights and thresholds.,triangle,187.33095241933765,187.33095241933765,17617.493137385714,0.31736116499816536,379.325376,0.5219379719835591,281.016708,0.2916666666666667,1.0,0.554465050584084,0.3,0.7,0.95,0.8,0,,,results/tradeoff_20260321_163246/_sensitivity_tmp,"[(9, 10), 11, 15, 28, 17, 32, (11, 14)]"
sensitivity,sens::weighted_gini_restore_l025::we0.30_wa0.70_ct0.95_at0.90,weighted_gini_restore_l025,sensitivity,Sensitivity re-evaluation,Sensitivity re-evaluation of an optimized sequence under alternate weights and thresholds.,triangle,187.33095241933765,187.33095241933765,17617.493137385714,0.31736116499816536,379.325376,0.5219379719835591,379.325376,0.2916666666666667,1.0,0.48758832641346944,0.3,0.7,0.95,0.9,0,,,results/tradeoff_20260321_163246/_sensitivity_tmp,"[(9, 10), 11, 15, 28, 17, 32, (11, 14)]"
sensitivity,sens::weighted_gini_restore_l025::we0.30_wa0.70_ct0.95_at0.95,weighted_gini_restore_l025,sensitivity,Sensitivity re-evaluation,Sensitivity re-evaluation of an optimized sequence under alternate weights and thresholds.,triangle,187.33095241933765,187.33095241933765,17617.493137385714,0.31736116499816536,379.325376,0.5219379719835591,379.325376,0.20833333333333334,1.0,0.4408396769330121,0.3,0.7,0.95,0.95,0,,,results/tradeoff_20260321_163246/_sensitivity_tmp,"[(9, 10), 11, 15, 28, 17, 32, (11, 14)]"
sensitivity,sens::weighted_gini_restore_l050::we0.50_wa0.50_ct0.80_at0.80,weighted_gini_restore_l050,sensitivity,Sensitivity re-evaluation,Sensitivity re-evaluation of an optimized sequence under alternate weights and thresholds.,triangle,201.55203674249697,201.55203674249697,10712.120533580584,0.4146349815162127,251.41290849999996,0.4298895372835865,265.540576,0.2916666666666667,1.0,0.5156069567566526,0.5,0.5,0.8,0.8,0,,,results/tradeoff_20260321_163246/_sensitivity_tmp,"[15, 11, 32, 28, 17, (9, 10), (11, 14)]"
sensitivity,sens::weighted_gini_restore_l050::we0.50_wa0.50_ct0.80_at0.90,weighted_gini_restore_l050,sensitivity,Sensitivity re-evaluation,Sensitivity re-evaluation of an optimized sequence under alternate weights and thresholds.,triangle,201.55203674249697,201.55203674249697,10712.120533580584,0.4146349815162127,251.41290849999996,0.4298895372835865,303.1867496,0.2916666666666667,1.0,0.44348222364393425,0.5,0.5,0.8,0.9,0,,,results/tradeoff_20260321_163246/_sensitivity_tmp,"[15, 11, 32, 28, 17, (9, 10), (11, 14)]"
sensitivity,sens::weighted_gini_restore_l050::we0.50_wa0.50_ct0.80_at0.95,weighted_gini_restore_l050,sensitivity,Sensitivity re-evaluation,Sensitivity re-evaluation of an optimized sequence under alternate weights and thresholds.,triangle,201.55203674249697,201.55203674249697,10712.120533580584,0.4146349815162127,251.41290849999996,0.4298895372835865,303.1867496,0.20833333333333334,1.0,0.4230889186387669,0.5,0.5,0.8,0.95,0,,,results/tradeoff_20260321_163246/_sensitivity_tmp,"[15, 11, 32, 28, 17, (9, 10), (11, 14)]"
sensitivity,sens::weighted_gini_restore_l050::we0.50_wa0.50_ct0.90_at0.80,weighted_gini_restore_l050,sensitivity,Sensitivity re-evaluation,Sensitivity re-evaluation of an optimized sequence under alternate weights and thresholds.,triangle,201.55203674249697,201.55203674249697,9725.075433404036,0.2824893141798348,265.540576,0.4298895372835865,265.540576,0.2916666666666667,1.0,0.5156069567566526,0.5,0.5,0.9,0.8,0,,,results/tradeoff_20260321_163246/_sensitivity_tmp,"[15, 11, 32, 28, 17, (9, 10), (11, 14)]"
sensitivity,sens::weighted_gini_restore_l050::we0.50_wa0.50_ct0.90_at0.90,weighted_gini_restore_l050,sensitivity,Sensitivity re-evaluation,Sensitivity re-evaluation of an optimized sequence under alternate weights and thresholds.,triangle,201.55203674249697,201.55203674249697,9725.075433404036,0.2824893141798348,265.540576,0.4298895372835865,303.1867496,0.2916666666666667,1.0,0.44348222364393425,0.5,0.5,0.9,0.9,1,,,results/tradeoff_20260321_163246/_sensitivity_tmp,"[15, 11, 32, 28, 17, (9, 10), (11, 14)]"
sensitivity,sens::weighted_gini_restore_l050::we0.50_wa0.50_ct0.90_at0.95,weighted_gini_restore_l050,sensitivity,Sensitivity re-evaluation,Sensitivity re-evaluation of an optimized sequence under alternate weights and thresholds.,triangle,201.55203674249697,201.55203674249697,9725.075433404036,0.2824893141798348,265.540576,0.4298895372835865,303.1867496,0.20833333333333334,1.0,0.4230889186387669,0.5,0.5,0.9,0.95,0,,,results/tradeoff_20260321_163246/_sensitivity_tmp,"[15, 11, 32, 28, 17, (9, 10), (11, 14)]"
sensitivity,sens::weighted_gini_restore_l050::we0.50_wa0.50_ct0.95_at0.80,weighted_gini_restore_l050,sensitivity,Sensitivity re-evaluation,Sensitivity re-evaluation of an optimized sequence under alternate weights and thresholds.,triangle,201.55203674249697,201.55203674249697,11260.55514342876,0.28202970495861,303.1867496,0.4298895372835865,265.540576,0.2916666666666667,1.0,0.5156069567566526,0.5,0.5,0.95,0.8,0,,,results/tradeoff_20260321_163246/_sensitivity_tmp,"[15, 11, 32, 28, 17, (9, 10), (11, 14)]"
sensitivity,sens::weighted_gini_restore_l050::we0.50_wa0.50_ct0.95_at0.90,weighted_gini_restore_l050,sensitivity,Sensitivity re-evaluation,Sensitivity re-evaluation of an optimized sequence under alternate weights and thresholds.,triangle,201.55203674249697,201.55203674249697,11260.55514342876,0.28202970495861,303.1867496,0.4298895372835865,303.1867496,0.2916666666666667,1.0,0.44348222364393425,0.5,0.5,0.95,0.9,0,,,results/tradeoff_20260321_163246/_sensitivity_tmp,"[15, 11, 32, 28, 17, (9, 10), (11, 14)]"
sensitivity,sens::weighted_gini_restore_l050::we0.50_wa0.50_ct0.95_at0.95,weighted_gini_restore_l050,sensitivity,Sensitivity re-evaluation,Sensitivity re-evaluation of an optimized sequence under alternate weights and thresholds.,triangle,201.55203674249697,201.55203674249697,11260.55514342876,0.28202970495861,303.1867496,0.4298895372835865,303.1867496,0.20833333333333334,1.0,0.4230889186387669,0.5,0.5,0.95,0.95,0,,,results/tradeoff_20260321_163246/_sensitivity_tmp,"[15, 11, 32, 28, 17, (9, 10), (11, 14)]"
sensitivity,sens::weighted_gini_restore_l050::we0.70_wa0.30_ct0.80_at0.80,weighted_gini_restore_l050,sensitivity,Sensitivity re-evaluation,Sensitivity re-evaluation of an optimized sequence under alternate weights and thresholds.,triangle,201.55203674249697,201.55203674249697,6658.625062163657,0.7195227661834052,189.252409,0.4208650506445647,265.540576,0.2916666666666667,1.0,0.5156069567566526,0.7,0.3,0.8,0.8,0,,,results/tradeoff_20260321_163246/_sensitivity_tmp,"[15, 11, 32, 28, 17, (9, 10), (11, 14)]"
sensitivity,sens::weighted_gini_restore_l050::we0.70_wa0.30_ct0.80_at0.90,weighted_gini_restore_l050,sensitivity,Sensitivity re-evaluation,Sensitivity re-evaluation of an optimized sequence under alternate weights and thresholds.,triangle,201.55203674249697,201.55203674249697,6658.625062163657,0.7195227661834052,189.252409,0.4208650506445647,303.1867496,0.2916666666666667,1.0,0.44348222364393425,0.7,0.3,0.8,0.9,0,,,results/tradeoff_20260321_163246/_sensitivity_tmp,"[15, 11, 32, 28, 17, (9, 10), (11, 14)]"
sensitivity,sens::weighted_gini_restore_l050::we0.70_wa0.30_ct0.80_at0.95,weighted_gini_restore_l050,sensitivity,Sensitivity re-evaluation,Sensitivity re-evaluation of an optimized sequence under alternate weights and thresholds.,triangle,201.55203674249697,201.55203674249697,6658.625062163657,0.7195227661834052,189.252409,0.4208650506445647,303.1867496,0.20833333333333334,1.0,0.4230889186387669,0.7,0.3,0.8,0.95,0,,,results/tradeoff_20260321_163246/_sensitivity_tmp,"[15, 11, 32, 28, 17, (9, 10), (11, 14)]"
sensitivity,sens::weighted_gini_restore_l050::we0.70_wa0.30_ct0.90_at0.80,weighted_gini_restore_l050,sensitivity,Sensitivity re-evaluation,Sensitivity re-evaluation of an optimized sequence under alternate weights and thresholds.,triangle,201.55203674249697,201.55203674249697,11038.50637395962,0.3473737853136212,265.540576,0.4208650506445647,265.540576,0.2916666666666667,1.0,0.5156069567566526,0.7,0.3,0.9,0.8,0,,,results/tradeoff_20260321_163246/_sensitivity_tmp,"[15, 11, 32, 28, 17, (9, 10), (11, 14)]"
sensitivity,sens::weighted_gini_restore_l050::we0.70_wa0.30_ct0.90_at0.90,weighted_gini_restore_l050,sensitivity,Sensitivity re-evaluation,Sensitivity re-evaluation of an optimized sequence under alternate weights and thresholds.,triangle,201.55203674249697,201.55203674249697,11038.50637395962,0.3473737853136212,265.540576,0.4208650506445647,303.1867496,0.2916666666666667,1.0,0.44348222364393425,0.7,0.3,0.9,0.9,0,,,results/tradeoff_20260321_163246/_sensitivity_tmp,"[15, 11, 32, 28, 17, (9, 10), (11, 14)]"
sensitivity,sens::weighted_gini_restore_l050::we0.70_wa0.30_ct0.90_at0.95,weighted_gini_restore_l050,sensitivity,Sensitivity re-evaluation,Sensitivity re-evaluation of an optimized sequence under alternate weights and thresholds.,triangle,201.55203674249697,201.55203674249697,11038.50637395962,0.3473737853136212,265.540576,0.4208650506445647,303.1867496,0.20833333333333334,1.0,0.4230889186387669,0.7,0.3,0.9,0.95,0,,,results/tradeoff_20260321_163246/_sensitivity_tmp,"[15, 11, 32, 28, 17, (9, 10), (11, 14)]"
sensitivity,sens::weighted_gini_restore_l050::we0.70_wa0.30_ct0.95_at0.80,weighted_gini_restore_l050,sensitivity,Sensitivity re-evaluation,Sensitivity re-evaluation of an optimized sequence under alternate weights and thresholds.,triangle,201.55203674249697,201.55203674249697,11268.436926997385,0.3028756413270193,265.540576,0.4208650506445647,265.540576,0.2916666666666667,1.0,0.5156069567566526,0.7,0.3,0.95,0.8,0,,,results/tradeoff_20260321_163246/_sensitivity_tmp,"[15, 11, 32, 28, 17, (9, 10), (11, 14)]"
sensitivity,sens::weighted_gini_restore_l050::we0.70_wa0.30_ct0.95_at0.90,weighted_gini_restore_l050,sensitivity,Sensitivity re-evaluation,Sensitivity re-evaluation of an optimized sequence under alternate weights and thresholds.,triangle,201.55203674249697,201.55203674249697,11268.436926997385,0.3028756413270193,265.540576,0.4208650506445647,303.1867496,0.2916666666666667,1.0,0.44348222364393425,0.7,0.3,0.95,0.9,0,,,results/tradeoff_20260321_163246/_sensitivity_tmp,"[15, 11, 32, 28, 17, (9, 10), (11, 14)]"
sensitivity,sens::weighted_gini_restore_l050::we0.70_wa0.30_ct0.95_at0.95,weighted_gini_restore_l050,sensitivity,Sensitivity re-evaluation,Sensitivity re-evaluation of an optimized sequence under alternate weights and thresholds.,triangle,201.55203674249697,201.55203674249697,11268.436926997385,0.3028756413270193,265.540576,0.4208650506445647,303.1867496,0.20833333333333334,1.0,0.4230889186387669,0.7,0.3,0.95,0.95,0,,,results/tradeoff_20260321_163246/_sensitivity_tmp,"[15, 11, 32, 28, 17, (9, 10), (11, 14)]"
sensitivity,sens::weighted_gini_restore_l050::we0.30_wa0.70_ct0.80_at0.80,weighted_gini_restore_l050,sensitivity,Sensitivity re-evaluation,Sensitivity re-evaluation of an optimized sequence under alternate weights and thresholds.,triangle,201.55203674249697,201.55203674249697,10591.028212415595,0.3150507481873712,265.540576,0.43891402392260814,265.540576,0.2916666666666667,1.0,0.5156069567566526,0.3,0.7,0.8,0.8,0,,,results/tradeoff_20260321_163246/_sensitivity_tmp,"[15, 11, 32, 28, 17, (9, 10), (11, 14)]"
sensitivity,sens::weighted_gini_restore_l050::we0.30_wa0.70_ct0.80_at0.90,weighted_gini_restore_l050,sensitivity,Sensitivity re-evaluation,Sensitivity re-evaluation of an optimized sequence under alternate weights and thresholds.,triangle,201.55203674249697,201.55203674249697,10591.028212415595,0.3150507481873712,265.540576,0.43891402392260814,303.1867496,0.2916666666666667,1.0,0.44348222364393425,0.3,0.7,0.8,0.9,0,,,results/tradeoff_20260321_163246/_sensitivity_tmp,"[15, 11, 32, 28, 17, (9, 10), (11, 14)]"
sensitivity,sens::weighted_gini_restore_l050::we0.30_wa0.70_ct0.80_at0.95,weighted_gini_restore_l050,sensitivity,Sensitivity re-evaluation,Sensitivity re-evaluation of an optimized sequence under alternate weights and thresholds.,triangle,201.55203674249697,201.55203674249697,10591.028212415595,0.3150507481873712,265.540576,0.43891402392260814,303.1867496,0.20833333333333334,1.0,0.4230889186387669,0.3,0.7,0.8,0.95,0,,,results/tradeoff_20260321_163246/_sensitivity_tmp,"[15, 11, 32, 28, 17, (9, 10), (11, 14)]"
sensitivity,sens::weighted_gini_restore_l050::we0.30_wa0.70_ct0.90_at0.80,weighted_gini_restore_l050,sensitivity,Sensitivity re-evaluation,Sensitivity re-evaluation of an optimized sequence under alternate weights and thresholds.,triangle,201.55203674249697,201.55203674249697,11729.512452411182,0.30352099486347184,265.540576,0.43891402392260814,265.540576,0.2916666666666667,1.0,0.5156069567566526,0.3,0.7,0.9,0.8,0,,,results/tradeoff_20260321_163246/_sensitivity_tmp,"[15, 11, 32, 28, 17, (9, 10), (11, 14)]"
sensitivity,sens::weighted_gini_restore_l050::we0.30_wa0.70_ct0.90_at0.90,weighted_gini_restore_l050,sensitivity,Sensitivity re-evaluation,Sensitivity re-evaluation of an optimized sequence under alternate weights and thresholds.,triangle,201.55203674249697,201.55203674249697,11729.512452411182,0.30352099486347184,265.540576,0.43891402392260814,303.1867496,0.2916666666666667,1.0,0.44348222364393425,0.3,0.7,0.9,0.9,0,,,results/tradeoff_20260321_163246/_sensitivity_tmp,"[15, 11, 32, 28, 17, (9, 10), (11, 14)]"
sensitivity,sens::weighted_gini_restore_l050::we0.30_wa0.70_ct0.90_at0.95,weighted_gini_restore_l050,sensitivity,Sensitivity re-evaluation,Sensitivity re-evaluation of an optimized sequence under alternate weights and thresholds.,triangle,201.55203674249697,201.55203674249697,11729.512452411182,0.30352099486347184,265.540576,0.43891402392260814,303.1867496,0.20833333333333334,1.0,0.4230889186387669,0.3,0.7,0.9,0.95,0,,,results/tradeoff_20260321_163246/_sensitivity_tmp,"[15, 11, 32, 28, 17, (9, 10), (11, 14)]"
sensitivity,sens::weighted_gini_restore_l050::we0.30_wa0.70_ct0.95_at0.80,weighted_gini_restore_l050,sensitivity,Sensitivity re-evaluation,Sensitivity re-evaluation of an optimized sequence under alternate weights and thresholds.,triangle,201.55203674249697,201.55203674249697,11446.343683743407,0.28129053928521186,303.1867496,0.43891402392260814,265.540576,0.2916666666666667,1.0,0.5156069567566526,0.3,0.7,0.95,0.8,0,,,results/tradeoff_20260321_163246/_sensitivity_tmp,"[15, 11, 32, 28, 17, (9, 10), (11, 14)]"
sensitivity,sens::weighted_gini_restore_l050::we0.30_wa0.70_ct0.95_at0.90,weighted_gini_restore_l050,sensitivity,Sensitivity re-evaluation,Sensitivity re-evaluation of an optimized sequence under alternate weights and thresholds.,triangle,201.55203674249697,201.55203674249697,11446.343683743407,0.28129053928521186,303.1867496,0.43891402392260814,303.1867496,0.2916666666666667,1.0,0.44348222364393425,0.3,0.7,0.95,0.9,0,,,results/tradeoff_20260321_163246/_sensitivity_tmp,"[15, 11, 32, 28, 17, (9, 10), (11, 14)]"
sensitivity,sens::weighted_gini_restore_l050::we0.30_wa0.70_ct0.95_at0.95,weighted_gini_restore_l050,sensitivity,Sensitivity re-evaluation,Sensitivity re-evaluation of an optimized sequence under alternate weights and thresholds.,triangle,201.55203674249697,201.55203674249697,11446.343683743407,0.28129053928521186,303.1867496,0.43891402392260814,303.1867496,0.20833333333333334,1.0,0.4230889186387669,0.3,0.7,0.95,0.95,0,,,results/tradeoff_20260321_163246/_sensitivity_tmp,"[15, 11, 32, 28, 17, (9, 10), (11, 14)]"
sensitivity,sens::guardrail_gini_restore::we0.50_wa0.50_ct0.80_at0.80,guardrail_gini_restore,sensitivity,Sensitivity re-evaluation,Sensitivity re-evaluation of an optimized sequence under alternate weights and thresholds.,triangle,199.94889212076583,199.94889212076583,14310.47377185353,0.47260527797193164,308.97258999999997,0.2659442078881276,264.013132,0.2916666666666667,1.0,0.4895497898219018,0.5,0.5,0.8,0.8,0,,,results/tradeoff_20260321_163246/_sensitivity_tmp,"[11, 15, (11, 14), 17, (9, 10), 28, 32]"
sensitivity,sens::guardrail_gini_restore::we0.50_wa0.50_ct0.80_at0.90,guardrail_gini_restore,sensitivity,Sensitivity re-evaluation,Sensitivity re-evaluation of an optimized sequence under alternate weights and thresholds.,triangle,199.94889212076583,199.94889212076583,14310.47377185353,0.47260527797193164,308.97258999999997,0.2659442078881276,308.97258999999997,0.2916666666666667,1.0,0.3843450246366524,0.5,0.5,0.8,0.9,0,,,results/tradeoff_20260321_163246/_sensitivity_tmp,"[11, 15, (11, 14), 17, (9, 10), 28, 32]"
sensitivity,sens::guardrail_gini_restore::we0.50_wa0.50_ct0.80_at0.95,guardrail_gini_restore,sensitivity,Sensitivity re-evaluation,Sensitivity re-evaluation of an optimized sequence under alternate weights and thresholds.,triangle,199.94889212076583,199.94889212076583,14310.47377185353,0.47260527797193164,308.97258999999997,0.2659442078881276,328.97258999999997,0.20833333333333334,1.0,0.32711007447966006,0.5,0.5,0.8,0.95,0,,,results/tradeoff_20260321_163246/_sensitivity_tmp,"[11, 15, (11, 14), 17, (9, 10), 28, 32]"
sensitivity,sens::guardrail_gini_restore::we0.50_wa0.50_ct0.90_at0.80,guardrail_gini_restore,sensitivity,Sensitivity re-evaluation,Sensitivity re-evaluation of an optimized sequence under alternate weights and thresholds.,triangle,199.94889212076583,199.94889212076583,14600.585575186285,0.3295127173191157,322.97258999999997,0.2659442078881276,264.013132,0.2916666666666667,1.0,0.4895497898219018,0.5,0.5,0.9,0.8,0,,,results/tradeoff_20260321_163246/_sensitivity_tmp,"[11, 15, (11, 14), 17, (9, 10), 28, 32]"
sensitivity,sens::guardrail_gini_restore::we0.50_wa0.50_ct0.90_at0.90,guardrail_gini_restore,sensitivity,Sensitivity re-evaluation,Sensitivity re-evaluation of an optimized sequence under alternate weights and thresholds.,triangle,199.94889212076583,199.94889212076583,14600.585575186285,0.3295127173191157,322.97258999999997,0.2659442078881276,308.97258999999997,0.2916666666666667,1.0,0.3843450246366524,0.5,0.5,0.9,0.9,1,,,results/tradeoff_20260321_163246/_sensitivity_tmp,"[11, 15, (11, 14), 17, (9, 10), 28, 32]"
sensitivity,sens::guardrail_gini_restore::we0.50_wa0.50_ct0.90_at0.95,guardrail_gini_restore,sensitivity,Sensitivity re-evaluation,Sensitivity re-evaluation of an optimized sequence under alternate weights and thresholds.,triangle,199.94889212076583,199.94889212076583,14600.585575186285,0.3295127173191157,322.97258999999997,0.2659442078881276,328.97258999999997,0.20833333333333334,1.0,0.32711007447966006,0.5,0.5,0.9,0.95,0,,,results/tradeoff_20260321_163246/_sensitivity_tmp,"[11, 15, (11, 14), 17, (9, 10), 28, 32]"
sensitivity,sens::guardrail_gini_restore::we0.50_wa0.50_ct0.95_at0.80,guardrail_gini_restore,sensitivity,Sensitivity re-evaluation,Sensitivity re-evaluation of an optimized sequence under alternate weights and thresholds.,triangle,199.94889212076583,199.94889212076583,14173.485110816895,0.25944290760272715,322.97258999999997,0.2659442078881276,264.013132,0.2916666666666667,1.0,0.4895497898219018,0.5,0.5,0.95,0.8,0,,,results/tradeoff_20260321_163246/_sensitivity_tmp,"[11, 15, (11, 14), 17, (9, 10), 28, 32]"
sensitivity,sens::guardrail_gini_restore::we0.50_wa0.50_ct0.95_at0.90,guardrail_gini_restore,sensitivity,Sensitivity re-evaluation,Sensitivity re-evaluation of an optimized sequence under alternate weights and thresholds.,triangle,199.94889212076583,199.94889212076583,14173.485110816895,0.25944290760272715,322.97258999999997,0.2659442078881276,308.97258999999997,0.2916666666666667,1.0,0.3843450246366524,0.5,0.5,0.95,0.9,0,,,results/tradeoff_20260321_163246/_sensitivity_tmp,"[11, 15, (11, 14), 17, (9, 10), 28, 32]"
sensitivity,sens::guardrail_gini_restore::we0.50_wa0.50_ct0.95_at0.95,guardrail_gini_restore,sensitivity,Sensitivity re-evaluation,Sensitivity re-evaluation of an optimized sequence under alternate weights and thresholds.,triangle,199.94889212076583,199.94889212076583,14173.485110816895,0.25944290760272715,322.97258999999997,0.2659442078881276,328.97258999999997,0.20833333333333334,1.0,0.32711007447966006,0.5,0.5,0.95,0.95,0,,,results/tradeoff_20260321_163246/_sensitivity_tmp,"[11, 15, (11, 14), 17, (9, 10), 28, 32]"
sensitivity,sens::guardrail_gini_restore::we0.70_wa0.30_ct0.80_at0.80,guardrail_gini_restore,sensitivity,Sensitivity re-evaluation,Sensitivity re-evaluation of an optimized sequence under alternate weights and thresholds.,triangle,199.94889212076583,199.94889212076583,15249.448039535653,0.7449084867178672,308.97258999999997,0.18388466017388705,264.013132,0.2916666666666667,1.0,0.4895497898219018,0.7,0.3,0.8,0.8,0,,,results/tradeoff_20260321_163246/_sensitivity_tmp,"[11, 15, (11, 14), 17, (9, 10), 28, 32]"
sensitivity,sens::guardrail_gini_restore::we0.70_wa0.30_ct0.80_at0.90,guardrail_gini_restore,sensitivity,Sensitivity re-evaluation,Sensitivity re-evaluation of an optimized sequence under alternate weights and thresholds.,triangle,199.94889212076583,199.94889212076583,15249.448039535653,0.7449084867178672,308.97258999999997,0.18388466017388705,308.97258999999997,0.2916666666666667,1.0,0.3843450246366524,0.7,0.3,0.8,0.9,0,,,results/tradeoff_20260321_163246/_sensitivity_tmp,"[11, 15, (11, 14), 17, (9, 10), 28, 32]"
sensitivity,sens::guardrail_gini_restore::we0.70_wa0.30_ct0.80_at0.95,guardrail_gini_restore,sensitivity,Sensitivity re-evaluation,Sensitivity re-evaluation of an optimized sequence under alternate weights and thresholds.,triangle,199.94889212076583,199.94889212076583,15249.448039535653,0.7449084867178672,308.97258999999997,0.18388466017388705,328.97258999999997,0.20833333333333334,1.0,0.32711007447966006,0.7,0.3,0.8,0.95,0,,,results/tradeoff_20260321_163246/_sensitivity_tmp,"[11, 15, (11, 14), 17, (9, 10), 28, 32]"
sensitivity,sens::guardrail_gini_restore::we0.70_wa0.30_ct0.90_at0.80,guardrail_gini_restore,sensitivity,Sensitivity re-evaluation,Sensitivity re-evaluation of an optimized sequence under alternate weights and thresholds.,triangle,199.94889212076583,199.94889212076583,14785.188247642933,0.3804983978769618,308.97258999999997,0.18388466017388705,264.013132,0.2916666666666667,1.0,0.4895497898219018,0.7,0.3,0.9,0.8,0,,,results/tradeoff_20260321_163246/_sensitivity_tmp,"[11, 15, (11, 14), 17, (9, 10), 28, 32]"
sensitivity,sens::guardrail_gini_restore::we0.70_wa0.30_ct0.90_at0.90,guardrail_gini_restore,sensitivity,Sensitivity re-evaluation,Sensitivity re-evaluation of an optimized sequence under alternate weights and thresholds.,triangle,199.94889212076583,199.94889212076583,14785.188247642933,0.3804983978769618,308.97258999999997,0.18388466017388705,308.97258999999997,0.2916666666666667,1.0,0.3843450246366524,0.7,0.3,0.9,0.9,0,,,results/tradeoff_20260321_163246/_sensitivity_tmp,"[11, 15, (11, 14), 17, (9, 10), 28, 32]"
sensitivity,sens::guardrail_gini_restore::we0.70_wa0.30_ct0.90_at0.95,guardrail_gini_restore,sensitivity,Sensitivity re-evaluation,Sensitivity re-evaluation of an optimized sequence under alternate weights and thresholds.,triangle,199.94889212076583,199.94889212076583,14785.188247642933,0.3804983978769618,308.97258999999997,0.18388466017388705,328.97258999999997,0.20833333333333334,1.0,0.32711007447966006,0.7,0.3,0.9,0.95,0,,,results/tradeoff_20260321_163246/_sensitivity_tmp,"[11, 15, (11, 14), 17, (9, 10), 28, 32]"
sensitivity,sens::guardrail_gini_restore::we0.70_wa0.30_ct0.95_at0.80,guardrail_gini_restore,sensitivity,Sensitivity re-evaluation,Sensitivity re-evaluation of an optimized sequence under alternate weights and thresholds.,triangle,199.94889212076583,199.94889212076583,14479.340658438996,0.295979254501491,322.97258999999997,0.18388466017388705,264.013132,0.2916666666666667,1.0,0.4895497898219018,0.7,0.3,0.95,0.8,0,,,results/tradeoff_20260321_163246/_sensitivity_tmp,"[11, 15, (11, 14), 17, (9, 10), 28, 32]"
sensitivity,sens::guardrail_gini_restore::we0.70_wa0.30_ct0.95_at0.90,guardrail_gini_restore,sensitivity,Sensitivity re-evaluation,Sensitivity re-evaluation of an optimized sequence under alternate weights and thresholds.,triangle,199.94889212076583,199.94889212076583,14479.340658438996,0.295979254501491,322.97258999999997,0.18388466017388705,308.97258999999997,0.2916666666666667,1.0,0.3843450246366524,0.7,0.3,0.95,0.9,0,,,results/tradeoff_20260321_163246/_sensitivity_tmp,"[11, 15, (11, 14), 17, (9, 10), 28, 32]"
sensitivity,sens::guardrail_gini_restore::we0.70_wa0.30_ct0.95_at0.95,guardrail_gini_restore,sensitivity,Sensitivity re-evaluation,Sensitivity re-evaluation of an optimized sequence under alternate weights and thresholds.,triangle,199.94889212076583,199.94889212076583,14479.340658438996,0.295979254501491,322.97258999999997,0.18388466017388705,328.97258999999997,0.20833333333333334,1.0,0.32711007447966006,0.7,0.3,0.95,0.95,0,,,results/tradeoff_20260321_163246/_sensitivity_tmp,"[11, 15, (11, 14), 17, (9, 10), 28, 32]"
sensitivity,sens::guardrail_gini_restore::we0.30_wa0.70_ct0.80_at0.80,guardrail_gini_restore,sensitivity,Sensitivity re-evaluation,Sensitivity re-evaluation of an optimized sequence under alternate weights and thresholds.,triangle,199.94889212076583,199.94889212076583,15109.109734618605,0.35043341910549697,308.97258999999997,0.34800375560236824,264.013132,0.2916666666666667,1.0,0.4895497898219018,0.3,0.7,0.8,0.8,0,,,results/tradeoff_20260321_163246/_sensitivity_tmp,"[11, 15, (11, 14), 17, (9, 10), 28, 32]"
sensitivity,sens::guardrail_gini_restore::we0.30_wa0.70_ct0.80_at0.90,guardrail_gini_restore,sensitivity,Sensitivity re-evaluation,Sensitivity re-evaluation of an optimized sequence under alternate weights and thresholds.,triangle,199.94889212076583,199.94889212076583,15109.109734618605,0.35043341910549697,308.97258999999997,0.34800375560236824,308.97258999999997,0.2916666666666667,1.0,0.3843450246366524,0.3,0.7,0.8,0.9,0,,,results/tradeoff_20260321_163246/_sensitivity_tmp,"[11, 15, (11, 14), 17, (9, 10), 28, 32]"
sensitivity,sens::guardrail_gini_restore::we0.30_wa0.70_ct0.80_at0.95,guardrail_gini_restore,sensitivity,Sensitivity re-evaluation,Sensitivity re-evaluation of an optimized sequence under alternate weights and thresholds.,triangle,199.94889212076583,199.94889212076583,15109.109734618605,0.35043341910549697,308.97258999999997,0.34800375560236824,328.97258999999997,0.20833333333333334,1.0,0.32711007447966006,0.3,0.7,0.8,0.95,0,,,results/tradeoff_20260321_163246/_sensitivity_tmp,"[11, 15, (11, 14), 17, (9, 10), 28, 32]"
sensitivity,sens::guardrail_gini_restore::we0.30_wa0.70_ct0.90_at0.80,guardrail_gini_restore,sensitivity,Sensitivity re-evaluation,Sensitivity re-evaluation of an optimized sequence under alternate weights and thresholds.,triangle,199.94889212076583,199.94889212076583,14889.73124831214,0.29196286699442364,322.97258999999997,0.34800375560236824,264.013132,0.2916666666666667,1.0,0.4895497898219018,0.3,0.7,0.9,0.8,0,,,results/tradeoff_20260321_163246/_sensitivity_tmp,"[11, 15, (11, 14), 17, (9, 10), 28, 32]"
sensitivity,sens::guardrail_gini_restore::we0.30_wa0.70_ct0.90_at0.90,guardrail_gini_restore,sensitivity,Sensitivity re-evaluation,Sensitivity re-evaluation of an optimized sequence under alternate weights and thresholds.,triangle,199.94889212076583,199.94889212076583,14889.73124831214,0.29196286699442364,322.97258999999997,0.34800375560236824,308.97258999999997,0.2916666666666667,1.0,0.3843450246366524,0.3,0.7,0.9,0.9,0,,,results/tradeoff_20260321_163246/_sensitivity_tmp,"[11, 15, (11, 14), 17, (9, 10), 28, 32]"
sensitivity,sens::guardrail_gini_restore::we0.30_wa0.70_ct0.90_at0.95,guardrail_gini_restore,sensitivity,Sensitivity re-evaluation,Sensitivity re-evaluation of an optimized sequence under alternate weights and thresholds.,triangle,199.94889212076583,199.94889212076583,14889.73124831214,0.29196286699442364,322.97258999999997,0.34800375560236824,328.97258999999997,0.20833333333333334,1.0,0.32711007447966006,0.3,0.7,0.9,0.95,0,,,results/tradeoff_20260321_163246/_sensitivity_tmp,"[11, 15, (11, 14), 17, (9, 10), 28, 32]"
sensitivity,sens::guardrail_gini_restore::we0.30_wa0.70_ct0.95_at0.80,guardrail_gini_restore,sensitivity,Sensitivity re-evaluation,Sensitivity re-evaluation of an optimized sequence under alternate weights and thresholds.,triangle,199.94889212076583,199.94889212076583,15218.471077687367,0.2626047034248611,328.97258999999997,0.34800375560236824,264.013132,0.2916666666666667,1.0,0.4895497898219018,0.3,0.7,0.95,0.8,0,,,results/tradeoff_20260321_163246/_sensitivity_tmp,"[11, 15, (11, 14), 17, (9, 10), 28, 32]"
sensitivity,sens::guardrail_gini_restore::we0.30_wa0.70_ct0.95_at0.90,guardrail_gini_restore,sensitivity,Sensitivity re-evaluation,Sensitivity re-evaluation of an optimized sequence under alternate weights and thresholds.,triangle,199.94889212076583,199.94889212076583,15218.471077687367,0.2626047034248611,328.97258999999997,0.34800375560236824,308.97258999999997,0.2916666666666667,1.0,0.3843450246366524,0.3,0.7,0.95,0.9,0,,,results/tradeoff_20260321_163246/_sensitivity_tmp,"[11, 15, (11, 14), 17, (9, 10), 28, 32]"
sensitivity,sens::guardrail_gini_restore::we0.30_wa0.70_ct0.95_at0.95,guardrail_gini_restore,sensitivity,Sensitivity re-evaluation,Sensitivity re-evaluation of an optimized sequence under alternate weights and thresholds.,triangle,199.94889212076583,199.94889212076583,15218.471077687367,0.2626047034248611,328.97258999999997,0.34800375560236824,328.97258999999997,0.20833333333333334,1.0,0.32711007447966006,0.3,0.7,0.95,0.95,0,,,results/tradeoff_20260321_163246/_sensitivity_tmp,"[11, 15, (11, 14), 17, (9, 10), 28, 32]"
sensitivity,sens::weighted_p90_restore_l100::we0.50_wa0.50_ct0.80_at0.80,weighted_p90_restore_l100,sensitivity,Sensitivity re-evaluation,Sensitivity re-evaluation of an optimized sequence under alternate weights and thresholds.,triangle,155.02105056213878,155.02105056213878,6918.348147324966,0.5208734061112572,227.9732864,0.487974862167662,236.73206900000002,0.2916666666666667,1.0,0.553973020696288,0.5,0.5,0.8,0.8,0,,,results/tradeoff_20260321_163246/_sensitivity_tmp,"[11, 15, (9, 10), 28, 32, 17, (11, 14)]"
sensitivity,sens::weighted_p90_restore_l100::we0.50_wa0.50_ct0.80_at0.90,weighted_p90_restore_l100,sensitivity,Sensitivity re-evaluation,Sensitivity re-evaluation of an optimized sequence under alternate weights and thresholds.,triangle,155.02105056213878,155.02105056213878,6918.348147324966,0.5208734061112572,227.9732864,0.487974862167662,315.03082600000005,0.2916666666666667,1.0,0.48169605167992885,0.5,0.5,0.8,0.9,0,,,results/tradeoff_20260321_163246/_sensitivity_tmp,"[11, 15, (9, 10), 28, 32, 17, (11, 14)]"
sensitivity,sens::weighted_p90_restore_l100::we0.50_wa0.50_ct0.80_at0.95,weighted_p90_restore_l100,sensitivity,Sensitivity re-evaluation,Sensitivity re-evaluation of an optimized sequence under alternate weights and thresholds.,triangle,155.02105056213878,155.02105056213878,6918.348147324966,0.5208734061112572,227.9732864,0.487974862167662,315.03082600000005,0.20833333333333334,1.0,0.44605940033732866,0.5,0.5,0.8,0.95,0,,,results/tradeoff_20260321_163246/_sensitivity_tmp,"[11, 15, (9, 10), 28, 32, 17, (11, 14)]"
sensitivity,sens::weighted_p90_restore_l100::we0.50_wa0.50_ct0.90_at0.80,weighted_p90_restore_l100,sensitivity,Sensitivity re-evaluation,Sensitivity re-evaluation of an optimized sequence under alternate weights and thresholds.,triangle,155.02105056213878,155.02105056213878,9188.487602165484,0.32499180504280556,236.73206900000002,0.487974862167662,236.73206900000002,0.2916666666666667,1.0,0.553973020696288,0.5,0.5,0.9,0.8,0,,,results/tradeoff_20260321_163246/_sensitivity_tmp,"[11, 15, (9, 10), 28, 32, 17, (11, 14)]"
sensitivity,sens::weighted_p90_restore_l100::we0.50_wa0.50_ct0.90_at0.90,weighted_p90_restore_l100,sensitivity,Sensitivity re-evaluation,Sensitivity re-evaluation of an optimized sequence under alternate weights and thresholds.,triangle,155.02105056213878,155.02105056213878,9188.487602165484,0.32499180504280556,236.73206900000002,0.487974862167662,315.03082600000005,0.2916666666666667,1.0,0.48169605167992885,0.5,0.5,0.9,0.9,1,,,results/tradeoff_20260321_163246/_sensitivity_tmp,"[11, 15, (9, 10), 28, 32, 17, (11, 14)]"
sensitivity,sens::weighted_p90_restore_l100::we0.50_wa0.50_ct0.90_at0.95,weighted_p90_restore_l100,sensitivity,Sensitivity re-evaluation,Sensitivity re-evaluation of an optimized sequence under alternate weights and thresholds.,triangle,155.02105056213878,155.02105056213878,9188.487602165484,0.32499180504280556,236.73206900000002,0.487974862167662,315.03082600000005,0.20833333333333334,1.0,0.44605940033732866,0.5,0.5,0.9,0.95,0,,,results/tradeoff_20260321_163246/_sensitivity_tmp,"[11, 15, (9, 10), 28, 32, 17, (11, 14)]"
sensitivity,sens::weighted_p90_restore_l100::we0.50_wa0.50_ct0.95_at0.80,weighted_p90_restore_l100,sensitivity,Sensitivity re-evaluation,Sensitivity re-evaluation of an optimized sequence under alternate weights and thresholds.,triangle,155.02105056213878,155.02105056213878,12152.606971438401,0.31671896554751533,315.03082600000005,0.487974862167662,236.73206900000002,0.2916666666666667,1.0,0.553973020696288,0.5,0.5,0.95,0.8,0,,,results/tradeoff_20260321_163246/_sensitivity_tmp,"[11, 15, (9, 10), 28, 32, 17, (11, 14)]"
sensitivity,sens::weighted_p90_restore_l100::we0.50_wa0.50_ct0.95_at0.90,weighted_p90_restore_l100,sensitivity,Sensitivity re-evaluation,Sensitivity re-evaluation of an optimized sequence under alternate weights and thresholds.,triangle,155.02105056213878,155.02105056213878,12152.606971438401,0.31671896554751533,315.03082600000005,0.487974862167662,315.03082600000005,0.2916666666666667,1.0,0.48169605167992885,0.5,0.5,0.95,0.9,0,,,results/tradeoff_20260321_163246/_sensitivity_tmp,"[11, 15, (9, 10), 28, 32, 17, (11, 14)]"
sensitivity,sens::weighted_p90_restore_l100::we0.50_wa0.50_ct0.95_at0.95,weighted_p90_restore_l100,sensitivity,Sensitivity re-evaluation,Sensitivity re-evaluation of an optimized sequence under alternate weights and thresholds.,triangle,155.02105056213878,155.02105056213878,12152.606971438401,0.31671896554751533,315.03082600000005,0.487974862167662,315.03082600000005,0.20833333333333334,1.0,0.44605940033732866,0.5,0.5,0.95,0.95,0,,,results/tradeoff_20260321_163246/_sensitivity_tmp,"[11, 15, (9, 10), 28, 32, 17, (11, 14)]"
sensitivity,sens::weighted_p90_restore_l100::we0.70_wa0.30_ct0.80_at0.80,weighted_p90_restore_l100,sensitivity,Sensitivity re-evaluation,Sensitivity re-evaluation of an optimized sequence under alternate weights and thresholds.,triangle,155.02105056213878,155.02105056213878,8033.362249156973,0.7281238579125406,207.53612700000002,0.4546671059344167,236.73206900000002,0.2916666666666667,1.0,0.553973020696288,0.7,0.3,0.8,0.8,0,,,results/tradeoff_20260321_163246/_sensitivity_tmp,"[11, 15, (9, 10), 28, 32, 17, (11, 14)]"
sensitivity,sens::weighted_p90_restore_l100::we0.70_wa0.30_ct0.80_at0.90,weighted_p90_restore_l100,sensitivity,Sensitivity re-evaluation,Sensitivity re-evaluation of an optimized sequence under alternate weights and thresholds.,triangle,155.02105056213878,155.02105056213878,8033.362249156973,0.7281238579125406,207.53612700000002,0.4546671059344167,315.03082600000005,0.2916666666666667,1.0,0.48169605167992885,0.7,0.3,0.8,0.9,0,,,results/tradeoff_20260321_163246/_sensitivity_tmp,"[11, 15, (9, 10), 28, 32, 17, (11, 14)]"
sensitivity,sens::weighted_p90_restore_l100::we0.70_wa0.30_ct0.80_at0.95,weighted_p90_restore_l100,sensitivity,Sensitivity re-evaluation,Sensitivity re-evaluation of an optimized sequence under alternate weights and thresholds.,triangle,155.02105056213878,155.02105056213878,8033.362249156973,0.7281238579125406,207.53612700000002,0.4546671059344167,315.03082600000005,0.20833333333333334,1.0,0.44605940033732866,0.7,0.3,0.8,0.95,0,,,results/tradeoff_20260321_163246/_sensitivity_tmp,"[11, 15, (9, 10), 28, 32, 17, (11, 14)]"
sensitivity,sens::weighted_p90_restore_l100::we0.70_wa0.30_ct0.90_at0.80,weighted_p90_restore_l100,sensitivity,Sensitivity re-evaluation,Sensitivity re-evaluation of an optimized sequence under alternate weights and thresholds.,triangle,155.02105056213878,155.02105056213878,7673.715010699022,0.48787833742044673,236.73206900000002,0.4546671059344167,236.73206900000002,0.2916666666666667,1.0,0.553973020696288,0.7,0.3,0.9,0.8,0,,,results/tradeoff_20260321_163246/_sensitivity_tmp,"[11, 15, (9, 10), 28, 32, 17, (11, 14)]"
sensitivity,sens::weighted_p90_restore_l100::we0.70_wa0.30_ct0.90_at0.90,weighted_p90_restore_l100,sensitivity,Sensitivity re-evaluation,Sensitivity re-evaluation of an optimized sequence under alternate weights and thresholds.,triangle,155.02105056213878,155.02105056213878,7673.715010699022,0.48787833742044673,236.73206900000002,0.4546671059344167,315.03082600000005,0.2916666666666667,1.0,0.48169605167992885,0.7,0.3,0.9,0.9,0,,,results/tradeoff_20260321_163246/_sensitivity_tmp,"[11, 15, (9, 10), 28, 32, 17, (11, 14)]"
sensitivity,sens::weighted_p90_restore_l100::we0.70_wa0.30_ct0.90_at0.95,weighted_p90_restore_l100,sensitivity,Sensitivity re-evaluation,Sensitivity re-evaluation of an optimized sequence under alternate weights and thresholds.,triangle,155.02105056213878,155.02105056213878,7673.715010699022,0.48787833742044673,236.73206900000002,0.4546671059344167,315.03082600000005,0.20833333333333334,1.0,0.44605940033732866,0.7,0.3,0.9,0.95,0,,,results/tradeoff_20260321_163246/_sensitivity_tmp,"[11, 15, (9, 10), 28, 32, 17, (11, 14)]"
sensitivity,sens::weighted_p90_restore_l100::we0.70_wa0.30_ct0.95_at0.80,weighted_p90_restore_l100,sensitivity,Sensitivity re-evaluation,Sensitivity re-evaluation of an optimized sequence under alternate weights and thresholds.,triangle,155.02105056213878,155.02105056213878,11134.370275920017,0.34154127632410924,236.73206900000002,0.4546671059344167,236.73206900000002,0.2916666666666667,1.0,0.553973020696288,0.7,0.3,0.95,0.8,0,,,results/tradeoff_20260321_163246/_sensitivity_tmp,"[11, 15, (9, 10), 28, 32, 17, (11, 14)]"
sensitivity,sens::weighted_p90_restore_l100::we0.70_wa0.30_ct0.95_at0.90,weighted_p90_restore_l100,sensitivity,Sensitivity re-evaluation,Sensitivity re-evaluation of an optimized sequence under alternate weights and thresholds.,triangle,155.02105056213878,155.02105056213878,11134.370275920017,0.34154127632410924,236.73206900000002,0.4546671059344167,315.03082600000005,0.2916666666666667,1.0,0.48169605167992885,0.7,0.3,0.95,0.9,0,,,results/tradeoff_20260321_163246/_sensitivity_tmp,"[11, 15, (9, 10), 28, 32, 17, (11, 14)]"
sensitivity,sens::weighted_p90_restore_l100::we0.70_wa0.30_ct0.95_at0.95,weighted_p90_restore_l100,sensitivity,Sensitivity re-evaluation,Sensitivity re-evaluation of an optimized sequence under alternate weights and thresholds.,triangle,155.02105056213878,155.02105056213878,11134.370275920017,0.34154127632410924,236.73206900000002,0.4546671059344167,315.03082600000005,0.20833333333333334,1.0,0.44605940033732866,0.7,0.3,0.95,0.95,0,,,results/tradeoff_20260321_163246/_sensitivity_tmp,"[11, 15, (9, 10), 28, 32, 17, (11, 14)]"
sensitivity,sens::weighted_p90_restore_l100::we0.30_wa0.70_ct0.80_at0.80,weighted_p90_restore_l100,sensitivity,Sensitivity re-evaluation,Sensitivity re-evaluation of an optimized sequence under alternate weights and thresholds.,triangle,155.02105056213878,155.02105056213878,8430.75981571297,0.4470371695878923,236.73206900000002,0.5212826184009072,236.73206900000002,0.2916666666666667,1.0,0.553973020696288,0.3,0.7,0.8,0.8,0,,,results/tradeoff_20260321_163246/_sensitivity_tmp,"[11, 15, (9, 10), 28, 32, 17, (11, 14)]"
sensitivity,sens::weighted_p90_restore_l100::we0.30_wa0.70_ct0.80_at0.90,weighted_p90_restore_l100,sensitivity,Sensitivity re-evaluation,Sensitivity re-evaluation of an optimized sequence under alternate weights and thresholds.,triangle,155.02105056213878,155.02105056213878,8430.75981571297,0.4470371695878923,236.73206900000002,0.5212826184009072,315.03082600000005,0.2916666666666667,1.0,0.48169605167992885,0.3,0.7,0.8,0.9,0,,,results/tradeoff_20260321_163246/_sensitivity_tmp,"[11, 15, (9, 10), 28, 32, 17, (11, 14)]"
sensitivity,sens::weighted_p90_restore_l100::we0.30_wa0.70_ct0.80_at0.95,weighted_p90_restore_l100,sensitivity,Sensitivity re-evaluation,Sensitivity re-evaluation of an optimized sequence under alternate weights and thresholds.,triangle,155.02105056213878,155.02105056213878,8430.75981571297,0.4470371695878923,236.73206900000002,0.5212826184009072,315.03082600000005,0.20833333333333334,1.0,0.44605940033732866,0.3,0.7,0.8,0.95,0,,,results/tradeoff_20260321_163246/_sensitivity_tmp,"[11, 15, (9, 10), 28, 32, 17, (11, 14)]"
sensitivity,sens::weighted_p90_restore_l100::we0.30_wa0.70_ct0.90_at0.80,weighted_p90_restore_l100,sensitivity,Sensitivity re-evaluation,Sensitivity re-evaluation of an optimized sequence under alternate weights and thresholds.,triangle,155.02105056213878,155.02105056213878,11271.846303572866,0.33873702610152234,236.73206900000002,0.5212826184009072,236.73206900000002,0.2916666666666667,1.0,0.553973020696288,0.3,0.7,0.9,0.8,0,,,results/tradeoff_20260321_163246/_sensitivity_tmp,"[11, 15, (9, 10), 28, 32, 17, (11, 14)]"
sensitivity,sens::weighted_p90_restore_l100::we0.30_wa0.70_ct0.90_at0.90,weighted_p90_restore_l100,sensitivity,Sensitivity re-evaluation,Sensitivity re-evaluation of an optimized sequence under alternate weights and thresholds.,triangle,155.02105056213878,155.02105056213878,11271.846303572866,0.33873702610152234,236.73206900000002,0.5212826184009072,315.03082600000005,0.2916666666666667,1.0,0.48169605167992885,0.3,0.7,0.9,0.9,0,,,results/tradeoff_20260321_163246/_sensitivity_tmp,"[11, 15, (9, 10), 28, 32, 17, (11, 14)]"
sensitivity,sens::weighted_p90_restore_l100::we0.30_wa0.70_ct0.90_at0.95,weighted_p90_restore_l100,sensitivity,Sensitivity re-evaluation,Sensitivity re-evaluation of an optimized sequence under alternate weights and thresholds.,triangle,155.02105056213878,155.02105056213878,11271.846303572866,0.33873702610152234,236.73206900000002,0.5212826184009072,315.03082600000005,0.20833333333333334,1.0,0.44605940033732866,0.3,0.7,0.9,0.95,0,,,results/tradeoff_20260321_163246/_sensitivity_tmp,"[11, 15, (9, 10), 28, 32, 17, (11, 14)]"
sensitivity,sens::weighted_p90_restore_l100::we0.30_wa0.70_ct0.95_at0.80,weighted_p90_restore_l100,sensitivity,Sensitivity re-evaluation,Sensitivity re-evaluation of an optimized sequence under alternate weights and thresholds.,triangle,155.02105056213878,155.02105056213878,12152.606971438401,0.31671896554751533,315.03082600000005,0.5212826184009072,236.73206900000002,0.2916666666666667,1.0,0.553973020696288,0.3,0.7,0.95,0.8,0,,,results/tradeoff_20260321_163246/_sensitivity_tmp,"[11, 15, (9, 10), 28, 32, 17, (11, 14)]"
sensitivity,sens::weighted_p90_restore_l100::we0.30_wa0.70_ct0.95_at0.90,weighted_p90_restore_l100,sensitivity,Sensitivity re-evaluation,Sensitivity re-evaluation of an optimized sequence under alternate weights and thresholds.,triangle,155.02105056213878,155.02105056213878,12152.606971438401,0.31671896554751533,315.03082600000005,0.5212826184009072,315.03082600000005,0.2916666666666667,1.0,0.48169605167992885,0.3,0.7,0.95,0.9,0,,,results/tradeoff_20260321_163246/_sensitivity_tmp,"[11, 15, (9, 10), 28, 32, 17, (11, 14)]"
sensitivity,sens::weighted_p90_restore_l100::we0.30_wa0.70_ct0.95_at0.95,weighted_p90_restore_l100,sensitivity,Sensitivity re-evaluation,Sensitivity re-evaluation of an optimized sequence under alternate weights and thresholds.,triangle,155.02105056213878,155.02105056213878,12152.606971438401,0.31671896554751533,315.03082600000005,0.5212826184009072,315.03082600000005,0.20833333333333334,1.0,0.44605940033732866,0.3,0.7,0.95,0.95,0,,,results/tradeoff_20260321_163246/_sensitivity_tmp,"[11, 15, (9, 10), 28, 32, 17, (11, 14)]"
sensitivity,sens::guardrail_p90_restore::we0.50_wa0.50_ct0.80_at0.80,guardrail_p90_restore,sensitivity,Sensitivity re-evaluation,Sensitivity re-evaluation of an optimized sequence under alternate weights and thresholds.,triangle,160.21388204635574,160.21388204635574,13362.795083089519,0.564439359018168,300.72271,0.3178785644163885,271.533362,0.2916666666666667,1.0,0.5245311461313938,0.5,0.5,0.8,0.8,0,,,results/tradeoff_20260321_163246/_sensitivity_tmp,"[11, 15, (9, 10), (11, 14), 17, 28, 32]"
sensitivity,sens::guardrail_p90_restore::we0.50_wa0.50_ct0.80_at0.90,guardrail_p90_restore,sensitivity,Sensitivity re-evaluation,Sensitivity re-evaluation of an optimized sequence under alternate weights and thresholds.,triangle,160.21388204635574,160.21388204635574,13362.795083089519,0.564439359018168,300.72271,0.3178785644163885,300.72271,0.2916666666666667,1.0,0.41285049396720297,0.5,0.5,0.8,0.9,0,,,results/tradeoff_20260321_163246/_sensitivity_tmp,"[11, 15, (9, 10), (11, 14), 17, 28, 32]"
sensitivity,sens::guardrail_p90_restore::we0.50_wa0.50_ct0.80_at0.95,guardrail_p90_restore,sensitivity,Sensitivity re-evaluation,Sensitivity re-evaluation of an optimized sequence under alternate weights and thresholds.,triangle,160.21388204635574,160.21388204635574,13362.795083089519,0.564439359018168,300.72271,0.3178785644163885,320.72271,0.20833333333333334,1.0,0.3451659173641513,0.5,0.5,0.8,0.95,0,,,results/tradeoff_20260321_163246/_sensitivity_tmp,"[11, 15, (9, 10), (11, 14), 17, 28, 32]"
sensitivity,sens::guardrail_p90_restore::we0.50_wa0.50_ct0.90_at0.80,guardrail_p90_restore,sensitivity,Sensitivity re-evaluation,Sensitivity re-evaluation of an optimized sequence under alternate weights and thresholds.,triangle,160.21388204635574,160.21388204635574,14251.995010364257,0.37626439439112347,314.72271,0.3178785644163885,271.533362,0.2916666666666667,1.0,0.5245311461313938,0.5,0.5,0.9,0.8,0,,,results/tradeoff_20260321_163246/_sensitivity_tmp,"[11, 15, (9, 10), (11, 14), 17, 28, 32]"
sensitivity,sens::guardrail_p90_restore::we0.50_wa0.50_ct0.90_at0.90,guardrail_p90_restore,sensitivity,Sensitivity re-evaluation,Sensitivity re-evaluation of an optimized sequence under alternate weights and thresholds.,triangle,160.21388204635574,160.21388204635574,14251.995010364257,0.37626439439112347,314.72271,0.3178785644163885,300.72271,0.2916666666666667,1.0,0.41285049396720297,0.5,0.5,0.9,0.9,1,,,results/tradeoff_20260321_163246/_sensitivity_tmp,"[11, 15, (9, 10), (11, 14), 17, 28, 32]"
sensitivity,sens::guardrail_p90_restore::we0.50_wa0.50_ct0.90_at0.95,guardrail_p90_restore,sensitivity,Sensitivity re-evaluation,Sensitivity re-evaluation of an optimized sequence under alternate weights and thresholds.,triangle,160.21388204635574,160.21388204635574,14251.995010364257,0.37626439439112347,314.72271,0.3178785644163885,320.72271,0.20833333333333334,1.0,0.3451659173641513,0.5,0.5,0.9,0.95,0,,,results/tradeoff_20260321_163246/_sensitivity_tmp,"[11, 15, (9, 10), (11, 14), 17, 28, 32]"
sensitivity,sens::guardrail_p90_restore::we0.50_wa0.50_ct0.95_at0.80,guardrail_p90_restore,sensitivity,Sensitivity re-evaluation,Sensitivity re-evaluation of an optimized sequence under alternate weights and thresholds.,triangle,160.21388204635574,160.21388204635574,15520.503432200276,0.29195363178139955,314.72271,0.3178785644163885,271.533362,0.2916666666666667,1.0,0.5245311461313938,0.5,0.5,0.95,0.8,0,,,results/tradeoff_20260321_163246/_sensitivity_tmp,"[11, 15, (9, 10), (11, 14), 17, 28, 32]"
sensitivity,sens::guardrail_p90_restore::we0.50_wa0.50_ct0.95_at0.90,guardrail_p90_restore,sensitivity,Sensitivity re-evaluation,Sensitivity re-evaluation of an optimized sequence under alternate weights and thresholds.,triangle,160.21388204635574,160.21388204635574,15520.503432200276,0.29195363178139955,314.72271,0.3178785644163885,300.72271,0.2916666666666667,1.0,0.41285049396720297,0.5,0.5,0.95,0.9,0,,,results/tradeoff_20260321_163246/_sensitivity_tmp,"[11, 15, (9, 10), (11, 14), 17, 28, 32]"
sensitivity,sens::guardrail_p90_restore::we0.50_wa0.50_ct0.95_at0.95,guardrail_p90_restore,sensitivity,Sensitivity re-evaluation,Sensitivity re-evaluation of an optimized sequence under alternate weights and thresholds.,triangle,160.21388204635574,160.21388204635574,15520.503432200276,0.29195363178139955,314.72271,0.3178785644163885,320.72271,0.20833333333333334,1.0,0.3451659173641513,0.5,0.5,0.95,0.95,0,,,results/tradeoff_20260321_163246/_sensitivity_tmp,"[11, 15, (9, 10), (11, 14), 17, 28, 32]"
sensitivity,sens::guardrail_p90_restore::we0.70_wa0.30_ct0.80_at0.80,guardrail_p90_restore,sensitivity,Sensitivity re-evaluation,Sensitivity re-evaluation of an optimized sequence under alternate weights and thresholds.,triangle,160.21388204635574,160.21388204635574,16112.238204443971,0.7341181053004109,300.72271,0.2156708041607662,271.533362,0.2916666666666667,1.0,0.5245311461313938,0.7,0.3,0.8,0.8,0,,,results/tradeoff_20260321_163246/_sensitivity_tmp,"[11, 15, (9, 10), (11, 14), 17, 28, 32]"
sensitivity,sens::guardrail_p90_restore::we0.70_wa0.30_ct0.80_at0.90,guardrail_p90_restore,sensitivity,Sensitivity re-evaluation,Sensitivity re-evaluation of an optimized sequence under alternate weights and thresholds.,triangle,160.21388204635574,160.21388204635574,16112.238204443971,0.7341181053004109,300.72271,0.2156708041607662,300.72271,0.2916666666666667,1.0,0.41285049396720297,0.7,0.3,0.8,0.9,0,,,results/tradeoff_20260321_163246/_sensitivity_tmp,"[11, 15, (9, 10), (11, 14), 17, 28, 32]"
sensitivity,sens::guardrail_p90_restore::we0.70_wa0.30_ct0.80_at0.95,guardrail_p90_restore,sensitivity,Sensitivity re-evaluation,Sensitivity re-evaluation of an optimized sequence under alternate weights and thresholds.,triangle,160.21388204635574,160.21388204635574,16112.238204443971,0.7341181053004109,300.72271,0.2156708041607662,320.72271,0.20833333333333334,1.0,0.3451659173641513,0.7,0.3,0.8,0.95,0,,,results/tradeoff_20260321_163246/_sensitivity_tmp,"[11, 15, (9, 10), (11, 14), 17, 28, 32]"
sensitivity,sens::guardrail_p90_restore::we0.70_wa0.30_ct0.90_at0.80,guardrail_p90_restore,sensitivity,Sensitivity re-evaluation,Sensitivity re-evaluation of an optimized sequence under alternate weights and thresholds.,triangle,160.21388204635574,160.21388204635574,13037.568860588326,0.5318397821577314,300.72271,0.2156708041607662,271.533362,0.2916666666666667,1.0,0.5245311461313938,0.7,0.3,0.9,0.8,0,,,results/tradeoff_20260321_163246/_sensitivity_tmp,"[11, 15, (9, 10), (11, 14), 17, 28, 32]"
sensitivity,sens::guardrail_p90_restore::we0.70_wa0.30_ct0.90_at0.90,guardrail_p90_restore,sensitivity,Sensitivity re-evaluation,Sensitivity re-evaluation of an optimized sequence under alternate weights and thresholds.,triangle,160.21388204635574,160.21388204635574,13037.568860588326,0.5318397821577314,300.72271,0.2156708041607662,300.72271,0.2916666666666667,1.0,0.41285049396720297,0.7,0.3,0.9,0.9,0,,,results/tradeoff_20260321_163246/_sensitivity_tmp,"[11, 15, (9, 10), (11, 14), 17, 28, 32]"
sensitivity,sens::guardrail_p90_restore::we0.70_wa0.30_ct0.90_at0.95,guardrail_p90_restore,sensitivity,Sensitivity re-evaluation,Sensitivity re-evaluation of an optimized sequence under alternate weights and thresholds.,triangle,160.21388204635574,160.21388204635574,13037.568860588326,0.5318397821577314,300.72271,0.2156708041607662,320.72271,0.20833333333333334,1.0,0.3451659173641513,0.7,0.3,0.9,0.95,0,,,results/tradeoff_20260321_163246/_sensitivity_tmp,"[11, 15, (9, 10), (11, 14), 17, 28, 32]"
sensitivity,sens::guardrail_p90_restore::we0.70_wa0.30_ct0.95_at0.80,guardrail_p90_restore,sensitivity,Sensitivity re-evaluation,Sensitivity re-evaluation of an optimized sequence under alternate weights and thresholds.,triangle,160.21388204635574,160.21388204635574,15174.002657513847,0.3602794852718052,314.72271,0.2156708041607662,271.533362,0.2916666666666667,1.0,0.5245311461313938,0.7,0.3,0.95,0.8,0,,,results/tradeoff_20260321_163246/_sensitivity_tmp,"[11, 15, (9, 10), (11, 14), 17, 28, 32]"
sensitivity,sens::guardrail_p90_restore::we0.70_wa0.30_ct0.95_at0.90,guardrail_p90_restore,sensitivity,Sensitivity re-evaluation,Sensitivity re-evaluation of an optimized sequence under alternate weights and thresholds.,triangle,160.21388204635574,160.21388204635574,15174.002657513847,0.3602794852718052,314.72271,0.2156708041607662,300.72271,0.2916666666666667,1.0,0.41285049396720297,0.7,0.3,0.95,0.9,0,,,results/tradeoff_20260321_163246/_sensitivity_tmp,"[11, 15, (9, 10), (11, 14), 17, 28, 32]"
sensitivity,sens::guardrail_p90_restore::we0.70_wa0.30_ct0.95_at0.95,guardrail_p90_restore,sensitivity,Sensitivity re-evaluation,Sensitivity re-evaluation of an optimized sequence under alternate weights and thresholds.,triangle,160.21388204635574,160.21388204635574,15174.002657513847,0.3602794852718052,314.72271,0.2156708041607662,320.72271,0.20833333333333334,1.0,0.3451659173641513,0.7,0.3,0.95,0.95,0,,,results/tradeoff_20260321_163246/_sensitivity_tmp,"[11, 15, (9, 10), (11, 14), 17, 28, 32]"
sensitivity,sens::guardrail_p90_restore::we0.30_wa0.70_ct0.80_at0.80,guardrail_p90_restore,sensitivity,Sensitivity re-evaluation,Sensitivity re-evaluation of an optimized sequence under alternate weights and thresholds.,triangle,160.21388204635574,160.21388204635574,14304.003351104917,0.48753747479981535,300.72271,0.4200863246720108,271.533362,0.2916666666666667,1.0,0.5245311461313938,0.3,0.7,0.8,0.8,0,,,results/tradeoff_20260321_163246/_sensitivity_tmp,"[11, 15, (9, 10), (11, 14), 17, 28, 32]"
sensitivity,sens::guardrail_p90_restore::we0.30_wa0.70_ct0.80_at0.90,guardrail_p90_restore,sensitivity,Sensitivity re-evaluation,Sensitivity re-evaluation of an optimized sequence under alternate weights and thresholds.,triangle,160.21388204635574,160.21388204635574,14304.003351104917,0.48753747479981535,300.72271,0.4200863246720108,300.72271,0.2916666666666667,1.0,0.41285049396720297,0.3,0.7,0.8,0.9,0,,,results/tradeoff_20260321_163246/_sensitivity_tmp,"[11, 15, (9, 10), (11, 14), 17, 28, 32]"
sensitivity,sens::guardrail_p90_restore::we0.30_wa0.70_ct0.80_at0.95,guardrail_p90_restore,sensitivity,Sensitivity re-evaluation,Sensitivity re-evaluation of an optimized sequence under alternate weights and thresholds.,triangle,160.21388204635574,160.21388204635574,14304.003351104917,0.48753747479981535,300.72271,0.4200863246720108,320.72271,0.20833333333333334,1.0,0.3451659173641513,0.3,0.7,0.8,0.95,0,,,results/tradeoff_20260321_163246/_sensitivity_tmp,"[11, 15, (9, 10), (11, 14), 17, 28, 32]"
sensitivity,sens::guardrail_p90_restore::we0.30_wa0.70_ct0.90_at0.80,guardrail_p90_restore,sensitivity,Sensitivity re-evaluation,Sensitivity re-evaluation of an optimized sequence under alternate weights and thresholds.,triangle,160.21388204635574,160.21388204635574,16127.449772811842,0.3383951504104965,314.72271,0.4200863246720108,271.533362,0.2916666666666667,1.0,0.5245311461313938,0.3,0.7,0.9,0.8,0,,,results/tradeoff_20260321_163246/_sensitivity_tmp,"[11, 15, (9, 10), (11, 14), 17, 28, 32]"
sensitivity,sens::guardrail_p90_restore::we0.30_wa0.70_ct0.90_at0.90,guardrail_p90_restore,sensitivity,Sensitivity re-evaluation,Sensitivity re-evaluation of an optimized sequence under alternate weights and thresholds.,triangle,160.21388204635574,160.21388204635574,16127.449772811842,0.3383951504104965,314.72271,0.4200863246720108,300.72271,0.2916666666666667,1.0,0.41285049396720297,0.3,0.7,0.9,0.9,0,,,results/tradeoff_20260321_163246/_sensitivity_tmp,"[11, 15, (9, 10), (11, 14), 17, 28, 32]"
sensitivity,sens::guardrail_p90_restore::we0.30_wa0.70_ct0.90_at0.95,guardrail_p90_restore,sensitivity,Sensitivity re-evaluation,Sensitivity re-evaluation of an optimized sequence under alternate weights and thresholds.,triangle,160.21388204635574,160.21388204635574,16127.449772811842,0.3383951504104965,314.72271,0.4200863246720108,320.72271,0.20833333333333334,1.0,0.3451659173641513,0.3,0.7,0.9,0.95,0,,,results/tradeoff_20260321_163246/_sensitivity_tmp,"[11, 15, (9, 10), (11, 14), 17, 28, 32]"
sensitivity,sens::guardrail_p90_restore::we0.30_wa0.70_ct0.95_at0.80,guardrail_p90_restore,sensitivity,Sensitivity re-evaluation,Sensitivity re-evaluation of an optimized sequence under alternate weights and thresholds.,triangle,160.21388204635574,160.21388204635574,16668.662791982064,0.29360604673424984,320.72271,0.4200863246720108,271.533362,0.2916666666666667,1.0,0.5245311461313938,0.3,0.7,0.95,0.8,0,,,results/tradeoff_20260321_163246/_sensitivity_tmp,"[11, 15, (9, 10), (11, 14), 17, 28, 32]"
sensitivity,sens::guardrail_p90_restore::we0.30_wa0.70_ct0.95_at0.90,guardrail_p90_restore,sensitivity,Sensitivity re-evaluation,Sensitivity re-evaluation of an optimized sequence under alternate weights and thresholds.,triangle,160.21388204635574,160.21388204635574,16668.662791982064,0.29360604673424984,320.72271,0.4200863246720108,300.72271,0.2916666666666667,1.0,0.41285049396720297,0.3,0.7,0.95,0.9,0,,,results/tradeoff_20260321_163246/_sensitivity_tmp,"[11, 15, (9, 10), (11, 14), 17, 28, 32]"
sensitivity,sens::guardrail_p90_restore::we0.30_wa0.70_ct0.95_at0.95,guardrail_p90_restore,sensitivity,Sensitivity re-evaluation,Sensitivity re-evaluation of an optimized sequence under alternate weights and thresholds.,triangle,160.21388204635574,160.21388204635574,16668.662791982064,0.29360604673424984,320.72271,0.4200863246720108,320.72271,0.20833333333333334,1.0,0.3451659173641513,0.3,0.7,0.95,0.95,0,,,results/tradeoff_20260321_163246/_sensitivity_tmp,"[11, 15, (9, 10), (11, 14), 17, 28, 32]"
sensitivity,sens::weighted_maximin_time_avg_cri_l025::we0.50_wa0.50_ct0.80_at0.80,weighted_maximin_time_avg_cri_l025,sensitivity,Sensitivity re-evaluation,Sensitivity re-evaluation of an optimized sequence under alternate weights and thresholds.,triangle,182.52498944577667,182.52498944577667,16330.155177759203,0.5210579744305264,356.275762,0.31615574183971934,267.153573,0.2916666666666667,1.0,0.6033296018324632,0.5,0.5,0.8,0.8,0,,,results/tradeoff_20260321_163246/_sensitivity_tmp,"[(9, 10), 17, 11, 15, (11, 14), 28, 32]"
sensitivity,sens::weighted_maximin_time_avg_cri_l025::we0.50_wa0.50_ct0.80_at0.90,weighted_maximin_time_avg_cri_l025,sensitivity,Sensitivity re-evaluation,Sensitivity re-evaluation of an optimized sequence under alternate weights and thresholds.,triangle,182.52498944577667,182.52498944577667,16330.155177759203,0.5210579744305264,356.275762,0.31615574183971934,356.275762,0.2916666666666667,1.0,0.4996194635970201,0.5,0.5,0.8,0.9,0,,,results/tradeoff_20260321_163246/_sensitivity_tmp,"[(9, 10), 17, 11, 15, (11, 14), 28, 32]"
sensitivity,sens::weighted_maximin_time_avg_cri_l025::we0.50_wa0.50_ct0.80_at0.95,weighted_maximin_time_avg_cri_l025,sensitivity,Sensitivity re-evaluation,Sensitivity re-evaluation of an optimized sequence under alternate weights and thresholds.,triangle,182.52498944577667,182.52498944577667,16330.155177759203,0.5210579744305264,356.275762,0.31615574183971934,376.275762,0.20833333333333334,1.0,0.3887826317125364,0.5,0.5,0.8,0.95,0,,,results/tradeoff_20260321_163246/_sensitivity_tmp,"[(9, 10), 17, 11, 15, (11, 14), 28, 32]"
sensitivity,sens::weighted_maximin_time_avg_cri_l025::we0.50_wa0.50_ct0.90_at0.80,weighted_maximin_time_avg_cri_l025,sensitivity,Sensitivity re-evaluation,Sensitivity re-evaluation of an optimized sequence under alternate weights and thresholds.,triangle,182.52498944577667,182.52498944577667,15991.405115337655,0.38030945568552466,370.27576199999993,0.31615574183971934,267.153573,0.2916666666666667,1.0,0.6033296018324632,0.5,0.5,0.9,0.8,0,,,results/tradeoff_20260321_163246/_sensitivity_tmp,"[(9, 10), 17, 11, 15, (11, 14), 28, 32]"
sensitivity,sens::weighted_maximin_time_avg_cri_l025::we0.50_wa0.50_ct0.90_at0.90,weighted_maximin_time_avg_cri_l025,sensitivity,Sensitivity re-evaluation,Sensitivity re-evaluation of an optimized sequence under alternate weights and thresholds.,triangle,182.52498944577667,182.52498944577667,15991.405115337655,0.38030945568552466,370.27576199999993,0.31615574183971934,356.275762,0.2916666666666667,1.0,0.4996194635970201,0.5,0.5,0.9,0.9,1,,,results/tradeoff_20260321_163246/_sensitivity_tmp,"[(9, 10), 17, 11, 15, (11, 14), 28, 32]"
sensitivity,sens::weighted_maximin_time_avg_cri_l025::we0.50_wa0.50_ct0.90_at0.95,weighted_maximin_time_avg_cri_l025,sensitivity,Sensitivity re-evaluation,Sensitivity re-evaluation of an optimized sequence under alternate weights and thresholds.,triangle,182.52498944577667,182.52498944577667,15991.405115337655,0.38030945568552466,370.27576199999993,0.31615574183971934,376.275762,0.20833333333333334,1.0,0.3887826317125364,0.5,0.5,0.9,0.95,0,,,results/tradeoff_20260321_163246/_sensitivity_tmp,"[(9, 10), 17, 11, 15, (11, 14), 28, 32]"
sensitivity,sens::weighted_maximin_time_avg_cri_l025::we0.50_wa0.50_ct0.95_at0.80,weighted_maximin_time_avg_cri_l025,sensitivity,Sensitivity re-evaluation,Sensitivity re-evaluation of an optimized sequence under alternate weights and thresholds.,triangle,182.52498944577667,182.52498944577667,18136.177920235914,0.35698412085816367,370.27576199999993,0.31615574183971934,267.153573,0.2916666666666667,1.0,0.6033296018324632,0.5,0.5,0.95,0.8,0,,,results/tradeoff_20260321_163246/_sensitivity_tmp,"[(9, 10), 17, 11, 15, (11, 14), 28, 32]"
sensitivity,sens::weighted_maximin_time_avg_cri_l025::we0.50_wa0.50_ct0.95_at0.90,weighted_maximin_time_avg_cri_l025,sensitivity,Sensitivity re-evaluation,Sensitivity re-evaluation of an optimized sequence under alternate weights and thresholds.,triangle,182.52498944577667,182.52498944577667,18136.177920235914,0.35698412085816367,370.27576199999993,0.31615574183971934,356.275762,0.2916666666666667,1.0,0.4996194635970201,0.5,0.5,0.95,0.9,0,,,results/tradeoff_20260321_163246/_sensitivity_tmp,"[(9, 10), 17, 11, 15, (11, 14), 28, 32]"
sensitivity,sens::weighted_maximin_time_avg_cri_l025::we0.50_wa0.50_ct0.95_at0.95,weighted_maximin_time_avg_cri_l025,sensitivity,Sensitivity re-evaluation,Sensitivity re-evaluation of an optimized sequence under alternate weights and thresholds.,triangle,182.52498944577667,182.52498944577667,18136.177920235914,0.35698412085816367,370.27576199999993,0.31615574183971934,376.275762,0.20833333333333334,1.0,0.3887826317125364,0.5,0.5,0.95,0.95,0,,,results/tradeoff_20260321_163246/_sensitivity_tmp,"[(9, 10), 17, 11, 15, (11, 14), 28, 32]"
sensitivity,sens::weighted_maximin_time_avg_cri_l025::we0.70_wa0.30_ct0.80_at0.80,weighted_maximin_time_avg_cri_l025,sensitivity,Sensitivity re-evaluation,Sensitivity re-evaluation of an optimized sequence under alternate weights and thresholds.,triangle,182.52498944577667,182.52498944577667,18794.50782832198,0.6880827508031897,356.275762,0.21095444782555353,267.153573,0.2916666666666667,1.0,0.6033296018324632,0.7,0.3,0.8,0.8,0,,,results/tradeoff_20260321_163246/_sensitivity_tmp,"[(9, 10), 17, 11, 15, (11, 14), 28, 32]"
sensitivity,sens::weighted_maximin_time_avg_cri_l025::we0.70_wa0.30_ct0.80_at0.90,weighted_maximin_time_avg_cri_l025,sensitivity,Sensitivity re-evaluation,Sensitivity re-evaluation of an optimized sequence under alternate weights and thresholds.,triangle,182.52498944577667,182.52498944577667,18794.50782832198,0.6880827508031897,356.275762,0.21095444782555353,356.275762,0.2916666666666667,1.0,0.4996194635970201,0.7,0.3,0.8,0.9,0,,,results/tradeoff_20260321_163246/_sensitivity_tmp,"[(9, 10), 17, 11, 15, (11, 14), 28, 32]"
sensitivity,sens::weighted_maximin_time_avg_cri_l025::we0.70_wa0.30_ct0.80_at0.95,weighted_maximin_time_avg_cri_l025,sensitivity,Sensitivity re-evaluation,Sensitivity re-evaluation of an optimized sequence under alternate weights and thresholds.,triangle,182.52498944577667,182.52498944577667,18794.50782832198,0.6880827508031897,356.275762,0.21095444782555353,376.275762,0.20833333333333334,1.0,0.3887826317125364,0.7,0.3,0.8,0.95,0,,,results/tradeoff_20260321_163246/_sensitivity_tmp,"[(9, 10), 17, 11, 15, (11, 14), 28, 32]"
sensitivity,sens::weighted_maximin_time_avg_cri_l025::we0.70_wa0.30_ct0.90_at0.80,weighted_maximin_time_avg_cri_l025,sensitivity,Sensitivity re-evaluation,Sensitivity re-evaluation of an optimized sequence under alternate weights and thresholds.,triangle,182.52498944577667,182.52498944577667,16111.082539767915,0.4938462802777177,356.275762,0.21095444782555353,267.153573,0.2916666666666667,1.0,0.6033296018324632,0.7,0.3,0.9,0.8,0,,,results/tradeoff_20260321_163246/_sensitivity_tmp,"[(9, 10), 17, 11, 15, (11, 14), 28, 32]"
sensitivity,sens::weighted_maximin_time_avg_cri_l025::we0.70_wa0.30_ct0.90_at0.90,weighted_maximin_time_avg_cri_l025,sensitivity,Sensitivity re-evaluation,Sensitivity re-evaluation of an optimized sequence under alternate weights and thresholds.,triangle,182.52498944577667,182.52498944577667,16111.082539767915,0.4938462802777177,356.275762,0.21095444782555353,356.275762,0.2916666666666667,1.0,0.4996194635970201,0.7,0.3,0.9,0.9,0,,,results/tradeoff_20260321_163246/_sensitivity_tmp,"[(9, 10), 17, 11, 15, (11, 14), 28, 32]"
sensitivity,sens::weighted_maximin_time_avg_cri_l025::we0.70_wa0.30_ct0.90_at0.95,weighted_maximin_time_avg_cri_l025,sensitivity,Sensitivity re-evaluation,Sensitivity re-evaluation of an optimized sequence under alternate weights and thresholds.,triangle,182.52498944577667,182.52498944577667,16111.082539767915,0.4938462802777177,356.275762,0.21095444782555353,376.275762,0.20833333333333334,1.0,0.3887826317125364,0.7,0.3,0.9,0.95,0,,,results/tradeoff_20260321_163246/_sensitivity_tmp,"[(9, 10), 17, 11, 15, (11, 14), 28, 32]"
sensitivity,sens::weighted_maximin_time_avg_cri_l025::we0.70_wa0.30_ct0.95_at0.80,weighted_maximin_time_avg_cri_l025,sensitivity,Sensitivity re-evaluation,Sensitivity re-evaluation of an optimized sequence under alternate weights and thresholds.,triangle,182.52498944577667,182.52498944577667,16530.276879545116,0.3787499696299499,370.27576199999993,0.21095444782555353,267.153573,0.2916666666666667,1.0,0.6033296018324632,0.7,0.3,0.95,0.8,0,,,results/tradeoff_20260321_163246/_sensitivity_tmp,"[(9, 10), 17, 11, 15, (11, 14), 28, 32]"
sensitivity,sens::weighted_maximin_time_avg_cri_l025::we0.70_wa0.30_ct0.95_at0.90,weighted_maximin_time_avg_cri_l025,sensitivity,Sensitivity re-evaluation,Sensitivity re-evaluation of an optimized sequence under alternate weights and thresholds.,triangle,182.52498944577667,182.52498944577667,16530.276879545116,0.3787499696299499,370.27576199999993,0.21095444782555353,356.275762,0.2916666666666667,1.0,0.4996194635970201,0.7,0.3,0.95,0.9,0,,,results/tradeoff_20260321_163246/_sensitivity_tmp,"[(9, 10), 17, 11, 15, (11, 14), 28, 32]"
sensitivity,sens::weighted_maximin_time_avg_cri_l025::we0.70_wa0.30_ct0.95_at0.95,weighted_maximin_time_avg_cri_l025,sensitivity,Sensitivity re-evaluation,Sensitivity re-evaluation of an optimized sequence under alternate weights and thresholds.,triangle,182.52498944577667,182.52498944577667,16530.276879545116,0.3787499696299499,370.27576199999993,0.21095444782555353,376.275762,0.20833333333333334,1.0,0.3887826317125364,0.7,0.3,0.95,0.95,0,,,results/tradeoff_20260321_163246/_sensitivity_tmp,"[(9, 10), 17, 11, 15, (11, 14), 28, 32]"
sensitivity,sens::weighted_maximin_time_avg_cri_l025::we0.30_wa0.70_ct0.80_at0.80,weighted_maximin_time_avg_cri_l025,sensitivity,Sensitivity re-evaluation,Sensitivity re-evaluation of an optimized sequence under alternate weights and thresholds.,triangle,182.52498944577667,182.52498944577667,14072.194702545668,0.4315582635990598,329.5391052999999,0.4213570358538851,267.153573,0.2916666666666667,1.0,0.6033296018324632,0.3,0.7,0.8,0.8,0,,,results/tradeoff_20260321_163246/_sensitivity_tmp,"[(9, 10), 17, 11, 15, (11, 14), 28, 32]"
sensitivity,sens::weighted_maximin_time_avg_cri_l025::we0.30_wa0.70_ct0.80_at0.90,weighted_maximin_time_avg_cri_l025,sensitivity,Sensitivity re-evaluation,Sensitivity re-evaluation of an optimized sequence under alternate weights and thresholds.,triangle,182.52498944577667,182.52498944577667,14072.194702545668,0.4315582635990598,329.5391052999999,0.4213570358538851,356.275762,0.2916666666666667,1.0,0.4996194635970201,0.3,0.7,0.8,0.9,0,,,results/tradeoff_20260321_163246/_sensitivity_tmp,"[(9, 10), 17, 11, 15, (11, 14), 28, 32]"
sensitivity,sens::weighted_maximin_time_avg_cri_l025::we0.30_wa0.70_ct0.80_at0.95,weighted_maximin_time_avg_cri_l025,sensitivity,Sensitivity re-evaluation,Sensitivity re-evaluation of an optimized sequence under alternate weights and thresholds.,triangle,182.52498944577667,182.52498944577667,14072.194702545668,0.4315582635990598,329.5391052999999,0.4213570358538851,376.275762,0.20833333333333334,1.0,0.3887826317125364,0.3,0.7,0.8,0.95,0,,,results/tradeoff_20260321_163246/_sensitivity_tmp,"[(9, 10), 17, 11, 15, (11, 14), 28, 32]"
sensitivity,sens::weighted_maximin_time_avg_cri_l025::we0.30_wa0.70_ct0.90_at0.80,weighted_maximin_time_avg_cri_l025,sensitivity,Sensitivity re-evaluation,Sensitivity re-evaluation of an optimized sequence under alternate weights and thresholds.,triangle,182.52498944577667,182.52498944577667,16384.175935413292,0.35710919489897486,370.27576199999993,0.4213570358538851,267.153573,0.2916666666666667,1.0,0.6033296018324632,0.3,0.7,0.9,0.8,0,,,results/tradeoff_20260321_163246/_sensitivity_tmp,"[(9, 10), 17, 11, 15, (11, 14), 28, 32]"
sensitivity,sens::weighted_maximin_time_avg_cri_l025::we0.30_wa0.70_ct0.90_at0.90,weighted_maximin_time_avg_cri_l025,sensitivity,Sensitivity re-evaluation,Sensitivity re-evaluation of an optimized sequence under alternate weights and thresholds.,triangle,182.52498944577667,182.52498944577667,16384.175935413292,0.35710919489897486,370.27576199999993,0.4213570358538851,356.275762,0.2916666666666667,1.0,0.4996194635970201,0.3,0.7,0.9,0.9,0,,,results/tradeoff_20260321_163246/_sensitivity_tmp,"[(9, 10), 17, 11, 15, (11, 14), 28, 32]"
sensitivity,sens::weighted_maximin_time_avg_cri_l025::we0.30_wa0.70_ct0.90_at0.95,weighted_maximin_time_avg_cri_l025,sensitivity,Sensitivity re-evaluation,Sensitivity re-evaluation of an optimized sequence under alternate weights and thresholds.,triangle,182.52498944577667,182.52498944577667,16384.175935413292,0.35710919489897486,370.27576199999993,0.4213570358538851,376.275762,0.20833333333333334,1.0,0.3887826317125364,0.3,0.7,0.9,0.95,0,,,results/tradeoff_20260321_163246/_sensitivity_tmp,"[(9, 10), 17, 11, 15, (11, 14), 28, 32]"
sensitivity,sens::weighted_maximin_time_avg_cri_l025::we0.30_wa0.70_ct0.95_at0.80,weighted_maximin_time_avg_cri_l025,sensitivity,Sensitivity re-evaluation,Sensitivity re-evaluation of an optimized sequence under alternate weights and thresholds.,triangle,182.52498944577667,182.52498944577667,20960.07027017069,0.346747389207098,376.275762,0.4213570358538851,267.153573,0.2916666666666667,1.0,0.6033296018324632,0.3,0.7,0.95,0.8,0,,,results/tradeoff_20260321_163246/_sensitivity_tmp,"[(9, 10), 17, 11, 15, (11, 14), 28, 32]"
sensitivity,sens::weighted_maximin_time_avg_cri_l025::we0.30_wa0.70_ct0.95_at0.90,weighted_maximin_time_avg_cri_l025,sensitivity,Sensitivity re-evaluation,Sensitivity re-evaluation of an optimized sequence under alternate weights and thresholds.,triangle,182.52498944577667,182.52498944577667,20960.07027017069,0.346747389207098,376.275762,0.4213570358538851,356.275762,0.2916666666666667,1.0,0.4996194635970201,0.3,0.7,0.95,0.9,0,,,results/tradeoff_20260321_163246/_sensitivity_tmp,"[(9, 10), 17, 11, 15, (11, 14), 28, 32]"
sensitivity,sens::weighted_maximin_time_avg_cri_l025::we0.30_wa0.70_ct0.95_at0.95,weighted_maximin_time_avg_cri_l025,sensitivity,Sensitivity re-evaluation,Sensitivity re-evaluation of an optimized sequence under alternate weights and thresholds.,triangle,182.52498944577667,182.52498944577667,20960.07027017069,0.346747389207098,376.275762,0.4213570358538851,376.275762,0.20833333333333334,1.0,0.3887826317125364,0.3,0.7,0.95,0.95,0,,,results/tradeoff_20260321_163246/_sensitivity_tmp,"[(9, 10), 17, 11, 15, (11, 14), 28, 32]"
sensitivity,sens::weighted_maximin_time_avg_cri_l050::we0.50_wa0.50_ct0.80_at0.80,weighted_maximin_time_avg_cri_l050,sensitivity,Sensitivity re-evaluation,Sensitivity re-evaluation of an optimized sequence under alternate weights and thresholds.,triangle,185.46190379775152,185.46190379775152,10917.224600956652,0.5539904578866448,285.83251999999993,0.46039075423915804,301.016708,0.2916666666666667,1.0,0.5249618080647814,0.5,0.5,0.8,0.8,0,,,results/tradeoff_20260321_163246/_sensitivity_tmp,"[11, (9, 10), 15, 32, 28, 17, (11, 14)]"
sensitivity,sens::weighted_maximin_time_avg_cri_l050::we0.50_wa0.50_ct0.80_at0.90,weighted_maximin_time_avg_cri_l050,sensitivity,Sensitivity re-evaluation,Sensitivity re-evaluation of an optimized sequence under alternate weights and thresholds.,triangle,185.46190379775152,185.46190379775152,10917.224600956652,0.5539904578866448,285.83251999999993,0.46039075423915804,379.315465,0.2916666666666667,1.0,0.46831910610341193,0.5,0.5,0.8,0.9,0,,,results/tradeoff_20260321_163246/_sensitivity_tmp,"[11, (9, 10), 15, 32, 28, 17, (11, 14)]"
sensitivity,sens::weighted_maximin_time_avg_cri_l050::we0.50_wa0.50_ct0.80_at0.95,weighted_maximin_time_avg_cri_l050,sensitivity,Sensitivity re-evaluation,Sensitivity re-evaluation of an optimized sequence under alternate weights and thresholds.,triangle,185.46190379775152,185.46190379775152,10917.224600956652,0.5539904578866448,285.83251999999993,0.46039075423915804,379.315465,0.20833333333333334,1.0,0.42685473345605185,0.5,0.5,0.8,0.95,0,,,results/tradeoff_20260321_163246/_sensitivity_tmp,"[11, (9, 10), 15, 32, 28, 17, (11, 14)]"
sensitivity,sens::weighted_maximin_time_avg_cri_l050::we0.50_wa0.50_ct0.90_at0.80,weighted_maximin_time_avg_cri_l050,sensitivity,Sensitivity re-evaluation,Sensitivity re-evaluation of an optimized sequence under alternate weights and thresholds.,triangle,185.46190379775152,185.46190379775152,14880.618644271635,0.2952890605362519,301.016708,0.46039075423915804,301.016708,0.2916666666666667,1.0,0.5249618080647814,0.5,0.5,0.9,0.8,0,,,results/tradeoff_20260321_163246/_sensitivity_tmp,"[11, (9, 10), 15, 32, 28, 17, (11, 14)]"
sensitivity,sens::weighted_maximin_time_avg_cri_l050::we0.50_wa0.50_ct0.90_at0.90,weighted_maximin_time_avg_cri_l050,sensitivity,Sensitivity re-evaluation,Sensitivity re-evaluation of an optimized sequence under alternate weights and thresholds.,triangle,185.46190379775152,185.46190379775152,14880.618644271635,0.2952890605362519,301.016708,0.46039075423915804,379.315465,0.2916666666666667,1.0,0.46831910610341193,0.5,0.5,0.9,0.9,1,,,results/tradeoff_20260321_163246/_sensitivity_tmp,"[11, (9, 10), 15, 32, 28, 17, (11, 14)]"
sensitivity,sens::weighted_maximin_time_avg_cri_l050::we0.50_wa0.50_ct0.90_at0.95,weighted_maximin_time_avg_cri_l050,sensitivity,Sensitivity re-evaluation,Sensitivity re-evaluation of an optimized sequence under alternate weights and thresholds.,triangle,185.46190379775152,185.46190379775152,14880.618644271635,0.2952890605362519,301.016708,0.46039075423915804,379.315465,0.20833333333333334,1.0,0.42685473345605185,0.5,0.5,0.9,0.95,0,,,results/tradeoff_20260321_163246/_sensitivity_tmp,"[11, (9, 10), 15, 32, 28, 17, (11, 14)]"
sensitivity,sens::weighted_maximin_time_avg_cri_l050::we0.50_wa0.50_ct0.95_at0.80,weighted_maximin_time_avg_cri_l050,sensitivity,Sensitivity re-evaluation,Sensitivity re-evaluation of an optimized sequence under alternate weights and thresholds.,triangle,185.46190379775152,185.46190379775152,19052.169640205415,0.3120376193640404,379.315465,0.46039075423915804,301.016708,0.2916666666666667,1.0,0.5249618080647814,0.5,0.5,0.95,0.8,0,,,results/tradeoff_20260321_163246/_sensitivity_tmp,"[11, (9, 10), 15, 32, 28, 17, (11, 14)]"
sensitivity,sens::weighted_maximin_time_avg_cri_l050::we0.50_wa0.50_ct0.95_at0.90,weighted_maximin_time_avg_cri_l050,sensitivity,Sensitivity re-evaluation,Sensitivity re-evaluation of an optimized sequence under alternate weights and thresholds.,triangle,185.46190379775152,185.46190379775152,19052.169640205415,0.3120376193640404,379.315465,0.46039075423915804,379.315465,0.2916666666666667,1.0,0.46831910610341193,0.5,0.5,0.95,0.9,0,,,results/tradeoff_20260321_163246/_sensitivity_tmp,"[11, (9, 10), 15, 32, 28, 17, (11, 14)]"
sensitivity,sens::weighted_maximin_time_avg_cri_l050::we0.50_wa0.50_ct0.95_at0.95,weighted_maximin_time_avg_cri_l050,sensitivity,Sensitivity re-evaluation,Sensitivity re-evaluation of an optimized sequence under alternate weights and thresholds.,triangle,185.46190379775152,185.46190379775152,19052.169640205415,0.3120376193640404,379.315465,0.46039075423915804,379.315465,0.20833333333333334,1.0,0.42685473345605185,0.5,0.5,0.95,0.95,0,,,results/tradeoff_20260321_163246/_sensitivity_tmp,"[11, (9, 10), 15, 32, 28, 17, (11, 14)]"
sensitivity,sens::weighted_maximin_time_avg_cri_l050::we0.70_wa0.30_ct0.80_at0.80,weighted_maximin_time_avg_cri_l050,sensitivity,Sensitivity re-evaluation,Sensitivity re-evaluation of an optimized sequence under alternate weights and thresholds.,triangle,185.46190379775152,185.46190379775152,12413.921980956038,0.7153901371533469,250.402748,0.4121769372507819,301.016708,0.2916666666666667,1.0,0.5249618080647814,0.7,0.3,0.8,0.8,0,,,results/tradeoff_20260321_163246/_sensitivity_tmp,"[11, (9, 10), 15, 32, 28, 17, (11, 14)]"
sensitivity,sens::weighted_maximin_time_avg_cri_l050::we0.70_wa0.30_ct0.80_at0.90,weighted_maximin_time_avg_cri_l050,sensitivity,Sensitivity re-evaluation,Sensitivity re-evaluation of an optimized sequence under alternate weights and thresholds.,triangle,185.46190379775152,185.46190379775152,12413.921980956038,0.7153901371533469,250.402748,0.4121769372507819,379.315465,0.2916666666666667,1.0,0.46831910610341193,0.7,0.3,0.8,0.9,0,,,results/tradeoff_20260321_163246/_sensitivity_tmp,"[11, (9, 10), 15, 32, 28, 17, (11, 14)]"
sensitivity,sens::weighted_maximin_time_avg_cri_l050::we0.70_wa0.30_ct0.80_at0.95,weighted_maximin_time_avg_cri_l050,sensitivity,Sensitivity re-evaluation,Sensitivity re-evaluation of an optimized sequence under alternate weights and thresholds.,triangle,185.46190379775152,185.46190379775152,12413.921980956038,0.7153901371533469,250.402748,0.4121769372507819,379.315465,0.20833333333333334,1.0,0.42685473345605185,0.7,0.3,0.8,0.95,0,,,results/tradeoff_20260321_163246/_sensitivity_tmp,"[11, (9, 10), 15, 32, 28, 17, (11, 14)]"
sensitivity,sens::weighted_maximin_time_avg_cri_l050::we0.70_wa0.30_ct0.90_at0.80,weighted_maximin_time_avg_cri_l050,sensitivity,Sensitivity re-evaluation,Sensitivity re-evaluation of an optimized sequence under alternate weights and thresholds.,triangle,185.46190379775152,185.46190379775152,12298.467818052044,0.5256773892574733,301.016708,0.4121769372507819,301.016708,0.2916666666666667,1.0,0.5249618080647814,0.7,0.3,0.9,0.8,0,,,results/tradeoff_20260321_163246/_sensitivity_tmp,"[11, (9, 10), 15, 32, 28, 17, (11, 14)]"
sensitivity,sens::weighted_maximin_time_avg_cri_l050::we0.70_wa0.30_ct0.90_at0.90,weighted_maximin_time_avg_cri_l050,sensitivity,Sensitivity re-evaluation,Sensitivity re-evaluation of an optimized sequence under alternate weights and thresholds.,triangle,185.46190379775152,185.46190379775152,12298.467818052044,0.5256773892574733,301.016708,0.4121769372507819,379.315465,0.2916666666666667,1.0,0.46831910610341193,0.7,0.3,0.9,0.9,0,,,results/tradeoff_20260321_163246/_sensitivity_tmp,"[11, (9, 10), 15, 32, 28, 17, (11, 14)]"
sensitivity,sens::weighted_maximin_time_avg_cri_l050::we0.70_wa0.30_ct0.90_at0.95,weighted_maximin_time_avg_cri_l050,sensitivity,Sensitivity re-evaluation,Sensitivity re-evaluation of an optimized sequence under alternate weights and thresholds.,triangle,185.46190379775152,185.46190379775152,12298.467818052044,0.5256773892574733,301.016708,0.4121769372507819,379.315465,0.20833333333333334,1.0,0.42685473345605185,0.7,0.3,0.9,0.95,0,,,results/tradeoff_20260321_163246/_sensitivity_tmp,"[11, (9, 10), 15, 32, 28, 17, (11, 14)]"
sensitivity,sens::weighted_maximin_time_avg_cri_l050::we0.70_wa0.30_ct0.95_at0.80,weighted_maximin_time_avg_cri_l050,sensitivity,Sensitivity re-evaluation,Sensitivity re-evaluation of an optimized sequence under alternate weights and thresholds.,triangle,185.46190379775152,185.46190379775152,16833.01761094228,0.31160810729604105,301.016708,0.4121769372507819,301.016708,0.2916666666666667,1.0,0.5249618080647814,0.7,0.3,0.95,0.8,0,,,results/tradeoff_20260321_163246/_sensitivity_tmp,"[11, (9, 10), 15, 32, 28, 17, (11, 14)]"
sensitivity,sens::weighted_maximin_time_avg_cri_l050::we0.70_wa0.30_ct0.95_at0.90,weighted_maximin_time_avg_cri_l050,sensitivity,Sensitivity re-evaluation,Sensitivity re-evaluation of an optimized sequence under alternate weights and thresholds.,triangle,185.46190379775152,185.46190379775152,16833.01761094228,0.31160810729604105,301.016708,0.4121769372507819,379.315465,0.2916666666666667,1.0,0.46831910610341193,0.7,0.3,0.95,0.9,0,,,results/tradeoff_20260321_163246/_sensitivity_tmp,"[11, (9, 10), 15, 32, 28, 17, (11, 14)]"
sensitivity,sens::weighted_maximin_time_avg_cri_l050::we0.70_wa0.30_ct0.95_at0.95,weighted_maximin_time_avg_cri_l050,sensitivity,Sensitivity re-evaluation,Sensitivity re-evaluation of an optimized sequence under alternate weights and thresholds.,triangle,185.46190379775152,185.46190379775152,16833.01761094228,0.31160810729604105,301.016708,0.4121769372507819,379.315465,0.20833333333333334,1.0,0.42685473345605185,0.7,0.3,0.95,0.95,0,,,results/tradeoff_20260321_163246/_sensitivity_tmp,"[11, (9, 10), 15, 32, 28, 17, (11, 14)]"
sensitivity,sens::weighted_maximin_time_avg_cri_l050::we0.30_wa0.70_ct0.80_at0.80,weighted_maximin_time_avg_cri_l050,sensitivity,Sensitivity re-evaluation,Sensitivity re-evaluation of an optimized sequence under alternate weights and thresholds.,triangle,185.46190379775152,185.46190379775152,14285.059814948798,0.4693769452235317,301.016708,0.508604571227534,301.016708,0.2916666666666667,1.0,0.5249618080647814,0.3,0.7,0.8,0.8,0,,,results/tradeoff_20260321_163246/_sensitivity_tmp,"[11, (9, 10), 15, 32, 28, 17, (11, 14)]"
sensitivity,sens::weighted_maximin_time_avg_cri_l050::we0.30_wa0.70_ct0.80_at0.90,weighted_maximin_time_avg_cri_l050,sensitivity,Sensitivity re-evaluation,Sensitivity re-evaluation of an optimized sequence under alternate weights and thresholds.,triangle,185.46190379775152,185.46190379775152,14285.059814948798,0.4693769452235317,301.016708,0.508604571227534,379.315465,0.2916666666666667,1.0,0.46831910610341193,0.3,0.7,0.8,0.9,0,,,results/tradeoff_20260321_163246/_sensitivity_tmp,"[11, (9, 10), 15, 32, 28, 17, (11, 14)]"
sensitivity,sens::weighted_maximin_time_avg_cri_l050::we0.30_wa0.70_ct0.80_at0.95,weighted_maximin_time_avg_cri_l050,sensitivity,Sensitivity re-evaluation,Sensitivity re-evaluation of an optimized sequence under alternate weights and thresholds.,triangle,185.46190379775152,185.46190379775152,14285.059814948798,0.4693769452235317,301.016708,0.508604571227534,379.315465,0.20833333333333334,1.0,0.42685473345605185,0.3,0.7,0.8,0.95,0,,,results/tradeoff_20260321_163246/_sensitivity_tmp,"[11, (9, 10), 15, 32, 28, 17, (11, 14)]"
sensitivity,sens::weighted_maximin_time_avg_cri_l050::we0.30_wa0.70_ct0.90_at0.80,weighted_maximin_time_avg_cri_l050,sensitivity,Sensitivity re-evaluation,Sensitivity re-evaluation of an optimized sequence under alternate weights and thresholds.,triangle,185.46190379775152,185.46190379775152,17321.68797030702,0.3040325037254119,301.016708,0.508604571227534,301.016708,0.2916666666666667,1.0,0.5249618080647814,0.3,0.7,0.9,0.8,0,,,results/tradeoff_20260321_163246/_sensitivity_tmp,"[11, (9, 10), 15, 32, 28, 17, (11, 14)]"
sensitivity,sens::weighted_maximin_time_avg_cri_l050::we0.30_wa0.70_ct0.90_at0.90,weighted_maximin_time_avg_cri_l050,sensitivity,Sensitivity re-evaluation,Sensitivity re-evaluation of an optimized sequence under alternate weights and thresholds.,triangle,185.46190379775152,185.46190379775152,17321.68797030702,0.3040325037254119,301.016708,0.508604571227534,379.315465,0.2916666666666667,1.0,0.46831910610341193,0.3,0.7,0.9,0.9,0,,,results/tradeoff_20260321_163246/_sensitivity_tmp,"[11, (9, 10), 15, 32, 28, 17, (11, 14)]"
sensitivity,sens::weighted_maximin_time_avg_cri_l050::we0.30_wa0.70_ct0.90_at0.95,weighted_maximin_time_avg_cri_l050,sensitivity,Sensitivity re-evaluation,Sensitivity re-evaluation of an optimized sequence under alternate weights and thresholds.,triangle,185.46190379775152,185.46190379775152,17321.68797030702,0.3040325037254119,301.016708,0.508604571227534,379.315465,0.20833333333333334,1.0,0.42685473345605185,0.3,0.7,0.9,0.95,0,,,results/tradeoff_20260321_163246/_sensitivity_tmp,"[11, (9, 10), 15, 32, 28, 17, (11, 14)]"
sensitivity,sens::weighted_maximin_time_avg_cri_l050::we0.30_wa0.70_ct0.95_at0.80,weighted_maximin_time_avg_cri_l050,sensitivity,Sensitivity re-evaluation,Sensitivity re-evaluation of an optimized sequence under alternate weights and thresholds.,triangle,185.46190379775152,185.46190379775152,18516.846410620332,0.3054988979318036,379.315465,0.508604571227534,301.016708,0.2916666666666667,1.0,0.5249618080647814,0.3,0.7,0.95,0.8,0,,,results/tradeoff_20260321_163246/_sensitivity_tmp,"[11, (9, 10), 15, 32, 28, 17, (11, 14)]"
sensitivity,sens::weighted_maximin_time_avg_cri_l050::we0.30_wa0.70_ct0.95_at0.90,weighted_maximin_time_avg_cri_l050,sensitivity,Sensitivity re-evaluation,Sensitivity re-evaluation of an optimized sequence under alternate weights and thresholds.,triangle,185.46190379775152,185.46190379775152,18516.846410620332,0.3054988979318036,379.315465,0.508604571227534,379.315465,0.2916666666666667,1.0,0.46831910610341193,0.3,0.7,0.95,0.9,0,,,results/tradeoff_20260321_163246/_sensitivity_tmp,"[11, (9, 10), 15, 32, 28, 17, (11, 14)]"
sensitivity,sens::weighted_maximin_time_avg_cri_l050::we0.30_wa0.70_ct0.95_at0.95,weighted_maximin_time_avg_cri_l050,sensitivity,Sensitivity re-evaluation,Sensitivity re-evaluation of an optimized sequence under alternate weights and thresholds.,triangle,185.46190379775152,185.46190379775152,18516.846410620332,0.3054988979318036,379.315465,0.508604571227534,379.315465,0.20833333333333334,1.0,0.42685473345605185,0.3,0.7,0.95,0.95,0,,,results/tradeoff_20260321_163246/_sensitivity_tmp,"[11, (9, 10), 15, 32, 28, 17, (11, 14)]"
sensitivity,sens::weighted_maximin_time_avg_cri_l100::we0.50_wa0.50_ct0.80_at0.80,weighted_maximin_time_avg_cri_l100,sensitivity,Sensitivity re-evaluation,Sensitivity re-evaluation of an optimized sequence under alternate weights and thresholds.,triangle,292.38789342773504,292.38789342773504,21371.74268827675,0.30105272870844435,365.271772,0.5385450739430896,365.271772,0.2916666666666667,1.0,0.5086299487371047,0.5,0.5,0.8,0.8,0,,,results/tradeoff_20260321_163246/_sensitivity_tmp,"[15, 28, 32, 17, 11, (9, 10), (11, 14)]"
sensitivity,sens::weighted_maximin_time_avg_cri_l100::we0.50_wa0.50_ct0.80_at0.90,weighted_maximin_time_avg_cri_l100,sensitivity,Sensitivity re-evaluation,Sensitivity re-evaluation of an optimized sequence under alternate weights and thresholds.,triangle,292.38789342773504,292.38789342773504,21371.74268827675,0.30105272870844435,365.271772,0.5385450739430896,430.86748119999993,0.2916666666666667,1.0,0.46135238456440736,0.5,0.5,0.8,0.9,0,,,results/tradeoff_20260321_163246/_sensitivity_tmp,"[15, 28, 32, 17, 11, (9, 10), (11, 14)]"
sensitivity,sens::weighted_maximin_time_avg_cri_l100::we0.50_wa0.50_ct0.80_at0.95,weighted_maximin_time_avg_cri_l100,sensitivity,Sensitivity re-evaluation,Sensitivity re-evaluation of an optimized sequence under alternate weights and thresholds.,triangle,292.38789342773504,292.38789342773504,21371.74268827675,0.30105272870844435,365.271772,0.5385450739430896,430.86748119999993,0.20833333333333334,1.0,0.41282773344938084,0.5,0.5,0.8,0.95,0,,,results/tradeoff_20260321_163246/_sensitivity_tmp,"[15, 28, 32, 17, 11, (9, 10), (11, 14)]"
sensitivity,sens::weighted_maximin_time_avg_cri_l100::we0.50_wa0.50_ct0.90_at0.80,weighted_maximin_time_avg_cri_l100,sensitivity,Sensitivity re-evaluation,Sensitivity re-evaluation of an optimized sequence under alternate weights and thresholds.,triangle,292.38789342773504,292.38789342773504,19584.166926303606,0.28186772470523214,365.271772,0.5385450739430896,365.271772,0.2916666666666667,1.0,0.5086299487371047,0.5,0.5,0.9,0.8,0,,,results/tradeoff_20260321_163246/_sensitivity_tmp,"[15, 28, 32, 17, 11, (9, 10), (11, 14)]"
sensitivity,sens::weighted_maximin_time_avg_cri_l100::we0.50_wa0.50_ct0.90_at0.90,weighted_maximin_time_avg_cri_l100,sensitivity,Sensitivity re-evaluation,Sensitivity re-evaluation of an optimized sequence under alternate weights and thresholds.,triangle,292.38789342773504,292.38789342773504,19584.166926303606,0.28186772470523214,365.271772,0.5385450739430896,430.86748119999993,0.2916666666666667,1.0,0.46135238456440736,0.5,0.5,0.9,0.9,1,,,results/tradeoff_20260321_163246/_sensitivity_tmp,"[15, 28, 32, 17, 11, (9, 10), (11, 14)]"
sensitivity,sens::weighted_maximin_time_avg_cri_l100::we0.50_wa0.50_ct0.90_at0.95,weighted_maximin_time_avg_cri_l100,sensitivity,Sensitivity re-evaluation,Sensitivity re-evaluation of an optimized sequence under alternate weights and thresholds.,triangle,292.38789342773504,292.38789342773504,19584.166926303606,0.28186772470523214,365.271772,0.5385450739430896,430.86748119999993,0.20833333333333334,1.0,0.41282773344938084,0.5,0.5,0.9,0.95,0,,,results/tradeoff_20260321_163246/_sensitivity_tmp,"[15, 28, 32, 17, 11, (9, 10), (11, 14)]"
sensitivity,sens::weighted_maximin_time_avg_cri_l100::we0.50_wa0.50_ct0.95_at0.80,weighted_maximin_time_avg_cri_l100,sensitivity,Sensitivity re-evaluation,Sensitivity re-evaluation of an optimized sequence under alternate weights and thresholds.,triangle,292.38789342773504,292.38789342773504,24334.849105627174,0.3111465524526398,430.86748119999993,0.5385450739430896,365.271772,0.2916666666666667,1.0,0.5086299487371047,0.5,0.5,0.95,0.8,0,,,results/tradeoff_20260321_163246/_sensitivity_tmp,"[15, 28, 32, 17, 11, (9, 10), (11, 14)]"
sensitivity,sens::weighted_maximin_time_avg_cri_l100::we0.50_wa0.50_ct0.95_at0.90,weighted_maximin_time_avg_cri_l100,sensitivity,Sensitivity re-evaluation,Sensitivity re-evaluation of an optimized sequence under alternate weights and thresholds.,triangle,292.38789342773504,292.38789342773504,24334.849105627174,0.3111465524526398,430.86748119999993,0.5385450739430896,430.86748119999993,0.2916666666666667,1.0,0.46135238456440736,0.5,0.5,0.95,0.9,0,,,results/tradeoff_20260321_163246/_sensitivity_tmp,"[15, 28, 32, 17, 11, (9, 10), (11, 14)]"
sensitivity,sens::weighted_maximin_time_avg_cri_l100::we0.50_wa0.50_ct0.95_at0.95,weighted_maximin_time_avg_cri_l100,sensitivity,Sensitivity re-evaluation,Sensitivity re-evaluation of an optimized sequence under alternate weights and thresholds.,triangle,292.38789342773504,292.38789342773504,24334.849105627174,0.3111465524526398,430.86748119999993,0.5385450739430896,430.86748119999993,0.20833333333333334,1.0,0.41282773344938084,0.5,0.5,0.95,0.95,0,,,results/tradeoff_20260321_163246/_sensitivity_tmp,"[15, 28, 32, 17, 11, (9, 10), (11, 14)]"
sensitivity,sens::weighted_maximin_time_avg_cri_l100::we0.70_wa0.30_ct0.80_at0.80,weighted_maximin_time_avg_cri_l100,sensitivity,Sensitivity re-evaluation,Sensitivity re-evaluation of an optimized sequence under alternate weights and thresholds.,triangle,292.38789342773504,292.38789342773504,16075.649003261964,0.6830428148021515,328.78321,0.4985657695253288,365.271772,0.2916666666666667,1.0,0.5086299487371047,0.7,0.3,0.8,0.8,0,,,results/tradeoff_20260321_163246/_sensitivity_tmp,"[15, 28, 32, 17, 11, (9, 10), (11, 14)]"
sensitivity,sens::weighted_maximin_time_avg_cri_l100::we0.70_wa0.30_ct0.80_at0.90,weighted_maximin_time_avg_cri_l100,sensitivity,Sensitivity re-evaluation,Sensitivity re-evaluation of an optimized sequence under alternate weights and thresholds.,triangle,292.38789342773504,292.38789342773504,16075.649003261964,0.6830428148021515,328.78321,0.4985657695253288,430.86748119999993,0.2916666666666667,1.0,0.46135238456440736,0.7,0.3,0.8,0.9,0,,,results/tradeoff_20260321_163246/_sensitivity_tmp,"[15, 28, 32, 17, 11, (9, 10), (11, 14)]"
sensitivity,sens::weighted_maximin_time_avg_cri_l100::we0.70_wa0.30_ct0.80_at0.95,weighted_maximin_time_avg_cri_l100,sensitivity,Sensitivity re-evaluation,Sensitivity re-evaluation of an optimized sequence under alternate weights and thresholds.,triangle,292.38789342773504,292.38789342773504,16075.649003261964,0.6830428148021515,328.78321,0.4985657695253288,430.86748119999993,0.20833333333333334,1.0,0.41282773344938084,0.7,0.3,0.8,0.95,0,,,results/tradeoff_20260321_163246/_sensitivity_tmp,"[15, 28, 32, 17, 11, (9, 10), (11, 14)]"
sensitivity,sens::weighted_maximin_time_avg_cri_l100::we0.70_wa0.30_ct0.90_at0.80,weighted_maximin_time_avg_cri_l100,sensitivity,Sensitivity re-evaluation,Sensitivity re-evaluation of an optimized sequence under alternate weights and thresholds.,triangle,292.38789342773504,292.38789342773504,21371.74268827675,0.30105272870844435,365.271772,0.4985657695253288,365.271772,0.2916666666666667,1.0,0.5086299487371047,0.7,0.3,0.9,0.8,0,,,results/tradeoff_20260321_163246/_sensitivity_tmp,"[15, 28, 32, 17, 11, (9, 10), (11, 14)]"
sensitivity,sens::weighted_maximin_time_avg_cri_l100::we0.70_wa0.30_ct0.90_at0.90,weighted_maximin_time_avg_cri_l100,sensitivity,Sensitivity re-evaluation,Sensitivity re-evaluation of an optimized sequence under alternate weights and thresholds.,triangle,292.38789342773504,292.38789342773504,21371.74268827675,0.30105272870844435,365.271772,0.4985657695253288,430.86748119999993,0.2916666666666667,1.0,0.46135238456440736,0.7,0.3,0.9,0.9,0,,,results/tradeoff_20260321_163246/_sensitivity_tmp,"[15, 28, 32, 17, 11, (9, 10), (11, 14)]"
sensitivity,sens::weighted_maximin_time_avg_cri_l100::we0.70_wa0.30_ct0.90_at0.95,weighted_maximin_time_avg_cri_l100,sensitivity,Sensitivity re-evaluation,Sensitivity re-evaluation of an optimized sequence under alternate weights and thresholds.,triangle,292.38789342773504,292.38789342773504,21371.74268827675,0.30105272870844435,365.271772,0.4985657695253288,430.86748119999993,0.20833333333333334,1.0,0.41282773344938084,0.7,0.3,0.9,0.95,0,,,results/tradeoff_20260321_163246/_sensitivity_tmp,"[15, 28, 32, 17, 11, (9, 10), (11, 14)]"
sensitivity,sens::weighted_maximin_time_avg_cri_l100::we0.70_wa0.30_ct0.95_at0.80,weighted_maximin_time_avg_cri_l100,sensitivity,Sensitivity re-evaluation,Sensitivity re-evaluation of an optimized sequence under alternate weights and thresholds.,triangle,292.38789342773504,292.38789342773504,22642.91603375866,0.30362310600911324,365.271772,0.4985657695253288,365.271772,0.2916666666666667,1.0,0.5086299487371047,0.7,0.3,0.95,0.8,0,,,results/tradeoff_20260321_163246/_sensitivity_tmp,"[15, 28, 32, 17, 11, (9, 10), (11, 14)]"
sensitivity,sens::weighted_maximin_time_avg_cri_l100::we0.70_wa0.30_ct0.95_at0.90,weighted_maximin_time_avg_cri_l100,sensitivity,Sensitivity re-evaluation,Sensitivity re-evaluation of an optimized sequence under alternate weights and thresholds.,triangle,292.38789342773504,292.38789342773504,22642.91603375866,0.30362310600911324,365.271772,0.4985657695253288,430.86748119999993,0.2916666666666667,1.0,0.46135238456440736,0.7,0.3,0.95,0.9,0,,,results/tradeoff_20260321_163246/_sensitivity_tmp,"[15, 28, 32, 17, 11, (9, 10), (11, 14)]"
sensitivity,sens::weighted_maximin_time_avg_cri_l100::we0.70_wa0.30_ct0.95_at0.95,weighted_maximin_time_avg_cri_l100,sensitivity,Sensitivity re-evaluation,Sensitivity re-evaluation of an optimized sequence under alternate weights and thresholds.,triangle,292.38789342773504,292.38789342773504,22642.91603375866,0.30362310600911324,365.271772,0.4985657695253288,430.86748119999993,0.20833333333333334,1.0,0.41282773344938084,0.7,0.3,0.95,0.95,0,,,results/tradeoff_20260321_163246/_sensitivity_tmp,"[15, 28, 32, 17, 11, (9, 10), (11, 14)]"
sensitivity,sens::weighted_maximin_time_avg_cri_l100::we0.30_wa0.70_ct0.80_at0.80,weighted_maximin_time_avg_cri_l100,sensitivity,Sensitivity re-evaluation,Sensitivity re-evaluation of an optimized sequence under alternate weights and thresholds.,triangle,292.38789342773504,292.38789342773504,21371.74268827675,0.30105272870844435,365.271772,0.48403625042273196,365.271772,0.2916666666666667,1.0,0.5086299487371047,0.3,0.7,0.8,0.8,0,,,results/tradeoff_20260321_163246/_sensitivity_tmp,"[15, 28, 32, 17, 11, (9, 10), (11, 14)]"
sensitivity,sens::weighted_maximin_time_avg_cri_l100::we0.30_wa0.70_ct0.80_at0.90,weighted_maximin_time_avg_cri_l100,sensitivity,Sensitivity re-evaluation,Sensitivity re-evaluation of an optimized sequence under alternate weights and thresholds.,triangle,292.38789342773504,292.38789342773504,21371.74268827675,0.30105272870844435,365.271772,0.48403625042273196,430.86748119999993,0.2916666666666667,1.0,0.46135238456440736,0.3,0.7,0.8,0.9,0,,,results/tradeoff_20260321_163246/_sensitivity_tmp,"[15, 28, 32, 17, 11, (9, 10), (11, 14)]"
sensitivity,sens::weighted_maximin_time_avg_cri_l100::we0.30_wa0.70_ct0.80_at0.95,weighted_maximin_time_avg_cri_l100,sensitivity,Sensitivity re-evaluation,Sensitivity re-evaluation of an optimized sequence under alternate weights and thresholds.,triangle,292.38789342773504,292.38789342773504,21371.74268827675,0.30105272870844435,365.271772,0.48403625042273196,430.86748119999993,0.20833333333333334,1.0,0.41282773344938084,0.3,0.7,0.8,0.95,0,,,results/tradeoff_20260321_163246/_sensitivity_tmp,"[15, 28, 32, 17, 11, (9, 10), (11, 14)]"
sensitivity,sens::weighted_maximin_time_avg_cri_l100::we0.30_wa0.70_ct0.90_at0.80,weighted_maximin_time_avg_cri_l100,sensitivity,Sensitivity re-evaluation,Sensitivity re-evaluation of an optimized sequence under alternate weights and thresholds.,triangle,292.38789342773504,292.38789342773504,23172.975858273156,0.30396872437100453,365.271772,0.48403625042273196,365.271772,0.2916666666666667,1.0,0.5086299487371047,0.3,0.7,0.9,0.8,0,,,results/tradeoff_20260321_163246/_sensitivity_tmp,"[15, 28, 32, 17, 11, (9, 10), (11, 14)]"
sensitivity,sens::weighted_maximin_time_avg_cri_l100::we0.30_wa0.70_ct0.90_at0.90,weighted_maximin_time_avg_cri_l100,sensitivity,Sensitivity re-evaluation,Sensitivity re-evaluation of an optimized sequence under alternate weights and thresholds.,triangle,292.38789342773504,292.38789342773504,23172.975858273156,0.30396872437100453,365.271772,0.48403625042273196,430.86748119999993,0.2916666666666667,1.0,0.46135238456440736,0.3,0.7,0.9,0.9,0,,,results/tradeoff_20260321_163246/_sensitivity_tmp,"[15, 28, 32, 17, 11, (9, 10), (11, 14)]"
sensitivity,sens::weighted_maximin_time_avg_cri_l100::we0.30_wa0.70_ct0.90_at0.95,weighted_maximin_time_avg_cri_l100,sensitivity,Sensitivity re-evaluation,Sensitivity re-evaluation of an optimized sequence under alternate weights and thresholds.,triangle,292.38789342773504,292.38789342773504,23172.975858273156,0.30396872437100453,365.271772,0.48403625042273196,430.86748119999993,0.20833333333333334,1.0,0.41282773344938084,0.3,0.7,0.9,0.95,0,,,results/tradeoff_20260321_163246/_sensitivity_tmp,"[15, 28, 32, 17, 11, (9, 10), (11, 14)]"
sensitivity,sens::weighted_maximin_time_avg_cri_l100::we0.30_wa0.70_ct0.95_at0.80,weighted_maximin_time_avg_cri_l100,sensitivity,Sensitivity re-evaluation,Sensitivity re-evaluation of an optimized sequence under alternate weights and thresholds.,triangle,292.38789342773504,292.38789342773504,24401.111189358893,0.3081666940769021,430.86748119999993,0.48403625042273196,365.271772,0.2916666666666667,1.0,0.5086299487371047,0.3,0.7,0.95,0.8,0,,,results/tradeoff_20260321_163246/_sensitivity_tmp,"[15, 28, 32, 17, 11, (9, 10), (11, 14)]"
sensitivity,sens::weighted_maximin_time_avg_cri_l100::we0.30_wa0.70_ct0.95_at0.90,weighted_maximin_time_avg_cri_l100,sensitivity,Sensitivity re-evaluation,Sensitivity re-evaluation of an optimized sequence under alternate weights and thresholds.,triangle,292.38789342773504,292.38789342773504,24401.111189358893,0.3081666940769021,430.86748119999993,0.48403625042273196,430.86748119999993,0.2916666666666667,1.0,0.46135238456440736,0.3,0.7,0.95,0.9,0,,,results/tradeoff_20260321_163246/_sensitivity_tmp,"[15, 28, 32, 17, 11, (9, 10), (11, 14)]"
sensitivity,sens::weighted_maximin_time_avg_cri_l100::we0.30_wa0.70_ct0.95_at0.95,weighted_maximin_time_avg_cri_l100,sensitivity,Sensitivity re-evaluation,Sensitivity re-evaluation of an optimized sequence under alternate weights and thresholds.,triangle,292.38789342773504,292.38789342773504,24401.111189358893,0.3081666940769021,430.86748119999993,0.48403625042273196,430.86748119999993,0.20833333333333334,1.0,0.41282773344938084,0.3,0.7,0.95,0.95,0,,,results/tradeoff_20260321_163246/_sensitivity_tmp,"[15, 28, 32, 17, 11, (9, 10), (11, 14)]"
sensitivity,sens::guardrail_maximin_time_avg_cri::we0.50_wa0.50_ct0.80_at0.80,guardrail_maximin_time_avg_cri,sensitivity,Sensitivity re-evaluation,Sensitivity re-evaluation of an optimized sequence under alternate weights and thresholds.,triangle,347.32768337018047,347.32768337018047,32007.09272759149,0.4603039016756043,404.988623,0.5434815926931882,404.988623,0.2916666666666667,1.0,0.568020306065375,0.5,0.5,0.8,0.8,0,,,results/tradeoff_20260321_163246/_sensitivity_tmp,"[11, 28, 15, 17, (9, 10), 32, (11, 14)]"
sensitivity,sens::guardrail_maximin_time_avg_cri::we0.50_wa0.50_ct0.80_at0.90,guardrail_maximin_time_avg_cri,sensitivity,Sensitivity re-evaluation,Sensitivity re-evaluation of an optimized sequence under alternate weights and thresholds.,triangle,347.32768337018047,347.32768337018047,32007.09272759149,0.4603039016756043,404.988623,0.5434815926931882,531.1054425,0.2916666666666667,1.0,0.5072438451979275,0.5,0.5,0.8,0.9,0,,,results/tradeoff_20260321_163246/_sensitivity_tmp,"[11, 28, 15, 17, (9, 10), 32, (11, 14)]"
sensitivity,sens::guardrail_maximin_time_avg_cri::we0.50_wa0.50_ct0.80_at0.95,guardrail_maximin_time_avg_cri,sensitivity,Sensitivity re-evaluation,Sensitivity re-evaluation of an optimized sequence under alternate weights and thresholds.,triangle,347.32768337018047,347.32768337018047,32007.09272759149,0.4603039016756043,404.988623,0.5434815926931882,564.419712,0.20833333333333334,1.0,0.47827834133907987,0.5,0.5,0.8,0.95,0,,,results/tradeoff_20260321_163246/_sensitivity_tmp,"[11, 28, 15, 17, (9, 10), 32, (11, 14)]"
sensitivity,sens::guardrail_maximin_time_avg_cri::we0.50_wa0.50_ct0.90_at0.80,guardrail_maximin_time_avg_cri,sensitivity,Sensitivity re-evaluation,Sensitivity re-evaluation of an optimized sequence under alternate weights and thresholds.,triangle,347.32768337018047,347.32768337018047,30481.428465267458,0.31296152756819806,482.72191849999996,0.5434815926931882,404.988623,0.2916666666666667,1.0,0.568020306065375,0.5,0.5,0.9,0.8,0,,,results/tradeoff_20260321_163246/_sensitivity_tmp,"[11, 28, 15, 17, (9, 10), 32, (11, 14)]"
sensitivity,sens::guardrail_maximin_time_avg_cri::we0.50_wa0.50_ct0.90_at0.90,guardrail_maximin_time_avg_cri,sensitivity,Sensitivity re-evaluation,Sensitivity re-evaluation of an optimized sequence under alternate weights and thresholds.,triangle,347.32768337018047,347.32768337018047,30481.428465267458,0.31296152756819806,482.72191849999996,0.5434815926931882,531.1054425,0.2916666666666667,1.0,0.5072438451979275,0.5,0.5,0.9,0.9,1,,,results/tradeoff_20260321_163246/_sensitivity_tmp,"[11, 28, 15, 17, (9, 10), 32, (11, 14)]"
sensitivity,sens::guardrail_maximin_time_avg_cri::we0.50_wa0.50_ct0.90_at0.95,guardrail_maximin_time_avg_cri,sensitivity,Sensitivity re-evaluation,Sensitivity re-evaluation of an optimized sequence under alternate weights and thresholds.,triangle,347.32768337018047,347.32768337018047,30481.428465267458,0.31296152756819806,482.72191849999996,0.5434815926931882,564.419712,0.20833333333333334,1.0,0.47827834133907987,0.5,0.5,0.9,0.95,0,,,results/tradeoff_20260321_163246/_sensitivity_tmp,"[11, 28, 15, 17, (9, 10), 32, (11, 14)]"
sensitivity,sens::guardrail_maximin_time_avg_cri::we0.50_wa0.50_ct0.95_at0.80,guardrail_maximin_time_avg_cri,sensitivity,Sensitivity re-evaluation,Sensitivity re-evaluation of an optimized sequence under alternate weights and thresholds.,triangle,347.32768337018047,347.32768337018047,38635.473958373055,0.330315883711064,564.419712,0.5434815926931882,404.988623,0.2916666666666667,1.0,0.568020306065375,0.5,0.5,0.95,0.8,0,,,results/tradeoff_20260321_163246/_sensitivity_tmp,"[11, 28, 15, 17, (9, 10), 32, (11, 14)]"
sensitivity,sens::guardrail_maximin_time_avg_cri::we0.50_wa0.50_ct0.95_at0.90,guardrail_maximin_time_avg_cri,sensitivity,Sensitivity re-evaluation,Sensitivity re-evaluation of an optimized sequence under alternate weights and thresholds.,triangle,347.32768337018047,347.32768337018047,38635.473958373055,0.330315883711064,564.419712,0.5434815926931882,531.1054425,0.2916666666666667,1.0,0.5072438451979275,0.5,0.5,0.95,0.9,0,,,results/tradeoff_20260321_163246/_sensitivity_tmp,"[11, 28, 15, 17, (9, 10), 32, (11, 14)]"
sensitivity,sens::guardrail_maximin_time_avg_cri::we0.50_wa0.50_ct0.95_at0.95,guardrail_maximin_time_avg_cri,sensitivity,Sensitivity re-evaluation,Sensitivity re-evaluation of an optimized sequence under alternate weights and thresholds.,triangle,347.32768337018047,347.32768337018047,38635.473958373055,0.330315883711064,564.419712,0.5434815926931882,564.419712,0.20833333333333334,1.0,0.47827834133907987,0.5,0.5,0.95,0.95,0,,,results/tradeoff_20260321_163246/_sensitivity_tmp,"[11, 28, 15, 17, (9, 10), 32, (11, 14)]"
sensitivity,sens::guardrail_maximin_time_avg_cri::we0.70_wa0.30_ct0.80_at0.80,guardrail_maximin_time_avg_cri,sensitivity,Sensitivity re-evaluation,Sensitivity re-evaluation of an optimized sequence under alternate weights and thresholds.,triangle,347.32768337018047,347.32768337018047,29057.602378836553,0.7345652675512286,356.20695,0.38268489886623436,404.988623,0.2916666666666667,1.0,0.568020306065375,0.7,0.3,0.8,0.8,0,,,results/tradeoff_20260321_163246/_sensitivity_tmp,"[11, 28, 15, 17, (9, 10), 32, (11, 14)]"
sensitivity,sens::guardrail_maximin_time_avg_cri::we0.70_wa0.30_ct0.80_at0.90,guardrail_maximin_time_avg_cri,sensitivity,Sensitivity re-evaluation,Sensitivity re-evaluation of an optimized sequence under alternate weights and thresholds.,triangle,347.32768337018047,347.32768337018047,29057.602378836553,0.7345652675512286,356.20695,0.38268489886623436,531.1054425,0.2916666666666667,1.0,0.5072438451979275,0.7,0.3,0.8,0.9,0,,,results/tradeoff_20260321_163246/_sensitivity_tmp,"[11, 28, 15, 17, (9, 10), 32, (11, 14)]"
sensitivity,sens::guardrail_maximin_time_avg_cri::we0.70_wa0.30_ct0.80_at0.95,guardrail_maximin_time_avg_cri,sensitivity,Sensitivity re-evaluation,Sensitivity re-evaluation of an optimized sequence under alternate weights and thresholds.,triangle,347.32768337018047,347.32768337018047,29057.602378836553,0.7345652675512286,356.20695,0.38268489886623436,564.419712,0.20833333333333334,1.0,0.47827834133907987,0.7,0.3,0.8,0.95,0,,,results/tradeoff_20260321_163246/_sensitivity_tmp,"[11, 28, 15, 17, (9, 10), 32, (11, 14)]"
sensitivity,sens::guardrail_maximin_time_avg_cri::we0.70_wa0.30_ct0.90_at0.80,guardrail_maximin_time_avg_cri,sensitivity,Sensitivity re-evaluation,Sensitivity re-evaluation of an optimized sequence under alternate weights and thresholds.,triangle,347.32768337018047,347.32768337018047,34065.43056692005,0.3689423485730825,482.72191849999996,0.38268489886623436,404.988623,0.2916666666666667,1.0,0.568020306065375,0.7,0.3,0.9,0.8,0,,,results/tradeoff_20260321_163246/_sensitivity_tmp,"[11, 28, 15, 17, (9, 10), 32, (11, 14)]"
sensitivity,sens::guardrail_maximin_time_avg_cri::we0.70_wa0.30_ct0.90_at0.90,guardrail_maximin_time_avg_cri,sensitivity,Sensitivity re-evaluation,Sensitivity re-evaluation of an optimized sequence under alternate weights and thresholds.,triangle,347.32768337018047,347.32768337018047,34065.43056692005,0.3689423485730825,482.72191849999996,0.38268489886623436,531.1054425,0.2916666666666667,1.0,0.5072438451979275,0.7,0.3,0.9,0.9,0,,,results/tradeoff_20260321_163246/_sensitivity_tmp,"[11, 28, 15, 17, (9, 10), 32, (11, 14)]"
sensitivity,sens::guardrail_maximin_time_avg_cri::we0.70_wa0.30_ct0.90_at0.95,guardrail_maximin_time_avg_cri,sensitivity,Sensitivity re-evaluation,Sensitivity re-evaluation of an optimized sequence under alternate weights and thresholds.,triangle,347.32768337018047,347.32768337018047,34065.43056692005,0.3689423485730825,482.72191849999996,0.38268489886623436,564.419712,0.20833333333333334,1.0,0.47827834133907987,0.7,0.3,0.9,0.95,0,,,results/tradeoff_20260321_163246/_sensitivity_tmp,"[11, 28, 15, 17, (9, 10), 32, (11, 14)]"
sensitivity,sens::guardrail_maximin_time_avg_cri::we0.70_wa0.30_ct0.95_at0.80,guardrail_maximin_time_avg_cri,sensitivity,Sensitivity re-evaluation,Sensitivity re-evaluation of an optimized sequence under alternate weights and thresholds.,triangle,347.32768337018047,347.32768337018047,35131.90004264155,0.32894035849423275,516.036188,0.38268489886623436,404.988623,0.2916666666666667,1.0,0.568020306065375,0.7,0.3,0.95,0.8,0,,,results/tradeoff_20260321_163246/_sensitivity_tmp,"[11, 28, 15, 17, (9, 10), 32, (11, 14)]"
sensitivity,sens::guardrail_maximin_time_avg_cri::we0.70_wa0.30_ct0.95_at0.90,guardrail_maximin_time_avg_cri,sensitivity,Sensitivity re-evaluation,Sensitivity re-evaluation of an optimized sequence under alternate weights and thresholds.,triangle,347.32768337018047,347.32768337018047,35131.90004264155,0.32894035849423275,516.036188,0.38268489886623436,531.1054425,0.2916666666666667,1.0,0.5072438451979275,0.7,0.3,0.95,0.9,0,,,results/tradeoff_20260321_163246/_sensitivity_tmp,"[11, 28, 15, 17, (9, 10), 32, (11, 14)]"
sensitivity,sens::guardrail_maximin_time_avg_cri::we0.70_wa0.30_ct0.95_at0.95,guardrail_maximin_time_avg_cri,sensitivity,Sensitivity re-evaluation,Sensitivity re-evaluation of an optimized sequence under alternate weights and thresholds.,triangle,347.32768337018047,347.32768337018047,35131.90004264155,0.32894035849423275,516.036188,0.38268489886623436,564.419712,0.20833333333333334,1.0,0.47827834133907987,0.7,0.3,0.95,0.95,0,,,results/tradeoff_20260321_163246/_sensitivity_tmp,"[11, 28, 15, 17, (9, 10), 32, (11, 14)]"
sensitivity,sens::guardrail_maximin_time_avg_cri::we0.30_wa0.70_ct0.80_at0.80,guardrail_maximin_time_avg_cri,sensitivity,Sensitivity re-evaluation,Sensitivity re-evaluation of an optimized sequence under alternate weights and thresholds.,triangle,347.32768337018047,347.32768337018047,30795.665842057017,0.3249094893235276,404.988623,0.5348688392098544,404.988623,0.2916666666666667,1.0,0.568020306065375,0.3,0.7,0.8,0.8,0,,,results/tradeoff_20260321_163246/_sensitivity_tmp,"[11, 28, 15, 17, (9, 10), 32, (11, 14)]"
sensitivity,sens::guardrail_maximin_time_avg_cri::we0.30_wa0.70_ct0.80_at0.90,guardrail_maximin_time_avg_cri,sensitivity,Sensitivity re-evaluation,Sensitivity re-evaluation of an optimized sequence under alternate weights and thresholds.,triangle,347.32768337018047,347.32768337018047,30795.665842057017,0.3249094893235276,404.988623,0.5348688392098544,531.1054425,0.2916666666666667,1.0,0.5072438451979275,0.3,0.7,0.8,0.9,0,,,results/tradeoff_20260321_163246/_sensitivity_tmp,"[11, 28, 15, 17, (9, 10), 32, (11, 14)]"
sensitivity,sens::guardrail_maximin_time_avg_cri::we0.30_wa0.70_ct0.80_at0.95,guardrail_maximin_time_avg_cri,sensitivity,Sensitivity re-evaluation,Sensitivity re-evaluation of an optimized sequence under alternate weights and thresholds.,triangle,347.32768337018047,347.32768337018047,30795.665842057017,0.3249094893235276,404.988623,0.5348688392098544,564.419712,0.20833333333333334,1.0,0.47827834133907987,0.3,0.7,0.8,0.95,0,,,results/tradeoff_20260321_163246/_sensitivity_tmp,"[11, 28, 15, 17, (9, 10), 32, (11, 14)]"
sensitivity,sens::guardrail_maximin_time_avg_cri::we0.30_wa0.70_ct0.90_at0.80,guardrail_maximin_time_avg_cri,sensitivity,Sensitivity re-evaluation,Sensitivity re-evaluation of an optimized sequence under alternate weights and thresholds.,triangle,347.32768337018047,347.32768337018047,35131.90004264155,0.32894035849423275,516.036188,0.5348688392098544,404.988623,0.2916666666666667,1.0,0.568020306065375,0.3,0.7,0.9,0.8,0,,,results/tradeoff_20260321_163246/_sensitivity_tmp,"[11, 28, 15, 17, (9, 10), 32, (11, 14)]"
sensitivity,sens::guardrail_maximin_time_avg_cri::we0.30_wa0.70_ct0.90_at0.90,guardrail_maximin_time_avg_cri,sensitivity,Sensitivity re-evaluation,Sensitivity re-evaluation of an optimized sequence under alternate weights and thresholds.,triangle,347.32768337018047,347.32768337018047,35131.90004264155,0.32894035849423275,516.036188,0.5348688392098544,531.1054425,0.2916666666666667,1.0,0.5072438451979275,0.3,0.7,0.9,0.9,0,,,results/tradeoff_20260321_163246/_sensitivity_tmp,"[11, 28, 15, 17, (9, 10), 32, (11, 14)]"
sensitivity,sens::guardrail_maximin_time_avg_cri::we0.30_wa0.70_ct0.90_at0.95,guardrail_maximin_time_avg_cri,sensitivity,Sensitivity re-evaluation,Sensitivity re-evaluation of an optimized sequence under alternate weights and thresholds.,triangle,347.32768337018047,347.32768337018047,35131.90004264155,0.32894035849423275,516.036188,0.5348688392098544,564.419712,0.20833333333333334,1.0,0.47827834133907987,0.3,0.7,0.9,0.95,0,,,results/tradeoff_20260321_163246/_sensitivity_tmp,"[11, 28, 15, 17, (9, 10), 32, (11, 14)]"
sensitivity,sens::guardrail_maximin_time_avg_cri::we0.30_wa0.70_ct0.95_at0.80,guardrail_maximin_time_avg_cri,sensitivity,Sensitivity re-evaluation,Sensitivity re-evaluation of an optimized sequence under alternate weights and thresholds.,triangle,347.32768337018047,347.32768337018047,38870.353775340795,0.32693502016622467,564.419712,0.5348688392098544,404.988623,0.2916666666666667,1.0,0.568020306065375,0.3,0.7,0.95,0.8,0,,,results/tradeoff_20260321_163246/_sensitivity_tmp,"[11, 28, 15, 17, (9, 10), 32, (11, 14)]"
sensitivity,sens::guardrail_maximin_time_avg_cri::we0.30_wa0.70_ct0.95_at0.90,guardrail_maximin_time_avg_cri,sensitivity,Sensitivity re-evaluation,Sensitivity re-evaluation of an optimized sequence under alternate weights and thresholds.,triangle,347.32768337018047,347.32768337018047,38870.353775340795,0.32693502016622467,564.419712,0.5348688392098544,531.1054425,0.2916666666666667,1.0,0.5072438451979275,0.3,0.7,0.95,0.9,0,,,results/tradeoff_20260321_163246/_sensitivity_tmp,"[11, 28, 15, 17, (9, 10), 32, (11, 14)]"
sensitivity,sens::guardrail_maximin_time_avg_cri::we0.30_wa0.70_ct0.95_at0.95,guardrail_maximin_time_avg_cri,sensitivity,Sensitivity re-evaluation,Sensitivity re-evaluation of an optimized sequence under alternate weights and thresholds.,triangle,347.32768337018047,347.32768337018047,38870.353775340795,0.32693502016622467,564.419712,0.5348688392098544,564.419712,0.20833333333333334,1.0,0.47827834133907987,0.3,0.7,0.95,0.95,0,,,results/tradeoff_20260321_163246/_sensitivity_tmp,"[11, 28, 15, 17, (9, 10), 32, (11, 14)]"
sensitivity,sens::weighted_p90_access_restore_l025::we0.50_wa0.50_ct0.80_at0.80,weighted_p90_access_restore_l025,sensitivity,Sensitivity re-evaluation,Sensitivity re-evaluation of an optimized sequence under alternate weights and thresholds.,triangle,199.202692811248,199.202692811248,13627.267133222029,0.42354978454398085,347.980211,0.25792291078382723,258.858022,0.2916666666666667,1.0,0.5892264586568579,0.5,0.5,0.8,0.8,0,,,results/tradeoff_20260321_163246/_sensitivity_tmp,"[17, (9, 10), 15, 11, (11, 14), 32, 28]"
sensitivity,sens::weighted_p90_access_restore_l025::we0.50_wa0.50_ct0.80_at0.90,weighted_p90_access_restore_l025,sensitivity,Sensitivity re-evaluation,Sensitivity re-evaluation of an optimized sequence under alternate weights and thresholds.,triangle,199.202692811248,199.202692811248,13627.267133222029,0.42354978454398085,347.980211,0.25792291078382723,367.980211,0.2916666666666667,1.0,0.483764491074766,0.5,0.5,0.8,0.9,0,,,results/tradeoff_20260321_163246/_sensitivity_tmp,"[17, (9, 10), 15, 11, (11, 14), 32, 28]"
sensitivity,sens::weighted_p90_access_restore_l025::we0.50_wa0.50_ct0.80_at0.95,weighted_p90_access_restore_l025,sensitivity,Sensitivity re-evaluation,Sensitivity re-evaluation of an optimized sequence under alternate weights and thresholds.,triangle,199.202692811248,199.202692811248,13627.267133222029,0.42354978454398085,347.980211,0.25792291078382723,367.980211,0.20833333333333334,1.0,0.3613001523379926,0.5,0.5,0.8,0.95,0,,,results/tradeoff_20260321_163246/_sensitivity_tmp,"[17, (9, 10), 15, 11, (11, 14), 32, 28]"
sensitivity,sens::weighted_p90_access_restore_l025::we0.50_wa0.50_ct0.90_at0.80,weighted_p90_access_restore_l025,sensitivity,Sensitivity re-evaluation,Sensitivity re-evaluation of an optimized sequence under alternate weights and thresholds.,triangle,199.202692811248,199.202692811248,14624.054566898018,0.36195261516066846,361.980211,0.25792291078382723,258.858022,0.2916666666666667,1.0,0.5892264586568579,0.5,0.5,0.9,0.8,0,,,results/tradeoff_20260321_163246/_sensitivity_tmp,"[17, (9, 10), 15, 11, (11, 14), 32, 28]"
sensitivity,sens::weighted_p90_access_restore_l025::we0.50_wa0.50_ct0.90_at0.90,weighted_p90_access_restore_l025,sensitivity,Sensitivity re-evaluation,Sensitivity re-evaluation of an optimized sequence under alternate weights and thresholds.,triangle,199.202692811248,199.202692811248,14624.054566898018,0.36195261516066846,361.980211,0.25792291078382723,367.980211,0.2916666666666667,1.0,0.483764491074766,0.5,0.5,0.9,0.9,1,,,results/tradeoff_20260321_163246/_sensitivity_tmp,"[17, (9, 10), 15, 11, (11, 14), 32, 28]"
sensitivity,sens::weighted_p90_access_restore_l025::we0.50_wa0.50_ct0.90_at0.95,weighted_p90_access_restore_l025,sensitivity,Sensitivity re-evaluation,Sensitivity re-evaluation of an optimized sequence under alternate weights and thresholds.,triangle,199.202692811248,199.202692811248,14624.054566898018,0.36195261516066846,361.980211,0.25792291078382723,367.980211,0.20833333333333334,1.0,0.3613001523379926,0.5,0.5,0.9,0.95,0,,,results/tradeoff_20260321_163246/_sensitivity_tmp,"[17, (9, 10), 15, 11, (11, 14), 32, 28]"
sensitivity,sens::weighted_p90_access_restore_l025::we0.50_wa0.50_ct0.95_at0.80,weighted_p90_access_restore_l025,sensitivity,Sensitivity re-evaluation,Sensitivity re-evaluation of an optimized sequence under alternate weights and thresholds.,triangle,199.202692811248,199.202692811248,18620.456726271364,0.357495066475193,367.980211,0.25792291078382723,258.858022,0.2916666666666667,1.0,0.5892264586568579,0.5,0.5,0.95,0.8,0,,,results/tradeoff_20260321_163246/_sensitivity_tmp,"[17, (9, 10), 15, 11, (11, 14), 32, 28]"
sensitivity,sens::weighted_p90_access_restore_l025::we0.50_wa0.50_ct0.95_at0.90,weighted_p90_access_restore_l025,sensitivity,Sensitivity re-evaluation,Sensitivity re-evaluation of an optimized sequence under alternate weights and thresholds.,triangle,199.202692811248,199.202692811248,18620.456726271364,0.357495066475193,367.980211,0.25792291078382723,367.980211,0.2916666666666667,1.0,0.483764491074766,0.5,0.5,0.95,0.9,0,,,results/tradeoff_20260321_163246/_sensitivity_tmp,"[17, (9, 10), 15, 11, (11, 14), 32, 28]"
sensitivity,sens::weighted_p90_access_restore_l025::we0.50_wa0.50_ct0.95_at0.95,weighted_p90_access_restore_l025,sensitivity,Sensitivity re-evaluation,Sensitivity re-evaluation of an optimized sequence under alternate weights and thresholds.,triangle,199.202692811248,199.202692811248,18620.456726271364,0.357495066475193,367.980211,0.25792291078382723,367.980211,0.20833333333333334,1.0,0.3613001523379926,0.5,0.5,0.95,0.95,0,,,results/tradeoff_20260321_163246/_sensitivity_tmp,"[17, (9, 10), 15, 11, (11, 14), 32, 28]"
sensitivity,sens::weighted_p90_access_restore_l025::we0.70_wa0.30_ct0.80_at0.80,weighted_p90_access_restore_l025,sensitivity,Sensitivity re-evaluation,Sensitivity re-evaluation of an optimized sequence under alternate weights and thresholds.,triangle,199.202692811248,199.202692811248,18001.816219321958,0.6859429119202207,347.980211,0.15475374647029633,258.858022,0.2916666666666667,1.0,0.5892264586568579,0.7,0.3,0.8,0.8,0,,,results/tradeoff_20260321_163246/_sensitivity_tmp,"[17, (9, 10), 15, 11, (11, 14), 32, 28]"
sensitivity,sens::weighted_p90_access_restore_l025::we0.70_wa0.30_ct0.80_at0.90,weighted_p90_access_restore_l025,sensitivity,Sensitivity re-evaluation,Sensitivity re-evaluation of an optimized sequence under alternate weights and thresholds.,triangle,199.202692811248,199.202692811248,18001.816219321958,0.6859429119202207,347.980211,0.15475374647029633,367.980211,0.2916666666666667,1.0,0.483764491074766,0.7,0.3,0.8,0.9,0,,,results/tradeoff_20260321_163246/_sensitivity_tmp,"[17, (9, 10), 15, 11, (11, 14), 32, 28]"
sensitivity,sens::weighted_p90_access_restore_l025::we0.70_wa0.30_ct0.80_at0.95,weighted_p90_access_restore_l025,sensitivity,Sensitivity re-evaluation,Sensitivity re-evaluation of an optimized sequence under alternate weights and thresholds.,triangle,199.202692811248,199.202692811248,18001.816219321958,0.6859429119202207,347.980211,0.15475374647029633,367.980211,0.20833333333333334,1.0,0.3613001523379926,0.7,0.3,0.8,0.95,0,,,results/tradeoff_20260321_163246/_sensitivity_tmp,"[17, (9, 10), 15, 11, (11, 14), 32, 28]"
sensitivity,sens::weighted_p90_access_restore_l025::we0.70_wa0.30_ct0.90_at0.80,weighted_p90_access_restore_l025,sensitivity,Sensitivity re-evaluation,Sensitivity re-evaluation of an optimized sequence under alternate weights and thresholds.,triangle,199.202692811248,199.202692811248,13689.949657736213,0.41363574895160515,347.980211,0.15475374647029633,258.858022,0.2916666666666667,1.0,0.5892264586568579,0.7,0.3,0.9,0.8,0,,,results/tradeoff_20260321_163246/_sensitivity_tmp,"[17, (9, 10), 15, 11, (11, 14), 32, 28]"
sensitivity,sens::weighted_p90_access_restore_l025::we0.70_wa0.30_ct0.90_at0.90,weighted_p90_access_restore_l025,sensitivity,Sensitivity re-evaluation,Sensitivity re-evaluation of an optimized sequence under alternate weights and thresholds.,triangle,199.202692811248,199.202692811248,13689.949657736213,0.41363574895160515,347.980211,0.15475374647029633,367.980211,0.2916666666666667,1.0,0.483764491074766,0.7,0.3,0.9,0.9,0,,,results/tradeoff_20260321_163246/_sensitivity_tmp,"[17, (9, 10), 15, 11, (11, 14), 32, 28]"
sensitivity,sens::weighted_p90_access_restore_l025::we0.70_wa0.30_ct0.90_at0.95,weighted_p90_access_restore_l025,sensitivity,Sensitivity re-evaluation,Sensitivity re-evaluation of an optimized sequence under alternate weights and thresholds.,triangle,199.202692811248,199.202692811248,13689.949657736213,0.41363574895160515,347.980211,0.15475374647029633,367.980211,0.20833333333333334,1.0,0.3613001523379926,0.7,0.3,0.9,0.95,0,,,results/tradeoff_20260321_163246/_sensitivity_tmp,"[17, (9, 10), 15, 11, (11, 14), 32, 28]"
sensitivity,sens::weighted_p90_access_restore_l025::we0.70_wa0.30_ct0.95_at0.80,weighted_p90_access_restore_l025,sensitivity,Sensitivity re-evaluation,Sensitivity re-evaluation of an optimized sequence under alternate weights and thresholds.,triangle,199.202692811248,199.202692811248,15346.878365141953,0.36257560944029743,367.980211,0.15475374647029633,258.858022,0.2916666666666667,1.0,0.5892264586568579,0.7,0.3,0.95,0.8,0,,,results/tradeoff_20260321_163246/_sensitivity_tmp,"[17, (9, 10), 15, 11, (11, 14), 32, 28]"
sensitivity,sens::weighted_p90_access_restore_l025::we0.70_wa0.30_ct0.95_at0.90,weighted_p90_access_restore_l025,sensitivity,Sensitivity re-evaluation,Sensitivity re-evaluation of an optimized sequence under alternate weights and thresholds.,triangle,199.202692811248,199.202692811248,15346.878365141953,0.36257560944029743,367.980211,0.15475374647029633,367.980211,0.2916666666666667,1.0,0.483764491074766,0.7,0.3,0.95,0.9,0,,,results/tradeoff_20260321_163246/_sensitivity_tmp,"[17, (9, 10), 15, 11, (11, 14), 32, 28]"
sensitivity,sens::weighted_p90_access_restore_l025::we0.70_wa0.30_ct0.95_at0.95,weighted_p90_access_restore_l025,sensitivity,Sensitivity re-evaluation,Sensitivity re-evaluation of an optimized sequence under alternate weights and thresholds.,triangle,199.202692811248,199.202692811248,15346.878365141953,0.36257560944029743,367.980211,0.15475374647029633,367.980211,0.20833333333333334,1.0,0.3613001523379926,0.7,0.3,0.95,0.95,0,,,results/tradeoff_20260321_163246/_sensitivity_tmp,"[17, (9, 10), 15, 11, (11, 14), 32, 28]"
sensitivity,sens::weighted_p90_access_restore_l025::we0.30_wa0.70_ct0.80_at0.80,weighted_p90_access_restore_l025,sensitivity,Sensitivity re-evaluation,Sensitivity re-evaluation of an optimized sequence under alternate weights and thresholds.,triangle,199.202692811248,199.202692811248,12601.507641181795,0.38720567721238397,321.2435542999999,0.3610920750973581,258.858022,0.2916666666666667,1.0,0.5892264586568579,0.3,0.7,0.8,0.8,0,,,results/tradeoff_20260321_163246/_sensitivity_tmp,"[17, (9, 10), 15, 11, (11, 14), 32, 28]"
sensitivity,sens::weighted_p90_access_restore_l025::we0.30_wa0.70_ct0.80_at0.90,weighted_p90_access_restore_l025,sensitivity,Sensitivity re-evaluation,Sensitivity re-evaluation of an optimized sequence under alternate weights and thresholds.,triangle,199.202692811248,199.202692811248,12601.507641181795,0.38720567721238397,321.2435542999999,0.3610920750973581,367.980211,0.2916666666666667,1.0,0.483764491074766,0.3,0.7,0.8,0.9,0,,,results/tradeoff_20260321_163246/_sensitivity_tmp,"[17, (9, 10), 15, 11, (11, 14), 32, 28]"
sensitivity,sens::weighted_p90_access_restore_l025::we0.30_wa0.70_ct0.80_at0.95,weighted_p90_access_restore_l025,sensitivity,Sensitivity re-evaluation,Sensitivity re-evaluation of an optimized sequence under alternate weights and thresholds.,triangle,199.202692811248,199.202692811248,12601.507641181795,0.38720567721238397,321.2435542999999,0.3610920750973581,367.980211,0.20833333333333334,1.0,0.3613001523379926,0.3,0.7,0.8,0.95,0,,,results/tradeoff_20260321_163246/_sensitivity_tmp,"[17, (9, 10), 15, 11, (11, 14), 32, 28]"
sensitivity,sens::weighted_p90_access_restore_l025::we0.30_wa0.70_ct0.90_at0.80,weighted_p90_access_restore_l025,sensitivity,Sensitivity re-evaluation,Sensitivity re-evaluation of an optimized sequence under alternate weights and thresholds.,triangle,199.202692811248,199.202692811248,16512.84186929277,0.3570195534403868,367.980211,0.3610920750973581,258.858022,0.2916666666666667,1.0,0.5892264586568579,0.3,0.7,0.9,0.8,0,,,results/tradeoff_20260321_163246/_sensitivity_tmp,"[17, (9, 10), 15, 11, (11, 14), 32, 28]"
sensitivity,sens::weighted_p90_access_restore_l025::we0.30_wa0.70_ct0.90_at0.90,weighted_p90_access_restore_l025,sensitivity,Sensitivity re-evaluation,Sensitivity re-evaluation of an optimized sequence under alternate weights and thresholds.,triangle,199.202692811248,199.202692811248,16512.84186929277,0.3570195534403868,367.980211,0.3610920750973581,367.980211,0.2916666666666667,1.0,0.483764491074766,0.3,0.7,0.9,0.9,0,,,results/tradeoff_20260321_163246/_sensitivity_tmp,"[17, (9, 10), 15, 11, (11, 14), 32, 28]"
sensitivity,sens::weighted_p90_access_restore_l025::we0.30_wa0.70_ct0.90_at0.95,weighted_p90_access_restore_l025,sensitivity,Sensitivity re-evaluation,Sensitivity re-evaluation of an optimized sequence under alternate weights and thresholds.,triangle,199.202692811248,199.202692811248,16512.84186929277,0.3570195534403868,367.980211,0.3610920750973581,367.980211,0.20833333333333334,1.0,0.3613001523379926,0.3,0.7,0.9,0.95,0,,,results/tradeoff_20260321_163246/_sensitivity_tmp,"[17, (9, 10), 15, 11, (11, 14), 32, 28]"
sensitivity,sens::weighted_p90_access_restore_l025::we0.30_wa0.70_ct0.95_at0.80,weighted_p90_access_restore_l025,sensitivity,Sensitivity re-evaluation,Sensitivity re-evaluation of an optimized sequence under alternate weights and thresholds.,triangle,199.202692811248,199.202692811248,21247.76312681912,0.345456726628685,367.980211,0.3610920750973581,258.858022,0.2916666666666667,1.0,0.5892264586568579,0.3,0.7,0.95,0.8,0,,,results/tradeoff_20260321_163246/_sensitivity_tmp,"[17, (9, 10), 15, 11, (11, 14), 32, 28]"
sensitivity,sens::weighted_p90_access_restore_l025::we0.30_wa0.70_ct0.95_at0.90,weighted_p90_access_restore_l025,sensitivity,Sensitivity re-evaluation,Sensitivity re-evaluation of an optimized sequence under alternate weights and thresholds.,triangle,199.202692811248,199.202692811248,21247.76312681912,0.345456726628685,367.980211,0.3610920750973581,367.980211,0.2916666666666667,1.0,0.483764491074766,0.3,0.7,0.95,0.9,0,,,results/tradeoff_20260321_163246/_sensitivity_tmp,"[17, (9, 10), 15, 11, (11, 14), 32, 28]"
sensitivity,sens::weighted_p90_access_restore_l025::we0.30_wa0.70_ct0.95_at0.95,weighted_p90_access_restore_l025,sensitivity,Sensitivity re-evaluation,Sensitivity re-evaluation of an optimized sequence under alternate weights and thresholds.,triangle,199.202692811248,199.202692811248,21247.76312681912,0.345456726628685,367.980211,0.3610920750973581,367.980211,0.20833333333333334,1.0,0.3613001523379926,0.3,0.7,0.95,0.95,0,,,results/tradeoff_20260321_163246/_sensitivity_tmp,"[17, (9, 10), 15, 11, (11, 14), 32, 28]"
sensitivity,sens::weighted_p90_access_restore_l100::we0.50_wa0.50_ct0.80_at0.80,weighted_p90_access_restore_l100,sensitivity,Sensitivity re-evaluation,Sensitivity re-evaluation of an optimized sequence under alternate weights and thresholds.,triangle,160.5665631448243,160.5665631448243,9514.51452635529,0.5346457632261756,216.73206900000002,0.5,216.73206900000002,0.2916666666666667,1.0,0.6066913200325881,0.5,0.5,0.8,0.8,0,,,results/tradeoff_20260321_163246/_sensitivity_tmp,"[15, 11, (9, 10), 28, 17, (11, 14), 32]"
sensitivity,sens::weighted_p90_access_restore_l100::we0.50_wa0.50_ct0.80_at0.90,weighted_p90_access_restore_l100,sensitivity,Sensitivity re-evaluation,Sensitivity re-evaluation of an optimized sequence under alternate weights and thresholds.,triangle,160.5665631448243,160.5665631448243,9514.51452635529,0.5346457632261756,216.73206900000002,0.5,295.03082600000005,0.2916666666666667,1.0,0.5472170364799659,0.5,0.5,0.8,0.9,0,,,results/tradeoff_20260321_163246/_sensitivity_tmp,"[15, 11, (9, 10), 28, 17, (11, 14), 32]"
sensitivity,sens::weighted_p90_access_restore_l100::we0.50_wa0.50_ct0.80_at0.95,weighted_p90_access_restore_l100,sensitivity,Sensitivity re-evaluation,Sensitivity re-evaluation of an optimized sequence under alternate weights and thresholds.,triangle,160.5665631448243,160.5665631448243,9514.51452635529,0.5346457632261756,216.73206900000002,0.5,295.03082600000005,0.20833333333333334,1.0,0.45742941588844344,0.5,0.5,0.8,0.95,0,,,results/tradeoff_20260321_163246/_sensitivity_tmp,"[15, 11, (9, 10), 28, 17, (11, 14), 32]"
sensitivity,sens::weighted_p90_access_restore_l100::we0.50_wa0.50_ct0.90_at0.80,weighted_p90_access_restore_l100,sensitivity,Sensitivity re-evaluation,Sensitivity re-evaluation of an optimized sequence under alternate weights and thresholds.,triangle,160.5665631448243,160.5665631448243,12369.431749700945,0.36849845857468666,311.82523009999994,0.5,216.73206900000002,0.2916666666666667,1.0,0.6066913200325881,0.5,0.5,0.9,0.8,0,,,results/tradeoff_20260321_163246/_sensitivity_tmp,"[15, 11, (9, 10), 28, 17, (11, 14), 32]"
sensitivity,sens::weighted_p90_access_restore_l100::we0.50_wa0.50_ct0.90_at0.90,weighted_p90_access_restore_l100,sensitivity,Sensitivity re-evaluation,Sensitivity re-evaluation of an optimized sequence under alternate weights and thresholds.,triangle,160.5665631448243,160.5665631448243,12369.431749700945,0.36849845857468666,311.82523009999994,0.5,295.03082600000005,0.2916666666666667,1.0,0.5472170364799659,0.5,0.5,0.9,0.9,1,,,results/tradeoff_20260321_163246/_sensitivity_tmp,"[15, 11, (9, 10), 28, 17, (11, 14), 32]"
sensitivity,sens::weighted_p90_access_restore_l100::we0.50_wa0.50_ct0.90_at0.95,weighted_p90_access_restore_l100,sensitivity,Sensitivity re-evaluation,Sensitivity re-evaluation of an optimized sequence under alternate weights and thresholds.,triangle,160.5665631448243,160.5665631448243,12369.431749700945,0.36849845857468666,311.82523009999994,0.5,295.03082600000005,0.20833333333333334,1.0,0.45742941588844344,0.5,0.5,0.9,0.95,0,,,results/tradeoff_20260321_163246/_sensitivity_tmp,"[15, 11, (9, 10), 28, 17, (11, 14), 32]"
sensitivity,sens::weighted_p90_access_restore_l100::we0.50_wa0.50_ct0.95_at0.80,weighted_p90_access_restore_l100,sensitivity,Sensitivity re-evaluation,Sensitivity re-evaluation of an optimized sequence under alternate weights and thresholds.,triangle,160.5665631448243,160.5665631448243,13512.67890259958,0.3440066712505836,335.3148572,0.5,216.73206900000002,0.2916666666666667,1.0,0.6066913200325881,0.5,0.5,0.95,0.8,0,,,results/tradeoff_20260321_163246/_sensitivity_tmp,"[15, 11, (9, 10), 28, 17, (11, 14), 32]"
sensitivity,sens::weighted_p90_access_restore_l100::we0.50_wa0.50_ct0.95_at0.90,weighted_p90_access_restore_l100,sensitivity,Sensitivity re-evaluation,Sensitivity re-evaluation of an optimized sequence under alternate weights and thresholds.,triangle,160.5665631448243,160.5665631448243,13512.67890259958,0.3440066712505836,335.3148572,0.5,295.03082600000005,0.2916666666666667,1.0,0.5472170364799659,0.5,0.5,0.95,0.9,0,,,results/tradeoff_20260321_163246/_sensitivity_tmp,"[15, 11, (9, 10), 28, 17, (11, 14), 32]"
sensitivity,sens::weighted_p90_access_restore_l100::we0.50_wa0.50_ct0.95_at0.95,weighted_p90_access_restore_l100,sensitivity,Sensitivity re-evaluation,Sensitivity re-evaluation of an optimized sequence under alternate weights and thresholds.,triangle,160.5665631448243,160.5665631448243,13512.67890259958,0.3440066712505836,335.3148572,0.5,295.03082600000005,0.20833333333333334,1.0,0.45742941588844344,0.5,0.5,0.95,0.95,0,,,results/tradeoff_20260321_163246/_sensitivity_tmp,"[15, 11, (9, 10), 28, 17, (11, 14), 32]"
sensitivity,sens::weighted_p90_access_restore_l100::we0.70_wa0.30_ct0.80_at0.80,weighted_p90_access_restore_l100,sensitivity,Sensitivity re-evaluation,Sensitivity re-evaluation of an optimized sequence under alternate weights and thresholds.,triangle,160.5665631448243,160.5665631448243,12673.480573224779,0.7495048090105325,216.73206900000002,0.3,216.73206900000002,0.2916666666666667,1.0,0.6066913200325881,0.7,0.3,0.8,0.8,0,,,results/tradeoff_20260321_163246/_sensitivity_tmp,"[15, 11, (9, 10), 28, 17, (11, 14), 32]"
sensitivity,sens::weighted_p90_access_restore_l100::we0.70_wa0.30_ct0.80_at0.90,weighted_p90_access_restore_l100,sensitivity,Sensitivity re-evaluation,Sensitivity re-evaluation of an optimized sequence under alternate weights and thresholds.,triangle,160.5665631448243,160.5665631448243,12673.480573224779,0.7495048090105325,216.73206900000002,0.3,295.03082600000005,0.2916666666666667,1.0,0.5472170364799659,0.7,0.3,0.8,0.9,0,,,results/tradeoff_20260321_163246/_sensitivity_tmp,"[15, 11, (9, 10), 28, 17, (11, 14), 32]"
sensitivity,sens::weighted_p90_access_restore_l100::we0.70_wa0.30_ct0.80_at0.95,weighted_p90_access_restore_l100,sensitivity,Sensitivity re-evaluation,Sensitivity re-evaluation of an optimized sequence under alternate weights and thresholds.,triangle,160.5665631448243,160.5665631448243,12673.480573224779,0.7495048090105325,216.73206900000002,0.3,295.03082600000005,0.20833333333333334,1.0,0.45742941588844344,0.7,0.3,0.8,0.95,0,,,results/tradeoff_20260321_163246/_sensitivity_tmp,"[15, 11, (9, 10), 28, 17, (11, 14), 32]"
sensitivity,sens::weighted_p90_access_restore_l100::we0.70_wa0.30_ct0.90_at0.80,weighted_p90_access_restore_l100,sensitivity,Sensitivity re-evaluation,Sensitivity re-evaluation of an optimized sequence under alternate weights and thresholds.,triangle,160.5665631448243,160.5665631448243,12083.301096579526,0.524003744850817,271.5411989,0.3,216.73206900000002,0.2916666666666667,1.0,0.6066913200325881,0.7,0.3,0.9,0.8,0,,,results/tradeoff_20260321_163246/_sensitivity_tmp,"[15, 11, (9, 10), 28, 17, (11, 14), 32]"
sensitivity,sens::weighted_p90_access_restore_l100::we0.70_wa0.30_ct0.90_at0.90,weighted_p90_access_restore_l100,sensitivity,Sensitivity re-evaluation,Sensitivity re-evaluation of an optimized sequence under alternate weights and thresholds.,triangle,160.5665631448243,160.5665631448243,12083.301096579526,0.524003744850817,271.5411989,0.3,295.03082600000005,0.2916666666666667,1.0,0.5472170364799659,0.7,0.3,0.9,0.9,0,,,results/tradeoff_20260321_163246/_sensitivity_tmp,"[15, 11, (9, 10), 28, 17, (11, 14), 32]"
sensitivity,sens::weighted_p90_access_restore_l100::we0.70_wa0.30_ct0.90_at0.95,weighted_p90_access_restore_l100,sensitivity,Sensitivity re-evaluation,Sensitivity re-evaluation of an optimized sequence under alternate weights and thresholds.,triangle,160.5665631448243,160.5665631448243,12083.301096579526,0.524003744850817,271.5411989,0.3,295.03082600000005,0.20833333333333334,1.0,0.45742941588844344,0.7,0.3,0.9,0.95,0,,,results/tradeoff_20260321_163246/_sensitivity_tmp,"[15, 11, (9, 10), 28, 17, (11, 14), 32]"
sensitivity,sens::weighted_p90_access_restore_l100::we0.70_wa0.30_ct0.95_at0.80,weighted_p90_access_restore_l100,sensitivity,Sensitivity re-evaluation,Sensitivity re-evaluation of an optimized sequence under alternate weights and thresholds.,triangle,160.5665631448243,160.5665631448243,13128.595531545901,0.369752806980878,335.3148572,0.3,216.73206900000002,0.2916666666666667,1.0,0.6066913200325881,0.7,0.3,0.95,0.8,0,,,results/tradeoff_20260321_163246/_sensitivity_tmp,"[15, 11, (9, 10), 28, 17, (11, 14), 32]"
sensitivity,sens::weighted_p90_access_restore_l100::we0.70_wa0.30_ct0.95_at0.90,weighted_p90_access_restore_l100,sensitivity,Sensitivity re-evaluation,Sensitivity re-evaluation of an optimized sequence under alternate weights and thresholds.,triangle,160.5665631448243,160.5665631448243,13128.595531545901,0.369752806980878,335.3148572,0.3,295.03082600000005,0.2916666666666667,1.0,0.5472170364799659,0.7,0.3,0.95,0.9,0,,,results/tradeoff_20260321_163246/_sensitivity_tmp,"[15, 11, (9, 10), 28, 17, (11, 14), 32]"
sensitivity,sens::weighted_p90_access_restore_l100::we0.70_wa0.30_ct0.95_at0.95,weighted_p90_access_restore_l100,sensitivity,Sensitivity re-evaluation,Sensitivity re-evaluation of an optimized sequence under alternate weights and thresholds.,triangle,160.5665631448243,160.5665631448243,13128.595531545901,0.369752806980878,335.3148572,0.3,295.03082600000005,0.20833333333333334,1.0,0.45742941588844344,0.7,0.3,0.95,0.95,0,,,results/tradeoff_20260321_163246/_sensitivity_tmp,"[15, 11, (9, 10), 28, 17, (11, 14), 32]"
sensitivity,sens::weighted_p90_access_restore_l100::we0.30_wa0.70_ct0.80_at0.80,weighted_p90_access_restore_l100,sensitivity,Sensitivity re-evaluation,Sensitivity re-evaluation of an optimized sequence under alternate weights and thresholds.,triangle,160.5665631448243,160.5665631448243,11442.354834985717,0.47919019499614013,216.73206900000002,0.5140578850082955,216.73206900000002,0.2916666666666667,1.0,0.6066913200325881,0.3,0.7,0.8,0.8,0,,,results/tradeoff_20260321_163246/_sensitivity_tmp,"[15, 11, (9, 10), 28, 17, (11, 14), 32]"
sensitivity,sens::weighted_p90_access_restore_l100::we0.30_wa0.70_ct0.80_at0.90,weighted_p90_access_restore_l100,sensitivity,Sensitivity re-evaluation,Sensitivity re-evaluation of an optimized sequence under alternate weights and thresholds.,triangle,160.5665631448243,160.5665631448243,11442.354834985717,0.47919019499614013,216.73206900000002,0.5140578850082955,295.03082600000005,0.2916666666666667,1.0,0.5472170364799659,0.3,0.7,0.8,0.9,0,,,results/tradeoff_20260321_163246/_sensitivity_tmp,"[15, 11, (9, 10), 28, 17, (11, 14), 32]"
sensitivity,sens::weighted_p90_access_restore_l100::we0.30_wa0.70_ct0.80_at0.95,weighted_p90_access_restore_l100,sensitivity,Sensitivity re-evaluation,Sensitivity re-evaluation of an optimized sequence under alternate weights and thresholds.,triangle,160.5665631448243,160.5665631448243,11442.354834985717,0.47919019499614013,216.73206900000002,0.5140578850082955,295.03082600000005,0.20833333333333334,1.0,0.45742941588844344,0.3,0.7,0.8,0.95,0,,,results/tradeoff_20260321_163246/_sensitivity_tmp,"[15, 11, (9, 10), 28, 17, (11, 14), 32]"
sensitivity,sens::weighted_p90_access_restore_l100::we0.30_wa0.70_ct0.90_at0.80,weighted_p90_access_restore_l100,sensitivity,Sensitivity re-evaluation,Sensitivity re-evaluation of an optimized sequence under alternate weights and thresholds.,triangle,160.5665631448243,160.5665631448243,13128.595531545901,0.369752806980878,335.3148572,0.5140578850082955,216.73206900000002,0.2916666666666667,1.0,0.6066913200325881,0.3,0.7,0.9,0.8,0,,,results/tradeoff_20260321_163246/_sensitivity_tmp,"[15, 11, (9, 10), 28, 17, (11, 14), 32]"
sensitivity,sens::weighted_p90_access_restore_l100::we0.30_wa0.70_ct0.90_at0.90,weighted_p90_access_restore_l100,sensitivity,Sensitivity re-evaluation,Sensitivity re-evaluation of an optimized sequence under alternate weights and thresholds.,triangle,160.5665631448243,160.5665631448243,13128.595531545901,0.369752806980878,335.3148572,0.5140578850082955,295.03082600000005,0.2916666666666667,1.0,0.5472170364799659,0.3,0.7,0.9,0.9,0,,,results/tradeoff_20260321_163246/_sensitivity_tmp,"[15, 11, (9, 10), 28, 17, (11, 14), 32]"
sensitivity,sens::weighted_p90_access_restore_l100::we0.30_wa0.70_ct0.90_at0.95,weighted_p90_access_restore_l100,sensitivity,Sensitivity re-evaluation,Sensitivity re-evaluation of an optimized sequence under alternate weights and thresholds.,triangle,160.5665631448243,160.5665631448243,13128.595531545901,0.369752806980878,335.3148572,0.5140578850082955,295.03082600000005,0.20833333333333334,1.0,0.45742941588844344,0.3,0.7,0.9,0.95,0,,,results/tradeoff_20260321_163246/_sensitivity_tmp,"[15, 11, (9, 10), 28, 17, (11, 14), 32]"
sensitivity,sens::weighted_p90_access_restore_l100::we0.30_wa0.70_ct0.95_at0.80,weighted_p90_access_restore_l100,sensitivity,Sensitivity re-evaluation,Sensitivity re-evaluation of an optimized sequence under alternate weights and thresholds.,triangle,160.5665631448243,160.5665631448243,13512.67890259958,0.3440066712505836,335.3148572,0.5140578850082955,216.73206900000002,0.2916666666666667,1.0,0.6066913200325881,0.3,0.7,0.95,0.8,0,,,results/tradeoff_20260321_163246/_sensitivity_tmp,"[15, 11, (9, 10), 28, 17, (11, 14), 32]"
sensitivity,sens::weighted_p90_access_restore_l100::we0.30_wa0.70_ct0.95_at0.90,weighted_p90_access_restore_l100,sensitivity,Sensitivity re-evaluation,Sensitivity re-evaluation of an optimized sequence under alternate weights and thresholds.,triangle,160.5665631448243,160.5665631448243,13512.67890259958,0.3440066712505836,335.3148572,0.5140578850082955,295.03082600000005,0.2916666666666667,1.0,0.5472170364799659,0.3,0.7,0.95,0.9,0,,,results/tradeoff_20260321_163246/_sensitivity_tmp,"[15, 11, (9, 10), 28, 17, (11, 14), 32]"
sensitivity,sens::weighted_p90_access_restore_l100::we0.30_wa0.70_ct0.95_at0.95,weighted_p90_access_restore_l100,sensitivity,Sensitivity re-evaluation,Sensitivity re-evaluation of an optimized sequence under alternate weights and thresholds.,triangle,160.5665631448243,160.5665631448243,13512.67890259958,0.3440066712505836,335.3148572,0.5140578850082955,295.03082600000005,0.20833333333333334,1.0,0.45742941588844344,0.3,0.7,0.95,0.95,0,,,results/tradeoff_20260321_163246/_sensitivity_tmp,"[15, 11, (9, 10), 28, 17, (11, 14), 32]"
