tag,k,asset,score
default,3,road:1118-1151,1.9500000000000002
default,3,road:1119-4646,1.9500000000000002
default,3,road:1120-1121,5.85
default,3,road:1120-1154,5.85
default,3,road:1121-4654,3.9000000000000004
default,3,road:1122-1123,1.6
default,3,road:1122-3992,1.6
default,3,road:1123-1157,1.6
default,3,road:1127-6994,0.6
default,3,road:1131-1165,3.9000000000000004
default,3,road:1131-4928,1.9500000000000002
default,3,road:1131-4930,1.9500000000000002
default,3,road:1132-1133,0.95
default,3,road:1132-5083,0.95
default,3,road:1133-1174,0.95
default,3,road:1136-1137,2.5500000000000003
default,3,road:1136-5598,2.5500000000000003
default,3,road:1137-7312,2.5500000000000003
default,3,road:1138-4534,1.9500000000000002
default,3,road:1138-5986,1.9500000000000002
default,3,road:1140-6709,1.9500000000000002
default,3,road:1140-7341,1.9500000000000002
default,3,road:1141-5375,5.85
default,3,road:1141-5416,3.9000000000000004
default,3,road:1141-7339,9.749999999999998
default,3,road:1142-4541,3.9000000000000004
default,3,road:1142-7308,3.9000000000000004
default,3,road:1143-5615,3.3000000000000003
default,3,road:1143-7308,3.9000000000000004
default,3,road:1143-7325,0.6
default,3,road:1144-1145,1.9500000000000002
default,3,road:1144-4542,3.9000000000000004
default,3,road:1145-6704,1.9500000000000002
default,3,road:1146-4545,1.9500000000000002
default,3,road:1146-4546,19.5
default,3,road:1146-6699,17.549999999999997
default,3,road:1147-1148,13.649999999999997
default,3,road:1147-4547,1.9500000000000002
default,3,road:1147-6699,17.549999999999997
default,3,road:1148-1207,13.649999999999997
default,3,road:1149-7333,1.9500000000000002
default,3,road:1150-1424,4.25
default,3,road:1150-1425,0.35
default,3,road:1150-7333,3.9000000000000004
default,3,road:1151-1251,1.6
default,3,road:1151-1425,0.35
default,3,road:1152-2623,1.9500000000000002
default,3,road:1154-2611,13.649999999999997
default,3,road:1154-2625,7.799999999999999
default,3,road:1155-1156,5.85
default,3,road:1155-4695,3.9000000000000004
default,3,road:1156-1740,7.799999999999999
default,3,road:1157-1158,0.35
default,3,road:1158-3992,2.3000000000000003
default,3,road:1159-1160,1.9500000000000002
default,3,road:1160-1162,0.6
default,3,road:1160-3940,1.35
default,3,road:1161-1163,3.9000000000000004
default,3,road:1161-4951,3.9000000000000004
default,3,road:1162-4145,1.2
default,3,road:1162-6994,0.6
default,3,road:1163-4953,50.700000000000045
default,3,road:1163-6995,54.60000000000005
default,3,road:1164-4141,54.60000000000005
default,3,road:1164-6995,54.60000000000005
default,3,road:1165-4099,3.9000000000000004
default,3,road:1166-1167,16.599999999999998
default,3,road:1166-4929,16.599999999999998
default,3,road:1167-4099,16.599999999999998
default,3,road:1172-4448,1.9500000000000002
default,3,road:1174-1180,1.7999999999999998
default,3,road:1174-4476,2.75
default,3,road:1175-1176,18.700000000000003
default,3,road:1175-5117,18.700000000000003
default,3,road:1176-4467,21.450000000000003
default,3,road:1176-4476,2.75
default,3,road:1180-1233,1.7999999999999998
default,3,road:1204-5600,1.35
default,3,road:1204-7311,3.3000000000000003
default,3,road:1205-4541,5.25
default,3,road:1205-7445,3.3000000000000003
default,3,road:1207-5688,11.699999999999998
default,3,road:1207-6698,1.9500000000000002
default,3,road:1208-5621,3.9000000000000004
default,3,road:1208-7327,3.9000000000000004
default,3,road:1210-5676,1.9500000000000002
default,3,road:1211-5676,1.9500000000000002
default,3,road:1211-7327,3.9000000000000004
default,3,road:1212-1213,3.9000000000000004
default,3,road:1212-7330,3.9000000000000004
default,3,road:1213-7184,1.9500000000000002
default,3,road:1214-6698,1.9500000000000002
default,3,road:1232-5119,1.7999999999999998
default,3,road:1232-6527,1.7999999999999998
default,3,road:1233-6527,1.7999999999999998
default,3,road:1234-6664,12.649999999999997
default,3,road:1234-6665,12.649999999999997
default,3,road:1235-4534,14.599999999999996
default,3,road:1235-6664,14.599999999999996
default,3,road:1247-1248,1.9500000000000002
default,3,road:1247-1423,1.9500000000000002
default,3,road:1248-2204,1.9500000000000002
default,3,road:1249-1250,8.149999999999999
default,3,road:1249-1424,6.199999999999999
default,3,road:1250-1296,3.5500000000000003
default,3,road:1250-7267,11.699999999999998
default,3,road:1251-7353,1.6
default,3,road:1294-1295,3.9000000000000004
default,3,road:1294-2251,5.85
default,3,road:1295-1422,3.9000000000000004
default,3,road:1296-7353,1.6
default,3,road:1370-1371,1.9500000000000002
default,3,road:1370-1378,1.9500000000000002
default,3,road:1377-1421,1.9500000000000002
default,3,road:1378-1379,1.9500000000000002
default,3,road:1379-1408,1.9500000000000002
default,3,road:1380-1382,1.9500000000000002
default,3,road:1380-1408,1.9500000000000002
default,3,road:1382-1401,1.9500000000000002
default,3,road:1401-1421,1.9500000000000002
default,3,road:1421-1422,3.9000000000000004
default,3,road:1423-6966,1.9500000000000002
default,3,road:1703-2722,1.9500000000000002
default,3,road:1706-1707,1.9500000000000002
default,3,road:1706-2337,1.9
default,3,road:1706-6397,2.0
default,3,road:1708-1709,9.749999999999998
default,3,road:1708-2286,11.749999999999998
default,3,road:1708-6397,2.0
default,3,road:1709-2105,5.85
default,3,road:1709-2180,1.9500000000000002
default,3,road:1715-1717,3.0000000000000004
default,3,road:1715-2198,3.0000000000000004
default,3,road:1716-1717,15.599999999999996
default,3,road:1716-2429,11.899999999999999
default,3,road:1716-2433,3.7
default,3,road:1717-2201,12.599999999999998
default,3,road:1718-1719,1.9500000000000002
default,3,road:1719-1760,1.0
default,3,road:1719-2427,0.95
default,3,road:1722-1758,0.6
default,3,road:1723-1767,6.1
default,3,road:1723-2847,2.95
default,3,road:1723-2944,4.85
default,3,road:1723-2973,3.2500000000000004
default,3,road:1724-1726,0.6
default,3,road:1726-1799,0.6
default,3,road:1732-1733,4.15
default,3,road:1732-2601,2.2
default,3,road:1733-3143,4.15
default,3,road:1734-1780,1.9500000000000002
default,3,road:1735-3143,4.15
default,3,road:1735-3147,6.1
default,3,road:1736-1737,1.35
default,3,road:1736-2670,0.6
default,3,road:1737-2639,1.35
default,3,road:1738-1739,33.50000000000002
default,3,road:1738-3521,35.450000000000024
default,3,road:1739-7347,33.15000000000002
default,3,road:1740-1741,7.799999999999999
default,3,road:1741-6201,9.749999999999998
default,3,road:1743-2135,1.9500000000000002
default,3,road:1746-2096,1.9500000000000002
default,3,road:1746-7275,1.9500000000000002
default,3,road:1747-2725,7.799999999999999
default,3,road:1747-2730,5.85
default,3,road:1747-6576,13.649999999999997
default,3,road:1748-2940,13.649999999999997
default,3,road:1748-6576,13.649999999999997
default,3,road:1750-1784,2.3000000000000003
default,3,road:1750-6423,4.25
default,3,road:1752-1753,1.9500000000000002
default,3,road:1752-7321,1.9500000000000002
default,3,road:1754-6519,1.9500000000000002
default,3,road:1758-2396,2.3000000000000003
default,3,road:1758-2452,2.9000000000000004
default,3,road:1759-1760,1.0
default,3,road:1759-1761,2.95
default,3,road:1761-1762,15.599999999999996
default,3,road:1761-2965,18.55
default,3,road:1762-6440,15.599999999999996
default,3,road:1763-1766,4.5
default,3,road:1763-2452,2.9000000000000004
default,3,road:1764-1766,4.5
default,3,road:1764-2944,4.85
default,3,road:1764-2968,0.35
default,3,road:1767-1768,6.1
default,3,road:1768-1770,0.95
default,3,road:1768-2457,2.2
default,3,road:1768-2459,9.249999999999998
default,3,road:1769-1770,0.35
default,3,road:1769-2855,1.6
default,3,road:1771-2985,1.9500000000000002
default,3,road:1771-6383,1.9500000000000002
default,3,road:1772-2732,1.9500000000000002
default,3,road:1772-6379,1.9500000000000002
default,3,road:1773-1774,81.44999999999996
default,3,road:1773-3074,14.049999999999994
default,3,road:1773-3096,67.40000000000003
default,3,road:1774-1800,80.74999999999997
default,3,road:1774-2534,0.7
default,3,road:1775-1776,64.85000000000007
default,3,road:1775-3138,54.25000000000006
default,3,road:1775-3141,9.599999999999998
default,3,road:1776-2480,220.24999999999915
default,3,road:1776-2565,143.8999999999996
default,3,road:1777-1779,2.35
default,3,road:1777-2598,2.6
default,3,road:1778-2480,3.65
default,3,road:1778-2598,2.65
default,3,road:1779-3123,5.999999999999999
default,3,road:1779-3140,6.849999999999999
default,3,road:1780-2601,1.9500000000000002
default,3,road:1782-1783,9.399999999999999
default,3,road:1782-3393,9.399999999999999
default,3,road:1783-6381,9.399999999999999
default,3,road:1784-1785,2.3000000000000003
default,3,road:1785-2746,2.3000000000000003
default,3,road:1787-2810,1.9500000000000002
default,3,road:1787-6502,1.9500000000000002
default,3,road:1788-1789,1.9500000000000002
default,3,road:1788-3691,1.9500000000000002
default,3,road:1790-1791,19.5
default,3,road:1790-2662,19.5
default,3,road:1791-1795,19.5
default,3,road:1792-2682,29.250000000000014
default,3,road:1792-7347,31.200000000000017
default,3,road:1793-6201,9.749999999999998
default,3,road:1793-6203,9.749999999999998
default,3,road:1794-2749,1.9500000000000002
default,3,road:1794-6959,3.9000000000000004
default,3,road:1795-1796,13.749999999999998
default,3,road:1795-1797,5.749999999999999
default,3,road:1796-3692,15.699999999999998
default,3,road:1797-1798,5.749999999999999
default,3,road:1798-3697,7.699999999999998
default,3,road:1799-1800,3.7
default,3,road:1799-7302,3.1
default,3,road:1800-2533,84.44999999999993
default,3,road:2094-2164,1.9500000000000002
default,3,road:2094-7458,1.9500000000000002
default,3,road:2095-2165,1.9500000000000002
default,3,road:2095-7458,1.9500000000000002
default,3,road:2105-2106,3.9000000000000004
default,3,road:2106-6396,3.9000000000000004
default,3,road:2125-2128,1.9500000000000002
default,3,road:2125-6752,3.9000000000000004
default,3,road:2135-2140,1.9500000000000002
default,3,road:2140-2163,1.9500000000000002
default,3,road:2163-2164,1.9500000000000002
default,3,road:2165-2166,1.9500000000000002
default,3,road:2166-2191,1.9500000000000002
default,3,road:2167-2185,1.9500000000000002
default,3,road:2167-6759,1.9500000000000002
default,3,road:2168-2177,1.6
default,3,road:2168-2191,0.35
default,3,road:2168-6759,1.9500000000000002
default,3,road:2169-2176,1.35
default,3,road:2169-6754,1.9500000000000002
default,3,road:2169-6755,0.6
default,3,road:2175-2177,4.25
default,3,road:2175-6753,4.25
default,3,road:2176-6753,4.25
default,3,road:2176-6756,2.9
default,3,road:2177-7285,5.85
default,3,road:2182-2186,1.9500000000000002
default,3,road:2182-2187,1.9500000000000002
default,3,road:2185-2188,1.9500000000000002
default,3,road:2186-2188,1.9500000000000002
default,3,road:2190-7276,1.9500000000000002
default,3,road:2191-6756,2.3000000000000003
default,3,road:2194-2197,13.649999999999997
default,3,road:2194-7285,13.649999999999997
default,3,road:2197-2198,1.0499999999999998
default,3,road:2197-2201,12.599999999999998
default,3,road:2198-2200,1.9500000000000002
default,3,road:2200-2203,1.9500000000000002
default,3,road:2204-2272,3.9000000000000004
default,3,road:2206-2216,3.9000000000000004
default,3,road:2206-2336,3.9000000000000004
default,3,road:2207-2208,9.749999999999998
default,3,road:2207-2218,7.799999999999999
default,3,road:2208-2360,9.749999999999998
default,3,road:2209-2210,23.400000000000006
default,3,road:2209-2270,17.549999999999997
default,3,road:2209-6495,5.85
default,3,road:2210-7288,23.400000000000006
default,3,road:2211-2215,27.30000000000001
default,3,road:2211-6565,29.250000000000014
default,3,road:2212-2229,31.200000000000017
default,3,road:2212-6565,29.250000000000014
default,3,road:2213-6561,1.9500000000000002
default,3,road:2214-2616,1.9500000000000002
default,3,road:2215-7466,27.30000000000001
default,3,road:2216-2217,1.9500000000000002
default,3,road:2218-2260,5.85
default,3,road:2221-2223,2.9000000000000004
default,3,road:2221-2229,2.9000000000000004
default,3,road:2223-2606,0.95
default,3,road:2224-6179,1.9500000000000002
default,3,road:2224-6182,1.9500000000000002
default,3,road:2225-6179,1.9500000000000002
default,3,road:2226-6186,1.9500000000000002
default,3,road:2226-6187,1.9500000000000002
default,3,road:2227-2597,2.3000000000000003
default,3,road:2227-7009,1.9500000000000002
default,3,road:2228-2661,1.9500000000000002
default,3,road:2228-7009,1.9500000000000002
default,3,road:2229-2355,36.050000000000026
default,3,road:2229-2365,1.9500000000000002
default,3,road:2230-6544,3.9000000000000004
default,3,road:2230-7346,3.9000000000000004
default,3,road:2231-2232,1.9500000000000002
default,3,road:2231-2650,1.9500000000000002
default,3,road:2232-2382,1.9500000000000002
default,3,road:2234-2577,0.6
default,3,road:2234-2597,1.35
default,3,road:2238-6497,1.9500000000000002
default,3,road:2240-2242,1.9500000000000002
default,3,road:2242-2244,3.9000000000000004
default,3,road:2243-2254,7.799999999999999
default,3,road:2243-6498,7.799999999999999
default,3,road:2244-2269,11.699999999999998
default,3,road:2244-6498,7.799999999999999
default,3,road:2251-2253,5.85
default,3,road:2253-2255,7.799999999999999
default,3,road:2254-2255,7.799999999999999
default,3,road:2257-2259,1.9500000000000002
default,3,road:2259-2262,3.9000000000000004
default,3,road:2260-2261,3.9000000000000004
default,3,road:2261-2262,3.9000000000000004
default,3,road:2263-2264,15.599999999999996
default,3,road:2263-2269,13.649999999999997
default,3,road:2264-2270,15.599999999999996
default,3,road:2266-2267,1.9500000000000002
default,3,road:2266-2271,3.9000000000000004
default,3,road:2267-2268,1.9500000000000002
default,3,road:2269-6497,1.9500000000000002
default,3,road:2271-6495,5.85
default,3,road:2272-2273,3.9000000000000004
default,3,road:2273-2275,3.9000000000000004
default,3,road:2274-2275,13.649999999999997
default,3,road:2274-7267,11.699999999999998
default,3,road:2275-2282,17.549999999999997
default,3,road:2276-6706,1.9500000000000002
default,3,road:2276-6747,3.9000000000000004
default,3,road:2276-7374,1.9500000000000002
default,3,road:2277-6707,1.9500000000000002
default,3,road:2277-6963,1.9500000000000002
default,3,road:2278-6706,1.9500000000000002
default,3,road:2280-2281,25.35000000000001
default,3,road:2280-6562,5.85
default,3,road:2280-6564,19.5
default,3,road:2281-6561,1.9500000000000002
default,3,road:2281-7466,27.30000000000001
default,3,road:2282-6564,19.5
default,3,road:2283-6747,3.9000000000000004
default,3,road:2283-6748,3.9000000000000004
default,3,road:2285-7346,1.9500000000000002
default,3,road:2286-2408,11.749999999999998
default,3,road:2287-2288,7.749999999999998
default,3,road:2287-2334,7.749999999999998
default,3,road:2288-2414,9.699999999999998
default,3,road:2291-2292,13.649999999999997
default,3,road:2291-2343,1.6
default,3,road:2291-6589,12.049999999999997
default,3,road:2292-2498,11.549999999999999
default,3,road:2292-2500,2.1
default,3,road:2293-2303,13.599999999999996
default,3,road:2293-2413,11.649999999999997
default,3,road:2296-2304,1.9500000000000002
default,3,road:2296-2311,3.9000000000000004
default,3,road:2297-2313,1.9500000000000002
default,3,road:2299-2300,40.650000000000034
default,3,road:2299-2385,40.30000000000003
default,3,road:2300-2468,42.60000000000004
default,3,road:2301-2334,7.749999999999998
default,3,road:2301-2338,7.749999999999998
default,3,road:2302-2406,1.35
default,3,road:2302-6579,0.6
default,3,road:2303-2306,13.599999999999996
default,3,road:2304-2379,1.9500000000000002
default,3,road:2306-2485,13.599999999999996
default,3,road:2307-2471,1.35
default,3,road:2307-2547,0.7
default,3,road:2308-2318,3.2
default,3,road:2308-2472,3.2
default,3,road:2309-2310,20.0
default,3,road:2309-2319,21.200000000000003
default,3,road:2309-2519,43.250000000000036
default,3,road:2309-2547,0.7
default,3,road:2310-7303,19.4
default,3,road:2311-2312,2.65
default,3,road:2311-2501,8.149999999999999
default,3,road:2312-2374,0.7
default,3,road:2312-2380,1.9500000000000002
default,3,road:2313-2315,1.9500000000000002
default,3,road:2314-2494,3.9000000000000004
default,3,road:2314-7421,1.9500000000000002
default,3,road:2315-7421,1.9500000000000002
default,3,road:2318-2399,0.35
default,3,road:2318-2412,3.5500000000000003
default,3,road:2319-2399,20.0
default,3,road:2323-6586,55.15000000000005
default,3,road:2323-7420,55.15000000000005
default,3,road:2326-6273,55.15000000000005
default,3,road:2326-7420,55.15000000000005
default,3,road:2329-2332,10.099999999999998
default,3,road:2329-2341,10.099999999999998
default,3,road:2332-2340,1.9500000000000002
default,3,road:2332-6589,12.049999999999997
default,3,road:2333-2335,7.799999999999999
default,3,road:2333-2341,8.149999999999999
default,3,road:2333-6634,0.35
default,3,road:2335-2336,5.85
default,3,road:2337-6398,3.8500000000000005
default,3,road:2338-2339,5.799999999999999
default,3,road:2339-6398,3.8500000000000005
default,3,road:2343-2344,1.6
default,3,road:2344-6636,1.6
default,3,road:2345-2377,1.9500000000000002
default,3,road:2347-2370,1.6
default,3,road:2348-2349,3.9000000000000004
default,3,road:2348-2350,5.25
default,3,road:2349-7459,3.9000000000000004
default,3,road:2350-2351,7.199999999999999
default,3,road:2351-6526,7.199999999999999
default,3,road:2354-6269,0.6
default,3,road:2355-2384,38.00000000000003
default,3,road:2356-2357,1.9500000000000002
default,3,road:2357-6267,3.5500000000000003
default,3,road:2360-6281,11.699999999999998
default,3,road:2366-2367,1.9500000000000002
default,3,road:2366-7459,3.9000000000000004
default,3,road:2368-2369,1.6
default,3,road:2369-2373,0.35
default,3,road:2369-2380,1.9500000000000002
default,3,road:2370-2371,3.9000000000000004
default,3,road:2370-2377,2.3000000000000003
default,3,road:2371-2372,3.2
default,3,road:2371-6268,7.1
default,3,road:2372-2374,1.9500000000000002
default,3,road:2375-6270,1.6
default,3,road:2383-2384,38.00000000000003
default,3,road:2383-2385,38.35000000000003
default,3,road:2386-2387,15.049999999999997
default,3,road:2386-2390,1.35
default,3,road:2386-2409,11.749999999999998
default,3,road:2386-7305,1.9500000000000002
default,3,road:2387-2391,15.649999999999997
default,3,road:2388-7305,1.9500000000000002
default,3,road:2390-2406,1.35
default,3,road:2391-2392,1.9500000000000002
default,3,road:2391-2398,17.95
default,3,road:2391-2418,0.35
default,3,road:2395-2436,1.9500000000000002
default,3,road:2396-2421,0.95
default,3,road:2397-2398,17.95
default,3,road:2397-2399,14.399999999999999
default,3,road:2397-2446,4.8999999999999995
default,3,road:2399-2445,5.249999999999999
default,3,road:2408-2409,11.749999999999998
default,3,road:2410-2418,1.35
default,3,road:2411-2412,0.6
default,3,road:2411-6104,0.6
default,3,road:2412-2419,1.0
default,3,road:2413-2414,9.699999999999998
default,3,road:2417-2418,1.0
default,3,road:2417-2419,1.0
default,3,road:2421-2427,0.95
default,3,road:2428-2429,3.7
default,3,road:2428-2433,3.7
default,3,road:2429-6440,15.599999999999996
default,3,road:2436-2448,1.9500000000000002
default,3,road:2437-2441,3.3000000000000003
default,3,road:2437-2456,2.7
default,3,road:2438-2443,2.3000000000000003
default,3,road:2438-2448,2.3000000000000003
default,3,road:2439-2440,1.6
default,3,road:2440-2443,2.3000000000000003
default,3,road:2440-2456,2.7
default,3,road:2440-2457,1.2
default,3,road:2441-2442,0.35
default,3,road:2441-2453,2.95
default,3,road:2442-7304,0.35
default,3,road:2445-2446,4.8999999999999995
default,3,road:2445-7299,0.35
default,3,road:2453-2458,3.5500000000000003
default,3,road:2454-2455,16.099999999999998
default,3,road:2454-7303,17.45
default,3,road:2455-2458,4.9
default,3,road:2455-2459,11.199999999999998
default,3,road:2460-2471,5.8
default,3,road:2460-2548,7.15
default,3,road:2461-2520,0.6
default,3,road:2462-2494,59.050000000000054
default,3,road:2462-6342,59.050000000000054
default,3,road:2463-2549,9.799999999999995
default,3,road:2463-2557,73.00000000000001
default,3,road:2463-6342,82.79999999999995
default,3,road:2464-2465,60.45000000000007
default,3,road:2464-2476,1.9500000000000002
default,3,road:2464-2493,13.949999999999996
default,3,road:2464-2505,44.55000000000004
default,3,road:2465-2549,9.449999999999996
default,3,road:2465-2550,51.00000000000004
default,3,road:2468-2504,42.95000000000004
default,3,road:2469-2504,1.6
default,3,road:2470-6176,4.8999999999999995
default,3,road:2470-6177,4.8999999999999995
default,3,road:2471-2472,5.15
default,3,road:2480-2561,216.59999999999917
default,3,road:2482-2589,3.95
default,3,road:2482-6954,3.95
default,3,road:2484-2513,1.35
default,3,road:2485-2493,13.949999999999996
default,3,road:2490-2503,44.55000000000004
default,3,road:2490-2505,44.55000000000004
default,3,road:2494-7422,55.15000000000005
default,3,road:2498-2500,12.199999999999996
default,3,road:2498-6344,23.750000000000007
default,3,road:2500-2501,8.149999999999999
default,3,road:2500-2502,1.9500000000000002
default,3,road:2503-2504,44.55000000000004
default,3,road:2513-2518,45.85000000000004
default,3,road:2513-7444,47.20000000000004
default,3,road:2516-2517,45.85000000000004
default,3,road:2516-7442,45.85000000000004
default,3,road:2517-2518,45.85000000000004
default,3,road:2519-2528,45.20000000000004
default,3,road:2520-2548,2.5500000000000003
default,3,road:2521-2522,36.500000000000036
default,3,road:2521-2530,10.049999999999999
default,3,road:2521-2549,19.250000000000004
default,3,road:2521-2551,7.199999999999998
default,3,road:2522-2523,44.00000000000006
default,3,road:2522-2525,60.80000000000006
default,3,road:2522-2531,13.099999999999994
default,3,road:2522-2568,128.1999999999997
default,3,road:2523-2524,80.0
default,3,road:2523-2537,123.99999999999977
default,3,road:2524-2538,0.35
default,3,road:2524-2560,215.34999999999917
default,3,road:2524-2568,134.9999999999996
default,3,road:2525-2535,0.35
default,3,road:2525-2551,5.249999999999999
default,3,road:2525-7381,65.70000000000005
default,3,road:2526-2558,65.70000000000005
default,3,road:2526-7381,65.70000000000005
default,3,road:2528-2529,1.0
default,3,road:2528-2559,46.20000000000004
default,3,road:2530-2542,7.9
default,3,road:2530-2544,2.15
default,3,road:2531-2533,0.35
default,3,road:2531-2541,15.049999999999994
default,3,road:2533-2541,62.250000000000064
default,3,road:2533-2562,142.49999999999963
default,3,road:2533-2564,5.749999999999998
default,3,road:2534-2563,0.7
default,3,road:2535-2538,0.35
default,3,road:2537-2550,123.99999999999977
default,3,road:2541-2543,47.90000000000004
default,3,road:2542-2544,2.15
default,3,road:2542-2548,10.049999999999999
default,3,road:2543-2559,47.90000000000004
default,3,road:2550-2557,73.00000000000001
default,3,road:2558-6955,65.70000000000005
default,3,road:2560-2561,215.99999999999918
default,3,road:2562-2565,142.8999999999996
default,3,road:2563-2564,0.7
default,3,road:2564-2566,6.799999999999997
default,3,road:2566-2568,6.799999999999997
default,3,road:2569-2570,1.65
default,3,road:2569-2591,1.9
default,3,road:2570-2575,4.8999999999999995
default,3,road:2570-2584,5.85
default,3,road:2573-2574,1.9500000000000002
default,3,road:2573-2593,1.9500000000000002
default,3,road:2574-2582,3.9000000000000004
default,3,road:2575-6177,4.8999999999999995
default,3,road:2576-2585,0.7
default,3,road:2576-2595,1.7000000000000002
default,3,road:2577-2578,0.6
default,3,road:2578-2601,0.6
default,3,road:2580-2581,5.5
default,3,road:2580-2585,3.8000000000000003
default,3,road:2580-2586,1.7000000000000002
default,3,road:2581-2590,3.95
default,3,road:2581-2595,1.5499999999999998
default,3,road:2582-2583,3.9000000000000004
default,3,road:2583-2603,3.9000000000000004
default,3,road:2584-2596,5.25
default,3,road:2585-2603,4.5
default,3,road:2586-2602,1.7000000000000002
default,3,road:2588-6950,5.749999999999999
default,3,road:2588-6951,5.749999999999999
default,3,road:2589-2590,3.95
default,3,road:2591-2594,2.5
default,3,road:2594-2595,3.2500000000000004
default,3,road:2594-6950,5.749999999999999
default,3,road:2596-2597,3.6500000000000004
default,3,road:2599-2602,2.3000000000000003
default,3,road:2599-2605,0.35
default,3,road:2601-2605,0.35
default,3,road:2602-2603,0.6
default,3,road:2606-2607,1.0
default,3,road:2607-2652,2.35
default,3,road:2608-2619,1.9500000000000002
default,3,road:2609-2618,1.9500000000000002
default,3,road:2610-2676,1.9500000000000002
default,3,road:2611-2681,15.599999999999996
default,3,road:2611-7363,1.9500000000000002
default,3,road:2613-2614,12.299999999999997
default,3,road:2613-2652,12.899999999999997
default,3,road:2614-7008,11.699999999999998
default,3,road:2615-7363,1.9500000000000002
default,3,road:2616-2617,1.9500000000000002
default,3,road:2617-2619,7.799999999999999
default,3,road:2617-7008,11.699999999999998
default,3,road:2618-2619,3.9000000000000004
default,3,road:2620-2621,0.35
default,3,road:2620-6543,1.6
default,3,road:2620-7350,1.9500000000000002
default,3,road:2621-2622,0.35
default,3,road:2622-2625,0.35
default,3,road:2623-2624,5.5
default,3,road:2623-2625,7.449999999999999
default,3,road:2624-6543,1.6
default,3,road:2624-6544,3.9000000000000004
default,3,road:2626-2634,1.9500000000000002
default,3,road:2626-2661,1.9500000000000002
default,3,road:2629-2630,11.099999999999998
default,3,road:2629-7439,7.799999999999999
default,3,road:2630-2655,11.099999999999998
default,3,road:2634-2646,1.2
default,3,road:2635-2636,1.9500000000000002
default,3,road:2636-2637,12.299999999999997
default,3,road:2636-2659,14.249999999999996
default,3,road:2637-2664,10.349999999999998
default,3,road:2638-7437,5.85
default,3,road:2638-7439,7.799999999999999
default,3,road:2639-2663,3.3000000000000003
default,3,road:2640-2641,17.2
default,3,road:2640-2652,15.249999999999996
default,3,road:2641-2645,2.3
default,3,road:2641-2648,23.45000000000001
default,3,road:2641-2649,3.95
default,3,road:2642-2651,5.85
default,3,road:2642-6186,7.799999999999999
default,3,road:2645-2646,2.3
default,3,road:2646-2647,0.35
default,3,road:2648-2649,8.75
default,3,road:2648-2653,32.20000000000002
default,3,road:2649-2655,12.699999999999998
default,3,road:2650-2651,3.9000000000000004
default,3,road:2653-6183,32.20000000000002
default,3,road:2657-2658,19.5
default,3,road:2657-2659,17.549999999999997
default,3,road:2658-2662,19.5
default,3,road:2659-2663,3.3000000000000003
default,3,road:2664-2665,8.399999999999999
default,3,road:2665-2669,6.449999999999999
default,3,road:2667-2672,0.35
default,3,road:2668-2669,4.5
default,3,road:2668-2673,2.5500000000000003
default,3,road:2670-2673,2.5500000000000003
default,3,road:2671-6188,3.9000000000000004
default,3,road:2671-6192,3.9000000000000004
default,3,road:2672-6188,2.3000000000000003
default,3,road:2674-2679,1.9500000000000002
default,3,road:2675-2676,1.9500000000000002
default,3,road:2675-2677,23.400000000000006
default,3,road:2675-2684,25.35000000000001
default,3,road:2677-2678,1.9500000000000002
default,3,road:2677-2679,21.450000000000003
default,3,road:2678-2688,1.9500000000000002
default,3,road:2679-2680,19.5
default,3,road:2680-2681,17.549999999999997
default,3,road:2682-2684,27.30000000000001
default,3,road:2682-2687,1.9500000000000002
default,3,road:2684-2686,1.9500000000000002
default,3,road:2686-7433,1.9500000000000002
default,3,road:2687-6198,1.9500000000000002
default,3,road:2694-2747,3.9000000000000004
default,3,road:2694-6958,3.9000000000000004
default,3,road:2704-6769,1.9500000000000002
default,3,road:2705-2712,3.9000000000000004
default,3,road:2705-2743,5.85
default,3,road:2705-6428,1.9500000000000002
default,3,road:2707-2737,5.85
default,3,road:2707-2743,5.85
default,3,road:2710-6056,1.9500000000000002
default,3,road:2711-2728,1.9500000000000002
default,3,road:2712-6063,0.7
default,3,road:2712-6780,3.2
default,3,road:2718-2719,1.9500000000000002
default,3,road:2719-7283,1.9500000000000002
default,3,road:2720-6616,1.9500000000000002
default,3,road:2721-2723,1.9500000000000002
default,3,road:2722-6577,3.9000000000000004
default,3,road:2723-2724,1.9500000000000002
default,3,road:2723-2726,3.9000000000000004
default,3,road:2725-6499,5.85
default,3,road:2726-6500,3.9000000000000004
default,3,road:2727-2728,1.9500000000000002
default,3,road:2727-6499,1.9500000000000002
default,3,road:2730-6577,3.9000000000000004
default,3,road:2737-2744,7.449999999999999
default,3,road:2737-6427,1.6
default,3,road:2738-2739,0.35
default,3,road:2738-2742,0.35
default,3,road:2739-2746,0.35
default,3,road:2742-6427,1.6
default,3,road:2744-6381,9.399999999999999
default,3,road:2747-2748,3.9000000000000004
default,3,road:2748-2751,1.9500000000000002
default,3,road:2748-7314,1.9500000000000002
default,3,road:2749-2750,1.9500000000000002
default,3,road:2762-2776,1.6
default,3,road:2762-2778,3.2
default,3,road:2763-3815,1.2
default,3,road:2764-2794,16.15
default,3,road:2764-3855,14.549999999999997
default,3,road:2765-2767,21.550000000000008
default,3,road:2765-2794,20.350000000000005
default,3,road:2766-2767,145.34999999999974
default,3,road:2766-2890,166.5999999999993
default,3,road:2767-2769,113.09999999999985
default,3,road:2767-3543,10.699999999999998
default,3,road:2768-2812,1.9500000000000002
default,3,road:2768-6506,1.9500000000000002
default,3,road:2769-7296,112.74999999999986
default,3,road:2770-2803,81.14999999999998
default,3,road:2770-2832,83.09999999999997
default,3,road:2776-2777,1.6
default,3,road:2777-3025,1.6
default,3,road:2778-2779,0.35
default,3,road:2778-2828,3.5500000000000003
default,3,road:2780-2826,4.5
default,3,road:2780-2828,3.5500000000000003
default,3,road:2781-2826,4.5
default,3,road:2781-2830,6.849999999999999
default,3,road:2781-3309,2.35
default,3,road:2782-2783,5.8999999999999995
default,3,road:2782-2784,11.249999999999998
default,3,road:2782-2831,4.3500000000000005
default,3,road:2782-3768,1.0
default,3,road:2783-3360,4.8999999999999995
default,3,road:2784-2789,11.249999999999998
default,3,road:2785-3266,0.35
default,3,road:2789-2790,2.3
default,3,road:2789-3856,13.549999999999997
default,3,road:2790-3265,2.3
default,3,road:2794-2795,0.95
default,3,road:2794-3831,3.25
default,3,road:2795-3378,0.95
default,3,road:2796-2798,36.95000000000006
default,3,road:2796-3482,37.55000000000006
default,3,road:2797-2798,1.0499999999999998
default,3,road:2797-4213,1.4
default,3,road:2798-2800,33.75000000000005
default,3,road:2798-3484,4.25
default,3,road:2799-2800,33.15000000000005
default,3,road:2799-2801,32.80000000000005
default,3,road:2801-2838,20.300000000000008
default,3,road:2801-4233,12.499999999999993
default,3,road:2802-2838,0.6
default,3,road:2802-3493,0.6
default,3,road:2803-2804,80.44999999999999
default,3,road:2803-2805,0.7
default,3,road:2804-2814,78.5
default,3,road:2805-2806,0.7
default,3,road:2806-2821,4.15
default,3,road:2806-4520,1.9500000000000002
default,3,road:2806-6570,2.9000000000000004
default,3,road:2807-5991,5.25
default,3,road:2807-6676,5.25
default,3,road:2809-6529,18.5
default,3,road:2809-6530,18.5
default,3,road:2810-4488,1.9500000000000002
default,3,road:2811-2813,3.9000000000000004
default,3,road:2811-6502,1.9500000000000002
default,3,road:2812-4487,1.9500000000000002
default,3,road:2813-3398,3.9000000000000004
default,3,road:2814-2815,76.55
default,3,road:2815-2816,49.25000000000003
default,3,road:2815-4491,27.30000000000001
default,3,road:2816-4518,47.30000000000003
default,3,road:2820-4495,11.099999999999998
default,3,road:2820-6647,9.149999999999999
default,3,road:2821-4336,6.1
default,3,road:2822-6324,29.750000000000032
default,3,road:2822-6325,29.750000000000032
default,3,road:2823-2824,5.25
default,3,road:2823-6324,6.6
default,3,road:2824-6676,5.25
default,3,road:2825-4393,22.400000000000006
default,3,road:2825-6530,18.5
default,3,road:2830-2831,3.5000000000000004
default,3,road:2830-3360,4.3
default,3,road:2830-3362,0.95
default,3,road:2831-3815,2.2
default,3,road:2831-3817,1.9500000000000002
default,3,road:2832-4333,83.09999999999997
default,3,road:2836-2838,20.90000000000001
default,3,road:2836-4324,18.950000000000003
default,3,road:2839-2846,1.9500000000000002
default,3,road:2839-2902,0.35
default,3,road:2839-2908,1.6
default,3,road:2841-3518,35.800000000000026
default,3,road:2841-3926,35.800000000000026
default,3,road:2844-2908,25.35000000000001
default,3,road:2844-6509,25.35000000000001
default,3,road:2846-3399,1.9500000000000002
default,3,road:2847-2848,2.95
default,3,road:2848-3077,2.95
default,3,road:2849-2850,1.9500000000000002
default,3,road:2850-3395,1.9500000000000002
default,3,road:2851-2865,0.95
default,3,road:2851-2893,2.9000000000000004
default,3,road:2852-2866,2.0
default,3,road:2852-2867,2.0
default,3,road:2853-2854,5.85
default,3,road:2853-2868,5.85
default,3,road:2854-3394,3.9000000000000004
default,3,road:2855-3090,3.2
default,3,road:2862-2956,39.650000000000034
default,3,road:2862-2981,39.650000000000034
default,3,road:2863-2864,44.000000000000036
default,3,road:2863-2891,9.299999999999999
default,3,road:2863-3060,53.30000000000005
default,3,road:2864-2981,44.000000000000036
default,3,road:2865-2891,9.299999999999999
default,3,road:2865-2892,8.3
default,3,road:2866-2892,8.3
default,3,road:2866-2990,1.0
default,3,road:2866-2998,9.299999999999999
default,3,road:2867-2897,5.05
default,3,road:2867-3204,7.049999999999998
default,3,road:2868-2897,7.449999999999999
default,3,road:2871-2885,2.3000000000000003
default,3,road:2871-3235,1.6
default,3,road:2871-6573,3.9000000000000004
default,3,road:2872-2886,3.5500000000000003
default,3,road:2872-3473,0.35
default,3,road:2872-6573,3.9000000000000004
default,3,road:2874-2876,5.25
default,3,road:2874-2886,3.9000000000000004
default,3,road:2875-2877,1.0
default,3,road:2875-3269,0.95
default,3,road:2876-3456,66.75000000000004
default,3,road:2876-3474,61.500000000000064
default,3,road:2877-2878,1.0
default,3,road:2878-3483,1.0
default,3,road:2879-2880,5.35
default,3,road:2879-3380,8.799999999999999
default,3,road:2879-3389,13.449999999999996
default,3,road:2880-2888,78.84999999999997
default,3,road:2880-3477,80.49999999999997
default,3,road:2880-3478,3.0
default,3,road:2886-3473,0.35
default,3,road:2888-2890,92.89999999999989
default,3,road:2888-3389,14.049999999999995
default,3,road:2889-2890,39.15000000000006
default,3,road:2889-3482,38.55000000000006
default,3,road:2890-3388,34.550000000000026
default,3,road:2893-3208,2.9000000000000004
default,3,road:2897-3199,2.4
default,3,road:2902-7418,0.35
default,3,road:2908-7418,26.950000000000014
default,3,road:2918-2919,17.549999999999997
default,3,road:2918-2943,15.599999999999996
default,3,road:2919-2923,12.149999999999999
default,3,road:2919-2966,5.3999999999999995
default,3,road:2922-2977,0.6
default,3,road:2923-2945,13.499999999999998
default,3,road:2924-2928,6.199999999999999
default,3,road:2924-2988,5.85
default,3,road:2926-2995,7.799999999999999
default,3,road:2926-2996,7.799999999999999
default,3,road:2927-2930,7.35
default,3,road:2927-2998,7.35
default,3,road:2928-2929,1.6
default,3,road:2928-2991,7.799999999999999
default,3,road:2929-2936,1.6
default,3,road:2930-2931,3.35
default,3,road:2930-2933,10.699999999999998
default,3,road:2931-2958,1.0
default,3,road:2931-2982,4.3500000000000005
default,3,road:2933-2992,0.95
default,3,road:2933-2997,9.749999999999998
default,3,road:2940-2942,13.649999999999997
default,3,road:2941-2942,13.649999999999997
default,3,road:2941-2943,13.649999999999997
default,3,road:2945-2946,0.6
default,3,road:2945-2969,14.099999999999998
default,3,road:2946-2977,0.6
default,3,road:2950-2951,1.2999999999999998
default,3,road:2950-2973,1.2999999999999998
default,3,road:2951-2955,1.9500000000000002
default,3,road:2951-2959,0.95
default,3,road:2951-2980,1.6
default,3,road:2956-2957,38.050000000000026
default,3,road:2956-2980,1.6
default,3,road:2957-2965,18.55
default,3,road:2957-2970,19.5
default,3,road:2958-2975,0.95
default,3,road:2959-2975,0.95
default,3,road:2964-2966,5.3999999999999995
default,3,road:2964-2969,5.3999999999999995
default,3,road:2969-2970,19.5
default,3,road:2979-2981,4.3500000000000005
default,3,road:2979-2982,4.3500000000000005
default,3,road:2983-2984,3.9000000000000004
default,3,road:2983-2988,5.85
default,3,road:2984-2985,1.9500000000000002
default,3,road:2989-2990,1.0
default,3,road:2989-2992,1.0
default,3,road:2991-2996,7.799999999999999
default,3,road:2995-2997,7.799999999999999
default,3,road:2999-3138,17.899999999999995
default,3,road:2999-7301,16.949999999999996
default,3,road:3000-3059,16.549999999999997
default,3,road:3000-7301,16.949999999999996
default,3,road:3001-3062,3.9000000000000004
default,3,road:3001-3080,14.649999999999995
default,3,road:3001-6132,10.749999999999996
default,3,road:3002-3207,2.9000000000000004
default,3,road:3002-3208,2.9000000000000004
default,3,road:3006-3028,0.35
default,3,road:3006-3209,0.35
default,3,road:3007-3008,2.8000000000000003
default,3,road:3007-3016,3.45
default,3,road:3008-3012,10.449999999999998
default,3,road:3008-3154,11.049999999999997
default,3,road:3008-3155,0.6
default,3,road:3010-3011,8.399999999999999
default,3,road:3010-3116,9.0
default,3,road:3011-3213,8.399999999999999
default,3,road:3012-3014,9.449999999999998
default,3,road:3013-3014,3.2500000000000004
default,3,road:3013-3122,1.9
default,3,road:3014-3035,6.199999999999999
default,3,road:3016-3086,3.45
default,3,road:3017-3059,15.249999999999996
default,3,road:3017-3086,14.649999999999997
default,3,road:3018-3055,1.7000000000000002
default,3,road:3019-3020,0.35
default,3,road:3019-3021,0.35
default,3,road:3020-3021,2.95
default,3,road:3020-3135,1.2999999999999998
default,3,road:3020-3156,3.35
default,3,road:3021-3022,1.35
default,3,road:3022-3245,1.35
default,3,road:3023-3024,0.6
default,3,road:3023-3164,0.6
default,3,road:3024-3335,0.6
default,3,road:3025-3171,1.6
default,3,road:3027-3028,0.95
default,3,road:3028-3031,0.6
default,3,road:3030-3031,0.6
default,3,road:3030-3209,0.6
default,3,road:3033-3120,0.35
default,3,road:3034-3035,4.5
default,3,road:3034-3225,3.9000000000000004
default,3,road:3035-3055,1.7000000000000002
default,3,road:3038-3039,1.9500000000000002
default,3,road:3039-3289,1.9500000000000002
default,3,road:3040-3221,1.9500000000000002
default,3,road:3040-3226,3.3000000000000003
default,3,road:3041-3221,0.6
default,3,road:3049-3050,1.9500000000000002
default,3,road:3049-3051,1.6
default,3,road:3049-3297,0.35
default,3,road:3051-3052,0.35
default,3,road:3051-3322,1.9500000000000002
default,3,road:3052-3171,0.35
default,3,road:3058-3059,1.2999999999999998
default,3,road:3058-3129,13.649999999999997
default,3,road:3058-3154,12.399999999999997
default,3,road:3060-3111,53.30000000000005
default,3,road:3062-3207,3.9000000000000004
default,3,road:3063-3111,53.30000000000005
default,3,road:3063-3114,53.30000000000005
default,3,road:3064-3201,0.95
default,3,road:3064-3205,9.799999999999997
default,3,road:3064-6132,10.749999999999996
default,3,road:3067-3068,0.6
default,3,road:3067-3074,14.849999999999993
default,3,road:3067-3094,5.5
default,3,road:3067-3100,8.749999999999996
default,3,road:3069-3077,4.8999999999999995
default,3,road:3069-3078,4.8999999999999995
default,3,road:3072-3078,0.6
default,3,road:3072-3082,0.6
default,3,road:3074-7302,2.75
default,3,road:3076-3084,1.35
default,3,road:3076-3086,1.7000000000000002
default,3,road:3078-3098,60.50000000000006
default,3,road:3078-6093,55.00000000000005
default,3,road:3079-3109,53.30000000000005
default,3,road:3079-6093,54.65000000000005
default,3,road:3080-6139,14.649999999999995
default,3,road:3081-3096,68.70000000000003
default,3,road:3081-3098,54.40000000000004
default,3,road:3081-6092,14.299999999999995
default,3,road:3086-3118,11.599999999999998
default,3,road:3089-3093,0.35
default,3,road:3090-3094,5.15
default,3,road:3093-3094,0.35
default,3,road:3096-3100,1.2999999999999998
default,3,road:3098-3099,6.099999999999998
default,3,road:3099-3100,7.4499999999999975
default,3,road:3109-3114,53.30000000000005
default,3,road:3115-3119,1.35
default,3,road:3116-3117,9.6
default,3,road:3117-3118,10.999999999999998
default,3,road:3117-3119,1.9500000000000002
default,3,road:3117-3121,3.2500000000000004
default,3,road:3120-3122,0.35
default,3,road:3121-3122,2.25
default,3,road:3123-3125,2.75
default,3,road:3123-3147,8.049999999999999
default,3,road:3124-3130,23.500000000000007
default,3,road:3124-3133,22.150000000000006
default,3,road:3125-3133,3.4
default,3,road:3126-3127,1.35
default,3,road:3127-3134,10.349999999999998
default,3,road:3127-3157,7.649999999999999
default,3,road:3127-3161,1.35
default,3,road:3128-3159,0.6
default,3,road:3129-3130,22.80000000000001
default,3,road:3129-3138,36.45000000000003
default,3,road:3130-3139,2.8000000000000003
default,3,road:3131-3134,0.6
default,3,road:3131-3137,0.35
default,3,road:3132-3135,0.6
default,3,road:3133-3134,11.549999999999997
default,3,road:3133-3137,7.199999999999998
default,3,road:3135-3156,1.9
default,3,road:3137-3156,5.25
default,3,road:3139-3140,2.45
default,3,road:3140-3141,8.599999999999998
default,3,road:3157-3158,6.299999999999999
default,3,road:3158-3159,1.9500000000000002
default,3,road:3158-3165,1.2
default,3,road:3158-7298,3.1500000000000004
default,3,road:3160-3165,1.2
default,3,road:3161-3167,0.35
default,3,road:3162-3163,1.2
default,3,road:3162-7298,3.1500000000000004
default,3,road:3163-3164,1.2
default,3,road:3164-3169,0.6
default,3,road:3166-3167,0.35
default,3,road:3166-3168,0.35
default,3,road:3168-3169,0.6
default,3,road:3174-3175,2.3
default,3,road:3174-3209,0.95
default,3,road:3175-3213,2.3
default,3,road:3176-3181,4.9
default,3,road:3176-3185,0.6
default,3,road:3176-3214,6.1
default,3,road:3177-3204,5.999999999999999
default,3,road:3177-3210,5.999999999999999
default,3,road:3178-3183,2.95
default,3,road:3178-3195,4.9
default,3,road:3181-3195,4.9
default,3,road:3183-3184,2.95
default,3,road:3184-3189,2.95
default,3,road:3185-3227,1.35
default,3,road:3189-3228,2.95
default,3,road:3197-3198,0.35
default,3,road:3197-3201,0.95
default,3,road:3197-3232,1.2999999999999998
default,3,road:3198-3199,3.45
default,3,road:3198-3210,3.8000000000000003
default,3,road:3199-3204,1.0499999999999998
default,3,road:3202-3207,1.0
default,3,road:3205-3210,9.799999999999997
default,3,road:3213-3214,6.1
default,3,road:3221-3227,1.35
default,3,road:3225-3226,3.3000000000000003
default,3,road:3228-3229,1.9500000000000002
default,3,road:3232-3233,0.35
default,3,road:3243-3244,1.6
default,3,road:3243-3250,1.6
default,3,road:3244-3298,0.35
default,3,road:3244-7446,1.9500000000000002
default,3,road:3245-3324,1.35
default,3,road:3247-3248,1.6
default,3,road:3247-3249,0.6
default,3,road:3247-3347,2.2
default,3,road:3248-3285,1.6
default,3,road:3249-3250,1.9500000000000002
default,3,road:3249-3277,1.35
default,3,road:3250-3293,0.35
default,3,road:3251-3258,1.9500000000000002
default,3,road:3251-3259,2.65
default,3,road:3251-3351,0.7
default,3,road:3257-3270,3.9000000000000004
default,3,road:3257-3369,3.9000000000000004
default,3,road:3258-3348,1.9500000000000002
default,3,road:3259-3261,2.65
default,3,road:3260-3374,0.95
default,3,road:3260-3384,2.0
default,3,road:3260-3386,1.0
default,3,road:3261-3268,3.0
default,3,road:3261-3316,0.35
default,3,road:3262-3264,1.6
default,3,road:3262-3265,1.6
default,3,road:3264-3320,1.6
default,3,road:3265-3266,0.7
default,3,road:3266-3360,0.35
default,3,road:3267-3268,25.100000000000012
default,3,road:3267-3383,25.100000000000012
default,3,road:3268-3358,22.100000000000005
default,3,road:3269-3270,4.85
default,3,road:3269-3373,5.8
default,3,road:3270-6621,0.95
default,3,road:3274-3365,1.6
default,3,road:3277-3348,1.35
default,3,road:3285-3286,1.6
default,3,road:3286-3287,0.35
default,3,road:3286-3289,1.9500000000000002
default,3,road:3287-3293,0.35
default,3,road:3297-3300,2.3000000000000003
default,3,road:3298-3344,1.7000000000000002
default,3,road:3299-3344,0.6
default,3,road:3300-3301,0.6
default,3,road:3300-3304,2.9000000000000004
default,3,road:3300-3327,1.2
default,3,road:3301-3321,2.55
default,3,road:3301-3322,1.9500000000000002
default,3,road:3302-3311,2.65
default,3,road:3302-3329,0.7
default,3,road:3302-3331,1.9500000000000002
default,3,road:3303-3305,2.05
default,3,road:3303-3308,4.0
default,3,road:3304-3321,8.799999999999999
default,3,road:3304-3336,3.95
default,3,road:3305-3306,2.65
default,3,road:3305-3314,0.6
default,3,road:3306-3311,2.65
default,3,road:3307-3308,13.299999999999997
default,3,road:3307-3321,11.349999999999998
default,3,road:3307-3342,1.9500000000000002
default,3,road:3308-3354,4.7
default,3,road:3308-3363,12.599999999999998
default,3,road:3309-3354,1.0
default,3,road:3312-3353,1.35
default,3,road:3313-3314,0.6
default,3,road:3313-3315,4.15
default,3,road:3313-3353,3.5500000000000003
default,3,road:3315-3355,4.75
default,3,road:3316-3355,0.35
default,3,road:3320-6146,1.6
default,3,road:3323-3345,2.9000000000000004
default,3,road:3323-3353,2.9000000000000004
default,3,road:3324-7306,1.35
default,3,road:3325-3326,2.5500000000000003
default,3,road:3325-3335,2.5500000000000003
default,3,road:3326-3327,1.2
default,3,road:3326-3329,4.65
default,3,road:3326-3330,1.35
default,3,road:3329-3336,3.95
default,3,road:3330-7306,1.35
default,3,road:3337-3342,1.9500000000000002
default,3,road:3344-3345,2.3000000000000003
default,3,road:3347-3348,0.6
default,3,road:3347-6146,1.6
default,3,road:3351-3353,0.7
default,3,road:3354-3362,3.7
default,3,road:3355-3356,16.95
default,3,road:3355-3364,12.549999999999999
default,3,road:3356-3357,1.0
default,3,road:3356-3358,22.100000000000005
default,3,road:3356-3362,4.15
default,3,road:3357-3360,0.95
default,3,road:3362-3363,1.4
default,3,road:3363-3364,11.2
default,3,road:3365-3366,1.35
default,3,road:3365-3369,3.9000000000000004
default,3,road:3365-3372,0.95
default,3,road:3367-3372,0.6
default,3,road:3373-3387,5.8
default,3,road:3374-3379,2.55
default,3,road:3376-3381,7.749999999999998
default,3,road:3376-3387,7.749999999999998
default,3,road:3377-3379,3.8000000000000003
default,3,road:3377-3382,4.749999999999999
default,3,road:3378-3382,0.7
default,3,road:3379-3380,8.399999999999999
default,3,road:3379-3381,8.45
default,3,road:3382-3383,28.450000000000014
default,3,road:3382-3388,33.200000000000024
default,3,road:3383-3384,2.0
default,3,road:3385-3386,1.0
default,3,road:3390-6422,1.0499999999999998
default,3,road:3390-6423,1.0499999999999998
default,3,road:3392-6421,3.9000000000000004
default,3,road:3392-6501,3.9000000000000004
default,3,road:3393-6422,1.0499999999999998
default,3,road:3393-6423,10.299999999999999
default,3,road:3394-3395,1.9500000000000002
default,3,road:3398-6501,3.9000000000000004
default,3,road:3401-3409,60.45000000000006
default,3,road:3401-3485,60.45000000000006
default,3,road:3402-3403,3.9000000000000004
default,3,road:3402-7255,3.9000000000000004
default,3,road:3403-3406,1.9500000000000002
default,3,road:3404-3405,3.9000000000000004
default,3,road:3404-3470,5.85
default,3,road:3405-6315,3.5500000000000003
default,3,road:3405-6416,0.35
default,3,road:3409-3413,60.45000000000006
default,3,road:3410-3411,8.249999999999996
default,3,road:3410-3412,1.75
default,3,road:3410-3425,6.499999999999998
default,3,road:3411-3439,42.450000000000024
default,3,road:3411-3451,50.700000000000045
default,3,road:3412-3423,1.75
default,3,road:3413-7255,54.60000000000005
default,3,road:3413-7256,5.85
default,3,road:3417-3418,22.750000000000004
default,3,road:3417-7418,22.750000000000004
default,3,road:3418-3439,22.750000000000004
default,3,road:3423-7289,1.75
default,3,road:3425-3499,6.499999999999998
default,3,road:3427-3433,1.9500000000000002
default,3,road:3431-3432,3.9000000000000004
default,3,road:3431-3434,1.9500000000000002
default,3,road:3432-3455,5.85
default,3,road:3433-3435,1.9500000000000002
default,3,road:3434-3435,1.9500000000000002
default,3,road:3439-7289,19.700000000000003
default,3,road:3451-7255,50.700000000000045
default,3,road:3455-7256,5.85
default,3,road:3456-3471,68.35000000000004
default,3,road:3458-3460,59.70000000000006
default,3,road:3458-3487,58.35000000000006
default,3,road:3459-3479,0.95
default,3,road:3460-3467,0.6
default,3,road:3460-3474,60.90000000000006
default,3,road:3460-3475,0.6
default,3,road:3462-3464,2.0500000000000003
default,3,road:3462-3469,0.7
default,3,road:3463-3464,0.35
default,3,road:3463-3481,0.35
default,3,road:3464-3465,2.9000000000000004
default,3,road:3464-3498,1.2
default,3,road:3465-3484,4.25
default,3,road:3467-3472,1.0
default,3,road:3468-3470,7.599999999999998
default,3,road:3468-3472,7.599999999999998
default,3,road:3469-3470,0.7
default,3,road:3470-3491,2.1
default,3,road:3471-3472,8.599999999999998
default,3,road:3471-3483,76.94999999999999
default,3,road:3477-3483,78.89999999999998
default,3,road:3478-3481,1.7000000000000002
default,3,road:3479-3483,0.95
default,3,road:3480-3481,1.35
default,3,road:3485-3486,2.1
default,3,road:3485-3490,58.35000000000006
default,3,road:3486-3491,2.1
default,3,road:3487-3489,19.400000000000002
default,3,road:3487-3490,38.95000000000002
default,3,road:3489-3490,19.400000000000002
default,3,road:3493-3498,0.6
default,3,road:3499-3500,1.9500000000000002
default,3,road:3499-3501,4.55
default,3,road:3501-3502,4.55
default,3,road:3502-7419,4.55
default,3,road:3505-3506,1.6
default,3,road:3506-3546,1.9500000000000002
default,3,road:3506-4224,0.35
default,3,road:3507-3508,1.9500000000000002
default,3,road:3507-3635,3.9000000000000004
default,3,road:3508-4032,1.9500000000000002
default,3,road:3509-3511,1.9500000000000002
default,3,road:3510-3511,9.399999999999999
default,3,road:3510-3912,11.349999999999998
default,3,road:3511-4016,7.449999999999999
default,3,road:3512-3513,19.800000000000004
default,3,road:3512-3559,0.7
default,3,road:3512-3923,21.050000000000004
default,3,road:3513-3516,19.800000000000004
default,3,road:3516-4244,19.800000000000004
default,3,road:3518-3519,35.800000000000026
default,3,road:3519-3533,20.000000000000004
default,3,road:3519-4053,1.9500000000000002
default,3,road:3519-7293,11.899999999999997
default,3,road:3520-3521,1.6
default,3,road:3520-3981,1.6
default,3,road:3521-3522,37.050000000000026
default,3,road:3522-3731,39.00000000000003
default,3,road:3525-3526,117.99999999999974
default,3,road:3525-3945,111.99999999999979
default,3,road:3525-3988,5.999999999999999
default,3,road:3526-3762,117.99999999999974
default,3,road:3527-3887,0.35
default,3,road:3528-3529,3.5500000000000003
default,3,road:3528-4059,1.9500000000000002
default,3,road:3529-3888,3.5500000000000003
default,3,road:3530-4404,13.999999999999996
default,3,road:3530-4425,2.1
default,3,road:3530-7293,11.899999999999997
default,3,road:3532-3533,1.6
default,3,road:3532-3535,0.35
default,3,road:3532-4057,1.9500000000000002
default,3,road:3533-4424,18.4
default,3,road:3534-3535,15.599999999999996
default,3,road:3534-3536,5.85
default,3,road:3534-3581,9.749999999999998
default,3,road:3535-4424,15.949999999999996
default,3,road:3536-4026,5.85
default,3,road:3539-3588,3.5500000000000003
default,3,road:3539-4433,1.6
default,3,road:3540-3541,0.35
default,3,road:3540-3589,1.6
default,3,road:3541-4428,0.35
default,3,road:3542-4367,1.9500000000000002
default,3,road:3543-3545,8.699999999999998
default,3,road:3544-3545,4.449999999999999
default,3,road:3544-4219,3.45
default,3,road:3545-3847,3.5500000000000003
default,3,road:3545-3864,1.9
default,3,road:3546-3847,2.5500000000000003
default,3,road:3551-3554,5.949999999999998
default,3,road:3551-3871,6.299999999999998
default,3,road:3551-3876,0.35
default,3,road:3554-3555,5.949999999999998
default,3,road:3555-3556,53.20000000000002
default,3,road:3555-4163,59.150000000000034
default,3,road:3556-3873,53.20000000000002
default,3,road:3557-3876,1.9500000000000002
default,3,road:3558-3559,5.499999999999999
default,3,road:3558-4153,5.499999999999999
default,3,road:3559-3659,6.199999999999998
default,3,road:3561-4257,1.9
default,3,road:3561-4290,1.9
default,3,road:3571-4263,1.9500000000000002
default,3,road:3571-4307,1.9500000000000002
default,3,road:3572-3573,5.5
default,3,road:3572-4402,3.9000000000000004
default,3,road:3573-4300,59.10000000000006
default,3,road:3573-6161,53.60000000000005
default,3,road:3574-4384,53.60000000000005
default,3,road:3574-6161,53.60000000000005
default,3,road:3577-3599,3.9000000000000004
default,3,road:3577-4460,1.9500000000000002
default,3,road:3581-4028,9.749999999999998
default,3,road:3588-4025,3.5500000000000003
default,3,road:3589-3604,1.6
default,3,road:3595-3596,3.9000000000000004
default,3,road:3595-4444,1.9500000000000002
default,3,road:3596-4097,3.9000000000000004
default,3,road:3599-4176,1.9500000000000002
default,3,road:3599-4314,5.85
default,3,road:3604-4433,1.6
default,3,road:3612-3613,2.5500000000000003
default,3,road:3612-3701,0.6
default,3,road:3613-3666,1.6
default,3,road:3613-3796,0.95
default,3,road:3614-3615,3.9000000000000004
default,3,road:3614-3623,4.85
default,3,road:3615-3663,1.9500000000000002
default,3,road:3616-3617,159.29999999999959
default,3,road:3616-3638,2.9
default,3,road:3616-3639,1.9
default,3,road:3616-3725,155.8999999999996
default,3,road:3617-3765,160.29999999999959
default,3,road:3618-3619,49.65000000000006
default,3,road:3618-3824,51.600000000000065
default,3,road:3619-3727,49.05000000000006
default,3,road:3620-3621,11.249999999999996
default,3,road:3620-3645,6.749999999999999
default,3,road:3620-3727,4.5
default,3,road:3621-3640,15.799999999999997
default,3,road:3621-3826,27.05000000000002
default,3,road:3622-3623,42.50000000000006
default,3,road:3622-3624,6.999999999999997
default,3,road:3622-3625,49.500000000000085
default,3,road:3623-3724,47.350000000000065
default,3,road:3624-3723,6.999999999999997
default,3,road:3625-3626,111.39999999999988
default,3,road:3625-3744,160.8999999999995
default,3,road:3626-3718,111.39999999999988
default,3,road:3629-3714,49.30000000000007
default,3,road:3629-3724,47.350000000000065
default,3,road:3630-3631,1.9500000000000002
default,3,road:3630-3747,1.9500000000000002
default,3,road:3631-3726,3.9000000000000004
default,3,road:3632-3648,4.8
default,3,road:3632-3899,4.8
default,3,road:3633-3635,3.9000000000000004
default,3,road:3633-3653,5.85
default,3,road:3633-3761,1.9500000000000002
default,3,road:3638-3701,2.3
default,3,road:3639-3824,1.65
default,3,road:3640-3641,13.849999999999998
default,3,road:3641-3897,16.299999999999997
default,3,road:3641-3902,2.45
default,3,road:3642-3643,7.249999999999997
default,3,road:3642-3661,7.299999999999998
default,3,road:3643-3652,53.75000000000005
default,3,road:3643-3910,6.349999999999999
default,3,road:3643-7294,52.75000000000005
default,3,road:3644-3657,6.199999999999998
default,3,road:3644-3915,6.199999999999998
default,3,road:3645-3646,6.749999999999999
default,3,road:3646-3647,1.9500000000000002
default,3,road:3646-3899,4.8
default,3,road:3647-3746,1.9500000000000002
default,3,road:3648-3653,5.85
default,3,road:3648-3907,1.0499999999999998
default,3,road:3651-3826,0.35
default,3,road:3652-3827,55.35000000000005
default,3,road:3654-3655,27.85000000000002
default,3,road:3654-3915,27.85000000000002
default,3,road:3655-3867,29.45000000000002
default,3,road:3657-3659,6.199999999999998
default,3,road:3661-3773,35.60000000000004
default,3,road:3661-3867,28.300000000000015
default,3,road:3662-3671,7.699999999999998
default,3,road:3662-3697,7.699999999999998
default,3,road:3663-3741,1.9500000000000002
default,3,road:3666-3765,2.5500000000000003
default,3,road:3666-3814,0.35
default,3,road:3669-3677,7.349999999999999
default,3,road:3669-3679,7.349999999999999
default,3,road:3670-3671,12.6
default,3,road:3670-3692,12.6
default,3,road:3671-3674,0.95
default,3,road:3671-3683,19.35
default,3,road:3672-3673,2.55
default,3,road:3672-3674,0.95
default,3,road:3673-3705,2.55
default,3,road:3675-3676,21.55
default,3,road:3675-3683,19.95
default,3,road:3675-3688,0.6
default,3,road:3676-3712,24.250000000000007
default,3,road:3677-3693,6.999999999999999
default,3,road:3679-3703,7.699999999999998
default,3,road:3684-3685,8.949999999999998
default,3,road:3684-3717,8.949999999999998
default,3,road:3685-3704,6.05
default,3,road:3685-3705,2.9000000000000004
default,3,road:3689-3700,1.2999999999999998
default,3,road:3689-3705,1.2999999999999998
default,3,road:3691-3692,1.9500000000000002
default,3,road:3692-3693,5.05
default,3,road:3700-3701,2.9
default,3,road:3703-3704,7.699999999999998
default,3,road:3704-3705,1.65
default,3,road:3707-3709,151.59999999999962
default,3,road:3707-3712,142.64999999999972
default,3,road:3707-3717,8.949999999999998
default,3,road:3709-3710,152.5499999999996
default,3,road:3710-3715,1.35
default,3,road:3710-3716,153.8999999999996
default,3,road:3711-3712,118.3999999999998
default,3,road:3711-3718,118.3999999999998
default,3,road:3714-3726,49.65000000000007
default,3,road:3716-3725,154.8999999999996
default,3,road:3718-3722,6.999999999999997
default,3,road:3722-3723,6.999999999999997
default,3,road:3726-3727,53.550000000000075
default,3,road:3728-3729,1.9500000000000002
default,3,road:3729-3735,1.9500000000000002
default,3,road:3731-3752,39.00000000000003
default,3,road:3735-3736,3.9000000000000004
default,3,road:3736-3742,3.9000000000000004
default,3,road:3737-3738,156.99999999999952
default,3,road:3737-3757,156.99999999999952
default,3,road:3738-3748,156.99999999999952
default,3,road:3742-3743,3.9000000000000004
default,3,road:3743-3744,160.8999999999995
default,3,road:3743-3748,156.99999999999952
default,3,road:3747-3750,0.6
default,3,road:3747-3751,1.35
default,3,road:3752-3756,39.00000000000003
default,3,road:3756-3757,50.550000000000075
default,3,road:3756-3763,11.549999999999994
default,3,road:3757-3759,106.44999999999985
default,3,road:3759-3762,106.44999999999985
default,3,road:3762-3763,11.549999999999994
default,3,road:3764-3765,162.84999999999957
default,3,road:3764-3766,5.5
default,3,road:3764-3820,169.94999999999953
default,3,road:3766-3795,3.5500000000000003
default,3,road:3766-3814,0.35
default,3,road:3767-3794,0.35
default,3,road:3767-3830,0.35
default,3,road:3768-3794,0.35
default,3,road:3769-3770,1.2
default,3,road:3769-3818,1.9500000000000002
default,3,road:3770-3772,1.2
default,3,road:3771-3772,59.500000000000036
default,3,road:3771-3872,59.500000000000036
default,3,road:3772-3773,65.15000000000003
default,3,road:3772-3774,5.6499999999999995
default,3,road:3773-3790,129.64999999999958
default,3,road:3773-3825,27.900000000000027
default,3,road:3774-3867,3.8000000000000003
default,3,road:3776-3777,3.5500000000000003
default,3,road:3776-3848,2.3000000000000003
default,3,road:3777-3804,2.3000000000000003
default,3,road:3777-3818,6.549999999999999
default,3,road:3777-3819,2.6
default,3,road:3780-3784,59.500000000000036
default,3,road:3780-3872,59.500000000000036
default,3,road:3784-3875,59.500000000000036
default,3,road:3790-3791,12.399999999999997
default,3,road:3790-3821,142.04999999999953
default,3,road:3791-3818,7.799999999999999
default,3,road:3791-3819,4.6
default,3,road:3792-3793,0.35
default,3,road:3792-3848,0.35
default,3,road:3793-3804,2.3000000000000003
default,3,road:3793-3816,1.9500000000000002
default,3,road:3795-3798,4.85
default,3,road:3795-3803,2.0
default,3,road:3796-3798,0.95
default,3,road:3797-3815,1.0
default,3,road:3798-3799,3.9000000000000004
default,3,road:3799-3806,1.9500000000000002
default,3,road:3801-3803,2.0
default,3,road:3801-3819,4.6
default,3,road:3806-3811,1.9500000000000002
default,3,road:3807-3811,0.6
default,3,road:3808-3811,1.35
default,3,road:3816-3817,1.9500000000000002
default,3,road:3820-3821,278.14999999999964
default,3,road:3820-3823,108.19999999999982
default,3,road:3822-3826,27.05000000000002
default,3,road:3822-7295,27.05000000000002
default,3,road:3823-3824,52.40000000000007
default,3,road:3823-7295,55.45000000000003
default,3,road:3824-3826,1.0499999999999998
default,3,road:3825-7295,27.300000000000026
default,3,road:3827-7295,55.70000000000005
default,3,road:3830-3848,0.6
default,3,road:3830-3862,0.6
default,3,road:3830-3863,0.35
default,3,road:3831-3839,1.9
default,3,road:3835-3841,0.35
default,3,road:3835-3863,0.35
default,3,road:3839-3840,1.2999999999999998
default,3,road:3839-3864,1.2999999999999998
default,3,road:3840-3858,0.95
default,3,road:3841-3864,1.2999999999999998
default,3,road:3854-3857,0.95
default,3,road:3854-3858,0.95
default,3,road:3855-3856,13.549999999999997
default,3,road:3865-3868,1.6
default,3,road:3865-3869,1.6
default,3,road:3866-3871,6.299999999999998
default,3,road:3866-3873,53.20000000000002
default,3,road:3866-3875,59.500000000000036
default,3,road:3867-3868,1.9500000000000002
default,3,road:3869-3876,1.6
default,3,road:3878-3879,1.9500000000000002
default,3,road:3878-3903,1.9500000000000002
default,3,road:3879-3882,49.450000000000045
default,3,road:3879-3889,52.75000000000005
default,3,road:3879-3917,1.35
default,3,road:3880-3890,5.85
default,3,road:3880-3891,5.85
default,3,road:3881-3885,1.9500000000000002
default,3,road:3882-3918,47.50000000000004
default,3,road:3883-3884,13.299999999999997
default,3,road:3883-3913,11.349999999999998
default,3,road:3884-3909,13.299999999999997
default,3,road:3885-3903,1.9500000000000002
default,3,road:3886-3892,3.9000000000000004
default,3,road:3886-3925,3.9000000000000004
default,3,road:3887-3888,0.35
default,3,road:3888-3925,3.9000000000000004
default,3,road:3889-7294,52.75000000000005
default,3,road:3890-3893,41.650000000000034
default,3,road:3890-3918,47.50000000000004
default,3,road:3891-3892,5.85
default,3,road:3892-3914,1.9500000000000002
default,3,road:3893-3927,39.70000000000003
default,3,road:3897-3898,14.349999999999996
default,3,road:3898-3909,14.349999999999996
default,3,road:3902-3910,4.3999999999999995
default,3,road:3907-3908,1.0499999999999998
default,3,road:3908-3909,1.0499999999999998
default,3,road:3911-3912,11.349999999999998
default,3,road:3911-3913,11.349999999999998
default,3,road:3915-3922,21.650000000000006
default,3,road:3917-3920,0.6
default,3,road:3920-3922,0.6
default,3,road:3922-3923,21.050000000000004
default,3,road:3924-3926,1.9500000000000002
default,3,road:3926-3927,37.75000000000003
default,3,road:3929-3933,10.099999999999998
default,3,road:3929-3998,10.099999999999998
default,3,road:3933-3935,1.35
default,3,road:3933-3990,11.449999999999998
default,3,road:3934-3935,1.9500000000000002
default,3,road:3934-3967,1.9500000000000002
default,3,road:3935-3950,0.6
default,3,road:3937-3938,7.799999999999999
default,3,road:3937-4077,9.749999999999998
default,3,road:3938-3972,0.35
default,3,road:3938-3995,7.449999999999999
default,3,road:3940-3941,3.3000000000000003
default,3,road:3941-3972,5.85
default,3,road:3941-4138,1.35
default,3,road:3941-4145,1.2
default,3,road:3942-3943,13.999999999999996
default,3,road:3942-4008,13.999999999999996
default,3,road:3943-3989,13.999999999999996
default,3,road:3944-3945,100.09999999999985
default,3,road:3944-4045,100.09999999999985
default,3,road:3945-3989,11.899999999999999
default,3,road:3946-3947,11.449999999999998
default,3,road:3946-4008,11.449999999999998
default,3,road:3947-3991,11.449999999999998
default,3,road:3949-3950,2.5500000000000003
default,3,road:3949-4040,1.35
default,3,road:3949-4043,5.85
default,3,road:3949-4050,1.9500000000000002
default,3,road:3957-3958,24.400000000000006
default,3,road:3957-3970,69.85000000000002
default,3,road:3957-4051,94.24999999999989
default,3,road:3958-4120,20.5
default,3,road:3958-4125,3.9000000000000004
default,3,road:3966-4104,1.35
default,3,road:3968-3969,1.9500000000000002
default,3,road:3968-4104,1.9500000000000002
default,3,road:3969-4050,1.9500000000000002
default,3,road:3970-4106,69.85000000000002
default,3,road:3972-4141,5.5
default,3,road:3973-3974,9.749999999999998
default,3,road:3973-6673,7.799999999999999
default,3,road:3974-4062,9.749999999999998
default,3,road:3975-3977,1.9500000000000002
default,3,road:3975-3980,1.9500000000000002
default,3,road:3977-3985,3.3000000000000003
default,3,road:3979-3985,0.6
default,3,road:3985-3986,3.9000000000000004
default,3,road:3986-3987,3.9000000000000004
default,3,road:3987-3988,5.999999999999999
default,3,road:3987-3989,2.1
default,3,road:3990-3991,11.449999999999998
default,3,road:3992-3999,5.85
default,3,road:3994-6202,0.35
default,3,road:3994-6204,0.35
default,3,road:3995-3997,7.449999999999999
default,3,road:3996-3997,1.0
default,3,road:3996-6209,0.35
default,3,road:3997-3999,6.449999999999999
default,3,road:3998-6202,10.099999999999998
default,3,road:4003-4008,2.5500000000000003
default,3,road:4003-7297,2.5500000000000003
default,3,road:4004-4006,3.5500000000000003
default,3,road:4004-4031,7.449999999999999
default,3,road:4004-4034,3.9000000000000004
default,3,road:4005-4058,1.9500000000000002
default,3,road:4006-4011,3.5500000000000003
default,3,road:4007-4055,1.9500000000000002
default,3,road:4009-4046,2.5500000000000003
default,3,road:4009-7297,2.5500000000000003
default,3,road:4011-4017,3.5500000000000003
default,3,road:4012-4036,1.9500000000000002
default,3,road:4013-4061,1.6
default,3,road:4013-4075,3.5500000000000003
default,3,road:4016-4031,7.449999999999999
default,3,road:4017-4018,3.5500000000000003
default,3,road:4018-4075,3.5500000000000003
default,3,road:4023-4025,0.35
default,3,road:4023-4067,0.35
default,3,road:4025-4026,3.9000000000000004
default,3,road:4027-4028,9.749999999999998
default,3,road:4027-4074,9.749999999999998
default,3,road:4034-4035,1.9500000000000002
default,3,road:4035-4036,1.9500000000000002
default,3,road:4040-4042,1.35
default,3,road:4041-4042,0.6
default,3,road:4041-4046,2.5500000000000003
default,3,road:4042-4047,1.9500000000000002
default,3,road:4043-4045,5.85
default,3,road:4044-4045,94.24999999999989
default,3,road:4044-4051,94.24999999999989
default,3,road:4047-4052,1.9500000000000002
default,3,road:4055-4056,1.9500000000000002
default,3,road:4056-4057,1.9500000000000002
default,3,road:4058-4059,1.9500000000000002
default,3,road:4062-4063,9.749999999999998
default,3,road:4063-4064,9.749999999999998
default,3,road:4064-4073,9.749999999999998
default,3,road:4073-4074,9.749999999999998
default,3,road:4077-4078,60.10000000000006
default,3,road:4077-4103,69.85000000000002
default,3,road:4078-6261,60.10000000000006
default,3,road:4082-4083,20.5
default,3,road:4082-4132,20.5
default,3,road:4083-4146,20.5
default,3,road:4089-4090,1.9500000000000002
default,3,road:4090-4115,3.9000000000000004
default,3,road:4097-4101,1.9500000000000002
default,3,road:4097-4147,5.85
default,3,road:4099-4100,20.5
default,3,road:4100-4146,20.5
default,3,road:4103-4106,69.85000000000002
default,3,road:4104-4113,0.6
default,3,road:4115-4136,3.9000000000000004
default,3,road:4120-4132,20.5
default,3,road:4125-4136,3.9000000000000004
default,3,road:4138-4143,1.35
default,3,road:4141-6261,60.10000000000006
default,3,road:4147-6673,7.799999999999999
default,3,road:4153-4231,14.449999999999998
default,3,road:4153-4232,8.95
default,3,road:4154-4155,14.099999999999998
default,3,road:4154-4195,14.099999999999998
default,3,road:4155-4271,12.499999999999998
default,3,road:4156-4159,39.30000000000005
default,3,road:4156-4177,39.90000000000005
default,3,road:4157-4168,0.6
default,3,road:4157-4313,0.6
default,3,road:4158-4159,0.6
default,3,road:4158-4216,1.0
default,3,road:4159-4317,5.550000000000001
default,3,road:4159-4319,33.15000000000004
default,3,road:4160-4180,0.35
default,3,road:4162-4163,50.20000000000003
default,3,road:4162-6130,50.20000000000003
default,3,road:4163-4232,8.95
default,3,road:4168-4254,0.6
default,3,road:4177-4178,69.95000000000002
default,3,road:4177-4211,97.3499999999999
default,3,road:4177-4233,12.499999999999993
default,3,road:4178-4327,68.60000000000002
default,3,road:4179-4180,4.749999999999999
default,3,road:4179-4331,4.3999999999999995
default,3,road:4180-4216,5.099999999999999
default,3,road:4182-4330,2.45
default,3,road:4182-4332,2.45
default,3,road:4184-4192,33.65000000000004
default,3,road:4184-6291,33.65000000000004
default,3,road:4186-4365,33.65000000000004
default,3,road:4186-6292,33.65000000000004
default,3,road:4190-4340,1.9500000000000002
default,3,road:4190-6285,1.9500000000000002
default,3,road:4191-4256,1.9500000000000002
default,3,road:4191-6285,1.9500000000000002
default,3,road:4192-4332,35.600000000000044
default,3,road:4194-4204,5.85
default,3,road:4194-4205,5.85
default,3,road:4195-4231,14.099999999999998
default,3,road:4204-4314,5.85
default,3,road:4205-4260,5.85
default,3,road:4206-4222,0.35
default,3,road:4211-4212,97.94999999999989
default,3,road:4212-4223,8.75
default,3,road:4212-4225,106.69999999999987
default,3,road:4213-4217,2.05
default,3,road:4213-4220,111.14999999999986
default,3,road:4213-4225,106.69999999999987
default,3,road:4214-4215,9.649999999999997
default,3,road:4214-4221,3.45
default,3,road:4214-4223,8.15
default,3,road:4215-4216,7.699999999999998
default,3,road:4216-4234,1.6
default,3,road:4217-4218,1.4
default,3,road:4218-4219,3.1
default,3,road:4218-4221,3.45
default,3,road:4218-4222,0.35
default,3,road:4220-7296,112.14999999999986
default,3,road:4228-4229,0.35
default,3,road:4228-4231,0.35
default,3,road:4235-4236,1.75
default,3,road:4235-4279,1.75
default,3,road:4236-4238,7.999999999999999
default,3,road:4236-4241,9.749999999999998
default,3,road:4238-4255,7.999999999999999
default,3,road:4241-4258,7.799999999999999
default,3,road:4242-4259,1.9500000000000002
default,3,road:4244-4289,17.849999999999998
default,3,road:4245-4247,0.6
default,3,road:4245-4297,0.6
default,3,road:4246-4249,46.85000000000003
default,3,road:4246-4280,46.85000000000003
default,3,road:4247-4249,13.599999999999994
default,3,road:4247-4278,14.199999999999994
default,3,road:4249-4298,60.45000000000006
default,3,road:4254-4255,2.5500000000000003
default,3,road:4255-4271,12.499999999999998
default,3,road:4256-4311,3.3000000000000003
default,3,road:4256-6155,5.25
default,3,road:4257-6155,1.9
default,3,road:4258-4259,1.9500000000000002
default,3,road:4258-4260,5.85
default,3,road:4263-7399,1.9500000000000002
default,3,road:4264-7399,1.9500000000000002
default,3,road:4265-4312,1.9500000000000002
default,3,road:4278-4279,1.75
default,3,road:4278-4290,15.949999999999992
default,3,road:4280-6154,46.85000000000003
default,3,road:4281-6130,50.20000000000003
default,3,road:4281-6154,50.20000000000003
default,3,road:4289-4290,17.849999999999998
default,3,road:4295-4296,0.6
default,3,road:4295-4298,1.35
default,3,road:4295-4307,1.9500000000000002
default,3,road:4296-4297,0.6
default,3,road:4298-4300,59.10000000000006
default,3,road:4310-4312,1.35
default,3,road:4311-4312,3.3000000000000003
default,3,road:4317-4318,3.6
default,3,road:4318-7250,3.6
default,3,road:4319-4332,33.15000000000004
default,3,road:4321-4336,6.1
default,3,road:4321-7249,6.1
default,3,road:4323-4333,83.09999999999997
default,3,road:4323-7402,85.04999999999995
default,3,road:4324-4325,18.950000000000003
default,3,road:4325-4326,68.60000000000002
default,3,road:4325-7401,87.54999999999995
default,3,road:4326-4327,68.60000000000002
default,3,road:4330-4331,2.45
default,3,road:4340-6321,1.6
default,3,road:4340-6415,0.35
default,3,road:4343-4365,31.70000000000004
default,3,road:4343-6325,29.750000000000032
default,3,road:4366-4367,1.9500000000000002
default,3,road:4366-4432,1.9500000000000002
default,3,road:4370-4442,1.9500000000000002
default,3,road:4377-4378,3.9000000000000004
default,3,road:4377-4379,1.9500000000000002
default,3,road:4377-4446,1.9500000000000002
default,3,road:4378-4443,5.85
default,3,road:4379-4380,1.9500000000000002
default,3,road:4382-4414,1.9500000000000002
default,3,road:4383-4384,51.65000000000005
default,3,road:4383-4389,51.65000000000005
default,3,road:4384-4414,1.9500000000000002
default,3,road:4385-4386,24.35000000000001
default,3,road:4385-4394,24.35000000000001
default,3,road:4386-4471,24.35000000000001
default,3,road:4387-4471,1.9500000000000002
default,3,road:4388-4389,27.500000000000014
default,3,road:4388-4471,27.500000000000014
default,3,road:4389-4392,24.150000000000006
default,3,road:4392-4463,2.7
default,3,road:4392-4467,21.450000000000003
default,3,road:4393-4455,22.400000000000006
default,3,road:4394-4455,22.400000000000006
default,3,road:4399-4401,1.6
default,3,road:4400-4401,10.449999999999998
default,3,road:4400-4406,10.099999999999998
default,3,road:4401-4417,12.049999999999997
default,3,road:4402-4411,1.9500000000000002
default,3,road:4404-4417,13.999999999999996
default,3,road:4406-4407,4.25
default,3,road:4406-4408,5.85
default,3,road:4407-4430,2.3000000000000003
default,3,road:4408-4443,5.85
default,3,road:4411-4436,1.9500000000000002
default,3,road:4419-4422,0.35
default,3,road:4422-4425,0.35
default,3,road:4424-4425,2.45
default,3,road:4428-4429,1.9500000000000002
default,3,road:4428-4430,2.3000000000000003
default,3,road:4429-4432,1.9500000000000002
default,3,road:4436-4438,1.9500000000000002
default,3,road:4437-4438,1.9500000000000002
default,3,road:4437-4442,1.9500000000000002
default,3,road:4444-4447,1.9500000000000002
default,3,road:4445-4446,1.9500000000000002
default,3,road:4447-4448,1.9500000000000002
default,3,road:4453-4458,1.9500000000000002
default,3,road:4458-4459,1.9500000000000002
default,3,road:4459-4460,1.9500000000000002
default,3,road:4462-6166,3.9000000000000004
default,3,road:4462-6663,3.9000000000000004
default,3,road:4463-4471,1.2
default,3,road:4463-6166,3.9000000000000004
default,3,road:4468-4469,1.9500000000000002
default,3,road:4468-6663,1.9500000000000002
default,3,road:4474-4475,1.9500000000000002
default,3,road:4475-6663,1.9500000000000002
default,3,road:4482-6519,1.9500000000000002
default,3,road:4482-6520,1.9500000000000002
default,3,road:4484-6003,25.35000000000001
default,3,road:4484-6887,25.35000000000001
default,3,road:4485-4493,17.549999999999997
default,3,road:4485-6886,19.5
default,3,road:4486-6686,1.9500000000000002
default,3,road:4486-7321,1.9500000000000002
default,3,road:4489-6506,1.9500000000000002
default,3,road:4489-6508,1.9500000000000002
default,3,road:4490-4492,27.30000000000001
default,3,road:4490-6004,25.35000000000001
default,3,road:4491-4492,27.30000000000001
default,3,road:4493-4494,15.599999999999996
default,3,road:4494-4495,11.099999999999998
default,3,road:4494-6689,2.5500000000000003
default,3,road:4496-4497,2.5500000000000003
default,3,road:4496-4516,2.5500000000000003
default,3,road:4497-4523,0.6
default,3,road:4498-5990,5.25
default,3,road:4498-6392,5.25
default,3,road:4500-6444,3.0
default,3,road:4500-6445,3.0
default,3,road:4501-4507,7.799999999999999
default,3,road:4501-6388,9.749999999999998
default,3,road:4502-6446,6.749999999999999
default,3,road:4502-7027,6.749999999999999
default,3,road:4503-4504,3.9000000000000004
default,3,road:4503-4507,5.85
default,3,road:4503-4538,1.9500000000000002
default,3,road:4504-4542,3.9000000000000004
default,3,road:4509-6709,1.9500000000000002
default,3,road:4511-4519,47.30000000000003
default,3,road:4511-6001,47.30000000000003
default,3,road:4512-5999,2.9000000000000004
default,3,road:4513-4514,45.35000000000003
default,3,road:4513-4519,47.30000000000003
default,3,road:4514-4515,44.35000000000003
default,3,road:4515-6646,44.35000000000003
default,3,road:4516-4522,3.1500000000000004
default,3,road:4518-6002,47.30000000000003
default,3,road:4522-6328,5.1
default,3,road:4525-4532,1.9500000000000002
default,3,road:4526-5985,1.9500000000000002
default,3,road:4527-6503,1.9500000000000002
default,3,road:4527-7341,1.9500000000000002
default,3,road:4528-6534,1.9500000000000002
default,3,road:4528-6535,1.9500000000000002
default,3,road:4529-4532,1.9500000000000002
default,3,road:4529-6535,1.9500000000000002
default,3,road:4532-6392,5.25
default,3,road:4533-4534,16.549999999999997
default,3,road:4533-6529,18.5
default,3,road:4537-6944,1.9500000000000002
default,3,road:4537-7324,1.9500000000000002
default,3,road:4538-6643,1.9500000000000002
default,3,road:4539-6644,1.9500000000000002
default,3,road:4541-6647,9.149999999999999
default,3,road:4546-6965,21.450000000000003
default,3,road:4548-4643,3.9000000000000004
default,3,road:4557-4650,1.9500000000000002
default,3,road:4557-7062,1.9500000000000002
default,3,road:4559-4650,1.35
default,3,road:4559-7041,0.6
default,3,road:4559-7070,1.9500000000000002
default,3,road:4561-4562,1.9500000000000002
default,3,road:4562-4982,1.9500000000000002
default,3,road:4579-7062,1.9500000000000002
default,3,road:4579-7068,1.9500000000000002
default,3,road:4618-4619,17.549999999999997
default,3,road:4618-4686,17.549999999999997
default,3,road:4619-4983,19.5
default,3,road:4622-4623,23.400000000000006
default,3,road:4622-4722,23.400000000000006
default,3,road:4623-4976,42.900000000000034
default,3,road:4623-4983,19.5
default,3,road:4629-4634,5.85
default,3,road:4629-4645,5.85
default,3,road:4632-4784,1.9500000000000002
default,3,road:4632-7070,1.9500000000000002
default,3,road:4633-6649,1.9500000000000002
default,3,road:4634-4675,5.85
default,3,road:4635-4795,3.9000000000000004
default,3,road:4635-6094,3.9000000000000004
default,3,road:4638-4653,7.799999999999999
default,3,road:4638-4662,3.9000000000000004
default,3,road:4638-7098,3.9000000000000004
default,3,road:4643-4644,3.9000000000000004
default,3,road:4644-4645,3.9000000000000004
default,3,road:4645-4646,1.9500000000000002
default,3,road:4649-7067,1.9500000000000002
default,3,road:4649-7068,1.9500000000000002
default,3,road:4650-7041,0.6
default,3,road:4651-4656,1.9500000000000002
default,3,road:4652-4669,7.799999999999999
default,3,road:4652-6648,7.799999999999999
default,3,road:4653-4660,9.749999999999998
default,3,road:4654-4655,1.9500000000000002
default,3,road:4656-4687,9.749999999999998
default,3,road:4656-6648,7.799999999999999
default,3,road:4658-4659,3.9000000000000004
default,3,road:4658-4749,3.9000000000000004
default,3,road:4659-7033,3.9000000000000004
default,3,road:4660-4760,9.749999999999998
default,3,road:4662-6377,1.9500000000000002
default,3,road:4666-4667,1.75
default,3,road:4666-4768,1.75
default,3,road:4667-4733,5.6499999999999995
default,3,road:4667-7033,3.9000000000000004
default,3,road:4669-6649,7.799999999999999
default,3,road:4671-5855,13.849999999999996
default,3,road:4671-7241,13.849999999999996
default,3,road:4672-4717,13.849999999999996
default,3,road:4672-7241,13.849999999999996
default,3,road:4673-4674,5.85
default,3,road:4673-6649,5.85
default,3,road:4674-7013,5.85
default,3,road:4675-6625,5.85
default,3,road:4677-4678,11.699999999999998
default,3,road:4677-4688,9.749999999999998
default,3,road:4678-4725,13.049999999999997
default,3,road:4679-4699,1.9500000000000002
default,3,road:4680-4681,0.6
default,3,road:4681-4682,0.6
default,3,road:4682-4725,0.6
default,3,road:4683-4709,14.999999999999996
default,3,road:4683-4725,13.649999999999997
default,3,road:4686-4737,15.599999999999996
default,3,road:4687-5906,9.749999999999998
default,3,road:4688-5906,9.749999999999998
default,3,road:4689-4692,1.9500000000000002
default,3,road:4692-4695,1.9500000000000002
default,3,road:4699-4701,1.9500000000000002
default,3,road:4701-4710,1.9500000000000002
default,3,road:4704-4709,0.6
default,3,road:4709-4737,15.599999999999996
default,3,road:4710-4719,1.9500000000000002
default,3,road:4714-4715,1.9500000000000002
default,3,road:4714-4727,1.9500000000000002
default,3,road:4715-4717,19.5
default,3,road:4715-4723,21.450000000000003
default,3,road:4717-4733,5.6499999999999995
default,3,road:4719-4722,1.9500000000000002
default,3,road:4722-6266,21.450000000000003
default,3,road:4723-6266,21.450000000000003
default,3,road:4727-7024,1.9500000000000002
default,3,road:4742-4743,3.0
default,3,road:4742-6818,4.75
default,3,road:4742-7100,1.75
default,3,road:4743-4772,3.0
default,3,road:4744-4765,4.75
default,3,road:4744-6818,4.75
default,3,road:4746-4747,5.0
default,3,road:4746-4760,5.0
default,3,road:4747-5870,5.0
default,3,road:4749-6111,3.9000000000000004
default,3,road:4750-4766,1.75
default,3,road:4750-6816,1.75
default,3,road:4751-6816,1.75
default,3,road:4751-7100,1.75
default,3,road:4754-6108,3.9000000000000004
default,3,road:4754-6111,3.9000000000000004
default,3,road:4759-4760,4.75
default,3,road:4759-4765,4.75
default,3,road:4766-6123,1.75
default,3,road:4768-4769,1.75
default,3,road:4769-6123,1.75
default,3,road:4772-5862,3.0
default,3,road:4776-4794,1.9500000000000002
default,3,road:4776-7044,1.9500000000000002
default,3,road:4783-5904,1.9500000000000002
default,3,road:4783-7079,1.9500000000000002
default,3,road:4784-4788,1.9500000000000002
default,3,road:4788-7079,1.9500000000000002
default,3,road:4791-4796,1.9500000000000002
default,3,road:4792-4794,1.9500000000000002
default,3,road:4793-4798,3.9000000000000004
default,3,road:4793-7092,3.9000000000000004
default,3,road:4794-7089,3.9000000000000004
default,3,road:4795-7097,3.9000000000000004
default,3,road:4796-7097,1.9500000000000002
default,3,road:4797-4798,3.9000000000000004
default,3,road:4797-7085,3.9000000000000004
default,3,road:4849-4878,1.7999999999999998
default,3,road:4849-4900,1.7999999999999998
default,3,road:4850-5137,1.35
default,3,road:4878-4879,3.7
default,3,road:4878-5392,5.5
default,3,road:4879-5048,5.6499999999999995
default,3,road:4885-7463,0.35
default,3,road:4900-5119,1.7999999999999998
default,3,road:4911-4912,1.35
default,3,road:4911-7039,1.35
default,3,road:4912-6099,1.35
default,3,road:4928-5076,1.9500000000000002
default,3,road:4929-5077,16.599999999999998
default,3,road:4930-4999,1.9500000000000002
default,3,road:4931-5080,1.9500000000000002
default,3,road:4931-6223,1.9500000000000002
default,3,road:4932-5040,1.9500000000000002
default,3,road:4932-6657,1.9500000000000002
default,3,road:4933-7291,1.9500000000000002
default,3,road:4935-4936,1.9500000000000002
default,3,road:4935-5102,3.9000000000000004
default,3,road:4936-5187,1.9500000000000002
default,3,road:4943-5245,5.25
default,3,road:4943-6100,5.85
default,3,road:4943-6102,0.6
default,3,road:4944-6096,5.85
default,3,road:4944-6100,5.85
default,3,road:4947-5135,0.6
default,3,road:4949-4956,1.9500000000000002
default,3,road:4949-4981,1.9500000000000002
default,3,road:4951-4989,1.9500000000000002
default,3,road:4951-6993,1.9500000000000002
default,3,road:4952-5000,1.9500000000000002
default,3,road:4952-6993,1.9500000000000002
default,3,road:4953-4975,50.700000000000045
default,3,road:4960-6992,1.9500000000000002
default,3,road:4963-4966,1.6
default,3,road:4963-4977,3.9000000000000004
default,3,road:4963-4993,7.449999999999999
default,3,road:4963-6992,1.9500000000000002
default,3,road:4966-4967,1.9500000000000002
default,3,road:4966-4968,0.35
default,3,road:4968-4971,0.35
default,3,road:4969-4994,42.900000000000034
default,3,road:4969-6264,42.900000000000034
default,3,road:4971-4972,7.799999999999999
default,3,road:4971-4990,7.449999999999999
default,3,road:4972-4975,7.799999999999999
default,3,road:4975-4991,42.900000000000034
default,3,road:4976-6264,42.900000000000034
default,3,road:4977-4987,3.9000000000000004
default,3,road:4981-4988,1.9500000000000002
default,3,road:4982-4987,3.9000000000000004
default,3,road:4982-7012,1.9500000000000002
default,3,road:4988-7012,1.9500000000000002
default,3,road:4990-4993,7.449999999999999
default,3,road:4991-4994,42.900000000000034
default,3,road:5029-5030,5.85
default,3,road:5029-5106,5.85
default,3,road:5030-5061,7.799999999999999
default,3,road:5030-5905,13.649999999999997
default,3,road:5031-5036,1.9500000000000002
default,3,road:5031-5038,1.9500000000000002
default,3,road:5035-5111,1.9500000000000002
default,3,road:5035-5123,1.9500000000000002
default,3,road:5036-5037,1.9500000000000002
default,3,road:5038-5039,1.9500000000000002
default,3,road:5038-5040,1.9500000000000002
default,3,road:5038-5061,5.85
default,3,road:5039-5101,1.9500000000000002
default,3,road:5042-5084,0.35
default,3,road:5046-5116,11.099999999999998
default,3,road:5046-6167,11.099999999999998
default,3,road:5047-5049,3.3000000000000003
default,3,road:5047-5126,7.799999999999999
default,3,road:5047-6167,11.099999999999998
default,3,road:5048-5052,5.6499999999999995
default,3,road:5049-5136,3.3000000000000003
default,3,road:5050-5052,5.6499999999999995
default,3,road:5050-5124,5.6499999999999995
default,3,road:5055-5058,1.0
default,3,road:5055-5080,1.0
default,3,road:5058-5087,0.6
default,3,road:5064-5072,13.649999999999997
default,3,road:5064-5905,13.649999999999997
default,3,road:5070-5071,2.95
default,3,road:5070-5080,2.95
default,3,road:5071-5078,2.95
default,3,road:5072-5073,13.649999999999997
default,3,road:5073-5077,13.649999999999997
default,3,road:5077-5078,2.95
default,3,road:5083-5084,0.35
default,3,road:5083-5087,0.6
default,3,road:5090-5094,5.85
default,3,road:5090-5106,5.85
default,3,road:5093-5094,5.85
default,3,road:5093-5096,5.85
default,3,road:5096-5097,5.85
default,3,road:5097-5109,4.25
default,3,road:5102-6389,3.9000000000000004
default,3,road:5109-6389,3.9000000000000004
default,3,road:5111-5118,1.2999999999999998
default,3,road:5111-5122,3.2500000000000004
default,3,road:5116-5117,15.449999999999998
default,3,road:5116-5118,4.35
default,3,road:5117-5122,3.2500000000000004
default,3,road:5118-5124,5.6499999999999995
default,3,road:5126-5127,7.799999999999999
default,3,road:5127-6096,7.799999999999999
default,3,road:5128-5129,1.35
default,3,road:5128-5136,3.3000000000000003
default,3,road:5129-5137,1.35
default,3,road:5135-6099,0.6
default,3,road:5139-5251,1.35
default,3,road:5139-7039,1.35
default,3,road:5187-5188,1.9500000000000002
default,3,road:5228-5244,1.9500000000000002
default,3,road:5228-5259,1.9500000000000002
default,3,road:5229-5251,1.35
default,3,road:5237-5240,0.6
default,3,road:5237-5253,0.6
default,3,road:5240-7025,0.6
default,3,road:5244-5245,5.25
default,3,road:5244-5258,3.3000000000000003
default,3,road:5248-5258,0.95
default,3,road:5248-5958,0.95
default,3,road:5253-6101,0.6
default,3,road:5258-5958,2.35
default,3,road:5375-5417,5.85
default,3,road:5376-6394,1.9500000000000002
default,3,road:5377-5410,5.85
default,3,road:5377-5412,5.85
default,3,road:5378-6695,1.9500000000000002
default,3,road:5379-5970,4.5
default,3,road:5379-6876,4.5
default,3,road:5381-6880,1.9500000000000002
default,3,road:5386-5387,0.95
default,3,road:5386-5388,0.95
default,3,road:5387-6693,0.35
default,3,road:5388-5389,9.749999999999998
default,3,road:5388-6665,10.699999999999998
default,3,road:5389-5397,6.449999999999999
default,3,road:5390-5393,1.6
default,3,road:5390-6693,0.35
default,3,road:5392-6393,3.5500000000000003
default,3,road:5393-6393,1.6
default,3,road:5397-5971,4.5
default,3,road:5397-5975,1.9500000000000002
default,3,road:5410-6696,5.85
default,3,road:5412-5418,3.9000000000000004
default,3,road:5413-5414,1.9500000000000002
default,3,road:5413-6666,1.9500000000000002
default,3,road:5415-5418,3.9000000000000004
default,3,road:5415-6666,1.9500000000000002
default,3,road:5415-6669,1.9500000000000002
default,3,road:5417-6696,5.85
default,3,road:5420-5422,1.6
default,3,road:5420-6843,1.6
default,3,road:5597-6485,5.85
default,3,road:5597-6493,3.9000000000000004
default,3,road:5598-5599,0.6
default,3,road:5598-5601,1.9500000000000002
default,3,road:5602-5603,1.9500000000000002
default,3,road:5602-5617,1.9500000000000002
default,3,road:5603-5623,1.9500000000000002
default,3,road:5608-5620,3.9000000000000004
default,3,road:5608-7326,3.9000000000000004
default,3,road:5610-5612,1.9500000000000002
default,3,road:5610-5615,1.9500000000000002
default,3,road:5614-7325,0.6
default,3,road:5616-5617,1.9500000000000002
default,3,road:5616-5618,1.9500000000000002
default,3,road:5618-6704,1.9500000000000002
default,3,road:5620-6465,3.9000000000000004
default,3,road:5621-7326,3.9000000000000004
default,3,road:5677-5679,1.9500000000000002
default,3,road:5677-5692,1.9500000000000002
default,3,road:5677-7190,3.9000000000000004
default,3,road:5678-7329,7.799999999999999
default,3,road:5678-7456,5.85
default,3,road:5679-5694,1.9500000000000002
default,3,road:5681-5694,1.9500000000000002
default,3,road:5684-5685,7.799999999999999
default,3,road:5684-5687,1.9500000000000002
default,3,road:5684-6668,9.749999999999998
default,3,road:5685-7329,7.799999999999999
default,3,road:5688-6668,9.749999999999998
default,3,road:5855-5863,13.849999999999996
default,3,road:5862-5863,3.0
default,3,road:5863-5864,10.849999999999998
default,3,road:5864-5868,10.849999999999998
default,3,road:5868-5870,5.0
default,3,road:5868-5873,5.85
default,3,road:5873-5880,5.85
default,3,road:5880-5883,5.85
default,3,road:5883-5893,5.85
default,3,road:5885-5891,1.2
default,3,road:5885-5892,1.2
default,3,road:5890-5891,1.2
default,3,road:5890-5893,4.6499999999999995
default,3,road:5890-5898,5.85
default,3,road:5892-5893,1.2
default,3,road:5894-5900,4.25
default,3,road:5894-5902,0.35
default,3,road:5894-7091,3.9000000000000004
default,3,road:5897-5898,1.6
default,3,road:5897-5902,0.35
default,3,road:5897-5904,1.9500000000000002
default,3,road:5898-5900,4.25
default,3,road:5907-6103,1.9500000000000002
default,3,road:5908-5909,1.9500000000000002
default,3,road:5908-6103,1.9500000000000002
default,3,road:5909-7024,1.9500000000000002
default,3,road:5955-5958,3.3000000000000003
default,3,road:5955-5959,3.3000000000000003
default,3,road:5959-6885,3.3000000000000003
default,3,road:5963-5964,1.35
default,3,road:5963-6855,1.35
default,3,road:5964-6885,1.35
default,3,road:5970-5971,4.5
default,3,road:5974-5975,1.9500000000000002
default,3,road:5974-6695,1.9500000000000002
default,3,road:5985-5986,1.9500000000000002
default,3,road:5990-6986,5.25
default,3,road:5991-6986,5.25
default,3,road:5992-7423,22.55000000000001
default,3,road:5992-7425,22.55000000000001
default,3,road:5993-5998,22.55000000000001
default,3,road:5993-7423,22.55000000000001
default,3,road:5997-5998,23.150000000000013
default,3,road:5997-6324,23.150000000000013
default,3,road:5999-6000,2.9000000000000004
default,3,road:6000-6570,2.9000000000000004
default,3,road:6001-6002,47.30000000000003
default,3,road:6003-6004,25.35000000000001
default,3,road:6005-6008,1.35
default,3,road:6005-6888,1.35
default,3,road:6008-6009,1.9500000000000002
default,3,road:6008-6886,0.6
default,3,road:6015-6016,11.699999999999998
default,3,road:6015-6017,23.400000000000006
default,3,road:6015-6512,11.699999999999998
default,3,road:6016-6020,11.699999999999998
default,3,road:6017-6508,23.400000000000006
default,3,road:6020-6024,11.699999999999998
default,3,road:6022-6023,5.85
default,3,road:6022-6029,3.9000000000000004
default,3,road:6022-6685,1.9500000000000002
default,3,road:6023-6024,5.85
default,3,road:6024-6027,5.85
default,3,road:6027-6033,5.85
default,3,road:6029-6031,3.9000000000000004
default,3,road:6031-6959,3.9000000000000004
default,3,road:6033-6038,5.85
default,3,road:6035-6038,3.9000000000000004
default,3,road:6035-6958,3.9000000000000004
default,3,road:6037-6038,1.9500000000000002
default,3,road:6037-6043,1.9500000000000002
default,3,road:6043-6045,1.9500000000000002
default,3,road:6045-6049,1.9500000000000002
default,3,road:6049-6052,1.9500000000000002
default,3,road:6052-6054,1.9500000000000002
default,3,road:6054-6056,1.9500000000000002
default,3,road:6063-6064,0.7
default,3,road:6064-6068,0.7
default,3,road:6066-6068,0.7
default,3,road:6066-6070,0.7
default,3,road:6070-6074,3.9000000000000004
default,3,road:6070-6780,3.2
default,3,road:6074-6081,3.9000000000000004
default,3,road:6081-6085,3.9000000000000004
default,3,road:6085-6088,1.9500000000000002
default,3,road:6085-6091,1.9500000000000002
default,3,road:6088-6089,1.9500000000000002
default,3,road:6089-7316,1.9500000000000002
default,3,road:6091-7315,1.9500000000000002
default,3,road:6092-6093,0.35
default,3,road:6092-6139,14.649999999999995
default,3,road:6094-7098,3.9000000000000004
default,3,road:6096-6098,1.9500000000000002
default,3,road:6098-6099,1.9500000000000002
default,3,road:6101-6102,0.6
default,3,road:6104-6578,0.6
default,3,road:6105-6625,5.85
default,3,road:6105-7013,5.85
default,3,road:6107-6110,1.9500000000000002
default,3,road:6108-6109,1.9500000000000002
default,3,road:6109-6110,1.9500000000000002
default,3,road:6153-6154,3.35
default,3,road:6153-6156,3.35
default,3,road:6155-6156,3.35
default,3,road:6175-6176,54.05000000000005
default,3,road:6175-6951,55.40000000000005
default,3,road:6176-6178,47.20000000000004
default,3,road:6178-7444,47.20000000000004
default,3,road:6181-6182,45.85000000000004
default,3,road:6181-7442,45.85000000000004
default,3,road:6182-6186,41.95000000000003
default,3,road:6183-6184,32.20000000000002
default,3,road:6184-6186,32.20000000000002
default,3,road:6188-6190,1.6
default,3,road:6189-6190,1.6
default,3,road:6191-6192,5.85
default,3,road:6191-7019,5.85
default,3,road:6192-6197,0.35
default,3,road:6193-6195,1.9500000000000002
default,3,road:6193-6198,1.9500000000000002
default,3,road:6195-6196,1.9500000000000002
default,3,road:6199-7433,1.9500000000000002
default,3,road:6202-6203,9.749999999999998
default,3,road:6204-6208,0.35
default,3,road:6208-6212,0.35
default,3,road:6209-6212,0.35
default,3,road:6223-6225,1.9500000000000002
default,3,road:6225-7022,1.9500000000000002
default,3,road:6226-6227,1.9500000000000002
default,3,road:6226-7022,1.9500000000000002
default,3,road:6267-6268,5.15
default,3,road:6267-6270,1.6
default,3,road:6268-6271,55.15000000000005
default,3,road:6268-6277,42.900000000000034
default,3,road:6269-6274,0.6
default,3,road:6271-6273,55.15000000000005
default,3,road:6274-6275,0.6
default,3,road:6275-6276,7.799999999999999
default,3,road:6275-6526,7.199999999999999
default,3,road:6276-6277,42.900000000000034
default,3,road:6276-6279,35.10000000000002
default,3,road:6279-6280,35.10000000000002
default,3,road:6280-6282,35.10000000000002
default,3,road:6281-6282,35.10000000000002
default,3,road:6281-7288,23.400000000000006
default,3,road:6291-6292,33.65000000000004
default,3,road:6299-7248,6.1
default,3,road:6299-7250,6.1
default,3,road:6300-7252,87.54999999999995
default,3,road:6300-7401,87.54999999999995
default,3,road:6301-7253,85.04999999999995
default,3,road:6301-7402,85.04999999999995
default,3,road:6302-7250,2.5
default,3,road:6302-7252,2.5
default,3,road:6309-6310,1.9500000000000002
default,3,road:6310-6311,0.95
default,3,road:6310-6314,1.0
default,3,road:6311-6416,0.95
default,3,road:6314-6315,2.95
default,3,road:6314-7254,1.9500000000000002
default,3,road:6315-7404,0.6
default,3,road:6316-7254,1.9500000000000002
default,3,road:6321-6323,1.9500000000000002
default,3,road:6321-6415,0.35
default,3,road:6328-6331,22.55000000000001
default,3,road:6328-6339,17.449999999999996
default,3,road:6331-7425,22.55000000000001
default,3,road:6333-6336,16.099999999999994
default,3,road:6333-7427,16.099999999999994
default,3,road:6334-6335,44.35000000000003
default,3,road:6334-6646,44.35000000000003
default,3,road:6335-6336,16.099999999999994
default,3,road:6335-7430,60.45000000000006
default,3,road:6339-7427,16.099999999999994
default,3,road:6342-6348,23.750000000000007
default,3,road:6344-6345,23.750000000000007
default,3,road:6345-6348,23.750000000000007
default,3,road:6376-6377,1.9500000000000002
default,3,road:6376-6624,1.9500000000000002
default,3,road:6379-6383,1.9500000000000002
default,3,road:6388-6444,3.0
default,3,road:6388-6446,6.749999999999999
default,3,road:6393-6394,1.9500000000000002
default,3,road:6395-6751,3.9000000000000004
default,3,road:6395-6752,3.9000000000000004
default,3,road:6396-6399,3.9000000000000004
default,3,road:6399-6751,3.9000000000000004
default,3,road:6416-7404,0.6
default,3,road:6419-6421,21.450000000000003
default,3,road:6419-7289,21.450000000000003
default,3,road:6421-6431,17.549999999999997
default,3,road:6423-6431,15.599999999999996
default,3,road:6428-6769,1.9500000000000002
default,3,road:6445-6541,40.95000000000003
default,3,road:6445-6542,43.95000000000004
default,3,road:6449-6452,40.95000000000003
default,3,road:6449-6458,39.00000000000003
default,3,road:6452-6541,40.95000000000003
default,3,road:6453-6456,15.599999999999996
default,3,road:6453-6458,37.050000000000026
default,3,road:6453-6965,21.450000000000003
default,3,road:6456-6461,15.599999999999996
default,3,road:6459-6461,15.599999999999996
default,3,road:6459-6464,15.599999999999996
default,3,road:6464-6468,15.599999999999996
default,3,road:6465-6473,3.9000000000000004
default,3,road:6466-6468,15.599999999999996
default,3,road:6466-6471,15.599999999999996
default,3,road:6471-6474,15.599999999999996
default,3,road:6473-6474,15.599999999999996
default,3,road:6473-6476,11.699999999999998
default,3,road:6476-6477,1.9500000000000002
default,3,road:6476-6479,9.749999999999998
default,3,road:6479-6750,9.749999999999998
default,3,road:6482-6483,7.799999999999999
default,3,road:6482-6489,7.799999999999999
default,3,road:6483-7026,7.799999999999999
default,3,road:6485-6488,1.9500000000000002
default,3,road:6485-6489,7.799999999999999
default,3,road:6488-6491,1.9500000000000002
default,3,road:6493-7330,3.9000000000000004
default,3,road:6499-6500,3.9000000000000004
default,3,road:6503-6534,1.9500000000000002
default,3,road:6505-6508,25.35000000000001
default,3,road:6505-6509,25.35000000000001
default,3,road:6512-6514,9.749999999999998
default,3,road:6513-6687,1.9500000000000002
default,3,road:6513-7005,1.9500000000000002
default,3,road:6514-6517,7.799999999999999
default,3,road:6514-7005,1.9500000000000002
default,3,road:6515-6517,5.85
default,3,road:6515-6520,5.85
default,3,road:6520-6523,1.9500000000000002
default,3,road:6521-6523,1.9500000000000002
default,3,road:6542-7027,43.95000000000004
default,3,road:6562-6563,5.85
default,3,road:6563-6748,5.85
default,3,road:6578-6579,0.6
default,3,road:6586-7422,55.15000000000005
default,3,road:6616-7284,1.9500000000000002
default,3,road:6619-6620,0.95
default,3,road:6619-6621,0.95
default,3,road:6630-6633,1.6
default,3,road:6630-6636,1.6
default,3,road:6632-6633,1.6
default,3,road:6632-6634,1.6
default,3,road:6643-6644,1.9500000000000002
default,3,road:6657-7291,1.9500000000000002
default,3,road:6669-6672,1.9500000000000002
default,3,road:6685-6686,1.9500000000000002
default,3,road:6689-7312,2.5500000000000003
default,3,road:6700-6701,1.9500000000000002
default,3,road:6700-7350,1.9500000000000002
default,3,road:6707-7266,1.9500000000000002
default,3,road:6750-7026,9.749999999999998
default,3,road:6755-6756,0.6
default,3,road:6762-7271,7.799999999999999
default,3,road:6762-7285,7.799999999999999
default,3,road:6843-6846,1.35
default,3,road:6843-6848,0.6
default,3,road:6843-7463,0.35
default,3,road:6846-6852,1.35
default,3,road:6848-6849,0.6
default,3,road:6849-6852,1.35
default,3,road:6849-6873,2.5500000000000003
default,3,road:6855-6857,1.35
default,3,road:6857-6865,1.35
default,3,road:6873-6874,4.5
default,3,road:6873-6880,1.9500000000000002
default,3,road:6874-6876,4.5
default,3,road:6886-6887,21.450000000000003
default,3,road:6886-6888,1.35
default,3,road:6887-6946,3.9000000000000004
default,3,road:6893-6895,3.0
default,3,road:6893-6896,3.0
default,3,road:6895-6896,6.749999999999999
default,3,road:6895-7337,9.749999999999998
default,3,road:6896-6901,9.749999999999998
default,3,road:6901-6903,9.749999999999998
default,3,road:6903-6908,9.749999999999998
default,3,road:6908-6910,9.749999999999998
default,3,road:6910-6915,9.749999999999998
default,3,road:6915-6918,9.749999999999998
default,3,road:6918-6921,9.749999999999998
default,3,road:6920-6921,50.700000000000045
default,3,road:6920-7027,50.700000000000045
default,3,road:6921-7430,60.45000000000006
default,3,road:6929-6930,1.9500000000000002
default,3,road:6929-6931,3.9000000000000004
default,3,road:6929-6936,1.9500000000000002
default,3,road:6931-6946,3.9000000000000004
default,3,road:6936-6943,1.9500000000000002
default,3,road:6941-6943,1.9500000000000002
default,3,road:6941-6944,1.9500000000000002
default,3,road:6947-6955,0.6
default,3,road:6949-6951,61.15000000000006
default,3,road:6949-6952,61.15000000000006
default,3,road:6952-6954,61.15000000000006
default,3,road:6954-6955,65.10000000000005
default,3,road:6966-7332,1.9500000000000002
default,3,road:6967-6968,1.9500000000000002
default,3,road:6967-7332,1.9500000000000002
default,3,road:7019-7437,5.85
default,3,road:7044-7063,1.9500000000000002
default,3,road:7063-7064,1.9500000000000002
default,3,road:7085-7089,3.9000000000000004
default,3,road:7091-7092,3.9000000000000004
default,3,road:7190-7456,5.85
default,3,road:7248-7249,6.1
default,3,road:7252-7253,85.04999999999995
default,3,road:7266-7374,1.9500000000000002
default,3,road:7270-7278,1.9500000000000002
default,3,road:7270-7284,1.9500000000000002
default,3,road:7271-7272,2.95
default,3,road:7271-7276,4.85
default,3,road:7272-7276,0.95
default,3,road:7272-7277,3.9000000000000004
default,3,road:7275-7276,1.9500000000000002
default,3,road:7277-7278,1.35
default,3,road:7277-7282,2.5500000000000003
default,3,road:7278-7282,0.6
default,3,road:7282-7283,1.9500000000000002
default,3,road:7287-7346,1.9500000000000002
default,3,road:7299-7304,0.35
default,3,road:7311-7445,3.3000000000000003
default,3,road:7333-7334,1.9500000000000002
default,3,road:7336-7337,9.749999999999998
default,3,road:7336-7339,9.749999999999998
default,3,road:7418-7419,4.55
