link_id,centroid_connector,endpoint_distance_m,source_length_if_feet_m,chord_to_length_if_feet_ratio,flag_ratio_over_1_2
1,1,97.2,96.561,1.006621,0
2,1,97.2,96.561,1.006621,0
3,1,108.212,112.654,0.960567,0
4,1,108.212,112.654,0.960567,0
5,1,254.616,257.495,0.988818,0
6,1,254.616,257.495,0.988818,0
7,1,125.979,128.748,0.9785,0
8,1,125.979,128.748,0.9785,0
9,1,247.776,241.402,1.026407,0
10,1,247.776,241.402,1.026407,0
11,1,167.092,160.934,1.038264,0
12,1,167.092,160.934,1.038264,0
13,1,78.397,80.467,0.974276,0
14,1,78.397,80.467,0.974276,0
15,1,219.705,225.308,0.97513,0
16,1,219.705,225.308,0.97513,0
17,1,208.385,209.215,0.996033,0
18,1,208.385,209.215,0.996033,0
19,1,106.316,112.654,0.943739,0
20,1,106.316,112.654,0.943739,0
21,1,138.677,144.841,0.957443,0
22,1,138.677,144.841,0.957443,0
23,1,107.065,112.654,0.950386,0
24,1,107.065,112.654,0.950386,0
25,1,99.452,96.561,1.029945,0
26,1,99.452,96.561,1.029945,0
27,1,149.582,144.841,1.03273,0
28,1,149.582,144.841,1.03273,0
29,1,91.345,96.561,0.945989,0
30,1,91.345,96.561,0.945989,0
31,1,143.893,144.841,0.993452,0
32,1,143.893,144.841,0.993452,0
33,1,75.637,80.467,0.939976,0
34,1,75.637,80.467,0.939976,0
35,1,113.983,112.654,1.011795,0
36,1,113.983,112.654,1.011795,0
37,1,115.991,112.654,1.029622,0
38,1,115.991,112.654,1.029622,0
39,1,100.934,96.561,1.045291,0
40,1,100.934,96.561,1.045291,0
41,1,185.94,193.121,0.962816,0
42,1,185.94,193.121,0.962816,0
43,1,63.525,64.374,0.98681,0
44,1,63.525,64.374,0.98681,0
45,1,216.818,209.215,1.036342,0
46,1,216.818,209.215,1.036342,0
47,1,90.796,96.561,0.940295,0
48,1,90.796,96.561,0.940295,0
49,1,180.719,177.028,1.020848,0
50,1,180.719,177.028,1.020848,0
51,1,83.548,80.467,1.038283,0
52,1,83.548,80.467,1.038283,0
53,1,153.931,160.934,0.956483,0
54,1,153.931,160.934,0.956483,0
55,1,145.568,144.841,1.005018,0
56,1,145.568,144.841,1.005018,0
57,1,260.172,257.495,1.010395,0
58,1,260.172,257.495,1.010395,0
59,1,301.451,305.775,0.985859,0
60,1,301.451,305.775,0.985859,0
61,1,172.431,177.028,0.974036,0
62,1,172.431,177.028,0.974036,0
63,1,192.397,193.121,0.996248,0
64,1,192.397,193.121,0.996248,0
65,1,264.731,257.495,1.028102,0
66,1,264.731,257.495,1.028102,0
67,1,208.575,209.215,0.996943,0
68,1,208.575,209.215,0.996943,0
69,1,197.823,193.121,1.024344,0
70,1,197.823,193.121,1.024344,0
71,1,234.702,241.402,0.972245,0
72,1,234.702,241.402,0.972245,0
73,1,119.507,112.654,1.060828,0
74,1,119.507,112.654,1.060828,0
75,1,246.453,241.402,1.020923,0
76,1,246.453,241.402,1.020923,0
77,1,143.972,144.841,0.993998,0
78,1,143.972,144.841,0.993998,0
79,1,110.519,112.654,0.981048,0
80,1,110.519,112.654,0.981048,0
81,1,153.05,160.934,0.951011,0
82,1,153.05,160.934,0.951011,0
83,1,124.366,128.748,0.965968,0
84,1,124.366,128.748,0.965968,0
85,1,131.563,128.748,1.021865,0
86,1,131.563,128.748,1.021865,0
87,1,115.553,112.654,1.025734,0
88,1,115.553,112.654,1.025734,0
89,1,111.186,112.654,0.986966,0
90,1,111.186,112.654,0.986966,0
91,1,106.875,112.654,0.948698,0
92,1,106.875,112.654,0.948698,0
93,1,117.802,112.654,1.045693,0
94,1,117.802,112.654,1.045693,0
95,1,157.751,160.934,0.980218,0
96,1,157.751,160.934,0.980218,0
97,1,305.395,305.775,0.998755,0
98,1,305.395,305.775,0.998755,0
99,1,130.591,128.748,1.014316,0
100,1,130.591,128.748,1.014316,0
101,1,129.02,128.748,1.002113,0
102,1,129.02,128.748,1.002113,0
103,1,179.475,177.028,1.013826,0
104,1,179.475,177.028,1.013826,0
105,1,210.475,209.215,1.006024,0
106,1,210.475,209.215,1.006024,0
107,1,119.422,112.654,1.060076,0
108,1,119.422,112.654,1.060076,0
109,1,101.363,96.561,1.049738,0
110,1,101.363,96.561,1.049738,0
111,1,155.903,160.934,0.968738,0
112,1,155.903,160.934,0.968738,0
113,1,100.641,96.561,1.042256,0
114,1,100.641,96.561,1.042256,0
115,1,199.104,193.121,1.030978,0
116,1,199.104,193.121,1.030978,0
117,1,242.272,241.402,1.003607,0
118,1,242.272,241.402,1.003607,0
119,1,101.145,96.561,1.047477,0
120,1,101.145,96.561,1.047477,0
121,1,80.129,80.467,0.995801,0
122,1,80.129,80.467,0.995801,0
123,1,527.687,531.084,0.993605,0
124,1,527.687,531.084,0.993605,0
125,1,309.266,305.775,1.011417,0
126,1,309.266,305.775,1.011417,0
127,1,217.978,225.308,0.967465,0
128,1,217.978,225.308,0.967465,0
129,1,282.353,289.682,0.974699,0
130,1,282.353,289.682,0.974699,0
131,1,512.861,514.99,0.995866,0
132,1,512.861,514.99,0.995866,0
133,1,604.388,611.551,0.988287,0
134,1,604.388,611.551,0.988287,0
135,1,649.794,643.738,1.009408,0
136,1,649.794,643.738,1.009408,0
137,1,246.684,241.402,1.021883,0
138,1,246.684,241.402,1.021883,0
139,1,166.065,160.934,1.031877,0
140,1,166.065,160.934,1.031877,0
141,1,326.16,321.869,1.013333,0
142,1,326.16,321.869,1.013333,0
143,1,136.61,144.841,0.943171,0
144,1,136.61,144.841,0.943171,0
145,1,309.836,305.775,1.013279,0
146,1,309.836,305.775,1.013279,0
147,1,250.599,257.495,0.973221,0
148,1,250.599,257.495,0.973221,0
149,1,321.401,321.869,0.998546,0
150,1,321.401,321.869,0.998546,0
151,1,108.675,112.654,0.964679,0
152,1,108.675,112.654,0.964679,0
153,1,295.864,289.682,1.021341,0
154,1,295.864,289.682,1.021341,0
155,1,628.355,627.644,1.001132,0
156,1,628.355,627.644,1.001132,0
157,1,710.15,708.111,1.002879,0
158,1,710.15,708.111,1.002879,0
159,1,769.88,772.485,0.996627,0
160,1,769.88,772.485,0.996627,0
161,1,461.503,466.71,0.988844,0
162,1,461.503,466.71,0.988844,0
163,1,287.523,289.682,0.992548,0
164,1,287.523,289.682,0.992548,0
165,1,683.688,675.924,1.011486,0
166,1,683.688,675.924,1.011486,0
167,1,383.788,386.243,0.993646,0
168,1,383.788,386.243,0.993646,0
169,1,439.419,434.523,1.011268,0
170,1,439.419,434.523,1.011268,0
171,1,656.019,659.831,0.994223,0
172,1,656.019,659.831,0.994223,0
173,1,450.762,450.616,1.000323,0
174,1,450.762,450.616,1.000323,0
175,1,471.917,466.71,1.011157,0
176,1,471.917,466.71,1.011157,0
177,1,798.479,804.672,0.992304,0
178,1,798.479,804.672,0.992304,0
179,1,682.536,675.924,1.009782,0
180,1,682.536,675.924,1.009782,0
181,1,121.767,128.748,0.945784,0
182,1,121.767,128.748,0.945784,0
183,1,448.791,450.616,0.995948,0
184,1,448.791,450.616,0.995948,0
185,1,345.68,337.962,1.022837,0
186,1,345.68,337.962,1.022837,0
187,1,143.017,144.841,0.98741,0
188,1,143.017,144.841,0.98741,0
189,1,166.215,160.934,1.032815,0
190,1,166.215,160.934,1.032815,0
191,1,307.156,305.775,1.004514,0
192,1,307.156,305.775,1.004514,0
193,1,172.28,177.028,0.973183,0
194,1,172.28,177.028,0.973183,0
195,1,140.905,144.841,0.972825,0
196,1,140.905,144.841,0.972825,0
197,1,208.967,209.215,0.998818,0
198,1,208.967,209.215,0.998818,0
199,1,168.902,160.934,1.04951,0
200,1,168.902,160.934,1.04951,0
201,1,211.688,209.215,1.011822,0
202,1,211.688,209.215,1.011822,0
203,1,249.97,257.495,0.970777,0
204,1,249.97,257.495,0.970777,0
205,1,364.312,370.149,0.98423,0
206,1,364.312,370.149,0.98423,0
207,1,347.058,354.056,0.980235,0
208,1,347.058,354.056,0.980235,0
209,1,234.408,241.402,0.971029,0
210,1,234.408,241.402,0.971029,0
211,1,128.416,128.748,0.997427,0
212,1,128.416,128.748,0.997427,0
213,1,91.609,96.561,0.948719,0
214,1,91.609,96.561,0.948719,0
215,1,210.648,209.215,1.006852,0
216,1,210.648,209.215,1.006852,0
217,1,54.616,48.28,1.131226,0
218,1,54.616,48.28,1.131226,0
219,1,67.627,64.374,1.050533,0
220,1,67.627,64.374,1.050533,0
221,1,111.174,112.654,0.986865,0
222,1,111.174,112.654,0.986865,0
223,1,265.849,257.495,1.032445,0
224,1,265.849,257.495,1.032445,0
225,1,134.805,128.748,1.047046,0
226,1,134.805,128.748,1.047046,0
227,1,502.436,498.897,1.007094,0
228,1,502.436,498.897,1.007094,0
229,1,295.686,289.682,1.020728,0
230,1,295.686,289.682,1.020728,0
231,1,470.944,466.71,1.009072,0
232,1,470.944,466.71,1.009072,0
233,1,132.666,128.748,1.030438,0
234,1,132.666,128.748,1.030438,0
235,1,157.259,160.934,0.977161,0
236,1,157.259,160.934,0.977161,0
237,1,276.154,273.588,1.009378,0
238,1,276.154,273.588,1.009378,0
239,1,255.534,257.495,0.992384,0
240,1,255.534,257.495,0.992384,0
241,1,304.054,305.775,0.994371,0
242,1,304.054,305.775,0.994371,0
243,1,262.866,257.495,1.020859,0
244,1,262.866,257.495,1.020859,0
245,1,234.951,241.402,0.973278,0
246,1,234.951,241.402,0.973278,0
247,1,385.836,386.243,0.998948,0
248,1,385.836,386.243,0.998948,0
249,1,198.219,193.121,1.026396,0
250,1,198.219,193.121,1.026396,0
251,1,254.485,257.495,0.988312,0
252,1,254.485,257.495,0.988312,0
253,1,339.496,337.962,1.004537,0
254,1,339.496,337.962,1.004537,0
255,1,241.436,241.402,1.000144,0
256,1,241.436,241.402,1.000144,0
257,1,211.293,209.215,1.009934,0
258,1,211.293,209.215,1.009934,0
259,1,185.384,177.028,1.047202,0
260,1,185.384,177.028,1.047202,0
261,1,130.227,128.748,1.011491,0
262,1,130.227,128.748,1.011491,0
263,1,167.885,160.934,1.043191,0
264,1,167.885,160.934,1.043191,0
265,1,151.643,144.841,1.04696,0
266,1,151.643,144.841,1.04696,0
267,1,89.803,96.561,0.930018,0
268,1,89.803,96.561,0.930018,0
269,1,35.293,32.187,1.09651,0
270,1,35.293,32.187,1.09651,0
271,1,115.722,112.654,1.02723,0
272,1,115.722,112.654,1.02723,0
273,1,187.808,193.121,0.97249,0
274,1,187.808,193.121,0.97249,0
275,1,400.977,402.336,0.996622,0
276,1,400.977,402.336,0.996622,0
277,1,274.886,273.588,1.004744,0
278,1,274.886,273.588,1.004744,0
279,1,57.531,64.374,0.893699,0
280,1,57.531,64.374,0.893699,0
281,1,300.555,305.775,0.982927,0
282,1,300.555,305.775,0.982927,0
283,1,486.777,482.803,1.008231,0
284,1,486.777,482.803,1.008231,0
285,1,442.705,434.523,1.01883,0
286,1,442.705,434.523,1.01883,0
287,1,130.569,128.748,1.01415,0
288,1,130.569,128.748,1.01415,0
289,1,231.969,225.308,1.029562,0
290,1,231.969,225.308,1.029562,0
291,1,444.036,450.616,0.985396,0
292,1,444.036,450.616,0.985396,0
293,1,177.655,177.028,1.003541,0
294,1,177.655,177.028,1.003541,0
295,1,192.806,193.121,0.998366,0
296,1,192.806,193.121,0.998366,0
297,1,378.171,386.243,0.979103,0
298,1,378.171,386.243,0.979103,0
299,1,484.691,482.803,1.00391,0
300,1,484.691,482.803,1.00391,0
301,1,627.093,627.644,0.999121,0
302,1,627.093,627.644,0.999121,0
303,1,738.852,740.298,0.998047,0
304,1,738.852,740.298,0.998047,0
305,1,272.47,273.588,0.99591,0
306,1,272.47,273.588,0.99591,0
307,1,792.502,788.579,1.004975,0
308,1,792.502,788.579,1.004975,0
309,1,522.121,514.99,1.013846,0
310,1,522.121,514.99,1.013846,0
311,1,333.167,337.962,0.985812,0
312,1,333.167,337.962,0.985812,0
313,1,196.515,193.121,1.017574,0
314,1,196.515,193.121,1.017574,0
315,1,128.972,128.748,1.001746,0
316,1,128.972,128.748,1.001746,0
317,1,739.204,740.298,0.998522,0
318,1,739.204,740.298,0.998522,0
319,1,467.325,466.71,1.001319,0
320,1,467.325,466.71,1.001319,0
321,1,541.603,547.177,0.989813,0
322,1,541.603,547.177,0.989813,0
323,1,436.641,434.523,1.004874,0
324,1,436.641,434.523,1.004874,0
325,1,303.627,305.775,0.992974,0
326,1,303.627,305.775,0.992974,0
327,1,367.799,370.149,0.993652,0
328,1,367.799,370.149,0.993652,0
329,1,290.779,289.682,1.003787,0
330,1,290.779,289.682,1.003787,0
331,1,458.844,466.71,0.983147,0
332,1,458.844,466.71,0.983147,0
333,1,613.536,611.551,1.003247,0
334,1,613.536,611.551,1.003247,0
335,1,600.335,595.457,1.008191,0
336,1,600.335,595.457,1.008191,0
337,1,331.889,337.962,0.98203,0
338,1,331.889,337.962,0.98203,0
339,1,423.799,418.429,1.012832,0
340,1,423.799,418.429,1.012832,0
341,1,543.565,547.177,0.9934,0
342,1,543.565,547.177,0.9934,0
343,1,379.753,386.243,0.983197,0
344,1,379.753,386.243,0.983197,0
345,1,555.864,563.27,0.986852,0
346,1,555.864,563.27,0.986852,0
347,1,295.005,289.682,1.018374,0
348,1,295.005,289.682,1.018374,0
349,1,369.546,370.149,0.99837,0
350,1,369.546,370.149,0.99837,0
351,1,225.553,225.308,1.001088,0
352,1,225.553,225.308,1.001088,0
353,1,398.741,402.336,0.991065,0
354,1,398.741,402.336,0.991065,0
355,1,290.021,289.682,1.001169,0
356,1,290.021,289.682,1.001169,0
357,1,626.601,627.644,0.998339,0
358,1,626.601,627.644,0.998339,0
359,1,406.681,402.336,1.010799,0
360,1,406.681,402.336,1.010799,0
361,1,305.391,305.775,0.998745,0
362,1,305.391,305.775,0.998745,0
363,1,170.061,177.028,0.960648,0
364,1,170.061,177.028,0.960648,0
365,1,464.065,466.71,0.994332,0
366,1,464.065,466.71,0.994332,0
367,1,527.871,531.084,0.993951,0
368,1,527.871,531.084,0.993951,0
369,1,192.607,193.121,0.997336,0
370,1,192.607,193.121,0.997336,0
371,1,137.109,144.841,0.946615,0
372,1,137.109,144.841,0.946615,0
373,1,411.185,418.429,0.982686,0
374,1,411.185,418.429,0.982686,0
375,1,473.802,466.71,1.015195,0
376,1,473.802,466.71,1.015195,0
377,1,162.284,160.934,1.008385,0
378,1,162.284,160.934,1.008385,0
379,1,573.207,579.364,0.989374,0
380,1,573.207,579.364,0.989374,0
381,1,632.226,627.644,1.0073,0
382,1,632.226,627.644,1.0073,0
383,1,832.316,836.859,0.994572,0
384,1,832.316,836.859,0.994572,0
385,1,462.167,466.71,0.990266,0
386,1,462.167,466.71,0.990266,0
387,1,366.716,370.149,0.990724,0
388,1,366.716,370.149,0.990724,0
389,1,797.56,788.579,1.011389,0
390,1,797.56,788.579,1.011389,0
391,1,217.346,209.215,1.038865,0
392,1,217.346,209.215,1.038865,0
393,1,709.933,708.111,1.002573,0
394,1,709.933,708.111,1.002573,0
395,1,237.083,241.402,0.982111,0
396,1,237.083,241.402,0.982111,0
397,1,161.373,160.934,1.002725,0
398,1,161.373,160.934,1.002725,0
399,1,214.307,209.215,1.024339,0
400,1,214.307,209.215,1.024339,0
401,1,120.789,128.748,0.938183,0
402,1,120.789,128.748,0.938183,0
403,1,816.873,820.765,0.995257,0
404,1,816.873,820.765,0.995257,0
405,1,226.164,225.308,1.003798,0
406,1,226.164,225.308,1.003798,0
407,1,244.165,241.402,1.011448,0
408,1,244.165,241.402,1.011448,0
409,1,335.488,337.962,0.99268,0
410,1,335.488,337.962,0.99268,0
411,1,242.958,241.402,1.006446,0
412,1,242.958,241.402,1.006446,0
413,1,420.543,418.429,1.00505,0
414,1,420.543,418.429,1.00505,0
415,1,188.614,193.121,0.976663,0
416,1,188.614,193.121,0.976663,0
417,1,474.455,482.803,0.98271,0
418,1,474.455,482.803,0.98271,0
419,1,273.044,273.588,0.99801,0
420,1,273.044,273.588,0.99801,0
421,1,125.619,128.748,0.975699,0
422,1,125.619,128.748,0.975699,0
423,1,217.204,225.308,0.964031,0
424,1,217.204,225.308,0.964031,0
425,1,279.522,273.588,1.021689,0
426,1,279.522,273.588,1.021689,0
427,1,258.19,257.495,1.0027,0
428,1,258.19,257.495,1.0027,0
429,1,176.334,177.028,0.996081,0
430,1,176.334,177.028,0.996081,0
431,1,793.778,788.579,1.006594,0
432,1,793.778,788.579,1.006594,0
433,1,445.257,450.616,0.988106,0
434,1,445.257,450.616,0.988106,0
435,1,460.893,466.71,0.987537,0
436,1,460.893,466.71,0.987537,0
437,1,680.702,675.924,1.007068,0
438,1,680.702,675.924,1.007068,0
439,1,398.305,402.336,0.98998,0
440,1,398.305,402.336,0.98998,0
441,1,778.233,772.485,1.007441,0
442,1,778.233,772.485,1.007441,0
443,1,309.482,305.775,1.012121,0
444,1,309.482,305.775,1.012121,0
445,1,434.773,434.523,1.000575,0
446,1,434.773,434.523,1.000575,0
447,1,498.212,498.897,0.998627,0
448,1,498.212,498.897,0.998627,0
449,1,1078.047,1078.26,0.999802,0
450,1,1078.047,1078.26,0.999802,0
451,1,364.278,370.149,0.98414,0
452,1,364.278,370.149,0.98414,0
453,1,591.673,595.457,0.993645,0
454,1,591.673,595.457,0.993645,0
455,1,327.235,321.869,1.016672,0
456,1,327.235,321.869,1.016672,0
457,1,238.645,241.402,0.988581,0
458,1,238.645,241.402,0.988581,0
459,1,588.605,579.364,1.015951,0
460,1,588.605,579.364,1.015951,0
461,1,490.536,482.803,1.016017,0
462,1,490.536,482.803,1.016017,0
463,1,644.146,643.738,1.000634,0
464,1,644.146,643.738,1.000634,0
465,1,421.185,418.429,1.006585,0
466,1,421.185,418.429,1.006585,0
467,1,187.975,193.121,0.973351,0
468,1,187.975,193.121,0.973351,0
469,1,342.497,337.962,1.013419,0
470,1,342.497,337.962,1.013419,0
471,1,265.571,257.495,1.031364,0
472,1,265.571,257.495,1.031364,0
473,1,595.031,595.457,0.999284,0
474,1,595.031,595.457,0.999284,0
475,1,485.789,482.803,1.006185,0
476,1,485.789,482.803,1.006185,0
477,1,384.915,386.243,0.996563,0
478,1,384.915,386.243,0.996563,0
479,1,358.15,354.056,1.011564,0
480,1,358.15,354.056,1.011564,0
481,1,269.858,273.588,0.986364,0
482,1,269.858,273.588,0.986364,0
483,1,366.836,370.149,0.991048,0
484,1,366.836,370.149,0.991048,0
485,1,142.851,144.841,0.986263,0
486,1,142.851,144.841,0.986263,0
487,1,202.647,209.215,0.968606,0
488,1,202.647,209.215,0.968606,0
489,1,192.125,193.121,0.99484,0
490,1,192.125,193.121,0.99484,0
491,1,182.333,177.028,1.029971,0
492,1,182.333,177.028,1.029971,0
493,1,164.048,160.934,1.019348,0
494,1,164.048,160.934,1.019348,0
495,1,299.005,305.775,0.977857,0
496,1,299.005,305.775,0.977857,0
497,1,134.433,128.748,1.044159,0
498,1,134.433,128.748,1.044159,0
499,1,423.993,418.429,1.013297,0
500,1,423.993,418.429,1.013297,0
501,1,382.288,386.243,0.98976,0
502,1,382.288,386.243,0.98976,0
503,1,611.146,611.551,0.999338,0
504,1,611.146,611.551,0.999338,0
505,1,215.877,209.215,1.031844,0
506,1,215.877,209.215,1.031844,0
507,1,486.428,482.803,1.007508,0
508,1,486.428,482.803,1.007508,0
509,1,302.372,305.775,0.98887,0
510,1,302.372,305.775,0.98887,0
511,1,291.826,289.682,1.007401,0
512,1,291.826,289.682,1.007401,0
513,1,381.886,386.243,0.98872,0
514,1,381.886,386.243,0.98872,0
515,1,410.218,402.336,1.019591,0
516,1,410.218,402.336,1.019591,0
517,1,451.346,450.616,1.00162,0
518,1,451.346,450.616,1.00162,0
519,1,362.439,370.149,0.97917,0
520,1,362.439,370.149,0.97917,0
521,1,519.147,514.99,1.008073,0
522,1,519.147,514.99,1.008073,0
523,1,604.428,595.457,1.015065,0
524,1,604.428,595.457,1.015065,0
525,1,407.441,402.336,1.012688,0
526,1,407.441,402.336,1.012688,0
527,1,537.456,531.084,1.011998,0
528,1,537.456,531.084,1.011998,0
529,1,387.949,386.243,1.004419,0
530,1,387.949,386.243,1.004419,0
531,1,213.639,209.215,1.021146,0
532,1,213.639,209.215,1.021146,0
533,1,371.027,370.149,1.00237,0
534,1,371.027,370.149,1.00237,0
535,1,443.964,450.616,0.985238,0
536,1,443.964,450.616,0.985238,0
537,1,666.016,659.831,1.009374,0
538,1,666.016,659.831,1.009374,0
539,1,397.734,402.336,0.988563,0
540,1,397.734,402.336,0.988563,0
541,1,513.888,514.99,0.997859,0
542,1,513.888,514.99,0.997859,0
543,1,701.215,708.111,0.990261,0
544,1,701.215,708.111,0.990261,0
545,1,335.832,337.962,0.993697,0
546,1,335.832,337.962,0.993697,0
547,1,147.815,144.841,1.020535,0
548,1,147.815,144.841,1.020535,0
549,1,401.834,402.336,0.998751,0
550,1,401.834,402.336,0.998751,0
551,1,592.469,595.457,0.994982,0
552,1,592.469,595.457,0.994982,0
553,1,431.102,434.523,0.992127,0
554,1,431.102,434.523,0.992127,0
555,1,432.909,434.523,0.996285,0
556,1,432.909,434.523,0.996285,0
557,1,389.606,386.243,1.008708,0
558,1,389.606,386.243,1.008708,0
559,1,345.121,337.962,1.021182,0
560,1,345.121,337.962,1.021182,0
561,1,451.996,450.616,1.003061,0
562,1,451.996,450.616,1.003061,0
563,1,478.633,482.803,0.991362,0
564,1,478.633,482.803,0.991362,0
565,1,462.42,466.71,0.990809,0
566,1,462.42,466.71,0.990809,0
567,1,504.733,498.897,1.011699,0
568,1,504.733,498.897,1.011699,0
569,1,588.743,595.457,0.988725,0
570,1,588.743,595.457,0.988725,0
571,1,266.321,273.588,0.973438,0
572,1,266.321,273.588,0.973438,0
573,1,263.079,257.495,1.021685,0
574,1,263.079,257.495,1.021685,0
575,1,626.781,627.644,0.998625,0
576,1,626.781,627.644,0.998625,0
577,1,282.319,289.682,0.974583,0
578,1,282.319,289.682,0.974583,0
579,1,663.823,659.831,1.00605,0
580,1,663.823,659.831,1.00605,0
581,1,337.689,337.962,0.999191,0
582,1,337.689,337.962,0.999191,0
583,1,192.591,193.121,0.997256,0
584,1,192.591,193.121,0.997256,0
585,1,457.808,450.616,1.01596,0
586,1,457.808,450.616,1.01596,0
587,1,248.977,241.402,1.031381,0
588,1,248.977,241.402,1.031381,0
589,1,492.585,498.897,0.987349,0
590,1,492.585,498.897,0.987349,0
591,1,284.043,289.682,0.980536,0
592,1,284.043,289.682,0.980536,0
593,1,252.366,257.495,0.980083,0
594,1,252.366,257.495,0.980083,0
595,1,481.314,482.803,0.996916,0
596,1,481.314,482.803,0.996916,0
597,1,410.229,402.336,1.019619,0
598,1,410.229,402.336,1.019619,0
599,1,268.373,273.588,0.980936,0
600,1,268.373,273.588,0.980936,0
601,1,673.014,675.924,0.995694,0
602,1,673.014,675.924,0.995694,0
603,1,130.725,128.748,1.015361,0
604,1,130.725,128.748,1.015361,0
605,1,575.341,579.364,0.993056,0
606,1,575.341,579.364,0.993056,0
607,1,264.881,257.495,1.028683,0
608,1,264.881,257.495,1.028683,0
609,1,285.826,289.682,0.986691,0
610,1,285.826,289.682,0.986691,0
611,1,587.685,579.364,1.014362,0
612,1,587.685,579.364,1.014362,0
613,1,689.071,692.018,0.995741,0
614,1,689.071,692.018,0.995741,0
615,1,292.379,289.682,1.009311,0
616,1,292.379,289.682,1.009311,0
617,1,617.738,611.551,1.010118,0
618,1,617.738,611.551,1.010118,0
619,1,547.609,547.177,1.00079,0
620,1,547.609,547.177,1.00079,0
621,1,445.446,450.616,0.988527,0
622,1,445.446,450.616,0.988527,0
623,1,153.356,160.934,0.952912,0
624,1,153.356,160.934,0.952912,0
625,1,215.606,209.215,1.030551,0
626,1,215.606,209.215,1.030551,0
627,1,180.183,177.028,1.017821,0
628,1,180.183,177.028,1.017821,0
629,1,212.735,209.215,1.016826,0
630,1,212.735,209.215,1.016826,0
631,1,196.31,193.121,1.016512,0
632,1,196.31,193.121,1.016512,0
633,1,406.066,402.336,1.009272,0
634,1,406.066,402.336,1.009272,0
635,1,146.116,144.841,1.008805,0
636,1,146.116,144.841,1.008805,0
637,1,546.12,547.177,0.998068,0
638,1,546.12,547.177,0.998068,0
639,1,434.97,434.523,1.00103,0
640,1,434.97,434.523,1.00103,0
641,1,279.45,273.588,1.021426,0
642,1,279.45,273.588,1.021426,0
643,1,478.176,482.803,0.990415,0
644,1,478.176,482.803,0.990415,0
645,1,306.367,305.775,1.001934,0
646,1,306.367,305.775,1.001934,0
647,1,463.101,466.71,0.992267,0
648,1,463.101,466.71,0.992267,0
649,1,361.036,354.056,1.019714,0
650,1,361.036,354.056,1.019714,0
651,1,490.784,498.897,0.983739,0
652,1,490.784,498.897,0.983739,0
653,1,433.081,434.523,0.996682,0
654,1,433.081,434.523,0.996682,0
655,1,470.652,466.71,1.008446,0
656,1,470.652,466.71,1.008446,0
657,1,267.295,273.588,0.976996,0
658,1,267.295,273.588,0.976996,0
659,1,261.88,257.495,1.017028,0
660,1,261.88,257.495,1.017028,0
661,1,493.163,498.897,0.988508,0
662,1,493.163,498.897,0.988508,0
663,1,587.673,579.364,1.014342,0
664,1,587.673,579.364,1.014342,0
665,1,49.448,48.28,1.024195,0
666,1,49.448,48.28,1.024195,0
667,1,195.569,193.121,1.012673,0
668,1,195.569,193.121,1.012673,0
669,1,235.873,241.402,0.977098,0
670,1,235.873,241.402,0.977098,0
671,1,275.074,273.588,1.00543,0
672,1,275.074,273.588,1.00543,0
673,1,505.535,498.897,1.013306,0
674,1,505.535,498.897,1.013306,0
675,1,204.763,209.215,0.978721,0
676,1,204.763,209.215,0.978721,0
677,1,191.29,193.121,0.990515,0
678,1,191.29,193.121,0.990515,0
679,1,180.729,177.028,1.020909,0
680,1,180.729,177.028,1.020909,0
681,1,205.492,209.215,0.982205,0
682,1,205.492,209.215,0.982205,0
683,1,236.304,241.402,0.978885,0
684,1,236.304,241.402,0.978885,0
685,1,223.187,225.308,0.990585,0
686,1,223.187,225.308,0.990585,0
687,1,393.798,386.243,1.019562,0
688,1,393.798,386.243,1.019562,0
689,1,544.753,547.177,0.99557,0
690,1,544.753,547.177,0.99557,0
691,1,185.731,193.121,0.961734,0
692,1,185.731,193.121,0.961734,0
693,1,687.114,692.018,0.992913,0
694,1,687.114,692.018,0.992913,0
695,1,423.579,418.429,1.012306,0
696,1,423.579,418.429,1.012306,0
697,1,543.785,547.177,0.993801,0
698,1,543.785,547.177,0.993801,0
699,1,267.822,273.588,0.978924,0
700,1,267.822,273.588,0.978924,0
701,1,301.162,305.775,0.984913,0
702,1,301.162,305.775,0.984913,0
703,1,443.649,450.616,0.984538,0
704,1,443.649,450.616,0.984538,0
705,1,491.122,482.803,1.017229,0
706,1,491.122,482.803,1.017229,0
707,1,362.102,354.056,1.022727,0
708,1,362.102,354.056,1.022727,0
709,1,374.817,370.149,1.012611,0
710,1,374.817,370.149,1.012611,0
711,1,465.139,466.71,0.996635,0
712,1,465.139,466.71,0.996635,0
713,1,701.208,692.018,1.013279,0
714,1,701.208,692.018,1.013279,0
715,1,659.164,659.831,0.99899,0
716,1,659.164,659.831,0.99899,0
717,1,356.219,354.056,1.006111,0
718,1,356.219,354.056,1.006111,0
719,1,219.94,225.308,0.976173,0
720,1,219.94,225.308,0.976173,0
721,1,549.406,547.177,1.004074,0
722,1,549.406,547.177,1.004074,0
723,1,367.495,370.149,0.992828,0
724,1,367.495,370.149,0.992828,0
725,1,585.428,579.364,1.010467,0
726,1,585.428,579.364,1.010467,0
727,1,183.247,177.028,1.035133,0
728,1,183.247,177.028,1.035133,0
729,1,266.616,273.588,0.974514,0
730,1,266.616,273.588,0.974514,0
731,1,474.927,466.71,1.017606,0
732,1,474.927,466.71,1.017606,0
733,1,587.822,579.364,1.014598,0
734,1,587.822,579.364,1.014598,0
735,1,236.7,241.402,0.980523,0
736,1,236.7,241.402,0.980523,0
737,1,355.955,354.056,1.005364,0
738,1,355.955,354.056,1.005364,0
739,1,619.2,611.551,1.012508,0
740,1,619.2,611.551,1.012508,0
741,1,417.016,418.429,0.996622,0
742,1,417.016,418.429,0.996622,0
743,1,606.842,611.551,0.992301,0
744,1,606.842,611.551,0.992301,0
745,1,549.902,547.177,1.00498,0
746,1,549.902,547.177,1.00498,0
747,1,352.303,354.056,0.99505,0
748,1,352.303,354.056,0.99505,0
749,1,413.01,418.429,0.987047,0
750,1,413.01,418.429,0.987047,0
751,1,255.624,257.495,0.992733,0
752,1,255.624,257.495,0.992733,0
753,1,337.309,337.962,0.998067,0
754,1,337.309,337.962,0.998067,0
755,1,605.516,611.551,0.990132,0
756,1,605.516,611.551,0.990132,0
757,1,533.56,531.084,1.004663,0
758,1,533.56,531.084,1.004663,0
759,1,405.293,402.336,1.007349,0
760,1,405.293,402.336,1.007349,0
761,1,916.421,917.326,0.999014,0
762,1,916.421,917.326,0.999014,0
763,1,699.548,708.111,0.987907,0
764,1,699.548,708.111,0.987907,0
765,1,421.188,418.429,1.006592,0
766,1,421.188,418.429,1.006592,0
767,1,228.421,225.308,1.013818,0
768,1,228.421,225.308,1.013818,0
769,1,585.289,579.364,1.010227,0
770,1,585.289,579.364,1.010227,0
771,1,350.693,354.056,0.990503,0
772,1,350.693,354.056,0.990503,0
773,1,341.305,337.962,1.009892,0
774,1,341.305,337.962,1.009892,0
775,1,324.906,321.869,1.009436,0
776,1,324.906,321.869,1.009436,0
777,1,425.223,418.429,1.016237,0
778,1,425.223,418.429,1.016237,0
779,1,601.474,595.457,1.010104,0
780,1,601.474,595.457,1.010104,0
781,1,419.078,418.429,1.001549,0
782,1,419.078,418.429,1.001549,0
783,1,477.765,482.803,0.989565,0
784,1,477.765,482.803,0.989565,0
785,1,518.202,514.99,1.006236,0
786,1,518.202,514.99,1.006236,0
787,1,546.11,547.177,0.998049,0
788,1,546.11,547.177,0.998049,0
789,1,1032.136,1029.98,1.002093,0
790,1,1032.136,1029.98,1.002093,0
791,1,448.071,450.616,0.994351,0
792,1,448.071,450.616,0.994351,0
793,1,664.081,659.831,1.006441,0
794,1,664.081,659.831,1.006441,0
795,1,555.189,547.177,1.014643,0
796,1,555.189,547.177,1.014643,0
797,1,911.02,917.326,0.993126,0
798,1,911.02,917.326,0.993126,0
799,1,597.602,595.457,1.003601,0
800,1,597.602,595.457,1.003601,0
801,1,828.788,820.765,1.009775,0
802,1,828.788,820.765,1.009775,0
803,1,617.199,611.551,1.009237,0
804,1,617.199,611.551,1.009237,0
805,1,193.735,193.121,1.00318,0
806,1,193.735,193.121,1.00318,0
807,1,363.198,370.149,0.981221,0
808,1,363.198,370.149,0.981221,0
809,1,682.9,692.018,0.986823,0
810,1,682.9,692.018,0.986823,0
811,1,605.118,611.551,0.989482,0
812,1,605.118,611.551,0.989482,0
813,1,462.575,466.71,0.99114,0
814,1,462.575,466.71,0.99114,0
815,1,667.631,659.831,1.011822,0
816,1,667.631,659.831,1.011822,0
817,1,633.193,627.644,1.008841,0
818,1,633.193,627.644,1.008841,0
819,1,326.265,321.869,1.013658,0
820,1,326.265,321.869,1.013658,0
821,1,514.502,514.99,0.999052,0
822,1,514.502,514.99,0.999052,0
823,1,648.327,643.738,1.007129,0
824,1,648.327,643.738,1.007129,0
825,1,620.789,627.644,0.989078,0
826,1,620.789,627.644,0.989078,0
827,1,409.917,402.336,1.018843,0
828,1,409.917,402.336,1.018843,0
829,1,535.183,531.084,1.007718,0
830,1,535.183,531.084,1.007718,0
831,1,356.704,354.056,1.007479,0
832,1,356.704,354.056,1.007479,0
833,1,191.146,193.121,0.989774,0
834,1,191.146,193.121,0.989774,0
835,1,461.301,466.71,0.988411,0
836,1,461.301,466.71,0.988411,0
837,1,217.7,225.308,0.966234,0
838,1,217.7,225.308,0.966234,0
839,1,514.048,514.99,0.99817,0
840,1,514.048,514.99,0.99817,0
841,1,130.013,128.748,1.009831,0
842,1,130.013,128.748,1.009831,0
843,1,307.984,305.775,1.007223,0
844,1,307.984,305.775,1.007223,0
845,1,499.532,498.897,1.001274,0
846,1,499.532,498.897,1.001274,0
847,1,140.178,144.841,0.967808,0
848,1,140.178,144.841,0.967808,0
849,1,483.746,482.803,1.001953,0
850,1,483.746,482.803,1.001953,0
851,1,236.724,241.402,0.980622,0
852,1,236.724,241.402,0.980622,0
853,1,423.772,418.429,1.012768,0
854,1,423.772,418.429,1.012768,0
855,1,413.98,418.429,0.989365,0
856,1,413.98,418.429,0.989365,0
857,1,492.481,498.897,0.98714,0
858,1,492.481,498.897,0.98714,0
859,1,277.659,273.588,1.014879,0
860,1,277.659,273.588,1.014879,0
861,1,445.429,450.616,0.988489,0
862,1,445.429,450.616,0.988489,0
863,1,494.839,498.897,0.991866,0
864,1,494.839,498.897,0.991866,0
865,1,213.464,209.215,1.020309,0
866,1,213.464,209.215,1.020309,0
867,1,269.567,273.588,0.985302,0
868,1,269.567,273.588,0.985302,0
869,1,206.536,209.215,0.987195,0
870,1,206.536,209.215,0.987195,0
871,1,412.448,418.429,0.985706,0
872,1,412.448,418.429,0.985706,0
873,1,569.218,563.27,1.010559,0
874,1,569.218,563.27,1.010559,0
875,1,297.774,289.682,1.027936,0
876,1,297.774,289.682,1.027936,0
877,1,207.314,209.215,0.990917,0
878,1,207.314,209.215,0.990917,0
879,1,141.548,144.841,0.977264,0
880,1,141.548,144.841,0.977264,0
881,1,612.187,611.551,1.001041,0
882,1,612.187,611.551,1.001041,0
883,1,959.393,965.606,0.993565,0
884,1,959.393,965.606,0.993565,0
885,1,647.622,643.738,1.006034,0
886,1,647.622,643.738,1.006034,0
887,1,154.984,160.934,0.963023,0
888,1,154.984,160.934,0.963023,0
889,1,228.368,225.308,1.013579,0
890,1,228.368,225.308,1.013579,0
891,1,369.487,370.149,0.998212,0
892,1,369.487,370.149,0.998212,0
893,1,1021.678,1013.887,1.007685,0
894,1,1021.678,1013.887,1.007685,0
895,1,482.275,482.803,0.998905,0
896,1,482.275,482.803,0.998905,0
897,1,279.311,273.588,1.020918,0
898,1,279.311,273.588,1.020918,0
899,1,395.568,402.336,0.983178,0
900,1,395.568,402.336,0.983178,0
901,1,522.832,531.084,0.984464,0
902,1,522.832,531.084,0.984464,0
903,1,688.742,692.018,0.995266,0
904,1,688.742,692.018,0.995266,0
905,1,514.231,514.99,0.998527,0
906,1,514.231,514.99,0.998527,0
907,1,255.569,257.495,0.99252,0
908,1,255.569,257.495,0.99252,0
909,1,278.609,273.588,1.018351,0
910,1,278.609,273.588,1.018351,0
911,1,526.286,531.084,0.990966,0
912,1,526.286,531.084,0.990966,0
913,1,538.926,531.084,1.014768,0
914,1,538.926,531.084,1.014768,0
915,1,620.904,627.644,0.989262,0
916,1,620.904,627.644,0.989262,0
917,1,837.881,836.859,1.001221,0
918,1,837.881,836.859,1.001221,0
919,1,499.222,498.897,1.000652,0
920,1,499.222,498.897,1.000652,0
921,1,387.571,386.243,1.003438,0
922,1,387.571,386.243,1.003438,0
923,1,473.175,466.71,1.013853,0
924,1,473.175,466.71,1.013853,0
925,1,329.715,337.962,0.975597,0
926,1,329.715,337.962,0.975597,0
927,1,584.679,579.364,1.009174,0
928,1,584.679,579.364,1.009174,0
929,1,262.756,257.495,1.020433,0
930,1,262.756,257.495,1.020433,0
931,1,747.568,740.298,1.00982,0
932,1,747.568,740.298,1.00982,0
933,1,789.054,788.579,1.000603,0
934,1,789.054,788.579,1.000603,0
935,1,404.508,402.336,1.005398,0
936,1,404.508,402.336,1.005398,0
937,1,448.591,450.616,0.995505,0
938,1,448.591,450.616,0.995505,0
939,1,534.594,531.084,1.006609,0
940,1,534.594,531.084,1.006609,0
941,1,738.527,740.298,0.997608,0
942,1,738.527,740.298,0.997608,0
943,1,442.604,434.523,1.018597,0
944,1,442.604,434.523,1.018597,0
945,1,749.871,756.392,0.991379,0
946,1,749.871,756.392,0.991379,0
947,1,500.088,498.897,1.002387,0
948,1,500.088,498.897,1.002387,0
949,1,677.581,675.924,1.002451,0
950,1,677.581,675.924,1.002451,0
951,1,344.17,337.962,1.018369,0
952,1,344.17,337.962,1.018369,0
953,1,316.845,321.869,0.984392,0
954,1,316.845,321.869,0.984392,0
955,1,1319.793,1319.662,1.0001,0
956,1,1319.793,1319.662,1.0001,0
957,1,543.584,547.177,0.993433,0
958,1,543.584,547.177,0.993433,0
959,1,594.113,595.457,0.997742,0
960,1,594.113,595.457,0.997742,0
961,1,380.862,386.243,0.986068,0
962,1,380.862,386.243,0.986068,0
963,1,740.26,740.298,0.999948,0
964,1,740.26,740.298,0.999948,0
965,1,873.909,869.046,1.005596,0
966,1,873.909,869.046,1.005596,0
967,1,406.175,402.336,1.009542,0
968,1,406.175,402.336,1.009542,0
969,1,951.369,949.513,1.001955,0
970,1,951.369,949.513,1.001955,0
971,1,646.271,643.738,1.003936,0
972,1,646.271,643.738,1.003936,0
973,1,702.951,708.111,0.992712,0
974,1,702.951,708.111,0.992712,0
975,1,581.679,579.364,1.003996,0
976,1,581.679,579.364,1.003996,0
977,1,319.312,321.869,0.992056,0
978,1,319.312,321.869,0.992056,0
979,1,508.667,514.99,0.987722,0
980,1,508.667,514.99,0.987722,0
981,1,521.196,514.99,1.01205,0
982,1,521.196,514.99,1.01205,0
983,1,371.944,370.149,1.004848,0
984,1,371.944,370.149,1.004848,0
985,1,306.87,305.775,1.003579,0
986,1,306.87,305.775,1.003579,0
987,1,548.429,547.177,1.002287,0
988,1,548.429,547.177,1.002287,0
989,1,110.423,112.654,0.980192,0
990,1,110.423,112.654,0.980192,0
991,1,105.768,112.654,0.938871,0
992,1,105.768,112.654,0.938871,0
993,1,505.174,498.897,1.012582,0
994,1,505.174,498.897,1.012582,0
995,1,476.062,482.803,0.986038,0
996,1,476.062,482.803,0.986038,0
997,1,1046.403,1046.074,1.000315,0
998,1,1046.403,1046.074,1.000315,0
999,1,463.905,466.71,0.993991,0
1000,1,463.905,466.71,0.993991,0
1001,1,528.39,531.084,0.994928,0
1002,1,528.39,531.084,0.994928,0
1003,1,1115.305,1110.447,1.004375,0
1004,1,1115.305,1110.447,1.004375,0
1005,1,748.564,756.392,0.989651,0
1006,1,748.564,756.392,0.989651,0
1007,1,705.154,708.111,0.995824,0
1008,1,705.154,708.111,0.995824,0
1009,1,438.0,434.523,1.008003,0
1010,1,438.0,434.523,1.008003,0
1011,1,720.409,724.205,0.994758,0
1012,1,720.409,724.205,0.994758,0
1013,1,643.907,643.738,1.000263,0
1014,1,643.907,643.738,1.000263,0
1015,1,456.352,450.616,1.012729,0
1016,1,456.352,450.616,1.012729,0
1017,1,332.344,337.962,0.983376,0
1018,1,332.344,337.962,0.983376,0
1019,1,302.627,305.775,0.989703,0
1020,1,302.627,305.775,0.989703,0
1021,1,831.061,836.859,0.993072,0
1022,1,831.061,836.859,0.993072,0
1023,1,398.863,402.336,0.991368,0
1024,1,398.863,402.336,0.991368,0
1025,1,358.243,354.056,1.011828,0
1026,1,358.243,354.056,1.011828,0
1027,1,526.969,531.084,0.992253,0
1028,1,526.969,531.084,0.992253,0
1029,1,316.593,321.869,0.98361,0
1030,1,316.593,321.869,0.98361,0
1031,1,766.331,772.485,0.992033,0
1032,1,766.331,772.485,0.992033,0
1033,1,576.727,579.364,0.995449,0
1034,1,576.727,579.364,0.995449,0
1035,1,982.202,981.7,1.000512,0
1036,1,982.202,981.7,1.000512,0
1037,1,618.05,611.551,1.010628,0
1038,1,618.05,611.551,1.010628,0
1039,1,765.003,756.392,1.011385,0
1040,1,765.003,756.392,1.011385,0
1041,1,604.115,611.551,0.987842,0
1042,1,604.115,611.551,0.987842,0
1043,1,243.388,241.402,1.008229,0
1044,1,243.388,241.402,1.008229,0
1045,1,708.661,708.111,1.000776,0
1046,1,708.661,708.111,1.000776,0
1047,1,695.494,692.018,1.005023,0
1048,1,695.494,692.018,1.005023,0
1049,1,1587.047,1593.251,0.996106,0
1050,1,1587.047,1593.251,0.996106,0
1051,1,1383.338,1384.036,0.999495,0
1052,1,1383.338,1384.036,0.999495,0
1053,1,534.158,531.084,1.005789,0
1054,1,534.158,531.084,1.005789,0
1055,1,701.886,708.111,0.991208,0
1056,1,701.886,708.111,0.991208,0
1057,1,683.297,675.924,1.010908,0
1058,1,683.297,675.924,1.010908,0
1059,1,538.993,547.177,0.985044,0
1060,1,538.993,547.177,0.985044,0
1061,1,984.958,981.7,1.003319,0
1062,1,984.958,981.7,1.003319,0
1063,1,829.873,836.859,0.991653,0
1064,1,829.873,836.859,0.991653,0
1065,1,849.371,852.952,0.995801,0
1066,1,849.371,852.952,0.995801,0
1067,1,937.288,933.42,1.004144,0
1068,1,937.288,933.42,1.004144,0
1069,1,669.017,659.831,1.013922,0
1070,1,669.017,659.831,1.013922,0
1071,1,656.414,659.831,0.994821,0
1072,1,656.414,659.831,0.994821,0
1073,1,834.708,836.859,0.997429,0
1074,1,834.708,836.859,0.997429,0
1075,1,924.758,917.326,1.008101,0
1076,1,924.758,917.326,1.008101,0
1077,1,291.167,289.682,1.005127,0
1078,1,291.167,289.682,1.005127,0
1079,1,339.484,337.962,1.004502,0
1080,1,339.484,337.962,1.004502,0
1081,1,155.25,160.934,0.96468,0
1082,1,155.25,160.934,0.96468,0
1083,1,730.527,724.205,1.00873,0
1084,1,730.527,724.205,1.00873,0
1085,1,997.65,997.793,0.999856,0
1086,1,997.65,997.793,0.999856,0
1087,1,122.031,128.748,0.94783,0
1088,1,122.031,128.748,0.94783,0
1089,1,173.041,177.028,0.977478,0
1090,1,173.041,177.028,0.977478,0
1091,1,622.644,627.644,0.992034,0
1092,1,622.644,627.644,0.992034,0
1093,1,1067.569,1062.167,1.005086,0
1094,1,1067.569,1062.167,1.005086,0
1095,1,422.333,418.429,1.009329,0
1096,1,422.333,418.429,1.009329,0
1097,1,610.177,611.551,0.997754,0
1098,1,610.177,611.551,0.997754,0
1099,1,578.019,579.364,0.997678,0
1100,1,578.019,579.364,0.997678,0
1101,1,572.181,563.27,1.01582,0
1102,1,572.181,563.27,1.01582,0
1103,1,347.172,354.056,0.980559,0
1104,1,347.172,354.056,0.980559,0
1105,1,976.92,981.7,0.995131,0
1106,1,976.92,981.7,0.995131,0
1107,1,405.98,402.336,1.009057,0
1108,1,405.98,402.336,1.009057,0
1109,1,669.001,675.924,0.989757,0
1110,1,669.001,675.924,0.989757,0
1111,1,101.605,96.561,1.052237,0
1112,1,101.605,96.561,1.052237,0
1113,1,622.84,627.644,0.992346,0
1114,1,622.84,627.644,0.992346,0
1115,1,1144.243,1142.634,1.001408,0
1116,1,1144.243,1142.634,1.001408,0
1117,1,505.91,498.897,1.014059,0
1118,1,505.91,498.897,1.014059,0
1119,1,221.593,225.308,0.983509,0
1120,1,221.593,225.308,0.983509,0
1121,1,457.792,450.616,1.015924,0
1122,1,457.792,450.616,1.015924,0
1123,1,522.31,531.084,0.983479,0
1124,1,522.31,531.084,0.983479,0
1125,1,642.894,643.738,0.99869,0
1126,1,642.894,643.738,0.99869,0
1127,1,443.823,450.616,0.984925,0
1128,1,443.823,450.616,0.984925,0
1129,1,361.566,354.056,1.021213,0
1130,1,361.566,354.056,1.021213,0
1131,1,379.073,370.149,1.024109,0
1132,1,379.073,370.149,1.024109,0
1133,1,930.509,933.42,0.996882,0
1134,1,930.509,933.42,0.996882,0
1135,1,324.317,321.869,1.007607,0
1136,1,324.317,321.869,1.007607,0
1137,1,235.02,241.402,0.973566,0
1138,1,235.02,241.402,0.973566,0
1139,1,407.669,402.336,1.013255,0
1140,1,407.669,402.336,1.013255,0
1141,1,568.343,563.27,1.009006,0
1142,1,568.343,563.27,1.009006,0
1143,1,823.617,820.765,1.003475,0
1144,1,823.617,820.765,1.003475,0
1145,1,622.68,627.644,0.992091,0
1146,1,622.68,627.644,0.992091,0
1147,1,687.517,692.018,0.993496,0
1148,1,687.517,692.018,0.993496,0
1149,1,810.124,804.672,1.006775,0
1150,1,810.124,804.672,1.006775,0
1151,1,1031.03,1029.98,1.001019,0
1152,1,1031.03,1029.98,1.001019,0
1153,1,683.456,675.924,1.011143,0
1154,1,683.456,675.924,1.011143,0
1155,1,1114.196,1110.447,1.003375,0
1156,1,1114.196,1110.447,1.003375,0
1157,1,620.329,611.551,1.014355,0
1158,1,620.329,611.551,1.014355,0
1159,1,504.652,498.897,1.011537,0
1160,1,504.652,498.897,1.011537,0
1161,1,408.786,402.336,1.016031,0
1162,1,408.786,402.336,1.016031,0
1163,1,807.886,804.672,1.003995,0
1164,1,807.886,804.672,1.003995,0
1165,1,555.84,547.177,1.015831,0
1166,1,555.84,547.177,1.015831,0
1167,1,598.516,595.457,1.005137,0
1168,1,598.516,595.457,1.005137,0
1169,1,691.464,692.018,0.9992,0
1170,1,691.464,692.018,0.9992,0
1171,1,666.556,659.831,1.010193,0
1172,1,666.556,659.831,1.010193,0
1173,1,755.416,756.392,0.99871,0
1174,1,755.416,756.392,0.99871,0
1175,1,271.317,273.588,0.991697,0
1176,1,271.317,273.588,0.991697,0
1177,1,480.267,482.803,0.994746,0
1178,1,480.267,482.803,0.994746,0
1179,1,743.44,740.298,1.004244,0
1180,1,743.44,740.298,1.004244,0
1181,1,197.321,193.121,1.021747,0
1182,1,197.321,193.121,1.021747,0
1183,1,505.868,498.897,1.013974,0
1184,1,505.868,498.897,1.013974,0
1185,1,685.575,692.018,0.990689,0
1186,1,685.575,692.018,0.990689,0
1187,1,1059.76,1062.167,0.997734,0
1188,1,1059.76,1062.167,0.997734,0
1189,1,1027.789,1029.98,0.997872,0
1190,1,1027.789,1029.98,0.997872,0
1191,1,425.029,418.429,1.015773,0
1192,1,425.029,418.429,1.015773,0
1193,1,525.391,531.084,0.98928,0
1194,1,525.391,531.084,0.98928,0
1195,1,400.567,402.336,0.995602,0
1196,1,400.567,402.336,0.995602,0
1197,1,393.103,386.243,1.017762,0
1198,1,393.103,386.243,1.017762,0
1199,1,566.97,563.27,1.006568,0
1200,1,566.97,563.27,1.006568,0
1201,1,405.662,402.336,1.008268,0
1202,1,405.662,402.336,1.008268,0
1203,1,418.441,418.429,1.000027,0
1204,1,418.441,418.429,1.000027,0
1205,1,555.373,563.27,0.985979,0
1206,1,555.373,563.27,0.985979,0
1207,1,438.61,434.523,1.009407,0
1208,1,438.61,434.523,1.009407,0
1209,1,486.568,482.803,1.007799,0
1210,1,486.568,482.803,1.007799,0
1211,1,470.397,466.71,1.007901,0
1212,1,470.397,466.71,1.007901,0
1213,1,331.438,337.962,0.980694,0
1214,1,331.438,337.962,0.980694,0
1215,1,540.353,531.084,1.017453,0
1216,1,540.353,531.084,1.017453,0
1217,1,699.421,692.018,1.010698,0
1218,1,699.421,692.018,1.010698,0
1219,1,665.578,659.831,1.00871,0
1220,1,665.578,659.831,1.00871,0
1221,1,466.674,466.71,0.999923,0
1222,1,466.674,466.71,0.999923,0
1223,1,707.825,708.111,0.999595,0
1224,1,707.825,708.111,0.999595,0
1225,1,711.182,708.111,1.004337,0
1226,1,711.182,708.111,1.004337,0
1227,1,468.957,466.71,1.004815,0
1228,1,468.957,466.71,1.004815,0
1229,1,525.379,531.084,0.989259,0
1230,1,525.379,531.084,0.989259,0
1231,1,935.41,933.42,1.002133,0
1232,1,935.41,933.42,1.002133,0
1233,1,1162.458,1158.728,1.003219,0
1234,1,1162.458,1158.728,1.003219,0
1235,1,1030.346,1029.98,1.000355,0
1236,1,1030.346,1029.98,1.000355,0
1237,1,448.631,450.616,0.995594,0
1238,1,448.631,450.616,0.995594,0
1239,1,751.197,756.392,0.993132,0
1240,1,751.197,756.392,0.993132,0
1241,1,481.626,482.803,0.997562,0
1242,1,481.626,482.803,0.997562,0
1243,1,886.543,885.139,1.001586,0
1244,1,886.543,885.139,1.001586,0
1245,1,729.074,724.205,1.006723,0
1246,1,729.074,724.205,1.006723,0
1247,1,470.95,466.71,1.009086,0
1248,1,470.95,466.71,1.009086,0
1249,1,805.691,804.672,1.001266,0
1250,1,805.691,804.672,1.001266,0
1251,1,614.385,611.551,1.004635,0
1252,1,614.385,611.551,1.004635,0
1253,1,941.026,949.513,0.991061,0
1254,1,941.026,949.513,0.991061,0
1255,1,820.565,820.765,0.999756,0
1256,1,820.565,820.765,0.999756,0
1257,1,519.917,514.99,1.009567,0
1258,1,519.917,514.99,1.009567,0
1259,1,352.261,354.056,0.994931,0
1260,1,352.261,354.056,0.994931,0
1261,1,524.07,514.99,1.017631,0
1262,1,524.07,514.99,1.017631,0
1263,1,1534.092,1528.877,1.003411,0
1264,1,1534.092,1528.877,1.003411,0
1265,1,1176.493,1174.821,1.001423,0
1266,1,1176.493,1174.821,1.001423,0
1267,1,487.037,482.803,1.00877,0
1268,1,487.037,482.803,1.00877,0
1269,1,1436.431,1432.316,1.002873,0
1270,1,1436.431,1432.316,1.002873,0
1271,1,477.792,482.803,0.989621,0
1272,1,477.792,482.803,0.989621,0
1273,1,564.404,563.27,1.002013,0
1274,1,564.404,563.27,1.002013,0
1275,1,642.763,643.738,0.998486,0
1276,1,642.763,643.738,0.998486,0
1277,1,1044.476,1046.074,0.998473,0
1278,1,1044.476,1046.074,0.998473,0
1279,1,646.486,643.738,1.004269,0
1280,1,646.486,643.738,1.004269,0
1281,1,462.441,466.71,0.990852,0
1282,1,462.441,466.71,0.990852,0
1283,1,896.96,901.233,0.995259,0
1284,1,896.96,901.233,0.995259,0
1285,1,864.366,869.046,0.994615,0
1286,1,864.366,869.046,0.994615,0
1287,1,1091.21,1094.354,0.997127,0
1288,1,1091.21,1094.354,0.997127,0
1289,1,1174.65,1174.821,0.999854,0
1290,1,1174.65,1174.821,0.999854,0
1291,1,470.915,466.71,1.009011,0
1292,1,470.915,466.71,1.009011,0
1293,1,573.667,579.364,0.990167,0
1294,1,573.667,579.364,0.990167,0
1295,1,613.471,611.551,1.00314,0
1296,1,613.471,611.551,1.00314,0
1297,1,696.843,692.018,1.006973,0
1298,1,696.843,692.018,1.006973,0
1299,1,145.972,144.841,1.007812,0
1300,1,145.972,144.841,1.007812,0
1301,1,577.508,579.364,0.996796,0
1302,1,577.508,579.364,0.996796,0
1303,1,375.641,370.149,1.014837,0
1304,1,375.641,370.149,1.014837,0
1305,1,296.604,289.682,1.023895,0
1306,1,296.604,289.682,1.023895,0
1307,1,179.706,177.028,1.01513,0
1308,1,179.706,177.028,1.01513,0
1309,1,207.927,209.215,0.993846,0
1310,1,207.927,209.215,0.993846,0
1311,1,238.885,241.402,0.989573,0
1312,1,238.885,241.402,0.989573,0
1313,1,169.538,177.028,0.957693,0
1314,1,169.538,177.028,0.957693,0
1315,1,220.225,225.308,0.977438,0
1316,1,220.225,225.308,0.977438,0
1317,1,336.54,337.962,0.995793,0
1318,1,336.54,337.962,0.995793,0
1319,1,414.377,418.429,0.990316,0
1320,1,414.377,418.429,0.990316,0
1321,1,134.923,128.748,1.047969,0
1322,1,134.923,128.748,1.047969,0
1323,1,241.663,241.402,1.001082,0
1324,1,241.663,241.402,1.001082,0
1325,1,116.49,112.654,1.034049,0
1326,1,116.49,112.654,1.034049,0
1327,1,208.702,209.215,0.997548,0
1328,1,208.702,209.215,0.997548,0
1329,1,219.06,225.308,0.97227,0
1330,1,219.06,225.308,0.97227,0
1331,1,281.423,289.682,0.971489,0
1332,1,281.423,289.682,0.971489,0
1333,1,85.961,80.467,1.068268,0
1334,1,85.961,80.467,1.068268,0
1335,1,147.88,144.841,1.020981,0
1336,1,147.88,144.841,1.020981,0
1337,1,160.608,160.934,0.997972,0
1338,1,160.608,160.934,0.997972,0
1339,1,482.809,482.803,1.000012,0
1340,1,482.809,482.803,1.000012,0
1341,1,154.125,160.934,0.957688,0
1342,1,154.125,160.934,0.957688,0
1343,1,104.755,112.654,0.929882,0
1344,1,104.755,112.654,0.929882,0
1345,1,281.089,273.588,1.027416,0
1346,1,281.089,273.588,1.027416,0
1347,1,345.18,337.962,1.021357,0
1348,1,345.18,337.962,1.021357,0
1349,1,252.678,257.495,0.981292,0
1350,1,252.678,257.495,0.981292,0
1351,1,586.194,579.364,1.011789,0
1352,1,586.194,579.364,1.011789,0
1353,1,724.176,724.205,0.99996,0
1354,1,724.176,724.205,0.99996,0
1355,1,740.598,740.298,1.000405,0
1356,1,740.598,740.298,1.000405,0
1357,1,284.054,289.682,0.980573,0
1358,1,284.054,289.682,0.980573,0
1359,1,534.143,531.084,1.00576,0
1360,1,534.143,531.084,1.00576,0
1361,1,469.291,466.71,1.00553,0
1362,1,469.291,466.71,1.00553,0
1363,1,1047.696,1046.074,1.001551,0
1364,1,1047.696,1046.074,1.001551,0
1365,1,365.619,370.149,0.987761,0
1366,1,365.619,370.149,0.987761,0
1367,1,290.523,289.682,1.002902,0
1368,1,290.523,289.682,1.002902,0
1369,1,306.525,305.775,1.002453,0
1370,1,306.525,305.775,1.002453,0
1371,1,475.725,466.71,1.019317,0
1372,1,475.725,466.71,1.019317,0
1373,1,980.953,981.7,0.999239,0
1374,1,980.953,981.7,0.999239,0
1375,1,413.535,418.429,0.988303,0
1376,1,413.535,418.429,0.988303,0
1377,1,223.139,225.308,0.990372,0
1378,1,223.139,225.308,0.990372,0
1379,1,726.292,724.205,1.002882,0
1380,1,726.292,724.205,1.002882,0
1381,1,819.435,820.765,0.998379,0
1382,1,819.435,820.765,0.998379,0
1383,1,619.3,611.551,1.012671,0
1384,1,619.3,611.551,1.012671,0
1385,1,326.927,321.869,1.015714,0
1386,1,326.927,321.869,1.015714,0
1387,1,251.219,257.495,0.975625,0
1388,1,251.219,257.495,0.975625,0
1389,1,745.848,740.298,1.007496,0
1390,1,745.848,740.298,1.007496,0
1391,1,415.736,418.429,0.993564,0
1392,1,415.736,418.429,0.993564,0
1393,1,373.446,370.149,1.008907,0
1394,1,373.446,370.149,1.008907,0
1395,1,813.37,804.672,1.010809,0
1396,1,813.37,804.672,1.010809,0
1397,1,315.973,321.869,0.981682,0
1398,1,315.973,321.869,0.981682,0
1399,1,609.045,611.551,0.995903,0
1400,1,609.045,611.551,0.995903,0
1401,1,233.185,225.308,1.034962,0
1402,1,233.185,225.308,1.034962,0
1403,1,388.896,386.243,1.00687,0
1404,1,388.896,386.243,1.00687,0
1405,1,606.987,611.551,0.992538,0
1406,1,606.987,611.551,0.992538,0
1407,1,557.137,563.27,0.989111,0
1408,1,557.137,563.27,0.989111,0
1409,1,534.03,531.084,1.005548,0
1410,1,534.03,531.084,1.005548,0
1411,1,669.884,675.924,0.991063,0
1412,1,669.884,675.924,0.991063,0
1413,1,560.456,563.27,0.995003,0
1414,1,560.456,563.27,0.995003,0
1415,1,382.951,386.243,0.991478,0
1416,1,382.951,386.243,0.991478,0
1417,1,279.887,273.588,1.023023,0
1418,1,279.887,273.588,1.023023,0
1419,1,685.131,692.018,0.990047,0
1420,1,685.131,692.018,0.990047,0
1421,1,328.616,321.869,1.020963,0
1422,1,328.616,321.869,1.020963,0
1423,1,274.957,273.588,1.005003,0
1424,1,274.957,273.588,1.005003,0
1425,1,530.027,531.084,0.998011,0
1426,1,530.027,531.084,0.998011,0
1427,1,739.372,740.298,0.998749,0
1428,1,739.372,740.298,0.998749,0
1429,1,268.756,273.588,0.982338,0
1430,1,268.756,273.588,0.982338,0
1431,1,629.684,627.644,1.00325,0
1432,1,629.684,627.644,1.00325,0
1433,1,409.133,402.336,1.016894,0
1434,1,409.133,402.336,1.016894,0
1435,1,550.818,547.177,1.006655,0
1436,1,550.818,547.177,1.006655,0
1437,1,571.661,579.364,0.986705,0
1438,1,571.661,579.364,0.986705,0
1439,1,451.023,450.616,1.000903,0
1440,1,451.023,450.616,1.000903,0
1441,1,1005.464,1013.887,0.991693,0
1442,1,1005.464,1013.887,0.991693,0
1443,1,457.521,450.616,1.015323,0
1444,1,457.521,450.616,1.015323,0
1445,1,701.707,692.018,1.014001,0
1446,1,701.707,692.018,1.014001,0
1447,1,410.984,418.429,0.982206,0
1448,1,410.984,418.429,0.982206,0
1449,1,469.184,466.71,1.0053,0
1450,1,469.184,466.71,1.0053,0
1451,1,366.111,370.149,0.98909,0
1452,1,366.111,370.149,0.98909,0
1453,1,721.095,724.205,0.995705,0
1454,1,721.095,724.205,0.995705,0
1455,1,666.216,659.831,1.009677,0
1456,1,666.216,659.831,1.009677,0
1457,1,677.31,675.924,1.00205,0
1458,1,677.31,675.924,1.00205,0
1459,1,409.924,402.336,1.018859,0
1460,1,409.924,402.336,1.018859,0
1461,1,474.91,482.803,0.983652,0
1462,1,474.91,482.803,0.983652,0
1463,1,861.764,869.046,0.991621,0
1464,1,861.764,869.046,0.991621,0
1465,1,467.587,466.71,1.001881,0
1466,1,467.587,466.71,1.001881,0
1467,1,407.012,402.336,1.011623,0
1468,1,407.012,402.336,1.011623,0
1469,1,400.001,402.336,0.994196,0
1470,1,400.001,402.336,0.994196,0
1471,1,537.847,531.084,1.012736,0
1472,1,537.847,531.084,1.012736,0
1473,1,350.461,354.056,0.989848,0
1474,1,350.461,354.056,0.989848,0
1475,1,306.105,305.775,1.001079,0
1476,1,306.105,305.775,1.001079,0
1477,1,343.468,337.962,1.01629,0
1478,1,343.468,337.962,1.01629,0
1479,1,933.289,933.42,0.99986,0
1480,1,933.289,933.42,0.99986,0
1481,1,824.355,820.765,1.004374,0
1482,1,824.355,820.765,1.004374,0
1483,1,268.586,273.588,0.981714,0
1484,1,268.586,273.588,0.981714,0
1485,1,915.574,917.326,0.99809,0
1486,1,915.574,917.326,0.99809,0
1487,1,814.931,820.765,0.992892,0
1488,1,814.931,820.765,0.992892,0
1489,1,841.186,836.859,1.00517,0
1490,1,841.186,836.859,1.00517,0
1491,1,366.733,370.149,0.990772,0
1492,1,366.733,370.149,0.990772,0
1493,1,500.264,498.897,1.00274,0
1494,1,500.264,498.897,1.00274,0
1495,1,390.746,386.243,1.01166,0
1496,1,390.746,386.243,1.01166,0
1497,1,463.015,466.71,0.992082,0
1498,1,463.015,466.71,0.992082,0
1499,1,366.99,370.149,0.991464,0
1500,1,366.99,370.149,0.991464,0
1501,1,409.919,402.336,1.018847,0
1502,1,409.919,402.336,1.018847,0
1503,1,310.469,305.775,1.015349,0
1504,1,310.469,305.775,1.015349,0
1505,1,378.956,370.149,1.023794,0
1506,1,378.956,370.149,1.023794,0
1507,1,747.857,740.298,1.010211,0
1508,1,747.857,740.298,1.010211,0
1509,1,289.846,289.682,1.000567,0
1510,1,289.846,289.682,1.000567,0
1511,1,883.144,885.139,0.997746,0
1512,1,883.144,885.139,0.997746,0
1513,1,354.0,354.056,0.999843,0
1514,1,354.0,354.056,0.999843,0
1515,1,269.802,273.588,0.986161,0
1516,1,269.802,273.588,0.986161,0
1517,1,584.888,579.364,1.009535,0
1518,1,584.888,579.364,1.009535,0
1519,1,904.369,901.233,1.003481,0
1520,1,904.369,901.233,1.003481,0
1521,1,302.536,305.775,0.989407,0
1522,1,302.536,305.775,0.989407,0
1523,1,690.274,692.018,0.99748,0
1524,1,690.274,692.018,0.99748,0
1525,1,221.067,225.308,0.981176,0
1526,1,221.067,225.308,0.981176,0
1527,1,496.152,498.897,0.994499,0
1528,1,496.152,498.897,0.994499,0
1529,1,879.85,885.139,0.994024,0
1530,1,879.85,885.139,0.994024,0
1531,1,541.612,547.177,0.989829,0
1532,1,541.612,547.177,0.989829,0
1533,1,495.542,498.897,0.993276,0
1534,1,495.542,498.897,0.993276,0
1535,1,661.289,659.831,1.00221,0
1536,1,661.289,659.831,1.00221,0
1537,1,397.206,402.336,0.987249,0
1538,1,397.206,402.336,0.987249,0
1539,1,511.77,514.99,0.993746,0
1540,1,511.77,514.99,0.993746,0
1541,1,486.754,482.803,1.008183,0
1542,1,486.754,482.803,1.008183,0
1543,1,154.45,160.934,0.959706,0
1544,1,154.45,160.934,0.959706,0
1545,1,253.147,257.495,0.983116,0
1546,1,253.147,257.495,0.983116,0
1547,1,200.204,193.121,1.036676,0
1548,1,200.204,193.121,1.036676,0
1549,1,235.095,241.402,0.973875,0
1550,1,235.095,241.402,0.973875,0
1551,1,377.342,370.149,1.019433,0
1552,1,377.342,370.149,1.019433,0
1553,1,495.158,498.897,0.992506,0
1554,1,495.158,498.897,0.992506,0
1555,1,218.29,225.308,0.968852,0
1556,1,218.29,225.308,0.968852,0
1557,1,334.756,337.962,0.990513,0
1558,1,334.756,337.962,0.990513,0
1559,1,178.424,177.028,1.007885,0
1560,1,178.424,177.028,1.007885,0
1561,1,258.474,257.495,1.003801,0
1562,1,258.474,257.495,1.003801,0
1563,1,130.746,128.748,1.015521,0
1564,1,130.746,128.748,1.015521,0
1565,1,289.375,289.682,0.99894,0
1566,1,289.375,289.682,0.99894,0
1567,1,249.785,257.495,0.970057,0
1568,1,249.785,257.495,0.970057,0
1569,1,377.419,370.149,1.01964,0
1570,1,377.419,370.149,1.01964,0
1571,1,186.947,193.121,0.968027,0
1572,1,186.947,193.121,0.968027,0
1573,1,169.285,177.028,0.956262,0
1574,1,169.285,177.028,0.956262,0
1575,1,138.487,144.841,0.956133,0
1576,1,138.487,144.841,0.956133,0
1577,1,221.291,225.308,0.982171,0
1578,1,221.291,225.308,0.982171,0
1579,1,279.2,273.588,1.02051,0
1580,1,279.2,273.588,1.02051,0
1581,1,363.13,354.056,1.025629,0
1582,1,363.13,354.056,1.025629,0
1583,1,125.32,128.748,0.973375,0
1584,1,125.32,128.748,0.973375,0
1585,1,593.844,595.457,0.997291,0
1586,1,593.844,595.457,0.997291,0
1587,1,334.196,337.962,0.988856,0
1588,1,334.196,337.962,0.988856,0
1589,1,637.231,643.738,0.989892,0
1590,1,637.231,643.738,0.989892,0
1591,1,333.487,337.962,0.986759,0
1592,1,333.487,337.962,0.986759,0
1593,1,1115.221,1110.447,1.004299,0
1594,1,1115.221,1110.447,1.004299,0
1595,1,792.034,788.579,1.004382,0
1596,1,792.034,788.579,1.004382,0
1597,1,993.329,997.793,0.995526,0
1598,1,993.329,997.793,0.995526,0
1599,1,429.713,434.523,0.98893,0
1600,1,429.713,434.523,0.98893,0
1601,1,407.89,402.336,1.013804,0
1602,1,407.89,402.336,1.013804,0
1603,1,535.905,531.084,1.009078,0
1604,1,535.905,531.084,1.009078,0
1605,1,488.279,482.803,1.011343,0
1606,1,488.279,482.803,1.011343,0
1607,1,659.823,659.831,0.999987,0
1608,1,659.823,659.831,0.999987,0
1609,1,397.762,402.336,0.988632,0
1610,1,397.762,402.336,0.988632,0
1611,1,325.626,337.962,0.963498,0
1612,1,325.626,337.962,0.963498,0
1613,1,454.419,450.616,1.008438,0
1614,1,454.419,450.616,1.008438,0
1615,1,553.961,547.177,1.012399,0
1616,1,553.961,547.177,1.012399,0
1617,1,305.793,305.775,1.000058,0
1618,1,305.793,305.775,1.000058,0
1619,1,384.749,386.243,0.996133,0
1620,1,384.749,386.243,0.996133,0
1621,1,491.982,498.897,0.986141,0
1622,1,491.982,498.897,0.986141,0
1623,1,394.913,386.243,1.022448,0
1624,1,394.913,386.243,1.022448,0
1625,1,521.252,514.99,1.012159,0
1626,1,521.252,514.99,1.012159,0
1627,1,1009.143,1013.887,0.995322,0
1628,1,1009.143,1013.887,0.995322,0
1629,1,1107.771,1110.447,0.997589,0
1630,1,1107.771,1110.447,0.997589,0
1631,1,451.391,450.616,1.001719,0
1632,1,451.391,450.616,1.001719,0
1633,1,525.203,531.084,0.988927,0
1634,1,525.203,531.084,0.988927,0
1635,1,677.695,675.924,1.00262,0
1636,1,677.695,675.924,1.00262,0
1637,1,971.972,965.606,1.006593,0
1638,1,971.972,965.606,1.006593,0
1639,1,861.507,852.952,1.010029,0
1640,1,861.507,852.952,1.010029,0
1641,1,440.43,434.523,1.013595,0
1642,1,440.43,434.523,1.013595,0
1643,1,470.374,466.71,1.00785,0
1644,1,470.374,466.71,1.00785,0
1645,1,506.455,498.897,1.015151,0
1646,1,506.455,498.897,1.015151,0
1647,1,434.607,434.523,1.000193,0
1648,1,434.607,434.523,1.000193,0
1649,1,937.785,933.42,1.004677,0
1650,1,937.785,933.42,1.004677,0
1651,1,600.154,595.457,1.007887,0
1652,1,600.154,595.457,1.007887,0
1653,1,565.311,563.27,1.003623,0
1654,1,565.311,563.27,1.003623,0
1655,1,320.86,321.869,0.996864,0
1656,1,320.86,321.869,0.996864,0
1657,1,246.752,241.402,1.022165,0
1658,1,246.752,241.402,1.022165,0
1659,1,324.519,321.869,1.008233,0
1660,1,324.519,321.869,1.008233,0
1661,1,175.33,177.028,0.990407,0
1662,1,175.33,177.028,0.990407,0
1663,1,283.402,289.682,0.978323,0
1664,1,283.402,289.682,0.978323,0
1665,1,572.066,579.364,0.987404,0
1666,1,572.066,579.364,0.987404,0
1667,1,324.718,321.869,1.008851,0
1668,1,324.718,321.869,1.008851,0
1669,1,190.606,193.121,0.986978,0
1670,1,190.606,193.121,0.986978,0
1671,1,530.036,531.084,0.998027,0
1672,1,530.036,531.084,0.998027,0
1673,1,354.156,354.056,1.000285,0
1674,1,354.156,354.056,1.000285,0
1675,1,500.658,498.897,1.00353,0
1676,1,500.658,498.897,1.00353,0
1677,1,689.167,692.018,0.99588,0
1678,1,689.167,692.018,0.99588,0
1679,1,239.391,241.402,0.991669,0
1680,1,239.391,241.402,0.991669,0
1681,1,544.881,547.177,0.995804,0
1682,1,544.881,547.177,0.995804,0
1683,1,455.459,450.616,1.010748,0
1684,1,455.459,450.616,1.010748,0
1685,1,389.77,386.243,1.009131,0
1686,1,389.77,386.243,1.009131,0
1687,1,786.388,788.579,0.997223,0
1688,1,786.388,788.579,0.997223,0
1689,1,435.012,434.523,1.001125,0
1690,1,435.012,434.523,1.001125,0
1691,1,1240.631,1239.195,1.001159,0
1692,1,1240.631,1239.195,1.001159,0
1693,1,888.282,885.139,1.003551,0
1694,1,888.282,885.139,1.003551,0
1695,1,1023.326,1013.887,1.00931,0
1696,1,1023.326,1013.887,1.00931,0
1697,1,808.44,804.672,1.004683,0
1698,1,808.44,804.672,1.004683,0
1699,1,875.388,869.046,1.007297,0
1700,1,875.388,869.046,1.007297,0
1701,1,678.514,675.924,1.003832,0
1702,1,678.514,675.924,1.003832,0
1703,1,784.119,788.579,0.994345,0
1704,1,784.119,788.579,0.994345,0
1705,1,679.031,675.924,1.004595,0
1706,1,679.031,675.924,1.004595,0
1707,1,719.934,724.205,0.994102,0
1708,1,719.934,724.205,0.994102,0
1709,1,1485.43,1480.596,1.003264,0
1710,1,1485.43,1480.596,1.003264,0
1711,1,459.961,466.71,0.985539,0
1712,1,459.961,466.71,0.985539,0
1713,1,621.917,627.644,0.990876,0
1714,1,621.917,627.644,0.990876,0
1715,1,510.804,514.99,0.991872,0
1716,1,510.804,514.99,0.991872,0
1717,1,425.493,418.429,1.01688,0
1718,1,425.493,418.429,1.01688,0
1719,1,552.252,547.177,1.009276,0
1720,1,552.252,547.177,1.009276,0
1721,1,1297.94,1303.569,0.995682,0
1722,1,1297.94,1303.569,0.995682,0
1723,1,732.591,724.205,1.011579,0
1724,1,732.591,724.205,1.011579,0
1725,1,1063.665,1062.167,1.00141,0
1726,1,1063.665,1062.167,1.00141,0
1727,1,246.923,241.402,1.02287,0
1728,1,246.923,241.402,1.02287,0
1729,1,230.443,225.308,1.02279,0
1730,1,230.443,225.308,1.02279,0
1731,1,281.502,289.682,0.971764,0
1732,1,281.502,289.682,0.971764,0
1733,1,1523.996,1528.877,0.996808,0
1734,1,1523.996,1528.877,0.996808,0
1735,1,808.094,804.672,1.004253,0
1736,1,808.094,804.672,1.004253,0
1737,1,844.352,836.859,1.008954,0
1738,1,844.352,836.859,1.008954,0
1739,1,178.035,177.028,1.005687,0
1740,1,178.035,177.028,1.005687,0
1741,1,283.012,289.682,0.976977,0
1742,1,283.012,289.682,0.976977,0
1743,1,860.493,869.046,0.990158,0
1744,1,860.493,869.046,0.990158,0
1745,1,374.082,370.149,1.010625,0
1746,1,374.082,370.149,1.010625,0
1747,1,419.818,418.429,1.003319,0
1748,1,419.818,418.429,1.003319,0
1749,1,580.352,579.364,1.001705,0
1750,1,580.352,579.364,1.001705,0
1751,1,286.552,289.682,0.989197,0
1752,1,286.552,289.682,0.989197,0
1753,1,307.465,305.775,1.005526,0
1754,1,307.465,305.775,1.005526,0
1755,1,453.584,450.616,1.006587,0
1756,1,453.584,450.616,1.006587,0
1757,1,372.082,370.149,1.005221,0
1758,1,372.082,370.149,1.005221,0
1759,1,193.951,193.121,1.004296,0
1760,1,193.951,193.121,1.004296,0
1761,1,331.543,337.962,0.981006,0
1762,1,331.543,337.962,0.981006,0
1763,1,226.346,225.308,1.004604,0
1764,1,226.346,225.308,1.004604,0
1765,1,221.733,225.308,0.984132,0
1766,1,221.733,225.308,0.984132,0
1767,1,405.773,402.336,1.008543,0
1768,1,405.773,402.336,1.008543,0
1769,1,397.561,402.336,0.988132,0
1770,1,397.561,402.336,0.988132,0
1771,1,411.827,418.429,0.98422,0
1772,1,411.827,418.429,0.98422,0
1773,1,1253.8,1255.288,0.998815,0
1774,1,1253.8,1255.288,0.998815,0
1775,1,1094.163,1094.354,0.999826,0
1776,1,1094.163,1094.354,0.999826,0
1777,1,271.761,273.588,0.99332,0
1778,1,271.761,273.588,0.99332,0
1779,1,576.779,579.364,0.995539,0
1780,1,576.779,579.364,0.995539,0
1781,1,1276.655,1271.382,1.004148,0
1782,1,1276.655,1271.382,1.004148,0
1783,1,612.27,611.551,1.001176,0
1784,1,612.27,611.551,1.001176,0
1785,1,957.44,949.513,1.008349,0
1786,1,957.44,949.513,1.008349,0
1787,1,830.362,836.859,0.992237,0
1788,1,830.362,836.859,0.992237,0
1789,1,1491.674,1496.69,0.996649,0
1790,1,1491.674,1496.69,0.996649,0
1791,1,588.839,595.457,0.988886,0
1792,1,588.839,595.457,0.988886,0
1793,1,685.625,692.018,0.990762,0
1794,1,685.625,692.018,0.990762,0
1795,1,1703.642,1705.905,0.998674,0
1796,1,1703.642,1705.905,0.998674,0
1797,1,951.297,949.513,1.001879,0
1798,1,951.297,949.513,1.001879,0
1799,1,984.085,981.7,1.002429,0
1800,1,984.085,981.7,1.002429,0
1801,1,1077.069,1078.26,0.998895,0
1802,1,1077.069,1078.26,0.998895,0
1803,1,1219.873,1223.101,0.99736,0
1804,1,1219.873,1223.101,0.99736,0
1805,1,272.215,273.588,0.99498,0
1806,1,272.215,273.588,0.99498,0
1807,1,304.66,305.775,0.996354,0
1808,1,304.66,305.775,0.996354,0
1809,1,527.974,531.084,0.994146,0
1810,1,527.974,531.084,0.994146,0
1811,1,598.527,595.457,1.005155,0
1812,1,598.527,595.457,1.005155,0
1813,1,656.52,659.831,0.994982,0
1814,1,656.52,659.831,0.994982,0
1815,1,794.011,788.579,1.00689,0
1816,1,794.011,788.579,1.00689,0
1817,1,524.068,514.99,1.017627,0
1818,1,524.068,514.99,1.017627,0
1819,1,395.982,402.336,0.984208,0
1820,1,395.982,402.336,0.984208,0
1821,1,853.426,852.952,1.000556,0
1822,1,853.426,852.952,1.000556,0
1823,1,606.304,611.551,0.991421,0
1824,1,606.304,611.551,0.991421,0
1825,1,347.51,354.056,0.981513,0
1826,1,347.51,354.056,0.981513,0
1827,1,225.264,225.308,0.999802,0
1828,1,225.264,225.308,0.999802,0
1829,1,392.321,386.243,1.015737,0
1830,1,392.321,386.243,1.015737,0
1831,1,645.096,643.738,1.00211,0
1832,1,645.096,643.738,1.00211,0
1833,1,733.106,724.205,1.012291,0
1834,1,733.106,724.205,1.012291,0
1835,1,281.891,273.588,1.030348,0
1836,1,281.891,273.588,1.030348,0
1837,1,714.836,708.111,1.009496,0
1838,1,714.836,708.111,1.009496,0
1839,1,260.615,257.495,1.012116,0
1840,1,260.615,257.495,1.012116,0
1841,1,357.689,354.056,1.010263,0
1842,1,357.689,354.056,1.010263,0
1843,1,681.181,675.924,1.007777,0
1844,1,681.181,675.924,1.007777,0
1845,1,653.791,643.738,1.015617,0
1846,1,653.791,643.738,1.015617,0
1847,1,1283.721,1287.475,0.997084,0
1848,1,1283.721,1287.475,0.997084,0
1849,1,333.53,337.962,0.986884,0
1850,1,333.53,337.962,0.986884,0
1851,1,1749.52,1738.092,1.006575,0
1852,1,1749.52,1738.092,1.006575,0
1853,1,1101.819,1094.354,1.006821,0
1854,1,1101.819,1094.354,1.006821,0
1855,1,1753.042,1754.185,0.999349,0
1856,1,1753.042,1754.185,0.999349,0
1857,1,780.633,772.485,1.010548,0
1858,1,780.633,772.485,1.010548,0
1859,1,1349.07,1351.849,0.997944,0
1860,1,1349.07,1351.849,0.997944,0
1861,1,1858.448,1850.746,1.004162,0
1862,1,1858.448,1850.746,1.004162,0
1863,1,720.91,724.205,0.995451,0
1864,1,720.91,724.205,0.995451,0
1865,1,685.74,692.018,0.990928,0
1866,1,685.74,692.018,0.990928,0
1867,1,587.75,595.457,0.987056,0
1868,1,587.75,595.457,0.987056,0
1869,1,344.288,337.962,1.018716,0
1870,1,344.288,337.962,1.018716,0
1871,1,674.944,675.924,0.998549,0
1872,1,674.944,675.924,0.998549,0
1873,1,1358.211,1351.849,1.004706,0
1874,1,1358.211,1351.849,1.004706,0
1875,1,559.301,563.27,0.992952,0
1876,1,559.301,563.27,0.992952,0
1877,1,619.324,611.551,1.012711,0
1878,1,619.324,611.551,1.012711,0
1879,1,610.677,611.551,0.998571,0
1880,1,610.677,611.551,0.998571,0
1881,1,718.226,708.111,1.014284,0
1882,1,718.226,708.111,1.014284,0
1883,1,1382.176,1384.036,0.998656,0
1884,1,1382.176,1384.036,0.998656,0
1885,1,581.441,579.364,1.003586,0
1886,1,581.441,579.364,1.003586,0
1887,1,1421.544,1416.223,1.003757,0
1888,1,1421.544,1416.223,1.003757,0
1889,1,636.442,643.738,0.988667,0
1890,1,636.442,643.738,0.988667,0
1891,1,1747.219,1754.185,0.996029,0
1892,1,1747.219,1754.185,0.996029,0
1893,1,708.74,708.111,1.000887,0
1894,1,708.74,708.111,1.000887,0
1895,1,558.411,563.27,0.991373,0
1896,1,558.411,563.27,0.991373,0
1897,1,906.918,901.233,1.006309,0
1898,1,906.918,901.233,1.006309,0
1899,1,2255.834,2253.082,1.001222,0
1900,1,2255.834,2253.082,1.001222,0
1901,1,635.603,643.738,0.987364,0
1902,1,635.603,643.738,0.987364,0
1903,1,447.704,450.616,0.993537,0
1904,1,447.704,450.616,0.993537,0
1905,1,471.19,466.71,1.0096,0
1906,1,471.19,466.71,1.0096,0
1907,1,1458.466,1464.503,0.995878,0
1908,1,1458.466,1464.503,0.995878,0
1909,1,1342.775,1335.756,1.005255,0
1910,1,1342.775,1335.756,1.005255,0
1911,1,1482.08,1480.596,1.001002,0
1912,1,1482.08,1480.596,1.001002,0
1913,1,1511.865,1512.783,0.999393,0
1914,1,1511.865,1512.783,0.999393,0
1915,1,1478.634,1480.596,0.998675,0
1916,1,1478.634,1480.596,0.998675,0
1917,1,508.083,514.99,0.986588,0
1918,1,508.083,514.99,0.986588,0
1919,1,1084.447,1078.26,1.005738,0
1920,1,1084.447,1078.26,1.005738,0
1921,1,932.062,933.42,0.998545,0
1922,1,932.062,933.42,0.998545,0
1923,1,1096.946,1094.354,1.002369,0
1924,1,1096.946,1094.354,1.002369,0
1925,1,592.534,595.457,0.99509,0
1926,1,592.534,595.457,0.99509,0
1927,1,478.53,482.803,0.99115,0
1928,1,478.53,482.803,0.99115,0
1929,1,921.958,917.326,1.00505,0
1930,1,921.958,917.326,1.00505,0
1931,1,1131.052,1126.541,1.004004,0
1932,1,1131.052,1126.541,1.004004,0
1933,1,871.122,869.046,1.002389,0
1934,1,871.122,869.046,1.002389,0
1935,1,794.393,788.579,1.007374,0
1936,1,794.393,788.579,1.007374,0
1937,1,915.453,917.326,0.997958,0
1938,1,915.453,917.326,0.997958,0
1939,1,1004.278,997.793,1.006499,0
1940,1,1004.278,997.793,1.006499,0
1941,1,1248.162,1255.288,0.994323,0
1942,1,1248.162,1255.288,0.994323,0
1943,1,717.994,708.111,1.013956,0
1944,1,717.994,708.111,1.013956,0
1945,1,1112.151,1110.447,1.001534,0
1946,1,1112.151,1110.447,1.001534,0
1947,1,578.558,579.364,0.998608,0
1948,1,578.558,579.364,0.998608,0
1949,1,740.891,740.298,1.000801,0
1950,1,740.891,740.298,1.000801,0
1951,1,1764.817,1770.278,0.996915,0
1952,1,1764.817,1770.278,0.996915,0
1953,1,1159.937,1158.728,1.001044,0
1954,1,1159.937,1158.728,1.001044,0
1955,1,1647.815,1657.624,0.994082,0
1956,1,1647.815,1657.624,0.994082,0
1957,1,875.015,869.046,1.006868,0
1958,1,875.015,869.046,1.006868,0
1959,1,1413.6,1416.223,0.998148,0
1960,1,1413.6,1416.223,0.998148,0
1961,1,2404.775,2414.016,0.996172,0
1962,1,2404.775,2414.016,0.996172,0
1963,1,886.139,885.139,1.00113,0
1964,1,886.139,885.139,1.00113,0
1965,1,1009.912,1013.887,0.99608,0
1966,1,1009.912,1013.887,0.99608,0
1967,1,527.938,531.084,0.994077,0
1968,1,527.938,531.084,0.994077,0
1969,1,1675.055,1673.718,1.000799,0
1970,1,1675.055,1673.718,1.000799,0
1971,1,589.3,595.457,0.98966,0
1972,1,589.3,595.457,0.98966,0
1973,1,1523.345,1512.783,1.006982,0
1974,1,1523.345,1512.783,1.006982,0
1975,1,523.895,531.084,0.986465,0
1976,1,523.895,531.084,0.986465,0
1977,1,540.81,547.177,0.988363,0
1978,1,540.81,547.177,0.988363,0
1979,1,455.601,450.616,1.011061,0
1980,1,455.601,450.616,1.011061,0
1981,1,2209.652,2220.895,0.994938,0
1982,1,2209.652,2220.895,0.994938,0
1983,1,801.395,804.672,0.995927,0
1984,1,801.395,804.672,0.995927,0
1985,1,773.337,772.485,1.001103,0
1986,1,773.337,772.485,1.001103,0
1987,1,559.619,563.27,0.993517,0
1988,1,559.619,563.27,0.993517,0
1989,1,630.163,627.644,1.004014,0
1990,1,630.163,627.644,1.004014,0
1991,1,564.989,563.27,1.003051,0
1992,1,564.989,563.27,1.003051,0
1993,1,1056.672,1062.167,0.994826,0
1994,1,1056.672,1062.167,0.994826,0
1995,1,1095.375,1094.354,1.000933,0
1996,1,1095.375,1094.354,1.000933,0
1997,1,930.587,933.42,0.996965,0
1998,1,930.587,933.42,0.996965,0
1999,1,1261.962,1271.382,0.992591,0
2000,1,1261.962,1271.382,0.992591,0
2001,1,974.231,965.606,1.008932,0
2002,1,974.231,965.606,1.008932,0
2003,1,1124.541,1126.541,0.998225,0
2004,1,1124.541,1126.541,0.998225,0
2005,1,398.246,402.336,0.989835,0
2006,1,398.246,402.336,0.989835,0
2007,1,344.121,337.962,1.018222,0
2008,1,344.121,337.962,1.018222,0
2009,1,928.378,933.42,0.994599,0
2010,1,928.378,933.42,0.994599,0
2011,1,336.393,337.962,0.995355,0
2012,1,336.393,337.962,0.995355,0
2013,1,419.918,418.429,1.003558,0
2014,1,419.918,418.429,1.003558,0
2015,1,651.432,659.831,0.98727,0
2016,1,651.432,659.831,0.98727,0
2017,1,541.643,547.177,0.989887,0
2018,1,541.643,547.177,0.989887,0
2019,1,695.761,692.018,1.00541,0
2020,1,695.761,692.018,1.00541,0
2021,1,518.893,514.99,1.007578,0
2022,1,518.893,514.99,1.007578,0
2023,1,1000.556,997.793,1.002769,0
2024,1,1000.556,997.793,1.002769,0
2025,1,1458.002,1448.41,1.006623,0
2026,1,1458.002,1448.41,1.006623,0
2027,1,872.8,869.046,1.00432,0
2028,1,872.8,869.046,1.00432,0
2029,1,1399.388,1400.129,0.99947,0
2030,1,1399.388,1400.129,0.99947,0
2031,1,1112.466,1110.447,1.001818,0
2032,1,1112.466,1110.447,1.001818,0
2033,1,479.082,482.803,0.992292,0
2034,1,479.082,482.803,0.992292,0
2035,1,939.453,933.42,1.006464,0
2036,1,939.453,933.42,1.006464,0
2037,1,1059.386,1062.167,0.997382,0
2038,1,1059.386,1062.167,0.997382,0
2039,1,906.528,901.233,1.005876,0
2040,1,906.528,901.233,1.005876,0
2041,1,727.495,724.205,1.004543,0
2042,1,727.495,724.205,1.004543,0
2043,1,587.797,579.364,1.014556,0
2044,1,587.797,579.364,1.014556,0
2045,1,849.175,852.952,0.995572,0
2046,1,849.175,852.952,0.995572,0
2047,1,1055.524,1046.074,1.009034,0
2048,1,1055.524,1046.074,1.009034,0
2049,1,558.879,563.27,0.992204,0
2050,1,558.879,563.27,0.992204,0
2051,1,361.412,354.056,1.020776,0
2052,1,361.412,354.056,1.020776,0
2053,1,1387.435,1384.036,1.002456,0
2054,1,1387.435,1384.036,1.002456,0
2055,1,608.388,611.551,0.994829,0
2056,1,608.388,611.551,0.994829,0
2057,1,1274.411,1271.382,1.002383,0
2058,1,1274.411,1271.382,1.002383,0
2059,1,954.757,949.513,1.005523,0
2060,1,954.757,949.513,1.005523,0
2061,1,1206.984,1207.008,0.99998,0
2062,1,1206.984,1207.008,0.99998,0
2063,1,1396.882,1400.129,0.997681,0
2064,1,1396.882,1400.129,0.997681,0
2065,1,509.473,514.99,0.989288,0
2066,1,509.473,514.99,0.989288,0
2067,1,879.409,869.046,1.011925,0
2068,1,879.409,869.046,1.011925,0
2069,1,533.292,531.084,1.004158,0
2070,1,533.292,531.084,1.004158,0
2071,1,1073.412,1078.26,0.995503,0
2072,1,1073.412,1078.26,0.995503,0
2073,1,514.635,514.99,0.99931,0
2074,1,514.635,514.99,0.99931,0
2075,1,1717.048,1721.998,0.997126,0
2076,1,1717.048,1721.998,0.997126,0
2077,1,2496.164,2494.483,1.000674,0
2078,1,2496.164,2494.483,1.000674,0
2079,1,1034.584,1029.98,1.00447,0
2080,1,1034.584,1029.98,1.00447,0
2081,1,666.676,659.831,1.010373,0
2082,1,666.676,659.831,1.010373,0
2083,1,651.948,659.831,0.988052,0
2084,1,651.948,659.831,0.988052,0
2085,1,627.453,627.644,0.999695,0
2086,1,627.453,627.644,0.999695,0
2087,1,579.529,579.364,1.000285,0
2088,1,579.529,579.364,1.000285,0
2089,1,556.825,563.27,0.988556,0
2090,1,556.825,563.27,0.988556,0
2091,1,660.136,659.831,1.000463,0
2092,1,660.136,659.831,1.000463,0
2093,1,574.507,579.364,0.991617,0
2094,1,574.507,579.364,0.991617,0
2095,1,336.177,337.962,0.994718,0
2096,1,336.177,337.962,0.994718,0
2097,1,697.235,692.018,1.007539,0
2098,1,697.235,692.018,1.007539,0
2099,1,729.221,724.205,1.006926,0
2100,1,729.221,724.205,1.006926,0
2101,1,1489.869,1496.69,0.995443,0
2102,1,1489.869,1496.69,0.995443,0
2103,1,1584.107,1593.251,0.994261,0
2104,1,1584.107,1593.251,0.994261,0
2105,1,668.532,675.924,0.989063,0
2106,1,668.532,675.924,0.989063,0
2107,1,722.857,724.205,0.998138,0
2108,1,722.857,724.205,0.998138,0
2109,1,892.559,885.139,1.008382,0
2110,1,892.559,885.139,1.008382,0
2111,1,325.899,321.869,1.01252,0
2112,1,325.899,321.869,1.01252,0
2113,1,733.041,724.205,1.012201,0
2114,1,733.041,724.205,1.012201,0
2115,1,422.285,418.429,1.009215,0
2116,1,422.285,418.429,1.009215,0
2117,1,566.38,563.27,1.005521,0
2118,1,566.38,563.27,1.005521,0
2119,1,486.769,482.803,1.008213,0
2120,1,486.769,482.803,1.008213,0
2121,1,747.675,740.298,1.009965,0
2122,1,747.675,740.298,1.009965,0
2123,1,374.717,370.149,1.012341,0
2124,1,374.717,370.149,1.012341,0
2125,1,529.23,531.084,0.99651,0
2126,1,529.23,531.084,0.99651,0
2127,1,448.654,450.616,0.995645,0
2128,1,448.654,450.616,0.995645,0
2129,1,442.384,434.523,1.018092,0
2130,1,442.384,434.523,1.018092,0
2131,1,402.683,402.336,1.000862,0
2132,1,402.683,402.336,1.000862,0
2133,1,1027.563,1029.98,0.997653,0
2134,1,1027.563,1029.98,0.997653,0
2135,1,850.458,852.952,0.997076,0
2136,1,850.458,852.952,0.997076,0
2137,1,1270.93,1271.382,0.999645,0
2138,1,1270.93,1271.382,0.999645,0
2139,1,633.578,627.644,1.009455,0
2140,1,633.578,627.644,1.009455,0
2141,1,1106.593,1110.447,0.996529,0
2142,1,1106.593,1110.447,0.996529,0
2143,1,857.674,852.952,1.005536,0
2144,1,857.674,852.952,1.005536,0
2145,1,2309.791,2317.455,0.996693,0
2146,1,2309.791,2317.455,0.996693,0
2147,1,2439.129,2430.109,1.003712,0
2148,1,2439.129,2430.109,1.003712,0
2149,1,803.286,804.672,0.998277,0
2150,1,803.286,804.672,0.998277,0
2151,1,1292.318,1287.475,1.003762,0
2152,1,1292.318,1287.475,1.003762,0
2153,1,641.598,643.738,0.996676,0
2154,1,641.598,643.738,0.996676,0
2155,1,767.406,772.485,0.993425,0
2156,1,767.406,772.485,0.993425,0
2157,1,1452.874,1448.41,1.003082,0
2158,1,1452.874,1448.41,1.003082,0
2159,1,930.027,933.42,0.996366,0
2160,1,930.027,933.42,0.996366,0
2161,1,787.269,788.579,0.998339,0
2162,1,787.269,788.579,0.998339,0
2163,1,392.865,386.243,1.017145,0
2164,1,392.865,386.243,1.017145,0
2165,1,752.163,756.392,0.99441,0
2166,1,752.163,756.392,0.99441,0
2167,1,413.855,418.429,0.989067,0
2168,1,413.855,418.429,0.989067,0
2169,1,1555.236,1544.97,1.006645,0
2170,1,1555.236,1544.97,1.006645,0
2171,1,1446.028,1448.41,0.998356,0
2172,1,1446.028,1448.41,0.998356,0
2173,1,1598.841,1593.251,1.003509,0
2174,1,1598.841,1593.251,1.003509,0
2175,1,971.653,965.606,1.006262,0
2176,1,971.653,965.606,1.006262,0
2177,1,949.624,949.513,1.000117,0
2178,1,949.624,949.513,1.000117,0
2179,1,1044.912,1046.074,0.99889,0
2180,1,1044.912,1046.074,0.99889,0
2181,1,454.055,450.616,1.007632,0
2182,1,454.055,450.616,1.007632,0
2183,1,555.548,547.177,1.015299,0
2184,1,555.548,547.177,1.015299,0
2185,1,1192.307,1190.915,1.001169,0
2186,1,1192.307,1190.915,1.001169,0
2187,1,695.835,692.018,1.005515,0
2188,1,695.835,692.018,1.005515,0
2189,1,996.503,997.793,0.998706,0
2190,1,996.503,997.793,0.998706,0
2191,1,606.704,611.551,0.992075,0
2192,1,606.704,611.551,0.992075,0
2193,1,967.896,965.606,1.002371,0
2194,1,967.896,965.606,1.002371,0
2195,1,878.619,885.139,0.992634,0
2196,1,878.619,885.139,0.992634,0
2197,1,803.975,804.672,0.999134,0
2198,1,803.975,804.672,0.999134,0
2199,1,1026.339,1029.98,0.996465,0
2200,1,1026.339,1029.98,0.996465,0
2201,1,1479.604,1480.596,0.99933,0
2202,1,1479.604,1480.596,0.99933,0
2203,1,1103.449,1094.354,1.008311,0
2204,1,1103.449,1094.354,1.008311,0
2205,1,733.215,724.205,1.012442,0
2206,1,733.215,724.205,1.012442,0
2207,1,1680.446,1673.718,1.00402,0
2208,1,1680.446,1673.718,1.00402,0
2209,1,812.39,820.765,0.989795,0
2210,1,812.39,820.765,0.989795,0
2211,1,1941.692,1931.213,1.005426,0
2212,1,1941.692,1931.213,1.005426,0
2213,1,1037.488,1046.074,0.991792,0
2214,1,1037.488,1046.074,0.991792,0
2215,1,379.428,386.243,0.982356,0
2216,1,379.428,386.243,0.982356,0
2217,1,1874.197,1866.839,1.003941,0
2218,1,1874.197,1866.839,1.003941,0
2219,1,1198.627,1207.008,0.993057,0
2220,1,1198.627,1207.008,0.993057,0
2221,1,1523.469,1512.783,1.007064,0
2222,1,1523.469,1512.783,1.007064,0
2223,1,1697.381,1705.905,0.995003,0
2224,1,1697.381,1705.905,0.995003,0
2225,1,1298.28,1287.475,1.008392,0
2226,1,1298.28,1287.475,1.008392,0
2227,1,1494.474,1496.69,0.99852,0
2228,1,1494.474,1496.69,0.99852,0
2229,1,1279.967,1287.475,0.994168,0
2230,1,1279.967,1287.475,0.994168,0
2231,1,803.795,804.672,0.99891,0
2232,1,803.795,804.672,0.99891,0
2233,1,1149.569,1142.634,1.006069,0
2234,1,1149.569,1142.634,1.006069,0
2235,1,1140.978,1142.634,0.99855,0
2236,1,1140.978,1142.634,0.99855,0
2237,1,933.468,933.42,1.000052,0
2238,1,933.468,933.42,1.000052,0
2239,1,717.032,708.111,1.012598,0
2240,1,717.032,708.111,1.012598,0
2241,1,1660.572,1657.624,1.001778,0
2242,1,1660.572,1657.624,1.001778,0
2243,1,1238.969,1239.195,0.999817,0
2244,1,1238.969,1239.195,0.999817,0
2245,1,1122.106,1126.541,0.996064,0
2246,1,1122.106,1126.541,0.996064,0
2247,1,892.045,885.139,1.007802,0
2248,1,892.045,885.139,1.007802,0
2249,1,868.651,869.046,0.999546,0
2250,1,868.651,869.046,0.999546,0
2251,1,1710.395,1705.905,1.002632,0
2252,1,1710.395,1705.905,1.002632,0
2253,1,1669.019,1673.718,0.997193,0
2254,1,1669.019,1673.718,0.997193,0
2255,1,1087.935,1078.26,1.008972,0
2256,1,1087.935,1078.26,1.008972,0
2257,1,799.802,804.672,0.993948,0
2258,1,799.802,804.672,0.993948,0
2259,1,1211.228,1207.008,1.003496,0
2260,1,1211.228,1207.008,1.003496,0
2261,1,1520.215,1512.783,1.004912,0
2262,1,1520.215,1512.783,1.004912,0
2263,1,2339.757,2333.549,1.00266,0
2264,1,2339.757,2333.549,1.00266,0
2265,1,1756.287,1754.185,1.001198,0
2266,1,1756.287,1754.185,1.001198,0
2267,1,1282.822,1271.382,1.008998,0
2268,1,1282.822,1271.382,1.008998,0
2269,1,1044.896,1046.074,0.998874,0
2270,1,1044.896,1046.074,0.998874,0
2271,1,903.238,901.233,1.002225,0
2272,1,903.238,901.233,1.002225,0
2273,1,804.71,804.672,1.000047,0
2274,1,804.71,804.672,1.000047,0
2275,1,981.53,981.7,0.999827,0
2276,1,981.53,981.7,0.999827,0
2277,1,892.513,885.139,1.008331,0
2278,1,892.513,885.139,1.008331,0
2279,1,477.858,482.803,0.989758,0
2280,1,477.858,482.803,0.989758,0
2281,1,790.681,788.579,1.002666,0
2282,1,790.681,788.579,1.002666,0
2283,1,508.855,514.99,0.988087,0
2284,1,508.855,514.99,0.988087,0
2285,1,836.977,836.859,1.000142,0
2286,1,836.977,836.859,1.000142,0
2287,1,504.305,498.897,1.010841,0
2288,1,504.305,498.897,1.010841,0
2289,1,685.86,692.018,0.991102,0
2290,1,685.86,692.018,0.991102,0
2291,1,746.802,740.298,1.008785,0
2292,1,746.802,740.298,1.008785,0
2293,1,335.732,337.962,0.993401,0
2294,1,335.732,337.962,0.993401,0
2295,1,779.252,772.485,1.008759,0
2296,1,779.252,772.485,1.008759,0
2297,1,1273.099,1271.382,1.001351,0
2298,1,1273.099,1271.382,1.001351,0
2299,1,793.211,788.579,1.005875,0
2300,1,793.211,788.579,1.005875,0
2301,1,991.118,997.793,0.99331,0
2302,1,991.118,997.793,0.99331,0
2303,1,941.45,933.42,1.008603,0
2304,1,941.45,933.42,1.008603,0
2305,1,377.267,370.149,1.019231,0
2306,1,377.267,370.149,1.019231,0
2307,1,285.277,289.682,0.984794,0
2308,1,285.277,289.682,0.984794,0
2309,1,1228.86,1223.101,1.004708,0
2310,1,1228.86,1223.101,1.004708,0
2311,1,824.984,820.765,1.00514,0
2312,1,824.984,820.765,1.00514,0
2313,1,1090.387,1094.354,0.996375,0
2314,1,1090.387,1094.354,0.996375,0
2315,1,1003.298,997.793,1.005517,0
2316,1,1003.298,997.793,1.005517,0
2317,1,1330.879,1319.662,1.0085,0
2318,1,1330.879,1319.662,1.0085,0
2319,1,1222.542,1223.101,0.999542,0
2320,1,1222.542,1223.101,0.999542,0
2321,1,1286.797,1287.475,0.999473,0
2322,1,1286.797,1287.475,0.999473,0
2323,1,1601.518,1593.251,1.005189,0
2324,1,1601.518,1593.251,1.005189,0
2325,1,2006.258,1995.587,1.005347,0
2326,1,2006.258,1995.587,1.005347,0
2327,1,939.073,933.42,1.006057,0
2328,1,939.073,933.42,1.006057,0
2329,1,1268.987,1271.382,0.998116,0
2330,1,1268.987,1271.382,0.998116,0
2331,1,805.52,804.672,1.001054,0
2332,1,805.52,804.672,1.001054,0
2333,1,1353.278,1351.849,1.001057,0
2334,1,1353.278,1351.849,1.001057,0
2335,1,977.404,981.7,0.995625,0
2336,1,977.404,981.7,0.995625,0
2337,1,435.036,434.523,1.001181,0
2338,1,435.036,434.523,1.001181,0
2339,1,714.303,708.111,1.008744,0
2340,1,714.303,708.111,1.008744,0
2341,1,609.012,611.551,0.995849,0
2342,1,609.012,611.551,0.995849,0
2343,1,1106.246,1110.447,0.996217,0
2344,1,1106.246,1110.447,0.996217,0
2345,1,1312.274,1303.569,1.006678,0
2346,1,1312.274,1303.569,1.006678,0
2347,1,1183.03,1190.915,0.993379,0
2348,1,1183.03,1190.915,0.993379,0
2349,1,939.016,933.42,1.005995,0
2350,1,939.016,933.42,1.005995,0
2351,1,1126.576,1126.541,1.000031,0
2352,1,1126.576,1126.541,1.000031,0
2353,1,1128.013,1126.541,1.001307,0
2354,1,1128.013,1126.541,1.001307,0
2355,1,958.501,965.606,0.992642,0
2356,1,958.501,965.606,0.992642,0
2357,1,788.801,788.579,1.000282,0
2358,1,788.801,788.579,1.000282,0
2359,1,2813.759,2800.259,1.004821,0
2360,1,2813.759,2800.259,1.004821,0
2361,1,518.519,514.99,1.006852,0
2362,1,518.519,514.99,1.006852,0
2363,1,344.326,337.962,1.018831,0
2364,1,344.326,337.962,1.018831,0
2365,1,654.391,659.831,0.991755,0
2366,1,654.391,659.831,0.991755,0
2367,1,2342.342,2349.642,0.996893,0
2368,1,2342.342,2349.642,0.996893,0
2369,1,1451.944,1448.41,1.00244,0
2370,1,1451.944,1448.41,1.00244,0
2371,1,736.06,740.298,0.994275,0
2372,1,736.06,740.298,0.994275,0
2373,1,791.752,788.579,1.004025,0
2374,1,791.752,788.579,1.004025,0
2375,1,1560.467,1561.064,0.999618,0
2376,1,1560.467,1561.064,0.999618,0
2377,1,1692.067,1689.811,1.001335,0
2378,1,1692.067,1689.811,1.001335,0
2379,1,557.1,563.27,0.989045,0
2380,1,557.1,563.27,0.989045,0
2381,1,868.864,869.046,0.99979,0
2382,1,868.864,869.046,0.99979,0
2383,1,1083.97,1078.26,1.005295,0
2384,1,1083.97,1078.26,1.005295,0
2385,1,713.878,708.111,1.008144,0
2386,1,713.878,708.111,1.008144,0
2387,1,832.976,836.859,0.99536,0
2388,1,832.976,836.859,0.99536,0
2389,1,1610.927,1609.344,1.000984,0
2390,1,1610.927,1609.344,1.000984,0
2391,1,703.193,708.111,0.993055,0
2392,1,703.193,708.111,0.993055,0
2393,1,559.37,563.27,0.993076,0
2394,1,559.37,563.27,0.993076,0
2395,1,811.173,804.672,1.008079,0
2396,1,811.173,804.672,1.008079,0
2397,1,1530.311,1528.877,1.000938,0
2398,1,1530.311,1528.877,1.000938,0
2399,1,1753.602,1754.185,0.999668,0
2400,1,1753.602,1754.185,0.999668,0
2401,1,1207.822,1207.008,1.000675,0
2402,1,1207.822,1207.008,1.000675,0
2403,1,1394.93,1400.129,0.996287,0
2404,1,1394.93,1400.129,0.996287,0
2405,1,1323.272,1319.662,1.002736,0
2406,1,1323.272,1319.662,1.002736,0
2407,1,1977.21,1979.493,0.998847,0
2408,1,1977.21,1979.493,0.998847,0
2409,1,1186.636,1190.915,0.996407,0
2410,1,1186.636,1190.915,0.996407,0
2411,1,1221.989,1223.101,0.999091,0
2412,1,1221.989,1223.101,0.999091,0
2413,1,2657.641,2655.418,1.000837,0
2414,1,2657.641,2655.418,1.000837,0
2415,1,1682.593,1673.718,1.005303,0
2416,1,1682.593,1673.718,1.005303,0
2417,1,599.117,595.457,1.006147,0
2418,1,599.117,595.457,1.006147,0
2419,1,1356.001,1351.849,1.003071,0
2420,1,1356.001,1351.849,1.003071,0
2421,1,2417.503,2414.016,1.001445,0
2422,1,2417.503,2414.016,1.001445,0
2423,1,979.589,981.7,0.99785,0
2424,1,979.589,981.7,0.99785,0
2425,1,823.939,820.765,1.003866,0
2426,1,823.939,820.765,1.003866,0
2427,1,741.43,740.298,1.001529,0
2428,1,741.43,740.298,1.001529,0
2429,1,795.761,788.579,1.009107,0
2430,1,795.761,788.579,1.009107,0
2431,1,845.896,836.859,1.010799,0
2432,1,845.896,836.859,1.010799,0
2433,1,772.972,772.485,1.00063,0
2434,1,772.972,772.485,1.00063,0
2435,1,2645.447,2655.418,0.996245,0
2436,1,2645.447,2655.418,0.996245,0
2437,1,2006.761,2011.68,0.997555,0
2438,1,2006.761,2011.68,0.997555,0
2439,1,1905.391,1899.026,1.003352,0
2440,1,1905.391,1899.026,1.003352,0
2441,1,1188.927,1190.915,0.998331,0
2442,1,1188.927,1190.915,0.998331,0
2443,1,1518.295,1512.783,1.003643,0
2444,1,1518.295,1512.783,1.003643,0
2445,1,1231.077,1223.101,1.006521,0
2446,1,1231.077,1223.101,1.006521,0
2447,1,1171.807,1174.821,0.997434,0
2448,1,1171.807,1174.821,0.997434,0
2449,1,1723.058,1721.998,1.000616,0
2450,1,1723.058,1721.998,1.000616,0
2451,1,955.536,949.513,1.006343,0
2452,1,955.536,949.513,1.006343,0
2453,1,729.48,724.205,1.007284,0
2454,1,729.48,724.205,1.007284,0
2455,1,1737.039,1738.092,0.999394,0
2456,1,1737.039,1738.092,0.999394,0
2457,1,818.75,820.765,0.997544,0
2458,1,818.75,820.765,0.997544,0
2459,1,1054.713,1062.167,0.992983,0
2460,1,1054.713,1062.167,0.992983,0
2461,1,574.818,579.364,0.992153,0
2462,1,574.818,579.364,0.992153,0
2463,1,341.229,337.962,1.009665,0
2464,1,341.229,337.962,1.009665,0
2465,1,1040.196,1046.074,0.994382,0
2466,1,1040.196,1046.074,0.994382,0
2467,1,1717.737,1721.998,0.997526,0
2468,1,1717.737,1721.998,0.997526,0
2469,1,391.338,386.243,1.013192,0
2470,1,391.338,386.243,1.013192,0
2471,1,330.209,337.962,0.977058,0
2472,1,330.209,337.962,0.977058,0
2473,1,420.686,418.429,1.005394,0
2474,1,420.686,418.429,1.005394,0
2475,1,601.409,595.457,1.009995,0
2476,1,601.409,595.457,1.009995,0
2477,1,1880.819,1882.932,0.998877,0
2478,1,1880.819,1882.932,0.998877,0
2479,1,852.564,852.952,0.999544,0
2480,1,852.564,852.952,0.999544,0
2481,1,846.816,836.859,1.011898,0
2482,1,846.816,836.859,1.011898,0
2483,1,1189.855,1190.915,0.99911,0
2484,1,1189.855,1190.915,0.99911,0
2485,1,439.686,434.523,1.011882,0
2486,1,439.686,434.523,1.011882,0
2487,1,302.906,305.775,0.990615,0
2488,1,302.906,305.775,0.990615,0
2489,1,529.81,531.084,0.997601,0
2490,1,529.81,531.084,0.997601,0
2491,1,566.176,563.27,1.005158,0
2492,1,566.176,563.27,1.005158,0
2493,1,2351.277,2349.642,1.000696,0
2494,1,2351.277,2349.642,1.000696,0
2495,1,425.969,434.523,0.980313,0
2496,1,425.969,434.523,0.980313,0
2497,1,434.193,434.523,0.999242,0
2498,1,434.193,434.523,0.999242,0
2499,1,874.679,869.046,1.006482,0
2500,1,874.679,869.046,1.006482,0
2501,1,696.641,692.018,1.00668,0
2502,1,696.641,692.018,1.00668,0
2503,1,642.408,643.738,0.997935,0
2504,1,642.408,643.738,0.997935,0
2505,1,900.134,901.233,0.998781,0
2506,1,900.134,901.233,0.998781,0
2507,1,594.27,595.457,0.998005,0
2508,1,594.27,595.457,0.998005,0
2509,1,586.679,579.364,1.012627,0
2510,1,586.679,579.364,1.012627,0
2511,1,767.107,772.485,0.993038,0
2512,1,767.107,772.485,0.993038,0
2513,1,515.424,514.99,1.000843,0
2514,1,515.424,514.99,1.000843,0
2515,1,426.577,434.523,0.981714,0
2516,1,426.577,434.523,0.981714,0
2517,1,474.68,466.71,1.017077,0
2518,1,474.68,466.71,1.017077,0
2519,1,552.985,547.177,1.010615,0
2520,1,552.985,547.177,1.010615,0
2521,1,813.023,804.672,1.010378,0
2522,1,813.023,804.672,1.010378,0
2523,1,623.902,627.644,0.994037,0
2524,1,623.902,627.644,0.994037,0
2525,1,1832.572,1834.652,0.998866,0
2526,1,1832.572,1834.652,0.998866,0
2527,1,1257.885,1255.288,1.002069,0
2528,1,1257.885,1255.288,1.002069,0
2529,1,673.058,675.924,0.995759,0
2530,1,673.058,675.924,0.995759,0
2531,1,1448.591,1448.41,1.000125,0
2532,1,1448.591,1448.41,1.000125,0
2533,1,648.199,643.738,1.006931,0
2534,1,648.199,643.738,1.006931,0
2535,1,1925.648,1915.119,1.005498,0
2536,1,1925.648,1915.119,1.005498,0
2537,1,1481.143,1480.596,1.000369,0
2538,1,1481.143,1480.596,1.000369,0
2539,1,2158.076,2156.521,1.000721,0
2540,1,2158.076,2156.521,1.000721,0
2541,1,1833.733,1834.652,0.999499,0
2542,1,1833.733,1834.652,0.999499,0
2543,1,596.896,595.457,1.002416,0
2544,1,596.896,595.457,1.002416,0
2545,1,509.292,514.99,0.988935,0
2546,1,509.292,514.99,0.988935,0
2547,1,330.765,337.962,0.978703,0
2548,1,330.765,337.962,0.978703,0
2549,1,474.298,466.71,1.016259,0
2550,1,474.298,466.71,1.016259,0
2551,1,954.501,949.513,1.005253,0
2552,1,954.501,949.513,1.005253,0
2553,1,571.866,579.364,0.987059,0
2554,1,571.866,579.364,0.987059,0
2555,1,785.238,788.579,0.995763,0
2556,1,785.238,788.579,0.995763,0
2557,1,915.71,917.326,0.998239,0
2558,1,915.71,917.326,0.998239,0
2559,1,1737.114,1738.092,0.999438,0
2560,1,1737.114,1738.092,0.999438,0
2561,1,1903.351,1899.026,1.002278,0
2562,1,1903.351,1899.026,1.002278,0
2563,1,506.257,498.897,1.014753,0
2564,1,506.257,498.897,1.014753,0
2565,1,1444.485,1448.41,0.99729,0
2566,1,1444.485,1448.41,0.99729,0
2567,1,2791.791,2784.165,1.002739,0
2568,1,2791.791,2784.165,1.002739,0
2569,1,2147.953,2156.521,0.996027,0
2570,1,2147.953,2156.521,0.996027,0
2571,1,521.046,514.99,1.011759,0
2572,1,521.046,514.99,1.011759,0
2573,1,984.855,981.7,1.003214,0
2574,1,984.855,981.7,1.003214,0
2575,1,1203.97,1207.008,0.997483,0
2576,1,1203.97,1207.008,0.997483,0
2577,1,1065.578,1062.167,1.003211,0
2578,1,1065.578,1062.167,1.003211,0
2579,1,539.721,547.177,0.986374,0
2580,1,539.721,547.177,0.986374,0
2581,1,425.477,418.429,1.016842,0
2582,1,425.477,418.429,1.016842,0
2583,1,309.716,305.775,1.012887,0
2584,1,309.716,305.775,1.012887,0
2585,1,1573.618,1577.157,0.997756,0
2586,1,1573.618,1577.157,0.997756,0
2587,1,1437.044,1432.316,1.003301,0
2588,1,1437.044,1432.316,1.003301,0
2589,1,1214.396,1223.101,0.992882,0
2590,1,1214.396,1223.101,0.992882,0
2591,1,755.949,756.392,0.999415,0
2592,1,755.949,756.392,0.999415,0
2593,1,1017.194,1013.887,1.003262,0
2594,1,1017.194,1013.887,1.003262,0
2595,1,1059.053,1062.167,0.997068,0
2596,1,1059.053,1062.167,0.997068,0
2597,1,739.131,740.298,0.998423,0
2598,1,739.131,740.298,0.998423,0
2599,1,1071.563,1062.167,1.008846,0
2600,1,1071.563,1062.167,1.008846,0
2601,1,925.951,917.326,1.009402,0
2602,1,925.951,917.326,1.009402,0
2603,1,1062.931,1062.167,1.000719,0
2604,1,1062.931,1062.167,1.000719,0
2605,1,2523.418,2526.67,0.998713,0
2606,1,2523.418,2526.67,0.998713,0
2607,1,2122.171,2124.334,0.998982,0
2608,1,2122.171,2124.334,0.998982,0
2609,1,960.734,965.606,0.994954,0
2610,1,960.734,965.606,0.994954,0
2611,1,1714.715,1705.905,1.005164,0
2612,1,1714.715,1705.905,1.005164,0
2613,1,790.331,788.579,1.002222,0
2614,1,790.331,788.579,1.002222,0
2615,1,743.184,740.298,1.003897,0
2616,1,743.184,740.298,1.003897,0
2617,1,1084.478,1078.26,1.005767,0
2618,1,1084.478,1078.26,1.005767,0
2619,1,284.405,289.682,0.981785,0
2620,1,284.405,289.682,0.981785,0
2621,1,3600.67,3604.931,0.998818,0
2622,1,3600.67,3604.931,0.998818,0
2623,1,922.472,917.326,1.00561,0
2624,1,922.472,917.326,1.00561,0
2625,1,1735.119,1738.092,0.99829,0
2626,1,1735.119,1738.092,0.99829,0
2627,1,1980.371,1979.493,1.000444,0
2628,1,1980.371,1979.493,1.000444,0
2629,1,981.26,981.7,0.999552,0
2630,1,981.26,981.7,0.999552,0
2631,1,792.96,788.579,1.005557,0
2632,1,792.96,788.579,1.005557,0
2633,1,951.13,949.513,1.001703,0
2634,1,951.13,949.513,1.001703,0
2635,1,799.485,804.672,0.993554,0
2636,1,799.485,804.672,0.993554,0
2637,1,5143.842,5149.901,0.998823,0
2638,1,5143.842,5149.901,0.998823,0
2639,1,1570.081,1561.064,1.005776,0
2640,1,1570.081,1561.064,1.005776,0
2641,1,2316.302,2317.455,0.999502,0
2642,1,2316.302,2317.455,0.999502,0
2643,1,416.991,418.429,0.996562,0
2644,1,416.991,418.429,0.996562,0
2645,1,1119.777,1126.541,0.993996,0
2646,1,1119.777,1126.541,0.993996,0
2647,1,517.818,514.99,1.00549,0
2648,1,517.818,514.99,1.00549,0
2649,1,622.256,627.644,0.991415,0
2650,1,622.256,627.644,0.991415,0
2651,1,632.937,627.644,1.008432,0
2652,1,632.937,627.644,1.008432,0
2653,1,519.366,514.99,1.008497,0
2654,1,519.366,514.99,1.008497,0
2655,1,331.817,337.962,0.981817,0
2656,1,331.817,337.962,0.981817,0
2657,1,156.394,160.934,0.971785,0
2658,1,156.394,160.934,0.971785,0
2659,1,178.653,177.028,1.009183,0
2660,1,178.653,177.028,1.009183,0
2661,1,391.03,386.243,1.012395,0
2662,1,391.03,386.243,1.012395,0
2663,1,964.427,965.606,0.998779,0
2664,1,964.427,965.606,0.998779,0
2665,1,2106.455,2108.241,0.999153,0
2666,1,2106.455,2108.241,0.999153,0
2667,1,631.639,627.644,1.006364,0
2668,1,631.639,627.644,1.006364,0
2669,1,879.946,885.139,0.994132,0
2670,1,879.946,885.139,0.994132,0
2671,1,473.726,466.71,1.015034,0
2672,1,473.726,466.71,1.015034,0
2673,1,607.449,611.551,0.993293,0
2674,1,607.449,611.551,0.993293,0
2675,1,489.833,482.803,1.01456,0
2676,1,489.833,482.803,1.01456,0
2677,1,316.631,321.869,0.983725,0
2678,1,316.631,321.869,0.983725,0
2679,1,247.473,241.402,1.025152,0
2680,1,247.473,241.402,1.025152,0
2681,1,496.965,498.897,0.996127,0
2682,1,496.965,498.897,0.996127,0
2683,1,497.115,498.897,0.99643,0
2684,1,497.115,498.897,0.99643,0
2685,1,533.832,531.084,1.005176,0
2686,1,533.832,531.084,1.005176,0
2687,1,388.883,386.243,1.006835,0
2688,1,388.883,386.243,1.006835,0
2689,1,268.005,273.588,0.979591,0
2690,1,268.005,273.588,0.979591,0
2691,1,228.84,225.308,1.015676,0
2692,1,228.84,225.308,1.015676,0
2693,1,618.406,611.551,1.01121,0
2694,1,618.406,611.551,1.01121,0
2695,1,435.824,434.523,1.002993,0
2696,1,435.824,434.523,1.002993,0
2697,1,307.275,305.775,1.004904,0
2698,1,307.275,305.775,1.004904,0
2699,1,352.961,354.056,0.996909,0
2700,1,352.961,354.056,0.996909,0
2701,1,279.907,273.588,1.023095,0
2702,1,279.907,273.588,1.023095,0
2703,1,319.602,321.869,0.992958,0
2704,1,319.602,321.869,0.992958,0
2705,1,234.704,241.402,0.972254,0
2706,1,234.704,241.402,0.972254,0
2707,1,580.179,579.364,1.001406,0
2708,1,580.179,579.364,1.001406,0
2709,1,689.655,692.018,0.996585,0
2710,1,689.655,692.018,0.996585,0
2711,1,151.525,144.841,1.046149,0
2712,1,151.525,144.841,1.046149,0
2713,1,356.891,354.056,1.008007,0
2714,1,356.891,354.056,1.008007,0
2715,1,909.215,901.233,1.008857,0
2716,1,909.215,901.233,1.008857,0
2717,1,155.511,160.934,0.966299,0
2718,1,155.511,160.934,0.966299,0
2719,1,786.227,788.579,0.997017,0
2720,1,786.227,788.579,0.997017,0
2721,1,493.22,498.897,0.988621,0
2722,1,493.22,498.897,0.988621,0
2723,1,157.993,160.934,0.98172,0
2724,1,157.993,160.934,0.98172,0
2725,1,238.381,241.402,0.987486,0
2726,1,238.381,241.402,0.987486,0
2727,1,385.652,386.243,0.998471,0
2728,1,385.652,386.243,0.998471,0
2729,1,606.064,611.551,0.991028,0
2730,1,606.064,611.551,0.991028,0
2731,1,420.918,418.429,1.005949,0
2732,1,420.918,418.429,1.005949,0
2733,1,180.592,177.028,1.020135,0
2734,1,180.592,177.028,1.020135,0
2735,1,380.804,386.243,0.98592,0
2736,1,380.804,386.243,0.98592,0
2737,1,319.754,321.869,0.993431,0
2738,1,319.754,321.869,0.993431,0
2739,1,803.845,804.672,0.998972,0
2740,1,803.845,804.672,0.998972,0
2741,1,787.41,788.579,0.998519,0
2742,1,787.41,788.579,0.998519,0
2743,1,707.246,708.111,0.998778,0
2744,1,707.246,708.111,0.998778,0
2745,1,417.799,418.429,0.998494,0
2746,1,417.799,418.429,0.998494,0
2747,1,446.972,450.616,0.991913,0
2748,1,446.972,450.616,0.991913,0
2749,1,521.621,514.99,1.012875,0
2750,1,521.621,514.99,1.012875,0
2751,1,532.973,531.084,1.003558,0
2752,1,532.973,531.084,1.003558,0
2753,1,560.157,563.27,0.994473,0
2754,1,560.157,563.27,0.994473,0
2755,1,853.213,852.952,1.000306,0
2756,1,853.213,852.952,1.000306,0
2757,1,1234.936,1239.195,0.996563,0
2758,1,1234.936,1239.195,0.996563,0
2759,1,697.463,692.018,1.007869,0
2760,1,697.463,692.018,1.007869,0
2761,1,941.165,933.42,1.008298,0
2762,1,941.165,933.42,1.008298,0
2763,1,1122.442,1126.541,0.996362,0
2764,1,1122.442,1126.541,0.996362,0
2765,1,764.263,772.485,0.989356,0
2766,1,764.263,772.485,0.989356,0
2767,1,214.731,209.215,1.026368,0
2768,1,214.731,209.215,1.026368,0
2769,1,1180.717,1190.915,0.991438,0
2770,1,1180.717,1190.915,0.991438,0
2771,1,688.717,692.018,0.995231,0
2772,1,688.717,692.018,0.995231,0
2773,1,505.228,498.897,1.012692,0
2774,1,505.228,498.897,1.012692,0
2775,1,1046.823,1046.074,1.000716,0
2776,1,1046.823,1046.074,1.000716,0
2777,1,969.624,965.606,1.004161,0
2778,1,969.624,965.606,1.004161,0
2779,1,756.614,756.392,1.000294,0
2780,1,756.614,756.392,1.000294,0
2781,1,922.8,917.326,1.005967,0
2782,1,922.8,917.326,1.005967,0
2783,1,740.905,740.298,1.00082,0
2784,1,740.905,740.298,1.00082,0
2785,1,533.501,531.084,1.004551,0
2786,1,533.501,531.084,1.004551,0
2787,1,1395.572,1384.036,1.008336,0
2788,1,1395.572,1384.036,1.008336,0
2789,1,1303.923,1303.569,1.000272,0
2790,1,1303.923,1303.569,1.000272,0
2791,1,678.373,675.924,1.003622,0
2792,1,678.373,675.924,1.003622,0
2793,1,644.292,643.738,1.000862,0
2794,1,644.292,643.738,1.000862,0
2795,1,821.047,820.765,1.000343,0
2796,1,821.047,820.765,1.000343,0
2797,1,1064.721,1062.167,1.002404,0
2798,1,1064.721,1062.167,1.002404,0
2799,1,1108.441,1110.447,0.998193,0
2800,1,1108.441,1110.447,0.998193,0
2801,1,1291.234,1287.475,1.00292,0
2802,1,1291.234,1287.475,1.00292,0
2803,1,505.624,498.897,1.013485,0
2804,1,505.624,498.897,1.013485,0
2805,1,789.044,788.579,1.00059,0
2806,1,789.044,788.579,1.00059,0
2807,1,527.829,531.084,0.993871,0
2808,1,527.829,531.084,0.993871,0
2809,1,710.333,708.111,1.003138,0
2810,1,710.333,708.111,1.003138,0
2811,1,1188.244,1190.915,0.997758,0
2812,1,1188.244,1190.915,0.997758,0
2813,1,470.577,466.71,1.008287,0
2814,1,470.577,466.71,1.008287,0
2815,1,1203.616,1207.008,0.99719,0
2816,1,1203.616,1207.008,0.99719,0
2817,1,825.003,820.765,1.005162,0
2818,1,825.003,820.765,1.005162,0
2819,1,894.066,901.233,0.992048,0
2820,1,894.066,901.233,0.992048,0
2821,1,424.212,418.429,1.013819,0
2822,1,424.212,418.429,1.013819,0
2823,1,841.476,836.859,1.005517,0
2824,1,841.476,836.859,1.005517,0
2825,1,370.749,370.149,1.001622,0
2826,1,370.749,370.149,1.001622,0
2827,1,801.942,804.672,0.996607,0
2828,1,801.942,804.672,0.996607,0
2829,1,574.548,579.364,0.991688,0
2830,1,574.548,579.364,0.991688,0
2831,1,571.879,563.27,1.015283,0
2832,1,571.879,563.27,1.015283,0
2833,1,1101.926,1094.354,1.006919,0
2834,1,1101.926,1094.354,1.006919,0
2835,1,1224.348,1223.101,1.00102,0
2836,1,1224.348,1223.101,1.00102,0
2837,1,771.694,772.485,0.998976,0
2838,1,771.694,772.485,0.998976,0
2839,1,552.012,547.177,1.008836,0
2840,1,552.012,547.177,1.008836,0
2841,1,298.156,305.775,0.975082,0
2842,1,298.156,305.775,0.975082,0
2843,1,578.979,579.364,0.999335,0
2844,1,578.979,579.364,0.999335,0
2845,1,453.613,450.616,1.006649,0
2846,1,453.613,450.616,1.006649,0
2847,1,555.635,563.27,0.986444,0
2848,1,555.635,563.27,0.986444,0
2849,1,1019.762,1013.887,1.005794,0
2850,1,1019.762,1013.887,1.005794,0
2851,1,449.807,450.616,0.998204,0
2852,1,449.807,450.616,0.998204,0
2853,1,280.141,273.588,1.023952,0
2854,1,280.141,273.588,1.023952,0
2855,1,1256.308,1255.288,1.000813,0
2856,1,1256.308,1255.288,1.000813,0
2857,1,1269.052,1271.382,0.998167,0
2858,1,1269.052,1271.382,0.998167,0
2859,1,997.866,997.793,1.000073,0
2860,1,997.866,997.793,1.000073,0
2861,1,1145.002,1142.634,1.002072,0
2862,1,1145.002,1142.634,1.002072,0
2863,1,781.124,772.485,1.011184,0
2864,1,781.124,772.485,1.011184,0
2865,1,706.352,708.111,0.997515,0
2866,1,706.352,708.111,0.997515,0
2867,1,1084.515,1078.26,1.005801,0
2868,1,1084.515,1078.26,1.005801,0
2869,1,968.832,965.606,1.00334,0
2870,1,968.832,965.606,1.00334,0
2871,1,1044.299,1046.074,0.998304,0
2872,1,1044.299,1046.074,0.998304,0
2873,1,1258.85,1255.288,1.002838,0
2874,1,1258.85,1255.288,1.002838,0
2875,1,1316.038,1319.662,0.997254,0
2876,1,1316.038,1319.662,0.997254,0
2877,1,549.827,547.177,1.004842,0
2878,1,549.827,547.177,1.004842,0
2879,1,715.656,708.111,1.010655,0
2880,1,715.656,708.111,1.010655,0
2881,1,635.968,643.738,0.987931,0
2882,1,635.968,643.738,0.987931,0
2883,1,547.941,547.177,1.001397,0
2884,1,547.941,547.177,1.001397,0
2885,1,616.924,611.551,1.008786,0
2886,1,616.924,611.551,1.008786,0
2887,1,463.769,466.71,0.993698,0
2888,1,463.769,466.71,0.993698,0
2889,1,260.048,257.495,1.009914,0
2890,1,260.048,257.495,1.009914,0
2891,1,772.875,772.485,1.000504,0
2892,1,772.875,772.485,1.000504,0
2893,1,483.32,482.803,1.001071,0
2894,1,483.32,482.803,1.001071,0
2895,1,657.126,659.831,0.9959,0
2896,1,657.126,659.831,0.9959,0
2897,1,663.433,659.831,1.005459,0
2898,1,663.433,659.831,1.005459,0
2899,1,264.381,257.495,1.02674,0
2900,1,264.381,257.495,1.02674,0
2901,1,77.775,80.467,0.966549,0
2902,1,77.775,80.467,0.966549,0
2903,1,695.482,692.018,1.005006,0
2904,1,695.482,692.018,1.005006,0
2905,1,340.732,337.962,1.008196,0
2906,1,340.732,337.962,1.008196,0
2907,1,899.824,901.233,0.998436,0
2908,1,899.824,901.233,0.998436,0
2909,1,1422.686,1416.223,1.004564,0
2910,1,1422.686,1416.223,1.004564,0
2911,1,282.404,289.682,0.974877,0
2912,1,282.404,289.682,0.974877,0
2913,1,270.562,273.588,0.988937,0
2914,1,270.562,273.588,0.988937,0
2915,1,968.693,965.606,1.003197,0
2916,1,968.693,965.606,1.003197,0
2917,1,442.375,434.523,1.018071,0
2918,1,442.375,434.523,1.018071,0
2919,1,561.511,563.27,0.996877,0
2920,1,561.511,563.27,0.996877,0
2921,1,978.066,981.7,0.996299,0
2922,1,978.066,981.7,0.996299,0
2923,1,561.501,563.27,0.996859,0
2924,1,561.501,563.27,0.996859,0
2925,1,974.905,981.7,0.993078,0
2926,1,974.905,981.7,0.993078,0
2927,1,880.619,885.139,0.994894,0
2928,1,880.619,885.139,0.994894,0
2929,1,904.111,901.233,1.003194,0
2930,1,904.111,901.233,1.003194,0
2931,1,540.735,547.177,0.988226,0
2932,1,540.735,547.177,0.988226,0
2933,1,401.624,402.336,0.998231,0
2934,1,401.624,402.336,0.998231,0
2935,1,1572.554,1577.157,0.997082,0
2936,1,1572.554,1577.157,0.997082,0
2937,1,1287.977,1287.475,1.00039,0
2938,1,1287.977,1287.475,1.00039,0
2939,1,904.741,901.233,1.003893,0
2940,1,904.741,901.233,1.003893,0
2941,1,593.124,595.457,0.996082,0
2942,1,593.124,595.457,0.996082,0
2943,1,921.077,917.326,1.004089,0
2944,1,921.077,917.326,1.004089,0
2945,1,442.332,450.616,0.981615,0
2946,1,442.332,450.616,0.981615,0
2947,1,1238.307,1239.195,0.999284,0
2948,1,1238.307,1239.195,0.999284,0
2949,1,1016.234,1013.887,1.002315,0
2950,1,1016.234,1013.887,1.002315,0
2951,1,964.258,965.606,0.998603,0
2952,1,964.258,965.606,0.998603,0
2953,1,794.758,788.579,1.007836,0
2954,1,794.758,788.579,1.007836,0
2955,1,737.183,740.298,0.995792,0
2956,1,737.183,740.298,0.995792,0
2957,1,1172.911,1174.821,0.998374,0
2958,1,1172.911,1174.821,0.998374,0
2959,1,313.82,305.775,1.026309,0
2960,1,313.82,305.775,1.026309,0
2961,1,547.167,547.177,0.999981,0
2962,1,547.167,547.177,0.999981,0
2963,1,1168.039,1158.728,1.008036,0
2964,1,1168.039,1158.728,1.008036,0
2965,1,789.118,788.579,1.000684,0
2966,1,789.118,788.579,1.000684,0
2967,1,924.477,917.326,1.007795,0
2968,1,924.477,917.326,1.007795,0
2969,1,687.193,692.018,0.993028,0
2970,1,687.193,692.018,0.993028,0
2971,1,397.716,402.336,0.988518,0
2972,1,397.716,402.336,0.988518,0
2973,1,1632.074,1625.437,1.004083,0
2974,1,1632.074,1625.437,1.004083,0
2975,1,699.937,692.018,1.011444,0
2976,1,699.937,692.018,1.011444,0
2977,1,517.641,514.99,1.005147,0
2978,1,517.641,514.99,1.005147,0
2979,1,388.698,386.243,1.006357,0
2980,1,388.698,386.243,1.006357,0
2981,1,971.151,965.606,1.005742,0
2982,1,971.151,965.606,1.005742,0
2983,1,618.404,611.551,1.011207,0
2984,1,618.404,611.551,1.011207,0
2985,1,621.029,627.644,0.98946,0
2986,1,621.029,627.644,0.98946,0
2987,1,773.067,772.485,1.000753,0
2988,1,773.067,772.485,1.000753,0
2989,1,1159.724,1158.728,1.00086,0
2990,1,1159.724,1158.728,1.00086,0
2991,1,380.788,386.243,0.985877,0
2992,1,380.788,386.243,0.985877,0
2993,1,242.031,241.402,1.002609,0
2994,1,242.031,241.402,1.002609,0
2995,1,361.312,354.056,1.020495,0
2996,1,361.312,354.056,1.020495,0
2997,1,2227.285,2220.895,1.002878,0
2998,1,2227.285,2220.895,1.002878,0
2999,1,527.588,531.084,0.993419,0
3000,1,527.588,531.084,0.993419,0
3001,1,1073.654,1078.26,0.995728,0
3002,1,1073.654,1078.26,0.995728,0
3003,1,604.977,611.551,0.989251,0
3004,1,604.977,611.551,0.989251,0
3005,1,1347.79,1351.849,0.996997,0
3006,1,1347.79,1351.849,0.996997,0
3007,1,644.53,643.738,1.001231,0
3008,1,644.53,643.738,1.001231,0
3009,1,1476.09,1480.596,0.996956,0
3010,1,1476.09,1480.596,0.996956,0
3011,1,793.13,788.579,1.005772,0
3012,1,793.13,788.579,1.005772,0
3013,1,465.714,466.71,0.997866,0
3014,1,465.714,466.71,0.997866,0
3015,1,378.269,370.149,1.021936,0
3016,1,378.269,370.149,1.021936,0
3017,1,591.63,595.457,0.993572,0
3018,1,591.63,595.457,0.993572,0
3019,1,553.075,547.177,1.01078,0
3020,1,553.075,547.177,1.01078,0
3021,1,550.518,547.177,1.006105,0
3022,1,550.518,547.177,1.006105,0
3023,1,527.29,531.084,0.992858,0
3024,1,527.29,531.084,0.992858,0
3025,1,380.327,386.243,0.984683,0
3026,1,380.327,386.243,0.984683,0
3027,1,336.947,337.962,0.996997,0
3028,1,336.947,337.962,0.996997,0
3029,1,366.438,370.149,0.989975,0
3030,1,366.438,370.149,0.989975,0
3031,1,262.959,257.495,1.021221,0
3032,1,262.959,257.495,1.021221,0
3033,1,1135.111,1142.634,0.993416,0
3034,1,1135.111,1142.634,0.993416,0
3035,1,718.018,708.111,1.01399,0
3036,1,718.018,708.111,1.01399,0
3037,1,461.006,466.71,0.98778,0
3038,1,461.006,466.71,0.98778,0
3039,1,1553.285,1561.064,0.995017,0
3040,1,1553.285,1561.064,0.995017,0
3041,1,530.266,531.084,0.99846,0
3042,1,530.266,531.084,0.99846,0
3043,1,652.864,643.738,1.014177,0
3044,1,652.864,643.738,1.014177,0
3045,1,655.053,659.831,0.992758,0
3046,1,655.053,659.831,0.992758,0
3047,1,674.165,675.924,0.997397,0
3048,1,674.165,675.924,0.997397,0
3049,1,835.329,836.859,0.998172,0
3050,1,835.329,836.859,0.998172,0
3051,1,733.425,740.298,0.990716,0
3052,1,733.425,740.298,0.990716,0
3053,1,360.274,354.056,1.017563,0
3054,1,360.274,354.056,1.017563,0
3055,1,837.725,836.859,1.001034,0
3056,1,837.725,836.859,1.001034,0
3057,1,501.293,498.897,1.004803,0
3058,1,501.293,498.897,1.004803,0
3059,1,360.591,354.056,1.018457,0
3060,1,360.591,354.056,1.018457,0
3061,1,494.205,498.897,0.990596,0
3062,1,494.205,498.897,0.990596,0
3063,1,1086.25,1078.26,1.00741,0
3064,1,1086.25,1078.26,1.00741,0
3065,1,267.802,273.588,0.978851,0
3066,1,267.802,273.588,0.978851,0
3067,1,1034.53,1029.98,1.004418,0
3068,1,1034.53,1029.98,1.004418,0
3069,1,720.073,724.205,0.994295,0
3070,1,720.073,724.205,0.994295,0
3071,1,468.29,466.71,1.003386,0
3072,1,468.29,466.71,1.003386,0
3073,1,494.25,498.897,0.990687,0
3074,1,494.25,498.897,0.990687,0
3075,1,436.008,434.523,1.003418,0
3076,1,436.008,434.523,1.003418,0
3077,1,1553.251,1544.97,1.00536,0
3078,1,1553.251,1544.97,1.00536,0
3079,1,1091.53,1094.354,0.99742,0
3080,1,1091.53,1094.354,0.99742,0
3081,1,362.4,354.056,1.023567,0
3082,1,362.4,354.056,1.023567,0
3083,1,651.432,659.831,0.987271,0
3084,1,651.432,659.831,0.987271,0
3085,1,1546.157,1544.97,1.000768,0
3086,1,1546.157,1544.97,1.000768,0
3087,1,361.825,354.056,1.021943,0
3088,1,361.825,354.056,1.021943,0
3089,1,307.506,305.775,1.00566,0
3090,1,307.506,305.775,1.00566,0
3091,1,609.304,611.551,0.996327,0
3092,1,609.304,611.551,0.996327,0
3093,1,1153.835,1142.634,1.009803,0
3094,1,1153.835,1142.634,1.009803,0
3095,1,222.025,225.308,0.985428,0
3096,1,222.025,225.308,0.985428,0
3097,1,589.975,595.457,0.990794,0
3098,1,589.975,595.457,0.990794,0
3099,1,506.973,514.99,0.984433,0
3100,1,506.973,514.99,0.984433,0
3101,1,1439.08,1432.316,1.004723,0
3102,1,1439.08,1432.316,1.004723,0
3103,1,1495.309,1496.69,0.999077,0
3104,1,1495.309,1496.69,0.999077,0
3105,1,929.234,933.42,0.995516,0
3106,1,929.234,933.42,0.995516,0
3107,1,1406.1,1400.129,1.004265,0
3108,1,1406.1,1400.129,1.004265,0
3109,1,512.934,514.99,0.996007,0
3110,1,512.934,514.99,0.996007,0
3111,1,635.551,627.644,1.012597,0
3112,1,635.551,627.644,1.012597,0
3113,1,1377.064,1367.942,1.006668,0
3114,1,1377.064,1367.942,1.006668,0
3115,1,638.165,643.738,0.991343,0
3116,1,638.165,643.738,0.991343,0
3117,1,693.777,692.018,1.002542,0
3118,1,693.777,692.018,1.002542,0
3119,1,447.509,450.616,0.993104,0
3120,1,447.509,450.616,0.993104,0
3121,1,501.17,498.897,1.004557,0
3122,1,501.17,498.897,1.004557,0
3123,1,230.008,225.308,1.020859,0
3124,1,230.008,225.308,1.020859,0
3125,1,207.54,209.215,0.991997,0
3126,1,207.54,209.215,0.991997,0
3127,1,160.426,160.934,0.996843,0
3128,1,160.426,160.934,0.996843,0
3129,1,491.243,498.897,0.984659,0
3130,1,491.243,498.897,0.984659,0
3131,1,430.341,434.523,0.990375,0
3132,1,430.341,434.523,0.990375,0
3133,1,152.044,144.841,1.04973,0
3134,1,152.044,144.841,1.04973,0
3135,1,599.928,595.457,1.007509,0
3136,1,599.928,595.457,1.007509,0
3137,1,430.153,434.523,0.989943,0
3138,1,430.153,434.523,0.989943,0
3139,1,242.66,241.402,1.005212,0
3140,1,242.66,241.402,1.005212,0
3141,1,289.534,289.682,0.99949,0
3142,1,289.534,289.682,0.99949,0
3143,1,227.953,225.308,1.011739,0
3144,1,227.953,225.308,1.011739,0
3145,1,175.251,177.028,0.989964,0
3146,1,175.251,177.028,0.989964,0
3147,1,435.149,434.523,1.001441,0
3148,1,435.149,434.523,1.001441,0
3149,1,142.239,144.841,0.982035,0
3150,1,142.239,144.841,0.982035,0
3151,1,119.959,112.654,1.064841,0
3152,1,119.959,112.654,1.064841,0
3153,1,168.529,160.934,1.047191,0
3154,1,168.529,160.934,1.047191,0
3155,1,336.102,337.962,0.994495,0
3156,1,336.102,337.962,0.994495,0
3157,1,342.474,337.962,1.013351,0
3158,1,342.474,337.962,1.013351,0
3159,1,364.902,370.149,0.985825,0
3160,1,364.902,370.149,0.985825,0
3161,1,297.507,289.682,1.027013,0
3162,1,297.507,289.682,1.027013,0
3163,1,668.847,675.924,0.989529,0
3164,1,668.847,675.924,0.989529,0
3165,1,304.809,305.775,0.99684,0
3166,1,304.809,305.775,0.99684,0
3167,1,465.903,466.71,0.998272,0
3168,1,465.903,466.71,0.998272,0
3169,1,659.033,659.831,0.998791,0
3170,1,659.033,659.831,0.998791,0
3171,1,447.463,450.616,0.993002,0
3172,1,447.463,450.616,0.993002,0
3173,1,180.979,177.028,1.022321,0
3174,1,180.979,177.028,1.022321,0
3175,1,585.964,579.364,1.011392,0
3176,1,585.964,579.364,1.011392,0
3177,1,934.385,933.42,1.001035,0
3178,1,934.385,933.42,1.001035,0
3179,1,356.683,354.056,1.007421,0
3180,1,356.683,354.056,1.007421,0
3181,1,247.774,241.402,1.026397,0
3182,1,247.774,241.402,1.026397,0
3183,1,316.817,321.869,0.984306,0
3184,1,316.817,321.869,0.984306,0
3185,1,257.242,257.495,0.999017,0
3186,1,257.242,257.495,0.999017,0
3187,1,647.61,643.738,1.006016,0
3188,1,647.61,643.738,1.006016,0
3189,1,506.388,514.99,0.983297,0
3190,1,506.388,514.99,0.983297,0
3191,1,425.095,418.429,1.015929,0
3192,1,425.095,418.429,1.015929,0
3193,1,364.641,370.149,0.98512,0
3194,1,364.641,370.149,0.98512,0
3195,1,572.526,579.364,0.988198,0
3196,1,572.526,579.364,0.988198,0
3197,1,672.788,675.924,0.99536,0
3198,1,672.788,675.924,0.99536,0
3199,1,675.126,675.924,0.998819,0
3200,1,675.126,675.924,0.998819,0
3201,1,551.867,547.177,1.008572,0
3202,1,551.867,547.177,1.008572,0
3203,1,234.415,241.402,0.971058,0
3204,1,234.415,241.402,0.971058,0
3205,1,505.888,498.897,1.014015,0
3206,1,505.888,498.897,1.014015,0
3207,1,189.981,193.121,0.98374,0
3208,1,189.981,193.121,0.98374,0
3209,1,648.437,643.738,1.007301,0
3210,1,648.437,643.738,1.007301,0
3211,1,328.673,321.869,1.02114,0
3212,1,328.673,321.869,1.02114,0
3213,1,543.288,547.177,0.992893,0
3214,1,543.288,547.177,0.992893,0
3215,1,373.969,370.149,1.010321,0
3216,1,373.969,370.149,1.010321,0
3217,1,238.196,241.402,0.986719,0
3218,1,238.196,241.402,0.986719,0
3219,1,137.524,144.841,0.94948,0
3220,1,137.524,144.841,0.94948,0
3221,1,457.146,450.616,1.014489,0
3222,1,457.146,450.616,1.014489,0
3223,1,227.988,225.308,1.011896,0
3224,1,227.988,225.308,1.011896,0
3225,1,994.644,997.793,0.996844,0
3226,1,994.644,997.793,0.996844,0
3227,1,491.414,498.897,0.985002,0
3228,1,491.414,498.897,0.985002,0
3229,1,1102.664,1094.354,1.007593,0
3230,1,1102.664,1094.354,1.007593,0
3231,1,425.365,418.429,1.016574,0
3232,1,425.365,418.429,1.016574,0
3233,1,409.249,402.336,1.017181,0
3234,1,409.249,402.336,1.017181,0
3235,1,880.611,885.139,0.994884,0
3236,1,880.611,885.139,0.994884,0
3237,1,347.039,354.056,0.980181,0
3238,1,347.039,354.056,0.980181,0
3239,1,384.131,386.243,0.994533,0
3240,1,384.131,386.243,0.994533,0
3241,1,398.623,402.336,0.990772,0
3242,1,398.623,402.336,0.990772,0
3243,1,477.645,482.803,0.989315,0
3244,1,477.645,482.803,0.989315,0
3245,1,394.204,386.243,1.020613,0
3246,1,394.204,386.243,1.020613,0
3247,1,541.574,547.177,0.989759,0
3248,1,541.574,547.177,0.989759,0
3249,1,1194.758,1190.915,1.003227,0
3250,1,1194.758,1190.915,1.003227,0
3251,1,565.943,563.27,1.004744,0
3252,1,565.943,563.27,1.004744,0
3253,1,725.206,724.205,1.001383,0
3254,1,725.206,724.205,1.001383,0
3255,1,588.665,595.457,0.988593,0
3256,1,588.665,595.457,0.988593,0
3257,1,325.663,321.869,1.011788,0
3258,1,325.663,321.869,1.011788,0
3259,1,582.057,579.364,1.004649,0
3260,1,582.057,579.364,1.004649,0
3261,1,304.971,305.775,0.99737,0
3262,1,304.971,305.775,0.99737,0
3263,1,858.9,852.952,1.006973,0
3264,1,858.9,852.952,1.006973,0
3265,1,453.098,450.616,1.005508,0
3266,1,453.098,450.616,1.005508,0
3267,1,833.049,836.859,0.995447,0
3268,1,833.049,836.859,0.995447,0
3269,1,564.799,563.27,1.002713,0
3270,1,564.799,563.27,1.002713,0
3271,1,794.741,788.579,1.007815,0
3272,1,794.741,788.579,1.007815,0
3273,1,647.922,643.738,1.0065,0
3274,1,647.922,643.738,1.0065,0
3275,1,583.318,579.364,1.006826,0
3276,1,583.318,579.364,1.006826,0
3277,1,679.35,675.924,1.005068,0
3278,1,679.35,675.924,1.005068,0
3279,1,341.211,337.962,1.009613,0
3280,1,341.211,337.962,1.009613,0
3281,1,499.646,498.897,1.001502,0
3282,1,499.646,498.897,1.001502,0
3283,1,408.012,402.336,1.014108,0
3284,1,408.012,402.336,1.014108,0
3285,1,686.777,692.018,0.992427,0
3286,1,686.777,692.018,0.992427,0
3287,1,581.232,579.364,1.003224,0
3288,1,581.232,579.364,1.003224,0
3289,1,301.068,305.775,0.984605,0
3290,1,301.068,305.775,0.984605,0
3291,1,337.804,337.962,0.999533,0
3292,1,337.804,337.962,0.999533,0
3293,1,310.854,305.775,1.016607,0
3294,1,310.854,305.775,1.016607,0
3295,1,163.644,160.934,1.016836,0
3296,1,163.644,160.934,1.016836,0
3297,1,424.343,418.429,1.014133,0
3298,1,424.343,418.429,1.014133,0
3299,1,421.604,418.429,1.007588,0
3300,1,421.604,418.429,1.007588,0
3301,1,529.818,531.084,0.997617,0
3302,1,529.818,531.084,0.997617,0
3303,1,445.777,450.616,0.989261,0
3304,1,445.777,450.616,0.989261,0
3305,1,697.758,692.018,1.008294,0
3306,1,697.758,692.018,1.008294,0
3307,1,472.936,466.71,1.013341,0
3308,1,472.936,466.71,1.013341,0
3309,1,208.749,209.215,0.997775,0
3310,1,208.749,209.215,0.997775,0
3311,1,319.753,321.869,0.993425,0
3312,1,319.753,321.869,0.993425,0
3313,1,123.796,128.748,0.961539,0
3314,1,123.796,128.748,0.961539,0
3315,1,451.888,450.616,1.002823,0
3316,1,451.888,450.616,1.002823,0
3317,1,525.944,531.084,0.990323,0
3318,1,525.944,531.084,0.990323,0
3319,1,517.227,514.99,1.004344,0
3320,1,517.227,514.99,1.004344,0
3321,1,1037.417,1029.98,1.007221,0
3322,1,1037.417,1029.98,1.007221,0
3323,1,2364.548,2365.736,0.999498,0
3324,1,2364.548,2365.736,0.999498,0
3325,1,260.633,257.495,1.012188,0
3326,1,260.633,257.495,1.012188,0
3327,1,551.674,547.177,1.008218,0
3328,1,551.674,547.177,1.008218,0
3329,1,345.857,337.962,1.023361,0
3330,1,345.857,337.962,1.023361,0
3331,1,724.411,724.205,1.000284,0
3332,1,724.411,724.205,1.000284,0
3333,1,350.278,354.056,0.98933,0
3334,1,350.278,354.056,0.98933,0
3335,1,399.627,402.336,0.993266,0
3336,1,399.627,402.336,0.993266,0
3337,1,378.354,386.243,0.979577,0
3338,1,378.354,386.243,0.979577,0
3339,1,320.465,321.869,0.995638,0
3340,1,320.465,321.869,0.995638,0
3341,1,247.292,241.402,1.0244,0
3342,1,247.292,241.402,1.0244,0
3343,1,1376.807,1384.036,0.994777,0
3344,1,1376.807,1384.036,0.994777,0
3345,1,777.856,772.485,1.006952,0
3346,1,777.856,772.485,1.006952,0
3347,1,450.816,450.616,1.000443,0
3348,1,450.816,450.616,1.000443,0
3349,1,475.406,466.71,1.018632,0
3350,1,475.406,466.71,1.018632,0
3351,1,452.868,450.616,1.004998,0
3352,1,452.868,450.616,1.004998,0
3353,1,1601.335,1593.251,1.005074,0
3354,1,1601.335,1593.251,1.005074,0
3355,1,425.193,418.429,1.016164,0
3356,1,425.193,418.429,1.016164,0
3357,1,423.711,418.429,1.012622,0
3358,1,423.711,418.429,1.012622,0
3359,1,497.251,498.897,0.996701,0
3360,1,497.251,498.897,0.996701,0
3361,1,1723.014,1721.998,1.00059,0
3362,1,1723.014,1721.998,1.00059,0
3363,1,1594.786,1593.251,1.000964,0
3364,1,1594.786,1593.251,1.000964,0
3365,1,357.774,354.056,1.010502,0
3366,1,357.774,354.056,1.010502,0
3367,1,685.357,692.018,0.990375,0
3368,1,685.357,692.018,0.990375,0
3369,1,418.197,418.429,0.999444,0
3370,1,418.197,418.429,0.999444,0
3371,1,608.748,611.551,0.995417,0
3372,1,608.748,611.551,0.995417,0
3373,1,513.643,514.99,0.997384,0
3374,1,513.643,514.99,0.997384,0
3375,1,363.61,370.149,0.982334,0
3376,1,363.61,370.149,0.982334,0
3377,1,209.673,209.215,1.002191,0
3378,1,209.673,209.215,1.002191,0
3379,1,1071.737,1078.26,0.99395,0
3380,1,1071.737,1078.26,0.99395,0
3381,1,340.996,337.962,1.008977,0
3382,1,340.996,337.962,1.008977,0
3383,1,405.358,402.336,1.00751,0
3384,1,405.358,402.336,1.00751,0
3385,1,431.543,434.523,0.993143,0
3386,1,431.543,434.523,0.993143,0
3387,1,637.737,643.738,0.990678,0
3388,1,637.737,643.738,0.990678,0
3389,1,575.348,579.364,0.993069,0
3390,1,575.348,579.364,0.993069,0
3391,1,3460.176,3460.09,1.000025,0
3392,1,3460.176,3460.09,1.000025,0
3393,1,1555.752,1561.064,0.996598,0
3394,1,1555.752,1561.064,0.996598,0
3395,1,1944.899,1947.306,0.998764,0
3396,1,1944.899,1947.306,0.998764,0
3397,1,2532.245,2526.67,1.002206,0
3398,1,2532.245,2526.67,1.002206,0
3399,1,2537.988,2542.764,0.998122,0
3400,1,2537.988,2542.764,0.998122,0
3401,1,1360.515,1351.849,1.00641,0
3402,1,1360.515,1351.849,1.00641,0
3403,1,2966.423,2961.193,1.001766,0
3404,1,2966.423,2961.193,1.001766,0
3405,1,1926.602,1915.119,1.005996,0
3406,1,1926.602,1915.119,1.005996,0
3407,1,1834.568,1834.652,0.999954,0
3408,1,1834.568,1834.652,0.999954,0
3409,1,3375.193,3379.622,0.998689,0
3410,1,3375.193,3379.622,0.998689,0
3411,1,1707.377,1705.905,1.000863,0
3412,1,1707.377,1705.905,1.000863,0
3413,1,4149.232,4152.108,0.999307,0
3414,1,4149.232,4152.108,0.999307,0
3415,1,4261.004,4248.668,1.002903,0
3416,1,4261.004,4248.668,1.002903,0
3417,1,1574.265,1577.157,0.998166,0
3418,1,1574.265,1577.157,0.998166,0
3419,1,2171.107,2172.614,0.999306,0
3420,1,2171.107,2172.614,0.999306,0
3421,1,2654.961,2655.418,0.999828,0
3422,1,2654.961,2655.418,0.999828,0
3423,1,2120.903,2124.334,0.998385,0
3424,1,2120.903,2124.334,0.998385,0
3425,1,4499.584,4490.07,1.002119,0
3426,1,4499.584,4490.07,1.002119,0
3427,1,1911.026,1915.119,0.997862,0
3428,1,1911.026,1915.119,0.997862,0
3429,1,2398.52,2397.923,1.000249,0
3430,1,2398.52,2397.923,1.000249,0
3431,1,3922.011,3926.799,0.998781,0
3432,1,3922.011,3926.799,0.998781,0
3433,1,1438.548,1448.41,0.993191,0
3434,1,1438.548,1448.41,0.993191,0
3435,1,3032.171,3041.66,0.99688,0
3436,1,3032.171,3041.66,0.99688,0
3437,1,2476.758,2478.39,0.999341,0
3438,1,2476.758,2478.39,0.999341,0
3439,1,2504.441,2510.577,0.997556,0
3440,1,2504.441,2510.577,0.997556,0
3441,1,973.393,965.606,1.008063,0
3442,1,973.393,965.606,1.008063,0
3443,1,3191.642,3186.501,1.001613,0
3444,1,3191.642,3186.501,1.001613,0
3445,1,1359.757,1351.849,1.00585,0
3446,1,1359.757,1351.849,1.00585,0
3447,1,1099.248,1094.354,1.004472,0
3448,1,1099.248,1094.354,1.004472,0
3449,1,2601.156,2591.044,1.003903,0
3450,1,2601.156,2591.044,1.003903,0
3451,1,2147.38,2140.428,1.003248,0
3452,1,2147.38,2140.428,1.003248,0
3453,1,1502.845,1496.69,1.004113,0
3454,1,1502.845,1496.69,1.004113,0
3455,1,1398.968,1400.129,0.999171,0
3456,1,1398.968,1400.129,0.999171,0
3457,1,2274.182,2285.268,0.995149,0
3458,1,2274.182,2285.268,0.995149,0
3459,1,970.806,965.606,1.005385,0
3460,1,970.806,965.606,1.005385,0
3461,1,2683.984,2671.511,1.004669,0
3462,1,2683.984,2671.511,1.004669,0
3463,1,2606.201,2607.137,0.999641,0
3464,1,2606.201,2607.137,0.999641,0
3465,1,2267.27,2269.175,0.999161,0
3466,1,2267.27,2269.175,0.999161,0
3467,1,1867.593,1866.839,1.000404,0
3468,1,1867.593,1866.839,1.000404,0
3469,1,2365.933,2365.736,1.000084,0
3470,1,2365.933,2365.736,1.000084,0
3471,1,1875.515,1866.839,1.004647,0
3472,1,1875.515,1866.839,1.004647,0
3473,1,2681.531,2671.511,1.003751,0
3474,1,2681.531,2671.511,1.003751,0
3475,1,1191.478,1190.915,1.000473,0
3476,1,1191.478,1190.915,1.000473,0
3477,1,2553.619,2542.764,1.004269,0
3478,1,2553.619,2542.764,1.004269,0
3479,1,1933.707,1931.213,1.001292,0
3480,1,1933.707,1931.213,1.001292,0
3481,1,2320.293,2317.455,1.001224,0
3482,1,2320.293,2317.455,1.001224,0
3483,1,2116.921,2108.241,1.004118,0
3484,1,2116.921,2108.241,1.004118,0
3485,1,1480.069,1480.596,0.999644,0
3486,1,1480.069,1480.596,0.999644,0
3487,1,1879.745,1882.932,0.998307,0
3488,1,1879.745,1882.932,0.998307,0
3489,1,2517.398,2526.67,0.99633,0
3490,1,2517.398,2526.67,0.99633,0
3491,1,2495.11,2494.483,1.000251,0
3492,1,2495.11,2494.483,1.000251,0
3493,1,877.08,869.046,1.009245,0
3494,1,877.08,869.046,1.009245,0
3495,1,763.556,756.392,1.009472,0
3496,1,763.556,756.392,1.009472,0
3497,1,1899.844,1899.026,1.000431,0
3498,1,1899.844,1899.026,1.000431,0
3499,1,1902.517,1899.026,1.001838,0
3500,1,1902.517,1899.026,1.001838,0
3501,1,2705.256,2703.698,1.000576,0
3502,1,2705.256,2703.698,1.000576,0
3503,1,3343.034,3347.436,0.998685,0
3504,1,3343.034,3347.436,0.998685,0
3505,1,2768.918,2768.072,1.000306,0
3506,1,2768.918,2768.072,1.000306,0
3507,1,1812.005,1802.465,1.005293,0
3508,1,1812.005,1802.465,1.005293,0
3509,1,594.254,595.457,0.997979,0
3510,1,594.254,595.457,0.997979,0
3511,1,2028.861,2027.773,1.000536,0
3512,1,2028.861,2027.773,1.000536,0
3513,1,3048.337,3041.66,1.002195,0
3514,1,3048.337,3041.66,1.002195,0
3515,1,1861.083,1866.839,0.996917,0
3516,1,1861.083,1866.839,0.996917,0
3517,1,2233.782,2236.988,0.998567,0
3518,1,2233.782,2236.988,0.998567,0
3519,1,1120.121,1126.541,0.994301,0
3520,1,1120.121,1126.541,0.994301,0
3521,1,2054.128,2059.96,0.997169,0
3522,1,2054.128,2059.96,0.997169,0
3523,1,1285.214,1287.475,0.998243,0
3524,1,1285.214,1287.475,0.998243,0
3525,1,2696.709,2703.698,0.997415,0
3526,1,2696.709,2703.698,0.997415,0
3527,1,1692.184,1689.811,1.001404,0
3528,1,1692.184,1689.811,1.001404,0
3529,1,930.054,933.42,0.996394,0
3530,1,930.054,933.42,0.996394,0
3531,1,2622.968,2623.231,0.9999,0
3532,1,2622.968,2623.231,0.9999,0
3533,1,1762.601,1770.278,0.995663,0
3534,1,1762.601,1770.278,0.995663,0
3535,1,849.721,852.952,0.996212,0
3536,1,849.721,852.952,0.996212,0
3537,1,2082.275,2076.054,1.002996,0
3538,1,2082.275,2076.054,1.002996,0
3539,1,749.896,740.298,1.012965,0
3540,1,749.896,740.298,1.012965,0
3541,1,1229.296,1223.101,1.005064,0
3542,1,1229.296,1223.101,1.005064,0
3543,1,2156.54,2156.521,1.000009,0
3544,1,2156.54,2156.521,1.000009,0
3545,1,2717.302,2719.791,0.999085,0
3546,1,2717.302,2719.791,0.999085,0
3547,1,1463.921,1464.503,0.999602,0
3548,1,1463.921,1464.503,0.999602,0
3549,1,1827.973,1834.652,0.996359,0
3550,1,1827.973,1834.652,0.996359,0
3551,1,3051.988,3041.66,1.003395,0
3552,1,3051.988,3041.66,1.003395,0
3553,1,1617.075,1609.344,1.004804,0
3554,1,1617.075,1609.344,1.004804,0
3555,1,1410.527,1416.223,0.995978,0
3556,1,1410.527,1416.223,0.995978,0
3557,1,3743.618,3733.678,1.002662,0
3558,1,3743.618,3733.678,1.002662,0
3559,1,1963.339,1963.4,0.999969,0
3560,1,1963.339,1963.4,0.999969,0
3561,1,1736.329,1738.092,0.998986,0
3562,1,1736.329,1738.092,0.998986,0
3563,1,3143.414,3154.314,0.996544,0
3564,1,3143.414,3154.314,0.996544,0
3565,1,1551.706,1544.97,1.00436,0
3566,1,1551.706,1544.97,1.00436,0
3567,1,3487.372,3492.276,0.998596,0
3568,1,3487.372,3492.276,0.998596,0
3569,1,1507.703,1496.69,1.007359,0
3570,1,1507.703,1496.69,1.007359,0
3571,1,2377.466,2365.736,1.004959,0
3572,1,2377.466,2365.736,1.004959,0
3573,1,2169.977,2156.521,1.00624,0
3574,1,2169.977,2156.521,1.00624,0
3575,1,1139.279,1142.634,0.997063,0
3576,1,1139.279,1142.634,0.997063,0
3577,1,1703.329,1705.905,0.99849,0
3578,1,1703.329,1705.905,0.99849,0
3579,1,971.51,965.606,1.006113,0
3580,1,971.51,965.606,1.006113,0
3581,1,1259.419,1255.288,1.00329,0
3582,1,1259.419,1255.288,1.00329,0
3583,1,801.86,804.672,0.996505,0
3584,1,801.86,804.672,0.996505,0
3585,1,2384.796,2381.829,1.001246,0
3586,1,2384.796,2381.829,1.001246,0
3587,1,1094.185,1094.354,0.999846,0
3588,1,1094.185,1094.354,0.999846,0
3589,1,1218.785,1223.101,0.996471,0
3590,1,1218.785,1223.101,0.996471,0
3591,1,2031.828,2027.773,1.001999,0
3592,1,2031.828,2027.773,1.001999,0
3593,1,1214.453,1207.008,1.006168,0
3594,1,1214.453,1207.008,1.006168,0
3595,1,1905.348,1899.026,1.003329,0
3596,1,1905.348,1899.026,1.003329,0
3597,1,941.784,949.513,0.991861,0
3598,1,941.784,949.513,0.991861,0
3599,1,1101.825,1094.354,1.006827,0
3600,1,1101.825,1094.354,1.006827,0
3601,1,1149.547,1158.728,0.992077,0
3602,1,1149.547,1158.728,0.992077,0
3603,1,2836.658,2848.539,0.995829,0
3604,1,2836.658,2848.539,0.995829,0
3605,1,2966.475,2961.193,1.001784,0
3606,1,2966.475,2961.193,1.001784,0
3607,1,1651.022,1657.624,0.996017,0
3608,1,1651.022,1657.624,0.996017,0
3609,1,858.05,852.952,1.005977,0
3610,1,858.05,852.952,1.005977,0
3611,1,1015.047,1013.887,1.001144,0
3612,1,1015.047,1013.887,1.001144,0
3613,1,2139.119,2140.428,0.999388,0
3614,1,2139.119,2140.428,0.999388,0
3615,1,1461.478,1464.503,0.997935,0
3616,1,1461.478,1464.503,0.997935,0
3617,1,3773.195,3781.958,0.997683,0
3618,1,3773.195,3781.958,0.997683,0
3619,1,1456.849,1448.41,1.005827,0
3620,1,1456.849,1448.41,1.005827,0
3621,1,1148.263,1142.634,1.004926,0
3622,1,1148.263,1142.634,1.004926,0
3623,1,1493.548,1496.69,0.997901,0
3624,1,1493.548,1496.69,0.997901,0
3625,1,990.13,981.7,1.008587,0
3626,1,990.13,981.7,1.008587,0
3627,1,1659.844,1657.624,1.001339,0
3628,1,1659.844,1657.624,1.001339,0
3629,1,1344.305,1335.756,1.0064,0
3630,1,1344.305,1335.756,1.0064,0
3631,1,1694.111,1689.811,1.002544,0
3632,1,1694.111,1689.811,1.002544,0
3633,1,1410.657,1416.223,0.99607,0
3634,1,1410.657,1416.223,0.99607,0
3635,1,929.516,933.42,0.995818,0
3636,1,929.516,933.42,0.995818,0
3637,1,2716.784,2703.698,1.00484,0
3638,1,2716.784,2703.698,1.00484,0
3639,1,1984.334,1979.493,1.002446,0
3640,1,1984.334,1979.493,1.002446,0
3641,1,1328.194,1319.662,1.006465,0
3642,1,1328.194,1319.662,1.006465,0
3643,1,1155.54,1158.728,0.997249,0
3644,1,1155.54,1158.728,0.997249,0
3645,1,1184.908,1190.915,0.994957,0
3646,1,1184.908,1190.915,0.994957,0
3647,1,1284.288,1287.475,0.997525,0
3648,1,1284.288,1287.475,0.997525,0
3649,1,972.926,965.606,1.007581,0
3650,1,972.926,965.606,1.007581,0
3651,1,1943.541,1947.306,0.998067,0
3652,1,1943.541,1947.306,0.998067,0
3653,1,1603.004,1609.344,0.996061,0
3654,1,1603.004,1609.344,0.996061,0
3655,1,2184.93,2172.614,1.005669,0
3656,1,2184.93,2172.614,1.005669,0
3657,1,2703.613,2703.698,0.999969,0
3658,1,2703.613,2703.698,0.999969,0
3659,1,1434.958,1432.316,1.001844,0
3660,1,1434.958,1432.316,1.001844,0
3661,1,1516.131,1512.783,1.002213,0
3662,1,1516.131,1512.783,1.002213,0
3663,1,1284.104,1287.475,0.997382,0
3664,1,1284.104,1287.475,0.997382,0
3665,1,2779.117,2768.072,1.00399,0
3666,1,2779.117,2768.072,1.00399,0
3667,1,1241.129,1239.195,1.001561,0
3668,1,1241.129,1239.195,1.001561,0
3669,1,2934.254,2929.006,1.001792,0
3670,1,2934.254,2929.006,1.001792,0
3671,1,1530.741,1528.877,1.001219,0
3672,1,1530.741,1528.877,1.001219,0
3673,1,3624.956,3621.024,1.001086,0
3674,1,3624.956,3621.024,1.001086,0
3675,1,2166.59,2156.521,1.004669,0
3676,1,2166.59,2156.521,1.004669,0
3677,1,2838.142,2848.539,0.99635,0
3678,1,2838.142,2848.539,0.99635,0
3679,1,690.654,692.018,0.998029,0
3680,1,690.654,692.018,0.998029,0
3681,1,3474.623,3476.183,0.999551,0
3682,1,3474.623,3476.183,0.999551,0
3683,1,3324.324,3331.342,0.997893,0
3684,1,3324.324,3331.342,0.997893,0
3685,1,6946.063,6936.273,1.001411,0
3686,1,6946.063,6936.273,1.001411,0
3687,1,4551.939,4538.35,1.002994,0
3688,1,4551.939,4538.35,1.002994,0
3689,1,4257.245,4264.762,0.998238,0
3690,1,4257.245,4264.762,0.998238,0
3691,1,4123.881,4119.921,1.000961,0
3692,1,4123.881,4119.921,1.000961,0
3693,1,2365.374,2365.736,0.999847,0
3694,1,2365.374,2365.736,0.999847,0
3695,1,1589.029,1593.251,0.99735,0
3696,1,1589.029,1593.251,0.99735,0
3697,1,1037.687,1029.98,1.007483,0
3698,1,1037.687,1029.98,1.007483,0
3699,1,1581.868,1577.157,1.002987,0
3700,1,1581.868,1577.157,1.002987,0
3701,1,831.891,836.859,0.994063,0
3702,1,831.891,836.859,0.994063,0
3703,1,953.86,949.513,1.004578,0
3704,1,953.86,949.513,1.004578,0
3705,1,1307.762,1303.569,1.003217,0
3706,1,1307.762,1303.569,1.003217,0
3707,1,2074.813,2076.054,0.999402,0
3708,1,2074.813,2076.054,0.999402,0
3709,1,1483.977,1480.596,1.002283,0
3710,1,1483.977,1480.596,1.002283,0
3711,1,4141.075,4152.108,0.997343,0
3712,1,4141.075,4152.108,0.997343,0
3713,1,3590.012,3588.837,1.000327,0
3714,1,3590.012,3588.837,1.000327,0
3715,1,3103.23,3106.034,0.999097,0
3716,1,3103.23,3106.034,0.999097,0
3717,1,2577.969,2591.044,0.994954,0
3718,1,2577.969,2591.044,0.994954,0
3719,1,2286.939,2285.268,1.000731,0
3720,1,2286.939,2285.268,1.000731,0
3721,1,2610.601,2607.137,1.001329,0
3722,1,2610.601,2607.137,1.001329,0
3723,1,3410.762,3395.716,1.004431,0
3724,1,3410.762,3395.716,1.004431,0
3725,1,1891.744,1899.026,0.996165,0
3726,1,1891.744,1899.026,0.996165,0
3727,1,2731.167,2719.791,1.004183,0
3728,1,2731.167,2719.791,1.004183,0
3729,1,2052.189,2059.96,0.996228,0
3730,1,2052.189,2059.96,0.996228,0
3731,1,2392.227,2397.923,0.997625,0
3732,1,2392.227,2397.923,0.997625,0
3733,1,2070.677,2076.054,0.99741,0
3734,1,2070.677,2076.054,0.99741,0
3735,1,1315.113,1319.662,0.996553,0
3736,1,1315.113,1319.662,0.996553,0
3737,1,2036.325,2027.773,1.004217,0
3738,1,2036.325,2027.773,1.004217,0
3739,1,1317.682,1319.662,0.998499,0
3740,1,1317.682,1319.662,0.998499,0
3741,1,2196.435,2204.801,0.996206,0
3742,1,2196.435,2204.801,0.996206,0
3743,1,1536.926,1544.97,0.994793,0
3744,1,1536.926,1544.97,0.994793,0
3745,1,1258.069,1255.288,1.002215,0
3746,1,1258.069,1255.288,1.002215,0
3747,1,2267.815,2269.175,0.999401,0
3748,1,2267.815,2269.175,0.999401,0
3749,1,1167.533,1158.728,1.007599,0
3750,1,1167.533,1158.728,1.007599,0
3751,1,1691.738,1689.811,1.00114,0
3752,1,1691.738,1689.811,1.00114,0
3753,1,918.113,917.326,1.000858,0
3754,1,918.113,917.326,1.000858,0
3755,1,1248.58,1239.195,1.007574,0
3756,1,1248.58,1239.195,1.007574,0
3757,1,1966.666,1963.4,1.001664,0
3758,1,1966.666,1963.4,1.001664,0
3759,1,1098.102,1094.354,1.003425,0
3760,1,1098.102,1094.354,1.003425,0
3761,1,1240.553,1239.195,1.001096,0
3762,1,1240.553,1239.195,1.001096,0
3763,1,1971.678,1979.493,0.996052,0
3764,1,1971.678,1979.493,0.996052,0
3765,1,1493.125,1496.69,0.997618,0
3766,1,1493.125,1496.69,0.997618,0
3767,1,1291.012,1287.475,1.002747,0
3768,1,1291.012,1287.475,1.002747,0
3769,1,2476.593,2462.296,1.005806,0
3770,1,2476.593,2462.296,1.005806,0
3771,1,1451.767,1448.41,1.002318,0
3772,1,1451.767,1448.41,1.002318,0
3773,1,1089.496,1094.354,0.995561,0
3774,1,1089.496,1094.354,0.995561,0
3775,1,4455.123,4441.789,1.003002,0
3776,1,4455.123,4441.789,1.003002,0
3777,1,1947.943,1947.306,1.000327,0
3778,1,1947.943,1947.306,1.000327,0
3779,1,2068.32,2059.96,1.004058,0
3780,1,2068.32,2059.96,1.004058,0
3781,1,3513.742,3524.463,0.996958,0
3782,1,3513.742,3524.463,0.996958,0
3783,1,1219.825,1223.101,0.997321,0
3784,1,1219.825,1223.101,0.997321,0
3785,1,1548.184,1544.97,1.00208,0
3786,1,1548.184,1544.97,1.00208,0
3787,1,1934.861,1931.213,1.001889,0
3788,1,1934.861,1931.213,1.001889,0
3789,1,2411.497,2414.016,0.998957,0
3790,1,2411.497,2414.016,0.998957,0
3791,1,1768.295,1770.278,0.99888,0
3792,1,1768.295,1770.278,0.99888,0
3793,1,1864.082,1866.839,0.998523,0
3794,1,1864.082,1866.839,0.998523,0
3795,1,3679.046,3685.398,0.998277,0
3796,1,3679.046,3685.398,0.998277,0
3797,1,3783.991,3781.958,1.000537,0
3798,1,3783.991,3781.958,1.000537,0
3799,1,4874.414,4876.312,0.999611,0
3800,1,4874.414,4876.312,0.999611,0
3801,1,1258.711,1255.288,1.002726,0
3802,1,1258.711,1255.288,1.002726,0
3803,1,2157.173,2156.521,1.000303,0
3804,1,2157.173,2156.521,1.000303,0
3805,1,3321.121,3315.249,1.001771,0
3806,1,3321.121,3315.249,1.001771,0
3807,1,3251.904,3234.781,1.005293,0
3808,1,3251.904,3234.781,1.005293,0
3809,1,1660.795,1657.624,1.001913,0
3810,1,1660.795,1657.624,1.001913,0
3811,1,1696.784,1705.905,0.994653,0
3812,1,1696.784,1705.905,0.994653,0
3813,1,1388.503,1384.036,1.003228,0
3814,1,1388.503,1384.036,1.003228,0
3815,1,920.371,917.326,1.00332,0
3816,1,920.371,917.326,1.00332,0
3817,1,1433.33,1432.316,1.000708,0
3818,1,1433.33,1432.316,1.000708,0
3819,1,915.946,917.326,0.998495,0
3820,1,915.946,917.326,0.998495,0
3821,1,2269.585,2269.175,1.000181,0
3822,1,2269.585,2269.175,1.000181,0
3823,1,1630.534,1625.437,1.003135,0
3824,1,1630.534,1625.437,1.003135,0
3825,1,1401.047,1400.129,1.000655,0
3826,1,1401.047,1400.129,1.000655,0
3827,1,3111.927,3122.127,0.996733,0
3828,1,3111.927,3122.127,0.996733,0
3829,1,1846.793,1850.746,0.997865,0
3830,1,1846.793,1850.746,0.997865,0
3831,1,825.431,820.765,1.005684,0
3832,1,825.431,820.765,1.005684,0
3833,1,2253.175,2253.082,1.000041,0
3834,1,2253.175,2253.082,1.000041,0
3835,1,930.212,933.42,0.996564,0
3836,1,930.212,933.42,0.996564,0
3837,1,1163.91,1158.728,1.004472,0
3838,1,1163.91,1158.728,1.004472,0
3839,1,816.112,820.765,0.99433,0
3840,1,816.112,820.765,0.99433,0
3841,1,1865.928,1866.839,0.999512,0
3842,1,1865.928,1866.839,0.999512,0
3843,1,2668.592,2655.418,1.004961,0
3844,1,2668.592,2655.418,1.004961,0
3845,1,1684.911,1689.811,0.9971,0
3846,1,1684.911,1689.811,0.9971,0
3847,1,1968.681,1963.4,1.00269,0
3848,1,1968.681,1963.4,1.00269,0
3849,1,1110.577,1110.447,1.000117,0
3850,1,1110.577,1110.447,1.000117,0
3851,1,1036.322,1029.98,1.006157,0
3852,1,1036.322,1029.98,1.006157,0
3853,1,2505.606,2494.483,1.004459,0
3854,1,2505.606,2494.483,1.004459,0
3855,1,1977.958,1979.493,0.999224,0
3856,1,1977.958,1979.493,0.999224,0
3857,1,2867.81,2880.726,0.995517,0
3858,1,2867.81,2880.726,0.995517,0
3859,1,2104.698,2092.147,1.005999,0
3860,1,2104.698,2092.147,1.005999,0
3861,1,2521.286,2526.67,0.997869,0
3862,1,2521.286,2526.67,0.997869,0
3863,1,4030.466,4039.453,0.997775,0
3864,1,4030.466,4039.453,0.997775,0
3865,1,3122.526,3122.127,1.000128,0
3866,1,3122.526,3122.127,1.000128,0
3867,1,1714.219,1721.998,0.995482,0
3868,1,1714.219,1721.998,0.995482,0
3869,1,1752.14,1754.185,0.998834,0
3870,1,1752.14,1754.185,0.998834,0
3871,1,1655.344,1657.624,0.998625,0
3872,1,1655.344,1657.624,0.998625,0
3873,1,512.254,514.99,0.994688,0
3874,1,512.254,514.99,0.994688,0
3875,1,1289.083,1287.475,1.001249,0
3876,1,1289.083,1287.475,1.001249,0
3877,1,2052.907,2059.96,0.996576,0
3878,1,2052.907,2059.96,0.996576,0
3879,1,1475.783,1480.596,0.996749,0
3880,1,1475.783,1480.596,0.996749,0
3881,1,2331.641,2333.549,0.999183,0
3882,1,2331.641,2333.549,0.999183,0
3883,1,2308.806,2301.362,1.003234,0
3884,1,2308.806,2301.362,1.003234,0
3885,1,2651.709,2655.418,0.998604,0
3886,1,2651.709,2655.418,0.998604,0
3887,1,2248.986,2236.988,1.005363,0
3888,1,2248.986,2236.988,1.005363,0
3889,1,2598.193,2591.044,1.002759,0
3890,1,2598.193,2591.044,1.002759,0
3891,1,722.467,724.205,0.997601,0
3892,1,722.467,724.205,0.997601,0
3893,1,2841.002,2848.539,0.997354,0
3894,1,2841.002,2848.539,0.997354,0
3895,1,3324.767,3331.342,0.998026,0
3896,1,3324.767,3331.342,0.998026,0
3897,1,1721.105,1721.998,0.999481,0
3898,1,1721.105,1721.998,0.999481,0
3899,1,1352.787,1351.849,1.000694,0
3900,1,1352.787,1351.849,1.000694,0
3901,1,1231.589,1223.101,1.00694,0
3902,1,1231.589,1223.101,1.00694,0
3903,1,2120.033,2124.334,0.997975,0
3904,1,2120.033,2124.334,0.997975,0
3905,1,2730.237,2735.885,0.997935,0
3906,1,2730.237,2735.885,0.997935,0
3907,1,2517.11,2510.577,1.002602,0
3908,1,2517.11,2510.577,1.002602,0
3909,1,2187.969,2188.708,0.999662,0
3910,1,2187.969,2188.708,0.999662,0
3911,1,2211.41,2220.895,0.995729,0
3912,1,2211.41,2220.895,0.995729,0
3913,1,1943.008,1931.213,1.006108,0
3914,1,1943.008,1931.213,1.006108,0
3915,1,845.185,836.859,1.00995,0
3916,1,845.185,836.859,1.00995,0
3917,1,1195.814,1190.915,1.004114,0
3918,1,1195.814,1190.915,1.004114,0
3919,1,2245.091,2253.082,0.996453,0
3920,1,2245.091,2253.082,0.996453,0
3921,1,3190.662,3186.501,1.001306,0
3922,1,3190.662,3186.501,1.001306,0
3923,1,1747.263,1754.185,0.996054,0
3924,1,1747.263,1754.185,0.996054,0
3925,1,1366.643,1367.942,0.99905,0
3926,1,1366.643,1367.942,0.99905,0
3927,1,3070.839,3057.754,1.004279,0
3928,1,3070.839,3057.754,1.004279,0
3929,1,1538.398,1544.97,0.995746,0
3930,1,1538.398,1544.97,0.995746,0
3931,1,1373.674,1384.036,0.992513,0
3932,1,1373.674,1384.036,0.992513,0
3933,1,866.79,869.046,0.997404,0
3934,1,866.79,869.046,0.997404,0
3935,1,1094.782,1094.354,1.000392,0
3936,1,1094.782,1094.354,1.000392,0
3937,1,2355.419,2365.736,0.995639,0
3938,1,2355.419,2365.736,0.995639,0
3939,1,1756.235,1754.185,1.001169,0
3940,1,1756.235,1754.185,1.001169,0
3941,1,1514.933,1512.783,1.001421,0
3942,1,1514.933,1512.783,1.001421,0
3943,1,3935.656,3926.799,1.002255,0
3944,1,3935.656,3926.799,1.002255,0
3945,1,1909.852,1915.119,0.99725,0
3946,1,1909.852,1915.119,0.99725,0
3947,1,2469.509,2462.296,1.002929,0
3948,1,2469.509,2462.296,1.002929,0
3949,1,956.474,965.606,0.990542,0
3950,1,956.474,965.606,0.990542,0
3951,1,1161.498,1158.728,1.002391,0
3952,1,1161.498,1158.728,1.002391,0
3953,1,2424.874,2430.109,0.997845,0
3954,1,2424.874,2430.109,0.997845,0
3955,1,1588.235,1577.157,1.007024,0
3956,1,1588.235,1577.157,1.007024,0
3957,1,1724.518,1721.998,1.001464,0
3958,1,1724.518,1721.998,1.001464,0
3959,1,1354.256,1351.849,1.00178,0
3960,1,1354.256,1351.849,1.00178,0
3961,1,2129.881,2124.334,1.002611,0
3962,1,2129.881,2124.334,1.002611,0
3963,1,1696.635,1705.905,0.994566,0
3964,1,1696.635,1705.905,0.994566,0
3965,1,3116.582,3122.127,0.998224,0
3966,1,3116.582,3122.127,0.998224,0
3967,1,2204.318,2204.801,0.999781,0
3968,1,2204.318,2204.801,0.999781,0
3969,1,684.894,675.924,1.01327,0
3970,1,684.894,675.924,1.01327,0
3971,1,1604.882,1609.344,0.997227,0
3972,1,1604.882,1609.344,0.997227,0
3973,1,1774.761,1770.278,1.002532,0
3974,1,1774.761,1770.278,1.002532,0
3975,1,1936.765,1947.306,0.994587,0
3976,1,1936.765,1947.306,0.994587,0
3977,1,1759.639,1754.185,1.003109,0
3978,1,1759.639,1754.185,1.003109,0
3979,1,1400.349,1400.129,1.000157,0
3980,1,1400.349,1400.129,1.000157,0
3981,1,1801.174,1802.465,0.999284,0
3982,1,1801.174,1802.465,0.999284,0
3983,1,876.997,869.046,1.00915,0
3984,1,876.997,869.046,1.00915,0
3985,1,2057.963,2059.96,0.999031,0
3986,1,2057.963,2059.96,0.999031,0
3987,1,1679.783,1673.718,1.003624,0
3988,1,1679.783,1673.718,1.003624,0
3989,1,1378.531,1384.036,0.996023,0
3990,1,1378.531,1384.036,0.996023,0
3991,1,1636.832,1641.531,0.997138,0
3992,1,1636.832,1641.531,0.997138,0
3993,1,1437.9,1432.316,1.003899,0
3994,1,1437.9,1432.316,1.003899,0
3995,1,1298.059,1303.569,0.995774,0
3996,1,1298.059,1303.569,0.995774,0
3997,1,374.305,370.149,1.011228,0
3998,1,374.305,370.149,1.011228,0
3999,1,2578.218,2574.95,1.001269,0
4000,1,2578.218,2574.95,1.001269,0
4001,1,2039.225,2043.867,0.997729,0
4002,1,2039.225,2043.867,0.997729,0
4003,1,1857.865,1850.746,1.003847,0
4004,1,1857.865,1850.746,1.003847,0
4005,1,1665.923,1657.624,1.005006,0
4006,1,1665.923,1657.624,1.005006,0
4007,1,2036.846,2043.867,0.996565,0
4008,1,2036.846,2043.867,0.996565,0
4009,1,2381.231,2381.829,0.999749,0
4010,1,2381.231,2381.829,0.999749,0
4011,1,2775.887,2768.072,1.002823,0
4012,1,2775.887,2768.072,1.002823,0
4013,1,2450.371,2446.203,1.001704,0
4014,1,2450.371,2446.203,1.001704,0
4015,1,2117.098,2124.334,0.996594,0
4016,1,2117.098,2124.334,0.996594,0
4017,1,1950.745,1947.306,1.001766,0
4018,1,1950.745,1947.306,1.001766,0
4019,1,3071.027,3057.754,1.004341,0
4020,1,3071.027,3057.754,1.004341,0
4021,1,1662.256,1657.624,1.002794,0
4022,1,1662.256,1657.624,1.002794,0
4023,1,1446.725,1448.41,0.998837,0
4024,1,1446.725,1448.41,0.998837,0
4025,1,1341.303,1351.849,0.992199,0
4026,1,1341.303,1351.849,0.992199,0
4027,1,2207.62,2204.801,1.001278,0
4028,1,2207.62,2204.801,1.001278,0
4029,1,992.972,997.793,0.995168,0
4030,1,992.972,997.793,0.995168,0
4031,1,2275.701,2269.175,1.002876,0
4032,1,2275.701,2269.175,1.002876,0
4033,1,1272.217,1271.382,1.000657,0
4034,1,1272.217,1271.382,1.000657,0
4035,1,2037.887,2027.773,1.004987,0
4036,1,2037.887,2027.773,1.004987,0
4037,1,767.965,772.485,0.994148,0
4038,1,767.965,772.485,0.994148,0
4039,1,2020.369,2027.773,0.996349,0
4040,1,2020.369,2027.773,0.996349,0
4041,1,2197.851,2204.801,0.996848,0
4042,1,2197.851,2204.801,0.996848,0
4043,1,1509.647,1512.783,0.997927,0
4044,1,1509.647,1512.783,0.997927,0
4045,1,2221.138,2220.895,1.00011,0
4046,1,2221.138,2220.895,1.00011,0
4047,1,3257.044,3250.875,1.001898,0
4048,1,3257.044,3250.875,1.001898,0
4049,1,1773.607,1770.278,1.00188,0
4050,1,1773.607,1770.278,1.00188,0
4051,1,1451.416,1448.41,1.002075,0
4052,1,1451.416,1448.41,1.002075,0
4053,1,3087.106,3089.94,0.999083,0
4054,1,3087.106,3089.94,0.999083,0
4055,1,1192.338,1190.915,1.001195,0
4056,1,1192.338,1190.915,1.001195,0
4057,1,2287.568,2285.268,1.001006,0
4058,1,2287.568,2285.268,1.001006,0
4059,1,2544.954,2542.764,1.000861,0
4060,1,2544.954,2542.764,1.000861,0
4061,1,1176.805,1174.821,1.001689,0
4062,1,1176.805,1174.821,1.001689,0
4063,1,1089.113,1094.354,0.995211,0
4064,1,1089.113,1094.354,0.995211,0
4065,1,1826.085,1818.559,1.004139,0
4066,1,1826.085,1818.559,1.004139,0
4067,1,2390.204,2381.829,1.003516,0
4068,1,2390.204,2381.829,1.003516,0
4069,1,905.232,901.233,1.004438,0
4070,1,905.232,901.233,1.004438,0
4071,1,1037.919,1046.074,0.992205,0
4072,1,1037.919,1046.074,0.992205,0
4073,1,955.748,949.513,1.006567,0
4074,1,955.748,949.513,1.006567,0
4075,1,1244.352,1239.195,1.004161,0
4076,1,1244.352,1239.195,1.004161,0
4077,1,2520.109,2526.67,0.997403,0
4078,1,2520.109,2526.67,0.997403,0
4079,1,1242.067,1239.195,1.002317,0
4080,1,1242.067,1239.195,1.002317,0
4081,1,2438.146,2446.203,0.996706,0
4082,1,2438.146,2446.203,0.996706,0
4083,1,1334.787,1335.756,0.999275,0
4084,1,1334.787,1335.756,0.999275,0
4085,1,2544.389,2542.764,1.000639,0
4086,1,2544.389,2542.764,1.000639,0
4087,1,3369.677,3363.529,1.001828,0
4088,1,3369.677,3363.529,1.001828,0
4089,1,2249.904,2253.082,0.99859,0
4090,1,2249.904,2253.082,0.99859,0
4091,1,2236.301,2236.988,0.999693,0
4092,1,2236.301,2236.988,0.999693,0
4093,1,2672.83,2671.511,1.000494,0
4094,1,2672.83,2671.511,1.000494,0
4095,1,1435.898,1432.316,1.002501,0
4096,1,1435.898,1432.316,1.002501,0
4097,1,1943.188,1931.213,1.006201,0
4098,1,1943.188,1931.213,1.006201,0
4099,1,2370.006,2365.736,1.001805,0
4100,1,2370.006,2365.736,1.001805,0
4101,1,1898.458,1899.026,0.999701,0
4102,1,1898.458,1899.026,0.999701,0
4103,1,520.056,514.99,1.009837,0
4104,1,520.056,514.99,1.009837,0
4105,1,5902.016,5890.199,1.002006,0
4106,1,5902.016,5890.199,1.002006,0
4107,1,1475.008,1464.503,1.007173,0
4108,1,1475.008,1464.503,1.007173,0
4109,1,1644.998,1641.531,1.002112,0
4110,1,1644.998,1641.531,1.002112,0
4111,1,1690.422,1689.811,1.000362,0
4112,1,1690.422,1689.811,1.000362,0
4113,1,2047.95,2043.867,1.001998,0
4114,1,2047.95,2043.867,1.001998,0
4115,1,7230.884,7242.048,0.998458,0
4116,1,7230.884,7242.048,0.998458,0
4117,1,1420.144,1416.223,1.002769,0
4118,1,1420.144,1416.223,1.002769,0
4119,1,2057.806,2059.96,0.998954,0
4120,1,2057.806,2059.96,0.998954,0
4121,1,1741.458,1738.092,1.001937,0
4122,1,1741.458,1738.092,1.001937,0
4123,1,1474.693,1464.503,1.006958,0
4124,1,1474.693,1464.503,1.006958,0
4125,1,914.485,917.326,0.996903,0
4126,1,914.485,917.326,0.996903,0
4127,1,3595.97,3588.837,1.001987,0
4128,1,3595.97,3588.837,1.001987,0
4129,1,1144.616,1142.634,1.001735,0
4130,1,1144.616,1142.634,1.001735,0
4131,1,2729.035,2719.791,1.003399,0
4132,1,2729.035,2719.791,1.003399,0
4133,1,5086.075,5069.434,1.003283,0
4134,1,5086.075,5069.434,1.003283,0
4135,1,1715.365,1705.905,1.005546,0
4136,1,1715.365,1705.905,1.005546,0
4137,1,4499.549,4506.163,0.998532,0
4138,1,4499.549,4506.163,0.998532,0
4139,1,1332.335,1335.756,0.997439,0
4140,1,1332.335,1335.756,0.997439,0
4141,1,1459.484,1448.41,1.007646,0
4142,1,1459.484,1448.41,1.007646,0
4143,1,2048.009,2043.867,1.002026,0
4144,1,2048.009,2043.867,1.002026,0
4145,1,1422.757,1416.223,1.004614,0
4146,1,1422.757,1416.223,1.004614,0
4147,1,2948.275,2945.1,1.001078,0
4148,1,2948.275,2945.1,1.001078,0
4149,1,1703.473,1705.905,0.998574,0
4150,1,1703.473,1705.905,0.998574,0
4151,1,2485.453,2478.39,1.00285,0
4152,1,2485.453,2478.39,1.00285,0
4153,1,1303.759,1303.569,1.000146,0
4154,1,1303.759,1303.569,1.000146,0
4155,1,3757.151,3765.865,0.997686,0
4156,1,3757.151,3765.865,0.997686,0
4157,1,1789.33,1786.372,1.001656,0
4158,1,1789.33,1786.372,1.001656,0
4159,1,1880.282,1866.839,1.007201,0
4160,1,1880.282,1866.839,1.007201,0
4161,1,2287.118,2285.268,1.000809,0
4162,1,2287.118,2285.268,1.000809,0
4163,1,6091.841,6099.414,0.998758,0
4164,1,6091.841,6099.414,0.998758,0
4165,1,3408.944,3395.716,1.003896,0
4166,1,3408.944,3395.716,1.003896,0
4167,1,1854.879,1850.746,1.002233,0
4168,1,1854.879,1850.746,1.002233,0
4169,1,1763.253,1770.278,0.996031,0
4170,1,1763.253,1770.278,0.996031,0
4171,1,3316.457,3315.249,1.000364,0
4172,1,3316.457,3315.249,1.000364,0
4173,1,3694.023,3685.398,1.00234,0
4174,1,3694.023,3685.398,1.00234,0
4175,1,4869.22,4876.312,0.998546,0
4176,1,4869.22,4876.312,0.998546,0
4177,1,2543.079,2542.764,1.000124,0
4178,1,2543.079,2542.764,1.000124,0
4179,1,2317.588,2317.455,1.000057,0
4180,1,2317.588,2317.455,1.000057,0
4181,1,4847.569,4860.219,0.997397,0
4182,1,4847.569,4860.219,0.997397,0
4183,1,2016.52,2027.773,0.99445,0
4184,1,2016.52,2027.773,0.99445,0
4185,1,4200.509,4200.388,1.000029,0
4186,1,4200.509,4200.388,1.000029,0
4187,1,775.478,772.485,1.003875,0
4188,1,775.478,772.485,1.003875,0
4189,1,3481.468,3476.183,1.00152,0
4190,1,3481.468,3476.183,1.00152,0
4191,1,2665.866,2671.511,0.997887,0
4192,1,2665.866,2671.511,0.997887,0
4193,1,648.288,643.738,1.007068,0
4194,1,648.288,643.738,1.007068,0
4195,1,1160.631,1158.728,1.001643,0
4196,1,1160.631,1158.728,1.001643,0
4197,1,1697.797,1705.905,0.995247,0
4198,1,1697.797,1705.905,0.995247,0
4199,1,1980.235,1979.493,1.000375,0
4200,1,1980.235,1979.493,1.000375,0
4201,1,781.945,772.485,1.012246,0
4202,1,781.945,772.485,1.012246,0
4203,1,520.028,514.99,1.009783,0
4204,1,520.028,514.99,1.009783,0
4205,1,546.699,547.177,0.999127,0
4206,1,546.699,547.177,0.999127,0
4207,1,805.987,804.672,1.001634,0
4208,1,805.987,804.672,1.001634,0
4209,1,1830.292,1834.652,0.997623,0
4210,1,1830.292,1834.652,0.997623,0
4211,1,2735.809,2735.885,0.999972,0
4212,1,2735.809,2735.885,0.999972,0
4213,1,398.629,402.336,0.990786,0
4214,1,398.629,402.336,0.990786,0
4215,1,1081.524,1078.26,1.003027,0
4216,1,1081.524,1078.26,1.003027,0
4217,1,3970.057,3975.08,0.998737,0
4218,1,3970.057,3975.08,0.998737,0
4219,1,2113.513,2108.241,1.002501,0
4220,1,2113.513,2108.241,1.002501,0
4221,1,2072.177,2076.054,0.998133,0
4222,1,2072.177,2076.054,0.998133,0
4223,1,1447.585,1448.41,0.99943,0
4224,1,1447.585,1448.41,0.99943,0
4225,1,2668.837,2655.418,1.005054,0
4226,1,2668.837,2655.418,1.005054,0
4227,1,2066.98,2076.054,0.995629,0
4228,1,2066.98,2076.054,0.995629,0
4229,1,904.743,901.233,1.003895,0
4230,1,904.743,901.233,1.003895,0
4231,1,1055.766,1062.167,0.993974,0
4232,1,1055.766,1062.167,0.993974,0
4233,1,2216.725,2204.801,1.005408,0
4234,1,2216.725,2204.801,1.005408,0
4235,1,1843.411,1834.652,1.004774,0
4236,1,1843.411,1834.652,1.004774,0
4237,1,2903.472,2896.819,1.002296,0
4238,1,2903.472,2896.819,1.002296,0
4239,1,2909.257,2912.913,0.998745,0
4240,1,2909.257,2912.913,0.998745,0
4241,1,4296.662,4280.855,1.003692,0
4242,1,4296.662,4280.855,1.003692,0
4243,1,1879.191,1882.932,0.998013,0
4244,1,1879.191,1882.932,0.998013,0
4245,1,3810.602,3798.052,1.003304,0
4246,1,3810.602,3798.052,1.003304,0
4247,1,3047.724,3057.754,0.99672,0
4248,1,3047.724,3057.754,0.99672,0
4249,1,1309.434,1303.569,1.0045,0
4250,1,1309.434,1303.569,1.0045,0
4251,1,2217.226,2220.895,0.998348,0
4252,1,2217.226,2220.895,0.998348,0
4253,1,2746.027,2735.885,1.003707,0
4254,1,2746.027,2735.885,1.003707,0
4255,1,1760.916,1754.185,1.003837,0
4256,1,1760.916,1754.185,1.003837,0
4257,1,2324.24,2317.455,1.002928,0
4258,1,2324.24,2317.455,1.002928,0
4259,1,2139.14,2140.428,0.999399,0
4260,1,2139.14,2140.428,0.999399,0
4261,1,1694.06,1689.811,1.002514,0
4262,1,1694.06,1689.811,1.002514,0
4263,1,2597.131,2591.044,1.002349,0
4264,1,2597.131,2591.044,1.002349,0
4265,1,1528.77,1528.877,0.99993,0
4266,1,1528.77,1528.877,0.99993,0
4267,1,1348.494,1351.849,0.997518,0
4268,1,1348.494,1351.849,0.997518,0
4269,1,1443.296,1448.41,0.99647,0
4270,1,1443.296,1448.41,0.99647,0
4271,1,2968.272,2961.193,1.002391,0
4272,1,2968.272,2961.193,1.002391,0
4273,1,3060.368,3057.754,1.000855,0
4274,1,3060.368,3057.754,1.000855,0
4275,1,1087.879,1094.354,0.994084,0
4276,1,1087.879,1094.354,0.994084,0
4277,1,2714.205,2703.698,1.003886,0
4278,1,2714.205,2703.698,1.003886,0
4279,1,1408.174,1400.129,1.005746,0
4280,1,1408.174,1400.129,1.005746,0
4281,1,1393.482,1400.129,0.995252,0
4282,1,1393.482,1400.129,0.995252,0
4283,1,1744.109,1738.092,1.003462,0
4284,1,1744.109,1738.092,1.003462,0
4285,1,1018.337,1013.887,1.004389,0
4286,1,1018.337,1013.887,1.004389,0
4287,1,2867.954,2864.632,1.001159,0
4288,1,2867.954,2864.632,1.001159,0
4289,1,2148.368,2156.521,0.996219,0
4290,1,2148.368,2156.521,0.996219,0
4291,1,1932.948,1931.213,1.000898,0
4292,1,1932.948,1931.213,1.000898,0
4293,1,1068.16,1062.167,1.005642,0
4294,1,1068.16,1062.167,1.005642,0
4295,1,1626.064,1625.437,1.000386,0
4296,1,1626.064,1625.437,1.000386,0
4297,1,1490.349,1496.69,0.995763,0
4298,1,1490.349,1496.69,0.995763,0
4299,1,2750.486,2735.885,1.005337,0
4300,1,2750.486,2735.885,1.005337,0
4301,1,1045.769,1046.074,0.999709,0
4302,1,1045.769,1046.074,0.999709,0
4303,1,2160.807,2156.521,1.001987,0
4304,1,2160.807,2156.521,1.001987,0
4305,1,810.399,804.672,1.007117,0
4306,1,810.399,804.672,1.007117,0
4307,1,879.698,885.139,0.993853,0
4308,1,879.698,885.139,0.993853,0
4309,1,1145.117,1142.634,1.002173,0
4310,1,1145.117,1142.634,1.002173,0
4311,1,1476.714,1480.596,0.997378,0
4312,1,1476.714,1480.596,0.997378,0
4313,1,2860.705,2848.539,1.004271,0
4314,1,2860.705,2848.539,1.004271,0
4315,1,3135.335,3138.221,0.99908,0
4316,1,3135.335,3138.221,0.99908,0
4317,1,1361.114,1351.849,1.006853,0
4318,1,1361.114,1351.849,1.006853,0
4319,1,1117.677,1110.447,1.00651,0
4320,1,1117.677,1110.447,1.00651,0
4321,1,1659.419,1657.624,1.001083,0
4322,1,1659.419,1657.624,1.001083,0
4323,1,4035.174,4039.453,0.998941,0
4324,1,4035.174,4039.453,0.998941,0
4325,1,1732.14,1721.998,1.005889,0
4326,1,1732.14,1721.998,1.005889,0
4327,1,2939.59,2945.1,0.998129,0
4328,1,2939.59,2945.1,0.998129,0
4329,1,1879.178,1882.932,0.998006,0
4330,1,1879.178,1882.932,0.998006,0
4331,1,1460.051,1464.503,0.99696,0
4332,1,1460.051,1464.503,0.99696,0
4333,1,1166.08,1158.728,1.006345,0
4334,1,1166.08,1158.728,1.006345,0
4335,1,3517.523,3508.37,1.002609,0
4336,1,3517.523,3508.37,1.002609,0
4337,1,1664.052,1657.624,1.003878,0
4338,1,1664.052,1657.624,1.003878,0
4339,1,1284.814,1287.475,0.997933,0
4340,1,1284.814,1287.475,0.997933,0
4341,1,3233.799,3218.688,1.004695,0
4342,1,3233.799,3218.688,1.004695,0
4343,1,1727.52,1738.092,0.993918,0
4344,1,1727.52,1738.092,0.993918,0
4345,1,1910.012,1915.119,0.997333,0
4346,1,1910.012,1915.119,0.997333,0
4347,1,2356.185,2365.736,0.995963,0
4348,1,2356.185,2365.736,0.995963,0
4349,1,497.417,498.897,0.997035,0
4350,1,497.417,498.897,0.997035,0
4351,1,900.068,901.233,0.998707,0
4352,1,900.068,901.233,0.998707,0
4353,1,2033.057,2027.773,1.002605,0
4354,1,2033.057,2027.773,1.002605,0
4355,1,1535.053,1528.877,1.00404,0
4356,1,1535.053,1528.877,1.00404,0
4357,1,1698.595,1705.905,0.995715,0
4358,1,1698.595,1705.905,0.995715,0
4359,1,3069.957,3057.754,1.003991,0
4360,1,3069.957,3057.754,1.003991,0
4361,1,1551.842,1561.064,0.994092,0
4362,1,1551.842,1561.064,0.994092,0
4363,1,1614.978,1609.344,1.003501,0
4364,1,1614.978,1609.344,1.003501,0
4365,1,774.14,772.485,1.002143,0
4366,1,774.14,772.485,1.002143,0
4367,1,481.124,482.803,0.996522,0
4368,1,481.124,482.803,0.996522,0
4369,1,1182.175,1174.821,1.006259,0
4370,1,1182.175,1174.821,1.006259,0
4371,1,2036.146,2043.867,0.996222,0
4372,1,2036.146,2043.867,0.996222,0
4373,1,1938.67,1947.306,0.995565,0
4374,1,1938.67,1947.306,0.995565,0
4375,1,880.792,885.139,0.995089,0
4376,1,880.792,885.139,0.995089,0
4377,1,524.599,531.084,0.987791,0
4378,1,524.599,531.084,0.987791,0
4379,1,619.97,611.551,1.013768,0
4380,1,619.97,611.551,1.013768,0
4381,1,490.892,482.803,1.016753,0
4382,1,490.892,482.803,1.016753,0
4383,1,744.567,740.298,1.005767,0
4384,1,744.567,740.298,1.005767,0
4385,1,1634.499,1625.437,1.005575,0
4386,1,1634.499,1625.437,1.005575,0
4387,1,1527.238,1528.877,0.998928,0
4388,1,1527.238,1528.877,0.998928,0
4389,1,432.831,434.523,0.996105,0
4390,1,432.831,434.523,0.996105,0
4391,1,1157.247,1158.728,0.998722,0
4392,1,1157.247,1158.728,0.998722,0
4393,1,1588.167,1593.251,0.996809,0
4394,1,1588.167,1593.251,0.996809,0
4395,1,452.495,450.616,1.00417,0
4396,1,452.495,450.616,1.00417,0
4397,1,679.048,675.924,1.004622,0
4398,1,679.048,675.924,1.004622,0
4399,1,1062.192,1062.167,1.000023,0
4400,1,1062.192,1062.167,1.000023,0
4401,1,1763.342,1770.278,0.996082,0
4402,1,1763.342,1770.278,0.996082,0
4403,1,480.598,482.803,0.995432,0
4404,1,480.598,482.803,0.995432,0
4405,1,903.956,901.233,1.003022,0
4406,1,903.956,901.233,1.003022,0
4407,1,1398.178,1400.129,0.998606,0
4408,1,1398.178,1400.129,0.998606,0
4409,1,630.3,627.644,1.004231,0
4410,1,630.3,627.644,1.004231,0
4411,1,927.867,933.42,0.994052,0
4412,1,927.867,933.42,0.994052,0
4413,1,842.524,836.859,1.00677,0
4414,1,842.524,836.859,1.00677,0
4415,1,723.454,724.205,0.998963,0
4416,1,723.454,724.205,0.998963,0
4417,1,759.733,756.392,1.004418,0
4418,1,759.733,756.392,1.004418,0
4419,1,556.407,563.27,0.987816,0
4420,1,556.407,563.27,0.987816,0
4421,1,543.791,547.177,0.993812,0
4422,1,543.791,547.177,0.993812,0
4423,1,443.947,450.616,0.985199,0
4424,1,443.947,450.616,0.985199,0
4425,1,620.799,611.551,1.015123,0
4426,1,620.799,611.551,1.015123,0
4427,1,3315.574,3315.249,1.000098,0
4428,1,3315.574,3315.249,1.000098,0
4429,1,2477.759,2478.39,0.999745,0
4430,1,2477.759,2478.39,0.999745,0
4431,1,1019.602,1013.887,1.005637,0
4432,1,1019.602,1013.887,1.005637,0
4433,1,1416.907,1416.223,1.000483,0
4434,1,1416.907,1416.223,1.000483,0
4435,1,1728.237,1721.998,1.003623,0
4436,1,1728.237,1721.998,1.003623,0
4437,1,721.887,724.205,0.9968,0
4438,1,721.887,724.205,0.9968,0
4439,1,2075.821,2076.054,0.999888,0
4440,1,2075.821,2076.054,0.999888,0
4441,1,1624.361,1625.437,0.999338,0
4442,1,1624.361,1625.437,0.999338,0
4443,1,1957.107,1963.4,0.996795,0
4444,1,1957.107,1963.4,0.996795,0
4445,1,1241.416,1239.195,1.001792,0
4446,1,1241.416,1239.195,1.001792,0
4447,1,440.794,434.523,1.014433,0
4448,1,440.794,434.523,1.014433,0
4449,1,576.286,579.364,0.994687,0
4450,1,576.286,579.364,0.994687,0
4451,1,914.117,917.326,0.996501,0
4452,1,914.117,917.326,0.996501,0
4453,1,1542.936,1544.97,0.998683,0
4454,1,1542.936,1544.97,0.998683,0
4455,1,1357.233,1351.849,1.003983,0
4456,1,1357.233,1351.849,1.003983,0
4457,1,1069.502,1062.167,1.006906,0
4458,1,1069.502,1062.167,1.006906,0
4459,1,1145.703,1142.634,1.002685,0
4460,1,1145.703,1142.634,1.002685,0
4461,1,1722.308,1721.998,1.00018,0
4462,1,1722.308,1721.998,1.00018,0
4463,1,1391.363,1400.129,0.993739,0
4464,1,1391.363,1400.129,0.993739,0
4465,1,817.219,820.765,0.99568,0
4466,1,817.219,820.765,0.99568,0
4467,1,537.066,531.084,1.011266,0
4468,1,537.066,531.084,1.011266,0
4469,1,1717.789,1721.998,0.997556,0
4470,1,1717.789,1721.998,0.997556,0
4471,1,1183.956,1190.915,0.994157,0
4472,1,1183.956,1190.915,0.994157,0
4473,1,1466.753,1464.503,1.001536,0
4474,1,1466.753,1464.503,1.001536,0
4475,1,1543.194,1544.97,0.998851,0
4476,1,1543.194,1544.97,0.998851,0
4477,1,1713.381,1705.905,1.004383,0
4478,1,1713.381,1705.905,1.004383,0
4479,1,1089.765,1094.354,0.995806,0
4480,1,1089.765,1094.354,0.995806,0
4481,1,322.937,321.869,1.003317,0
4482,1,322.937,321.869,1.003317,0
4483,1,929.887,933.42,0.996215,0
4484,1,929.887,933.42,0.996215,0
4485,1,1551.192,1544.97,1.004027,0
4486,1,1551.192,1544.97,1.004027,0
4487,1,896.539,901.233,0.994792,0
4488,1,896.539,901.233,0.994792,0
4489,1,2343.734,2349.642,0.997485,0
4490,1,2343.734,2349.642,0.997485,0
4491,1,1468.253,1464.503,1.00256,0
4492,1,1468.253,1464.503,1.00256,0
4493,1,984.977,981.7,1.003338,0
4494,1,984.977,981.7,1.003338,0
4495,1,608.093,611.551,0.994346,0
4496,1,608.093,611.551,0.994346,0
4497,1,1077.191,1078.26,0.999008,0
4498,1,1077.191,1078.26,0.999008,0
4499,1,1625.493,1625.437,1.000034,0
4500,1,1625.493,1625.437,1.000034,0
4501,1,1581.902,1577.157,1.003008,0
4502,1,1581.902,1577.157,1.003008,0
4503,1,2005.187,2011.68,0.996772,0
4504,1,2005.187,2011.68,0.996772,0
4505,1,675.182,675.924,0.998901,0
4506,1,675.182,675.924,0.998901,0
4507,1,1564.474,1561.064,1.002185,0
4508,1,1564.474,1561.064,1.002185,0
4509,1,1426.872,1416.223,1.00752,0
4510,1,1426.872,1416.223,1.00752,0
4511,1,788.685,788.579,1.000135,0
4512,1,788.685,788.579,1.000135,0
4513,1,830.87,836.859,0.992844,0
4514,1,830.87,836.859,0.992844,0
4515,1,611.705,611.551,1.000252,0
4516,1,611.705,611.551,1.000252,0
4517,1,1433.308,1432.316,1.000692,0
4518,1,1433.308,1432.316,1.000692,0
4519,1,1265.506,1255.288,1.00814,0
4520,1,1265.506,1255.288,1.00814,0
4521,1,585.366,579.364,1.010361,0
4522,1,585.366,579.364,1.010361,0
4523,1,1208.438,1207.008,1.001185,0
4524,1,1208.438,1207.008,1.001185,0
4525,1,1026.419,1029.98,0.996542,0
4526,1,1026.419,1029.98,0.996542,0
4527,1,1081.583,1078.26,1.003082,0
4528,1,1081.583,1078.26,1.003082,0
4529,1,1275.529,1271.382,1.003262,0
4530,1,1275.529,1271.382,1.003262,0
4531,1,1947.094,1947.306,0.999891,0
4532,1,1947.094,1947.306,0.999891,0
4533,1,1190.095,1190.915,0.999312,0
4534,1,1190.095,1190.915,0.999312,0
4535,1,1389.007,1384.036,1.003591,0
4536,1,1389.007,1384.036,1.003591,0
4537,1,3163.392,3170.408,0.997787,0
4538,1,3163.392,3170.408,0.997787,0
4539,1,1734.903,1738.092,0.998165,0
4540,1,1734.903,1738.092,0.998165,0
4541,1,2491.488,2478.39,1.005285,0
4542,1,2491.488,2478.39,1.005285,0
4543,1,2195.645,2204.801,0.995847,0
4544,1,2195.645,2204.801,0.995847,0
4545,1,1795.66,1802.465,0.996224,0
4546,1,1795.66,1802.465,0.996224,0
4547,1,1487.043,1480.596,1.004354,0
4548,1,1487.043,1480.596,1.004354,0
4549,1,2712.799,2719.791,0.997429,0
4550,1,2712.799,2719.791,0.997429,0
4551,1,2928.483,2929.006,0.999821,0
4552,1,2928.483,2929.006,0.999821,0
4553,1,821.164,820.765,1.000486,0
4554,1,821.164,820.765,1.000486,0
4555,1,1616.39,1609.344,1.004378,0
4556,1,1616.39,1609.344,1.004378,0
4557,1,1188.808,1190.915,0.998231,0
4558,1,1188.808,1190.915,0.998231,0
4559,1,1363.406,1367.942,0.996684,0
4560,1,1363.406,1367.942,0.996684,0
4561,1,836.126,836.859,0.999124,0
4562,1,836.126,836.859,0.999124,0
4563,1,1241.761,1239.195,1.002071,0
4564,1,1241.761,1239.195,1.002071,0
4565,1,1094.018,1094.354,0.999693,0
4566,1,1094.018,1094.354,0.999693,0
4567,1,1845.042,1834.652,1.005663,0
4568,1,1845.042,1834.652,1.005663,0
4569,1,948.646,949.513,0.999087,0
4570,1,948.646,949.513,0.999087,0
4571,1,1461.113,1464.503,0.997686,0
4572,1,1461.113,1464.503,0.997686,0
4573,1,832.641,836.859,0.99496,0
4574,1,832.641,836.859,0.99496,0
4575,1,1839.988,1834.652,1.002908,0
4576,1,1839.988,1834.652,1.002908,0
4577,1,988.458,981.7,1.006884,0
4578,1,988.458,981.7,1.006884,0
4579,1,1015.553,1013.887,1.001644,0
4580,1,1015.553,1013.887,1.001644,0
4581,1,1254.797,1255.288,0.999609,0
4582,1,1254.797,1255.288,0.999609,0
4583,1,292.322,289.682,1.009114,0
4584,1,292.322,289.682,1.009114,0
4585,1,2148.86,2156.521,0.996448,0
4586,1,2148.86,2156.521,0.996448,0
4587,1,670.506,675.924,0.991984,0
4588,1,670.506,675.924,0.991984,0
4589,1,1663.295,1657.624,1.003421,0
4590,1,1663.295,1657.624,1.003421,0
4591,1,4499.384,4490.07,1.002074,0
4592,1,4499.384,4490.07,1.002074,0
4593,1,1035.528,1029.98,1.005386,0
4594,1,1035.528,1029.98,1.005386,0
4595,1,820.727,820.765,0.999953,0
4596,1,820.727,820.765,0.999953,0
4597,1,809.54,804.672,1.006049,0
4598,1,809.54,804.672,1.006049,0
4599,1,1307.324,1303.569,1.002881,0
4600,1,1307.324,1303.569,1.002881,0
4601,1,1100.216,1094.354,1.005357,0
4602,1,1100.216,1094.354,1.005357,0
4603,1,602.951,595.457,1.012584,0
4604,1,602.951,595.457,1.012584,0
4605,1,1433.065,1432.316,1.000523,0
4606,1,1433.065,1432.316,1.000523,0
4607,1,1173.097,1174.821,0.998532,0
4608,1,1173.097,1174.821,0.998532,0
4609,1,1058.291,1062.167,0.996351,0
4610,1,1058.291,1062.167,0.996351,0
4611,1,1860.048,1850.746,1.005026,0
4612,1,1860.048,1850.746,1.005026,0
4613,1,1855.574,1866.839,0.993966,0
4614,1,1855.574,1866.839,0.993966,0
4615,1,1414.342,1416.223,0.998672,0
4616,1,1414.342,1416.223,0.998672,0
4617,1,703.728,708.111,0.993809,0
4618,1,703.728,708.111,0.993809,0
4619,1,851.319,852.952,0.998085,0
4620,1,851.319,852.952,0.998085,0
4621,1,2371.321,2365.736,1.002361,0
4622,1,2371.321,2365.736,1.002361,0
4623,1,1069.472,1078.26,0.991849,0
4624,1,1069.472,1078.26,0.991849,0
4625,1,1094.38,1094.354,1.000024,0
4626,1,1094.38,1094.354,1.000024,0
4627,1,1202.575,1207.008,0.996328,0
4628,1,1202.575,1207.008,0.996328,0
4629,1,3945.876,3958.986,0.996688,0
4630,1,3945.876,3958.986,0.996688,0
4631,1,1622.857,1625.437,0.998412,0
4632,1,1622.857,1625.437,0.998412,0
4633,1,860.24,852.952,1.008544,0
4634,1,860.24,852.952,1.008544,0
4635,1,1160.76,1158.728,1.001754,0
4636,1,1160.76,1158.728,1.001754,0
4637,1,1534.089,1528.877,1.003409,0
4638,1,1534.089,1528.877,1.003409,0
4639,1,2109.013,2108.241,1.000366,0
4640,1,2109.013,2108.241,1.000366,0
4641,1,1646.909,1641.531,1.003276,0
4642,1,1646.909,1641.531,1.003276,0
4643,1,408.567,402.336,1.015486,0
4644,1,408.567,402.336,1.015486,0
4645,1,604.824,611.551,0.989001,0
4646,1,604.824,611.551,0.989001,0
4647,1,1416.698,1416.223,1.000336,0
4648,1,1416.698,1416.223,1.000336,0
4649,1,1115.927,1110.447,1.004935,0
4650,1,1115.927,1110.447,1.004935,0
4651,1,1176.344,1174.821,1.001296,0
4652,1,1176.344,1174.821,1.001296,0
4653,1,1179.394,1174.821,1.003893,0
4654,1,1179.394,1174.821,1.003893,0
4655,1,1570.715,1577.157,0.995915,0
4656,1,1570.715,1577.157,0.995915,0
4657,1,1790.164,1786.372,1.002123,0
4658,1,1790.164,1786.372,1.002123,0
4659,1,1214.36,1207.008,1.006091,0
4660,1,1214.36,1207.008,1.006091,0
4661,1,1505.144,1512.783,0.99495,0
4662,1,1505.144,1512.783,0.99495,0
4663,1,746.49,740.298,1.008364,0
4664,1,746.49,740.298,1.008364,0
4665,1,742.903,740.298,1.003518,0
4666,1,742.903,740.298,1.003518,0
4667,1,1778.276,1770.278,1.004518,0
4668,1,1778.276,1770.278,1.004518,0
4669,1,362.746,370.149,0.979999,0
4670,1,362.746,370.149,0.979999,0
4671,1,1123.036,1126.541,0.996889,0
4672,1,1123.036,1126.541,0.996889,0
4673,1,884.481,885.139,0.999256,0
4674,1,884.481,885.139,0.999256,0
4675,1,3521.374,3524.463,0.999123,0
4676,1,3521.374,3524.463,0.999123,0
4677,1,2071.125,2059.96,1.00542,0
4678,1,2071.125,2059.96,1.00542,0
4679,1,1458.08,1464.503,0.995614,0
4680,1,1458.08,1464.503,0.995614,0
4681,1,2877.274,2880.726,0.998802,0
4682,1,2877.274,2880.726,0.998802,0
4683,1,2944.477,2945.1,0.999789,0
4684,1,2944.477,2945.1,0.999789,0
4685,1,2003.024,2011.68,0.995697,0
4686,1,2003.024,2011.68,0.995697,0
4687,1,961.979,965.606,0.996244,0
4688,1,961.979,965.606,0.996244,0
4689,1,1549.635,1544.97,1.003019,0
4690,1,1549.635,1544.97,1.003019,0
4691,1,1079.797,1078.26,1.001425,0
4692,1,1079.797,1078.26,1.001425,0
4693,1,2257.394,2253.082,1.001914,0
4694,1,2257.394,2253.082,1.001914,0
4695,1,1107.408,1110.447,0.997263,0
4696,1,1107.408,1110.447,0.997263,0
4697,1,2067.928,2059.96,1.003868,0
4698,1,2067.928,2059.96,1.003868,0
4699,1,1169.726,1174.821,0.995663,0
4700,1,1169.726,1174.821,0.995663,0
4701,1,457.629,450.616,1.015561,0
4702,1,457.629,450.616,1.015561,0
4703,1,2412.834,2414.016,0.99951,0
4704,1,2412.834,2414.016,0.99951,0
4705,1,1649.379,1657.624,0.995026,0
4706,1,1649.379,1657.624,0.995026,0
4707,1,662.518,659.831,1.004073,0
4708,1,662.518,659.831,1.004073,0
4709,1,1464.856,1464.503,1.000241,0
4710,1,1464.856,1464.503,1.000241,0
4711,1,1151.119,1142.634,1.007426,0
4712,1,1151.119,1142.634,1.007426,0
4713,1,1321.971,1319.662,1.00175,0
4714,1,1321.971,1319.662,1.00175,0
4715,1,1982.77,1979.493,1.001656,0
4716,1,1982.77,1979.493,1.001656,0
4717,1,1493.613,1496.69,0.997944,0
4718,1,1493.613,1496.69,0.997944,0
4719,1,1910.615,1899.026,1.006103,0
4720,1,1910.615,1899.026,1.006103,0
4721,1,281.55,289.682,0.971929,0
4722,1,281.55,289.682,0.971929,0
4723,1,690.653,692.018,0.998027,0
4724,1,690.653,692.018,0.998027,0
4725,1,1796.928,1786.372,1.005909,0
4726,1,1796.928,1786.372,1.005909,0
4727,1,1324.944,1319.662,1.004003,0
4728,1,1324.944,1319.662,1.004003,0
4729,1,1552.893,1544.97,1.005128,0
4730,1,1552.893,1544.97,1.005128,0
4731,1,1347.101,1351.849,0.996488,0
4732,1,1347.101,1351.849,0.996488,0
4733,1,1154.331,1158.728,0.996206,0
4734,1,1154.331,1158.728,0.996206,0
4735,1,2091.435,2092.147,0.999659,0
4736,1,2091.435,2092.147,0.999659,0
4737,1,1002.762,997.793,1.00498,0
4738,1,1002.762,997.793,1.00498,0
4739,1,3110.406,3106.034,1.001407,0
4740,1,3110.406,3106.034,1.001407,0
4741,1,1078.279,1078.26,1.000017,0
4742,1,1078.279,1078.26,1.000017,0
4743,1,1292.834,1287.475,1.004162,0
4744,1,1292.834,1287.475,1.004162,0
4745,1,993.839,997.793,0.996037,0
4746,1,993.839,997.793,0.996037,0
4747,1,867.449,869.046,0.998163,0
4748,1,867.449,869.046,0.998163,0
4749,1,2381.914,2381.829,1.000035,0
4750,1,2381.914,2381.829,1.000035,0
4751,1,734.221,740.298,0.991791,0
4752,1,734.221,740.298,0.991791,0
4753,1,369.325,370.149,0.997774,0
4754,1,369.325,370.149,0.997774,0
4755,1,915.807,917.326,0.998344,0
4756,1,915.807,917.326,0.998344,0
4757,1,2385.36,2381.829,1.001482,0
4758,1,2385.36,2381.829,1.001482,0
4759,1,1218.881,1223.101,0.99655,0
4760,1,1218.881,1223.101,0.99655,0
4761,1,1232.494,1223.101,1.007679,0
4762,1,1232.494,1223.101,1.007679,0
4763,1,1177.848,1174.821,1.002576,0
4764,1,1177.848,1174.821,1.002576,0
4765,1,1944.722,1947.306,0.998673,0
4766,1,1944.722,1947.306,0.998673,0
4767,1,1903.941,1899.026,1.002588,0
4768,1,1903.941,1899.026,1.002588,0
4769,1,1147.723,1142.634,1.004453,0
4770,1,1147.723,1142.634,1.004453,0
4771,1,1126.822,1126.541,1.00025,0
4772,1,1126.822,1126.541,1.00025,0
4773,1,1875.967,1882.932,0.996301,0
4774,1,1875.967,1882.932,0.996301,0
4775,1,1075.904,1078.26,0.997814,0
4776,1,1075.904,1078.26,0.997814,0
4777,1,1473.676,1464.503,1.006264,0
4778,1,1473.676,1464.503,1.006264,0
4779,1,1755.597,1754.185,1.000805,0
4780,1,1755.597,1754.185,1.000805,0
4781,1,1098.765,1094.354,1.004031,0
4782,1,1098.765,1094.354,1.004031,0
4783,1,911.04,901.233,1.010882,0
4784,1,911.04,901.233,1.010882,0
4785,1,1502.859,1496.69,1.004122,0
4786,1,1502.859,1496.69,1.004122,0
4787,1,1311.694,1303.569,1.006233,0
4788,1,1311.694,1303.569,1.006233,0
4789,1,679.307,675.924,1.005004,0
4790,1,679.307,675.924,1.005004,0
4791,1,631.726,627.644,1.006503,0
4792,1,631.726,627.644,1.006503,0
4793,1,1013.533,1013.887,0.999651,0
4794,1,1013.533,1013.887,0.999651,0
4795,1,1612.354,1609.344,1.001871,0
4796,1,1612.354,1609.344,1.001871,0
4797,1,1974.764,1963.4,1.005788,0
4798,1,1974.764,1963.4,1.005788,0
4799,1,998.42,997.793,1.000628,0
4800,1,998.42,997.793,1.000628,0
4801,1,816.215,820.765,0.994456,0
4802,1,816.215,820.765,0.994456,0
4803,1,983.643,981.7,1.00198,0
4804,1,983.643,981.7,1.00198,0
4805,1,907.316,901.233,1.006751,0
4806,1,907.316,901.233,1.006751,0
4807,1,534.387,531.084,1.006221,0
4808,1,534.387,531.084,1.006221,0
4809,1,1347.872,1351.849,0.997058,0
4810,1,1347.872,1351.849,0.997058,0
4811,1,959.796,965.606,0.993982,0
4812,1,959.796,965.606,0.993982,0
4813,1,793.262,788.579,1.005939,0
4814,1,793.262,788.579,1.005939,0
4815,1,3895.062,3894.612,1.000115,0
4816,1,3895.062,3894.612,1.000115,0
4817,1,2206.53,2204.801,1.000784,0
4818,1,2206.53,2204.801,1.000784,0
4819,1,1064.49,1062.167,1.002187,0
4820,1,1064.49,1062.167,1.002187,0
4821,1,1284.293,1287.475,0.997529,0
4822,1,1284.293,1287.475,0.997529,0
4823,1,1730.904,1738.092,0.995865,0
4824,1,1730.904,1738.092,0.995865,0
4825,1,2244.126,2236.988,1.003191,0
4826,1,2244.126,2236.988,1.003191,0
4827,1,936.401,933.42,1.003194,0
4828,1,936.401,933.42,1.003194,0
4829,1,1509.723,1512.783,0.997977,0
4830,1,1509.723,1512.783,0.997977,0
4831,1,1267.384,1271.382,0.996855,0
4832,1,1267.384,1271.382,0.996855,0
4833,1,1194.521,1190.915,1.003028,0
4834,1,1194.521,1190.915,1.003028,0
4835,1,1489.397,1480.596,1.005944,0
4836,1,1489.397,1480.596,1.005944,0
4837,1,1398.014,1400.129,0.998489,0
4838,1,1398.014,1400.129,0.998489,0
4839,1,1702.231,1689.811,1.00735,0
4840,1,1702.231,1689.811,1.00735,0
4841,1,1154.242,1158.728,0.996129,0
4842,1,1154.242,1158.728,0.996129,0
4843,1,1680.972,1673.718,1.004334,0
4844,1,1680.972,1673.718,1.004334,0
4845,1,1074.275,1078.26,0.996303,0
4846,1,1074.275,1078.26,0.996303,0
4847,1,1839.559,1850.746,0.993956,0
4848,1,1839.559,1850.746,0.993956,0
4849,1,1291.243,1287.475,1.002927,0
4850,1,1291.243,1287.475,1.002927,0
4851,1,377.608,386.243,0.977644,0
4852,1,377.608,386.243,0.977644,0
4853,1,2137.32,2140.428,0.998548,0
4854,1,2137.32,2140.428,0.998548,0
4855,1,775.63,772.485,1.004071,0
4856,1,775.63,772.485,1.004071,0
4857,1,366.904,370.149,0.991232,0
4858,1,366.904,370.149,0.991232,0
4859,1,778.579,772.485,1.007889,0
4860,1,778.579,772.485,1.007889,0
4861,1,577.52,579.364,0.996817,0
4862,1,577.52,579.364,0.996817,0
4863,1,745.581,740.298,1.007136,0
4864,1,745.581,740.298,1.007136,0
4865,1,978.356,981.7,0.996593,0
4866,1,978.356,981.7,0.996593,0
4867,1,387.602,386.243,1.00352,0
4868,1,387.602,386.243,1.00352,0
4869,1,290.17,289.682,1.001686,0
4870,1,290.17,289.682,1.001686,0
4871,1,2084.044,2076.054,1.003849,0
4872,1,2084.044,2076.054,1.003849,0
4873,1,1309.358,1303.569,1.004441,0
4874,1,1309.358,1303.569,1.004441,0
4875,1,953.508,949.513,1.004208,0
4876,1,953.508,949.513,1.004208,0
4877,1,666.285,659.831,1.009781,0
4878,1,666.285,659.831,1.009781,0
4879,1,590.717,595.457,0.992039,0
4880,1,590.717,595.457,0.992039,0
4881,1,476.627,482.803,0.987208,0
4882,1,476.627,482.803,0.987208,0
4883,1,693.85,692.018,1.002647,0
4884,1,693.85,692.018,1.002647,0
4885,1,722.066,724.205,0.997046,0
4886,1,722.066,724.205,0.997046,0
4887,1,1985.321,1979.493,1.002944,0
4888,1,1985.321,1979.493,1.002944,0
4889,1,1785.98,1786.372,0.99978,0
4890,1,1785.98,1786.372,0.99978,0
4891,1,2375.903,2381.829,0.997512,0
4892,1,2375.903,2381.829,0.997512,0
4893,1,1797.444,1786.372,1.006198,0
4894,1,1797.444,1786.372,1.006198,0
4895,1,2546.147,2542.764,1.00133,0
4896,1,2546.147,2542.764,1.00133,0
4897,1,580.911,579.364,1.002671,0
4898,1,580.911,579.364,1.002671,0
4899,1,1390.53,1400.129,0.993144,0
4900,1,1390.53,1400.129,0.993144,0
4901,1,409.211,402.336,1.017088,0
4902,1,409.211,402.336,1.017088,0
4903,1,2559.465,2558.857,1.000238,0
4904,1,2559.465,2558.857,1.000238,0
4905,1,691.474,692.018,0.999214,0
4906,1,691.474,692.018,0.999214,0
4907,1,1371.683,1367.942,1.002734,0
4908,1,1371.683,1367.942,1.002734,0
4909,1,1106.748,1110.447,0.996668,0
4910,1,1106.748,1110.447,0.996668,0
4911,1,2664.213,2671.511,0.997268,0
4912,1,2664.213,2671.511,0.997268,0
4913,1,1435.99,1432.316,1.002565,0
4914,1,1435.99,1432.316,1.002565,0
4915,1,1237.39,1239.195,0.998544,0
4916,1,1237.39,1239.195,0.998544,0
4917,1,660.588,659.831,1.001148,0
4918,1,660.588,659.831,1.001148,0
4919,1,252.406,257.495,0.980236,0
4920,1,252.406,257.495,0.980236,0
4921,1,1443.882,1448.41,0.996874,0
4922,1,1443.882,1448.41,0.996874,0
4923,1,1204.216,1207.008,0.997686,0
4924,1,1204.216,1207.008,0.997686,0
4925,1,418.691,418.429,1.000624,0
4926,1,418.691,418.429,1.000624,0
4927,1,765.905,772.485,0.991481,0
4928,1,765.905,772.485,0.991481,0
4929,1,1095.553,1094.354,1.001095,0
4930,1,1095.553,1094.354,1.001095,0
4931,1,1344.401,1351.849,0.99449,0
4932,1,1344.401,1351.849,0.99449,0
4933,1,1245.352,1239.195,1.004969,0
4934,1,1245.352,1239.195,1.004969,0
4935,1,1368.201,1367.942,1.000189,0
4936,1,1368.201,1367.942,1.000189,0
4937,1,1011.225,1013.887,0.997374,0
4938,1,1011.225,1013.887,0.997374,0
4939,1,3311.933,3315.249,0.999,0
4940,1,3311.933,3315.249,0.999,0
4941,1,1255.063,1255.288,0.99982,0
4942,1,1255.063,1255.288,0.99982,0
4943,1,1879.497,1882.932,0.998175,0
4944,1,1879.497,1882.932,0.998175,0
4945,1,1518.503,1512.783,1.003781,0
4946,1,1518.503,1512.783,1.003781,0
4947,1,1031.948,1029.98,1.001911,0
4948,1,1031.948,1029.98,1.001911,0
4949,1,3531.035,3540.557,0.997311,0
4950,1,3531.035,3540.557,0.997311,0
4951,1,1033.778,1029.98,1.003688,0
4952,1,1033.778,1029.98,1.003688,0
4953,1,514.577,514.99,0.999198,0
4954,1,514.577,514.99,0.999198,0
4955,1,621.884,627.644,0.990823,0
4956,1,621.884,627.644,0.990823,0
4957,1,1910.378,1915.119,0.997524,0
4958,1,1910.378,1915.119,0.997524,0
4959,1,1800.775,1802.465,0.999062,0
4960,1,1800.775,1802.465,0.999062,0
4961,1,1117.438,1110.447,1.006295,0
4962,1,1117.438,1110.447,1.006295,0
4963,1,1272.062,1271.382,1.000535,0
4964,1,1272.062,1271.382,1.000535,0
4965,1,1884.963,1882.932,1.001079,0
4966,1,1884.963,1882.932,1.001079,0
4967,1,1353.769,1351.849,1.00142,0
4968,1,1353.769,1351.849,1.00142,0
4969,1,2282.028,2285.268,0.998582,0
4970,1,2282.028,2285.268,0.998582,0
4971,1,1581.174,1577.157,1.002547,0
4972,1,1581.174,1577.157,1.002547,0
4973,1,1777.11,1770.278,1.003859,0
4974,1,1777.11,1770.278,1.003859,0
4975,1,1032.398,1029.98,1.002347,0
4976,1,1032.398,1029.98,1.002347,0
4977,1,322.778,321.869,1.002825,0
4978,1,322.778,321.869,1.002825,0
4979,1,517.734,514.99,1.005328,0
4980,1,517.734,514.99,1.005328,0
4981,1,2085.843,2076.054,1.004715,0
4982,1,2085.843,2076.054,1.004715,0
4983,1,706.596,708.111,0.99786,0
4984,1,706.596,708.111,0.99786,0
4985,1,1464.211,1464.503,0.999801,0
4986,1,1464.211,1464.503,0.999801,0
4987,1,585.039,579.364,1.009796,0
4988,1,585.039,579.364,1.009796,0
4989,1,392.102,386.243,1.015171,0
4990,1,392.102,386.243,1.015171,0
4991,1,981.934,981.7,1.000238,0
4992,1,981.934,981.7,1.000238,0
4993,1,1010.26,1013.887,0.996423,0
4994,1,1010.26,1013.887,0.996423,0
4995,1,2019.098,2027.773,0.995722,0
4996,1,2019.098,2027.773,0.995722,0
4997,1,1887.959,1882.932,1.00267,0
4998,1,1887.959,1882.932,1.00267,0
4999,1,872.434,869.046,1.003899,0
5000,1,872.434,869.046,1.003899,0
5001,1,984.525,981.7,1.002877,0
5002,1,984.525,981.7,1.002877,0
5003,1,1335.95,1335.756,1.000146,0
5004,1,1335.95,1335.756,1.000146,0
5005,1,5730.312,5745.358,0.997381,0
5006,1,5730.312,5745.358,0.997381,0
5007,1,1535.675,1528.877,1.004446,0
5008,1,1535.675,1528.877,1.004446,0
5009,1,2399.285,2397.923,1.000568,0
5010,1,2399.285,2397.923,1.000568,0
5011,1,5370.094,5375.209,0.999048,0
5012,1,5370.094,5375.209,0.999048,0
5013,1,961.606,965.606,0.995857,0
5014,1,961.606,965.606,0.995857,0
5015,1,1207.716,1207.008,1.000587,0
5016,1,1207.716,1207.008,1.000587,0
5017,1,1518.536,1528.877,0.993236,0
5018,1,1518.536,1528.877,0.993236,0
5019,1,1134.729,1142.634,0.993082,0
5020,1,1134.729,1142.634,0.993082,0
5021,1,1154.539,1158.728,0.996385,0
5022,1,1154.539,1158.728,0.996385,0
5023,1,1237.243,1239.195,0.998425,0
5024,1,1237.243,1239.195,0.998425,0
5025,1,500.749,498.897,1.003714,0
5026,1,500.749,498.897,1.003714,0
5027,1,3695.976,3701.491,0.99851,0
5028,1,3695.976,3701.491,0.99851,0
5029,1,2310.241,2317.455,0.996887,0
5030,1,2310.241,2317.455,0.996887,0
5031,1,549.294,547.177,1.003869,0
5032,1,549.294,547.177,1.003869,0
5033,1,1557.807,1561.064,0.997914,0
5034,1,1557.807,1561.064,0.997914,0
5035,1,1446.217,1448.41,0.998486,0
5036,1,1446.217,1448.41,0.998486,0
5037,1,819.366,820.765,0.998296,0
5038,1,819.366,820.765,0.998296,0
5039,1,1424.391,1416.223,1.005768,0
5040,1,1424.391,1416.223,1.005768,0
5041,1,1591.38,1593.251,0.998826,0
5042,1,1591.38,1593.251,0.998826,0
5043,0,218.77,225.308,0.970982,0
5044,0,348.918,354.056,0.985489,0
5045,0,319.386,321.869,0.992286,0
5046,0,254.162,257.495,0.987055,0
5047,0,221.543,225.308,0.983287,0
5048,0,196.977,193.121,1.019964,0
5049,0,441.108,434.523,1.015154,0
5050,0,113.414,112.654,1.006745,0
5051,0,844.467,836.859,1.009091,0
5052,0,446.498,450.616,0.99086,0
5053,0,479.941,482.803,0.994073,0
5054,0,386.673,386.243,1.001115,0
5055,0,364.949,370.149,0.985952,0
5056,0,303.907,305.775,0.99389,0
5057,0,358.729,354.056,1.0132,0
5058,0,262.24,257.495,1.018427,0
5059,0,341.28,337.962,1.009818,0
5060,0,356.765,354.056,1.007653,0
5061,0,341.423,337.962,1.010241,0
5062,0,158.682,160.934,0.986006,0
5063,0,115.816,112.654,1.02807,0
5064,0,560.034,563.27,0.994255,0
5065,0,329.102,321.869,1.022472,0
5066,0,538.658,531.084,1.014262,0
5067,0,190.204,193.121,0.984895,0
5068,0,111.804,112.654,0.992456,0
5069,0,206.872,209.215,0.988803,0
5070,0,486.832,482.803,1.008344,0
5071,0,636.625,627.644,1.014309,0
5072,0,443.475,434.523,1.020602,0
5073,0,364.589,370.149,0.984979,0
5074,0,241.187,241.402,0.999112,0
5075,0,175.042,177.028,0.988781,0
5076,0,516.608,514.99,1.003143,0
5077,0,1121.848,1126.541,0.995834,0
5078,0,713.591,708.111,1.007738,0
5079,0,806.918,804.672,1.002791,0
5080,0,336.491,337.962,0.995646,0
5081,0,539.427,547.177,0.985836,0
5082,0,175.313,177.028,0.990311,0
5083,0,478.883,482.803,0.991881,0
5084,0,350.076,354.056,0.988761,0
5085,0,581.977,579.364,1.004511,0
5086,0,266.915,273.588,0.975607,0
5087,0,260.116,257.495,1.010177,0
5088,0,592.526,595.457,0.995077,0
5089,0,275.325,273.588,1.006349,0
5090,0,170.742,177.028,0.964493,0
5091,0,104.865,96.561,1.086002,0
5092,0,982.731,981.7,1.00105,0
5093,0,1040.146,1046.074,0.994334,0
5094,0,983.597,997.793,0.985773,0
5095,0,1733.407,1738.092,0.997305,0
5096,0,319.946,321.869,0.994025,0
5097,0,1496.853,1512.783,0.989469,0
5098,0,767.505,772.485,0.993553,0
5099,0,1013.913,1013.887,1.000026,0
5100,0,740.632,740.298,1.00045,0
5101,0,690.06,692.018,0.997171,0
5102,0,291.669,289.682,1.006859,0
5103,0,480.981,482.803,0.996226,0
5104,0,871.045,885.139,0.984077,0
5105,0,538.001,531.084,1.013025,0
5106,0,427.846,434.523,0.984634,0
5107,0,580.864,579.364,1.00259,0
5108,0,556.679,563.27,0.988299,0
5109,0,465.448,482.803,0.964053,0
5110,0,658.109,659.831,0.99739,0
5111,0,577.33,579.364,0.99649,0
5112,0,541.784,547.177,0.990143,0
5113,0,546.37,547.177,0.998526,0
5114,0,575.05,579.364,0.992554,0
5115,0,157.397,160.934,0.978018,0
5116,0,444.126,450.616,0.985597,0
5117,0,560.129,563.27,0.994422,0
5118,0,355.45,354.056,1.003938,0
5119,0,91.303,96.561,0.945553,0
5120,0,526.749,531.084,0.991839,0
5121,0,629.123,627.644,1.002356,0
5122,0,346.547,354.056,0.978792,0
5123,0,537.19,531.084,1.011499,0
5124,0,438.885,434.523,1.010039,0
5125,0,161.444,160.934,1.003167,0
5126,0,500.517,498.897,1.003248,0
5127,0,54.537,48.28,1.129592,0
5128,0,705.377,708.111,0.996139,0
5129,0,654.665,659.831,0.99217,0
5130,0,727.607,724.205,1.004698,0
5131,0,661.719,659.831,1.002862,0
5132,0,848.867,852.952,0.99521,0
5133,0,883.741,885.139,0.998421,0
5134,0,722.884,724.205,0.998177,0
5135,0,1771.117,1786.372,0.99146,0
5136,0,701.913,708.111,0.991247,0
5137,0,507.089,514.99,0.984658,0
5138,0,729.018,724.205,1.006647,0
5139,0,1026.774,1029.98,0.996887,0
5140,0,496.634,498.897,0.995465,0
5141,0,932.691,933.42,0.99922,0
5142,0,502.484,498.897,1.00719,0
5143,0,588.892,579.364,1.016446,0
5144,0,920.371,917.326,1.003319,0
5145,0,525.385,531.084,0.98927,0
5146,0,1210.968,1207.008,1.003281,0
5147,0,625.98,627.644,0.997349,0
5148,0,495.772,498.897,0.993738,0
5149,0,484.488,482.803,1.003489,0
5150,0,827.98,820.765,1.00879,0
5151,0,282.292,289.682,0.974489,0
5152,0,988.366,981.7,1.00679,0
5153,0,836.63,836.859,0.999727,0
5154,0,678.103,675.924,1.003223,0
5155,0,482.923,482.803,1.000247,0
5156,0,277.011,273.588,1.012509,0
5157,0,679.572,675.924,1.005397,0
5158,0,760.773,756.392,1.005793,0
5159,0,958.135,949.513,1.009081,0
5160,0,417.515,418.429,0.997816,0
5161,0,583.326,579.364,1.006838,0
5162,0,548.829,547.177,1.003019,0
5163,0,268.22,273.588,0.980379,0
5164,0,465.779,466.71,0.998006,0
5165,0,299.667,305.775,0.980025,0
5166,0,706.025,708.111,0.997053,0
5167,0,415.506,418.429,0.993012,0
5168,0,759.106,756.392,1.003589,0
5169,0,286.559,289.682,0.989219,0
5170,0,91.349,96.561,0.946026,0
5171,0,939.122,933.42,1.00611,0
5172,0,746.516,740.298,1.008399,0
5173,0,1579.979,1577.157,1.001789,0
5174,0,280.812,273.588,1.026404,0
5175,0,281.896,273.588,1.030366,0
5176,0,1109.804,1110.447,0.99942,0
5177,0,796.596,788.579,1.010167,0
5178,0,1518.058,1512.783,1.003487,0
5179,0,713.726,708.111,1.007929,0
5180,0,414.497,418.429,0.990601,0
5181,0,924.935,917.326,1.008295,0
5182,0,558.527,563.27,0.991578,0
5183,0,1221.717,1223.101,0.998868,0
5184,0,421.196,418.429,1.006611,0
5185,0,1053.592,1046.074,1.007187,0
5186,0,1132.866,1126.541,1.005615,0
5187,0,650.541,643.738,1.010568,0
5188,0,188.833,193.121,0.977797,0
5189,0,420.345,418.429,1.004579,0
5190,0,672.656,675.924,0.995164,0
5191,0,227.952,225.308,1.011735,0
5192,0,209.825,209.215,1.002915,0
5193,0,260.006,257.495,1.00975,0
5194,0,277.035,273.588,1.012596,0
5195,0,778.241,772.485,1.007451,0
5196,0,534.733,531.084,1.006873,0
5197,0,425.131,418.429,1.016016,0
5198,0,248.809,241.402,1.030686,0
5199,0,512.521,514.99,0.995206,0
5200,0,354.071,354.056,1.000042,0
5201,0,681.597,675.924,1.008392,0
5202,0,788.348,788.579,0.999707,0
5203,0,428.481,434.523,0.986094,0
5204,0,880.492,885.139,0.99475,0
5205,0,572.665,579.364,0.988438,0
5206,0,628.554,627.644,1.00145,0
5207,0,427.514,434.523,0.98387,0
5208,0,1079.983,1078.26,1.001598,0
5209,0,449.879,450.616,0.998364,0
5210,0,219.739,225.308,0.975284,0
5211,0,994.95,997.793,0.997151,0
5212,0,489.583,482.803,1.014042,0
5213,0,721.121,724.205,0.995742,0
5214,0,277.567,273.588,1.014542,0
5215,0,1707.938,1705.905,1.001192,0
5216,0,1081.001,1078.26,1.002541,0
5217,0,655.628,659.831,0.993631,0
5218,0,754.652,756.392,0.9977,0
5219,0,790.197,788.579,1.002053,0
5220,0,1132.644,1126.541,1.005418,0
5221,0,1068.063,1062.167,1.00555,0
5222,0,1418.465,1416.223,1.001583,0
5223,0,516.592,514.99,1.00311,0
5224,0,1055.602,1046.074,1.009109,0
5225,0,169.823,177.028,0.959303,0
5226,0,1497.984,1496.69,1.000864,0
5227,0,527.965,531.084,0.994128,0
5228,0,682.629,675.924,1.009919,0
5229,0,1083.521,1078.26,1.004879,0
5230,0,865.153,869.046,0.99552,0
5231,0,278.346,273.588,1.01739,0
5232,0,1866.343,1866.839,0.999734,0
5233,0,397.143,402.336,0.987092,0
5234,0,643.66,643.738,0.99988,0
5235,0,909.171,901.233,1.008808,0
5236,0,141.218,144.841,0.97499,0
5237,0,921.324,917.326,1.004359,0
5238,0,957.248,949.513,1.008147,0
5239,0,1435.454,1464.503,0.980165,0
5240,0,663.722,659.831,1.005896,0
5241,0,1153.173,1158.728,0.995206,0
5242,0,387.106,386.243,1.002235,0
5243,0,1184.055,1174.821,1.00786,0
5244,0,1296.047,1287.475,1.006658,0
5245,0,1464.349,1464.503,0.999895,0
5246,0,200.241,193.121,1.036865,0
5247,0,197.462,193.121,1.022476,0
5248,0,970.412,965.606,1.004977,0
5249,0,868.413,869.046,0.999272,0
5250,0,1512.856,1512.783,1.000048,0
5251,0,588.7,595.457,0.988653,0
5252,0,1165.551,1158.728,1.005889,0
5253,0,856.993,852.952,1.004737,0
5254,0,418.207,418.429,0.999467,0
5255,0,547.678,547.177,1.000916,0
5256,0,411.871,418.429,0.984325,0
5257,0,233.279,225.308,1.035377,0
5258,0,910.892,901.233,1.010718,0
5259,0,806.203,804.672,1.001903,0
5260,0,401.665,402.336,0.998332,0
5261,0,937.216,933.42,1.004067,0
5262,0,992.3,997.793,0.994494,0
5263,0,351.264,354.056,0.992116,0
5264,0,858.775,852.952,1.006827,0
5265,0,1437.494,1432.316,1.003615,0
5266,0,461.212,466.71,0.98822,0
5267,0,541.694,547.177,0.98998,0
5268,0,879.632,885.139,0.993778,0
5269,0,720.418,724.205,0.994771,0
5270,0,446.252,450.616,0.990315,0
5271,0,657.939,659.831,0.997133,0
5272,0,541.535,547.177,0.989689,0
5273,0,1921.924,1915.119,1.003553,0
5274,0,684.153,675.924,1.012173,0
5275,0,692.221,692.018,1.000294,0
5276,0,216.029,209.215,1.032573,0
5277,0,1016.392,1013.887,1.002471,0
5278,0,1976.342,2011.68,0.982434,0
5279,0,617.895,611.551,1.010373,0
5280,0,1026.913,1029.98,0.997022,0
5281,0,1807.048,1850.746,0.976389,0
5282,0,172.248,177.028,0.972999,0
5283,0,2317.708,2317.455,1.000109,0
5284,0,466.8,466.71,1.000193,0
5285,0,1030.187,1029.98,1.0002,0
5286,0,1564.511,1561.064,1.002209,0
5287,0,93.213,96.561,0.965332,0
5288,0,370.503,370.149,1.000957,0
5289,0,876.532,869.046,1.008614,0
5290,0,193.272,193.121,1.00078,0
5291,0,264.853,257.495,1.028576,0
5292,0,1802.31,1802.465,0.999914,0
5293,0,845.839,852.952,0.99166,0
5294,0,761.584,756.392,1.006864,0
5295,1,2051.13,2059.96,0.995713,0
5296,0,362.372,370.149,0.978989,0
5297,0,1000.084,997.793,1.002296,0
5298,0,297.432,289.682,1.026755,0
5299,0,580.514,579.364,1.001985,0
5300,0,644.64,643.738,1.001402,0
5301,0,1242.927,1239.195,1.003012,0
5302,0,1352.248,1351.849,1.000295,0
5303,0,849.864,852.952,0.99638,0
5304,0,872.573,869.046,1.004059,0
5305,0,877.687,869.046,1.009943,0
5306,0,2032.127,2027.773,1.002147,0
5307,0,745.624,740.298,1.007194,0
5308,0,1364.136,1367.942,0.997218,0
5309,0,538.586,531.084,1.014127,0
5310,0,576.27,579.364,0.994659,0
5311,0,372.621,370.149,1.006678,0
5312,0,507.424,498.897,1.017093,0
5313,0,681.687,675.924,1.008525,0
5314,0,1156.319,1158.728,0.997922,0
5315,0,1156.51,1158.728,0.998086,0
5316,0,711.245,708.111,1.004425,0
5317,0,1433.253,1432.316,1.000654,0
5318,0,359.559,354.056,1.015544,0
5319,0,926.5,917.326,1.01,0
5320,0,254.621,257.495,0.988839,0
5321,0,753.164,756.392,0.995733,0
5322,0,156.079,160.934,0.96983,0
5323,0,824.153,820.765,1.004127,0
5324,0,510.452,514.99,0.991188,0
5325,0,539.187,531.084,1.015259,0
5326,0,422.888,418.429,1.010655,0
5327,0,1348.628,1351.849,0.997617,0
5328,0,717.612,708.111,1.013417,0
5329,0,1298.188,1287.475,1.008321,0
5330,0,492.071,498.897,0.986318,0
5331,0,1730.905,1721.998,1.005172,0
5332,0,183.258,177.028,1.035191,0
5333,0,374.02,370.149,1.010457,0
5334,0,462.257,466.71,0.99046,0
5335,0,553.128,547.177,1.010876,0
5336,0,467.828,466.71,1.002395,0
5337,0,962.115,965.606,0.996384,0
5338,0,884.139,885.139,0.99887,0
5339,1,1430.138,1432.316,0.998479,0
5340,0,174.69,177.028,0.986796,0
5341,0,476.012,482.803,0.985934,0
5342,0,494.223,498.897,0.990632,0
5343,0,1013.444,1013.887,0.999564,0
5344,0,644.392,643.738,1.001016,0
5345,0,922.479,917.326,1.005617,0
5346,0,664.197,659.831,1.006616,0
5347,0,1301.529,1303.569,0.998435,0
5348,0,1042.618,1046.074,0.996696,0
5349,0,383.181,386.243,0.992073,0
5350,0,1333.88,1335.756,0.998596,0
5351,0,557.7,563.27,0.990111,0
5352,0,1578.222,1577.157,1.000675,0
5353,0,641.471,643.738,0.996479,0
5354,0,1175.741,1174.821,1.000783,0
5355,0,1142.742,1142.634,1.000094,0
5356,0,4417.938,4409.603,1.00189,0
5357,0,2952.731,2945.1,1.002591,0
5358,0,714.523,708.111,1.009054,0
5359,0,3188.174,3186.501,1.000525,0
5360,0,3200.513,3186.501,1.004397,0
5361,0,1517.517,1512.783,1.003129,0
5362,0,593.155,595.457,0.996134,0
5363,0,1104.914,1094.354,1.009649,0
5364,0,980.351,981.7,0.998626,0
5365,0,1481.103,1480.596,1.000342,0
5366,0,1385.577,1384.036,1.001114,0
5367,0,936.666,933.42,1.003478,0
5368,0,1768.111,1770.278,0.998776,0
5369,0,2082.446,2076.054,1.003079,0
5370,0,679.455,675.924,1.005223,0
5371,0,2168.963,2172.614,0.998319,0
5372,0,1045.035,1046.074,0.999007,0
5373,1,905.262,901.233,1.004471,0
5374,1,875.14,869.046,1.007013,0
5375,0,551.547,547.177,1.007987,0
5376,0,344.424,337.962,1.01912,0
5377,0,621.948,627.644,0.990924,0
5378,0,600.898,595.457,1.009137,0
5379,0,124.648,128.748,0.968158,0
5380,0,363.712,370.149,0.98261,0
5381,0,614.988,611.551,1.005621,0
5382,0,57.762,64.374,0.897287,0
5383,0,364.4,370.149,0.984469,0
5384,0,143.044,144.841,0.987594,0
5385,0,310.658,305.775,1.015969,0
5386,0,775.676,772.485,1.00413,0
5387,0,640.476,643.738,0.994934,0
5388,0,144.945,144.841,1.000721,0
5389,0,429.385,434.523,0.988177,0
5390,0,376.345,370.149,1.016738,0
5391,0,608.904,611.551,0.995671,0
5392,0,299.232,305.775,0.9786,0
5393,0,339.58,337.962,1.004786,0
5394,0,285.642,289.682,0.986055,0
5395,0,336.441,337.962,0.995498,0
5396,0,788.029,788.579,0.999303,0
5397,0,176.845,177.028,0.998969,0
5398,0,230.356,225.308,1.022405,0
5399,0,798.734,804.672,0.99262,0
5400,0,181.413,177.028,1.024769,0
5401,0,129.036,128.748,1.002243,0
5402,0,195.943,193.121,1.014613,0
5403,0,454.688,450.616,1.009036,0
5404,0,142.847,144.841,0.986235,0
5405,0,374.615,370.149,1.012065,0
5406,0,600.962,595.457,1.009245,0
5407,0,510.206,514.99,0.99071,0
5408,0,532.728,531.084,1.003097,0
5409,0,442.993,450.616,0.983083,0
5410,0,493.958,498.897,0.990102,0
5411,0,398.906,402.336,0.991475,0
5412,0,542.293,547.177,0.991075,0
5413,0,461.658,466.71,0.989176,0
5414,0,296.558,305.775,0.969856,0
5415,0,226.905,225.308,1.007086,0
5416,0,418.889,563.27,0.743673,0
5417,0,859.725,1013.887,0.847949,0
5418,0,355.859,418.429,0.850464,0
5419,0,316.376,370.149,0.854725,0
5420,0,213.23,225.308,0.946395,0
5421,0,199.629,209.215,0.954182,0
5422,0,697.968,852.952,0.818296,0
5423,0,315.424,337.962,0.933312,0
5424,0,419.394,434.523,0.965183,0
5425,0,348.146,386.243,0.901366,0
5426,0,343.558,386.243,0.889488,0
5427,0,347.591,354.056,0.981742,0
5428,0,355.504,402.336,0.883599,0
5429,0,352.259,386.243,0.912015,0
5430,0,379.407,498.897,0.760491,0
5431,0,446.003,514.99,0.866043,0
5432,0,660.967,820.765,0.805306,0
5433,0,267.688,273.588,0.978435,0
5434,0,273.475,321.869,0.849648,0
5435,0,202.763,209.215,0.969163,0
5436,0,516.376,514.99,1.002692,0
5437,0,604.675,692.018,0.873785,0
5438,0,256.389,257.495,0.995703,0
5439,0,471.567,531.084,0.887935,0
5440,0,317.232,321.869,0.985594,0
5441,0,1409.861,1770.278,0.796406,0
5442,0,928.4,1142.634,0.812509,0
5443,0,1290.317,1512.783,0.852942,0
5444,0,326.116,370.149,0.881041,0
5445,0,330.839,370.149,0.893798,0
5446,0,338.477,370.149,0.914434,0
5447,0,335.173,370.149,0.905507,0
5448,0,515.618,611.551,0.843132,0
5449,0,85.744,80.467,1.06558,0
5450,0,88.966,96.561,0.92135,0
5451,0,82.907,80.467,1.030326,0
5452,0,274.931,273.588,1.004905,0
5453,0,152.955,144.841,1.056018,0
5454,0,784.544,836.859,0.937487,0
5455,0,158.172,160.934,0.982835,0
5456,0,175.863,177.028,0.99342,0
5457,0,764.8,836.859,0.913893,0
5458,0,1105.859,1255.288,0.88096,0
5459,0,798.416,852.952,0.936062,0
5460,0,468.978,514.99,0.910655,0
5461,0,472.483,514.99,0.91746,0
5462,0,530.314,531.084,0.998551,0
5463,0,520.809,514.99,1.011299,0
5464,0,327.335,321.869,1.016984,0
5465,0,323.358,337.962,0.956787,0
5466,0,577.615,659.831,0.875399,0
5467,0,473.78,531.084,0.8921,0
5468,0,851.1,901.233,0.944373,0
5469,0,370.562,370.149,1.001116,0
5470,0,450.73,450.616,1.000252,0
5471,0,222.72,225.308,0.988512,0
5472,0,229.571,225.308,1.018921,0
5473,0,230.338,241.402,0.954169,0
5474,0,191.286,193.121,0.990495,0
5475,0,239.915,241.402,0.993841,0
5476,0,256.916,257.495,0.997751,0
5477,0,658.629,659.831,0.998178,0
5478,0,325.331,321.869,1.010757,0
5479,0,145.043,144.841,1.001395,0
5480,0,408.06,402.336,1.014226,0
5481,0,585.017,643.738,0.908781,0
5482,0,456.803,466.71,0.978772,0
5483,0,140.61,144.841,0.970786,0
5484,0,358.596,354.056,1.012824,0
5485,0,61.02,64.374,0.947906,0
5486,0,452.27,450.616,1.003669,0
5487,0,655.321,659.831,0.993165,0
5488,0,411.0,418.429,0.982244,0
5489,0,279.597,273.588,1.021963,0
5490,0,247.007,241.402,1.023222,0
5491,0,259.806,257.495,1.008974,0
5492,0,378.405,386.243,0.979708,0
5493,0,177.075,177.028,1.000264,0
5494,0,175.188,177.028,0.989609,0
5495,0,408.195,402.336,1.014564,0
5496,0,371.153,370.149,1.002713,0
5497,0,594.96,611.551,0.972872,0
5498,0,573.51,595.457,0.963142,0
5499,0,593.909,611.551,0.971153,0
5500,0,472.754,466.71,1.012951,0
5501,0,229.795,225.308,1.019912,0
5502,0,738.792,740.298,0.997965,0
5503,0,946.08,949.513,0.996384,0
5504,0,192.218,193.121,0.99532,0
5505,0,450.443,450.616,0.999615,0
5506,0,202.933,209.215,0.969974,0
5507,0,200.103,193.121,1.036153,0
5508,0,543.331,547.177,0.992971,0
5509,0,2059.975,2172.614,0.948155,0
5510,0,264.816,257.495,1.028432,0
5511,0,983.568,981.7,1.001903,0
5512,0,575.681,579.364,0.993643,0
5513,0,486.317,482.803,1.007278,0
5514,0,615.151,611.551,1.005887,0
5515,0,294.599,305.775,0.963448,0
5516,0,932.346,949.513,0.98192,0
5517,0,823.896,836.859,0.98451,0
5518,0,977.355,997.793,0.979517,0
5519,0,973.112,981.7,0.991252,0
5520,0,1609.641,1609.344,1.000185,0
5521,0,1600.35,1593.251,1.004456,0
5522,0,967.774,965.606,1.002245,0
5523,0,940.602,933.42,1.007695,0
5524,0,520.884,514.99,1.011444,0
5525,0,536.989,531.084,1.011119,0
5526,0,917.816,933.42,0.983284,0
5527,0,922.732,933.42,0.98855,0
5528,0,342.897,402.336,0.852265,0
5529,0,407.728,482.803,0.844502,0
5530,0,1097.595,1142.634,0.960583,0
5531,0,1191.771,1223.101,0.974384,0
5532,0,604.562,595.457,1.01529,0
5533,0,607.598,611.551,0.993537,0
5534,0,216.112,209.215,1.032965,0
5535,0,236.1,241.402,0.97804,0
5536,0,1804.469,1802.465,1.001111,0
5537,0,1804.601,1802.465,1.001185,0
5538,0,777.719,772.485,1.006776,0
5539,0,758.155,756.392,1.002332,0
5540,0,887.648,901.233,0.984926,0
5541,0,935.706,949.513,0.985459,0
5542,0,2250.725,2269.175,0.991869,0
5543,0,2171.167,2172.614,0.999334,0
5544,0,991.387,997.793,0.99358,0
5545,0,305.967,305.775,1.000626,0
5546,0,1210.954,1207.008,1.003269,0
5547,0,399.016,402.336,0.991748,0
5548,0,339.387,337.962,1.004216,0
5549,0,983.057,981.7,1.001382,0
5550,0,977.774,981.7,0.996001,0
5551,0,2948.746,2945.1,1.001238,0
5552,0,2975.311,2961.193,1.004768,0
5553,0,1255.214,1287.475,0.974942,0
5554,0,1070.551,1062.167,1.007893,0
5555,0,1944.162,1947.306,0.998385,0
5556,0,948.602,949.513,0.999041,0
5557,0,965.062,965.606,0.999436,0
5558,0,447.145,450.616,0.992296,0
5559,0,515.187,514.99,1.000383,0
5560,0,283.272,289.682,0.977872,0
5561,0,405.962,402.336,1.009012,0
5562,0,1459.418,1464.503,0.996528,0
5563,0,1416.368,1416.223,1.000102,0
5564,0,572.24,579.364,0.987704,0
5565,0,508.158,514.99,0.986734,0
5566,0,920.834,917.326,1.003824,0
5567,0,932.056,933.42,0.998539,0
5568,0,2975.877,3234.781,0.919962,0
5569,0,1041.573,1046.074,0.995697,0
5570,0,2934.58,3186.501,0.920941,0
5571,0,1085.868,1078.26,1.007055,0
5572,0,1085.905,1078.26,1.007089,0
5573,0,1032.277,1029.98,1.00223,0
5574,0,1588.235,1577.157,1.007024,0
5575,0,2163.083,2285.268,0.946533,0
5576,0,239.479,241.402,0.992034,0
5577,0,133.953,144.841,0.924826,0
5578,0,1242.794,1239.195,1.002904,0
5579,0,3101.768,3170.408,0.97835,0
5580,0,3083.503,3154.314,0.977551,0
5581,0,1297.64,1303.569,0.995452,0
5582,0,1304.83,1303.569,1.000968,0
5583,0,1426.739,1416.223,1.007426,0
5584,0,1419.639,1416.223,1.002412,0
5585,0,1944.556,1947.306,0.998588,0
5586,0,1965.557,1979.493,0.99296,0
5587,0,940.207,933.42,1.007272,0
5588,0,944.385,949.513,0.994599,0
5589,0,959.91,965.606,0.994101,0
5590,0,927.028,933.42,0.993153,0
5591,0,1619.561,1609.344,1.006349,0
5592,0,1568.038,1561.064,1.004468,0
5593,0,1694.672,1689.811,1.002877,0
5594,0,1686.714,1689.811,0.998167,0
5595,0,1321.567,1319.662,1.001444,0
5596,0,1314.545,1319.662,0.996123,0
5597,0,1047.759,1046.074,1.001611,0
5598,0,1170.012,1174.821,0.995907,0
5599,0,2685.446,2735.885,0.981564,0
5600,0,2707.517,2768.072,0.978124,0
5601,0,956.814,949.513,1.007689,0
5602,0,969.615,965.606,1.004151,0
5603,0,1932.137,1931.213,1.000479,0
5604,0,1941.796,1947.306,0.99717,0
5605,0,1039.027,1029.98,1.008783,0
5606,0,993.891,997.793,0.996089,0
5607,0,1432.905,1432.316,1.000411,0
5608,0,1461.319,1464.503,0.997826,0
5609,0,1101.038,1094.354,1.006108,0
5610,0,851.417,852.952,0.9982,0
5611,0,959.436,965.606,0.99361,0
5612,0,1081.792,1078.26,1.003275,0
5613,0,1003.261,997.793,1.00548,0
5614,0,788.671,788.579,1.000117,0
5615,0,967.137,965.606,1.001585,0
5616,0,493.234,498.897,0.988649,0
5617,0,416.503,418.429,0.995396,0
5618,0,771.849,772.485,0.999177,0
5619,0,987.604,981.7,1.006015,0
5620,0,583.534,579.364,1.007198,0
5621,0,677.697,675.924,1.002622,0
5622,0,666.302,675.924,0.985764,0
5623,0,324.062,321.869,1.006814,0
5624,0,666.502,675.924,0.986061,0
5625,0,1417.333,1416.223,1.000784,0
5626,0,1201.537,1190.915,1.008919,0
5627,0,2850.401,2848.539,1.000654,0
5628,0,2870.729,2864.632,1.002128,0
5629,0,333.88,337.962,0.98792,0
5630,0,531.843,531.084,1.00143,0
5631,0,946.258,949.513,0.996572,0
5632,0,990.817,981.7,1.009287,0
5633,0,449.838,450.616,0.998273,0
5634,0,302.746,305.775,0.990093,0
5635,0,944.725,949.513,0.994958,0
5636,0,953.253,949.513,1.003939,0
5637,0,1550.529,1673.718,0.926398,0
5638,0,1589.506,1721.998,0.923059,0
5639,0,2695.214,2751.978,0.979373,0
5640,0,2653.47,2719.791,0.975615,0
5641,0,1095.441,1094.354,1.000993,0
5642,0,1100.977,1094.354,1.006052,0
5643,0,1159.438,1158.728,1.000613,0
5644,0,1153.51,1158.728,0.995497,0
5645,0,2800.486,2800.259,1.000081,0
5646,0,2800.519,2800.259,1.000093,0
5647,0,1269.107,1271.382,0.998211,0
5648,0,1189.727,1190.915,0.999002,0
5649,0,1527.709,1544.97,0.988827,0
5650,0,1559.63,1577.157,0.988887,0
5651,0,1113.301,1110.447,1.00257,0
5652,0,1333.119,1335.756,0.998027,0
5653,0,384.996,386.243,0.996772,0
5654,0,388.438,386.243,1.005684,0
5655,0,653.529,659.831,0.990449,0
5656,0,660.551,659.831,1.001091,0
5657,0,1018.874,1174.821,0.867259,0
5658,0,879.083,965.606,0.910395,0
5659,0,882.588,885.139,0.997117,0
5660,0,673.314,675.924,0.996138,0
5661,0,815.335,917.326,0.888817,0
5662,0,715.95,788.579,0.907899,0
5663,0,1552.624,1561.064,0.994593,0
5664,0,1558.715,1561.064,0.998495,0
5665,0,804.594,804.672,0.999904,0
5666,0,711.266,708.111,1.004455,0
5667,0,692.329,692.018,1.000449,0
5668,0,774.032,772.485,1.002003,0
5669,0,2140.822,2156.521,0.99272,0
5670,0,2057.514,2059.96,0.998812,0
5671,0,807.009,804.672,1.002904,0
5672,0,812.344,804.672,1.009535,0
5673,0,959.099,965.606,0.993261,0
5674,0,1431.737,1432.316,0.999596,0
5675,0,1432.922,1432.316,1.000423,0
5676,0,1157.766,1158.728,0.99917,0
5677,0,1138.708,1142.634,0.996564,0
5678,0,835.289,836.859,0.998124,0
5679,0,822.826,820.765,1.00251,0
5680,0,3881.23,3926.799,0.988395,0
5681,0,3894.09,3942.893,0.987623,0
5682,0,891.593,901.233,0.989304,0
5683,0,292.494,289.682,1.009708,0
5684,0,308.137,305.775,1.007722,0
5685,0,916.259,917.326,0.998836,0
5686,0,377.508,370.149,1.01988,0
5687,0,940.01,949.513,0.989992,0
5688,0,537.661,531.084,1.012385,0
5689,0,717.599,724.205,0.990879,0
5690,0,725.896,724.205,1.002335,0
5691,0,537.663,531.084,1.012389,0
5692,0,667.071,659.831,1.010972,0
5693,0,607.838,611.551,0.993929,0
5694,0,690.254,692.018,0.997451,0
5695,0,629.113,627.644,1.002341,0
5696,0,1831.991,1834.652,0.998549,0
5697,0,509.274,514.99,0.988901,0
5698,0,531.966,531.084,1.001662,0
5699,0,1019.841,1029.98,0.990156,0
5700,0,244.573,241.402,1.013139,0
5701,0,283.491,289.682,0.97863,0
5702,0,211.546,209.215,1.011145,0
5703,0,216.125,209.215,1.033031,0
5704,0,381.614,402.336,0.948495,0
5705,0,512.099,531.084,0.964254,0
5706,0,1819.748,1818.559,1.000654,0
5707,0,472.058,466.71,1.011459,0
5708,0,479.586,482.803,0.993336,0
5709,0,757.065,756.392,1.00089,0
5710,0,725.38,724.205,1.001622,0
5711,0,630.57,643.738,0.979545,0
5712,0,486.075,482.803,1.006778,0
5713,0,776.833,772.485,1.005628,0
5714,0,318.603,321.869,0.989854,0
5715,0,562.974,563.27,0.999474,0
5716,0,370.881,370.149,1.001978,0
5717,0,390.29,386.243,1.010479,0
5718,0,222.126,225.308,0.985878,0
5719,0,309.601,305.775,1.012511,0
5720,0,290.259,289.682,1.001992,0
5721,0,439.246,434.523,1.01087,0
5722,0,328.325,321.869,1.02006,0
5723,0,359.036,354.056,1.014066,0
5724,0,439.292,434.523,1.010976,0
5725,0,185.731,193.121,0.961734,0
5726,0,415.39,418.429,0.992737,0
5727,0,1032.586,1046.074,0.987107,0
5728,0,752.637,756.392,0.995036,0
5729,0,229.517,225.308,1.01868,0
5730,0,362.672,370.149,0.979798,0
5731,0,306.917,305.775,1.003735,0
5732,0,515.304,514.99,1.00061,0
5733,0,279.779,273.588,1.022627,0
5734,0,823.446,820.765,1.003266,0
5735,0,765.221,756.392,1.011673,0
5736,0,118.7,112.654,1.053667,0
5737,0,928.326,933.42,0.994543,0
5738,0,565.294,563.27,1.003593,0
5739,0,502.562,498.897,1.007348,0
5740,0,204.846,209.215,0.979119,0
5741,0,417.091,418.429,0.996801,0
5742,0,218.705,225.308,0.970694,0
5743,0,424.38,418.429,1.014221,0
5744,0,452.788,450.616,1.00482,0
5745,0,567.875,563.27,1.008175,0
5746,0,841.527,836.859,1.005578,0
5747,0,374.476,370.149,1.011689,0
5748,0,271.72,273.588,0.993171,0
5749,0,369.66,370.149,0.998679,0
5750,0,635.63,643.738,0.987405,0
5751,0,288.973,289.682,0.997553,0
5752,0,689.18,692.018,0.995899,0
5753,0,731.785,740.298,0.9885,0
5754,0,575.95,579.364,0.994108,0
5755,0,663.82,659.831,1.006046,0
5756,0,218.97,225.308,0.971869,0
5757,0,323.456,321.869,1.004931,0
5758,0,863.146,852.952,1.011951,0
5759,0,238.269,241.402,0.987025,0
5760,0,299.742,305.775,0.98027,0
5761,0,298.816,305.775,0.977239,0
5762,0,343.003,337.962,1.014916,0
5763,0,512.862,514.99,0.995868,0
5764,0,634.342,643.738,0.985404,0
5765,0,295.928,289.682,1.021561,0
5766,0,402.748,402.336,1.001023,0
5767,0,302.418,305.775,0.989019,0
5768,0,490.565,514.99,0.952573,0
5769,0,291.333,289.682,1.005701,0
5770,0,1224.065,1239.195,0.987791,0
5771,0,1236.959,1255.288,0.985398,0
5772,0,2038.612,2059.96,0.989637,0
5773,0,2107.979,2140.428,0.98484,0
5774,0,668.911,659.831,1.013762,0
5775,0,482.603,482.803,0.999584,0
5776,0,328.984,321.869,1.022107,0
5777,0,659.028,659.831,0.998783,0
5778,0,166.723,160.934,1.035968,0
5779,0,94.914,96.561,0.982951,0
5780,0,153.89,160.934,0.956227,0
5781,0,709.203,708.111,1.001542,0
5782,0,1125.618,1126.541,0.999181,0
5783,0,1125.248,1126.541,0.998853,0
5784,0,343.132,337.962,1.015295,0
5785,0,1125.389,1142.634,0.984908,0
5786,0,647.278,659.831,0.980975,0
5787,0,305.344,305.775,0.998588,0
5788,0,477.041,482.803,0.988065,0
5789,0,1084.903,1078.26,1.006161,0
5790,0,488.474,482.803,1.011746,0
5791,0,566.189,563.27,1.005181,0
5792,0,535.666,531.084,1.008628,0
5793,0,227.325,225.308,1.00895,0
5794,0,237.186,241.402,0.982535,0
5795,0,269.022,273.588,0.983311,0
5796,0,495.988,498.897,0.99417,0
5797,0,329.797,337.962,0.97584,0
5798,0,372.844,370.149,1.007279,0
5799,0,380.879,386.243,0.986115,0
5800,0,366.323,370.149,0.989663,0
5801,0,121.729,128.748,0.945483,0
5802,0,396.48,402.336,0.985445,0
5803,0,366.262,370.149,0.989498,0
5804,0,558.326,563.27,0.991222,0
5805,0,613.628,611.551,1.003397,0
5806,0,899.273,901.233,0.997825,0
5807,0,574.049,579.364,0.990826,0
5808,0,558.811,563.27,0.992083,0
5809,0,366.957,370.149,0.991377,0
5810,0,192.151,193.121,0.994976,0
5811,0,172.892,177.028,0.976637,0
5812,0,460.425,466.71,0.986534,0
5813,0,197.823,193.121,1.024347,0
5814,0,322.357,321.869,1.001518,0
5815,0,473.909,466.71,1.015426,0
5816,0,182.742,177.028,1.032276,0
5817,0,468.093,466.71,1.002964,0
5818,0,440.137,434.523,1.01292,0
5819,0,353.445,354.056,0.998275,0
5820,0,829.892,836.859,0.991675,0
5821,0,285.928,289.682,0.987041,0
5822,0,659.708,659.831,0.999814,0
5823,0,821.955,820.765,1.001449,0
5824,0,341.739,337.962,1.011175,0
5825,0,1046.642,1062.167,0.985383,0
5826,0,773.249,772.485,1.000989,0
5827,0,552.553,563.27,0.980973,0
5828,0,290.078,289.682,1.001366,0
5829,0,336.584,337.962,0.995922,0
5830,0,500.039,498.897,1.002289,0
5831,0,215.204,209.215,1.028628,0
5832,0,139.206,144.841,0.961095,0
5833,0,54.778,48.28,1.134589,0
5834,0,337.678,337.962,0.999158,0
5835,0,243.501,241.402,1.008696,0
5836,0,615.304,611.551,1.006138,0
5837,0,432.893,434.523,0.996249,0
5838,0,161.808,160.934,1.005429,0
5839,0,940.072,933.42,1.007127,0
5840,0,369.099,370.149,0.997164,0
5841,0,321.599,321.869,0.999163,0
5842,0,226.983,225.308,1.007433,0
5843,0,431.152,434.523,0.992242,0
5844,0,356.74,354.056,1.007581,0
5845,0,324.231,321.869,1.007338,0
5846,0,139.412,144.841,0.962519,0
5847,0,417.662,418.429,0.998166,0
5848,0,501.94,498.897,1.0061,0
5849,0,940.321,933.42,1.007394,0
5850,0,581.408,579.364,1.003529,0
5851,0,385.328,386.243,0.997632,0
5852,0,300.324,305.775,0.982172,0
5853,0,744.919,740.298,1.006242,0
5854,0,425.393,418.429,1.016643,0
5855,0,529.514,531.084,0.997044,0
5856,0,889.689,901.233,0.987191,0
5857,0,291.846,289.682,1.00747,0
5858,0,543.835,563.27,0.965496,0
5859,0,482.616,482.803,0.999612,0
5860,0,327.567,321.869,1.017702,0
5861,0,656.195,659.831,0.994489,0
5862,0,154.93,160.934,0.962693,0
5863,0,709.726,708.111,1.00228,0
5864,0,342.995,337.962,1.014891,0
5865,0,360.973,370.149,0.975209,0
5866,0,570.37,563.27,1.012605,0
5867,0,149.725,144.841,1.033717,0
5868,0,353.308,354.056,0.997889,0
5869,0,1012.099,1029.98,0.982639,0
5870,0,568.223,563.27,1.008793,0
5871,0,589.93,595.457,0.990717,0
5872,0,644.467,643.738,1.001132,0
5873,0,633.669,643.738,0.984359,0
5874,0,485.668,498.897,0.973483,0
5875,0,454.54,450.616,1.008707,0
5876,0,870.692,901.233,0.966112,0
5877,0,130.689,128.748,1.015077,0
5878,0,202.796,209.215,0.969318,0
5879,0,196.449,193.121,1.017232,0
5880,0,145.058,144.841,1.001496,0
5881,0,302.076,305.775,0.987901,0
5882,0,435.332,434.523,1.001861,0
5883,0,783.199,788.579,0.993179,0
5884,0,593.97,595.457,0.997502,0
5885,0,666.314,659.831,1.009825,0
5886,0,545.575,547.177,0.997072,0
5887,0,484.411,482.803,1.00333,0
5888,0,456.767,450.616,1.013649,0
5889,0,561.579,563.27,0.996998,0
5890,0,501.518,498.897,1.005253,0
5891,0,393.446,402.336,0.977904,0
5892,0,682.381,692.018,0.986074,0
5893,0,551.455,547.177,1.007817,0
5894,0,168.224,160.934,1.045297,0
5895,0,269.18,273.588,0.983888,0
5896,0,553.539,547.177,1.011626,0
5897,0,685.899,692.018,0.991158,0
5898,0,291.041,289.682,1.00469,0
5899,0,386.847,386.243,1.001565,0
5900,0,678.846,675.924,1.004322,0
5901,0,454.68,450.616,1.009019,0
5902,0,456.832,450.616,1.013794,0
5903,0,564.603,563.27,1.002366,0
5904,0,963.534,965.606,0.997854,0
5905,0,953.496,949.513,1.004194,0
5906,0,505.367,498.897,1.01297,0
5907,0,476.634,482.803,0.987223,0
5908,0,773.696,772.485,1.001568,0
5909,0,643.912,643.738,1.000271,0
5910,0,421.999,418.429,1.008531,0
5911,0,423.571,418.429,1.012287,0
5912,0,483.184,482.803,1.000789,0
5913,0,544.602,547.177,0.995294,0
5914,0,833.557,836.859,0.996054,0
5915,0,172.156,177.028,0.972478,0
5916,0,160.345,160.934,0.996335,0
5917,0,883.305,901.233,0.980108,0
5918,0,560.928,563.27,0.995842,0
5919,0,922.212,933.42,0.987994,0
5920,0,528.673,531.084,0.99546,0
5921,0,403.417,402.336,1.002688,0
5922,0,240.04,241.402,0.994361,0
5923,0,376.646,386.243,0.975154,0
5924,0,276.338,273.588,1.010049,0
5925,0,226.909,225.308,1.007103,0
5926,0,357.249,354.056,1.00902,0
5927,0,509.952,514.99,0.990217,0
5928,0,328.757,321.869,1.021401,0
5929,0,165.332,160.934,1.027322,0
5930,0,390.505,386.243,1.011035,0
5931,0,492.422,498.897,0.987022,0
5932,0,359.426,354.056,1.015168,0
5933,0,393.18,402.336,0.977244,0
5934,0,655.198,675.924,0.969336,0
5935,0,887.917,917.326,0.96794,0
5936,0,461.395,466.71,0.988612,0
5937,0,364.765,370.149,0.985454,0
5938,0,264.902,257.495,1.028767,0
5939,0,359.363,354.056,1.014989,0
5940,0,537.789,547.177,0.982844,0
5941,0,530.092,531.084,0.998133,0
5942,0,1109.659,1110.447,0.99929,0
5943,0,1091.394,1094.354,0.997295,0
5944,0,962.135,965.606,0.996405,0
5945,0,955.058,965.606,0.989076,0
5946,0,282.261,273.588,1.031699,0
5947,0,283.29,289.682,0.977936,0
5948,0,434.254,434.523,0.999381,0
5949,0,315.574,321.869,0.980443,0
5950,0,1034.322,1094.354,0.945144,0
5951,0,1058.895,1142.634,0.926714,0
5952,0,866.748,901.233,0.961736,0
5953,0,888.334,917.326,0.968395,0
5954,0,1021.266,1029.98,0.991539,0
5955,0,1020.81,1029.98,0.991097,0
5956,0,353.231,354.056,0.997672,0
5957,0,781.305,788.579,0.990776,0
5958,0,1468.255,1480.596,0.991665,0
5959,0,1504.698,1512.783,0.994656,0
5960,0,754.671,756.392,0.997725,0
5961,0,1341.453,1367.942,0.980636,0
5962,0,1337.683,1367.942,0.97788,0
5963,0,1013.375,1029.98,0.983878,0
5964,0,1010.158,1013.887,0.996323,0
5965,0,1693.453,1689.811,1.002155,0
5966,0,1704.224,1705.905,0.999015,0
5967,0,945.585,949.513,0.995864,0
5968,0,940.189,933.42,1.007253,0
5969,0,269.37,273.588,0.984581,0
5970,0,254.672,257.495,0.989035,0
5971,0,205.195,209.215,0.980785,0
5972,0,905.309,901.233,1.004523,0
5973,0,902.529,901.233,1.001438,0
5974,0,958.928,949.513,1.009915,0
5975,0,961.436,965.606,0.995681,0
5976,0,199.05,193.121,1.030699,0
5977,0,203.376,209.215,0.972092,0
5978,0,463.976,466.71,0.994143,0
5979,0,530.373,531.084,0.998662,0
5980,0,699.828,708.111,0.988302,0
5981,0,693.488,692.018,1.002124,0
5982,0,1404.688,1400.129,1.003256,0
5983,0,1369.757,1367.942,1.001327,0
5984,0,1018.685,1013.887,1.004732,0
5985,0,967.64,965.606,1.002106,0
5986,0,444.283,450.616,0.985945,0
5987,0,380.465,386.243,0.985042,0
5988,0,139.406,144.841,0.962476,0
5989,0,105.926,112.654,0.940277,0
5990,0,1002.683,997.793,1.004901,0
5991,0,1009.333,1013.887,0.995508,0
5992,0,1318.439,1335.756,0.987036,0
5993,0,571.976,579.364,0.987249,0
5994,0,1313.965,1319.662,0.995683,0
5995,0,580.755,579.364,1.002402,0
5996,0,1527.024,1528.877,0.998788,0
5997,0,1528.814,1528.877,0.999959,0
5998,0,864.451,885.139,0.976627,0
5999,0,405.602,402.336,1.008116,0
6000,0,112.085,112.654,0.994952,0
6001,0,820.369,820.765,0.999517,0
6002,0,844.276,852.952,0.989828,0
6003,0,90.272,96.561,0.934873,0
6004,0,133.476,128.748,1.036729,0
6005,0,193.007,193.121,0.999406,0
6006,0,420.937,418.429,1.005992,0
6007,0,589.26,595.457,0.989592,0
6008,0,491.253,498.897,0.984679,0
6009,0,1059.763,1062.167,0.997737,0
6010,0,296.845,289.682,1.024728,0
6011,0,219.72,225.308,0.9752,0
6012,0,187.734,193.121,0.972104,0
6013,0,228.485,225.308,1.014099,0
6014,0,476.062,482.803,0.986038,0
6015,0,678.067,675.924,1.00317,0
6016,0,436.549,434.523,1.004662,0
6017,0,1361.052,1367.942,0.994963,0
6018,0,1432.351,1432.316,1.000024,0
6019,0,1129.365,1126.541,1.002507,0
6020,0,1133.957,1142.634,0.992406,0
6021,1,296.96,289.682,1.025124,0
6022,1,296.96,289.682,1.025124,0
6023,0,1116.29,1110.447,1.005262,0
6024,0,1116.29,1110.447,1.005262,0
6025,0,579.953,579.364,1.001017,0
6026,0,578.365,579.364,0.998277,0
6027,0,165.444,160.934,1.028022,0
6028,0,40.714,48.28,0.843292,0
6029,0,325.173,321.869,1.010265,0
6030,0,607.952,611.551,0.994116,0
6031,0,434.669,434.523,1.000336,0
6032,0,296.473,289.682,1.023444,0
6033,0,235.675,241.402,0.976279,0
6034,0,270.146,273.588,0.987417,0
6035,0,371.939,370.149,1.004836,0
6036,0,261.265,257.495,1.014641,0
6037,0,577.514,579.364,0.996807,0
6038,0,493.787,498.897,0.989758,0
6039,0,603.607,611.551,0.98701,0
6040,0,322.266,321.869,1.001236,0
6041,0,559.273,563.27,0.992903,0
6042,0,558.49,563.27,0.991512,0
6043,0,380.25,386.243,0.984484,0
6044,0,382.047,386.243,0.989137,0
6045,0,143.959,144.841,0.993908,0
6046,0,215.074,209.215,1.028007,0
6047,0,223.464,225.308,0.991815,0
6048,0,323.878,321.869,1.006243,0
6049,0,332.118,337.962,0.982708,0
6050,0,175.353,177.028,0.990538,0
6051,0,177.277,177.028,1.001407,0
6052,0,838.409,836.859,1.001852,0
6053,0,825.18,820.765,1.005378,0
6054,0,488.922,482.803,1.012673,0
6055,0,496.13,498.897,0.994454,0
6056,0,470.734,482.803,0.975002,0
6057,0,484.132,498.897,0.970405,0
6058,0,496.07,498.897,0.994334,0
6059,0,463.924,466.71,0.99403,0
6060,0,435.076,434.523,1.001273,0
6061,0,353.523,354.056,0.998496,0
6062,0,413.611,418.429,0.988483,0
6063,0,170.603,177.028,0.963707,0
6064,0,192.413,193.121,0.996332,0
6065,0,76.108,80.467,0.945831,0
6066,0,512.457,514.99,0.995082,0
6067,0,425.749,418.429,1.017494,0
6068,0,488.432,482.803,1.011659,0
6069,0,123.082,128.748,0.955995,0
6070,0,323.579,321.869,1.005315,0
6071,0,344.089,337.962,1.01813,0
6072,0,54.014,48.28,1.118761,0
6073,0,151.918,144.841,1.048862,0
6074,0,151.179,144.841,1.043761,0
6075,0,165.768,160.934,1.030034,0
6076,0,161.215,160.934,1.001742,0
6077,0,151.446,144.841,1.0456,0
6078,0,156.605,160.934,0.9731,0
6079,0,155.4,160.934,0.96561,0
6080,0,114.245,112.654,1.014124,0
6081,0,328.681,337.962,0.972537,0
6082,0,601.147,611.551,0.982989,0
6083,0,736.864,740.298,0.995361,0
6084,0,556.429,563.27,0.987854,0
6085,0,493.37,498.897,0.988923,0
6086,0,878.017,885.139,0.991954,0
6087,0,238.439,241.402,0.987728,0
6088,0,220.364,225.308,0.978057,0
6089,0,596.483,595.457,1.001723,0
6090,0,330.807,337.962,0.978829,0
6091,0,355.906,354.056,1.005226,0
6092,0,273.07,273.588,0.998105,0
6093,0,280.395,273.588,1.024878,0
6094,0,1677.956,1673.718,1.002532,0
6095,0,1127.072,1126.541,1.000472,0
6096,0,559.147,563.27,0.992679,0
6097,0,265.574,257.495,1.031375,0
6098,0,265.092,257.495,1.029502,0
6099,0,415.339,418.429,0.992614,0
6100,0,362.432,354.056,1.023659,0
6101,0,768.355,772.485,0.994654,0
6102,0,361.284,354.056,1.020416,0
6103,0,372.319,386.243,0.963953,0
6104,0,100.826,96.561,1.044178,0
6105,0,1584.529,1593.251,0.994526,0
6106,0,1755.387,1754.185,1.000685,0
6107,0,1697.658,1689.811,1.004643,0
6108,0,2238.54,2236.988,1.000694,0
6109,0,2156.375,2156.521,0.999932,0
6110,0,1033.181,1126.541,0.917127,0
6111,0,1151.473,1319.662,0.872552,0
6112,0,589.771,595.457,0.99045,0
6113,0,695.499,804.672,0.864326,0
6114,0,729.908,885.139,0.824625,0
6115,0,117.924,112.654,1.046783,0
6116,0,1593.199,1593.251,0.999968,0
6117,0,738.462,756.392,0.976296,0
6118,0,372.021,370.149,1.005058,0
6119,0,528.174,531.084,0.994522,0
6120,0,484.951,482.803,1.004448,0
6121,0,656.656,659.831,0.995188,0
6122,0,1077.18,1094.354,0.984307,0
6123,0,142.395,144.841,0.983112,0
6124,0,726.697,772.485,0.940726,0
6125,0,874.756,885.139,0.98827,0
6126,0,431.89,434.523,0.993942,0
6127,0,661.862,659.831,1.003078,0
6128,0,1108.682,1174.821,0.943703,0
6129,0,1139.926,1207.008,0.944423,0
6130,0,282.114,289.682,0.973875,0
6131,0,287.606,289.682,0.992835,0
6132,0,2348.062,2414.016,0.972679,0
6133,0,346.522,354.056,0.978721,0
6134,0,465.959,466.71,0.998392,0
6135,0,2511.135,2510.577,1.000223,0
6136,0,1405.893,1416.223,0.992706,0
6137,0,2215.543,2285.268,0.969489,0
6138,0,386.744,386.243,1.001297,0
6139,0,3547.213,3637.117,0.975281,0
6140,0,358.75,354.056,1.013258,0
6141,0,3651.434,3749.772,0.973775,0
6142,0,346.245,354.056,0.97794,0
6143,0,1502.207,1512.783,0.993009,0
6144,0,2492.366,2494.483,0.999151,0
6145,0,510.799,514.99,0.991863,0
6146,0,93.306,96.561,0.966299,0
6147,0,639.364,659.831,0.968981,0
6148,0,891.922,933.42,0.955543,0
6149,0,335.327,337.962,0.992204,0
6150,0,354.903,354.056,1.002393,0
6151,0,578.502,579.364,0.998512,0
6152,0,196.06,193.121,1.015215,0
6153,0,93.285,96.561,0.966074,0
6154,0,253.171,257.495,0.983209,0
6155,0,149.519,144.841,1.032296,0
6156,0,721.424,724.205,0.99616,0
6157,0,476.204,482.803,0.986331,0
6158,0,406.426,402.336,1.010166,0
6159,0,650.878,659.831,0.986432,0
6160,0,529.703,531.084,0.997401,0
6161,0,364.346,370.149,0.984323,0
6162,0,33.289,32.187,1.034247,0
6163,0,33.289,32.187,1.034247,0
6164,0,518.256,514.99,1.006342,0
6165,0,518.256,514.99,1.006342,0
6166,0,433.254,434.523,0.997079,0
6167,0,433.254,434.523,0.997079,0
6168,0,313.5,337.962,0.92762,0
6169,0,313.5,337.962,0.92762,0
6170,0,111.309,112.654,0.988058,0
6171,0,111.309,112.654,0.988058,0
6172,0,144.331,144.841,0.996481,0
6173,0,144.331,144.841,0.996481,0
6174,0,214.292,225.308,0.951105,0
6175,0,214.292,225.308,0.951105,0
6176,0,406.285,418.429,0.970976,0
6177,0,406.285,418.429,0.970976,0
6178,0,35.062,32.187,1.089312,0
6179,0,35.062,32.187,1.089312,0
6180,0,290.181,289.682,1.001724,0
6181,0,300.586,305.775,0.983027,0
6182,0,240.533,241.402,0.996402,0
6183,0,341.938,354.056,0.965775,0
6184,0,264.747,257.495,1.028162,0
6185,0,326.322,337.962,0.965557,0
6186,0,67.623,64.374,1.05047,0
6187,0,70.14,64.374,1.089579,0
6188,0,407.668,402.336,1.013254,0
6189,0,206.082,209.215,0.985025,0
6190,0,600.271,611.551,0.981556,0
6191,0,468.761,466.71,1.004394,0
6192,0,706.914,708.111,0.998309,0
6193,0,556.203,563.27,0.987454,0
6194,0,214.414,209.215,1.02485,0
6195,0,145.813,144.841,1.006711,0
6196,0,323.642,321.869,1.005508,0
6197,0,251.885,257.495,0.978215,0
6198,0,303.719,305.775,0.993273,0
6199,0,286.436,289.682,0.988795,0
6200,0,286.436,289.682,0.988795,0
6201,0,464.135,466.71,0.994482,0
6202,0,464.135,466.71,0.994482,0
6203,0,455.323,466.71,0.975602,0
6204,0,455.323,466.71,0.975602,0
6205,0,237.402,241.402,0.983431,0
6206,0,237.402,241.402,0.983431,0
6207,0,93.12,96.561,0.964365,0
6208,0,93.12,96.561,0.964365,0
6209,0,579.256,579.364,0.999814,0
6210,0,579.256,579.364,0.999814,0
6211,0,428.269,434.523,0.985608,0
6212,0,428.269,434.523,0.985608,0
6213,0,330.012,337.962,0.976475,0
6214,0,330.012,337.962,0.976475,0
6215,0,404.733,402.336,1.005958,0
6216,0,404.733,402.336,1.005958,0
6217,0,421.1,418.429,1.006383,0
6218,0,421.1,418.429,1.006383,0
6219,0,112.336,112.654,0.997181,0
6220,0,112.336,112.654,0.997181,0
6221,0,310.992,305.775,1.01706,0
6222,0,310.992,305.775,1.01706,0
6223,0,70.697,64.374,1.098229,0
6224,0,70.697,64.374,1.098229,0
6225,0,378.352,386.243,0.97957,0
6226,0,378.352,386.243,0.97957,0
6227,0,500.466,498.897,1.003145,0
6228,0,500.466,498.897,1.003145,0
6229,0,294.394,289.682,1.016266,0
6230,0,294.394,289.682,1.016266,0
6231,0,200.15,193.121,1.036393,0
6232,0,200.15,193.121,1.036393,0
6233,0,201.433,209.215,0.962805,0
6234,0,201.433,209.215,0.962805,0
6235,0,416.344,418.429,0.995016,0
6236,0,416.344,418.429,0.995016,0
6237,0,435.295,434.523,1.001777,0
6238,0,435.295,434.523,1.001777,0
6239,0,239.543,241.402,0.992303,0
6240,0,239.543,241.402,0.992303,0
6241,0,405.291,418.429,0.9686,0
6242,0,405.291,418.429,0.9686,0
6243,0,199.346,193.121,1.032235,0
6244,0,199.346,193.121,1.032235,0
6245,0,179.745,193.121,0.930739,0
6246,0,179.745,193.121,0.930739,0
6247,0,357.139,354.056,1.008709,0
6248,0,357.139,354.056,1.008709,0
6249,0,109.858,112.654,0.975179,0
6250,0,109.858,112.654,0.975179,0
6251,0,252.701,257.495,0.981383,0
6252,0,252.701,257.495,0.981383,0
6253,0,625.113,627.644,0.995967,0
6254,0,625.113,627.644,0.995967,0
6255,0,240.682,241.402,0.997019,0
6256,0,240.682,241.402,0.997019,0
6257,0,245.429,241.402,1.016684,0
6258,0,245.429,241.402,1.016684,0
6259,0,44.339,48.28,0.918369,0
6260,0,44.339,48.28,0.918369,0
6261,0,576.193,579.364,0.994527,0
6262,0,576.193,579.364,0.994527,0
6263,0,734.178,740.298,0.991733,0
6264,0,734.178,740.298,0.991733,0
6265,0,780.21,869.046,0.897778,0
6266,0,780.21,869.046,0.897778,0
6267,0,48.582,48.28,1.00624,0
6268,0,48.582,48.28,1.00624,0
6269,0,195.922,193.121,1.014505,0
6270,0,310.617,305.775,1.015835,0
6271,0,282.559,289.682,0.975411,0
6272,0,612.209,611.551,1.001076,0
6273,0,312.82,305.775,1.023037,0
6274,0,47.022,48.28,0.973934,0
6275,0,43.824,48.28,0.907703,0
6276,0,906.648,917.326,0.98836,0
6277,0,303.608,305.775,0.992913,0
6278,0,331.371,337.962,0.980497,0
6279,0,207.204,209.215,0.990391,0
6280,0,388.238,386.243,1.005167,0
6281,0,527.82,531.084,0.993854,0
6282,0,239.373,241.402,0.991595,0
6283,0,302.352,305.775,0.988804,0
6284,0,555.516,563.27,0.986234,0
6285,0,550.383,547.177,1.005859,0
6286,0,240.569,241.402,0.996552,0
6287,0,992.953,997.793,0.995149,0
6288,0,979.333,981.7,0.997589,0
6289,0,219.721,225.308,0.9752,0
6290,0,415.103,418.429,0.99205,0
6291,0,162.494,160.934,1.009692,0
6292,0,482.803,531.084,0.90909,0
6293,0,725.164,724.205,1.001325,0
6294,0,780.303,788.579,0.989506,0
6295,0,665.385,659.831,1.008417,0
6296,0,630.341,627.644,1.004297,0
6297,0,232.089,225.308,1.030097,0
6298,0,1311.048,1319.662,0.993472,0
6299,0,767.387,772.485,0.9934,0
6300,0,65.97,64.374,1.024799,0
6301,0,82.007,80.467,1.01913,0
6302,0,145.458,144.841,1.004261,0
6303,0,175.075,177.028,0.988968,0
6304,0,62.655,64.374,0.973294,0
6305,0,73.263,80.467,0.910472,0
6306,0,344.916,337.962,1.020575,0
6307,0,492.65,498.897,0.987479,0
6308,0,333.274,337.962,0.986127,0
6309,0,162.646,160.934,1.010637,0
6310,0,358.502,354.056,1.012557,0
6311,0,384.95,386.243,0.996653,0
6312,0,374.71,370.149,1.012321,0
6313,0,370.176,370.149,1.000073,0
6314,0,401.39,402.336,0.997649,0
6315,0,457.348,450.616,1.014938,0
6316,0,402.912,402.336,1.001433,0
6317,0,712.238,724.205,0.983476,0
6318,0,160.277,160.934,0.995914,0
6319,0,954.872,949.513,1.005644,0
6320,0,314.292,305.775,1.027854,0
6321,0,249.408,241.402,1.033166,0
6322,0,628.69,627.644,1.001666,0
6323,0,1011.682,1013.887,0.997825,0
6324,0,499.713,498.897,1.001636,0
6325,0,141.591,144.841,0.977559,0
6326,0,941.855,933.42,1.009037,0
6327,0,1723.667,1738.092,0.991701,0
6328,0,2168.284,2172.614,0.998007,0
6329,0,867.812,869.046,0.99858,0
6330,0,70.39,64.374,1.093452,0
6331,0,111.17,112.654,0.986826,0
6332,0,310.264,305.775,1.014678,0
6333,0,297.106,305.775,0.971646,0
6334,0,478.842,482.803,0.991796,0
6335,0,337.185,337.962,0.9977,0
6336,0,413.219,418.429,0.987548,0
6337,0,255.663,257.495,0.992886,0
6338,0,891.926,901.233,0.989673,0
6339,0,952.95,949.513,1.00362,0
6340,0,474.715,482.803,0.983248,0
6341,0,290.828,289.682,1.003955,0
6342,0,472.243,466.71,1.011857,0
6343,0,299.676,305.775,0.980054,0
6344,0,606.145,611.551,0.99116,0
6345,0,368.932,370.149,0.996712,0
6346,0,1423.893,1416.223,1.005416,0
6347,0,710.396,708.111,1.003226,0
6348,0,1411.336,1400.129,1.008004,0
6349,0,752.886,756.392,0.995365,0
6350,0,870.389,869.046,1.001546,0
6351,0,392.564,386.243,1.016367,0
6352,0,31.817,32.187,0.988519,0
6353,0,36.187,32.187,1.124265,0
6354,0,1022.183,1029.98,0.99243,0
6355,0,554.699,563.27,0.984783,0
6356,0,1489.646,1496.69,0.995294,0
6357,0,991.423,997.793,0.993616,0
6358,0,948.45,949.513,0.99888,0
6359,0,1642.476,1641.531,1.000576,0
6360,0,406.261,402.336,1.009755,0
6361,0,190.064,193.121,0.984169,0
6362,0,188.069,193.121,0.973838,0
6363,0,166.452,160.934,1.034286,0
6364,0,736.987,740.298,0.995527,0
6365,0,1336.59,1335.756,1.000625,0
6366,0,1328.687,1335.756,0.994708,0
6367,0,517.964,514.99,1.005774,0
6368,0,1670.07,1705.905,0.978994,0
6369,0,2831.485,2832.445,0.999661,0
6370,0,1002.306,997.793,1.004523,0
6371,0,31.757,32.187,0.986654,0
6372,0,30.987,32.187,0.962736,0
6373,0,599.811,595.457,1.007312,0
6374,0,726.815,740.298,0.981786,0
6375,0,276.311,273.588,1.009952,0
6376,0,208.647,209.215,0.997286,0
6377,0,184.451,177.028,1.041931,0
6378,0,227.456,225.308,1.009532,0
6379,0,202.868,209.215,0.969666,0
6380,0,201.363,193.121,1.042677,0
6381,0,183.224,177.028,1.035,0
6382,0,190.158,193.121,0.984654,0
6383,0,1313.544,1335.756,0.983371,0
6384,0,1332.634,1351.849,0.985786,0
6385,0,1291.599,1303.569,0.990818,0
6386,0,387.34,386.243,1.002842,0
6387,0,900.647,917.326,0.981817,0
6388,0,241.507,241.402,1.000435,0
6389,0,940.362,933.42,1.007437,0
6390,0,240.376,241.402,0.995752,0
6391,0,160.922,160.934,0.999923,0
6392,0,979.621,981.7,0.997883,0
6393,0,900.294,901.233,0.998958,0
6394,0,223.382,225.308,0.991452,0
6395,0,202.465,209.215,0.96774,0
6396,0,213.611,209.215,1.021012,0
6397,0,136.9,128.748,1.063321,0
6398,0,195.074,193.121,1.010112,0
6399,0,159.391,160.934,0.990411,0
6400,0,255.086,257.495,0.990644,0
6401,0,610.701,611.551,0.998611,0
6402,0,323.208,321.869,1.004161,0
6403,0,324.002,337.962,0.958691,0
6404,0,377.557,370.149,1.020014,0
6405,0,465.564,466.71,0.997545,0
6406,0,112.585,112.654,0.999389,0
6407,0,395.574,402.336,0.983194,0
6408,0,154.707,160.934,0.961306,0
6409,0,308.267,305.775,1.00815,0
6410,0,623.636,627.644,0.993614,0
6411,0,1004.516,997.793,1.006738,0
6412,0,339.555,337.962,1.004713,0
6413,0,139.553,144.841,0.96349,0
6414,0,424.95,418.429,1.015584,0
6415,0,147.811,144.841,1.020506,0
6416,0,94.473,96.561,0.978385,0
6417,0,84.093,80.467,1.045059,0
6418,0,452.507,450.616,1.004196,0
6419,0,265.593,273.588,0.970777,0
6420,0,70.283,64.374,1.091789,0
6421,0,189.104,193.121,0.979199,0
6422,0,717.005,724.205,0.990058,0
6423,0,1053.412,1046.074,1.007016,0
6424,0,78.442,80.467,0.974833,0
6425,0,71.539,64.374,1.111301,0
6426,0,300.647,305.775,0.983227,0
6427,0,519.042,514.99,1.007868,0
6428,0,507.457,514.99,0.985372,0
6429,0,179.035,177.028,1.011338,0
6430,0,612.963,611.551,1.00231,0
6431,0,762.324,756.392,1.007844,0
6432,0,790.724,788.579,1.002721,0
6433,0,36.557,32.187,1.135775,0
6434,0,71.758,64.374,1.114716,0
6435,0,71.758,64.374,1.114716,0
6436,0,345.832,337.962,1.023285,0
6437,0,345.832,337.962,1.023285,0
6438,0,281.211,273.588,1.027861,0
6439,0,281.211,273.588,1.027861,0
6440,0,110.185,112.654,0.978087,0
6441,0,110.185,112.654,0.978087,0
6442,0,1690.781,1802.465,0.938038,0
6443,0,1690.781,1802.465,0.938038,0
6444,0,103.813,96.561,1.075112,0
6445,0,103.813,96.561,1.075112,0
6446,0,236.773,241.402,0.980827,0
6447,0,236.773,241.402,0.980827,0
6448,0,847.151,852.952,0.993199,0
6449,0,847.151,852.952,0.993199,0
6450,0,455.893,450.616,1.01171,0
6451,0,455.893,450.616,1.01171,0
6452,0,108.134,112.654,0.95988,0
6453,0,108.134,112.654,0.95988,0
6454,0,1217.187,1223.101,0.995164,0
6455,0,1217.187,1223.101,0.995164,0
6456,0,275.999,273.588,1.008811,0
6457,0,275.999,273.588,1.008811,0
6458,0,282.429,289.682,0.974962,0
6459,0,282.429,289.682,0.974962,0
6460,0,671.706,692.018,0.970648,0
6461,0,671.706,692.018,0.970648,0
6462,0,932.72,933.42,0.999251,0
6463,0,932.72,933.42,0.999251,0
6464,0,849.347,852.952,0.995773,0
6465,0,849.347,852.952,0.995773,0
6466,0,123.475,128.748,0.959049,0
6467,0,123.475,128.748,0.959049,0
6468,0,107.969,112.654,0.958413,0
6469,0,107.969,112.654,0.958413,0
6470,0,358.724,354.056,1.013184,0
6471,0,358.724,354.056,1.013184,0
6472,0,404.623,402.336,1.005683,0
6473,0,404.623,402.336,1.005683,0
6474,0,134.353,128.748,1.043539,0
6475,0,134.353,128.748,1.043539,0
6476,0,813.252,820.765,0.990845,0
6477,0,813.252,820.765,0.990845,0
6478,0,1473.759,1496.69,0.984679,0
6479,0,1473.759,1496.69,0.984679,0
6480,0,986.338,1013.887,0.972829,0
6481,0,986.338,1013.887,0.972829,0
6482,0,841.814,852.952,0.986942,0
6483,0,841.814,852.952,0.986942,0
6484,0,1654.4,1673.718,0.988458,0
6485,0,1654.4,1673.718,0.988458,0
6486,0,504.231,498.897,1.010692,0
6487,0,504.231,498.897,1.010692,0
6488,0,617.556,611.551,1.00982,0
6489,0,617.556,611.551,1.00982,0
6490,0,127.104,128.748,0.987232,0
6491,0,127.104,128.748,0.987232,0
6492,0,1665.668,1657.624,1.004852,0
6493,0,1665.668,1657.624,1.004852,0
6494,0,233.897,241.402,0.968913,0
6495,0,233.897,241.402,0.968913,0
6496,0,80.208,80.467,0.996778,0
6497,0,80.208,80.467,0.996778,0
6498,0,511.32,514.99,0.992873,0
6499,0,511.32,514.99,0.992873,0
6500,0,1085.04,1078.26,1.006287,0
6501,0,1085.04,1078.26,1.006287,0
6502,0,947.925,949.513,0.998328,0
6503,0,947.925,949.513,0.998328,0
6504,0,884.171,885.139,0.998906,0
6505,0,884.171,885.139,0.998906,0
6506,0,580.133,579.364,1.001327,0
6507,0,580.133,579.364,1.001327,0
6508,0,2263.295,2269.175,0.997409,0
6509,0,2263.295,2269.175,0.997409,0
6510,0,862.422,869.046,0.992378,0
6511,0,862.422,869.046,0.992378,0
6512,0,890.402,885.139,1.005945,0
6513,0,890.402,885.139,1.005945,0
6514,0,73.117,80.467,0.908651,0
6515,0,73.117,80.467,0.908651,0
6516,0,42.031,48.28,0.870566,0
6517,0,42.031,48.28,0.870566,0
6518,0,1101.539,1094.354,1.006565,0
6519,0,1101.539,1094.354,1.006565,0
6520,0,526.783,531.084,0.991902,0
6521,0,526.783,531.084,0.991902,0
6522,0,758.272,756.392,1.002486,0
6523,0,758.272,756.392,1.002486,0
6524,0,1073.725,1158.728,0.926641,0
6525,0,1073.725,1158.728,0.926641,0
6526,0,41.337,48.28,0.856194,0
6527,0,41.337,48.28,0.856194,0
6528,0,235.362,241.402,0.974981,0
6529,0,235.362,241.402,0.974981,0
6530,0,1007.166,1062.167,0.948219,0
6531,0,1007.166,1062.167,0.948219,0
6532,0,452.047,450.616,1.003175,0
6533,0,452.047,450.616,1.003175,0
6534,0,1392.687,1400.129,0.994684,0
6535,0,1412.713,1416.223,0.997522,0
6536,0,1412.655,1416.223,0.997481,0
6537,0,729.522,724.205,1.007341,0
6538,0,723.025,724.205,0.998371,0
6539,0,267.425,273.588,0.977471,0
6540,0,883.187,917.326,0.962784,0
6541,0,1737.621,1754.185,0.990558,0
6542,0,259.39,257.495,1.007358,0
6543,0,44.69,48.28,0.925638,0
6544,0,37.667,32.187,1.170255,0
6545,0,229.029,225.308,1.016515,0
6546,0,546.28,547.177,0.998361,0
6547,0,899.861,901.233,0.998479,0
6548,0,1424.845,1432.316,0.994784,0
6549,0,558.958,563.27,0.992345,0
6550,0,545.272,547.177,0.996519,0
6551,0,555.291,547.177,1.01483,0
6552,0,540.032,531.084,1.016849,0
6553,0,1040.686,1078.26,0.965153,0
6554,0,1054.986,1094.354,0.964027,0
6555,0,959.843,981.7,0.977736,0
6556,0,203.428,209.215,0.97234,0
6557,0,612.166,611.551,1.001007,0
6558,0,43.921,48.28,0.909699,0
6559,0,1761.048,1770.278,0.994786,0
6560,0,588.303,595.457,0.987986,0
6561,0,39.008,32.187,1.211938,1
6562,0,2048.824,2124.334,0.964455,0
6563,0,993.516,997.793,0.995714,0
6564,0,264.068,257.495,1.025527,0
6565,0,372.365,370.149,1.005988,0
6566,0,159.479,160.934,0.990955,0
6567,0,162.578,160.934,1.01021,0
6568,0,130.121,128.748,1.010668,0
6569,0,130.503,128.748,1.013638,0
6570,0,169.967,177.028,0.960113,0
6571,0,145.623,144.841,1.0054,0
6572,0,193.676,193.121,1.002871,0
6573,0,195.171,193.121,1.010613,0
6574,0,172.509,177.028,0.974472,0
6575,0,176.555,177.028,0.997327,0
6576,0,1243.061,1239.195,1.00312,0
6577,0,1437.127,1432.316,1.003359,0
6578,0,202.366,209.215,0.967263,0
6579,0,173.707,177.028,0.981244,0
6580,0,154.54,160.934,0.960266,0
6581,0,151.534,144.841,1.04621,0
6582,0,1502.504,1512.783,0.993205,0
6583,0,1480.888,1480.596,1.000197,0
6584,0,162.715,160.934,1.011065,0
6585,0,170.138,177.028,0.961081,0
6586,0,1249.76,1255.288,0.995596,0
6587,0,1272.604,1271.382,1.000961,0
6588,0,171.958,177.028,0.97136,0
6589,0,180.624,177.028,1.020314,0
6590,0,858.866,852.952,1.006933,0
6591,0,883.383,885.139,0.998016,0
6592,0,342.329,337.962,1.012921,0
6593,0,334.075,337.962,0.988497,0
6594,0,1066.693,1062.167,1.004261,0
6595,0,1007.787,1013.887,0.993984,0
6596,0,180.1,177.028,1.017357,0
6597,0,164.431,160.934,1.021726,0
6598,0,162.653,160.934,1.010676,0
6599,0,174.229,177.028,0.984188,0
6600,0,416.549,418.429,0.995506,0
6601,0,364.421,370.149,0.984525,0
6602,0,3295.362,3299.155,0.99885,0
6603,0,3371.699,3379.622,0.997656,0
6604,0,176.465,177.028,0.996822,0
6605,0,1234.621,1239.195,0.996309,0
6606,0,525.194,531.084,0.98891,0
6607,0,1127.132,1158.728,0.972733,0
6608,0,2811.042,2816.352,0.998115,0
6609,0,2545.603,2574.95,0.988603,0
6610,0,2524.493,2558.857,0.986571,0
6611,0,1559.388,1577.157,0.988734,0
6612,0,1541.505,1561.064,0.987471,0
6613,0,1292.475,1287.475,1.003883,0
6614,0,1322.921,1319.662,1.00247,0
6615,0,165.986,160.934,1.031387,0
6616,0,143.69,144.841,0.992053,0
6617,0,222.018,225.308,0.985399,0
6618,0,581.449,579.364,1.0036,0
6619,0,971.564,965.606,1.00617,0
6620,0,762.048,788.579,0.966356,0
6621,0,575.181,579.364,0.992781,0
6622,0,845.507,836.859,1.010333,0
6623,0,796.389,788.579,1.009904,0
6624,0,455.328,450.616,1.010456,0
6625,0,1772.271,1850.746,0.957598,0
6626,0,1772.271,1850.746,0.957598,0
6627,0,3615.209,4007.267,0.902163,0
6628,0,3615.209,4007.267,0.902163,0
6629,0,1296.73,1319.662,0.982623,0
6630,0,1296.73,1319.662,0.982623,0
6631,0,1012.124,1013.887,0.998261,0
6632,0,1012.124,1013.887,0.998261,0
6633,0,1184.937,1255.288,0.943956,0
6634,0,1184.937,1255.288,0.943956,0
6635,0,1427.947,1464.503,0.975039,0
6636,0,1427.947,1464.503,0.975039,0
6637,0,881.087,901.233,0.977647,0
6638,0,881.087,901.233,0.977647,0
6639,0,1038.848,1046.074,0.993093,0
6640,0,1038.848,1046.074,0.993093,0
6641,0,522.524,514.99,1.014629,0
6642,0,522.524,514.99,1.014629,0
6643,0,835.571,836.859,0.998461,0
6644,0,835.571,836.859,0.998461,0
6645,0,2641.453,2880.726,0.91694,0
6646,0,2641.453,2880.726,0.91694,0
6647,0,563.037,579.364,0.971819,0
6648,0,563.037,579.364,0.971819,0
6649,0,912.798,917.326,0.995064,0
6650,0,912.798,917.326,0.995064,0
6651,0,676.338,675.924,1.000612,0
6652,0,676.338,675.924,1.000612,0
6653,0,641.442,692.018,0.926916,0
6654,0,641.442,692.018,0.926916,0
6655,0,588.641,595.457,0.988553,0
6656,0,588.641,595.457,0.988553,0
6657,0,381.29,386.243,0.987177,0
6658,0,381.29,386.243,0.987177,0
6659,0,1747.727,1754.185,0.996319,0
6660,0,1747.727,1754.185,0.996319,0
6661,0,1631.991,1641.531,0.994188,0
6662,0,1631.991,1641.531,0.994188,0
6663,0,1833.942,1882.932,0.973982,0
6664,0,1833.942,1882.932,0.973982,0
6665,0,714.387,708.111,1.008863,0
6666,0,714.387,708.111,1.008863,0
6667,0,3630.33,3669.304,0.989378,0
6668,0,3630.33,3669.304,0.989378,0
6669,0,1833.291,1834.652,0.999258,0
6670,0,1833.291,1834.652,0.999258,0
6671,0,1427.369,1432.316,0.996546,0
6672,0,1427.369,1432.316,0.996546,0
6673,0,853.541,852.952,1.00069,0
6674,0,853.541,852.952,1.00069,0
6675,0,1858.445,1866.839,0.995503,0
6676,0,1858.445,1866.839,0.995503,0
6677,0,276.76,273.588,1.011591,0
6678,0,276.76,273.588,1.011591,0
6679,0,1389.666,1400.129,0.992527,0
6680,0,1389.666,1400.129,0.992527,0
6681,0,1211.529,1207.008,1.003745,0
6682,0,1211.529,1207.008,1.003745,0
6683,0,342.336,337.962,1.012941,0
6684,0,342.336,337.962,1.012941,0
6685,0,1625.307,1625.437,0.99992,0
6686,0,1625.307,1625.437,0.99992,0
6687,0,73.535,80.467,0.913854,0
6688,0,73.535,80.467,0.913854,0
6689,0,63.989,64.374,0.994018,0
6690,0,63.989,64.374,0.994018,0
6691,0,84.852,80.467,1.054495,0
6692,0,84.852,80.467,1.054495,0
6693,0,525.74,531.084,0.989939,0
6694,0,525.74,531.084,0.989939,0
6695,0,1297.37,1351.849,0.9597,0
6696,0,1297.37,1351.849,0.9597,0
6697,0,715.474,724.205,0.987945,0
6698,0,715.474,724.205,0.987945,0
6699,0,750.33,756.392,0.991986,0
6700,0,750.33,756.392,0.991986,0
6701,0,252.87,257.495,0.982038,0
6702,0,252.87,257.495,0.982038,0
6703,0,308.916,305.775,1.01027,0
6704,0,308.916,305.775,1.01027,0
6705,0,1221.563,1223.101,0.998743,0
6706,0,1221.563,1223.101,0.998743,0
6707,0,995.305,997.793,0.997506,0
6708,0,995.305,997.793,0.997506,0
6709,0,1547.911,1544.97,1.001903,0
6710,0,1547.911,1544.97,1.001903,0
6711,0,1922.864,1915.119,1.004044,0
6712,0,1922.864,1915.119,1.004044,0
6713,0,1052.862,1062.167,0.991239,0
6714,0,1052.862,1062.167,0.991239,0
6715,0,1739.885,1866.839,0.931995,0
6716,0,1739.885,1866.839,0.931995,0
6717,0,769.585,788.579,0.975914,0
6718,0,769.585,788.579,0.975914,0
6719,0,685.219,692.018,0.990175,0
6720,0,685.219,692.018,0.990175,0
6721,0,2665.015,2735.885,0.974096,0
6722,0,2665.015,2735.885,0.974096,0
6723,0,1253.565,1255.288,0.998627,0
6724,0,1235.02,1239.195,0.996631,0
6725,0,199.014,193.121,1.030515,0
6726,0,33.228,32.187,1.032332,0
6727,0,598.305,595.457,1.004783,0
6728,0,608.26,611.551,0.994618,0
6729,0,397.203,402.336,0.987243,0
6730,0,631.951,627.644,1.006862,0
6731,0,88.439,80.467,1.099074,0
6732,0,98.11,96.561,1.016046,0
6733,0,248.754,241.402,1.030456,0
6734,0,218.71,225.308,0.970714,0
6735,0,113.748,112.654,1.009711,0
6736,0,108.717,112.654,0.965051,0
6737,0,498.433,498.897,0.99907,0
6738,0,217.799,209.215,1.041032,0
6739,0,357.343,354.056,1.009285,0
6740,0,128.376,128.748,0.997116,0
6741,0,182.73,177.028,1.03221,0
6742,0,105.203,112.654,0.93386,0
6743,0,207.904,209.215,0.993736,0
6744,0,522.823,531.084,0.984445,0
6745,0,478.986,482.803,0.992093,0
6746,0,511.896,514.99,0.993991,0
6747,0,157.957,160.934,0.981498,0
6748,0,159.111,160.934,0.988669,0
6749,0,184.451,177.028,1.041934,0
6750,0,437.494,434.523,1.006839,0
6751,0,757.184,788.579,0.960189,0
6752,0,377.385,370.149,1.019548,0
6753,0,749.15,788.579,0.950001,0
6754,0,115.995,112.654,1.029655,0
6755,0,490.991,498.897,0.984154,0
6756,0,285.687,289.682,0.986211,0
6757,0,734.953,740.298,0.99278,0
6758,0,401.775,402.336,0.998606,0
6759,0,238.941,241.402,0.989807,0
6760,0,569.897,579.364,0.983661,0
6761,0,756.591,772.485,0.979425,0
6762,0,240.275,241.402,0.995335,0
6763,0,674.912,675.924,0.998502,0
6764,0,671.117,675.924,0.992887,0
6765,0,507.499,514.99,0.985454,0
6766,0,514.306,514.99,0.998672,0
6767,0,486.026,482.803,1.006675,0
6768,0,1760.049,1770.278,0.994222,0
6769,0,208.105,209.215,0.994697,0
6770,0,185.016,177.028,1.045124,0
6771,0,731.997,740.298,0.988786,0
6772,0,742.805,756.392,0.982038,0
6773,0,308.456,305.775,1.008768,0
6774,0,304.493,305.775,0.995808,0
6775,0,254.642,257.495,0.988921,0
6776,0,251.868,257.495,0.978146,0
6777,0,42.266,48.28,0.875429,0
6778,0,1032.199,1062.167,0.971786,0
6779,0,146.011,144.841,1.008077,0
6780,0,146.264,144.841,1.009824,0
6781,0,1864.993,1915.119,0.973826,0
6782,0,1865.032,1915.119,0.973846,0
6783,0,1023.071,1046.074,0.97801,0
6784,0,1782.004,1786.372,0.997555,0
6785,0,1546.39,1544.97,1.000919,0
6786,0,124.107,128.748,0.963957,0
6787,0,1100.979,1094.354,1.006054,0
6788,0,189.775,193.121,0.982675,0
6789,0,147.093,144.841,1.01555,0
6790,0,147.093,144.841,1.01555,0
6791,0,217.482,225.308,0.965265,0
6792,0,217.482,225.308,0.965265,0
6793,0,106.931,112.654,0.949193,0
6794,0,106.931,112.654,0.949193,0
6795,0,309.743,305.775,1.012976,0
6796,0,309.743,305.775,1.012976,0
6797,0,91.967,96.561,0.95243,0
6798,0,91.967,96.561,0.95243,0
6799,0,125.96,128.748,0.97835,0
6800,0,125.96,128.748,0.97835,0
6801,0,137.24,144.841,0.947519,0
6802,0,137.24,144.841,0.947519,0
6803,0,273.625,273.588,1.000132,0
6804,0,273.625,273.588,1.000132,0
6805,0,432.858,434.523,0.996168,0
6806,0,432.858,434.523,0.996168,0
6807,0,239.899,241.402,0.993778,0
6808,0,239.899,241.402,0.993778,0
6809,0,222.431,225.308,0.987231,0
6810,0,222.431,225.308,0.987231,0
6811,0,236.719,241.402,0.980603,0
6812,0,236.719,241.402,0.980603,0
6813,0,250.58,257.495,0.973144,0
6814,0,250.58,257.495,0.973144,0
6815,0,103.057,112.654,0.914811,0
6816,0,103.057,112.654,0.914811,0
6817,0,488.578,498.897,0.979317,0
6818,0,488.578,498.897,0.979317,0
6819,0,463.265,466.71,0.992619,0
6820,0,463.265,466.71,0.992619,0
6821,0,299.328,305.775,0.978915,0
6822,0,299.328,305.775,0.978915,0
6823,0,494.339,498.897,0.990865,0
6824,0,494.339,498.897,0.990865,0
6825,0,105.374,112.654,0.935381,0
6826,0,105.374,112.654,0.935381,0
6827,0,737.042,772.485,0.954118,0
6828,0,737.042,772.485,0.954118,0
6829,0,767.683,772.485,0.993783,0
6830,0,767.683,772.485,0.993783,0
6831,0,783.086,788.579,0.993035,0
6832,0,783.086,788.579,0.993035,0
6833,0,906.58,933.42,0.971246,0
6834,0,906.58,933.42,0.971246,0
6835,0,143.901,144.841,0.99351,0
6836,0,143.901,144.841,0.99351,0
6837,0,154.667,160.934,0.961056,0
6838,0,154.667,160.934,0.961056,0
6839,0,769.767,772.485,0.996481,0
6840,0,769.767,772.485,0.996481,0
6841,0,178.598,177.028,1.008871,0
6842,0,178.598,177.028,1.008871,0
6843,0,500.315,498.897,1.002843,0
6844,0,500.315,498.897,1.002843,0
6845,0,409.383,402.336,1.017516,0
6846,0,409.383,402.336,1.017516,0
6847,0,231.124,225.308,1.025812,0
6848,0,231.124,225.308,1.025812,0
6849,0,428.551,434.523,0.986258,0
6850,0,428.551,434.523,0.986258,0
6851,0,335.673,337.962,0.993225,0
6852,0,335.673,337.962,0.993225,0
6853,0,274.986,273.588,1.005107,0
6854,0,274.986,273.588,1.005107,0
6855,0,772.502,804.672,0.960021,0
6856,0,772.502,804.672,0.960021,0
6857,0,179.815,177.028,1.015747,0
6858,0,179.815,177.028,1.015747,0
6859,0,370.903,370.149,1.002036,0
6860,0,370.903,370.149,1.002036,0
6861,0,361.534,370.149,0.976726,0
6862,0,361.534,370.149,0.976726,0
6863,0,135.062,128.748,1.049048,0
6864,0,135.062,128.748,1.049048,0
6865,0,489.905,498.897,0.981978,0
6866,0,489.905,498.897,0.981978,0
6867,0,245.603,241.402,1.017406,0
6868,0,245.603,241.402,1.017406,0
6869,0,970.577,965.606,1.005148,0
6870,0,970.577,965.606,1.005148,0
6871,0,198.598,193.121,1.028359,0
6872,0,198.598,193.121,1.028359,0
6873,0,113.826,112.654,1.010399,0
6874,0,113.826,112.654,1.010399,0
6875,0,386.225,386.243,0.999954,0
6876,0,386.225,386.243,0.999954,0
6877,0,209.393,209.215,1.000853,0
6878,0,209.393,209.215,1.000853,0
6879,0,642.881,659.831,0.974311,0
6880,0,642.881,659.831,0.974311,0
6881,0,303.212,305.775,0.991616,0
6882,0,303.212,305.775,0.991616,0
6883,0,45.524,48.28,0.942908,0
6884,0,45.524,48.28,0.942908,0
6885,0,334.422,386.243,0.865834,0
6886,0,334.422,386.243,0.865834,0
6887,0,120.641,112.654,1.070901,0
6888,0,120.641,112.654,1.070901,0
6889,0,135.326,128.748,1.051094,0
6890,0,135.326,128.748,1.051094,0
6891,0,299.727,305.775,0.980218,0
6892,0,299.727,305.775,0.980218,0
6893,0,198.378,193.121,1.027221,0
6894,0,198.378,193.121,1.027221,0
6895,0,153.792,160.934,0.955616,0
6896,0,153.792,160.934,0.955616,0
6897,0,800.126,804.672,0.994351,0
6898,0,800.126,804.672,0.994351,0
6899,0,485.776,482.803,1.006158,0
6900,0,485.776,482.803,1.006158,0
6901,0,230.385,225.308,1.022531,0
6902,0,230.385,225.308,1.022531,0
6903,0,555.895,563.27,0.986906,0
6904,0,555.895,563.27,0.986906,0
6905,0,474.026,466.71,1.015676,0
6906,0,474.026,466.71,1.015676,0
6907,0,454.106,450.616,1.007744,0
6908,0,454.106,450.616,1.007744,0
6909,0,406.078,418.429,0.970481,0
6910,0,406.078,418.429,0.970481,0
6911,0,233.166,241.402,0.965883,0
6912,0,233.166,241.402,0.965883,0
6913,0,217.187,225.308,0.963955,0
6914,0,217.187,225.308,0.963955,0
6915,0,333.509,337.962,0.986823,0
6916,0,333.509,337.962,0.986823,0
6917,0,409.13,466.71,0.876625,0
6918,0,409.13,466.71,0.876625,0
6919,0,71.5,64.374,1.110697,0
6920,0,71.5,64.374,1.110697,0
6921,0,336.008,337.962,0.994219,0
6922,0,336.008,337.962,0.994219,0
6923,0,254.545,257.495,0.988544,0
6924,0,254.545,257.495,0.988544,0
6925,0,414.975,418.429,0.991743,0
6926,0,414.975,418.429,0.991743,0
6927,0,203.061,209.215,0.970588,0
6928,0,203.061,209.215,0.970588,0
6929,0,797.053,788.579,1.010747,0
6930,0,797.053,788.579,1.010747,0
6931,0,130.466,128.748,1.013349,0
6932,0,130.466,128.748,1.013349,0
6933,0,721.747,724.205,0.996606,0
6934,0,721.747,724.205,0.996606,0
6935,0,638.566,643.738,0.991967,0
6936,0,638.566,643.738,0.991967,0
6937,0,851.506,852.952,0.998305,0
6938,0,851.506,852.952,0.998305,0
6939,0,214.901,209.215,1.027177,0
6940,0,214.901,209.215,1.027177,0
6941,0,437.614,434.523,1.007113,0
6942,0,437.614,434.523,1.007113,0
6943,0,375.768,386.243,0.972881,0
6944,0,375.768,386.243,0.972881,0
6945,0,60.357,64.374,0.937604,0
6946,0,60.357,64.374,0.937604,0
6947,0,760.912,804.672,0.945618,0
6948,0,760.912,804.672,0.945618,0
6949,0,273.233,273.588,0.998702,0
6950,0,273.233,273.588,0.998702,0
6951,0,607.344,643.738,0.943466,0
6952,0,607.344,643.738,0.943466,0
6953,0,314.876,321.869,0.978275,0
6954,0,314.876,321.869,0.978275,0
6955,0,297.297,305.775,0.972274,0
6956,0,297.297,305.775,0.972274,0
6957,0,214.799,209.215,1.02669,0
6958,0,214.799,209.215,1.02669,0
6959,0,268.342,273.588,0.980825,0
6960,0,268.342,273.588,0.980825,0
6961,0,364.496,370.149,0.984729,0
6962,0,364.496,370.149,0.984729,0
6963,0,283.333,289.682,0.978083,0
6964,0,283.333,289.682,0.978083,0
6965,0,313.042,305.775,1.023765,0
6966,0,313.042,305.775,1.023765,0
6967,0,83.643,80.467,1.039465,0
6968,0,83.643,80.467,1.039465,0
6969,0,96.362,96.561,0.997942,0
6970,0,96.362,96.561,0.997942,0
6971,0,92.756,96.561,0.960598,0
6972,0,92.756,96.561,0.960598,0
6973,0,1024.668,1078.26,0.950297,0
6974,0,1024.668,1078.26,0.950297,0
6975,0,284.003,289.682,0.980396,0
6976,0,284.003,289.682,0.980396,0
6977,0,363.399,370.149,0.981763,0
6978,0,363.399,370.149,0.981763,0
6979,0,463.624,466.71,0.993389,0
6980,0,463.624,466.71,0.993389,0
6981,0,243.681,241.402,1.009442,0
6982,0,243.681,241.402,1.009442,0
6983,0,484.387,482.803,1.003281,0
6984,0,484.387,482.803,1.003281,0
6985,0,695.629,708.111,0.982372,0
6986,0,695.629,708.111,0.982372,0
6987,0,779.923,836.859,0.931965,0
6988,0,779.923,836.859,0.931965,0
6989,0,563.041,611.551,0.920678,0
6990,0,563.041,611.551,0.920678,0
6991,0,1006.921,1013.887,0.99313,0
6992,0,1006.921,1013.887,0.99313,0
6993,0,72.941,80.467,0.906473,0
6994,0,72.941,80.467,0.906473,0
6995,0,188.474,193.121,0.975935,0
6996,0,188.474,193.121,0.975935,0
6997,0,402.273,402.336,0.999844,0
6998,0,402.273,402.336,0.999844,0
6999,0,51.901,48.28,1.074983,0
7000,0,51.901,48.28,1.074983,0
7001,0,518.851,514.99,1.007497,0
7002,0,518.851,514.99,1.007497,0
7003,0,282.756,289.682,0.976091,0
7004,0,282.756,289.682,0.976091,0
7005,0,438.006,434.523,1.008017,0
7006,0,438.006,434.523,1.008017,0
7007,0,685.193,675.924,1.013713,0
7008,0,685.193,675.924,1.013713,0
7009,0,755.434,756.392,0.998734,0
7010,0,755.434,756.392,0.998734,0
7011,0,384.755,386.243,0.996149,0
7012,0,384.755,386.243,0.996149,0
7013,0,570.228,563.27,1.012353,0
7014,0,570.228,563.27,1.012353,0
7015,0,509.253,514.99,0.98886,0
7016,0,509.253,514.99,0.98886,0
7017,0,496.072,514.99,0.963264,0
7018,0,496.072,514.99,0.963264,0
7019,0,357.393,370.149,0.965537,0
7020,0,357.393,370.149,0.965537,0
7021,0,486.555,498.897,0.975263,0
7022,0,486.555,498.897,0.975263,0
7023,0,158.738,160.934,0.98635,0
7024,0,158.738,160.934,0.98635,0
7025,0,34.689,32.187,1.077722,0
7026,0,34.689,32.187,1.077722,0
7027,0,123.019,128.748,0.955506,0
7028,0,123.019,128.748,0.955506,0
7029,0,870.69,917.326,0.949161,0
7030,0,870.69,917.326,0.949161,0
7031,0,988.814,981.7,1.007247,0
7032,0,988.814,981.7,1.007247,0
7033,0,650.627,659.831,0.986051,0
7034,0,650.627,659.831,0.986051,0
7035,0,846.691,852.952,0.992659,0
7036,0,846.691,852.952,0.992659,0
7037,0,694.566,708.111,0.980871,0
7038,0,694.566,708.111,0.980871,0
7039,0,227.081,225.308,1.00787,0
7040,0,227.081,225.308,1.00787,0
7041,0,784.581,788.579,0.99493,0
7042,0,784.581,788.579,0.99493,0
7043,0,307.011,305.775,1.004041,0
7044,0,307.011,305.775,1.004041,0
7045,0,526.769,531.084,0.991876,0
7046,0,526.769,531.084,0.991876,0
7047,0,445.81,450.616,0.989334,0
7048,0,445.81,450.616,0.989334,0
7049,0,285.663,289.682,0.986127,0
7050,0,285.663,289.682,0.986127,0
7051,0,112.001,112.654,0.994207,0
7052,0,112.001,112.654,0.994207,0
7053,0,318.444,321.869,0.989359,0
7054,0,318.444,321.869,0.989359,0
7055,0,234.313,241.402,0.970635,0
7056,0,234.313,241.402,0.970635,0
7057,0,176.343,177.028,0.996129,0
7058,0,176.343,177.028,0.996129,0
7059,0,228.484,225.308,1.014094,0
7060,0,228.484,225.308,1.014094,0
7061,0,234.244,241.402,0.970349,0
7062,0,234.244,241.402,0.970349,0
7063,0,217.584,225.308,0.965716,0
7064,0,217.584,225.308,0.965716,0
7065,0,761.701,772.485,0.98604,0
7066,0,761.701,772.485,0.98604,0
7067,0,274.661,273.588,1.003919,0
7068,0,274.661,273.588,1.003919,0
7069,0,38.439,32.187,1.194241,0
7070,0,38.439,32.187,1.194241,0
7071,0,26.763,32.187,0.831479,0
7072,0,26.763,32.187,0.831479,0
7073,0,1168.998,1239.195,0.943353,0
7074,0,1168.998,1239.195,0.943353,0
7075,0,552.214,563.27,0.980372,0
7076,0,552.214,563.27,0.980372,0
7077,0,34.734,32.187,1.079133,0
7078,0,34.734,32.187,1.079133,0
7079,0,66.08,64.374,1.026507,0
7080,0,66.08,64.374,1.026507,0
7081,0,777.485,772.485,1.006472,0
7082,0,777.485,772.485,1.006472,0
7083,0,936.745,933.42,1.003563,0
7084,0,936.745,933.42,1.003563,0
7085,0,36.744,32.187,1.141579,0
7086,0,36.744,32.187,1.141579,0
7087,0,34.782,32.187,1.080613,0
7088,0,34.782,32.187,1.080613,0
7089,0,28.493,32.187,0.885244,0
7090,0,28.493,32.187,0.885244,0
7091,0,402.789,402.336,1.001125,0
7092,0,402.789,402.336,1.001125,0
7093,0,706.23,708.111,0.997343,0
7094,0,706.23,708.111,0.997343,0
7095,0,135.527,128.748,1.052653,0
7096,0,135.527,128.748,1.052653,0
7097,0,39.42,32.187,1.224734,1
7098,0,39.42,32.187,1.224734,1
7099,0,104.42,96.561,1.081398,0
7100,0,104.42,96.561,1.081398,0
7101,0,165.358,160.934,1.027489,0
7102,0,165.358,160.934,1.027489,0
7103,0,71.433,64.374,1.109655,0
7104,0,71.433,64.374,1.109655,0
7105,0,276.744,289.682,0.955337,0
7106,0,276.744,289.682,0.955337,0
7107,0,138.715,144.841,0.957709,0
7108,0,138.715,144.841,0.957709,0
7109,0,65.763,64.374,1.021576,0
7110,0,65.763,64.374,1.021576,0
7111,0,189.094,193.121,0.979147,0
7112,0,189.094,193.121,0.979147,0
7113,0,118.512,112.654,1.052003,0
7114,0,118.512,112.654,1.052003,0
7115,0,854.554,852.952,1.001878,0
7116,0,854.554,852.952,1.001878,0
7117,0,111.723,112.654,0.991734,0
7118,0,111.723,112.654,0.991734,0
7119,0,321.442,321.869,0.998676,0
7120,0,321.442,321.869,0.998676,0
7121,0,296.487,289.682,1.023493,0
7122,0,296.487,289.682,1.023493,0
7123,0,130.172,128.748,1.011066,0
7124,0,130.172,128.748,1.011066,0
7125,0,135.694,128.748,1.053956,0
7126,0,135.694,128.748,1.053956,0
7127,0,397.926,402.336,0.989039,0
7128,0,397.926,402.336,0.989039,0
7129,0,583.697,579.364,1.007479,0
7130,0,583.697,579.364,1.007479,0
7131,0,218.723,225.308,0.970773,0
7132,0,218.723,225.308,0.970773,0
7133,0,643.576,643.738,0.999749,0
7134,0,643.576,643.738,0.999749,0
7135,0,415.495,418.429,0.992987,0
7136,0,415.495,418.429,0.992987,0
7137,0,472.172,482.803,0.97798,0
7138,0,472.172,482.803,0.97798,0
7139,0,433.339,434.523,0.997275,0
7140,0,433.339,434.523,0.997275,0
7141,0,132.715,128.748,1.030813,0
7142,0,132.715,128.748,1.030813,0
7143,0,387.245,386.243,1.002596,0
7144,0,387.245,386.243,1.002596,0
7145,0,107.038,112.654,0.950145,0
7146,0,107.038,112.654,0.950145,0
7147,0,486.84,482.803,1.008361,0
7148,0,486.84,482.803,1.008361,0
7149,0,612.313,627.644,0.975574,0
7150,0,612.313,627.644,0.975574,0
7151,0,365.955,370.149,0.988669,0
7152,0,365.955,370.149,0.988669,0
7153,0,460.673,466.71,0.987065,0
7154,0,460.673,466.71,0.987065,0
7155,0,254.427,257.495,0.988086,0
7156,0,254.427,257.495,0.988086,0
7157,0,239.391,241.402,0.991672,0
7158,0,239.391,241.402,0.991672,0
7159,0,198.398,193.121,1.027321,0
7160,0,198.398,193.121,1.027321,0
7161,0,399.542,402.336,0.993055,0
7162,0,399.542,402.336,0.993055,0
7163,0,252.655,257.495,0.981202,0
7164,0,252.655,257.495,0.981202,0
7165,0,138.994,144.841,0.959633,0
7166,0,138.994,144.841,0.959633,0
7167,0,80.205,80.467,0.996737,0
7168,0,80.205,80.467,0.996737,0
7169,0,428.068,434.523,0.985145,0
7170,0,428.068,434.523,0.985145,0
7171,0,54.679,48.28,1.13253,0
7172,0,54.679,48.28,1.13253,0
7173,0,104.745,96.561,1.084756,0
7174,0,104.745,96.561,1.084756,0
7175,0,207.288,209.215,0.990793,0
7176,0,207.288,209.215,0.990793,0
7177,0,228.889,225.308,1.015893,0
7178,0,228.889,225.308,1.015893,0
7179,0,232.861,241.402,0.964623,0
7180,0,232.861,241.402,0.964623,0
7181,0,110.566,112.654,0.981467,0
7182,0,110.566,112.654,0.981467,0
7183,0,100.638,96.561,1.042227,0
7184,0,100.638,96.561,1.042227,0
7185,0,227.413,225.308,1.009341,0
7186,0,227.413,225.308,1.009341,0
7187,0,92.114,96.561,0.953954,0
7188,0,92.114,96.561,0.953954,0
7189,0,248.832,241.402,1.030779,0
7190,0,248.832,241.402,1.030779,0
7191,0,765.434,772.485,0.990872,0
7192,0,765.434,772.485,0.990872,0
7193,0,390.015,386.243,1.009767,0
7194,0,390.015,386.243,1.009767,0
7195,0,103.985,96.561,1.076892,0
7196,0,103.985,96.561,1.076892,0
7197,0,126.396,128.748,0.981732,0
7198,0,126.396,128.748,0.981732,0
7199,0,222.425,225.308,0.987202,0
7200,0,222.425,225.308,0.987202,0
7201,0,585.674,595.457,0.98357,0
7202,0,585.674,595.457,0.98357,0
7203,0,538.947,531.084,1.014807,0
7204,0,538.947,531.084,1.014807,0
7205,0,570.613,563.27,1.013035,0
7206,0,570.613,563.27,1.013035,0
7207,0,490.959,498.897,0.98409,0
7208,0,490.959,498.897,0.98409,0
7209,0,238.02,241.402,0.985993,0
7210,0,238.02,241.402,0.985993,0
7211,0,577.064,579.364,0.996031,0
7212,0,577.064,579.364,0.996031,0
7213,0,682.194,708.111,0.963399,0
7214,0,682.194,708.111,0.963399,0
7215,0,83.569,80.467,1.038544,0
7216,0,83.569,80.467,1.038544,0
7217,0,62.387,64.374,0.969142,0
7218,0,62.387,64.374,0.969142,0
7219,0,348.889,354.056,0.985408,0
7220,0,348.889,354.056,0.985408,0
7221,0,426.603,434.523,0.981773,0
7222,0,426.603,434.523,0.981773,0
7223,0,332.363,337.962,0.983432,0
7224,0,332.363,337.962,0.983432,0
7225,0,522.036,514.99,1.013683,0
7226,0,522.036,514.99,1.013683,0
7227,0,325.784,321.869,1.012163,0
7228,0,325.784,321.869,1.012163,0
7229,0,503.864,498.897,1.009957,0
7230,0,503.864,498.897,1.009957,0
7231,0,133.902,128.748,1.040034,0
7232,0,133.902,128.748,1.040034,0
7233,0,450.429,482.803,0.932946,0
7234,0,450.429,482.803,0.932946,0
7235,0,193.489,193.121,1.001906,0
7236,0,193.489,193.121,1.001906,0
7237,0,209.232,209.215,1.000085,0
7238,0,209.232,209.215,1.000085,0
7239,0,130.388,128.748,1.012743,0
7240,0,130.388,128.748,1.012743,0
7241,0,251.777,257.495,0.977792,0
7242,0,251.777,257.495,0.977792,0
7243,0,226.37,225.308,1.004715,0
7244,0,226.37,225.308,1.004715,0
7245,0,267.03,273.588,0.976029,0
7246,0,267.03,273.588,0.976029,0
7247,0,266.323,273.588,0.973444,0
7248,0,266.323,273.588,0.973444,0
7249,0,188.513,193.121,0.976138,0
7250,0,188.513,193.121,0.976138,0
7251,0,220.049,225.308,0.976658,0
7252,0,220.049,225.308,0.976658,0
7253,0,406.376,402.336,1.010042,0
7254,0,406.376,402.336,1.010042,0
7255,0,1023.551,1013.887,1.009532,0
7256,0,1023.551,1013.887,1.009532,0
7257,0,364.658,370.149,0.985166,0
7258,0,364.658,370.149,0.985166,0
7259,0,311.624,305.775,1.019126,0
7260,0,311.624,305.775,1.019126,0
7261,0,303.512,305.775,0.992597,0
7262,0,303.512,305.775,0.992597,0
7263,0,238.284,241.402,0.987086,0
7264,0,238.284,241.402,0.987086,0
7265,0,484.74,482.803,1.004012,0
7266,0,484.74,482.803,1.004012,0
7267,0,153.374,160.934,0.95302,0
7268,0,153.374,160.934,0.95302,0
7269,0,122.037,128.748,0.947876,0
7270,0,122.037,128.748,0.947876,0
7271,0,312.732,305.775,1.022751,0
7272,0,312.732,305.775,1.022751,0
7273,0,541.324,547.177,0.989304,0
7274,0,541.324,547.177,0.989304,0
7275,0,309.339,305.775,1.011653,0
7276,0,309.339,305.775,1.011653,0
7277,0,794.687,788.579,1.007746,0
7278,0,794.687,788.579,1.007746,0
7279,0,94.561,96.561,0.979295,0
7280,0,94.561,96.561,0.979295,0
7281,0,411.038,402.336,1.021629,0
7282,0,411.038,402.336,1.021629,0
7283,0,317.087,321.869,0.985145,0
7284,0,317.087,321.869,0.985145,0
7285,0,85.115,80.467,1.057763,0
7286,0,85.115,80.467,1.057763,0
7287,0,464.782,466.71,0.995869,0
7288,0,464.782,466.71,0.995869,0
7289,0,592.454,595.457,0.994957,0
7290,0,592.454,595.457,0.994957,0
7291,0,337.666,337.962,0.999124,0
7292,0,337.666,337.962,0.999124,0
7293,0,424.694,418.429,1.014973,0
7294,0,424.694,418.429,1.014973,0
7295,0,75.808,80.467,0.942099,0
7296,0,75.808,80.467,0.942099,0
7297,0,251.001,257.495,0.974782,0
7298,0,251.001,257.495,0.974782,0
7299,0,545.99,547.177,0.99783,0
7300,0,545.99,547.177,0.99783,0
7301,0,280.995,273.588,1.02707,0
7302,0,280.995,273.588,1.02707,0
7303,0,385.599,386.243,0.998334,0
7304,0,385.599,386.243,0.998334,0
7305,0,282.278,289.682,0.974441,0
7306,0,282.278,289.682,0.974441,0
7307,0,176.771,177.028,0.998551,0
7308,0,176.771,177.028,0.998551,0
7309,0,248.767,241.402,1.03051,0
7310,0,248.767,241.402,1.03051,0
7311,0,411.15,402.336,1.021908,0
7312,0,411.15,402.336,1.021908,0
7313,0,207.893,209.215,0.993682,0
7314,0,207.893,209.215,0.993682,0
7315,0,294.952,289.682,1.018193,0
7316,0,294.952,289.682,1.018193,0
7317,0,465.731,466.71,0.997904,0
7318,0,465.731,466.71,0.997904,0
7319,0,268.26,273.588,0.980522,0
7320,0,268.26,273.588,0.980522,0
7321,0,303.881,305.775,0.993805,0
7322,0,303.881,305.775,0.993805,0
7323,0,49.901,48.28,1.033559,0
7324,0,49.901,48.28,1.033559,0
7325,0,323.89,321.869,1.006281,0
7326,0,323.89,321.869,1.006281,0
7327,0,325.481,321.869,1.011222,0
7328,0,325.481,321.869,1.011222,0
7329,0,430.119,434.523,0.989865,0
7330,0,430.119,434.523,0.989865,0
7331,0,115.906,112.654,1.028865,0
7332,0,115.906,112.654,1.028865,0
7333,0,318.424,321.869,0.989299,0
7334,0,318.424,321.869,0.989299,0
7335,0,625.271,627.644,0.996218,0
7336,0,625.271,627.644,0.996218,0
7337,0,453.877,450.616,1.007236,0
7338,0,453.877,450.616,1.007236,0
7339,0,179.255,177.028,1.012579,0
7340,0,179.255,177.028,1.012579,0
7341,0,415.544,418.429,0.993105,0
7342,0,415.544,418.429,0.993105,0
7343,0,207.272,209.215,0.990715,0
7344,0,207.272,209.215,0.990715,0
7345,0,178.991,177.028,1.011089,0
7346,0,178.991,177.028,1.011089,0
7347,0,238.205,241.402,0.98676,0
7348,0,238.205,241.402,0.98676,0
7349,0,119.098,112.654,1.057204,0
7350,0,119.098,112.654,1.057204,0
7351,0,99.881,96.561,1.034382,0
7352,0,99.881,96.561,1.034382,0
7353,0,239.74,241.402,0.993118,0
7354,0,239.74,241.402,0.993118,0
7355,0,322.586,321.869,1.002227,0
7356,0,322.586,321.869,1.002227,0
7357,0,661.742,659.831,1.002897,0
7358,0,661.742,659.831,1.002897,0
7359,0,420.409,418.429,1.004731,0
7360,0,420.409,418.429,1.004731,0
7361,0,551.558,579.364,0.952007,0
7362,0,551.558,579.364,0.952007,0
7363,0,204.477,209.215,0.977357,0
7364,0,204.477,209.215,0.977357,0
7365,0,735.276,740.298,0.993216,0
7366,0,735.276,740.298,0.993216,0
7367,0,473.859,482.803,0.981475,0
7368,0,473.859,482.803,0.981475,0
7369,0,269.717,273.588,0.985851,0
7370,0,269.717,273.588,0.985851,0
7371,0,787.342,804.672,0.978463,0
7372,0,787.342,804.672,0.978463,0
7373,0,291.023,289.682,1.004628,0
7374,0,291.023,289.682,1.004628,0
7375,0,274.072,273.588,1.001767,0
7376,0,274.072,273.588,1.001767,0
7377,0,200.221,193.121,1.036761,0
7378,0,200.221,193.121,1.036761,0
7379,0,463.086,466.71,0.992235,0
7380,0,463.086,466.71,0.992235,0
7381,0,178.769,177.028,1.009834,0
7382,0,178.769,177.028,1.009834,0
7383,0,511.591,514.99,0.993399,0
7384,0,511.591,514.99,0.993399,0
7385,0,154.397,160.934,0.959376,0
7386,0,154.397,160.934,0.959376,0
7387,0,86.247,80.467,1.071832,0
7388,0,86.247,80.467,1.071832,0
7389,0,548.151,547.177,1.001781,0
7390,0,548.151,547.177,1.001781,0
7391,0,506.808,498.897,1.015858,0
7392,0,506.808,498.897,1.015858,0
7393,0,115.906,112.654,1.028867,0
7394,0,115.906,112.654,1.028867,0
7395,0,44.931,48.28,0.930633,0
7396,0,44.931,48.28,0.930633,0
7397,0,190.14,193.121,0.984561,0
7398,0,190.14,193.121,0.984561,0
7399,0,400.636,531.084,0.754374,0
7400,0,400.636,531.084,0.754374,0
7401,0,519.696,563.27,0.92264,0
7402,0,519.696,563.27,0.92264,0
7403,0,1003.004,997.793,1.005222,0
7404,0,1003.004,997.793,1.005222,0
7405,0,94.902,96.561,0.982819,0
7406,0,94.902,96.561,0.982819,0
7407,0,612.063,627.644,0.975176,0
7408,0,612.063,627.644,0.975176,0
7409,0,870.219,869.046,1.001349,0
7410,0,870.219,869.046,1.001349,0
7411,0,229.862,225.308,1.020211,0
7412,0,229.862,225.308,1.020211,0
7413,0,318.943,321.869,0.990909,0
7414,0,318.943,321.869,0.990909,0
7415,0,342.099,337.962,1.01224,0
7416,0,342.099,337.962,1.01224,0
7417,0,320.627,321.869,0.996143,0
7418,0,320.627,321.869,0.996143,0
7419,0,253.613,257.495,0.984925,0
7420,0,253.613,257.495,0.984925,0
7421,0,226.424,241.402,0.937957,0
7422,0,226.424,241.402,0.937957,0
7423,0,1181.127,1174.821,1.005367,0
7424,0,1181.127,1174.821,1.005367,0
7425,0,1496.801,1496.69,1.000074,0
7426,0,1496.801,1496.69,1.000074,0
7427,0,116.953,112.654,1.038159,0
7428,0,116.953,112.654,1.038159,0
7429,0,269.799,273.588,0.986149,0
7430,0,269.799,273.588,0.986149,0
7431,0,388.346,386.243,1.005446,0
7432,0,388.346,386.243,1.005446,0
7433,0,491.424,498.897,0.985022,0
7434,0,491.424,498.897,0.985022,0
7435,0,373.815,370.149,1.009905,0
7436,0,373.815,370.149,1.009905,0
7437,0,462.231,466.71,0.990403,0
7438,0,462.231,466.71,0.990403,0
7439,0,521.952,531.084,0.982806,0
7440,0,521.952,531.084,0.982806,0
7441,0,183.758,177.028,1.03802,0
7442,0,183.758,177.028,1.03802,0
7443,0,448.181,450.616,0.994595,0
7444,0,448.181,450.616,0.994595,0
7445,0,506.146,498.897,1.01453,0
7446,0,506.146,498.897,1.01453,0
7447,0,43.108,48.28,0.892869,0
7448,0,43.108,48.28,0.892869,0
7449,0,237.254,241.402,0.982819,0
7450,0,237.254,241.402,0.982819,0
7451,0,790.63,788.579,1.002601,0
7452,0,790.63,788.579,1.002601,0
7453,0,406.901,402.336,1.011347,0
7454,0,406.901,402.336,1.011347,0
7455,0,220.907,225.308,0.980465,0
7456,0,220.907,225.308,0.980465,0
7457,0,122.402,128.748,0.950711,0
7458,0,122.402,128.748,0.950711,0
7459,0,135.359,128.748,1.051349,0
7460,0,135.359,128.748,1.051349,0
7461,0,768.082,772.485,0.994301,0
7462,0,768.082,772.485,0.994301,0
7463,0,568.801,563.27,1.009819,0
7464,0,568.801,563.27,1.009819,0
7465,0,460.981,466.71,0.987725,0
7466,0,460.981,466.71,0.987725,0
7467,0,433.758,434.523,0.99824,0
7468,0,433.758,434.523,0.99824,0
7469,0,237.348,241.402,0.98321,0
7470,0,237.348,241.402,0.98321,0
7471,0,268.609,273.588,0.981799,0
7472,0,268.609,273.588,0.981799,0
7473,0,671.162,675.924,0.992954,0
7474,0,671.162,675.924,0.992954,0
7475,0,683.395,724.205,0.943649,0
7476,0,683.395,724.205,0.943649,0
7477,0,639.833,675.924,0.946604,0
7478,0,639.833,675.924,0.946604,0
7479,0,500.452,498.897,1.003118,0
7480,0,500.452,498.897,1.003118,0
7481,0,40.318,32.187,1.25263,1
7482,0,40.318,32.187,1.25263,1
7483,0,574.696,595.457,0.965133,0
7484,0,574.696,595.457,0.965133,0
7485,0,742.617,756.392,0.981789,0
7486,0,742.617,756.392,0.981789,0
7487,0,368.004,370.149,0.994205,0
7488,0,368.004,370.149,0.994205,0
7489,0,741.646,740.298,1.00182,0
7490,0,741.646,740.298,1.00182,0
7491,0,634.638,643.738,0.985864,0
7492,0,634.638,643.738,0.985864,0
7493,0,805.054,852.952,0.943844,0
7494,0,805.054,852.952,0.943844,0
7495,0,563.056,595.457,0.945586,0
7496,0,563.056,595.457,0.945586,0
7497,0,744.134,756.392,0.983794,0
7498,0,744.134,756.392,0.983794,0
7499,0,923.109,933.42,0.988954,0
7500,0,923.109,933.42,0.988954,0
7501,0,275.597,273.588,1.007343,0
7502,0,275.597,273.588,1.007343,0
7503,0,769.661,836.859,0.919702,0
7504,0,769.661,836.859,0.919702,0
7505,0,1562.697,1577.157,0.990832,0
7506,0,1562.697,1577.157,0.990832,0
7507,0,412.258,418.429,0.985252,0
7508,0,412.258,418.429,0.985252,0
7509,0,721.612,724.205,0.99642,0
7510,0,721.612,724.205,0.99642,0
7511,0,513.21,514.99,0.996544,0
7512,0,513.21,514.99,0.996544,0
7513,0,664.991,675.924,0.983824,0
7514,0,664.991,675.924,0.983824,0
7515,0,375.508,370.149,1.014478,0
7516,0,375.508,370.149,1.014478,0
7517,0,729.194,724.205,1.006889,0
7518,0,729.194,724.205,1.006889,0
7519,0,119.243,112.654,1.058485,0
7520,0,119.243,112.654,1.058485,0
7521,0,350.594,354.056,0.990224,0
7522,0,350.594,354.056,0.990224,0
7523,0,42.077,48.28,0.871509,0
7524,0,42.077,48.28,0.871509,0
7525,0,218.237,225.308,0.968615,0
7526,0,218.237,225.308,0.968615,0
7527,0,68.889,64.374,1.070144,0
7528,0,68.889,64.374,1.070144,0
7529,0,595.869,627.644,0.949375,0
7530,0,595.869,627.644,0.949375,0
7531,0,83.714,80.467,1.040344,0
7532,0,83.714,80.467,1.040344,0
7533,0,468.739,466.71,1.004348,0
7534,0,468.739,466.71,1.004348,0
7535,0,191.37,193.121,0.990932,0
7536,0,191.37,193.121,0.990932,0
7537,0,544.983,547.177,0.995991,0
7538,0,544.983,547.177,0.995991,0
7539,0,874.631,917.326,0.953457,0
7540,0,874.631,917.326,0.953457,0
7541,0,434.783,434.523,1.0006,0
7542,0,434.783,434.523,1.0006,0
7543,0,903.839,901.233,1.002892,0
7544,0,903.839,901.233,1.002892,0
7545,0,602.05,595.457,1.011072,0
7546,0,602.05,595.457,1.011072,0
7547,0,781.024,820.765,0.95158,0
7548,0,781.024,820.765,0.95158,0
7549,0,100.251,96.561,1.03822,0
7550,0,100.251,96.561,1.03822,0
7551,0,155.892,160.934,0.968669,0
7552,0,155.892,160.934,0.968669,0
7553,0,57.425,64.374,0.892055,0
7554,0,57.425,64.374,0.892055,0
7555,0,50.334,48.28,1.042541,0
7556,0,50.334,48.28,1.042541,0
7557,0,42.965,48.28,0.889917,0
7558,0,42.965,48.28,0.889917,0
7559,0,45.706,48.28,0.946687,0
7560,0,45.706,48.28,0.946687,0
7561,0,45.727,48.28,0.947116,0
7562,0,45.727,48.28,0.947116,0
7563,0,1359.25,1367.942,0.993645,0
7564,0,1359.25,1367.942,0.993645,0
7565,0,450.25,450.616,0.999188,0
7566,0,450.25,450.616,0.999188,0
7567,0,128.373,128.748,0.99709,0
7568,0,128.373,128.748,0.99709,0
7569,0,1246.648,1239.195,1.006014,0
7570,0,1246.648,1239.195,1.006014,0
7571,0,136.237,128.748,1.058172,0
7572,0,136.237,128.748,1.058172,0
7573,0,875.891,885.139,0.989551,0
7574,0,875.891,885.139,0.989551,0
7575,0,275.028,273.588,1.005261,0
7576,0,275.028,273.588,1.005261,0
7577,0,917.705,917.326,1.000413,0
7578,0,917.705,917.326,1.000413,0
7579,0,1024.055,1029.98,0.994247,0
7580,0,1024.055,1029.98,0.994247,0
7581,0,1129.923,1142.634,0.988876,0
7582,0,1129.923,1142.634,0.988876,0
7583,0,578.355,579.364,0.998258,0
7584,0,578.355,579.364,0.998258,0
7585,0,215.537,225.308,0.956631,0
7586,0,215.537,225.308,0.956631,0
7587,0,462.132,466.71,0.990192,0
7588,0,462.132,466.71,0.990192,0
7589,0,598.464,611.551,0.978601,0
7590,0,598.464,611.551,0.978601,0
7591,0,670.354,675.924,0.991758,0
7592,0,670.354,675.924,0.991758,0
7593,0,432.064,434.523,0.994341,0
7594,0,432.064,434.523,0.994341,0
7595,0,294.648,289.682,1.017143,0
7596,0,294.648,289.682,1.017143,0
7597,0,194.783,193.121,1.008602,0
7598,0,194.783,193.121,1.008602,0
7599,0,584.087,579.364,1.008152,0
7600,0,584.087,579.364,1.008152,0
7601,0,116.707,112.654,1.035977,0
7602,0,116.707,112.654,1.035977,0
7603,0,61.066,64.374,0.94861,0
7604,0,61.066,64.374,0.94861,0
7605,0,36.306,32.187,1.127979,0
7606,0,36.306,32.187,1.127979,0
7607,0,158.815,160.934,0.986829,0
7608,0,158.815,160.934,0.986829,0
7609,0,181.057,177.028,1.022759,0
7610,0,181.057,177.028,1.022759,0
7611,0,274.633,273.588,1.003817,0
7612,0,274.633,273.588,1.003817,0
7613,0,1697.353,1689.811,1.004463,0
7614,0,1697.353,1689.811,1.004463,0
7615,0,765.245,756.392,1.011705,0
7616,0,765.245,756.392,1.011705,0
7617,0,1097.675,1174.821,0.934334,0
7618,0,1097.675,1174.821,0.934334,0
7619,0,237.529,241.402,0.983959,0
7620,0,237.529,241.402,0.983959,0
7621,0,1558.542,1561.064,0.998385,0
7622,0,1558.542,1561.064,0.998385,0
7623,0,269.883,273.588,0.986457,0
7624,0,269.883,273.588,0.986457,0
7625,0,2713.201,2912.913,0.931439,0
7626,0,2713.201,2912.913,0.931439,0
7627,0,1722.745,1721.998,1.000434,0
7628,0,1722.745,1721.998,1.000434,0
7629,0,307.039,305.775,1.004132,0
7630,0,307.039,305.775,1.004132,0
7631,0,91.423,96.561,0.946789,0
7632,0,91.423,96.561,0.946789,0
7633,0,939.912,1013.887,0.927039,0
7634,0,939.912,1013.887,0.927039,0
7635,0,767.016,804.672,0.953203,0
7636,0,767.016,804.672,0.953203,0
7637,0,620.763,627.644,0.989037,0
7638,0,620.763,627.644,0.989037,0
7639,0,267.099,273.588,0.976282,0
7640,0,267.099,273.588,0.976282,0
7641,0,726.504,724.205,1.003175,0
7642,0,726.504,724.205,1.003175,0
7643,0,71.444,64.374,1.109833,0
7644,0,71.444,64.374,1.109833,0
7645,0,876.204,901.233,0.972228,0
7646,0,876.204,901.233,0.972228,0
7647,0,997.448,1029.98,0.968414,0
7648,0,997.448,1029.98,0.968414,0
7649,0,895.539,901.233,0.993682,0
7650,0,895.539,901.233,0.993682,0
7651,0,112.306,112.654,0.99691,0
7652,0,112.306,112.654,0.99691,0
7653,0,1038.668,1062.167,0.977876,0
7654,0,1038.668,1062.167,0.977876,0
7655,0,595.771,595.457,1.000528,0
7656,0,595.771,595.457,1.000528,0
7657,0,507.441,514.99,0.985342,0
7658,0,507.441,514.99,0.985342,0
7659,0,327.391,321.869,1.017158,0
7660,0,327.391,321.869,1.017158,0
7661,0,1351.981,1400.129,0.965611,0
7662,0,1351.981,1400.129,0.965611,0
7663,0,888.488,965.606,0.920135,0
7664,0,888.488,965.606,0.920135,0
7665,0,452.638,450.616,1.004487,0
7666,0,452.638,450.616,1.004487,0
7667,0,575.638,579.364,0.993569,0
7668,0,575.638,579.364,0.993569,0
7669,0,156.15,160.934,0.970271,0
7670,0,156.15,160.934,0.970271,0
7671,0,1460.3,1528.877,0.955146,0
7672,0,1460.3,1528.877,0.955146,0
7673,0,432.774,450.616,0.960406,0
7674,0,432.774,450.616,0.960406,0
7675,0,708.149,708.111,1.000053,0
7676,0,708.149,708.111,1.000053,0
7677,0,605.031,627.644,0.963971,0
7678,0,605.031,627.644,0.963971,0
7679,0,283.693,289.682,0.979325,0
7680,0,283.693,289.682,0.979325,0
7681,0,399.437,402.336,0.992796,0
7682,0,399.437,402.336,0.992796,0
7683,0,114.531,112.654,1.01666,0
7684,0,114.531,112.654,1.01666,0
7685,0,336.791,337.962,0.996535,0
7686,0,336.791,337.962,0.996535,0
7687,0,163.606,177.028,0.924184,0
7688,0,163.606,177.028,0.924184,0
7689,0,1096.973,1094.354,1.002394,0
7690,0,1096.973,1094.354,1.002394,0
7691,0,938.087,949.513,0.987966,0
7692,0,938.087,949.513,0.987966,0
7693,0,732.46,756.392,0.96836,0
7694,0,732.46,756.392,0.96836,0
7695,0,493.006,498.897,0.988193,0
7696,0,493.006,498.897,0.988193,0
7697,0,1152.852,1239.195,0.930323,0
7698,0,1152.852,1239.195,0.930323,0
7699,0,769.162,772.485,0.995698,0
7700,0,769.162,772.485,0.995698,0
7701,0,599.593,595.457,1.006946,0
7702,0,599.593,595.457,1.006946,0
7703,0,1054.062,1046.074,1.007637,0
7704,0,1054.062,1046.074,1.007637,0
7705,0,211.7,209.215,1.011881,0
7706,0,211.7,209.215,1.011881,0
7707,0,692.26,692.018,1.00035,0
7708,0,692.26,692.018,1.00035,0
7709,0,942.154,949.513,0.99225,0
7710,0,942.154,949.513,0.99225,0
7711,0,1118.826,1126.541,0.993152,0
7712,0,1118.826,1126.541,0.993152,0
7713,0,716.134,756.392,0.946777,0
7714,0,716.134,756.392,0.946777,0
7715,0,321.734,321.869,0.99958,0
7716,0,321.734,321.869,0.99958,0
7717,0,578.158,579.364,0.997918,0
7718,0,578.158,579.364,0.997918,0
7719,0,1663.39,1657.624,1.003478,0
7720,0,1663.39,1657.624,1.003478,0
7721,0,102.589,96.561,1.062429,0
7722,0,102.589,96.561,1.062429,0
7723,0,165.607,160.934,1.029032,0
7724,0,165.607,160.934,1.029032,0
7725,0,111.734,112.654,0.991831,0
7726,0,111.734,112.654,0.991831,0
7727,0,396.641,402.336,0.985844,0
7728,0,396.641,402.336,0.985844,0
7729,0,240.017,241.402,0.994263,0
7730,0,240.017,241.402,0.994263,0
7731,0,65.497,64.374,1.017451,0
7732,0,65.497,64.374,1.017451,0
7733,0,939.773,1190.915,0.789119,0
7734,0,939.773,1190.915,0.789119,0
7735,0,806.026,820.765,0.982042,0
7736,0,806.026,820.765,0.982042,0
7737,0,1292.646,1544.97,0.83668,0
7738,0,1292.646,1544.97,0.83668,0
7739,0,1248.281,1271.382,0.98183,0
7740,0,1248.281,1271.382,0.98183,0
7741,0,919.806,1029.98,0.893033,0
7742,0,919.806,1029.98,0.893033,0
7743,0,1268.672,1319.662,0.961361,0
7744,0,1268.672,1319.662,0.961361,0
7745,0,131.55,128.748,1.021764,0
7746,0,131.55,128.748,1.021764,0
7747,0,359.027,354.056,1.014041,0
7748,0,359.027,354.056,1.014041,0
7749,0,1132.207,1158.728,0.977112,0
7750,0,1132.207,1158.728,0.977112,0
7751,0,1136.342,1239.195,0.917,0
7752,0,1136.342,1239.195,0.917,0
7753,0,557.84,579.364,0.96285,0
7754,0,557.84,579.364,0.96285,0
7755,0,409.416,418.429,0.978458,0
7756,0,409.416,418.429,0.978458,0
7757,0,737.994,756.392,0.975677,0
7758,0,737.994,756.392,0.975677,0
7759,0,435.495,434.523,1.002238,0
7760,0,435.495,434.523,1.002238,0
7761,0,54.679,48.28,1.132527,0
7762,0,54.679,48.28,1.132527,0
7763,0,929.031,933.42,0.995299,0
7764,0,929.031,933.42,0.995299,0
7765,0,819.095,820.765,0.997965,0
7766,0,819.095,820.765,0.997965,0
7767,0,156.835,160.934,0.974529,0
7768,0,156.835,160.934,0.974529,0
7769,0,516.132,531.084,0.971848,0
7770,0,516.132,531.084,0.971848,0
7771,0,362.834,370.149,0.980237,0
7772,0,362.834,370.149,0.980237,0
7773,0,101.499,96.561,1.051144,0
7774,0,101.499,96.561,1.051144,0
7775,0,1978.345,2188.708,0.903887,0
7776,0,1978.345,2188.708,0.903887,0
7777,0,481.182,482.803,0.996642,0
7778,0,481.182,482.803,0.996642,0
7779,0,724.671,724.205,1.000644,0
7780,0,724.671,724.205,1.000644,0
7781,0,197.907,193.121,1.024782,0
7782,0,197.907,193.121,1.024782,0
7783,0,1159.787,1158.728,1.000915,0
7784,0,1159.787,1158.728,1.000915,0
7785,0,772.041,772.485,0.999425,0
7786,0,772.041,772.485,0.999425,0
7787,0,62.099,64.374,0.964666,0
7788,0,62.099,64.374,0.964666,0
7789,0,883.142,901.233,0.979927,0
7790,0,883.142,901.233,0.979927,0
7791,0,1353.506,1416.223,0.955715,0
7792,0,1353.506,1416.223,0.955715,0
7793,0,291.562,289.682,1.006492,0
7794,0,291.562,289.682,1.006492,0
7795,0,548.15,547.177,1.001779,0
7796,0,548.15,547.177,1.001779,0
7797,0,1108.857,1126.541,0.984303,0
7798,0,1108.857,1126.541,0.984303,0
7799,0,781.046,772.485,1.011083,0
7800,0,781.046,772.485,1.011083,0
7801,0,47.796,48.28,0.989962,0
7802,0,47.796,48.28,0.989962,0
7803,0,734.569,740.298,0.992262,0
7804,0,734.569,740.298,0.992262,0
7805,0,269.344,273.588,0.984487,0
7806,0,269.344,273.588,0.984487,0
7807,0,132.467,160.934,0.823112,0
7808,0,132.467,160.934,0.823112,0
7809,0,46.023,48.28,0.953246,0
7810,0,46.023,48.28,0.953246,0
7811,0,803.914,804.672,0.999058,0
7812,0,803.914,804.672,0.999058,0
7813,0,1383.482,1384.036,0.9996,0
7814,0,1383.482,1384.036,0.9996,0
7815,0,916.52,917.326,0.999121,0
7816,0,916.52,917.326,0.999121,0
7817,0,593.591,643.738,0.9221,0
7818,0,593.591,643.738,0.9221,0
7819,0,1035.945,1029.98,1.005791,0
7820,0,1035.945,1029.98,1.005791,0
7821,0,1195.872,1190.915,1.004163,0
7822,0,1195.872,1190.915,1.004163,0
7823,0,917.304,917.326,0.999975,0
7824,0,917.304,917.326,0.999975,0
7825,0,718.015,724.205,0.991453,0
7826,0,718.015,724.205,0.991453,0
7827,0,940.978,933.42,1.008098,0
7828,0,940.978,933.42,1.008098,0
7829,0,112.867,128.748,0.876654,0
7830,0,112.867,128.748,0.876654,0
7831,0,668.568,675.924,0.989117,0
7832,0,668.568,675.924,0.989117,0
7833,0,312.322,305.775,1.021411,0
7834,0,312.322,305.775,1.021411,0
7835,0,505.23,498.897,1.012694,0
7836,0,505.23,498.897,1.012694,0
7837,0,64.776,64.374,1.006246,0
7838,0,64.776,64.374,1.006246,0
7839,0,565.402,595.457,0.949525,0
7840,0,565.402,595.457,0.949525,0
7841,0,208.435,209.215,0.996274,0
7842,0,208.435,209.215,0.996274,0
7843,0,642.67,643.738,0.998342,0
7844,0,642.67,643.738,0.998342,0
7845,0,146.294,144.841,1.010033,0
7846,0,146.294,144.841,1.010033,0
7847,0,79.572,80.467,0.988881,0
7848,0,79.572,80.467,0.988881,0
7849,0,549.697,547.177,1.004606,0
7850,0,549.697,547.177,1.004606,0
7851,0,84.928,80.467,1.055437,0
7852,0,84.928,80.467,1.055437,0
7853,0,463.618,466.71,0.993376,0
7854,0,463.618,466.71,0.993376,0
7855,0,450.928,450.616,1.000691,0
7856,0,450.928,450.616,1.000691,0
7857,0,130.559,128.748,1.014069,0
7858,0,130.559,128.748,1.014069,0
7859,0,900.019,901.233,0.998654,0
7860,0,900.019,901.233,0.998654,0
7861,0,938.156,997.793,0.940231,0
7862,0,938.156,997.793,0.940231,0
7863,0,517.389,514.99,1.004659,0
7864,0,517.389,514.99,1.004659,0
7865,0,705.008,708.111,0.995618,0
7866,0,705.008,708.111,0.995618,0
7867,0,356.986,354.056,1.008278,0
7868,0,356.986,354.056,1.008278,0
7869,0,225.617,225.308,1.001371,0
7870,0,225.617,225.308,1.001371,0
7871,0,137.823,144.841,0.951544,0
7872,0,137.823,144.841,0.951544,0
7873,0,886.34,949.513,0.933468,0
7874,0,886.34,949.513,0.933468,0
7875,0,422.275,466.71,0.904792,0
7876,0,422.275,466.71,0.904792,0
7877,0,900.391,901.233,0.999066,0
7878,0,900.391,901.233,0.999066,0
7879,0,302.772,305.775,0.990178,0
7880,0,302.772,305.775,0.990178,0
7881,0,215.319,209.215,1.029177,0
7882,0,215.319,209.215,1.029177,0
7883,0,87.323,80.467,1.085206,0
7884,0,87.323,80.467,1.085206,0
7885,0,779.083,788.579,0.987958,0
7886,0,779.083,788.579,0.987958,0
7887,0,1057.908,1062.167,0.99599,0
7888,0,1057.908,1062.167,0.99599,0
7889,0,598.455,611.551,0.978586,0
7890,0,598.455,611.551,0.978586,0
7891,0,575.328,579.364,0.993033,0
7892,0,575.328,579.364,0.993033,0
7893,0,1278.423,1271.382,1.005539,0
7894,0,1278.423,1271.382,1.005539,0
7895,0,376.163,370.149,1.016248,0
7896,0,376.163,370.149,1.016248,0
7897,0,897.643,901.233,0.996017,0
7898,0,897.643,901.233,0.996017,0
7899,0,432.918,434.523,0.996306,0
7900,0,432.918,434.523,0.996306,0
7901,0,1140.994,1142.634,0.998565,0
7902,0,1140.994,1142.634,0.998565,0
7903,0,90.91,96.561,0.941479,0
7904,0,90.91,96.561,0.941479,0
7905,0,398.277,402.336,0.989911,0
7906,0,398.277,402.336,0.989911,0
7907,0,191.258,193.121,0.99035,0
7908,0,191.258,193.121,0.99035,0
7909,0,770.163,772.485,0.996994,0
7910,0,770.163,772.485,0.996994,0
7911,0,608.947,611.551,0.995742,0
7912,0,608.947,611.551,0.995742,0
7913,0,391.704,386.243,1.01414,0
7914,0,391.704,386.243,1.01414,0
7915,0,3056.992,3106.034,0.984211,0
7916,0,3056.992,3106.034,0.984211,0
7917,0,485.97,482.803,1.00656,0
7918,0,485.97,482.803,1.00656,0
7919,0,1173.677,1174.821,0.999026,0
7920,0,1173.677,1174.821,0.999026,0
7921,0,981.881,981.7,1.000185,0
7922,0,981.881,981.7,1.000185,0
7923,0,700.761,708.111,0.98962,0
7924,0,700.761,708.111,0.98962,0
7925,0,324.794,321.869,1.009089,0
7926,0,324.794,321.869,1.009089,0
7927,0,771.496,772.485,0.99872,0
7928,0,771.496,772.485,0.99872,0
7929,0,399.295,402.336,0.99244,0
7930,0,399.295,402.336,0.99244,0
7931,0,820.558,820.765,0.999747,0
7932,0,820.558,820.765,0.999747,0
7933,0,892.987,1013.887,0.880756,0
7934,0,892.987,1013.887,0.880756,0
7935,0,594.808,659.831,0.901455,0
7936,0,594.808,659.831,0.901455,0
7937,0,96.596,96.561,1.000368,0
7938,0,96.596,96.561,1.000368,0
7939,0,445.301,450.616,0.988205,0
7940,0,445.301,450.616,0.988205,0
7941,0,288.102,289.682,0.994547,0
7942,0,288.102,289.682,0.994547,0
7943,0,456.446,450.616,1.012937,0
7944,0,456.446,450.616,1.012937,0
7945,0,415.311,418.429,0.992547,0
7946,0,415.311,418.429,0.992547,0
7947,0,755.406,756.392,0.998698,0
7948,0,755.406,756.392,0.998698,0
7949,0,403.709,418.429,0.964821,0
7950,0,403.709,418.429,0.964821,0
7951,0,1568.329,1561.064,1.004654,0
7952,0,1568.329,1561.064,1.004654,0
7953,0,1130.745,1158.728,0.975851,0
7954,0,1130.745,1158.728,0.975851,0
7955,0,730.542,788.579,0.926404,0
7956,0,730.542,788.579,0.926404,0
7957,0,352.592,354.056,0.995866,0
7958,0,352.592,354.056,0.995866,0
7959,0,266.677,273.588,0.974737,0
7960,0,266.677,273.588,0.974737,0
7961,0,823.443,836.859,0.983969,0
7962,0,823.443,836.859,0.983969,0
7963,0,456.738,450.616,1.013586,0
7964,0,456.738,450.616,1.013586,0
7965,0,249.355,241.402,1.032949,0
7966,0,249.355,241.402,1.032949,0
7967,0,804.726,804.672,1.000067,0
7968,0,804.726,804.672,1.000067,0
7969,0,865.475,869.046,0.995891,0
7970,0,865.475,869.046,0.995891,0
7971,0,512.069,514.99,0.994328,0
7972,0,512.069,514.99,0.994328,0
7973,0,550.06,547.177,1.00527,0
7974,0,550.06,547.177,1.00527,0
7975,0,568.309,563.27,1.008945,0
7976,0,568.309,563.27,1.008945,0
7977,0,392.744,386.243,1.016833,0
7978,0,392.744,386.243,1.016833,0
7979,0,508.173,514.99,0.986762,0
7980,0,508.173,514.99,0.986762,0
7981,0,486.736,482.803,1.008146,0
7982,0,486.736,482.803,1.008146,0
7983,0,415.891,418.429,0.993932,0
7984,0,415.891,418.429,0.993932,0
7985,0,475.779,482.803,0.985451,0
7986,0,475.779,482.803,0.985451,0
7987,0,103.456,96.561,1.071407,0
7988,0,103.456,96.561,1.071407,0
7989,0,580.962,579.364,1.002759,0
7990,0,580.962,579.364,1.002759,0
7991,0,260.813,257.495,1.012887,0
7992,0,260.813,257.495,1.012887,0
7993,0,117.44,112.654,1.042482,0
7994,0,117.44,112.654,1.042482,0
7995,0,188.371,193.121,0.975403,0
7996,0,188.371,193.121,0.975403,0
7997,0,18.16,16.093,1.128386,0
7998,0,18.16,16.093,1.128386,0
7999,0,415.351,434.523,0.955879,0
8000,0,415.351,434.523,0.955879,0
8001,0,112.884,112.654,1.002041,0
8002,0,112.884,112.654,1.002041,0
8003,0,168.022,160.934,1.044041,0
8004,0,168.022,160.934,1.044041,0
8005,0,468.216,466.71,1.003228,0
8006,0,468.216,466.71,1.003228,0
8007,0,555.041,563.27,0.98539,0
8008,0,555.041,563.27,0.98539,0
8009,0,177.656,177.028,1.003547,0
8010,0,177.656,177.028,1.003547,0
8011,0,343.344,337.962,1.015925,0
8012,0,343.344,337.962,1.015925,0
8013,0,1334.659,1351.849,0.987284,0
8014,0,1334.659,1351.849,0.987284,0
8015,0,1343.925,1335.756,1.006116,0
8016,0,1343.925,1335.756,1.006116,0
8017,0,178.52,177.028,1.008429,0
8018,0,178.52,177.028,1.008429,0
8019,0,643.769,659.831,0.975658,0
8020,0,643.769,659.831,0.975658,0
8021,0,476.156,482.803,0.986232,0
8022,0,476.156,482.803,0.986232,0
8023,0,599.434,595.457,1.006679,0
8024,0,599.434,595.457,1.006679,0
8025,0,520.502,547.177,0.95125,0
8026,0,520.502,547.177,0.95125,0
8027,0,1235.61,1239.195,0.997107,0
8028,0,1235.61,1239.195,0.997107,0
8029,0,751.876,756.392,0.99403,0
8030,0,751.876,756.392,0.99403,0
8031,0,1130.058,1126.541,1.003122,0
8032,0,1130.058,1126.541,1.003122,0
8033,0,1364.858,1432.316,0.952902,0
8034,0,1364.858,1432.316,0.952902,0
8035,0,2174.739,2365.736,0.919265,0
8036,0,2174.739,2365.736,0.919265,0
8037,0,1104.362,1110.447,0.99452,0
8038,0,1104.362,1110.447,0.99452,0
8039,0,1475.753,1528.877,0.965253,0
8040,0,1475.753,1528.877,0.965253,0
8041,0,698.668,708.111,0.986665,0
8042,0,698.668,708.111,0.986665,0
8043,0,700.006,692.018,1.011544,0
8044,0,700.006,692.018,1.011544,0
8045,0,1002.263,997.793,1.004479,0
8046,0,1002.263,997.793,1.004479,0
8047,0,643.312,643.738,0.999339,0
8048,0,643.312,643.738,0.999339,0
8049,0,841.511,852.952,0.986586,0
8050,0,841.511,852.952,0.986586,0
8051,0,880.208,981.7,0.896616,0
8052,0,880.208,981.7,0.896616,0
8053,0,32.529,32.187,1.010622,0
8054,0,32.529,32.187,1.010622,0
8055,0,603.182,659.831,0.914146,0
8056,0,603.182,659.831,0.914146,0
8057,0,1657.364,1657.624,0.999843,0
8058,0,1657.364,1657.624,0.999843,0
8059,0,1035.879,1029.98,1.005727,0
8060,0,1035.879,1029.98,1.005727,0
8061,0,539.64,547.177,0.986227,0
8062,0,539.64,547.177,0.986227,0
8063,0,771.444,788.579,0.978272,0
8064,0,771.444,788.579,0.978272,0
8065,0,1252.811,1335.756,0.937904,0
8066,0,1252.811,1335.756,0.937904,0
8067,0,157.742,160.934,0.980162,0
8068,0,157.742,160.934,0.980162,0
8069,0,650.554,659.831,0.98594,0
8070,0,650.554,659.831,0.98594,0
8071,0,980.951,997.793,0.98312,0
8072,0,980.951,997.793,0.98312,0
8073,0,841.839,836.859,1.005951,0
8074,0,841.839,836.859,1.005951,0
8075,0,546.355,547.177,0.998497,0
8076,0,546.355,547.177,0.998497,0
8077,0,714.329,772.485,0.924715,0
8078,0,714.329,772.485,0.924715,0
8079,0,814.222,869.046,0.936915,0
8080,0,814.222,869.046,0.936915,0
8081,0,885.363,901.233,0.982391,0
8082,0,885.363,901.233,0.982391,0
8083,0,913.364,917.326,0.995681,0
8084,0,913.364,917.326,0.995681,0
8085,0,1170.393,1190.915,0.982769,0
8086,0,1170.393,1190.915,0.982769,0
8087,0,840.684,901.233,0.932816,0
8088,0,840.684,901.233,0.932816,0
8089,0,307.789,321.869,0.956256,0
8090,0,307.789,321.869,0.956256,0
8091,0,597.64,643.738,0.92839,0
8092,0,597.64,643.738,0.92839,0
8093,0,115.223,112.654,1.022801,0
8094,0,115.223,112.654,1.022801,0
8095,0,69.448,64.374,1.078819,0
8096,0,69.448,64.374,1.078819,0
8097,0,338.163,354.056,0.955113,0
8098,0,338.163,354.056,0.955113,0
8099,0,837.379,836.859,1.000622,0
8100,0,837.379,836.859,1.000622,0
8101,0,200.885,193.121,1.040201,0
8102,0,200.885,193.121,1.040201,0
8103,0,424.485,434.523,0.976899,0
8104,0,424.485,434.523,0.976899,0
8105,0,1613.892,1689.811,0.955073,0
8106,0,1613.892,1689.811,0.955073,0
8107,0,1147.479,1142.634,1.00424,0
8108,0,1147.479,1142.634,1.00424,0
8109,0,1655.903,1866.839,0.887009,0
8110,0,1655.903,1866.839,0.887009,0
8111,0,756.422,756.392,1.00004,0
8112,0,756.422,756.392,1.00004,0
8113,0,249.825,257.495,0.970211,0
8114,0,249.825,257.495,0.970211,0
8115,0,68.371,64.374,1.0621,0
8116,0,68.371,64.374,1.0621,0
8117,0,1006.955,1029.98,0.977645,0
8118,0,1006.955,1029.98,0.977645,0
8119,0,543.239,547.177,0.992803,0
8120,0,543.239,547.177,0.992803,0
8121,0,607.499,611.551,0.993374,0
8122,0,607.499,611.551,0.993374,0
8123,0,1291.693,1351.849,0.955501,0
8124,0,1291.693,1351.849,0.955501,0
8125,0,36.57,32.187,1.13618,0
8126,0,36.57,32.187,1.13618,0
8127,0,340.643,337.962,1.007931,0
8128,0,340.643,337.962,1.007931,0
8129,0,353.11,354.056,0.997328,0
8130,0,353.11,354.056,0.997328,0
8131,0,621.926,627.644,0.990889,0
8132,0,621.926,627.644,0.990889,0
8133,0,99.421,96.561,1.029627,0
8134,0,99.421,96.561,1.029627,0
8135,0,139.577,144.841,0.963658,0
8136,0,139.577,144.841,0.963658,0
8137,0,104.793,96.561,1.085256,0
8138,0,104.793,96.561,1.085256,0
8139,0,250.19,257.495,0.97163,0
8140,0,250.19,257.495,0.97163,0
8141,0,125.769,128.748,0.976869,0
8142,0,125.769,128.748,0.976869,0
8143,0,246.695,241.402,1.02193,0
8144,0,246.695,241.402,1.02193,0
8145,0,581.735,595.457,0.976955,0
8146,0,581.735,595.457,0.976955,0
8147,0,464.607,466.71,0.995495,0
8148,0,464.607,466.71,0.995495,0
8149,0,687.269,692.018,0.993138,0
8150,0,687.269,692.018,0.993138,0
8151,0,384.971,386.243,0.996709,0
8152,0,384.971,386.243,0.996709,0
8153,0,73.397,80.467,0.912137,0
8154,0,73.397,80.467,0.912137,0
8155,0,356.025,354.056,1.005561,0
8156,0,356.025,354.056,1.005561,0
8157,0,189.141,193.121,0.97939,0
8158,0,189.141,193.121,0.97939,0
8159,0,492.312,498.897,0.986801,0
8160,0,492.312,498.897,0.986801,0
8161,0,199.01,193.121,1.030494,0
8162,0,199.01,193.121,1.030494,0
8163,0,688.002,692.018,0.994197,0
8164,0,688.002,692.018,0.994197,0
8165,0,568.465,563.27,1.009222,0
8166,0,568.465,563.27,1.009222,0
8167,0,274.126,273.588,1.001963,0
8168,0,274.126,273.588,1.001963,0
8169,0,1307.986,1319.662,0.991153,0
8170,0,1307.986,1319.662,0.991153,0
8171,0,398.804,402.336,0.991222,0
8172,0,398.804,402.336,0.991222,0
8173,0,336.178,337.962,0.99472,0
8174,0,336.178,337.962,0.99472,0
8175,0,388.988,386.243,1.007109,0
8176,0,388.988,386.243,1.007109,0
8177,0,934.711,933.42,1.001384,0
8178,0,934.711,933.42,1.001384,0
8179,0,1284.552,1287.475,0.997729,0
8180,0,1284.552,1287.475,0.997729,0
8181,0,289.803,289.682,1.000419,0
8182,0,289.803,289.682,1.000419,0
8183,0,720.459,724.205,0.994828,0
8184,0,720.459,724.205,0.994828,0
8185,0,425.922,434.523,0.980207,0
8186,0,425.922,434.523,0.980207,0
8187,0,1310.053,1303.569,1.004974,0
8188,0,1310.053,1303.569,1.004974,0
8189,0,498.62,498.897,0.999446,0
8190,0,498.62,498.897,0.999446,0
8191,0,113.357,112.654,1.006243,0
8192,0,113.357,112.654,1.006243,0
8193,0,250.966,257.495,0.974646,0
8194,0,250.966,257.495,0.974646,0
8195,0,1431.089,1432.316,0.999144,0
8196,0,1431.089,1432.316,0.999144,0
8197,0,1310.644,1335.756,0.981201,0
8198,0,1310.644,1335.756,0.981201,0
8199,0,899.018,901.233,0.997542,0
8200,0,899.018,901.233,0.997542,0
8201,0,482.052,482.803,0.998445,0
8202,0,482.052,482.803,0.998445,0
8203,0,1234.625,1239.195,0.996312,0
8204,0,1234.625,1239.195,0.996312,0
8205,0,338.924,337.962,1.002845,0
8206,0,338.924,337.962,1.002845,0
8207,0,274.78,273.588,1.004354,0
8208,0,274.78,273.588,1.004354,0
8209,0,360.078,354.056,1.01701,0
8210,0,360.078,354.056,1.01701,0
8211,0,262.729,257.495,1.020328,0
8212,0,262.729,257.495,1.020328,0
8213,0,655.38,659.831,0.993255,0
8214,0,655.38,659.831,0.993255,0
8215,0,1421.92,1416.223,1.004023,0
8216,0,1421.92,1416.223,1.004023,0
8217,0,850.443,852.952,0.997058,0
8218,0,850.443,852.952,0.997058,0
8219,0,248.896,241.402,1.031046,0
8220,0,248.896,241.402,1.031046,0
8221,0,1246.426,1271.382,0.980371,0
8222,0,1246.426,1271.382,0.980371,0
8223,0,1199.527,1239.195,0.967989,0
8224,0,1199.527,1239.195,0.967989,0
8225,0,901.459,901.233,1.000251,0
8226,0,901.459,901.233,1.000251,0
8227,0,1142.035,1158.728,0.985594,0
8228,0,1142.035,1158.728,0.985594,0
8229,0,1054.475,1062.167,0.992758,0
8230,0,1054.475,1062.167,0.992758,0
8231,0,613.081,611.551,1.002502,0
8232,0,613.081,611.551,1.002502,0
8233,0,1149.634,1174.821,0.978561,0
8234,0,1149.634,1174.821,0.978561,0
8235,0,666.115,740.298,0.899793,0
8236,0,666.115,740.298,0.899793,0
8237,0,958.292,981.7,0.976156,0
8238,0,958.292,981.7,0.976156,0
8239,0,387.41,386.243,1.003022,0
8240,0,387.41,386.243,1.003022,0
8241,0,1222.107,1223.101,0.999187,0
8242,0,1222.107,1223.101,0.999187,0
8243,0,1627.542,1625.437,1.001295,0
8244,0,1627.542,1625.437,1.001295,0
8245,0,1370.01,1367.942,1.001511,0
8246,0,1370.01,1367.942,1.001511,0
8247,0,776.759,772.485,1.005533,0
8248,0,776.759,772.485,1.005533,0
8249,0,1172.59,1174.821,0.998101,0
8250,0,1172.59,1174.821,0.998101,0
8251,0,451.241,450.616,1.001387,0
8252,0,451.241,450.616,1.001387,0
8253,0,530.549,531.084,0.998994,0
8254,0,530.549,531.084,0.998994,0
8255,0,354.822,354.056,1.002164,0
8256,0,354.822,354.056,1.002164,0
8257,0,848.41,852.952,0.994675,0
8258,0,848.41,852.952,0.994675,0
8259,0,770.694,772.485,0.997681,0
8260,0,770.694,772.485,0.997681,0
8261,0,435.612,434.523,1.002508,0
8262,0,435.612,434.523,1.002508,0
8263,0,744.146,740.298,1.005198,0
8264,0,744.146,740.298,1.005198,0
8265,0,1134.327,1126.541,1.006911,0
8266,0,1134.327,1126.541,1.006911,0
8267,0,1350.587,1351.849,0.999066,0
8268,0,1350.587,1351.849,0.999066,0
8269,0,597.008,595.457,1.002604,0
8270,0,597.008,595.457,1.002604,0
8271,0,742.534,740.298,1.003021,0
8272,0,742.534,740.298,1.003021,0
8273,0,598.475,595.457,1.005067,0
8274,0,598.475,595.457,1.005067,0
8275,0,589.131,595.457,0.989376,0
8276,0,589.131,595.457,0.989376,0
8277,0,979.201,997.793,0.981366,0
8278,0,979.201,997.793,0.981366,0
8279,0,1851.107,1850.746,1.000195,0
8280,0,1851.107,1850.746,1.000195,0
8281,0,748.886,772.485,0.969451,0
8282,0,748.886,772.485,0.969451,0
8283,0,389.92,386.243,1.009521,0
8284,0,389.92,386.243,1.009521,0
8285,0,257.389,257.495,0.999589,0
8286,0,257.389,257.495,0.999589,0
8287,0,1150.035,1158.728,0.992498,0
8288,0,1150.035,1158.728,0.992498,0
8289,0,286.569,289.682,0.989254,0
8290,0,286.569,289.682,0.989254,0
8291,0,404.661,402.336,1.005779,0
8292,0,404.661,402.336,1.005779,0
8293,0,600.215,595.457,1.007991,0
8294,0,600.215,595.457,1.007991,0
8295,0,348.118,354.056,0.98323,0
8296,0,348.118,354.056,0.98323,0
8297,0,641.008,643.738,0.995759,0
8298,0,641.008,643.738,0.995759,0
8299,0,441.549,434.523,1.01617,0
8300,0,441.549,434.523,1.01617,0
8301,0,305.722,305.775,0.999826,0
8302,0,305.722,305.775,0.999826,0
8303,0,317.829,321.869,0.987449,0
8304,0,317.829,321.869,0.987449,0
8305,0,426.701,418.429,1.019768,0
8306,0,426.701,418.429,1.019768,0
8307,0,504.904,498.897,1.012041,0
8308,0,504.904,498.897,1.012041,0
8309,0,687.596,692.018,0.993609,0
8310,0,687.596,692.018,0.993609,0
8311,0,548.665,547.177,1.00272,0
8312,0,548.665,547.177,1.00272,0
8313,0,401.748,402.336,0.998538,0
8314,0,401.748,402.336,0.998538,0
8315,0,1019.804,1013.887,1.005836,0
8316,0,1019.804,1013.887,1.005836,0
8317,0,429.958,434.523,0.989494,0
8318,0,429.958,434.523,0.989494,0
8319,0,190.706,193.121,0.987496,0
8320,0,190.706,193.121,0.987496,0
8321,0,714.864,724.205,0.987102,0
8322,0,714.864,724.205,0.987102,0
8323,0,652.59,659.831,0.989026,0
8324,0,652.59,659.831,0.989026,0
8325,0,286.731,289.682,0.989813,0
8326,0,286.731,289.682,0.989813,0
8327,0,70.803,64.374,1.099877,0
8328,0,70.803,64.374,1.099877,0
8329,0,1138.646,1190.915,0.956111,0
8330,0,1138.646,1190.915,0.956111,0
8331,0,963.235,965.606,0.997544,0
8332,0,963.235,965.606,0.997544,0
8333,0,162.409,160.934,1.009164,0
8334,0,162.409,160.934,1.009164,0
8335,0,649.789,643.738,1.0094,0
8336,0,649.789,643.738,1.0094,0
8337,0,70.876,64.374,1.101014,0
8338,0,70.876,64.374,1.101014,0
8339,0,417.207,418.429,0.997078,0
8340,0,417.207,418.429,0.997078,0
8341,0,1075.485,1078.26,0.997426,0
8342,0,1075.485,1078.26,0.997426,0
8343,0,1352.729,1351.849,1.000651,0
8344,0,1352.729,1351.849,1.000651,0
8345,0,913.139,933.42,0.978273,0
8346,0,913.139,933.42,0.978273,0
8347,0,777.034,804.672,0.965653,0
8348,0,777.034,804.672,0.965653,0
8349,0,1192.378,1223.101,0.97488,0
8350,0,1192.378,1223.101,0.97488,0
8351,0,563.245,563.27,0.999955,0
8352,0,563.245,563.27,0.999955,0
8353,0,1105.732,1207.008,0.916093,0
8354,0,1105.732,1207.008,0.916093,0
8355,0,469.133,466.71,1.005192,0
8356,0,469.133,466.71,1.005192,0
8357,0,486.416,498.897,0.974984,0
8358,0,486.416,498.897,0.974984,0
8359,0,579.868,579.364,1.00087,0
8360,0,579.868,579.364,1.00087,0
8361,0,402.667,402.336,1.000822,0
8362,0,402.667,402.336,1.000822,0
8363,0,389.567,386.243,1.008608,0
8364,0,389.567,386.243,1.008608,0
8365,0,448.301,450.616,0.994861,0
8366,0,448.301,450.616,0.994861,0
8367,0,511.358,514.99,0.992947,0
8368,0,511.358,514.99,0.992947,0
8369,0,1409.766,1416.223,0.995441,0
8370,0,1409.766,1416.223,0.995441,0
8371,0,674.0,675.924,0.997153,0
8372,0,674.0,675.924,0.997153,0
8373,0,408.226,402.336,1.01464,0
8374,0,408.226,402.336,1.01464,0
8375,0,493.224,498.897,0.988629,0
8376,0,493.224,498.897,0.988629,0
8377,0,154.648,160.934,0.96094,0
8378,0,154.648,160.934,0.96094,0
8379,0,32.578,32.187,1.012144,0
8380,0,32.578,32.187,1.012144,0
8381,0,40.793,48.28,0.84493,0
8382,0,40.793,48.28,0.84493,0
8383,0,40.91,48.28,0.847352,0
8384,0,40.91,48.28,0.847352,0
8385,0,88.073,80.467,1.094526,0
8386,0,88.073,80.467,1.094526,0
8387,0,103.486,96.561,1.071719,0
8388,0,103.486,96.561,1.071719,0
8389,0,120.542,112.654,1.070017,0
8390,0,120.542,112.654,1.070017,0
8391,0,140.537,144.841,0.970285,0
8392,0,140.537,144.841,0.970285,0
8393,0,86.944,80.467,1.080495,0
8394,0,86.944,80.467,1.080495,0
8395,0,660.776,659.831,1.001432,0
8396,0,660.776,659.831,1.001432,0
8397,0,139.409,144.841,0.962496,0
8398,0,139.409,144.841,0.962496,0
8399,0,104.292,112.654,0.925775,0
8400,0,104.292,112.654,0.925775,0
8401,0,706.769,836.859,0.84455,0
8402,0,706.769,836.859,0.84455,0
8403,0,1078.367,1078.26,1.000099,0
8404,0,1078.367,1078.26,1.000099,0
8405,0,837.404,869.046,0.96359,0
8406,0,837.404,869.046,0.96359,0
8407,0,263.808,257.495,1.024517,0
8408,0,263.808,257.495,1.024517,0
8409,0,487.684,482.803,1.010109,0
8410,0,487.684,482.803,1.010109,0
8411,0,1311.285,1303.569,1.00592,0
8412,0,1311.285,1303.569,1.00592,0
8413,0,1055.214,1078.26,0.978627,0
8414,0,1055.214,1078.26,0.978627,0
8415,0,67.18,64.374,1.04359,0
8416,0,67.18,64.374,1.04359,0
8417,0,155.37,160.934,0.965426,0
8418,0,155.37,160.934,0.965426,0
8419,0,519.3,531.084,0.977813,0
8420,0,519.3,531.084,0.977813,0
8421,0,760.478,772.485,0.984456,0
8422,0,760.478,772.485,0.984456,0
8423,0,1340.765,1367.942,0.980133,0
8424,0,1340.765,1367.942,0.980133,0
8425,0,752.986,788.579,0.954864,0
8426,0,752.986,788.579,0.954864,0
8427,0,48.704,48.28,1.008773,0
8428,0,48.704,48.28,1.008773,0
8429,0,48.439,48.28,1.003293,0
8430,0,48.439,48.28,1.003293,0
8431,0,53.035,48.28,1.098471,0
8432,0,53.035,48.28,1.098471,0
8433,0,704.051,724.205,0.972171,0
8434,0,704.051,724.205,0.972171,0
8435,0,59.608,64.374,0.925961,0
8436,0,59.608,64.374,0.925961,0
8437,0,225.359,225.308,1.000227,0
8438,0,225.359,225.308,1.000227,0
8439,0,684.444,740.298,0.924552,0
8440,0,684.444,740.298,0.924552,0
8441,0,35.205,32.187,1.093782,0
8442,0,35.205,32.187,1.093782,0
8443,0,47.208,48.28,0.977793,0
8444,0,47.208,48.28,0.977793,0
8445,0,52.259,48.28,1.082411,0
8446,0,52.259,48.28,1.082411,0
8447,0,1056.205,1062.167,0.994387,0
8448,0,1056.205,1062.167,0.994387,0
8449,0,252.864,257.495,0.982015,0
8450,0,252.864,257.495,0.982015,0
8451,0,1701.177,1754.185,0.969782,0
8452,0,1701.177,1754.185,0.969782,0
8453,0,593.099,595.457,0.996039,0
8454,0,593.099,595.457,0.996039,0
8455,0,1961.923,2076.054,0.945025,0
8456,0,1961.923,2076.054,0.945025,0
8457,0,1324.708,1351.849,0.979923,0
8458,0,1324.708,1351.849,0.979923,0
8459,0,141.529,144.841,0.977131,0
8460,0,141.529,144.841,0.977131,0
8461,0,54.863,48.28,1.136344,0
8462,0,54.863,48.28,1.136344,0
8463,0,90.75,96.561,0.939828,0
8464,0,90.75,96.561,0.939828,0
8465,0,40.352,48.28,0.835777,0
8466,0,40.352,48.28,0.835777,0
8467,0,782.002,804.672,0.971827,0
8468,0,782.002,804.672,0.971827,0
8469,0,85.511,80.467,1.06268,0
8470,0,85.511,80.467,1.06268,0
8471,0,263.679,257.495,1.024017,0
8472,0,263.679,257.495,1.024017,0
8473,0,118.527,112.654,1.052132,0
8474,0,118.527,112.654,1.052132,0
8475,0,965.772,965.606,1.000172,0
8476,0,965.772,965.606,1.000172,0
8477,0,1160.722,1158.728,1.001721,0
8478,0,1160.722,1158.728,1.001721,0
8479,0,1095.834,1094.354,1.001352,0
8480,0,1095.834,1094.354,1.001352,0
8481,0,1121.344,1174.821,0.954481,0
8482,0,1121.344,1174.821,0.954481,0
8483,0,745.824,756.392,0.986029,0
8484,0,745.824,756.392,0.986029,0
8485,0,308.872,305.775,1.010126,0
8486,0,308.872,305.775,1.010126,0
8487,0,823.18,836.859,0.983655,0
8488,0,823.18,836.859,0.983655,0
8489,0,582.114,595.457,0.977592,0
8490,0,582.114,595.457,0.977592,0
8491,0,468.301,466.71,1.003409,0
8492,0,468.301,466.71,1.003409,0
8493,0,1083.184,1078.26,1.004566,0
8494,0,1083.184,1078.26,1.004566,0
8495,0,1395.808,1544.97,0.903453,0
8496,0,1395.808,1544.97,0.903453,0
8497,0,835.869,917.326,0.911202,0
8498,0,835.869,917.326,0.911202,0
8499,0,548.405,547.177,1.002244,0
8500,0,548.405,547.177,1.002244,0
8501,0,1132.53,1174.821,0.964002,0
8502,0,1132.53,1174.821,0.964002,0
8503,0,1135.952,1158.728,0.980345,0
8504,0,1135.952,1158.728,0.980345,0
8505,0,466.026,466.71,0.998535,0
8506,0,466.026,466.71,0.998535,0
8507,0,1293.77,1287.475,1.004889,0
8508,0,1293.77,1287.475,1.004889,0
8509,0,1057.981,1062.167,0.996059,0
8510,0,1057.981,1062.167,0.996059,0
8511,0,1039.584,1029.98,1.009325,0
8512,0,1039.584,1029.98,1.009325,0
8513,0,2071.244,2172.614,0.953342,0
8514,0,2071.244,2172.614,0.953342,0
8515,0,599.787,595.457,1.007271,0
8516,0,599.787,595.457,1.007271,0
8517,0,1493.166,1593.251,0.937182,0
8518,0,1493.166,1593.251,0.937182,0
8519,0,531.322,836.859,0.634901,0
8520,0,531.322,836.859,0.634901,0
8521,0,1400.0,1416.223,0.988545,0
8522,0,1400.0,1416.223,0.988545,0
8523,0,1499.541,1577.157,0.950787,0
8524,0,1499.541,1577.157,0.950787,0
8525,0,783.745,788.579,0.99387,0
8526,0,783.745,788.579,0.99387,0
8527,0,409.897,418.429,0.979609,0
8528,0,409.897,418.429,0.979609,0
8529,0,1611.571,1721.998,0.935873,0
8530,0,1611.571,1721.998,0.935873,0
8531,0,1721.015,1963.4,0.876548,0
8532,0,1721.015,1963.4,0.876548,0
8533,0,424.317,418.429,1.014071,0
8534,0,424.317,418.429,1.014071,0
8535,0,357.776,354.056,1.010507,0
8536,0,357.776,354.056,1.010507,0
8537,0,1097.564,1094.354,1.002934,0
8538,0,1097.564,1094.354,1.002934,0
8539,0,65.387,64.374,1.015739,0
8540,0,65.387,64.374,1.015739,0
8541,0,1435.897,1721.998,0.833855,0
8542,0,1435.897,1721.998,0.833855,0
8543,0,142.657,144.841,0.98492,0
8544,0,142.657,144.841,0.98492,0
8545,0,1133.456,1174.821,0.96479,0
8546,0,1133.456,1174.821,0.96479,0
8547,0,189.992,193.121,0.983796,0
8548,0,189.992,193.121,0.983796,0
8549,0,881.407,1544.97,0.570501,0
8550,0,881.407,1544.97,0.570501,0
8551,0,1017.882,1029.98,0.988254,0
8552,0,1017.882,1029.98,0.988254,0
8553,0,496.61,498.897,0.995417,0
8554,0,496.61,498.897,0.995417,0
8555,0,368.066,370.149,0.994372,0
8556,0,368.066,370.149,0.994372,0
8557,0,547.77,547.177,1.001083,0
8558,0,547.77,547.177,1.001083,0
8559,0,216.583,209.215,1.035217,0
8560,0,216.583,209.215,1.035217,0
8561,0,34.027,32.187,1.057156,0
8562,0,34.027,32.187,1.057156,0
8563,0,70.393,64.374,1.09351,0
8564,0,70.393,64.374,1.09351,0
8565,0,254.057,257.495,0.986649,0
8566,0,254.057,257.495,0.986649,0
8567,0,72.495,64.374,1.126153,0
8568,0,72.495,64.374,1.126153,0
8569,0,365.704,370.149,0.987992,0
8570,0,365.704,370.149,0.987992,0
8571,0,122.144,128.748,0.948706,0
8572,0,122.144,128.748,0.948706,0
8573,0,40.095,32.187,1.245679,1
8574,0,40.095,32.187,1.245679,1
8575,0,69.131,64.374,1.073907,0
8576,0,69.131,64.374,1.073907,0
8577,0,543.851,547.177,0.993921,0
8578,0,543.851,547.177,0.993921,0
8579,0,976.476,981.7,0.994679,0
8580,0,976.476,981.7,0.994679,0
8581,0,969.113,965.606,1.003632,0
8582,0,969.113,965.606,1.003632,0
8583,0,882.094,885.139,0.996559,0
8584,0,882.094,885.139,0.996559,0
8585,0,502.346,498.897,1.006914,0
8586,0,502.346,498.897,1.006914,0
8587,0,1010.512,1013.887,0.996671,0
8588,0,1010.512,1013.887,0.996671,0
8589,0,40.135,32.187,1.246951,1
8590,0,40.135,32.187,1.246951,1
8591,0,331.259,337.962,0.980164,0
8592,0,331.259,337.962,0.980164,0
8593,0,742.192,740.298,1.002558,0
8594,0,742.192,740.298,1.002558,0
8595,0,418.467,418.429,1.000089,0
8596,0,418.467,418.429,1.000089,0
8597,0,286.911,289.682,0.990434,0
8598,0,286.911,289.682,0.990434,0
8599,0,332.507,337.962,0.98386,0
8600,0,332.507,337.962,0.98386,0
8601,0,1089.444,1094.354,0.995514,0
8602,0,1089.444,1094.354,0.995514,0
8603,0,275.414,273.588,1.006672,0
8604,0,275.414,273.588,1.006672,0
8605,0,418.011,418.429,0.999001,0
8606,0,418.011,418.429,0.999001,0
8607,0,259.649,257.495,1.008363,0
8608,0,259.649,257.495,1.008363,0
8609,0,416.144,418.429,0.994539,0
8610,0,416.144,418.429,0.994539,0
8611,0,1128.407,1126.541,1.001657,0
8612,0,1128.407,1126.541,1.001657,0
8613,0,733.013,724.205,1.012162,0
8614,0,733.013,724.205,1.012162,0
8615,0,1120.339,1190.915,0.940738,0
8616,0,1120.339,1190.915,0.940738,0
8617,0,2152.274,2301.362,0.935217,0
8618,0,2152.274,2301.362,0.935217,0
8619,0,1309.187,1384.036,0.94592,0
8620,0,1309.187,1384.036,0.94592,0
8621,0,316.225,321.869,0.982466,0
8622,0,316.225,321.869,0.982466,0
8623,0,1158.969,1158.728,1.000208,0
8624,0,1158.969,1158.728,1.000208,0
8625,0,541.587,547.177,0.989785,0
8626,0,541.587,547.177,0.989785,0
8627,0,43.153,48.28,0.893802,0
8628,0,43.153,48.28,0.893802,0
8629,0,31.668,32.187,0.983892,0
8630,0,31.668,32.187,0.983892,0
8631,0,23.186,16.093,1.440698,1
8632,0,23.186,16.093,1.440698,1
8633,0,24.078,16.093,1.49614,1
8634,0,24.078,16.093,1.49614,1
8635,0,19.683,16.093,1.223021,1
8636,0,19.683,16.093,1.223021,1
8637,0,45.154,48.28,0.935248,0
8638,0,45.154,48.28,0.935248,0
8639,0,28.264,32.187,0.87813,0
8640,0,28.264,32.187,0.87813,0
8641,0,329.763,337.962,0.975739,0
8642,0,329.763,337.962,0.975739,0
8643,0,599.183,692.018,0.865849,0
8644,0,599.183,692.018,0.865849,0
8645,0,260.87,257.495,1.013108,0
8646,0,260.87,257.495,1.013108,0
8647,0,488.582,498.897,0.979326,0
8648,0,488.582,498.897,0.979326,0
8649,0,91.584,96.561,0.948457,0
8650,0,91.584,96.561,0.948457,0
8651,0,76.229,80.467,0.947326,0
8652,0,76.229,80.467,0.947326,0
8653,0,938.832,933.42,1.005799,0
8654,0,938.832,933.42,1.005799,0
8655,0,391.119,386.243,1.012626,0
8656,0,391.119,386.243,1.012626,0
8657,0,467.955,466.71,1.002667,0
8658,0,467.955,466.71,1.002667,0
8659,0,610.905,611.551,0.998944,0
8660,0,610.905,611.551,0.998944,0
8661,0,1134.325,1142.634,0.992728,0
8662,0,1134.325,1142.634,0.992728,0
8663,0,3328.175,3604.931,0.923229,0
8664,0,3328.175,3604.931,0.923229,0
8665,0,1550.919,1561.064,0.993501,0
8666,0,1550.919,1561.064,0.993501,0
8667,0,855.113,852.952,1.002533,0
8668,0,855.113,852.952,1.002533,0
8669,0,287.299,289.682,0.991772,0
8670,0,287.299,289.682,0.991772,0
8671,0,662.328,659.831,1.003785,0
8672,0,662.328,659.831,1.003785,0
8673,0,322.088,321.869,1.000682,0
8674,0,322.088,321.869,1.000682,0
8675,0,975.782,981.7,0.993972,0
8676,0,975.782,981.7,0.993972,0
8677,0,912.035,917.326,0.994232,0
8678,0,912.035,917.326,0.994232,0
8679,0,586.791,595.457,0.985447,0
8680,0,586.791,595.457,0.985447,0
8681,0,3948.897,4055.547,0.973703,0
8682,0,3948.897,4055.547,0.973703,0
8683,0,1382.983,1416.223,0.97653,0
8684,0,1382.983,1416.223,0.97653,0
8685,0,272.251,273.588,0.995113,0
8686,0,272.251,273.588,0.995113,0
8687,0,2178.1,2253.082,0.96672,0
8688,0,2178.1,2253.082,0.96672,0
8689,0,664.775,659.831,1.007493,0
8690,0,664.775,659.831,1.007493,0
8691,0,1465.42,1528.877,0.958495,0
8692,0,1465.42,1528.877,0.958495,0
8693,0,629.207,643.738,0.977427,0
8694,0,629.207,643.738,0.977427,0
8695,0,164.657,160.934,1.023133,0
8696,0,164.657,160.934,1.023133,0
8697,1,948.597,949.513,0.999035,0
8698,1,948.597,949.513,0.999035,0
8699,0,1887.775,1899.026,0.994076,0
8700,0,1887.775,1899.026,0.994076,0
8701,0,1375.881,1512.783,0.909503,0
8702,0,1375.881,1512.783,0.909503,0
8703,0,410.682,402.336,1.020745,0
8704,0,410.682,402.336,1.020745,0
8705,0,670.906,772.485,0.868504,0
8706,0,670.906,772.485,0.868504,0
8707,0,2790.514,2800.259,0.99652,0
8708,0,2790.514,2800.259,0.99652,0
8709,0,520.62,514.99,1.010932,0
8710,0,520.62,514.99,1.010932,0
8711,0,2387.29,2478.39,0.963242,0
8712,0,2387.29,2478.39,0.963242,0
8713,0,1003.666,1013.887,0.989919,0
8714,0,1003.666,1013.887,0.989919,0
8715,1,1926.71,1931.213,0.997668,0
8716,1,1926.71,1931.213,0.997668,0
8717,0,701.279,708.111,0.990352,0
8718,0,701.279,708.111,0.990352,0
8719,0,1577.155,1577.157,0.999999,0
8720,0,1577.155,1577.157,0.999999,0
8721,0,2414.252,2414.016,1.000098,0
8722,0,2414.252,2414.016,1.000098,0
8723,0,2035.057,2043.867,0.99569,0
8724,0,2035.057,2043.867,0.99569,0
8725,0,1394.013,1400.129,0.995632,0
8726,0,1394.013,1400.129,0.995632,0
8727,0,241.661,241.402,1.001076,0
8728,0,241.661,241.402,1.001076,0
8729,0,549.817,547.177,1.004824,0
8730,0,549.817,547.177,1.004824,0
8731,0,718.264,724.205,0.991797,0
8732,0,718.264,724.205,0.991797,0
8733,0,963.307,965.606,0.997619,0
8734,0,963.307,965.606,0.997619,0
8735,0,220.508,225.308,0.978694,0
8736,0,220.508,225.308,0.978694,0
8737,0,611.568,611.551,1.000028,0
8738,0,611.568,611.551,1.000028,0
8739,0,1976.235,1979.493,0.998354,0
8740,0,1976.235,1979.493,0.998354,0
8741,0,1182.298,1190.915,0.992765,0
8742,0,1182.298,1190.915,0.992765,0
8743,0,553.8,547.177,1.012103,0
8744,0,553.8,547.177,1.012103,0
8745,0,1238.328,1239.195,0.999301,0
8746,0,1238.328,1239.195,0.999301,0
8747,0,378.062,386.243,0.97882,0
8748,0,378.062,386.243,0.97882,0
8749,0,1764.887,1786.372,0.987973,0
8750,0,1764.887,1786.372,0.987973,0
8751,0,272.256,273.588,0.995131,0
8752,0,272.256,273.588,0.995131,0
8753,1,764.272,772.485,0.989368,0
8754,1,764.272,772.485,0.989368,0
8755,0,71.77,64.374,1.114888,0
8756,0,71.77,64.374,1.114888,0
8757,0,159.915,160.934,0.993664,0
8758,0,159.915,160.934,0.993664,0
8759,0,232.597,225.308,1.03235,0
8760,0,232.597,225.308,1.03235,0
8761,0,193.244,193.121,1.000633,0
8762,0,193.244,193.121,1.000633,0
8763,0,202.095,209.215,0.96597,0
8764,0,202.095,209.215,0.96597,0
8765,0,801.686,804.672,0.99629,0
8766,0,801.686,804.672,0.99629,0
8767,0,166.057,160.934,1.031829,0
8768,0,166.057,160.934,1.031829,0
8769,0,385.743,386.243,0.998707,0
8770,0,385.743,386.243,0.998707,0
8771,0,897.853,901.233,0.99625,0
8772,0,897.853,901.233,0.99625,0
8773,0,584.456,579.364,1.00879,0
8774,0,584.456,579.364,1.00879,0
8775,0,1544.057,1705.905,0.905125,0
8776,0,1544.057,1705.905,0.905125,0
8777,0,480.245,482.803,0.994702,0
8778,0,480.245,482.803,0.994702,0
8779,0,332.788,337.962,0.98469,0
8780,0,332.788,337.962,0.98469,0
8781,0,901.091,917.326,0.982302,0
8782,0,901.091,917.326,0.982302,0
8783,0,730.772,740.298,0.987132,0
8784,0,730.772,740.298,0.987132,0
8785,0,866.149,885.139,0.978546,0
8786,0,866.149,885.139,0.978546,0
8787,0,531.322,531.084,1.00045,0
8788,0,531.322,531.084,1.00045,0
8789,0,2371.139,2381.829,0.995512,0
8790,0,2371.139,2381.829,0.995512,0
8791,0,667.557,675.924,0.987621,0
8792,0,667.557,675.924,0.987621,0
8793,0,1181.678,1190.915,0.992244,0
8794,0,1181.678,1190.915,0.992244,0
8795,0,624.655,627.644,0.995238,0
8796,0,624.655,627.644,0.995238,0
8797,0,791.243,804.672,0.983311,0
8798,0,791.243,804.672,0.983311,0
8799,0,174.323,177.028,0.984718,0
8800,0,174.323,177.028,0.984718,0
8801,0,412.136,418.429,0.984958,0
8802,0,412.136,418.429,0.984958,0
8803,0,1123.576,1174.821,0.95638,0
8804,0,1123.576,1174.821,0.95638,0
8805,0,475.819,466.71,1.019518,0
8806,0,475.819,466.71,1.019518,0
8807,0,381.921,386.243,0.988811,0
8808,0,381.921,386.243,0.988811,0
8809,0,1590.8,1609.344,0.988477,0
8810,0,1590.8,1609.344,0.988477,0
8811,0,85.688,80.467,1.064884,0
8812,0,85.688,80.467,1.064884,0
8813,0,1685.512,1689.811,0.997456,0
8814,0,1685.512,1689.811,0.997456,0
8815,0,1648.416,1786.372,0.922773,0
8816,0,1648.416,1786.372,0.922773,0
8817,0,138.435,144.841,0.955776,0
8818,0,138.435,144.841,0.955776,0
8819,0,182.61,177.028,1.031533,0
8820,0,182.61,177.028,1.031533,0
8821,0,209.933,209.215,1.003431,0
8822,0,209.933,209.215,1.003431,0
8823,0,92.418,96.561,0.957101,0
8824,0,92.418,96.561,0.957101,0
8825,0,113.841,112.654,1.010537,0
8826,0,113.841,112.654,1.010537,0
8827,0,211.789,209.215,1.012305,0
8828,0,211.789,209.215,1.012305,0
8829,0,137.901,144.841,0.952085,0
8830,0,219.291,225.308,0.973293,0
8831,0,219.291,225.308,0.973293,0
8832,0,218.763,225.308,0.97095,0
8833,0,218.763,225.308,0.97095,0
8834,0,194.042,193.121,1.004769,0
8835,0,235.033,241.402,0.973617,0
8836,0,235.033,241.402,0.973617,0
8837,0,118.671,112.654,1.053414,0
8838,0,118.671,112.654,1.053414,0
8839,0,216.498,209.215,1.034811,0
8840,0,175.949,177.028,0.993907,0
8841,0,175.949,177.028,0.993907,0
8842,0,105.35,112.654,0.935161,0
8843,0,105.35,112.654,0.935161,0
8844,0,220.233,225.308,0.977474,0
8845,0,220.233,225.308,0.977474,0
8846,0,154.754,160.934,0.961594,0
8847,0,216.706,209.215,1.035808,0
8848,0,216.706,209.215,1.035808,0
8849,0,109.154,112.654,0.96893,0
8850,0,109.154,112.654,0.96893,0
8851,0,260.322,257.495,1.01098,0
8852,0,260.322,257.495,1.01098,0
8853,0,136.515,128.748,1.060328,0
8854,0,136.515,128.748,1.060328,0
8855,0,135.704,128.748,1.054035,0
8856,0,247.801,241.402,1.026508,0
8857,0,247.801,241.402,1.026508,0
8858,0,92.2,96.561,0.95484,0
8859,0,92.2,96.561,0.95484,0
8860,0,103.422,96.561,1.071056,0
8861,0,103.422,96.561,1.071056,0
8862,0,120.387,112.654,1.06864,0
8863,0,120.387,112.654,1.06864,0
8864,0,187.768,193.121,0.972281,0
8865,0,187.768,193.121,0.972281,0
8866,0,114.54,112.654,1.016741,0
8867,0,114.54,112.654,1.016741,0
8868,0,117.8,112.654,1.045681,0
8869,0,117.8,112.654,1.045681,0
8870,0,134.377,128.748,1.043723,0
8871,0,128.118,128.748,0.995107,0
8872,0,128.118,128.748,0.995107,0
8873,0,101.045,96.561,1.046444,0
8874,0,101.045,96.561,1.046444,0
8875,0,107.461,112.654,0.953902,0
8876,0,138.761,144.841,0.958026,0
8877,0,138.761,144.841,0.958026,0
8878,0,213.295,209.215,1.019502,0
8879,0,213.295,209.215,1.019502,0
8880,0,214.636,209.215,1.025912,0
8881,0,214.636,209.215,1.025912,0
8882,0,104.502,96.561,1.082241,0
8883,0,104.502,96.561,1.082241,0
8884,0,111.259,112.654,0.987617,0
8885,0,111.259,112.654,0.987617,0
8886,0,176.788,177.028,0.998647,0
8887,0,176.788,177.028,0.998647,0
8888,0,135.41,128.748,1.051751,0
8889,0,135.41,128.748,1.051751,0
8890,0,135.604,128.748,1.053255,0
8891,0,135.604,128.748,1.053255,0
8892,0,107.466,112.654,0.953947,0
8893,0,107.466,112.654,0.953947,0
8894,0,207.391,209.215,0.991284,0
8895,0,207.391,209.215,0.991284,0
8896,0,29.451,32.187,0.915007,0
8897,0,29.451,32.187,0.915007,0
8898,0,235.394,241.402,0.975112,0
8899,0,235.394,241.402,0.975112,0
8900,0,151.943,144.841,1.049031,0
8901,0,151.943,144.841,1.049031,0
8902,0,235.44,241.402,0.975304,0
8903,0,235.44,241.402,0.975304,0
8904,0,142.269,144.841,0.982241,0
8905,0,142.269,144.841,0.982241,0
8906,0,133.779,128.748,1.039083,0
8907,0,133.779,128.748,1.039083,0
8908,0,171.252,177.028,0.967372,0
8909,0,140.259,144.841,0.968364,0
8910,0,140.259,144.841,0.968364,0
8911,0,242.846,241.402,1.005983,0
8912,0,242.846,241.402,1.005983,0
8913,0,133.759,128.748,1.038928,0
8914,0,133.759,128.748,1.038928,0
8915,0,111.523,112.654,0.989959,0
8916,0,111.523,112.654,0.989959,0
8917,0,135.375,128.748,1.051477,0
8918,0,135.375,128.748,1.051477,0
8919,0,114.555,112.654,1.016873,0
8920,0,114.555,112.654,1.016873,0
8921,0,107.853,112.654,0.957382,0
8922,0,107.853,112.654,0.957382,0
8923,0,227.604,225.308,1.01019,0
8924,0,227.604,225.308,1.01019,0
8925,0,221.545,225.308,0.983299,0
8926,0,221.545,225.308,0.983299,0
8927,0,211.017,209.215,1.008616,0
8928,0,211.017,209.215,1.008616,0
8929,0,225.161,225.308,0.999346,0
8930,0,225.161,225.308,0.999346,0
8931,0,366.575,370.149,0.990343,0
8932,0,366.575,370.149,0.990343,0
8933,0,513.188,514.99,0.996501,0
8934,0,513.188,514.99,0.996501,0
8935,0,89.613,96.561,0.928049,0
8936,0,89.613,96.561,0.928049,0
8937,0,195.526,193.121,1.012452,0
8938,0,195.526,193.121,1.012452,0
8939,0,357.254,354.056,1.009032,0
8940,0,357.254,354.056,1.009032,0
8941,0,502.325,498.897,1.006871,0
8942,0,502.325,498.897,1.006871,0
8943,0,312.361,321.869,0.97046,0
8944,0,312.361,321.869,0.97046,0
8945,0,430.48,434.523,0.990696,0
8946,0,430.48,434.523,0.990696,0
8947,0,184.259,177.028,1.040846,0
8948,0,184.259,177.028,1.040846,0
8949,0,236.1,241.402,0.978039,0
8950,0,236.1,241.402,0.978039,0
8951,0,639.12,643.738,0.992827,0
8952,0,639.12,643.738,0.992827,0
8953,0,505.666,514.99,0.981895,0
8954,0,505.666,514.99,0.981895,0
8955,0,738.069,740.298,0.996989,0
8956,0,738.069,740.298,0.996989,0
8957,0,387.341,386.243,1.002845,0
8958,0,387.341,386.243,1.002845,0
8959,0,296.197,289.682,1.022491,0
8960,0,296.197,289.682,1.022491,0
8961,0,562.668,579.364,0.971183,0
8962,0,562.668,579.364,0.971183,0
8963,0,312.221,321.869,0.970025,0
8964,0,312.221,321.869,0.970025,0
8965,0,612.183,611.551,1.001033,0
8966,0,612.183,611.551,1.001033,0
8967,0,530.081,531.084,0.998113,0
8968,0,530.081,531.084,0.998113,0
8969,0,484.274,482.803,1.003046,0
8970,0,484.274,482.803,1.003046,0
8971,0,868.628,869.046,0.99952,0
8972,0,868.628,869.046,0.99952,0
8973,0,521.048,531.084,0.981104,0
8974,0,521.048,531.084,0.981104,0
8975,0,373.764,370.149,1.009766,0
8976,0,373.764,370.149,1.009766,0
8977,0,199.147,193.121,1.0312,0
8978,0,199.147,193.121,1.0312,0
8979,0,252.704,257.495,0.981392,0
8980,0,252.704,257.495,0.981392,0
8981,0,276.448,273.588,1.010452,0
8982,0,276.448,273.588,1.010452,0
8983,0,75.18,80.467,0.934289,0
8984,0,75.18,80.467,0.934289,0
8985,0,362.558,354.056,1.024013,0
8986,0,362.558,354.056,1.024013,0
8987,0,209.992,209.215,1.003715,0
8988,0,209.992,209.215,1.003715,0
8989,0,332.288,337.962,0.98321,0
8990,0,332.288,337.962,0.98321,0
8991,0,1043.939,1046.074,0.99796,0
8992,0,1043.939,1046.074,0.99796,0
8993,0,1018.493,1013.887,1.004543,0
8994,0,1018.493,1013.887,1.004543,0
8995,0,228.112,225.308,1.012444,0
8996,0,228.112,225.308,1.012444,0
8997,0,507.488,514.99,0.985433,0
8998,0,507.488,514.99,0.985433,0
8999,0,264.898,257.495,1.028749,0
9000,0,264.898,257.495,1.028749,0
9001,0,38.574,32.187,1.198444,0
9002,0,38.574,32.187,1.198444,0
9003,0,483.521,498.897,0.96918,0
9004,0,483.521,498.897,0.96918,0
9005,0,104.293,96.561,1.080077,0
9006,0,104.293,96.561,1.080077,0
9007,0,560.167,563.27,0.99449,0
9008,0,560.167,563.27,0.99449,0
9009,0,492.479,498.897,0.987136,0
9010,0,492.479,498.897,0.987136,0
9011,0,333.883,337.962,0.98793,0
9012,0,333.883,337.962,0.98793,0
9013,0,237.226,241.402,0.982702,0
9014,0,237.226,241.402,0.982702,0
9015,0,128.048,128.748,0.994566,0
9016,0,128.048,128.748,0.994566,0
9017,0,275.925,273.588,1.008541,0
9018,0,275.925,273.588,1.008541,0
9019,0,484.304,482.803,1.003108,0
9020,0,484.304,482.803,1.003108,0
9021,0,477.685,482.803,0.9894,0
9022,0,477.685,482.803,0.9894,0
9023,0,247.342,241.402,1.024606,0
9024,0,247.342,241.402,1.024606,0
9025,0,113.424,112.654,1.00683,0
9026,0,113.424,112.654,1.00683,0
9027,0,647.559,643.738,1.005936,0
9028,0,647.559,643.738,1.005936,0
9029,0,230.299,225.308,1.02215,0
9030,0,230.299,225.308,1.02215,0
9031,0,71.477,64.374,1.110346,0
9032,0,71.477,64.374,1.110346,0
9033,0,104.434,96.561,1.08154,0
9034,0,104.434,96.561,1.08154,0
9035,0,59.118,64.374,0.918351,0
9036,0,59.118,64.374,0.918351,0
9037,0,487.128,498.897,0.97641,0
9038,0,487.128,498.897,0.97641,0
9039,0,189.351,193.121,0.980475,0
9040,0,189.351,193.121,0.980475,0
9041,0,199.128,193.121,1.031101,0
9042,0,199.128,193.121,1.031101,0
9043,0,189.972,193.121,0.983691,0
9044,0,189.972,193.121,0.983691,0
9045,0,213.927,209.215,1.022523,0
9046,0,213.927,209.215,1.022523,0
9047,0,126.553,128.748,0.982956,0
9048,0,126.553,128.748,0.982956,0
9049,0,316.873,321.869,0.98448,0
9050,0,316.873,321.869,0.98448,0
9051,0,233.761,225.308,1.037518,0
9052,0,233.761,225.308,1.037518,0
9053,0,177.691,177.028,1.003747,0
9054,0,177.691,177.028,1.003747,0
9055,0,246.414,257.495,0.956967,0
9056,0,246.414,257.495,0.956967,0
9057,0,252.643,257.495,0.981158,0
9058,0,252.643,257.495,0.981158,0
9059,0,325.876,321.869,1.012449,0
9060,0,325.876,321.869,1.012449,0
9061,0,235.045,241.402,0.973669,0
9062,0,235.045,241.402,0.973669,0
9063,0,212.324,209.215,1.014862,0
9064,0,212.324,209.215,1.014862,0
9065,0,488.979,514.99,0.949491,0
9066,0,488.979,514.99,0.949491,0
9067,0,157.914,160.934,0.98123,0
9068,0,157.914,160.934,0.98123,0
9069,0,175.868,177.028,0.99345,0
9070,0,175.868,177.028,0.99345,0
9071,0,275.778,273.588,1.008004,0
9072,0,275.778,273.588,1.008004,0
9073,0,45.494,48.28,0.942279,0
9074,0,45.494,48.28,0.942279,0
9075,0,228.333,225.308,1.013424,0
9076,0,228.333,225.308,1.013424,0
9077,0,69.073,64.374,1.073001,0
9078,0,69.073,64.374,1.073001,0
9079,0,386.087,386.243,0.999598,0
9080,0,386.087,386.243,0.999598,0
9081,0,367.499,370.149,0.992839,0
9082,0,367.499,370.149,0.992839,0
9083,0,140.509,144.841,0.970091,0
9084,0,140.509,144.841,0.970091,0
9085,0,538.986,547.177,0.98503,0
9086,0,538.986,547.177,0.98503,0
9087,0,131.332,128.748,1.020073,0
9088,0,131.332,128.748,1.020073,0
9089,0,506.115,498.897,1.014468,0
9090,0,506.115,498.897,1.014468,0
9091,0,190.934,193.121,0.988673,0
9092,0,190.934,193.121,0.988673,0
9093,0,302.674,305.775,0.989858,0
9094,0,302.674,305.775,0.989858,0
9095,0,209.945,209.215,1.00349,0
9096,0,209.945,209.215,1.00349,0
9097,0,143.295,144.841,0.989324,0
9098,0,143.295,144.841,0.989324,0
9099,0,134.721,128.748,1.0464,0
9100,0,134.721,128.748,1.0464,0
9101,0,371.482,370.149,1.003601,0
9102,0,371.482,370.149,1.003601,0
9103,0,306.042,305.775,1.000872,0
9104,0,306.042,305.775,1.000872,0
9105,0,398.482,402.336,0.990422,0
9106,0,398.482,402.336,0.990422,0
9107,0,302.205,305.775,0.988323,0
9108,0,302.205,305.775,0.988323,0
9109,0,611.966,611.551,1.000679,0
9110,0,611.966,611.551,1.000679,0
9111,0,422.11,418.429,1.008796,0
9112,0,422.11,418.429,1.008796,0
9113,0,481.564,482.803,0.997432,0
9114,0,481.564,482.803,0.997432,0
9115,0,113.018,112.654,1.003234,0
9116,0,113.018,112.654,1.003234,0
9117,0,426.388,434.523,0.981278,0
9118,0,426.388,434.523,0.981278,0
9119,0,247.434,241.402,1.024989,0
9120,0,247.434,241.402,1.024989,0
9121,0,352.626,354.056,0.995961,0
9122,0,352.626,354.056,0.995961,0
9123,0,230.787,225.308,1.024315,0
9124,0,230.787,225.308,1.024315,0
9125,0,155.592,160.934,0.966804,0
9126,0,155.592,160.934,0.966804,0
9127,0,457.894,466.71,0.98111,0
9128,0,457.894,466.71,0.98111,0
9129,0,569.207,675.924,0.842116,0
9130,0,569.207,675.924,0.842116,0
9131,0,230.518,225.308,1.023124,0
9132,0,230.518,225.308,1.023124,0
9133,0,236.191,241.402,0.978415,0
9134,0,236.191,241.402,0.978415,0
9135,0,572.293,579.364,0.987795,0
9136,0,572.293,579.364,0.987795,0
9137,0,185.87,193.121,0.96245,0
9138,0,185.87,193.121,0.96245,0
9139,0,238.583,241.402,0.988322,0
9140,0,238.583,241.402,0.988322,0
9141,0,268.43,273.588,0.981145,0
9142,0,268.43,273.588,0.981145,0
9143,0,233.007,225.308,1.034171,0
9144,0,233.007,225.308,1.034171,0
9145,0,258.178,257.495,1.002652,0
9146,0,258.178,257.495,1.002652,0
9147,0,974.787,981.7,0.992958,0
9148,0,974.787,981.7,0.992958,0
9149,0,86.988,80.467,1.081032,0
9150,0,86.988,80.467,1.081032,0
9151,0,90.528,96.561,0.937528,0
9152,0,90.528,96.561,0.937528,0
9153,0,172.28,177.028,0.973179,0
9154,0,172.28,177.028,0.973179,0
9155,0,731.618,740.298,0.988274,0
9156,0,731.618,740.298,0.988274,0
9157,0,576.144,611.551,0.942103,0
9158,0,576.144,611.551,0.942103,0
9159,0,644.821,643.738,1.001684,0
9160,0,644.821,643.738,1.001684,0
9161,0,1296.513,1303.569,0.994587,0
9162,0,1296.513,1303.569,0.994587,0
9163,0,147.503,144.841,1.018381,0
9164,0,147.503,144.841,1.018381,0
9165,0,1085.84,1303.569,0.832975,0
9166,0,1085.84,1303.569,0.832975,0
9167,0,379.025,386.243,0.981313,0
9168,0,379.025,386.243,0.981313,0
9169,0,622.374,627.644,0.991604,0
9170,0,622.374,627.644,0.991604,0
9171,0,90.634,96.561,0.938622,0
9172,0,90.634,96.561,0.938622,0
9173,0,1021.967,1094.354,0.933854,0
9174,0,1021.967,1094.354,0.933854,0
9175,0,712.461,708.111,1.006142,0
9176,0,712.461,708.111,1.006142,0
9177,0,364.457,370.149,0.984622,0
9178,0,364.457,370.149,0.984622,0
9179,0,1208.145,1271.382,0.950262,0
9180,0,1208.145,1271.382,0.950262,0
9181,0,741.265,772.485,0.959584,0
9182,0,741.265,772.485,0.959584,0
9183,0,260.458,257.495,1.011506,0
9184,0,260.458,257.495,1.011506,0
9185,0,110.585,112.654,0.981635,0
9186,0,110.585,112.654,0.981635,0
9187,0,262.408,257.495,1.019081,0
9188,0,262.408,257.495,1.019081,0
9189,0,507.575,514.99,0.985602,0
9190,0,507.575,514.99,0.985602,0
9191,0,279.76,273.588,1.022558,0
9192,0,279.76,273.588,1.022558,0
9193,0,216.587,225.308,0.961293,0
9194,0,216.587,225.308,0.961293,0
9195,0,357.923,354.056,1.010923,0
9196,0,357.923,354.056,1.010923,0
9197,0,151.421,144.841,1.045427,0
9198,0,151.421,144.841,1.045427,0
9199,0,102.913,96.561,1.065784,0
9200,0,102.913,96.561,1.065784,0
9201,0,1720.092,1786.372,0.962897,0
9202,0,1720.092,1786.372,0.962897,0
9203,0,516.283,531.084,0.972131,0
9204,0,516.283,531.084,0.972131,0
9205,0,113.22,112.654,1.005022,0
9206,0,113.22,112.654,1.005022,0
9207,0,591.981,611.551,0.968,0
9208,0,591.981,611.551,0.968,0
9209,0,317.269,321.869,0.98571,0
9210,0,317.269,321.869,0.98571,0
9211,0,529.667,547.177,0.967999,0
9212,0,529.667,547.177,0.967999,0
9213,0,38.107,32.187,1.183937,0
9214,0,38.107,32.187,1.183937,0
9215,0,770.049,772.485,0.996846,0
9216,0,770.049,772.485,0.996846,0
9217,0,746.138,756.392,0.986443,0
9218,0,746.138,756.392,0.986443,0
9219,0,681.538,692.018,0.984856,0
9220,0,681.538,692.018,0.984856,0
9221,0,312.153,321.869,0.969815,0
9222,0,312.153,321.869,0.969815,0
9223,0,211.975,209.215,1.013192,0
9224,0,211.975,209.215,1.013192,0
9225,0,261.411,257.495,1.01521,0
9226,0,261.411,257.495,1.01521,0
9227,0,135.162,128.748,1.049825,0
9228,0,135.162,128.748,1.049825,0
9229,0,748.061,756.392,0.988986,0
9230,0,748.061,756.392,0.988986,0
9231,0,786.526,836.859,0.939855,0
9232,0,786.526,836.859,0.939855,0
9233,0,538.403,531.084,1.013783,0
9234,0,538.403,531.084,1.013783,0
9235,0,336.14,337.962,0.994609,0
9236,0,336.14,337.962,0.994609,0
9237,0,241.704,241.402,1.001254,0
9238,0,241.704,241.402,1.001254,0
9239,0,617.281,627.644,0.983489,0
9240,0,617.281,627.644,0.983489,0
9241,0,509.608,514.99,0.989549,0
9242,0,509.608,514.99,0.989549,0
9243,0,245.599,241.402,1.017387,0
9244,0,245.599,241.402,1.017387,0
9245,0,745.898,740.298,1.007564,0
9246,0,745.898,740.298,1.007564,0
9247,0,562.78,563.27,0.99913,0
9248,0,562.78,563.27,0.99913,0
9249,0,278.721,273.588,1.018759,0
9250,0,278.721,273.588,1.018759,0
9251,0,1098.68,1142.634,0.961532,0
9252,0,1098.68,1142.634,0.961532,0
9253,0,906.785,901.233,1.006161,0
9254,0,906.785,901.233,1.006161,0
9255,0,1004.691,1013.887,0.99093,0
9256,0,1004.691,1013.887,0.99093,0
9257,0,536.468,531.084,1.010139,0
9258,0,536.468,531.084,1.010139,0
9259,0,901.917,901.233,1.00076,0
9260,0,901.917,901.233,1.00076,0
9261,0,93.807,96.561,0.971479,0
9262,0,93.807,96.561,0.971479,0
9263,0,134.679,128.748,1.04607,0
9264,0,134.679,128.748,1.04607,0
9265,0,600.119,595.457,1.00783,0
9266,0,600.119,595.457,1.00783,0
9267,0,307.075,305.775,1.004249,0
9268,0,307.075,305.775,1.004249,0
9269,0,276.567,273.588,1.010887,0
9270,0,276.567,273.588,1.010887,0
9271,0,957.749,949.513,1.008674,0
9272,0,957.749,949.513,1.008674,0
9273,0,177.601,177.028,1.00324,0
9274,0,177.601,177.028,1.00324,0
9275,0,201.96,209.215,0.965325,0
9276,0,201.96,209.215,0.965325,0
9277,0,826.153,820.765,1.006563,0
9278,0,826.153,820.765,1.006563,0
9279,0,51.122,48.28,1.058856,0
9280,0,51.122,48.28,1.058856,0
9281,0,1137.727,1126.541,1.00993,0
9282,0,1137.727,1126.541,1.00993,0
9283,0,400.776,402.336,0.996122,0
9284,0,400.776,402.336,0.996122,0
9285,0,313.722,305.775,1.02599,0
9286,0,313.722,305.775,1.02599,0
9287,0,90.938,96.561,0.941773,0
9288,0,90.938,96.561,0.941773,0
9289,0,428.692,450.616,0.951346,0
9290,0,428.692,450.616,0.951346,0
9291,0,1408.376,1480.596,0.951222,0
9292,0,1408.376,1480.596,0.951222,0
9293,0,133.628,128.748,1.037908,0
9294,0,133.628,128.748,1.037908,0
9295,0,115.774,112.654,1.027696,0
9296,0,115.774,112.654,1.027696,0
9297,0,43.438,48.28,0.899709,0
9298,0,43.438,48.28,0.899709,0
9299,0,100.396,96.561,1.039716,0
9300,0,100.396,96.561,1.039716,0
9301,0,94.332,96.561,0.976919,0
9302,0,94.332,96.561,0.976919,0
9303,0,37.495,32.187,1.16493,0
9304,0,37.495,32.187,1.16493,0
9305,0,535.657,531.084,1.008611,0
9306,0,535.657,531.084,1.008611,0
9307,0,30.869,32.187,0.959055,0
9308,0,30.869,32.187,0.959055,0
9309,0,602.109,611.551,0.984561,0
9310,0,602.109,611.551,0.984561,0
9311,0,251.582,257.495,0.977036,0
9312,0,251.582,257.495,0.977036,0
9313,0,284.234,289.682,0.981195,0
9314,0,284.234,289.682,0.981195,0
9315,0,53.303,48.28,1.104041,0
9316,0,53.303,48.28,1.104041,0
9317,0,277.6,273.588,1.014664,0
9318,0,277.6,273.588,1.014664,0
9319,0,68.302,64.374,1.061023,0
9320,0,68.302,64.374,1.061023,0
9321,0,2487.009,2623.231,0.948071,0
9322,0,2487.009,2623.231,0.948071,0
9323,0,1816.446,1963.4,0.925154,0
9324,0,1816.446,1963.4,0.925154,0
9325,0,755.378,788.579,0.957899,0
9326,0,755.378,788.579,0.957899,0
9327,0,653.645,708.111,0.923082,0
9328,0,653.645,708.111,0.923082,0
9329,0,481.274,482.803,0.996833,0
9330,0,481.274,482.803,0.996833,0
9331,0,250.883,257.495,0.97432,0
9332,0,250.883,257.495,0.97432,0
9333,0,1009.341,1078.26,0.936083,0
9334,0,1009.341,1078.26,0.936083,0
9335,0,116.629,112.654,1.035288,0
9336,0,116.629,112.654,1.035288,0
9337,0,159.117,160.934,0.988706,0
9338,0,159.117,160.934,0.988706,0
9339,0,54.587,48.28,1.130616,0
9340,0,54.587,48.28,1.130616,0
9341,0,89.462,96.561,0.926482,0
9342,0,89.462,96.561,0.926482,0
9343,0,82.456,80.467,1.024718,0
9344,0,82.456,80.467,1.024718,0
9345,0,223.568,225.308,0.992277,0
9346,0,223.568,225.308,0.992277,0
9347,0,114.324,112.654,1.014827,0
9348,0,114.324,112.654,1.014827,0
9349,0,23.212,16.093,1.44232,1
9350,0,23.212,16.093,1.44232,1
9351,0,119.096,112.654,1.057179,0
9352,0,119.096,112.654,1.057179,0
9353,0,139.936,144.841,0.966135,0
9354,0,139.936,144.841,0.966135,0
9355,0,26.484,32.187,0.822823,0
9356,0,26.484,32.187,0.822823,0
9357,0,145.651,144.841,1.005595,0
9358,0,145.651,144.841,1.005595,0
9359,0,83.27,80.467,1.034836,0
9360,0,83.27,80.467,1.034836,0
9361,0,96.602,96.561,1.000425,0
9362,0,96.602,96.561,1.000425,0
9363,0,51.182,48.28,1.0601,0
9364,0,51.182,48.28,1.0601,0
9365,0,334.446,337.962,0.989595,0
9366,0,334.446,337.962,0.989595,0
9367,0,358.993,386.243,0.92945,0
9368,0,358.993,386.243,0.92945,0
9369,0,232.685,225.308,1.03274,0
9370,0,232.685,225.308,1.03274,0
9371,0,205.695,209.215,0.983176,0
9372,0,205.695,209.215,0.983176,0
9373,0,921.009,981.7,0.938177,0
9374,0,921.009,981.7,0.938177,0
9375,0,426.522,434.523,0.981588,0
9376,0,426.522,434.523,0.981588,0
9377,0,274.714,273.588,1.004114,0
9378,0,274.714,273.588,1.004114,0
9379,0,188.611,193.121,0.976644,0
9380,0,188.611,193.121,0.976644,0
9381,0,99.209,96.561,1.027428,0
9382,0,99.209,96.561,1.027428,0
9383,0,489.635,482.803,1.014151,0
9384,0,489.635,482.803,1.014151,0
9385,0,139.186,144.841,0.960959,0
9386,0,139.186,144.841,0.960959,0
9387,0,394.487,386.243,1.021345,0
9388,0,394.487,386.243,1.021345,0
9389,0,857.822,869.046,0.987085,0
9390,0,857.822,869.046,0.987085,0
9391,0,109.777,112.654,0.974462,0
9392,0,109.777,112.654,0.974462,0
9393,0,953.652,965.606,0.987619,0
9394,0,953.652,965.606,0.987619,0
9395,0,274.49,289.682,0.947556,0
9396,0,274.49,289.682,0.947556,0
9397,0,898.87,933.42,0.962986,0
9398,0,898.87,933.42,0.962986,0
9399,0,652.092,643.738,1.012978,0
9400,0,652.092,643.738,1.012978,0
9401,0,219.762,225.308,0.975384,0
9402,0,219.762,225.308,0.975384,0
9403,0,1207.012,1223.101,0.986846,0
9404,0,1207.012,1223.101,0.986846,0
9405,0,1007.645,1013.887,0.993843,0
9406,0,1007.645,1013.887,0.993843,0
9407,0,113.769,112.654,1.009896,0
9408,0,113.769,112.654,1.009896,0
9409,0,405.583,402.336,1.008071,0
9410,0,405.583,402.336,1.008071,0
9411,0,346.294,354.056,0.978078,0
9412,0,346.294,354.056,0.978078,0
9413,0,312.293,337.962,0.924046,0
9414,0,312.293,337.962,0.924046,0
9415,0,429.092,482.803,0.888751,0
9416,0,429.092,482.803,0.888751,0
9417,0,254.849,257.495,0.989723,0
9418,0,259.332,257.495,1.007132,0
9419,0,73.92,80.467,0.918638,0
9420,0,73.608,80.467,0.914753,0
9421,0,95.939,96.561,0.993563,0
9422,0,136.011,128.748,1.056419,0
9423,0,252.429,257.495,0.980324,0
9424,0,242.528,241.402,1.004665,0
9425,0,219.019,225.308,0.972087,0
9426,0,219.019,225.308,0.972087,0
9427,0,654.471,692.018,0.945743,0
9428,0,654.471,692.018,0.945743,0
9429,0,631.728,627.644,1.006507,0
9430,0,631.728,627.644,1.006507,0
9431,0,1062.713,1271.382,0.835872,0
9432,0,1062.713,1271.382,0.835872,0
9433,0,379.295,386.243,0.982013,0
9434,0,379.295,386.243,0.982013,0
9435,0,131.55,128.748,1.021766,0
9436,0,131.55,128.748,1.021766,0
9437,0,371.389,370.149,1.00335,0
9438,0,371.389,370.149,1.00335,0
9439,0,329.254,321.869,1.022943,0
9440,0,329.254,321.869,1.022943,0
9441,0,99.507,96.561,1.030516,0
9442,0,99.507,96.561,1.030516,0
9443,0,227.497,257.495,0.883502,0
9444,0,227.497,257.495,0.883502,0
9445,0,134.692,128.748,1.04617,0
9446,0,134.692,128.748,1.04617,0
9447,0,247.999,241.402,1.02733,0
9448,0,247.999,241.402,1.02733,0
9449,0,536.14,547.177,0.97983,0
9450,0,536.14,547.177,0.97983,0
9451,0,699.825,708.111,0.988297,0
9452,0,699.825,708.111,0.988297,0
9453,0,1023.551,1013.887,1.009532,0
9454,0,1023.551,1013.887,1.009532,0
9455,0,63.881,64.374,0.992348,0
9456,0,63.881,64.374,0.992348,0
9457,0,817.0,836.859,0.97627,0
9458,0,817.0,836.859,0.97627,0
9459,0,871.532,901.233,0.967044,0
9460,0,871.532,901.233,0.967044,0
9461,0,917.415,933.42,0.982854,0
9462,0,917.415,933.42,0.982854,0
9463,0,546.629,611.551,0.893841,0
9464,0,546.629,611.551,0.893841,0
9465,0,255.69,257.495,0.992991,0
9466,0,255.69,257.495,0.992991,0
9467,0,257.928,257.495,1.001681,0
9468,0,257.928,257.495,1.001681,0
9469,0,327.596,354.056,0.925268,0
9470,0,327.596,354.056,0.925268,0
9471,0,592.041,595.457,0.994262,0
9472,0,592.041,595.457,0.994262,0
9473,0,401.943,402.336,0.999022,0
9474,0,401.943,402.336,0.999022,0
9475,0,173.298,177.028,0.97893,0
9476,0,173.298,177.028,0.97893,0
9477,0,231.833,225.308,1.02896,0
9478,0,231.833,225.308,1.02896,0
9479,0,163.709,160.934,1.017244,0
9480,0,163.709,160.934,1.017244,0
9481,0,111.533,112.654,0.990045,0
9482,0,111.533,112.654,0.990045,0
9483,0,649.302,772.485,0.840536,0
9484,0,649.302,772.485,0.840536,0
9485,0,1166.725,1174.821,0.993108,0
9486,0,1166.725,1174.821,0.993108,0
9487,0,774.303,772.485,1.002353,0
9488,0,774.303,772.485,1.002353,0
9489,0,769.103,772.485,0.995621,0
9490,0,769.103,772.485,0.995621,0
9491,0,569.838,563.27,1.011659,0
9492,0,569.838,563.27,1.011659,0
9493,0,551.565,563.27,0.979218,0
9494,0,551.565,563.27,0.979218,0
9495,0,1192.301,1255.288,0.949822,0
9496,0,1192.301,1255.288,0.949822,0
9497,0,443.836,450.616,0.984952,0
9498,0,443.836,450.616,0.984952,0
9499,0,858.933,852.952,1.007011,0
9500,0,858.933,852.952,1.007011,0
9501,0,859.948,869.046,0.989531,0
9502,0,859.948,869.046,0.989531,0
9503,0,1438.729,1512.783,0.951047,0
9504,0,1438.729,1512.783,0.951047,0
9505,0,946.34,949.513,0.996659,0
9506,0,946.34,949.513,0.996659,0
9507,0,684.242,692.018,0.988763,0
9508,0,684.242,692.018,0.988763,0
9509,0,987.32,981.7,1.005725,0
9510,0,987.32,981.7,1.005725,0
9511,0,264.901,257.495,1.02876,0
9512,0,264.901,257.495,1.02876,0
9513,0,670.184,675.924,0.991508,0
9514,0,670.184,675.924,0.991508,0
9515,0,552.903,547.177,1.010465,0
9516,0,552.903,547.177,1.010465,0
9517,0,443.701,466.71,0.950701,0
9518,0,443.701,466.71,0.950701,0
9519,0,1251.041,1303.569,0.959704,0
9520,0,1251.041,1303.569,0.959704,0
9521,0,411.135,402.336,1.021869,0
9522,0,411.135,402.336,1.021869,0
9523,0,508.098,563.27,0.902049,0
9524,0,508.098,563.27,0.902049,0
9525,0,1231.829,1271.382,0.96889,0
9526,0,1231.829,1271.382,0.96889,0
9527,0,1013.602,1013.887,0.999719,0
9528,0,1013.602,1013.887,0.999719,0
9529,0,1211.066,1207.008,1.003362,0
9530,0,1211.066,1207.008,1.003362,0
9531,0,32.13,32.187,0.998243,0
9532,0,32.13,32.187,0.998243,0
9533,0,1091.224,1094.354,0.99714,0
9534,0,1091.224,1094.354,0.99714,0
9535,0,1227.204,1255.288,0.977627,0
9536,0,1227.204,1255.288,0.977627,0
9537,0,556.528,563.27,0.988031,0
9538,0,556.528,563.27,0.988031,0
9539,0,177.575,177.028,1.003094,0
9540,0,177.575,177.028,1.003094,0
9541,0,56.381,64.374,0.875835,0
9542,0,56.381,64.374,0.875835,0
9543,0,427.667,434.523,0.984222,0
9544,0,427.667,434.523,0.984222,0
9545,0,906.387,901.233,1.00572,0
9546,0,906.387,901.233,1.00572,0
9547,0,172.945,177.028,0.976934,0
9548,0,172.945,177.028,0.976934,0
9549,0,528.677,563.27,0.938584,0
9550,0,528.677,563.27,0.938584,0
9551,0,422.641,450.616,0.937918,0
9552,0,422.641,450.616,0.937918,0
9553,0,1513.179,1561.064,0.969326,0
9554,0,1513.179,1561.064,0.969326,0
9555,0,1166.42,1190.915,0.979432,0
9556,0,1166.42,1190.915,0.979432,0
9557,0,51.198,48.28,1.060441,0
9558,0,51.198,48.28,1.060441,0
9559,0,2017.482,2011.68,1.002884,0
9560,0,2017.482,2011.68,1.002884,0
9561,0,917.287,997.793,0.919315,0
9562,0,917.287,997.793,0.919315,0
9563,0,364.784,370.149,0.985505,0
9564,0,364.784,370.149,0.985505,0
9565,0,827.567,820.765,1.008287,0
9566,0,827.567,820.765,1.008287,0
9567,0,817.104,820.765,0.995539,0
9568,0,817.104,820.765,0.995539,0
9569,0,570.239,563.27,1.012371,0
9570,0,570.239,563.27,1.012371,0
9571,0,619.569,627.644,0.987134,0
9572,0,619.569,627.644,0.987134,0
9573,0,1115.953,1110.447,1.004958,0
9574,0,1115.953,1110.447,1.004958,0
9575,0,744.627,804.672,0.92538,0
9576,0,744.627,804.672,0.92538,0
9577,0,426.673,434.523,0.981934,0
9578,0,426.673,434.523,0.981934,0
9579,0,318.21,321.869,0.988633,0
9580,0,318.21,321.869,0.988633,0
9581,0,1043.052,1046.074,0.997111,0
9582,0,1043.052,1046.074,0.997111,0
9583,0,275.299,273.588,1.006252,0
9584,0,275.299,273.588,1.006252,0
9585,0,1963.199,2172.614,0.903611,0
9586,0,1963.199,2172.614,0.903611,0
9587,0,1050.889,1046.074,1.004604,0
9588,0,1050.889,1046.074,1.004604,0
9589,0,313.829,321.869,0.975021,0
9590,0,313.829,321.869,0.975021,0
9591,0,246.316,241.402,1.020359,0
9592,0,246.316,241.402,1.020359,0
9593,0,957.215,965.606,0.99131,0
9594,0,957.215,965.606,0.99131,0
9595,0,956.25,949.513,1.007095,0
9596,0,956.25,949.513,1.007095,0
9597,0,902.451,933.42,0.966822,0
9598,0,902.451,933.42,0.966822,0
9599,0,374.788,418.429,0.895703,0
9600,0,374.788,418.429,0.895703,0
9601,0,865.539,869.046,0.995965,0
9602,0,865.539,869.046,0.995965,0
9603,0,817.116,820.765,0.995554,0
9604,0,817.116,820.765,0.995554,0
9605,0,1349.002,1367.942,0.986154,0
9606,0,1349.002,1367.942,0.986154,0
9607,0,426.415,434.523,0.98134,0
9608,0,426.415,434.523,0.98134,0
9609,0,691.315,692.018,0.998984,0
9610,0,691.315,692.018,0.998984,0
9611,0,395.104,402.336,0.982024,0
9612,0,395.104,402.336,0.982024,0
9613,0,274.412,273.588,1.00301,0
9614,0,274.412,273.588,1.00301,0
9615,0,623.371,627.644,0.993191,0
9616,0,623.371,627.644,0.993191,0
9617,0,484.279,498.897,0.9707,0
9618,0,484.279,498.897,0.9707,0
9619,0,291.805,289.682,1.007329,0
9620,0,291.805,289.682,1.007329,0
9621,0,239.89,241.402,0.993739,0
9622,0,239.89,241.402,0.993739,0
9623,0,3699.849,3798.052,0.974144,0
9624,0,3699.849,3798.052,0.974144,0
9625,0,1426.254,1448.41,0.984704,0
9626,0,1426.254,1448.41,0.984704,0
9627,0,1202.432,1673.718,0.71842,0
9628,0,1202.432,1673.718,0.71842,0
9629,0,1201.092,1207.008,0.995098,0
9630,0,1201.092,1207.008,0.995098,0
9631,0,200.335,193.121,1.037351,0
9632,0,200.335,193.121,1.037351,0
9633,0,1506.862,1561.064,0.965279,0
9634,0,1506.862,1561.064,0.965279,0
9635,0,799.643,804.672,0.99375,0
9636,0,799.643,804.672,0.99375,0
9637,0,668.537,659.831,1.013194,0
9638,0,668.537,659.831,1.013194,0
9639,0,266.082,289.682,0.918533,0
9640,0,266.082,289.682,0.918533,0
9641,0,80.369,80.467,0.998783,0
9642,0,80.369,80.467,0.998783,0
9643,0,575.198,611.551,0.940557,0
9644,0,575.198,611.551,0.940557,0
9645,0,168.682,177.028,0.952856,0
9646,0,168.682,177.028,0.952856,0
9647,0,363.357,370.149,0.981651,0
9648,0,363.357,370.149,0.981651,0
9649,0,106.833,112.654,0.948331,0
9650,0,106.833,112.654,0.948331,0
9651,0,866.596,869.046,0.997182,0
9652,0,866.596,869.046,0.997182,0
9653,0,36.233,32.187,1.125707,0
9654,0,36.233,32.187,1.125707,0
9655,0,774.321,772.485,1.002376,0
9656,0,774.321,772.485,1.002376,0
9657,0,576.701,595.457,0.968501,0
9658,0,576.701,595.457,0.968501,0
9659,0,930.605,933.42,0.996985,0
9660,0,930.605,933.42,0.996985,0
9661,0,815.008,836.859,0.973889,0
9662,0,815.008,836.859,0.973889,0
9663,0,638.068,643.738,0.991192,0
9664,0,638.068,643.738,0.991192,0
9665,0,369.495,370.149,0.998233,0
9666,0,369.495,370.149,0.998233,0
9667,0,1245.559,1239.195,1.005135,0
9668,0,1245.559,1239.195,1.005135,0
9669,0,490.34,482.803,1.015611,0
9670,0,490.34,482.803,1.015611,0
9671,0,43.692,48.28,0.904966,0
9672,0,43.692,48.28,0.904966,0
9673,0,48.31,48.28,1.000625,0
9674,0,48.31,48.28,1.000625,0
9675,0,41.443,48.28,0.858381,0
9676,0,41.443,48.28,0.858381,0
9677,0,37.985,32.187,1.180141,0
9678,0,37.985,32.187,1.180141,0
9679,0,49.51,48.28,1.025464,0
9680,0,49.51,48.28,1.025464,0
9681,0,362.36,370.149,0.978956,0
9682,0,362.36,370.149,0.978956,0
9683,0,376.64,370.149,1.017537,0
9684,0,376.64,370.149,1.017537,0
9685,0,1103.408,1110.447,0.993661,0
9686,0,1103.408,1110.447,0.993661,0
9687,0,818.571,820.765,0.997326,0
9688,0,818.571,820.765,0.997326,0
9689,0,995.698,997.793,0.9979,0
9690,0,995.698,997.793,0.9979,0
9691,0,1098.225,1094.354,1.003537,0
9692,0,1098.225,1094.354,1.003537,0
9693,0,956.034,965.606,0.990087,0
9694,0,956.034,965.606,0.990087,0
9695,0,337.527,337.962,0.998713,0
9696,0,337.527,337.962,0.998713,0
9697,0,559.649,563.27,0.993571,0
9698,0,559.649,563.27,0.993571,0
9699,0,611.131,611.551,0.999313,0
9700,0,611.131,611.551,0.999313,0
9701,0,96.995,96.561,1.004503,0
9702,0,96.995,96.561,1.004503,0
9703,0,322.598,321.869,1.002264,0
9704,0,322.598,321.869,1.002264,0
9705,0,170.751,177.028,0.964545,0
9706,0,170.751,177.028,0.964545,0
9707,0,350.079,354.056,0.988769,0
9708,0,350.079,354.056,0.988769,0
9709,0,1021.633,1013.887,1.00764,0
9710,0,1021.633,1013.887,1.00764,0
9711,0,48.6,48.28,1.006618,0
9712,0,48.6,48.28,1.006618,0
9713,0,787.455,788.579,0.998575,0
9714,0,787.455,788.579,0.998575,0
9715,0,773.73,772.485,1.001611,0
9716,0,773.73,772.485,1.001611,0
9717,0,446.837,450.616,0.991613,0
9718,0,446.837,450.616,0.991613,0
9719,0,669.407,675.924,0.990357,0
9720,0,669.407,675.924,0.990357,0
9721,0,351.705,354.056,0.993361,0
9722,0,351.705,354.056,0.993361,0
9723,0,548.397,547.177,1.00223,0
9724,0,548.397,547.177,1.00223,0
9725,0,2638.153,2687.604,0.9816,0
9726,0,2638.153,2687.604,0.9816,0
9727,0,1611.833,1641.531,0.981908,0
9728,0,1611.833,1641.531,0.981908,0
9729,0,20.88,16.093,1.297415,1
9730,0,20.88,16.093,1.297415,1
9731,0,40.617,48.28,0.841283,0
9732,0,40.617,48.28,0.841283,0
9733,0,26.004,32.187,0.807905,0
9734,0,26.004,32.187,0.807905,0
9735,0,431.135,434.523,0.992204,0
9736,0,159.077,160.934,0.988456,0
9737,0,61.566,64.374,0.956387,0
9738,0,170.818,177.028,0.964922,0
9739,0,243.063,241.402,1.006884,0
9740,0,237.122,241.402,0.982271,0
9741,0,681.144,708.111,0.961917,0
9742,0,681.144,708.111,0.961917,0
9743,0,1543.756,1544.97,0.999214,0
9744,0,1543.756,1544.97,0.999214,0
9745,0,1398.87,1400.129,0.999101,0
9746,0,1398.87,1400.129,0.999101,0
9747,0,1507.666,1528.877,0.986127,0
9748,0,1507.666,1528.877,0.986127,0
9749,0,241.696,241.402,1.001219,0
9750,0,241.696,241.402,1.001219,0
9751,0,3046.543,3202.595,0.951274,0
9752,0,3046.543,3202.595,0.951274,0
9753,0,4263.318,4377.416,0.973935,0
9754,0,4263.318,4377.416,0.973935,0
9755,0,2437.349,2478.39,0.983441,0
9756,0,2437.349,2478.39,0.983441,0
9757,0,3724.647,3894.612,0.956359,0
9758,0,3724.647,3894.612,0.956359,0
9759,1,5713.886,5825.825,0.980786,0
9760,1,5713.886,5825.825,0.980786,0
9761,0,1627.066,1657.624,0.981565,0
9762,0,1627.066,1657.624,0.981565,0
9763,0,987.896,997.793,0.990081,0
9764,0,987.896,997.793,0.990081,0
9765,0,1482.498,1496.69,0.990518,0
9766,0,1482.498,1496.69,0.990518,0
9767,0,647.726,643.738,1.006196,0
9768,0,647.726,643.738,1.006196,0
9769,0,1136.995,1158.728,0.981245,0
9770,0,1136.995,1158.728,0.981245,0
9771,0,517.899,514.99,1.005648,0
9772,0,517.899,514.99,1.005648,0
9773,0,638.168,643.738,0.991349,0
9774,0,638.168,643.738,0.991349,0
9775,0,983.664,981.7,1.002001,0
9776,0,983.664,981.7,1.002001,0
9777,0,870.129,885.139,0.983042,0
9778,0,870.129,885.139,0.983042,0
9779,0,872.705,869.046,1.00421,0
9780,0,872.705,869.046,1.00421,0
9781,0,690.13,692.018,0.997272,0
9782,0,690.13,692.018,0.997272,0
9783,0,1288.559,1303.569,0.988486,0
9784,0,1288.559,1303.569,0.988486,0
9785,0,1029.513,1029.98,0.999546,0
9786,0,1029.513,1029.98,0.999546,0
9787,1,848.991,852.952,0.995356,0
9788,1,848.991,852.952,0.995356,0
9789,0,1222.713,1255.288,0.97405,0
9790,0,1222.713,1255.288,0.97405,0
9791,0,267.399,273.588,0.977377,0
9792,0,267.399,273.588,0.977377,0
9793,0,437.182,466.71,0.936732,0
9794,0,437.182,466.71,0.936732,0
9795,0,413.85,418.429,0.989056,0
9796,0,413.85,418.429,0.989056,0
9797,0,1330.533,1335.756,0.99609,0
9798,0,1330.533,1335.756,0.99609,0
9799,0,238.525,241.402,0.988084,0
9800,0,238.525,241.402,0.988084,0
9801,0,409.802,402.336,1.018557,0
9802,0,409.802,402.336,1.018557,0
9803,0,792.228,788.579,1.004628,0
9804,0,792.228,788.579,1.004628,0
9805,0,382.001,386.243,0.989019,0
9806,0,382.001,386.243,0.989019,0
9807,0,739.718,740.298,0.999216,0
9808,0,739.718,740.298,0.999216,0
9809,0,648.477,675.924,0.959393,0
9810,0,648.477,675.924,0.959393,0
9811,0,253.888,257.495,0.985992,0
9812,0,253.888,257.495,0.985992,0
9813,0,218.332,225.308,0.969037,0
9814,0,218.332,225.308,0.969037,0
9815,0,122.529,128.748,0.951703,0
9816,0,122.529,128.748,0.951703,0
9817,0,246.288,241.402,1.020244,0
9818,0,246.288,241.402,1.020244,0
9819,0,1761.473,1770.278,0.995026,0
9820,0,1761.473,1770.278,0.995026,0
9821,0,1080.611,1094.354,0.987442,0
9822,0,1080.611,1094.354,0.987442,0
9823,0,928.009,933.42,0.994203,0
9824,0,928.009,933.42,0.994203,0
9825,0,1150.615,1158.728,0.992999,0
9826,0,1150.615,1158.728,0.992999,0
9827,0,2124.342,2140.428,0.992485,0
9828,0,2124.342,2140.428,0.992485,0
9829,0,1867.498,1931.213,0.967008,0
9830,0,1867.498,1931.213,0.967008,0
9831,0,804.09,804.672,0.999276,0
9832,0,804.09,804.672,0.999276,0
9833,0,1309.657,1303.569,1.004671,0
9834,0,1309.657,1303.569,1.004671,0
9835,0,1670.158,1673.718,0.997873,0
9836,0,1670.158,1673.718,0.997873,0
9837,0,1520.173,1528.877,0.994307,0
9838,0,1520.173,1528.877,0.994307,0
9839,0,497.251,498.897,0.996702,0
9840,0,497.251,498.897,0.996702,0
9841,0,594.462,595.457,0.998329,0
9842,0,594.462,595.457,0.998329,0
9843,0,816.951,820.765,0.995352,0
9844,0,816.951,820.765,0.995352,0
9845,0,2035.244,2027.773,1.003684,0
9846,0,2035.244,2027.773,1.003684,0
9847,0,1295.648,1287.475,1.006348,0
9848,0,1295.648,1287.475,1.006348,0
9849,0,281.138,289.682,0.970506,0
9850,0,281.138,289.682,0.970506,0
9851,0,732.824,740.298,0.989903,0
9852,0,732.824,740.298,0.989903,0
9853,0,284.998,289.682,0.98383,0
9854,0,284.998,289.682,0.98383,0
9855,0,245.952,241.402,1.018851,0
9856,0,245.952,241.402,1.018851,0
9857,0,1674.426,1673.718,1.000423,0
9858,0,1674.426,1673.718,1.000423,0
9859,0,2210.631,2220.895,0.995379,0
9860,0,2210.631,2220.895,0.995379,0
9861,0,1246.518,1239.195,1.00591,0
9862,0,1246.518,1239.195,1.00591,0
9863,0,2218.694,2220.895,0.999009,0
9864,0,2218.694,2220.895,0.999009,0
9865,0,100.906,96.561,1.045005,0
9866,0,100.906,96.561,1.045005,0
9867,0,610.387,611.551,0.998098,0
9868,0,610.387,611.551,0.998098,0
9869,0,2378.112,2381.829,0.998439,0
9870,0,2378.112,2381.829,0.998439,0
9871,0,889.864,885.139,1.005338,0
9872,0,889.864,885.139,1.005338,0
9873,0,414.667,418.429,0.991008,0
9874,0,414.667,418.429,0.991008,0
9875,0,233.129,241.402,0.965729,0
9876,0,233.129,241.402,0.965729,0
9877,0,110.441,112.654,0.980357,0
9878,0,110.441,112.654,0.980357,0
9879,0,943.94,949.513,0.99413,0
9880,0,943.94,949.513,0.99413,0
9881,0,675.354,675.924,0.999156,0
9882,0,675.354,675.924,0.999156,0
9883,1,172.95,177.028,0.976966,0
9884,1,172.95,177.028,0.976966,0
9885,0,79.146,80.467,0.983577,0
9886,0,79.146,80.467,0.983577,0
9887,0,1664.656,1657.624,1.004242,0
9888,0,1664.656,1657.624,1.004242,0
9889,1,460.087,466.71,0.985809,0
9890,1,460.087,466.71,0.985809,0
9891,0,847.75,852.952,0.9939,0
9892,0,847.75,852.952,0.9939,0
9893,0,2025.478,2059.96,0.983261,0
9894,0,2025.478,2059.96,0.983261,0
9895,0,772.807,788.579,0.98,0
9896,0,772.807,788.579,0.98,0
9897,0,4403.614,4393.509,1.0023,0
9898,0,4403.614,4393.509,1.0023,0
9899,0,320.622,354.056,0.905568,0
9900,0,320.622,354.056,0.905568,0
9901,0,1758.799,1786.372,0.984565,0
9902,0,1758.799,1786.372,0.984565,0
9903,0,866.835,869.046,0.997456,0
9904,0,866.835,869.046,0.997456,0
9905,0,1857.273,1866.839,0.994876,0
9906,0,1857.273,1866.839,0.994876,0
9907,0,891.567,1126.541,0.79142,0
9908,0,891.567,1126.541,0.79142,0
9909,0,1398.353,1625.437,0.860294,0
9910,0,1398.353,1625.437,0.860294,0
9911,0,1184.823,1190.915,0.994885,0
9912,0,1184.823,1190.915,0.994885,0
9913,0,1361.842,1705.905,0.798311,0
9914,0,1361.842,1705.905,0.798311,0
9915,0,922.135,933.42,0.98791,0
9916,0,922.135,933.42,0.98791,0
9917,0,1118.991,1158.728,0.965706,0
9918,0,1118.991,1158.728,0.965706,0
9919,0,637.55,692.018,0.921291,0
9920,0,637.55,692.018,0.921291,0
9921,0,486.018,482.803,1.00666,0
9922,0,486.018,482.803,1.00666,0
9923,0,104.867,112.654,0.930873,0
9924,0,104.867,112.654,0.930873,0
9925,0,584.986,579.364,1.009704,0
9926,0,584.986,579.364,1.009704,0
9927,0,1452.409,1496.69,0.970414,0
9928,0,1452.409,1496.69,0.970414,0
9929,0,110.865,112.654,0.984122,0
9930,0,110.865,112.654,0.984122,0
9931,0,591.501,611.551,0.967215,0
9932,0,591.501,611.551,0.967215,0
9933,0,471.104,466.71,1.009416,0
9934,0,471.104,466.71,1.009416,0
9935,0,85.202,80.467,1.058841,0
9936,0,85.202,80.467,1.058841,0
9937,0,2159.401,2253.082,0.958421,0
9938,0,2159.401,2253.082,0.958421,0
9939,0,2020.533,2011.68,1.004401,0
9940,0,2020.533,2011.68,1.004401,0
9941,0,2701.859,2719.791,0.993407,0
9942,0,2701.859,2719.791,0.993407,0
9943,0,456.35,450.616,1.012724,0
9944,0,456.35,450.616,1.012724,0
9945,0,1174.883,1174.821,1.000052,0
9946,0,1174.883,1174.821,1.000052,0
9947,0,1597.932,1593.251,1.002938,0
9948,0,1597.932,1593.251,1.002938,0
9949,0,1020.889,1029.98,0.991174,0
9950,0,1020.889,1029.98,0.991174,0
9951,0,599.272,595.457,1.006407,0
9952,0,599.272,595.457,1.006407,0
9953,0,2061.657,2059.96,1.000824,0
9954,0,2061.657,2059.96,1.000824,0
9955,0,1796.222,1802.465,0.996536,0
9956,0,1796.222,1802.465,0.996536,0
9957,0,809.341,804.672,1.005803,0
9958,0,809.341,804.672,1.005803,0
9959,0,728.279,724.205,1.005626,0
9960,0,728.279,724.205,1.005626,0
9961,0,191.747,193.121,0.992882,0
9962,0,191.747,193.121,0.992882,0
9963,0,1373.03,1367.942,1.003719,0
9964,0,1373.03,1367.942,1.003719,0
9965,0,1167.425,1190.915,0.980276,0
9966,0,1167.425,1190.915,0.980276,0
9967,0,1199.877,1207.008,0.994092,0
9968,0,1199.877,1207.008,0.994092,0
9969,0,2276.988,2591.044,0.878792,0
9970,0,2276.988,2591.044,0.878792,0
9971,0,1111.181,1174.821,0.94583,0
9972,0,1111.181,1174.821,0.94583,0
9973,0,653.966,675.924,0.967513,0
9974,0,653.966,675.924,0.967513,0
9975,0,991.6,997.793,0.993793,0
9976,0,991.6,997.793,0.993793,0
9977,0,2326.427,2349.642,0.99012,0
9978,0,2326.427,2349.642,0.99012,0
9979,0,2587.96,2591.044,0.99881,0
9980,0,2587.96,2591.044,0.99881,0
9981,0,2173.654,2333.549,0.93148,0
9982,0,2173.654,2333.549,0.93148,0
9983,0,459.477,466.71,0.984503,0
9984,0,459.477,466.71,0.984503,0
9985,1,950.63,949.513,1.001176,0
9986,1,950.63,949.513,1.001176,0
9987,0,2365.043,3508.37,0.674115,0
9988,0,2365.043,3508.37,0.674115,0
9989,0,1265.347,1351.849,0.936012,0
9990,0,1265.347,1351.849,0.936012,0
9991,0,2003.104,2076.054,0.964861,0
9992,0,2003.104,2076.054,0.964861,0
9993,0,958.751,965.606,0.992901,0
9994,0,958.751,965.606,0.992901,0
9995,0,4629.754,4699.284,0.985204,0
9996,0,4629.754,4699.284,0.985204,0
9997,0,1226.334,1351.849,0.907153,0
9998,0,1226.334,1351.849,0.907153,0
9999,0,639.757,643.738,0.993816,0
10000,0,639.757,643.738,0.993816,0
10001,0,1901.708,1899.026,1.001413,0
10002,0,1901.708,1899.026,1.001413,0
10003,0,638.299,643.738,0.991551,0
10004,0,638.299,643.738,0.991551,0
10005,0,1242.261,1239.195,1.002475,0
10006,0,1242.261,1239.195,1.002475,0
10007,0,1700.717,1721.998,0.987642,0
10008,0,1700.717,1721.998,0.987642,0
10009,0,1242.854,1271.382,0.977562,0
10010,0,1242.854,1271.382,0.977562,0
10011,0,1406.702,1480.596,0.950091,0
10012,0,1406.702,1480.596,0.950091,0
10013,0,581.569,579.364,1.003806,0
10014,0,581.569,579.364,1.003806,0
10015,0,1048.664,1046.074,1.002476,0
10016,0,1048.664,1046.074,1.002476,0
10017,0,59.727,64.374,0.927811,0
10018,0,59.727,64.374,0.927811,0
10019,0,6126.881,6598.31,0.928553,0
10020,0,6126.881,6598.31,0.928553,0
10021,0,1406.15,1416.223,0.992887,0
10022,0,1406.15,1416.223,0.992887,0
10023,0,1536.816,1577.157,0.974421,0
10024,0,1536.816,1577.157,0.974421,0
10025,0,1811.251,2108.241,0.859129,0
10026,0,1811.251,2108.241,0.859129,0
10027,0,1026.647,1029.98,0.996764,0
10028,0,1026.647,1029.98,0.996764,0
10029,0,775.617,772.485,1.004054,0
10030,0,775.617,772.485,1.004054,0
10031,0,690.941,692.018,0.998443,0
10032,0,690.941,692.018,0.998443,0
10033,0,2522.203,2510.577,1.004631,0
10034,0,2522.203,2510.577,1.004631,0
10035,0,818.089,820.765,0.996739,0
10036,0,818.089,820.765,0.996739,0
10037,0,1571.649,1577.157,0.996508,0
10038,0,1571.649,1577.157,0.996508,0
10039,0,2730.138,2800.259,0.974959,0
10040,0,2730.138,2800.259,0.974959,0
10041,0,1403.458,1432.316,0.979852,0
10042,0,1403.458,1432.316,0.979852,0
10043,0,530.322,531.084,0.998566,0
10044,0,530.322,531.084,0.998566,0
10045,0,1008.607,1013.887,0.994792,0
10046,0,1008.607,1013.887,0.994792,0
10047,0,271.569,273.588,0.99262,0
10048,0,271.569,273.588,0.99262,0
10049,0,84.223,80.467,1.046678,0
10050,0,84.223,80.467,1.046678,0
10051,0,1050.365,1046.074,1.004103,0
10052,0,1050.365,1046.074,1.004103,0
10053,0,2061.937,2124.334,0.970628,0
10054,0,2061.937,2124.334,0.970628,0
10055,0,1393.014,1384.036,1.006487,0
10056,0,1393.014,1384.036,1.006487,0
10057,0,1484.763,1512.783,0.981478,0
10058,0,1484.763,1512.783,0.981478,0
10059,0,46.291,48.28,0.958796,0
10060,0,46.291,48.28,0.958796,0
10061,0,1057.368,1062.167,0.995482,0
10062,0,1057.368,1062.167,0.995482,0
10063,0,1351.586,1351.849,0.999805,0
10064,0,1351.586,1351.849,0.999805,0
10065,0,1582.627,1593.251,0.993332,0
10066,0,1582.627,1593.251,0.993332,0
10067,0,51.283,48.28,1.062195,0
10068,0,51.283,48.28,1.062195,0
10069,0,631.891,627.644,1.006766,0
10070,0,631.891,627.644,1.006766,0
10071,0,1823.9,1979.493,0.921398,0
10072,0,1823.9,1979.493,0.921398,0
10073,0,2010.888,2092.147,0.96116,0
10074,0,2010.888,2092.147,0.96116,0
10075,0,1091.481,1384.036,0.788622,0
10076,0,1091.481,1384.036,0.788622,0
10077,0,1153.995,1158.728,0.995915,0
10078,0,1153.995,1158.728,0.995915,0
10079,0,742.317,740.298,1.002727,0
10080,0,742.317,740.298,1.002727,0
10081,0,1535.621,1577.157,0.973664,0
10082,0,1535.621,1577.157,0.973664,0
10083,0,1653.261,1657.624,0.997368,0
10084,0,1653.261,1657.624,0.997368,0
10085,0,2254.044,2639.324,0.854023,0
10086,0,2254.044,2639.324,0.854023,0
10087,0,1802.103,1866.839,0.965323,0
10088,0,1802.103,1866.839,0.965323,0
10089,0,1966.188,1995.587,0.985268,0
10090,0,1966.188,1995.587,0.985268,0
10091,0,1330.697,1319.662,1.008362,0
10092,0,1330.697,1319.662,1.008362,0
10093,0,660.205,659.831,1.000567,0
10094,0,660.205,659.831,1.000567,0
10095,0,1024.512,1029.98,0.994691,0
10096,0,1024.512,1029.98,0.994691,0
10097,0,503.498,498.897,1.009223,0
10098,0,503.498,498.897,1.009223,0
10099,0,659.738,659.831,0.999859,0
10100,0,659.738,659.831,0.999859,0
10101,0,934.444,933.42,1.001097,0
10102,0,934.444,933.42,1.001097,0
10103,0,1691.96,1754.185,0.964528,0
10104,0,1691.96,1754.185,0.964528,0
10105,0,1402.308,1400.129,1.001556,0
10106,0,1402.308,1400.129,1.001556,0
10107,1,157.694,160.934,0.979863,0
10108,1,157.694,160.934,0.979863,0
10109,0,41.025,48.28,0.849723,0
10110,0,41.025,48.28,0.849723,0
10111,0,1362.491,1384.036,0.984433,0
10112,0,1362.491,1384.036,0.984433,0
10113,0,142.244,144.841,0.982072,0
10114,0,142.244,144.841,0.982072,0
10115,0,1295.204,1319.662,0.981466,0
10116,0,1295.204,1319.662,0.981466,0
10117,0,144.069,144.841,0.994671,0
10118,0,144.069,144.841,0.994671,0
10119,0,2315.414,2397.923,0.965591,0
10120,0,2315.414,2397.923,0.965591,0
10121,0,192.003,193.121,0.994209,0
10122,0,192.003,193.121,0.994209,0
10123,0,389.325,386.243,1.00798,0
10124,0,389.325,386.243,1.00798,0
10125,0,345.213,337.962,1.021453,0
10126,0,345.213,337.962,1.021453,0
10127,0,628.763,627.644,1.001783,0
10128,0,628.763,627.644,1.001783,0
10129,0,672.081,675.924,0.994314,0
10130,0,672.081,675.924,0.994314,0
10131,0,1533.002,1528.877,1.002698,0
10132,0,1533.002,1528.877,1.002698,0
10133,0,1815.386,1818.559,0.998255,0
10134,0,1815.386,1818.559,0.998255,0
10135,0,1880.398,1882.932,0.998654,0
10136,0,1880.398,1882.932,0.998654,0
10137,0,306.439,305.775,1.002171,0
10138,0,306.439,305.775,1.002171,0
10139,0,1359.053,1367.942,0.993502,0
10140,0,1359.053,1367.942,0.993502,0
10141,0,1377.664,1367.942,1.007107,0
10142,0,1377.664,1367.942,1.007107,0
10143,0,5379.25,7531.73,0.714212,0
10144,0,5379.25,7531.73,0.714212,0
10145,0,895.695,901.233,0.993856,0
10146,0,895.695,901.233,0.993856,0
10147,0,959.282,965.606,0.99345,0
10148,0,959.282,965.606,0.99345,0
10149,0,1539.195,1577.157,0.97593,0
10150,0,1539.195,1577.157,0.97593,0
10151,0,985.256,981.7,1.003623,0
10152,0,985.256,981.7,1.003623,0
10153,0,2038.626,2027.773,1.005352,0
10154,0,2038.626,2027.773,1.005352,0
10155,0,1361.735,1367.942,0.995462,0
10156,0,1361.735,1367.942,0.995462,0
10157,0,1298.062,1303.569,0.995775,0
10158,0,1298.062,1303.569,0.995775,0
10159,0,894.249,901.233,0.992251,0
10160,0,894.249,901.233,0.992251,0
10161,0,1936.921,1931.213,1.002956,0
10162,0,1936.921,1931.213,1.002956,0
10163,0,3344.599,3331.342,1.00398,0
10164,0,3344.599,3331.342,1.00398,0
10165,0,1198.923,1223.101,0.980232,0
10166,0,1198.923,1223.101,0.980232,0
10167,0,1829.908,1866.839,0.980217,0
10168,0,1829.908,1866.839,0.980217,0
10169,0,2168.508,2671.511,0.811716,0
10170,0,2168.508,2671.511,0.811716,0
10171,0,1144.248,1142.634,1.001413,0
10172,0,1144.248,1142.634,1.001413,0
10173,0,1314.058,1319.662,0.995754,0
10174,0,1314.058,1319.662,0.995754,0
10175,0,730.819,724.205,1.009132,0
10176,0,730.819,724.205,1.009132,0
10177,0,2554.249,2558.857,0.998199,0
10178,0,2554.249,2558.857,0.998199,0
10179,0,1413.9,1416.223,0.99836,0
10180,0,1413.9,1416.223,0.99836,0
10181,0,588.488,595.457,0.988297,0
10182,0,588.488,595.457,0.988297,0
10183,0,3342.86,3460.09,0.966119,0
10184,0,3342.86,3460.09,0.966119,0
10185,0,2064.946,2204.801,0.936568,0
10186,0,2064.946,2204.801,0.936568,0
10187,0,1865.107,1866.839,0.999072,0
10188,0,1865.107,1866.839,0.999072,0
10189,0,653.389,659.831,0.990237,0
10190,0,653.389,659.831,0.990237,0
10191,0,77.288,80.467,0.960487,0
10192,0,97.068,96.561,1.005259,0
10193,0,140.374,144.841,0.96916,0
10194,0,225.703,225.308,1.001752,0
10195,0,271.817,273.588,0.993525,0
10196,0,151.926,144.841,1.048919,0
10197,0,58.667,64.374,0.911355,0
10198,0,34.576,32.187,1.074239,0
10199,0,50.104,48.28,1.037763,0
10200,0,213.253,209.215,1.019303,0
10201,0,120.843,112.654,1.072692,0
10202,0,119.891,112.654,1.064242,0
10203,0,334.879,337.962,0.990877,0
10204,0,334.879,337.962,0.990877,0
10205,0,98.198,96.561,1.016959,0
10206,0,98.198,96.561,1.016959,0
10207,0,134.234,128.748,1.042612,0
10208,0,134.234,128.748,1.042612,0
10209,0,87.302,80.467,1.084943,0
10210,0,87.302,80.467,1.084943,0
10211,0,217.699,209.215,1.040552,0
10212,0,431.92,434.523,0.994009,0
10213,0,105.192,112.654,0.933764,0
10214,0,114.784,112.654,1.018904,0
10215,0,130.738,128.748,1.015463,0
10216,0,130.738,128.748,1.015463,0
10217,0,87.706,80.467,1.089959,0
10218,0,110.154,112.654,0.977805,0
10219,0,116.305,112.654,1.03241,0
10220,0,130.474,128.748,1.01341,0
10221,0,178.281,177.028,1.007079,0
10222,0,89.588,96.561,0.927787,0
10223,0,54.108,48.28,1.120699,0
10224,0,35.473,32.187,1.1021,0
10225,0,252.598,257.495,0.980983,0
10226,0,166.95,160.934,1.037382,0
10227,0,125.372,128.748,0.973779,0
10228,0,298.052,305.775,0.974741,0
10229,0,4914.601,5101.62,0.963341,0
10230,0,4914.601,5101.62,0.963341,0
10231,0,2284.763,2317.455,0.985893,0
10232,0,2284.763,2317.455,0.985893,0
10233,0,1527.57,1561.064,0.978544,0
10234,0,1527.57,1561.064,0.978544,0
10235,0,50.173,48.28,1.039208,0
10236,0,99.893,96.561,1.034509,0
10237,0,206.496,209.215,0.987005,0
10238,0,223.193,225.308,0.990611,0
10239,0,223.193,225.308,0.990611,0
10240,0,119.054,112.654,1.056807,0
10241,0,119.054,112.654,1.056807,0
10242,0,33.402,32.187,1.037749,0
10243,0,33.402,32.187,1.037749,0
10244,0,69.654,64.374,1.082026,0
10245,0,69.654,64.374,1.082026,0
10246,0,72.425,80.467,0.90005,0
10247,0,72.425,80.467,0.90005,0
10248,0,72.518,80.467,0.901216,0
10249,0,72.518,80.467,0.901216,0
10250,0,26.51,32.187,0.823642,0
10251,0,26.51,32.187,0.823642,0
10252,0,124.524,128.748,0.967192,0
10253,0,124.524,128.748,0.967192,0
10254,0,101.4,96.561,1.05012,0
10255,0,101.4,96.561,1.05012,0
10256,0,113.823,112.654,1.010379,0
10257,0,113.823,112.654,1.010379,0
10258,0,98.554,96.561,1.020648,0
10259,0,98.554,96.561,1.020648,0
10260,0,137.358,144.841,0.948339,0
10261,0,137.358,144.841,0.948339,0
10262,0,139.015,144.841,0.959779,0
10263,0,139.015,144.841,0.959779,0
10264,0,141.167,144.841,0.974632,0
10265,0,141.167,144.841,0.974632,0
10266,0,122.1,128.748,0.948367,0
10267,0,122.1,128.748,0.948367,0
10268,0,243.349,257.495,0.945064,0
10269,0,243.349,257.495,0.945064,0
10270,0,113.195,112.654,1.004803,0
10271,0,113.195,112.654,1.004803,0
10272,0,116.672,112.654,1.035664,0
10273,0,116.672,112.654,1.035664,0
10274,0,98.303,96.561,1.018041,0
10275,0,98.303,96.561,1.018041,0
10276,0,239.968,241.402,0.99406,0
10277,0,239.968,241.402,0.99406,0
10278,0,238.868,241.402,0.989503,0
10279,0,238.868,241.402,0.989503,0
10280,0,409.697,402.336,1.018297,0
10281,0,409.697,402.336,1.018297,0
10282,0,250.489,257.495,0.972793,0
10283,0,250.489,257.495,0.972793,0
10284,0,117.824,112.654,1.045896,0
10285,0,117.824,112.654,1.045896,0
10286,0,175.004,177.028,0.98857,0
10287,0,175.004,177.028,0.98857,0
10288,0,241.387,241.402,0.999939,0
10289,0,241.387,241.402,0.999939,0
10290,0,108.346,112.654,0.961756,0
10291,0,108.346,112.654,0.961756,0
10292,0,149.889,144.841,1.034854,0
10293,0,149.889,144.841,1.034854,0
10294,0,194.893,193.121,1.009173,0
10295,0,194.893,193.121,1.009173,0
10296,0,248.762,241.402,1.03049,0
10297,0,248.762,241.402,1.03049,0
10298,0,232.197,225.308,1.030574,0
10299,0,232.197,225.308,1.030574,0
10300,0,117.408,112.654,1.0422,0
10301,0,117.408,112.654,1.0422,0
10302,0,246.768,241.402,1.022232,0
10303,0,246.768,241.402,1.022232,0
10304,0,237.595,241.402,0.98423,0
10305,0,237.595,241.402,0.98423,0
10306,0,21.811,16.093,1.355283,1
10307,0,21.811,16.093,1.355283,1
10308,0,307.914,305.775,1.006995,0
10309,0,307.914,305.775,1.006995,0
10310,0,74.197,80.467,0.922078,0
10311,0,74.197,80.467,0.922078,0
10312,0,59.892,64.374,0.930377,0
10313,0,153.711,160.934,0.955116,0
10314,0,153.711,160.934,0.955116,0
10315,0,63.171,64.374,0.98132,0
10316,0,63.171,64.374,0.98132,0
10317,0,69.51,64.374,1.079788,0
10318,0,69.51,64.374,1.079788,0
10319,0,107.257,112.654,0.952092,0
10320,0,107.257,112.654,0.952092,0
10321,0,64.425,64.374,1.000793,0
10322,0,64.425,64.374,1.000793,0
10323,0,79.564,80.467,0.988781,0
10324,0,79.564,80.467,0.988781,0
10325,0,53.526,48.28,1.10865,0
10326,0,53.526,48.28,1.10865,0
10327,0,211.443,209.215,1.010651,0
10328,0,211.443,209.215,1.010651,0
10329,0,278.575,273.588,1.018228,0
10330,0,278.575,273.588,1.018228,0
10331,0,180.612,177.028,1.020246,0
10332,0,180.612,177.028,1.020246,0
10333,0,143.535,144.841,0.990983,0
10334,0,143.535,144.841,0.990983,0
10335,0,47.671,48.28,0.987385,0
10336,0,47.671,48.28,0.987385,0
10337,0,59.034,64.374,0.917055,0
10338,0,59.034,64.374,0.917055,0
10339,0,175.445,177.028,0.991061,0
10340,0,175.445,177.028,0.991061,0
10341,0,72.094,64.374,1.119936,0
10342,0,72.094,64.374,1.119936,0
10343,0,93.882,96.561,0.972262,0
10344,0,93.882,96.561,0.972262,0
10345,0,480.349,514.99,0.932735,0
10346,0,480.349,514.99,0.932735,0
10347,0,42.319,48.28,0.876523,0
10348,0,42.319,48.28,0.876523,0
10349,0,111.363,112.654,0.988538,0
10350,0,111.363,112.654,0.988538,0
10351,0,57.945,64.374,0.900138,0
10352,0,57.945,64.374,0.900138,0
10353,0,117.011,112.654,1.038678,0
10354,0,117.011,112.654,1.038678,0
10355,0,187.306,193.121,0.969886,0
10356,0,187.306,193.121,0.969886,0
10357,0,45.279,48.28,0.937832,0
10358,0,45.279,48.28,0.937832,0
10359,0,109.337,112.654,0.970552,0
10360,0,109.337,112.654,0.970552,0
10361,0,197.431,209.215,0.943677,0
10362,0,197.431,209.215,0.943677,0
10363,0,449.912,450.616,0.998437,0
10364,0,449.912,450.616,0.998437,0
10365,0,341.484,337.962,1.010421,0
10366,0,341.484,337.962,1.010421,0
10367,0,57.739,64.374,0.896927,0
10368,0,57.739,64.374,0.896927,0
10369,0,203.425,209.215,0.972328,0
10370,0,203.425,209.215,0.972328,0
10371,0,785.238,788.579,0.995763,0
10372,0,785.238,788.579,0.995763,0
10373,0,698.289,708.111,0.986129,0
10374,0,698.289,708.111,0.986129,0
10375,0,215.472,209.215,1.029907,0
10376,0,215.472,209.215,1.029907,0
10377,0,411.581,418.429,0.983634,0
10378,0,411.581,418.429,0.983634,0
10379,0,403.703,402.336,1.003399,0
10380,0,403.703,402.336,1.003399,0
10381,0,288.246,289.682,0.995042,0
10382,0,288.246,289.682,0.995042,0
10383,0,107.758,112.654,0.956538,0
10384,0,107.758,112.654,0.956538,0
10385,0,904.06,917.326,0.985539,0
10386,0,904.06,917.326,0.985539,0
10387,0,214.757,209.215,1.02649,0
10388,0,214.757,209.215,1.02649,0
10389,0,354.845,354.056,1.002229,0
10390,0,354.845,354.056,1.002229,0
10391,0,150.967,144.841,1.042294,0
10392,0,150.967,144.841,1.042294,0
10393,0,397.248,402.336,0.987355,0
10394,0,397.248,402.336,0.987355,0
10395,0,318.7,321.869,0.990156,0
10396,0,318.7,321.869,0.990156,0
10397,0,116.011,112.654,1.0298,0
10398,0,116.011,112.654,1.0298,0
10399,0,134.189,128.748,1.042266,0
10400,0,134.189,128.748,1.042266,0
10401,0,269.214,273.588,0.984012,0
10402,0,269.214,273.588,0.984012,0
10403,0,232.859,225.308,1.033513,0
10404,0,232.859,225.308,1.033513,0
10405,0,153.378,160.934,0.953047,0
10406,0,153.378,160.934,0.953047,0
10407,0,113.384,112.654,1.006481,0
10408,0,113.384,112.654,1.006481,0
10409,0,175.898,177.028,0.993616,0
10410,0,175.898,177.028,0.993616,0
10411,0,255.951,257.495,0.994003,0
10412,0,255.951,257.495,0.994003,0
10413,0,433.562,434.523,0.997789,0
10414,0,433.562,434.523,0.997789,0
10415,0,173.722,177.028,0.981325,0
10416,0,173.722,177.028,0.981325,0
10417,0,212.061,209.215,1.013605,0
10418,0,212.061,209.215,1.013605,0
10419,0,44.443,48.28,0.920515,0
10420,0,44.443,48.28,0.920515,0
10421,0,467.694,466.71,1.00211,0
10422,0,467.694,466.71,1.00211,0
10423,0,104.74,96.561,1.084705,0
10424,0,104.74,96.561,1.084705,0
10425,0,395.082,402.336,0.981971,0
10426,0,395.082,402.336,0.981971,0
10427,0,407.633,402.336,1.013165,0
10428,0,407.633,402.336,1.013165,0
10429,0,331.673,337.962,0.98139,0
10430,0,331.673,337.962,0.98139,0
10431,0,462.424,466.71,0.990817,0
10432,0,462.424,466.71,0.990817,0
10433,0,431.177,434.523,0.9923,0
10434,0,431.177,434.523,0.9923,0
10435,0,726.417,901.233,0.806026,0
10436,0,726.417,901.233,0.806026,0
10437,0,545.647,563.27,0.968712,0
10438,0,545.647,563.27,0.968712,0
10439,0,453.784,466.71,0.972304,0
10440,0,453.784,466.71,0.972304,0
10441,0,229.95,225.308,1.020604,0
10442,0,229.95,225.308,1.020604,0
10443,0,679.112,756.392,0.897831,0
10444,0,679.112,756.392,0.897831,0
10445,0,678.692,692.018,0.980743,0
10446,0,678.692,692.018,0.980743,0
10447,0,124.351,128.748,0.965848,0
10448,0,124.351,128.748,0.965848,0
10449,0,197.98,193.121,1.025161,0
10450,0,197.98,193.121,1.025161,0
10451,0,248.847,241.402,1.030841,0
10452,0,248.847,241.402,1.030841,0
10453,0,617.202,627.644,0.983363,0
10454,0,617.202,627.644,0.983363,0
10455,0,126.09,128.748,0.979356,0
10456,0,126.09,128.748,0.979356,0
10457,0,255.414,257.495,0.991917,0
10458,0,255.414,257.495,0.991917,0
10459,0,92.849,96.561,0.961562,0
10460,0,92.849,96.561,0.961562,0
10461,0,453.591,450.616,1.006601,0
10462,0,453.591,450.616,1.006601,0
10463,0,371.224,370.149,1.002905,0
10464,0,371.224,370.149,1.002905,0
10465,0,53.032,48.28,1.098409,0
10466,0,53.032,48.28,1.098409,0
10467,0,441.595,450.616,0.979981,0
10468,0,441.595,450.616,0.979981,0
10469,0,91.092,96.561,0.943367,0
10470,0,91.092,96.561,0.943367,0
10471,0,626.929,627.644,0.99886,0
10472,0,626.929,627.644,0.99886,0
10473,0,356.872,354.056,1.007954,0
10474,0,356.872,354.056,1.007954,0
10475,0,234.458,241.402,0.971236,0
10476,0,234.458,241.402,0.971236,0
10477,0,381.76,402.336,0.948858,0
10478,0,381.76,402.336,0.948858,0
10479,0,232.334,225.308,1.031182,0
10480,0,232.334,225.308,1.031182,0
10481,0,169.251,160.934,1.051676,0
10482,0,169.251,160.934,1.051676,0
10483,0,336.603,337.962,0.995979,0
10484,0,336.603,337.962,0.995979,0
10485,0,424.961,418.429,1.015609,0
10486,0,424.961,418.429,1.015609,0
10487,0,289.198,289.682,0.99833,0
10488,0,289.198,289.682,0.99833,0
10489,0,672.613,675.924,0.995101,0
10490,0,672.613,675.924,0.995101,0
10491,0,500.749,498.897,1.003712,0
10492,0,500.749,498.897,1.003712,0
10493,0,543.024,547.177,0.992411,0
10494,0,543.024,547.177,0.992411,0
10495,0,527.574,531.084,0.993392,0
10496,0,527.574,531.084,0.993392,0
10497,0,247.946,241.402,1.027112,0
10498,0,247.946,241.402,1.027112,0
10499,0,371.313,370.149,1.003145,0
10500,0,371.313,370.149,1.003145,0
10501,0,158.973,160.934,0.987812,0
10502,0,158.973,160.934,0.987812,0
10503,0,357.463,354.056,1.009623,0
10504,0,357.463,354.056,1.009623,0
10505,0,166.164,160.934,1.032494,0
10506,0,166.164,160.934,1.032494,0
10507,0,38.252,32.187,1.188435,0
10508,0,38.252,32.187,1.188435,0
10509,0,913.32,933.42,0.978467,0
10510,0,913.32,933.42,0.978467,0
10511,0,71.774,64.374,1.114953,0
10512,0,71.774,64.374,1.114953,0
10513,0,1224.203,1239.195,0.987902,0
10514,0,1224.203,1239.195,0.987902,0
10515,0,639.524,692.018,0.924144,0
10516,0,639.524,692.018,0.924144,0
10517,0,314.766,321.869,0.977931,0
10518,0,314.766,321.869,0.977931,0
10519,0,411.039,418.429,0.982337,0
10520,0,411.039,418.429,0.982337,0
10521,0,160.759,160.934,0.998907,0
10522,0,160.759,160.934,0.998907,0
10523,0,560.59,563.27,0.995242,0
10524,0,560.59,563.27,0.995242,0
10525,0,598.834,595.457,1.005671,0
10526,0,598.834,595.457,1.005671,0
10527,0,247.392,241.402,1.024817,0
10528,0,247.392,241.402,1.024817,0
10529,0,46.889,48.28,0.971173,0
10530,0,46.889,48.28,0.971173,0
10531,0,86.81,80.467,1.07883,0
10532,0,86.81,80.467,1.07883,0
10533,0,994.288,1110.447,0.895394,0
10534,0,994.288,1110.447,0.895394,0
10535,0,267.568,273.588,0.977996,0
10536,0,267.568,273.588,0.977996,0
10537,0,196.586,193.121,1.017941,0
10538,0,196.586,193.121,1.017941,0
10539,0,281.501,273.588,1.028922,0
10540,0,281.501,273.588,1.028922,0
10541,0,45.133,48.28,0.934814,0
10542,0,45.133,48.28,0.934814,0
10543,0,361.404,354.056,1.020755,0
10544,0,361.404,354.056,1.020755,0
10545,0,208.245,209.215,0.995365,0
10546,0,208.245,209.215,0.995365,0
10547,0,188.804,193.121,0.977642,0
10548,0,188.804,193.121,0.977642,0
10549,0,514.815,514.99,0.999659,0
10550,0,514.815,514.99,0.999659,0
10551,0,107.618,112.654,0.955299,0
10552,0,107.618,112.654,0.955299,0
10553,0,196.916,193.121,1.019649,0
10554,0,196.916,193.121,1.019649,0
10555,0,74.255,80.467,0.922796,0
10556,0,74.255,80.467,0.922796,0
10557,0,220.104,225.308,0.9769,0
10558,0,220.104,225.308,0.9769,0
10559,0,149.604,144.841,1.032885,0
10560,0,149.604,144.841,1.032885,0
10561,0,193.324,193.121,1.001047,0
10562,0,193.324,193.121,1.001047,0
10563,0,1001.338,1029.98,0.972192,0
10564,0,1001.338,1029.98,0.972192,0
10565,0,692.497,692.018,1.000693,0
10566,0,692.497,692.018,1.000693,0
10567,0,376.227,370.149,1.016421,0
10568,0,376.227,370.149,1.016421,0
10569,0,116.613,112.654,1.035143,0
10570,0,116.613,112.654,1.035143,0
10571,0,166.281,160.934,1.033222,0
10572,0,166.281,160.934,1.033222,0
10573,0,490.552,498.897,0.983275,0
10574,0,490.552,498.897,0.983275,0
10575,0,318.67,321.869,0.990062,0
10576,0,318.67,321.869,0.990062,0
10577,0,367.144,370.149,0.991881,0
10578,0,367.144,370.149,0.991881,0
10579,0,97.596,96.561,1.010724,0
10580,0,97.596,96.561,1.010724,0
10581,0,348.45,354.056,0.984167,0
10582,0,348.45,354.056,0.984167,0
10583,0,303.463,305.775,0.992438,0
10584,0,303.463,305.775,0.992438,0
10585,0,635.63,627.644,1.012724,0
10586,0,635.63,627.644,1.012724,0
10587,0,333.915,337.962,0.988025,0
10588,0,333.915,337.962,0.988025,0
10589,0,428.952,434.523,0.987179,0
10590,0,428.952,434.523,0.987179,0
10591,0,853.784,869.046,0.982439,0
10592,0,853.784,869.046,0.982439,0
10593,0,99.967,96.561,1.035274,0
10594,0,99.967,96.561,1.035274,0
10595,0,390.897,386.243,1.012052,0
10596,0,390.897,386.243,1.012052,0
10597,0,552.106,547.177,1.009008,0
10598,0,552.106,547.177,1.009008,0
10599,0,812.011,804.672,1.00912,0
10600,0,812.011,804.672,1.00912,0
10601,0,398.624,402.336,0.990774,0
10602,0,398.624,402.336,0.990774,0
10603,0,441.309,434.523,1.015617,0
10604,0,441.309,434.523,1.015617,0
10605,0,90.549,96.561,0.937741,0
10606,0,90.549,96.561,0.937741,0
10607,0,60.626,64.374,0.941781,0
10608,0,60.626,64.374,0.941781,0
10609,0,309.635,305.775,1.012623,0
10610,0,309.635,305.775,1.012623,0
10611,0,378.972,386.243,0.981175,0
10612,0,378.972,386.243,0.981175,0
10613,0,282.408,289.682,0.974892,0
10614,0,282.408,289.682,0.974892,0
10615,0,340.664,337.962,1.007994,0
10616,0,340.664,337.962,1.007994,0
10617,0,66.885,64.374,1.039015,0
10618,0,66.885,64.374,1.039015,0
10619,0,136.732,144.841,0.944016,0
10620,0,136.732,144.841,0.944016,0
10621,0,179.902,177.028,1.016235,0
10622,0,179.902,177.028,1.016235,0
10623,0,202.515,209.215,0.967979,0
10624,0,202.515,209.215,0.967979,0
10625,0,184.791,193.121,0.956867,0
10626,0,184.791,193.121,0.956867,0
10627,0,517.849,514.99,1.005552,0
10628,0,517.849,514.99,1.005552,0
10629,0,516.189,531.084,0.971955,0
10630,0,516.189,531.084,0.971955,0
10631,0,524.194,531.084,0.987027,0
10632,0,524.194,531.084,0.987027,0
10633,0,314.753,321.869,0.977891,0
10634,0,314.753,321.869,0.977891,0
10635,0,375.377,370.149,1.014123,0
10636,0,375.377,370.149,1.014123,0
10637,0,488.021,482.803,1.010807,0
10638,0,488.021,482.803,1.010807,0
10639,0,717.552,724.205,0.990814,0
10640,0,717.552,724.205,0.990814,0
10641,0,248.091,241.402,1.027711,0
10642,0,248.091,241.402,1.027711,0
10643,0,477.102,482.803,0.988191,0
10644,0,477.102,482.803,0.988191,0
10645,0,472.501,498.897,0.947092,0
10646,0,472.501,498.897,0.947092,0
10647,0,145.31,144.841,1.003237,0
10648,0,145.31,144.841,1.003237,0
10649,0,249.599,257.495,0.969335,0
10650,0,249.599,257.495,0.969335,0
10651,0,744.143,756.392,0.983807,0
10652,0,744.143,756.392,0.983807,0
10653,0,289.719,289.682,1.000129,0
10654,0,289.719,289.682,1.000129,0
10655,0,1820.182,1818.559,1.000892,0
10656,0,1820.182,1818.559,1.000892,0
10657,0,283.487,289.682,0.978615,0
10658,0,283.487,289.682,0.978615,0
10659,0,398.32,402.336,0.990018,0
10660,0,661.904,659.831,1.003141,0
10661,0,661.904,659.831,1.003141,0
10662,0,746.796,756.392,0.987314,0
10663,0,746.796,756.392,0.987314,0
10664,0,193.496,193.121,1.001942,0
10665,0,193.496,193.121,1.001942,0
10666,0,274.033,273.588,1.001626,0
10667,0,274.033,273.588,1.001626,0
10668,0,408.496,402.336,1.015312,0
10669,0,408.496,402.336,1.015312,0
10670,0,240.697,241.402,0.997083,0
10671,0,240.697,241.402,0.997083,0
10672,0,83.009,80.467,1.031587,0
10673,0,83.009,80.467,1.031587,0
10674,0,1172.491,1174.821,0.998017,0
10675,0,1172.491,1174.821,0.998017,0
10676,0,193.687,193.121,1.00293,0
10677,0,193.687,193.121,1.00293,0
10678,0,269.678,273.588,0.985706,0
10679,0,269.678,273.588,0.985706,0
10680,0,137.991,144.841,0.952704,0
10681,0,137.991,144.841,0.952704,0
10682,0,24.291,32.187,0.754681,0
10683,0,24.291,32.187,0.754681,0
10684,0,606.894,611.551,0.992385,0
10685,0,606.894,611.551,0.992385,0
10686,0,325.05,321.869,1.009882,0
10687,0,325.05,321.869,1.009882,0
10688,0,244.619,241.402,1.013329,0
10689,0,244.619,241.402,1.013329,0
10690,0,88.281,80.467,1.097105,0
10691,0,88.281,80.467,1.097105,0
10692,0,254.9,257.495,0.989922,0
10693,0,254.9,257.495,0.989922,0
10694,0,253.669,289.682,0.875682,0
10695,0,253.669,289.682,0.875682,0
10696,0,37.861,32.187,1.176291,0
10697,0,37.861,32.187,1.176291,0
10698,0,154.649,177.028,0.873587,0
10699,0,154.649,177.028,0.873587,0
10700,0,1730.629,1738.092,0.995707,0
10701,0,1730.629,1738.092,0.995707,0
10702,0,675.081,675.924,0.998752,0
10703,0,675.081,675.924,0.998752,0
10704,0,512.049,514.99,0.994288,0
10705,0,512.049,514.99,0.994288,0
10706,0,365.049,370.149,0.986222,0
10707,0,365.049,370.149,0.986222,0
10708,0,56.469,64.374,0.877198,0
10709,0,56.469,64.374,0.877198,0
10710,0,985.562,997.793,0.987742,0
10711,0,985.562,997.793,0.987742,0
10712,0,430.391,434.523,0.990492,0
10713,0,430.391,434.523,0.990492,0
10714,0,690.853,692.018,0.998317,0
10715,0,690.853,692.018,0.998317,0
10716,0,1572.016,1561.064,1.007016,0
10717,0,1572.016,1561.064,1.007016,0
10718,0,365.934,370.149,0.988613,0
10719,0,365.934,370.149,0.988613,0
10720,0,522.029,514.99,1.013668,0
10721,0,522.029,514.99,1.013668,0
10722,0,488.538,498.897,0.979236,0
10723,0,488.538,498.897,0.979236,0
10724,0,646.799,643.738,1.004756,0
10725,0,646.799,643.738,1.004756,0
10726,0,474.667,498.897,0.951434,0
10727,0,474.667,498.897,0.951434,0
10728,0,639.398,643.738,0.993259,0
10729,0,639.398,643.738,0.993259,0
10730,0,470.55,466.71,1.008228,0
10731,0,470.55,466.71,1.008228,0
10732,0,881.441,885.139,0.995822,0
10733,0,881.441,885.139,0.995822,0
10734,0,519.536,611.551,0.849539,0
10735,0,519.536,611.551,0.849539,0
10736,0,192.157,193.121,0.995007,0
10737,0,192.157,193.121,0.995007,0
10738,0,504.26,498.897,1.01075,0
10739,0,504.26,498.897,1.01075,0
10740,0,332.765,337.962,0.984621,0
10741,0,332.765,337.962,0.984621,0
10742,0,246.241,241.402,1.020048,0
10743,0,246.241,241.402,1.020048,0
10744,0,283.165,289.682,0.977502,0
10745,0,283.165,289.682,0.977502,0
10746,0,168.762,160.934,1.048636,0
10747,0,168.762,160.934,1.048636,0
10748,0,414.37,418.429,0.990297,0
10749,0,414.37,418.429,0.990297,0
10750,0,94.031,96.561,0.973801,0
10751,0,94.031,96.561,0.973801,0
10752,0,267.698,273.588,0.978471,0
10753,0,267.698,273.588,0.978471,0
10754,0,180.245,193.121,0.933327,0
10755,0,180.245,193.121,0.933327,0
10756,0,137.819,144.841,0.95152,0
10757,0,137.819,144.841,0.95152,0
10758,0,251.143,257.495,0.975333,0
10759,0,251.143,257.495,0.975333,0
10760,0,525.861,531.084,0.990166,0
10761,0,525.861,531.084,0.990166,0
10762,0,287.684,289.682,0.993104,0
10763,0,287.684,289.682,0.993104,0
10764,0,201.705,209.215,0.964104,0
10765,0,201.705,209.215,0.964104,0
10766,0,511.962,514.99,0.994119,0
10767,0,511.962,514.99,0.994119,0
10768,0,316.333,321.869,0.9828,0
10769,0,316.333,321.869,0.9828,0
10770,0,94.449,96.561,0.978131,0
10771,0,94.449,96.561,0.978131,0
10772,0,109.272,112.654,0.969982,0
10773,0,109.272,112.654,0.969982,0
10774,0,535.015,531.084,1.007403,0
10775,0,535.015,531.084,1.007403,0
10776,0,517.857,514.99,1.005567,0
10777,0,517.857,514.99,1.005567,0
10778,0,579.506,579.364,1.000245,0
10779,0,579.506,579.364,1.000245,0
10780,0,946.271,1126.541,0.83998,0
10781,0,946.271,1126.541,0.83998,0
10782,0,688.006,708.111,0.971607,0
10783,0,688.006,708.111,0.971607,0
10784,0,356.641,354.056,1.007302,0
10785,0,356.641,354.056,1.007302,0
10786,0,122.034,128.748,0.947854,0
10787,0,122.034,128.748,0.947854,0
10788,0,1023.647,1029.98,0.993851,0
10789,0,1023.647,1029.98,0.993851,0
10790,0,467.491,466.71,1.001675,0
10791,0,467.491,466.71,1.001675,0
10792,0,425.321,418.429,1.016469,0
10793,0,425.321,418.429,1.016469,0
10794,0,894.377,885.139,1.010437,0
10795,0,894.377,885.139,1.010437,0
10796,0,630.526,627.644,1.004591,0
10797,0,630.526,627.644,1.004591,0
10798,0,205.177,209.215,0.9807,0
10799,0,205.177,209.215,0.9807,0
10800,0,459.617,466.71,0.984802,0
10801,0,459.617,466.71,0.984802,0
10802,0,449.181,450.616,0.996815,0
10803,0,449.181,450.616,0.996815,0
10804,0,182.958,177.028,1.033496,0
10805,0,182.958,177.028,1.033496,0
10806,0,125.692,128.748,0.976268,0
10807,0,125.692,128.748,0.976268,0
10808,0,968.77,981.7,0.986829,0
10809,0,968.77,981.7,0.986829,0
10810,0,242.242,241.402,1.003483,0
10811,0,242.242,241.402,1.003483,0
10812,0,91.315,96.561,0.945671,0
10813,0,91.315,96.561,0.945671,0
10814,0,206.088,209.215,0.985056,0
10815,0,206.088,209.215,0.985056,0
10816,0,176.4,177.028,0.996455,0
10817,0,176.4,177.028,0.996455,0
10818,0,271.64,273.588,0.992879,0
10819,0,271.64,273.588,0.992879,0
10820,0,307.275,305.775,1.004905,0
10821,0,307.275,305.775,1.004905,0
10822,0,359.938,354.056,1.016613,0
10823,0,359.938,354.056,1.016613,0
10824,0,680.097,675.924,1.006173,0
10825,0,680.097,675.924,1.006173,0
10826,0,659.429,659.831,0.999391,0
10827,0,659.429,659.831,0.999391,0
10828,0,781.485,788.579,0.991004,0
10829,0,781.485,788.579,0.991004,0
10830,0,1305.987,1303.569,1.001855,0
10831,0,1305.987,1303.569,1.001855,0
10832,0,1128.463,1126.541,1.001706,0
10833,0,1128.463,1126.541,1.001706,0
10834,0,683.329,675.924,1.010954,0
10835,0,683.329,675.924,1.010954,0
10836,0,1049.401,1062.167,0.987981,0
10837,0,1049.401,1062.167,0.987981,0
10838,0,832.816,836.859,0.995169,0
10839,0,832.816,836.859,0.995169,0
10840,0,603.947,627.644,0.962245,0
10841,0,603.947,627.644,0.962245,0
10842,0,2098.687,2220.895,0.944974,0
10843,0,2098.687,2220.895,0.944974,0
10844,0,771.81,772.485,0.999126,0
10845,0,771.81,772.485,0.999126,0
10846,0,220.194,225.308,0.977303,0
10847,0,220.194,225.308,0.977303,0
10848,0,135.354,128.748,1.051313,0
10849,0,135.354,128.748,1.051313,0
10850,0,854.036,852.952,1.00127,0
10851,0,854.036,852.952,1.00127,0
10852,0,659.734,659.831,0.999853,0
10853,0,659.734,659.831,0.999853,0
10854,0,1269.473,1271.382,0.998499,0
10855,0,1269.473,1271.382,0.998499,0
10856,0,666.082,659.831,1.009474,0
10857,0,666.082,659.831,1.009474,0
10858,0,950.409,949.513,1.000944,0
10859,0,950.409,949.513,1.000944,0
10860,0,411.683,418.429,0.983877,0
10861,0,411.683,418.429,0.983877,0
10862,0,497.613,498.897,0.997427,0
10863,0,497.613,498.897,0.997427,0
10864,0,446.425,450.616,0.990698,0
10865,0,446.425,450.616,0.990698,0
10866,0,985.973,997.793,0.988153,0
10867,0,985.973,997.793,0.988153,0
10868,0,1729.219,1721.998,1.004193,0
10869,0,1729.219,1721.998,1.004193,0
10870,0,509.924,514.99,0.990163,0
10871,0,509.924,514.99,0.990163,0
10872,0,189.396,193.121,0.980708,0
10873,0,189.396,193.121,0.980708,0
10874,0,859.314,869.046,0.988802,0
10875,0,859.314,869.046,0.988802,0
10876,0,122.182,128.748,0.949007,0
10877,0,122.182,128.748,0.949007,0
10878,0,364.578,370.149,0.984948,0
10879,0,364.578,370.149,0.984948,0
10880,0,194.693,193.121,1.008136,0
10881,0,194.693,193.121,1.008136,0
10882,0,907.635,917.326,0.989435,0
10883,0,907.635,917.326,0.989435,0
10884,0,1172.654,1190.915,0.984667,0
10885,0,1172.654,1190.915,0.984667,0
10886,0,137.4,144.841,0.948626,0
10887,0,137.4,144.841,0.948626,0
10888,0,313.126,305.775,1.024038,0
10889,0,313.126,305.775,1.024038,0
10890,0,1197.118,1207.008,0.991806,0
10891,0,1197.118,1207.008,0.991806,0
10892,0,106.49,112.654,0.945282,0
10893,0,106.49,112.654,0.945282,0
10894,0,1039.2,1029.98,1.008951,0
10895,0,1039.2,1029.98,1.008951,0
10896,0,111.711,112.654,0.99163,0
10897,0,111.711,112.654,0.99163,0
10898,0,1192.329,1207.008,0.987838,0
10899,0,1192.329,1207.008,0.987838,0
10900,0,956.134,949.513,1.006973,0
10901,0,956.134,949.513,1.006973,0
10902,0,670.568,675.924,0.992076,0
10903,0,670.568,675.924,0.992076,0
10904,0,425.254,418.429,1.01631,0
10905,0,425.254,418.429,1.01631,0
10906,0,1565.125,1657.624,0.944198,0
10907,0,1565.125,1657.624,0.944198,0
10908,0,1113.277,1110.447,1.002549,0
10909,0,1113.277,1110.447,1.002549,0
10910,0,602.415,595.457,1.011685,0
10911,0,602.415,595.457,1.011685,0
10912,0,481.304,482.803,0.996895,0
10913,0,481.304,482.803,0.996895,0
10914,0,127.084,128.748,0.98708,0
10915,0,127.084,128.748,0.98708,0
10916,0,105.401,112.654,0.935618,0
10917,0,105.401,112.654,0.935618,0
10918,0,1758.968,1754.185,1.002726,0
10919,0,1758.968,1754.185,1.002726,0
10920,0,390.486,386.243,1.010987,0
10921,0,390.486,386.243,1.010987,0
10922,0,893.145,901.233,0.991026,0
10923,0,893.145,901.233,0.991026,0
10924,0,411.833,418.429,0.984234,0
10925,0,411.833,418.429,0.984234,0
10926,0,230.802,225.308,1.024384,0
10927,0,230.802,225.308,1.024384,0
10928,0,863.918,869.046,0.9941,0
10929,0,863.918,869.046,0.9941,0
10930,0,1029.637,1094.354,0.940863,0
10931,0,1029.637,1094.354,0.940863,0
10932,0,586.357,595.457,0.984716,0
10933,0,586.357,595.457,0.984716,0
10934,0,449.905,450.616,0.998422,0
10935,0,449.905,450.616,0.998422,0
10936,0,281.717,273.588,1.029711,0
10937,0,281.717,273.588,1.029711,0
10938,0,482.082,482.803,0.998507,0
10939,0,482.082,482.803,0.998507,0
10940,0,35.077,32.187,1.089803,0
10941,0,35.077,32.187,1.089803,0
10942,0,37.896,32.187,1.17736,0
10943,0,37.896,32.187,1.17736,0
10944,0,38.787,32.187,1.205063,1
10945,0,38.787,32.187,1.205063,1
10946,0,42.442,48.28,0.87908,0
10947,0,42.442,48.28,0.87908,0
10948,0,2792.219,2880.726,0.969276,0
10949,0,2792.219,2880.726,0.969276,0
10950,0,1524.447,1528.877,0.997103,0
10951,0,1524.447,1528.877,0.997103,0
10952,0,836.387,836.859,0.999436,0
10953,0,836.387,836.859,0.999436,0
10954,0,282.379,289.682,0.974789,0
10955,0,528.165,531.084,0.994504,0
10956,0,528.165,531.084,0.994504,0
10957,0,720.947,724.205,0.995502,0
10958,0,720.947,724.205,0.995502,0
10959,1,1710.031,1705.905,1.002419,0
10960,1,1710.031,1705.905,1.002419,0
10961,0,1318.701,1319.662,0.999272,0
10962,0,1318.701,1319.662,0.999272,0
10963,0,1669.704,1689.811,0.988101,0
10964,0,1669.704,1689.811,0.988101,0
10965,0,2084.627,2124.334,0.981308,0
10966,0,2084.627,2124.334,0.981308,0
10967,1,2109.598,2140.428,0.985596,0
10968,1,2109.598,2140.428,0.985596,0
10969,0,971.865,981.7,0.989982,0
10970,0,971.865,981.7,0.989982,0
10971,0,500.622,498.897,1.003459,0
10972,0,500.622,498.897,1.003459,0
10973,0,1308.885,1335.756,0.979884,0
10974,0,1308.885,1335.756,0.979884,0
10975,0,1131.424,1190.915,0.950046,0
10976,0,1131.424,1190.915,0.950046,0
10977,0,1843.939,1866.839,0.987733,0
10978,0,1843.939,1866.839,0.987733,0
10979,0,40.773,48.28,0.844503,0
10980,0,40.773,48.28,0.844503,0
10981,0,948.431,949.513,0.998861,0
10982,0,948.431,949.513,0.998861,0
10983,0,453.517,450.616,1.006437,0
10984,0,453.517,450.616,1.006437,0
10985,0,540.459,547.177,0.987723,0
10986,0,540.459,547.177,0.987723,0
10987,0,538.994,547.177,0.985046,0
10988,0,538.994,547.177,0.985046,0
10989,0,1438.706,1480.596,0.971707,0
10990,0,1438.706,1480.596,0.971707,0
10991,0,1685.67,1689.811,0.997549,0
10992,0,1685.67,1689.811,0.997549,0
10993,1,2193.061,2188.708,1.001989,0
10994,1,2193.061,2188.708,1.001989,0
10995,0,467.946,466.71,1.002649,0
10996,0,467.946,466.71,1.002649,0
10997,0,48.675,48.28,1.008175,0
10998,0,48.675,48.28,1.008175,0
10999,0,859.381,869.046,0.988879,0
11000,0,859.381,869.046,0.988879,0
11001,0,561.215,563.27,0.996351,0
11002,0,561.215,563.27,0.996351,0
11003,0,115.939,112.654,1.029163,0
11004,0,115.939,112.654,1.029163,0
11005,0,1647.089,1673.718,0.98409,0
11006,0,1647.089,1673.718,0.98409,0
11007,0,1819.429,1834.652,0.991702,0
11008,0,1819.429,1834.652,0.991702,0
11009,0,451.429,450.616,1.001804,0
11010,0,451.429,450.616,1.001804,0
11011,0,187.904,193.121,0.972987,0
11012,0,187.904,193.121,0.972987,0
11013,0,1563.061,1577.157,0.991062,0
11014,0,1563.061,1577.157,0.991062,0
11015,0,1576.06,1609.344,0.979318,0
11016,0,1576.06,1609.344,0.979318,0
11017,0,589.43,595.457,0.989878,0
11018,0,589.43,595.457,0.989878,0
11019,0,1387.23,1432.316,0.968522,0
11020,0,1387.23,1432.316,0.968522,0
11021,0,2087.965,2108.241,0.990383,0
11022,0,2087.965,2108.241,0.990383,0
11023,0,1406.708,1432.316,0.982121,0
11024,0,1406.708,1432.316,0.982121,0
11025,0,326.253,321.869,1.01362,0
11026,0,326.253,321.869,1.01362,0
11027,0,1506.107,1496.69,1.006292,0
11028,0,1506.107,1496.69,1.006292,0
11029,0,448.283,450.616,0.994821,0
11030,0,448.283,450.616,0.994821,0
11031,0,587.158,579.364,1.013453,0
11032,0,587.158,579.364,1.013453,0
11033,0,1192.894,1190.915,1.001663,0
11034,0,1192.894,1190.915,1.001663,0
11035,0,2171.262,2220.895,0.977652,0
11036,0,2171.262,2220.895,0.977652,0
11037,0,617.466,627.644,0.983784,0
11038,0,617.466,627.644,0.983784,0
11039,0,1825.611,1882.932,0.969557,0
11040,0,1825.611,1882.932,0.969557,0
11041,0,299.928,305.775,0.980877,0
11042,0,299.928,305.775,0.980877,0
11043,0,154.961,160.934,0.962881,0
11044,0,154.961,160.934,0.962881,0
11045,0,1688.871,1689.811,0.999443,0
11046,0,1688.871,1689.811,0.999443,0
11047,0,404.053,402.336,1.004268,0
11048,0,404.053,402.336,1.004268,0
11049,0,398.883,402.336,0.991418,0
11050,0,398.883,402.336,0.991418,0
11051,0,51.449,48.28,1.065638,0
11052,0,51.449,48.28,1.065638,0
11053,0,532.138,531.084,1.001986,0
11054,0,532.138,531.084,1.001986,0
11055,0,1862.287,1866.839,0.997562,0
11056,0,1862.287,1866.839,0.997562,0
11057,1,2207.251,2220.895,0.993857,0
11058,1,2207.251,2220.895,0.993857,0
11059,0,1085.997,1094.354,0.992364,0
11060,0,1085.997,1094.354,0.992364,0
11061,0,1939.474,2011.68,0.964107,0
11062,0,1939.474,2011.68,0.964107,0
11063,0,577.474,579.364,0.996738,0
11064,0,577.474,579.364,0.996738,0
11065,0,378.189,386.243,0.979148,0
11066,0,378.189,386.243,0.979148,0
11067,0,2590.74,2607.137,0.993711,0
11068,0,2590.74,2607.137,0.993711,0
11069,0,275.665,273.588,1.00759,0
11070,0,275.665,273.588,1.00759,0
11071,0,239.494,241.402,0.992097,0
11072,0,239.494,241.402,0.992097,0
11073,0,1936.605,1931.213,1.002792,0
11074,0,1936.605,1931.213,1.002792,0
11075,0,1157.302,1158.728,0.99877,0
11076,0,1157.302,1158.728,0.99877,0
11077,0,181.142,177.028,1.023239,0
11078,0,181.142,177.028,1.023239,0
11079,0,1098.491,1094.354,1.003781,0
11080,0,1098.491,1094.354,1.003781,0
11081,0,215.633,209.215,1.030677,0
11082,0,215.633,209.215,1.030677,0
11083,0,688.639,692.018,0.995117,0
11084,0,688.639,692.018,0.995117,0
11085,0,2474.3,2462.296,1.004875,0
11086,0,2474.3,2462.296,1.004875,0
11087,1,3685.872,3717.585,0.991469,0
11088,1,3685.872,3717.585,0.991469,0
11089,0,2636.167,2655.418,0.99275,0
11090,0,2636.167,2655.418,0.99275,0
11091,0,1412.512,1416.223,0.99738,0
11092,0,1412.512,1416.223,0.99738,0
11093,0,3372.106,3363.529,1.00255,0
11094,0,3372.106,3363.529,1.00255,0
11095,0,809.59,804.672,1.006112,0
11096,0,809.59,804.672,1.006112,0
11097,0,1214.179,1207.008,1.005941,0
11098,0,1214.179,1207.008,1.005941,0
11099,0,2114.262,2108.241,1.002856,0
11100,0,2114.262,2108.241,1.002856,0
11101,0,2038.869,2027.773,1.005472,0
11102,0,2038.869,2027.773,1.005472,0
11103,0,1458.735,1448.41,1.007129,0
11104,0,1458.735,1448.41,1.007129,0
11105,1,527.549,531.084,0.993345,0
11106,1,527.549,531.084,0.993345,0
11107,0,2583.867,2607.137,0.991074,0
11108,0,2583.867,2607.137,0.991074,0
11109,0,792.912,788.579,1.005495,0
11110,0,792.912,788.579,1.005495,0
11111,0,454.394,450.616,1.008383,0
11112,0,454.394,450.616,1.008383,0
11113,0,690.251,692.018,0.997447,0
11114,0,690.251,692.018,0.997447,0
11115,0,1064.816,1078.26,0.987531,0
11116,0,1064.816,1078.26,0.987531,0
11117,0,3526.498,3540.557,0.996029,0
11118,0,3526.498,3540.557,0.996029,0
11119,0,3028.089,3089.94,0.979983,0
11120,0,3028.089,3089.94,0.979983,0
11121,0,3262.421,3299.155,0.988866,0
11122,0,3262.421,3299.155,0.988866,0
11123,0,1908.098,1931.213,0.988031,0
11124,0,1908.098,1931.213,0.988031,0
11125,0,937.111,933.42,1.003954,0
11126,0,937.111,933.42,1.003954,0
11127,0,2218.245,2269.175,0.977556,0
11128,0,2218.245,2269.175,0.977556,0
11129,0,1102.942,1110.447,0.993241,0
11130,0,1102.942,1110.447,0.993241,0
11131,0,739.377,740.298,0.998756,0
11132,0,739.377,740.298,0.998756,0
11133,0,971.854,965.606,1.006471,0
11134,0,971.854,965.606,1.006471,0
11135,0,2037.033,2043.867,0.996657,0
11136,0,2037.033,2043.867,0.996657,0
11137,0,1521.972,1512.783,1.006074,0
11138,0,1521.972,1512.783,1.006074,0
11139,0,1932.989,1931.213,1.00092,0
11140,0,1932.989,1931.213,1.00092,0
11141,0,2122.625,2140.428,0.991683,0
11142,0,2122.625,2140.428,0.991683,0
11143,0,120.129,112.654,1.06635,0
11144,0,120.129,112.654,1.06635,0
11145,0,600.247,595.457,1.008044,0
11146,0,600.247,595.457,1.008044,0
11147,0,1325.759,1319.662,1.00462,0
11148,0,1325.759,1319.662,1.00462,0
11149,0,2654.941,2655.418,0.999821,0
11150,0,2654.941,2655.418,0.999821,0
11151,0,2013.938,2011.68,1.001122,0
11152,0,2013.938,2011.68,1.001122,0
11153,0,349.505,354.056,0.987146,0
11154,0,349.505,354.056,0.987146,0
11155,0,1680.238,1689.811,0.994335,0
11156,0,1680.238,1689.811,0.994335,0
11157,0,3771.969,3798.052,0.993133,0
11158,0,3771.969,3798.052,0.993133,0
11159,0,240.127,241.402,0.994721,0
11160,0,240.127,241.402,0.994721,0
11161,0,1360.557,1367.942,0.994601,0
11162,0,1360.557,1367.942,0.994601,0
11163,0,2272.312,2285.268,0.99433,0
11164,0,2272.312,2285.268,0.99433,0
11165,0,2371.61,2365.736,1.002483,0
11166,0,2371.61,2365.736,1.002483,0
11167,0,3935.603,4039.453,0.974291,0
11168,0,3935.603,4039.453,0.974291,0
11169,0,584.78,579.364,1.009349,0
11170,0,584.78,579.364,1.009349,0
11171,0,379.436,386.243,0.982377,0
11172,0,379.436,386.243,0.982377,0
11173,0,855.385,852.952,1.002852,0
11174,0,855.385,852.952,1.002852,0
11175,0,293.445,289.682,1.01299,0
11176,0,293.445,289.682,1.01299,0
11177,0,1904.513,1899.026,1.002889,0
11178,0,1904.513,1899.026,1.002889,0
11179,1,178.648,177.028,1.009149,0
11180,1,178.648,177.028,1.009149,0
11181,0,1079.018,1078.26,1.000703,0
11182,0,1079.018,1078.26,1.000703,0
11183,0,47.549,48.28,0.984856,0
11184,0,47.549,48.28,0.984856,0
11185,0,133.217,128.748,1.034715,0
11186,0,133.217,128.748,1.034715,0
11187,0,314.96,321.869,0.978537,0
11188,0,314.96,321.869,0.978537,0
11189,0,111.957,112.654,0.993809,0
11190,0,111.957,112.654,0.993809,0
11191,0,622.762,627.644,0.992221,0
11192,0,622.762,627.644,0.992221,0
11193,0,422.105,434.523,0.971422,0
11194,0,422.105,434.523,0.971422,0
11195,0,433.486,450.616,0.961985,0
11196,0,433.486,450.616,0.961985,0
11197,0,662.406,659.831,1.003903,0
11198,0,662.406,659.831,1.003903,0
11199,0,1059.818,1062.167,0.997789,0
11200,0,1059.818,1062.167,0.997789,0
11201,0,919.622,917.326,1.002503,0
11202,0,919.622,917.326,1.002503,0
11203,0,1049.705,1078.26,0.973517,0
11204,0,1049.705,1078.26,0.973517,0
11205,1,326.74,321.869,1.015135,0
11206,1,326.74,321.869,1.015135,0
11207,0,276.867,273.588,1.011985,0
11208,0,276.867,273.588,1.011985,0
11209,0,2546.842,2591.044,0.982941,0
11210,0,2546.842,2591.044,0.982941,0
11211,0,2522.101,2526.67,0.998192,0
11212,0,2522.101,2526.67,0.998192,0
11213,0,337.613,337.962,0.998966,0
11214,0,337.613,337.962,0.998966,0
11215,0,971.906,965.606,1.006524,0
11216,0,971.906,965.606,1.006524,0
11217,0,753.98,772.485,0.976045,0
11218,0,753.98,772.485,0.976045,0
11219,0,1281.885,1271.382,1.008261,0
11220,0,1281.885,1271.382,1.008261,0
11221,0,1313.041,1319.662,0.994983,0
11222,0,1313.041,1319.662,0.994983,0
11223,0,1814.205,1818.559,0.997606,0
11224,0,1814.205,1818.559,0.997606,0
11225,0,2906.513,2896.819,1.003347,0
11226,0,2906.513,2896.819,1.003347,0
11227,0,1116.437,1110.447,1.005394,0
11228,0,1116.437,1110.447,1.005394,0
11229,0,1012.57,1013.887,0.998702,0
11230,0,1012.57,1013.887,0.998702,0
11231,0,1935.746,1947.306,0.994064,0
11232,0,1935.746,1947.306,0.994064,0
11233,0,227.478,225.308,1.00963,0
11234,0,227.478,225.308,1.00963,0
11235,0,449.598,450.616,0.99774,0
11236,0,449.598,450.616,0.99774,0
11237,1,1782.674,1786.372,0.99793,0
11238,1,1782.674,1786.372,0.99793,0
11239,0,1853.379,1899.026,0.975963,0
11240,0,1853.379,1899.026,0.975963,0
11241,0,2006.114,1995.587,1.005275,0
11242,0,2006.114,1995.587,1.005275,0
11243,0,802.529,804.672,0.997337,0
11244,0,802.529,804.672,0.997337,0
11245,0,480.49,482.803,0.995208,0
11246,0,480.49,482.803,0.995208,0
11247,0,2982.083,3283.062,0.908324,0
11248,0,2982.083,3283.062,0.908324,0
11249,0,546.844,547.177,0.999392,0
11250,0,546.844,547.177,0.999392,0
11251,0,1608.04,1609.344,0.99919,0
11252,0,1608.04,1609.344,0.99919,0
11253,0,1742.085,1738.092,1.002298,0
11254,0,1742.085,1738.092,1.002298,0
11255,0,690.027,692.018,0.997123,0
11256,0,690.027,692.018,0.997123,0
11257,0,220.128,225.308,0.977009,0
11258,0,220.128,225.308,0.977009,0
11259,0,97.184,96.561,1.006451,0
11260,0,97.184,96.561,1.006451,0
11261,0,45.701,48.28,0.946573,0
11262,0,45.701,48.28,0.946573,0
11263,0,220.85,225.308,0.980214,0
11264,0,220.85,225.308,0.980214,0
11265,0,110.984,112.654,0.985174,0
11266,0,110.984,112.654,0.985174,0
11267,0,107.786,112.654,0.956791,0
11268,0,107.786,112.654,0.956791,0
11269,0,110.802,112.654,0.983558,0
11270,0,110.802,112.654,0.983558,0
11271,0,105.225,112.654,0.934057,0
11272,0,105.225,112.654,0.934057,0
11273,0,69.154,64.374,1.074253,0
11274,0,69.154,64.374,1.074253,0
11275,0,128.415,128.748,0.99742,0
11276,0,128.415,128.748,0.99742,0
11277,0,379.828,402.336,0.944056,0
11278,0,379.828,402.336,0.944056,0
11279,0,161.818,160.934,1.005493,0
11280,0,161.818,160.934,1.005493,0
11281,0,148.763,144.841,1.02708,0
11282,0,148.763,144.841,1.02708,0
11283,0,187.878,193.121,0.972851,0
11284,0,187.878,193.121,0.972851,0
11285,0,95.763,96.561,0.991741,0
11286,0,95.763,96.561,0.991741,0
11287,0,472.538,466.71,1.012488,0
11288,0,472.538,466.71,1.012488,0
11289,0,1309.282,1303.569,1.004383,0
11290,0,1309.282,1303.569,1.004383,0
11291,0,1431.264,1432.316,0.999265,0
11292,0,1431.264,1432.316,0.999265,0
11293,0,627.715,627.644,1.000113,0
11294,0,627.715,627.644,1.000113,0
11295,0,126.59,128.748,0.983244,0
11296,0,126.59,128.748,0.983244,0
11297,0,494.397,498.897,0.99098,0
11298,0,511.012,514.99,0.992275,0
11299,0,107.702,112.654,0.956041,0
11300,0,107.702,112.654,0.956041,0
11301,0,86.707,80.467,1.077546,0
11302,0,86.707,80.467,1.077546,0
11303,0,26.605,32.187,0.826578,0
11304,0,26.605,32.187,0.826578,0
11305,0,595.043,595.457,0.999304,0
11306,0,595.043,595.457,0.999304,0
11307,0,311.216,305.775,1.017791,0
11308,0,311.216,305.775,1.017791,0
11309,0,169.824,177.028,0.959305,0
11310,0,169.824,177.028,0.959305,0
11311,0,131.132,128.748,1.018518,0
11312,0,131.132,128.748,1.018518,0
11313,0,302.403,305.775,0.988971,0
11314,0,302.403,305.775,0.988971,0
11315,0,112.599,112.654,0.999512,0
11316,0,112.599,112.654,0.999512,0
11317,0,606.362,611.551,0.991516,0
11318,0,606.362,611.551,0.991516,0
11319,0,677.72,675.924,1.002656,0
11320,0,677.72,675.924,1.002656,0
11321,0,252.432,257.495,0.980338,0
11322,0,252.432,257.495,0.980338,0
11323,0,563.755,563.27,1.00086,0
11324,0,563.755,563.27,1.00086,0
11325,0,248.786,241.402,1.030592,0
11326,0,248.786,241.402,1.030592,0
11327,0,405.937,402.336,1.00895,0
11328,0,405.937,402.336,1.00895,0
11329,0,466.466,466.71,0.999478,0
11330,0,466.466,466.71,0.999478,0
11331,0,205.445,209.215,0.98198,0
11332,0,205.445,209.215,0.98198,0
11333,0,138.476,144.841,0.956059,0
11334,0,138.476,144.841,0.956059,0
11335,0,697.444,692.018,1.007842,0
11336,0,697.444,692.018,1.007842,0
11337,0,482.724,482.803,0.999837,0
11338,0,482.724,482.803,0.999837,0
11339,0,39.356,32.187,1.222721,1
11340,0,39.356,32.187,1.222721,1
11341,0,756.334,788.579,0.95911,0
11342,0,756.334,788.579,0.95911,0
11343,0,630.116,659.831,0.954966,0
11344,0,630.116,659.831,0.954966,0
11345,0,453.908,466.71,0.972571,0
11346,0,453.908,466.71,0.972571,0
11347,0,497.204,498.897,0.996607,0
11348,0,497.204,498.897,0.996607,0
11349,0,552.517,708.111,0.780268,0
11350,0,552.517,708.111,0.780268,0
11351,0,634.072,627.644,1.010242,0
11352,0,634.072,627.644,1.010242,0
11353,0,320.473,321.869,0.995663,0
11354,0,320.473,321.869,0.995663,0
11355,0,282.328,289.682,0.974613,0
11356,0,282.328,289.682,0.974613,0
11357,0,331.968,337.962,0.982262,0
11358,0,331.968,337.962,0.982262,0
11359,0,254.508,257.495,0.9884,0
11360,0,254.508,257.495,0.9884,0
11361,0,237.434,241.402,0.983563,0
11362,0,237.434,241.402,0.983563,0
11363,0,139.095,144.841,0.960332,0
11364,0,139.095,144.841,0.960332,0
11365,0,98.351,96.561,1.018539,0
11366,0,98.351,96.561,1.018539,0
11367,0,206.368,289.682,0.712396,0
11368,0,206.368,289.682,0.712396,0
11369,0,106.288,112.654,0.94349,0
11370,0,106.288,112.654,0.94349,0
11371,0,256.556,257.495,0.996351,0
11372,0,256.556,257.495,0.996351,0
11373,0,210.622,209.215,1.006727,0
11374,0,210.622,209.215,1.006727,0
11375,0,99.747,96.561,1.032996,0
11376,0,99.747,96.561,1.032996,0
11377,0,1022.045,1013.887,1.008047,0
11378,0,1022.045,1013.887,1.008047,0
11379,0,423.403,450.616,0.939608,0
11380,0,423.403,450.616,0.939608,0
11381,0,690.141,724.205,0.952964,0
11382,0,690.141,724.205,0.952964,0
11383,0,151.026,144.841,1.042701,0
11384,0,151.026,144.841,1.042701,0
11385,0,756.648,756.392,1.000339,0
11386,0,756.648,756.392,1.000339,0
11387,0,481.819,482.803,0.997961,0
11388,0,481.819,482.803,0.997961,0
11389,0,223.453,225.308,0.991768,0
11390,0,223.453,225.308,0.991768,0
11391,0,41.384,48.28,0.857166,0
11392,0,41.384,48.28,0.857166,0
11393,0,327.043,321.869,1.016077,0
11394,0,327.043,321.869,1.016077,0
11395,0,86.519,80.467,1.075207,0
11396,0,86.519,80.467,1.075207,0
11397,0,239.459,257.495,0.929955,0
11398,0,239.459,257.495,0.929955,0
11399,0,365.979,370.149,0.988733,0
11400,0,365.979,370.149,0.988733,0
11401,0,237.671,241.402,0.984544,0
11402,0,237.671,241.402,0.984544,0
11403,0,129.219,128.748,1.003662,0
11404,0,129.219,128.748,1.003662,0
11405,0,664.251,675.924,0.98273,0
11406,0,664.251,675.924,0.98273,0
11407,0,585.236,579.364,1.010136,0
11408,0,585.236,579.364,1.010136,0
11409,0,67.412,64.374,1.04719,0
11410,0,67.412,64.374,1.04719,0
11411,0,130.705,128.748,1.015206,0
11412,0,130.705,128.748,1.015206,0
11413,0,173.381,177.028,0.9794,0
11414,0,173.381,177.028,0.9794,0
11415,0,196.633,193.121,1.018186,0
11416,0,196.633,193.121,1.018186,0
11417,0,366.608,370.149,0.990433,0
11418,0,366.608,370.149,0.990433,0
11419,0,259.235,257.495,1.006757,0
11420,0,259.235,257.495,1.006757,0
11421,0,255.574,257.495,0.992538,0
11422,0,255.574,257.495,0.992538,0
11423,0,261.269,257.495,1.014657,0
11424,0,261.269,257.495,1.014657,0
11425,0,146.452,144.841,1.011121,0
11426,0,146.452,144.841,1.011121,0
11427,0,288.183,289.682,0.994826,0
11428,0,288.183,289.682,0.994826,0
11429,0,382.06,386.243,0.98917,0
11430,0,382.06,386.243,0.98917,0
11431,0,391.617,386.243,1.013914,0
11432,0,391.617,386.243,1.013914,0
11433,0,469.8,466.71,1.006622,0
11434,0,469.8,466.71,1.006622,0
11435,0,417.3,418.429,0.997301,0
11436,0,417.3,418.429,0.997301,0
11437,0,412.75,418.429,0.986426,0
11438,0,412.75,418.429,0.986426,0
11439,0,109.547,112.654,0.972422,0
11440,0,109.547,112.654,0.972422,0
11441,0,255.198,257.495,0.991078,0
11442,0,255.198,257.495,0.991078,0
11443,0,244.624,241.402,1.013351,0
11444,0,244.624,241.402,1.013351,0
11445,0,186.735,193.121,0.966933,0
11446,0,186.735,193.121,0.966933,0
11447,0,213.738,209.215,1.02162,0
11448,0,213.738,209.215,1.02162,0
11449,0,132.645,128.748,1.030275,0
11450,0,132.645,128.748,1.030275,0
11451,0,245.085,241.402,1.015258,0
11452,0,245.085,241.402,1.015258,0
11453,0,166.099,160.934,1.032093,0
11454,0,166.099,160.934,1.032093,0
11455,0,489.327,498.897,0.980818,0
11456,0,489.327,498.897,0.980818,0
11457,0,328.81,337.962,0.972921,0
11458,0,328.81,337.962,0.972921,0
11459,0,491.035,498.897,0.984242,0
11460,0,491.035,498.897,0.984242,0
11461,0,634.579,643.738,0.985773,0
11462,0,634.579,643.738,0.985773,0
11463,0,166.421,160.934,1.03409,0
11464,0,166.421,160.934,1.03409,0
11465,0,432.26,434.523,0.994791,0
11466,0,432.26,434.523,0.994791,0
11467,0,262.886,273.588,0.960879,0
11468,0,262.886,273.588,0.960879,0
11469,0,658.547,659.831,0.998054,0
11470,0,658.547,659.831,0.998054,0
11471,0,217.862,225.308,0.966949,0
11472,0,217.862,225.308,0.966949,0
11473,0,300.474,305.775,0.982662,0
11474,0,300.474,305.775,0.982662,0
11475,0,452.591,450.616,1.004382,0
11476,0,452.591,450.616,1.004382,0
11477,0,243.967,257.495,0.947462,0
11478,0,243.967,257.495,0.947462,0
11479,0,168.092,160.934,1.044478,0
11480,0,168.092,160.934,1.044478,0
11481,0,324.893,321.869,1.009395,0
11482,0,324.893,321.869,1.009395,0
11483,0,558.691,595.457,0.938255,0
11484,0,558.691,595.457,0.938255,0
11485,0,651.098,708.111,0.919485,0
11486,0,651.098,708.111,0.919485,0
11487,0,463.267,466.71,0.992623,0
11488,0,463.267,466.71,0.992623,0
11489,0,100.4,96.561,1.039762,0
11490,0,100.4,96.561,1.039762,0
11491,0,582.892,579.364,1.00609,0
11492,0,582.892,579.364,1.00609,0
11493,0,423.925,418.429,1.013134,0
11494,0,423.925,418.429,1.013134,0
11495,0,180.363,177.028,1.01884,0
11496,0,180.363,177.028,1.01884,0
11497,0,248.114,241.402,1.027806,0
11498,0,248.114,241.402,1.027806,0
11499,0,545.26,547.177,0.996497,0
11500,0,545.26,547.177,0.996497,0
11501,0,414.917,418.429,0.991606,0
11502,0,414.917,418.429,0.991606,0
11503,0,257.787,257.495,1.001134,0
11504,0,257.787,257.495,1.001134,0
11505,0,77.359,80.467,0.961371,0
11506,0,77.359,80.467,0.961371,0
11507,0,222.363,225.308,0.986929,0
11508,0,222.363,225.308,0.986929,0
11509,0,230.21,225.308,1.021756,0
11510,0,230.21,225.308,1.021756,0
11511,0,278.825,273.588,1.019141,0
11512,0,278.825,273.588,1.019141,0
11513,0,221.28,225.308,0.982124,0
11514,0,221.28,225.308,0.982124,0
11515,0,110.39,112.654,0.979905,0
11516,0,110.39,112.654,0.979905,0
11517,0,354.398,386.243,0.917552,0
11518,0,354.398,386.243,0.917552,0
11519,0,454.61,450.616,1.008862,0
11520,0,454.61,450.616,1.008862,0
11521,0,508.02,514.99,0.986466,0
11522,0,508.02,514.99,0.986466,0
11523,0,595.505,595.457,1.000079,0
11524,0,595.505,595.457,1.000079,0
11525,0,22.243,16.093,1.382087,1
11526,0,22.243,16.093,1.382087,1
11527,0,336.082,337.962,0.994437,0
11528,0,336.082,337.962,0.994437,0
11529,0,261.855,257.495,1.016932,0
11530,0,261.855,257.495,1.016932,0
11531,0,395.838,402.336,0.983849,0
11532,0,395.838,402.336,0.983849,0
11533,0,59.202,64.374,0.919655,0
11534,0,59.202,64.374,0.919655,0
11535,0,578.635,579.364,0.998743,0
11536,0,578.635,579.364,0.998743,0
11537,0,356.502,354.056,1.00691,0
11538,0,356.502,354.056,1.00691,0
11539,0,234.649,241.402,0.972026,0
11540,0,234.649,241.402,0.972026,0
11541,0,261.684,257.495,1.016269,0
11542,0,261.684,257.495,1.016269,0
11543,0,108.379,112.654,0.962054,0
11544,0,108.379,112.654,0.962054,0
11545,0,41.789,48.28,0.865554,0
11546,0,41.789,48.28,0.865554,0
11547,0,86.298,80.467,1.072465,0
11548,0,86.298,80.467,1.072465,0
11549,0,461.325,466.71,0.988463,0
11550,0,461.325,466.71,0.988463,0
11551,0,494.454,498.897,0.991094,0
11552,0,494.454,498.897,0.991094,0
11553,0,298.274,305.775,0.975466,0
11554,0,298.274,305.775,0.975466,0
11555,0,97.467,96.561,1.009388,0
11556,0,97.467,96.561,1.009388,0
11557,0,278.441,273.588,1.017737,0
11558,0,278.441,273.588,1.017737,0
11559,0,182.162,177.028,1.029001,0
11560,0,182.162,177.028,1.029001,0
11561,0,345.485,354.056,0.975792,0
11562,0,345.485,354.056,0.975792,0
11563,0,384.185,386.243,0.994672,0
11564,0,384.185,386.243,0.994672,0
11565,0,509.842,692.018,0.736747,0
11566,0,509.842,692.018,0.736747,0
11567,0,305.366,305.775,0.998663,0
11568,0,305.366,305.775,0.998663,0
11569,0,410.753,418.429,0.981653,0
11570,0,410.753,418.429,0.981653,0
11571,0,242.925,257.495,0.943418,0
11572,0,242.925,257.495,0.943418,0
11573,0,466.708,466.71,0.999997,0
11574,0,466.708,466.71,0.999997,0
11575,0,398.728,402.336,0.991033,0
11576,0,398.728,402.336,0.991033,0
11577,0,533.9,547.177,0.975736,0
11578,0,533.9,547.177,0.975736,0
11579,0,471.764,498.897,0.945615,0
11580,0,471.764,498.897,0.945615,0
11581,0,42.954,48.28,0.889673,0
11582,0,42.954,48.28,0.889673,0
11583,0,971.422,965.606,1.006022,0
11584,0,971.422,965.606,1.006022,0
11585,0,182.448,193.121,0.944731,0
11586,0,182.448,193.121,0.944731,0
11587,0,192.741,193.121,0.998032,0
11588,0,192.741,193.121,0.998032,0
11589,0,884.958,901.233,0.981942,0
11590,0,884.958,901.233,0.981942,0
11591,0,1052.66,1078.26,0.976258,0
11592,0,1052.66,1078.26,0.976258,0
11593,0,851.217,901.233,0.944503,0
11594,0,851.217,901.233,0.944503,0
11595,0,46.456,48.28,0.962217,0
11596,0,46.456,48.28,0.962217,0
11597,0,366.515,370.149,0.990182,0
11598,0,366.515,370.149,0.990182,0
11599,0,288.936,289.682,0.997424,0
11600,0,288.936,289.682,0.997424,0
11601,0,45.454,48.28,0.941462,0
11602,0,45.454,48.28,0.941462,0
11603,0,432.429,434.523,0.995182,0
11604,0,432.429,434.523,0.995182,0
11605,0,217.442,225.308,0.965087,0
11606,0,217.442,225.308,0.965087,0
11607,0,28.968,32.187,0.899989,0
11608,0,28.968,32.187,0.899989,0
11609,0,64.531,64.374,1.00244,0
11610,0,64.531,64.374,1.00244,0
11611,0,266.321,273.588,0.973437,0
11612,0,266.321,273.588,0.973437,0
11613,0,322.405,321.869,1.001667,0
11614,0,322.405,321.869,1.001667,0
11615,0,108.736,112.654,0.965223,0
11616,0,108.736,112.654,0.965223,0
11617,0,201.463,209.215,0.96295,0
11618,0,201.463,209.215,0.96295,0
11619,0,222.837,225.308,0.989033,0
11620,0,222.837,225.308,0.989033,0
11621,0,42.536,48.28,0.881023,0
11622,0,42.536,48.28,0.881023,0
11623,0,37.133,32.187,1.153678,0
11624,0,37.133,32.187,1.153678,0
11625,0,38.139,32.187,1.184925,0
11626,0,38.139,32.187,1.184925,0
11627,0,525.771,579.364,0.907498,0
11628,0,525.771,579.364,0.907498,0
11629,0,338.031,337.962,1.000204,0
11630,0,338.031,337.962,1.000204,0
11631,0,1037.445,1207.008,0.859518,0
11632,0,1037.445,1207.008,0.859518,0
11633,0,744.631,740.298,1.005852,0
11634,0,744.631,740.298,1.005852,0
11635,0,741.1,740.298,1.001082,0
11636,0,741.1,740.298,1.001082,0
11637,0,352.851,370.149,0.953266,0
11638,0,352.851,370.149,0.953266,0
11639,0,401.799,402.336,0.998666,0
11640,0,401.799,402.336,0.998666,0
11641,0,304.095,305.775,0.994504,0
11642,0,304.095,305.775,0.994504,0
11643,0,373.813,370.149,1.009898,0
11644,0,373.813,370.149,1.009898,0
11645,0,427.494,434.523,0.983824,0
11646,0,427.494,434.523,0.983824,0
11647,0,620.54,627.644,0.988682,0
11648,0,620.54,627.644,0.988682,0
11649,0,638.064,643.738,0.991187,0
11650,0,638.064,643.738,0.991187,0
11651,0,165.043,160.934,1.025532,0
11652,0,165.043,160.934,1.025532,0
11653,0,483.493,482.803,1.00143,0
11654,0,483.493,482.803,1.00143,0
11655,0,496.31,498.897,0.994814,0
11656,0,496.31,498.897,0.994814,0
11657,0,83.033,80.467,1.031892,0
11658,0,83.033,80.467,1.031892,0
11659,0,631.068,675.924,0.933638,0
11660,0,631.068,675.924,0.933638,0
11661,0,635.45,659.831,0.96305,0
11662,0,635.45,659.831,0.96305,0
11663,0,27.523,32.187,0.855106,0
11664,0,27.523,32.187,0.855106,0
11665,0,235.986,241.402,0.977567,0
11666,0,235.986,241.402,0.977567,0
11667,0,276.629,273.588,1.011112,0
11668,0,276.629,273.588,1.011112,0
11669,0,244.524,241.402,1.012936,0
11670,0,244.524,241.402,1.012936,0
11671,0,343.192,337.962,1.015474,0
11672,0,343.192,337.962,1.015474,0
11673,0,302.731,305.775,0.990044,0
11674,0,302.731,305.775,0.990044,0
11675,0,240.212,241.402,0.995072,0
11676,0,240.212,241.402,0.995072,0
11677,0,917.172,917.326,0.999832,0
11678,0,917.172,917.326,0.999832,0
11679,0,489.937,482.803,1.014776,0
11680,0,489.937,482.803,1.014776,0
11681,0,133.0,128.748,1.033029,0
11682,0,133.0,128.748,1.033029,0
11683,0,360.115,354.056,1.017114,0
11684,0,360.115,354.056,1.017114,0
11685,0,267.502,273.588,0.977755,0
11686,0,267.502,273.588,0.977755,0
11687,0,651.316,659.831,0.987096,0
11688,0,651.316,659.831,0.987096,0
11689,0,464.037,466.71,0.994274,0
11690,0,464.037,466.71,0.994274,0
11691,0,527.061,531.084,0.992425,0
11692,0,527.061,531.084,0.992425,0
11693,0,299.353,305.775,0.978998,0
11694,0,299.353,305.775,0.978998,0
11695,0,272.699,273.588,0.996748,0
11696,0,272.699,273.588,0.996748,0
11697,0,231.26,241.402,0.957987,0
11698,0,231.26,241.402,0.957987,0
11699,0,399.26,402.336,0.992355,0
11700,0,399.26,402.336,0.992355,0
11701,0,150.796,144.841,1.041116,0
11702,0,150.796,144.841,1.041116,0
11703,0,196.856,193.121,1.019341,0
11704,0,196.856,193.121,1.019341,0
11705,0,80.863,80.467,1.004916,0
11706,0,80.863,80.467,1.004916,0
11707,0,195.595,193.121,1.012807,0
11708,0,195.595,193.121,1.012807,0
11709,0,103.308,96.561,1.069879,0
11710,0,103.308,96.561,1.069879,0
11711,0,186.22,193.121,0.964267,0
11712,0,186.22,193.121,0.964267,0
11713,0,271.504,273.588,0.992382,0
11714,0,271.504,273.588,0.992382,0
11715,0,339.312,337.962,1.003992,0
11716,0,339.312,337.962,1.003992,0
11717,0,32.538,32.187,1.01092,0
11718,0,32.538,32.187,1.01092,0
11719,0,283.625,289.682,0.97909,0
11720,0,283.625,289.682,0.97909,0
11721,0,331.624,337.962,0.981246,0
11722,0,331.624,337.962,0.981246,0
11723,0,526.038,547.177,0.961368,0
11724,0,526.038,547.177,0.961368,0
11725,0,244.459,241.402,1.012664,0
11726,0,244.459,241.402,1.012664,0
11727,0,326.713,321.869,1.01505,0
11728,0,326.713,321.869,1.01505,0
11729,0,588.645,595.457,0.988559,0
11730,0,588.645,595.457,0.988559,0
11731,0,348.785,354.056,0.985115,0
11732,0,348.785,354.056,0.985115,0
11733,0,600.268,595.457,1.008078,0
11734,0,600.268,595.457,1.008078,0
11735,0,434.581,434.523,1.000134,0
11736,0,434.581,434.523,1.000134,0
11737,0,321.532,321.869,0.998953,0
11738,0,321.532,321.869,0.998953,0
11739,0,280.77,273.588,1.02625,0
11740,0,280.77,273.588,1.02625,0
11741,0,465.815,466.71,0.998082,0
11742,0,465.815,466.71,0.998082,0
11743,0,331.702,337.962,0.981476,0
11744,0,331.702,337.962,0.981476,0
11745,0,297.809,305.775,0.973946,0
11746,0,297.809,305.775,0.973946,0
11747,0,237.658,241.402,0.984492,0
11748,0,237.658,241.402,0.984492,0
11749,0,214.301,209.215,1.024312,0
11750,0,214.301,209.215,1.024312,0
11751,0,309.536,305.775,1.012299,0
11752,0,309.536,305.775,1.012299,0
11753,0,835.295,981.7,0.850866,0
11754,0,835.295,981.7,0.850866,0
11755,0,517.582,804.672,0.643222,0
11756,0,517.582,804.672,0.643222,0
11757,0,388.482,402.336,0.965566,0
11758,0,388.482,402.336,0.965566,0
11759,0,817.558,885.139,0.923649,0
11760,0,817.558,885.139,0.923649,0
11761,0,284.596,289.682,0.982442,0
11762,0,284.596,289.682,0.982442,0
11763,0,653.039,692.018,0.943674,0
11764,0,653.039,692.018,0.943674,0
11765,0,798.912,804.672,0.992842,0
11766,0,798.912,804.672,0.992842,0
11767,0,442.555,450.616,0.982111,0
11768,0,442.555,450.616,0.982111,0
11769,0,267.866,273.588,0.979085,0
11770,0,267.866,273.588,0.979085,0
11771,0,434.236,450.616,0.96365,0
11772,0,434.236,450.616,0.96365,0
11773,0,268.48,273.588,0.981326,0
11774,0,268.48,273.588,0.981326,0
11775,0,648.332,659.831,0.982572,0
11776,0,648.332,659.831,0.982572,0
11777,0,221.811,225.308,0.984478,0
11778,0,221.811,225.308,0.984478,0
11779,0,339.074,337.962,1.003291,0
11780,0,339.074,337.962,1.003291,0
11781,0,292.151,289.682,1.008525,0
11782,0,292.151,289.682,1.008525,0
11783,0,782.017,788.579,0.99168,0
11784,0,782.017,788.579,0.99168,0
11785,0,316.998,321.869,0.984868,0
11786,0,316.998,321.869,0.984868,0
11787,0,420.548,418.429,1.005062,0
11788,0,420.548,418.429,1.005062,0
11789,0,107.633,112.654,0.955429,0
11790,0,107.633,112.654,0.955429,0
11791,0,72.68,80.467,0.903225,0
11792,0,72.68,80.467,0.903225,0
11793,0,276.766,289.682,0.955414,0
11794,0,276.766,289.682,0.955414,0
11795,0,91.915,96.561,0.951885,0
11796,0,91.915,96.561,0.951885,0
11797,0,244.227,257.495,0.948472,0
11798,0,244.227,257.495,0.948472,0
11799,0,233.379,225.308,1.035821,0
11800,0,233.379,225.308,1.035821,0
11801,0,437.625,434.523,1.007139,0
11802,0,437.625,434.523,1.007139,0
11803,0,386.995,482.803,0.801558,0
11804,0,386.995,482.803,0.801558,0
11805,0,278.315,289.682,0.96076,0
11806,0,278.315,289.682,0.96076,0
11807,0,715.886,708.111,1.010979,0
11808,0,715.886,708.111,1.010979,0
11809,0,647.736,692.018,0.93601,0
11810,0,647.736,692.018,0.93601,0
11811,0,584.416,579.364,1.008721,0
11812,0,584.416,579.364,1.008721,0
11813,0,598.53,595.457,1.00516,0
11814,0,598.53,595.457,1.00516,0
11815,0,256.093,257.495,0.994554,0
11816,0,256.093,257.495,0.994554,0
11817,0,147.515,144.841,1.018459,0
11818,0,147.515,144.841,1.018459,0
11819,0,20.927,16.093,1.300348,1
11820,0,20.927,16.093,1.300348,1
11821,0,289.614,386.243,0.749823,0
11822,0,289.614,386.243,0.749823,0
11823,0,220.486,225.308,0.9786,0
11824,0,220.486,225.308,0.9786,0
11825,0,229.565,225.308,1.018893,0
11826,0,229.565,225.308,1.018893,0
11827,0,246.592,241.402,1.021503,0
11828,0,246.592,241.402,1.021503,0
11829,0,238.204,241.402,0.986755,0
11830,0,238.204,241.402,0.986755,0
11831,0,410.943,418.429,0.982107,0
11832,0,410.943,418.429,0.982107,0
11833,0,815.233,965.606,0.84427,0
11834,0,815.233,965.606,0.84427,0
11835,0,37.923,32.187,1.178203,0
11836,0,37.923,32.187,1.178203,0
11837,0,660.721,675.924,0.977507,0
11838,0,660.721,675.924,0.977507,0
11839,0,836.258,836.859,0.999281,0
11840,0,836.258,836.859,0.999281,0
11841,0,161.643,160.934,1.004401,0
11842,0,161.643,160.934,1.004401,0
11843,0,818.936,820.765,0.997771,0
11844,0,818.936,820.765,0.997771,0
11845,0,971.663,1384.036,0.702051,0
11846,0,971.663,1384.036,0.702051,0
11847,0,461.856,563.27,0.819954,0
11848,0,461.856,563.27,0.819954,0
11849,0,48.285,48.28,1.000102,0
11850,0,48.285,48.28,1.000102,0
11851,0,31.474,32.187,0.977841,0
11852,0,31.474,32.187,0.977841,0
11853,0,39.011,32.187,1.212012,1
11854,0,39.011,32.187,1.212012,1
11855,0,368.555,370.149,0.995693,0
11856,0,368.555,370.149,0.995693,0
11857,0,304.816,305.775,0.996863,0
11858,0,304.816,305.775,0.996863,0
11859,0,1696.762,1947.306,0.871338,0
11860,0,1696.762,1947.306,0.871338,0
11861,0,2381.222,2607.137,0.913347,0
11862,0,2381.222,2607.137,0.913347,0
11863,0,1519.905,1641.531,0.925907,0
11864,0,1519.905,1641.531,0.925907,0
11865,0,729.813,820.765,0.889186,0
11866,0,729.813,820.765,0.889186,0
11867,0,1059.844,1062.167,0.997813,0
11868,0,1059.844,1062.167,0.997813,0
11869,0,1367.45,1400.129,0.97666,0
11870,0,1367.45,1400.129,0.97666,0
11871,0,519.559,531.084,0.978299,0
11872,0,519.559,531.084,0.978299,0
11873,0,527.802,531.084,0.993821,0
11874,0,527.802,531.084,0.993821,0
11875,0,2012.157,2140.428,0.940073,0
11876,0,2012.157,2140.428,0.940073,0
11877,0,592.852,595.457,0.995625,0
11878,0,592.852,595.457,0.995625,0
11879,0,114.467,112.654,1.016089,0
11880,0,114.467,112.654,1.016089,0
11881,0,214.485,209.215,1.025192,0
11882,0,214.485,209.215,1.025192,0
11883,0,394.404,386.243,1.021131,0
11884,0,394.404,386.243,1.021131,0
11885,0,278.613,273.588,1.018364,0
11886,0,278.613,273.588,1.018364,0
11887,0,91.996,96.561,0.952733,0
11888,0,91.996,96.561,0.952733,0
11889,0,544.446,547.177,0.99501,0
11890,0,544.446,547.177,0.99501,0
11891,0,164.96,160.934,1.025013,0
11892,0,164.96,160.934,1.025013,0
11893,0,379.555,386.243,0.982686,0
11894,0,379.555,386.243,0.982686,0
11895,0,282.918,289.682,0.976649,0
11896,0,282.918,289.682,0.976649,0
11897,0,36.132,32.187,1.122559,0
11898,0,36.132,32.187,1.122559,0
11899,0,117.074,112.654,1.039234,0
11900,0,117.074,112.654,1.039234,0
11901,0,436.983,434.523,1.005661,0
11902,0,436.983,434.523,1.005661,0
11903,0,1544.849,1689.811,0.914214,0
11904,0,1544.849,1689.811,0.914214,0
11905,0,872.557,1062.167,0.821487,0
11906,0,872.557,1062.167,0.821487,0
11907,0,529.935,531.084,0.997837,0
11908,0,529.935,531.084,0.997837,0
11909,0,1433.088,1448.41,0.989422,0
11910,0,1433.088,1448.41,0.989422,0
11911,0,2840.798,3830.239,0.741676,0
11912,0,2840.798,3830.239,0.741676,0
11913,0,1234.836,1287.475,0.959114,0
11914,0,1234.836,1287.475,0.959114,0
11915,0,994.453,1013.887,0.980833,0
11916,0,994.453,1013.887,0.980833,0
11917,0,751.735,756.392,0.993843,0
11918,0,751.735,756.392,0.993843,0
11919,0,2399.889,2993.38,0.801732,0
11920,0,2399.889,2993.38,0.801732,0
11921,0,1368.865,1544.97,0.886014,0
11922,0,1368.865,1544.97,0.886014,0
11923,0,328.858,321.869,1.021716,0
11924,0,328.858,321.869,1.021716,0
11925,0,183.944,177.028,1.039068,0
11926,0,183.944,177.028,1.039068,0
11927,0,117.163,112.654,1.040028,0
11928,0,117.163,112.654,1.040028,0
11929,0,94.999,96.561,0.983825,0
11930,0,94.999,96.561,0.983825,0
11931,0,604.658,611.551,0.98873,0
11932,0,604.658,611.551,0.98873,0
11933,0,674.711,675.924,0.998205,0
11934,0,674.711,675.924,0.998205,0
11935,0,163.356,160.934,1.015048,0
11936,0,163.356,160.934,1.015048,0
11937,0,1352.135,1351.849,1.000212,0
11938,0,1352.135,1351.849,1.000212,0
11939,0,375.482,370.149,1.014408,0
11940,0,375.482,370.149,1.014408,0
11941,0,1072.818,1158.728,0.925858,0
11942,0,1072.818,1158.728,0.925858,0
11943,0,473.579,466.71,1.014719,0
11944,0,473.579,466.71,1.014719,0
11945,0,2421.853,2430.109,0.996602,0
11946,0,2421.853,2430.109,0.996602,0
11947,0,211.32,209.215,1.010062,0
11948,0,211.32,209.215,1.010062,0
11949,0,1442.099,1448.41,0.995643,0
11950,0,1442.099,1448.41,0.995643,0
11951,0,1468.164,1464.503,1.0025,0
11952,0,1468.164,1464.503,1.0025,0
11953,0,1275.878,1432.316,0.89078,0
11954,0,1275.878,1432.316,0.89078,0
11955,0,1744.76,1738.092,1.003836,0
11956,0,1744.76,1738.092,1.003836,0
11957,0,1404.018,1400.129,1.002778,0
11958,0,1404.018,1400.129,1.002778,0
11959,0,739.923,740.298,0.999493,0
11960,0,739.923,740.298,0.999493,0
11961,0,1666.145,1770.278,0.941177,0
11962,0,1666.145,1770.278,0.941177,0
11963,0,1726.516,1834.652,0.941059,0
11964,0,1726.516,1834.652,0.941059,0
11965,0,912.474,933.42,0.97756,0
11966,0,912.474,933.42,0.97756,0
11967,0,1381.027,1432.316,0.964191,0
11968,0,1381.027,1432.316,0.964191,0
11969,0,656.048,692.018,0.948022,0
11970,0,656.048,692.018,0.948022,0
11971,0,1158.078,1158.728,0.99944,0
11972,0,1158.078,1158.728,0.99944,0
11973,0,707.214,708.111,0.998733,0
11974,0,707.214,708.111,0.998733,0
11975,0,925.629,933.42,0.991654,0
11976,0,925.629,933.42,0.991654,0
11977,0,389.783,386.243,1.009167,0
11978,0,389.783,386.243,1.009167,0
11979,0,389.22,386.243,1.007707,0
11980,0,389.22,386.243,1.007707,0
11981,0,842.904,869.046,0.969919,0
11982,0,842.904,869.046,0.969919,0
11983,0,563.414,563.27,1.000255,0
11984,0,563.414,563.27,1.000255,0
11985,0,69.836,64.374,1.084856,0
11986,0,69.836,64.374,1.084856,0
11987,0,121.773,128.748,0.945828,0
11988,0,121.773,128.748,0.945828,0
11989,0,1114.619,1126.541,0.989417,0
11990,0,1114.619,1126.541,0.989417,0
11991,0,1299.155,1416.223,0.917338,0
11992,0,1299.155,1416.223,0.917338,0
11993,0,140.5,144.841,0.970029,0
11994,0,140.5,144.841,0.970029,0
11995,0,1491.582,1673.718,0.891179,0
11996,0,1491.582,1673.718,0.891179,0
11997,0,993.01,1029.98,0.964106,0
11998,0,993.01,1029.98,0.964106,0
11999,0,901.475,901.233,1.000269,0
12000,0,901.475,901.233,1.000269,0
12001,0,1407.528,1496.69,0.940427,0
12002,0,1407.528,1496.69,0.940427,0
12003,0,634.809,643.738,0.986131,0
12004,0,634.809,643.738,0.986131,0
12005,0,89.446,96.561,0.926318,0
12006,0,89.446,96.561,0.926318,0
12007,0,294.704,289.682,1.017337,0
12008,0,294.704,289.682,1.017337,0
12009,0,834.479,852.952,0.978342,0
12010,0,834.479,852.952,0.978342,0
12011,0,1034.904,1062.167,0.974333,0
12012,0,1034.904,1062.167,0.974333,0
12013,0,768.833,772.485,0.995272,0
12014,0,768.833,772.485,0.995272,0
12015,0,1471.883,1528.877,0.962722,0
12016,0,1471.883,1528.877,0.962722,0
12017,0,368.33,370.149,0.995084,0
12018,0,368.33,370.149,0.995084,0
12019,0,920.114,917.326,1.00304,0
12020,0,920.114,917.326,1.00304,0
12021,0,1022.113,1013.887,1.008114,0
12022,0,1022.113,1013.887,1.008114,0
12023,0,516.74,514.99,1.003398,0
12024,0,516.74,514.99,1.003398,0
12025,0,1098.588,1094.354,1.003869,0
12026,0,1098.588,1094.354,1.003869,0
12027,0,757.308,756.392,1.001211,0
12028,0,757.308,756.392,1.001211,0
12029,0,414.089,418.429,0.989628,0
12030,0,414.089,418.429,0.989628,0
12031,0,134.897,128.748,1.047761,0
12032,0,134.897,128.748,1.047761,0
12033,0,38.922,32.187,1.209262,1
12034,0,38.922,32.187,1.209262,1
12035,0,1682.095,1754.185,0.958904,0
12036,0,1682.095,1754.185,0.958904,0
12037,0,210.896,209.215,1.008038,0
12038,0,210.896,209.215,1.008038,0
12039,0,573.773,579.364,0.99035,0
12040,0,573.773,579.364,0.99035,0
12041,0,465.93,466.71,0.998329,0
12042,0,465.93,466.71,0.998329,0
12043,0,544.802,547.177,0.99566,0
12044,0,544.802,547.177,0.99566,0
12045,0,87.057,80.467,1.081896,0
12046,0,87.057,80.467,1.081896,0
12047,0,198.41,193.121,1.027385,0
12048,0,198.41,193.121,1.027385,0
12049,0,362.196,370.149,0.978513,0
12050,0,362.196,370.149,0.978513,0
12051,0,675.332,724.205,0.932515,0
12052,0,675.332,724.205,0.932515,0
12053,0,508.001,547.177,0.928403,0
12054,0,508.001,547.177,0.928403,0
12055,0,110.462,112.654,0.980538,0
12056,0,110.462,112.654,0.980538,0
12057,0,1045.584,1046.074,0.999532,0
12058,0,1045.584,1046.074,0.999532,0
12059,0,755.623,756.392,0.998983,0
12060,0,755.623,756.392,0.998983,0
12061,0,703.238,788.579,0.891779,0
12062,0,703.238,788.579,0.891779,0
12063,0,574.878,595.457,0.965439,0
12064,0,574.878,595.457,0.965439,0
12065,0,249.42,257.495,0.968642,0
12066,0,249.42,257.495,0.968642,0
12067,0,386.385,386.243,1.000369,0
12068,0,386.385,386.243,1.000369,0
12069,0,417.576,434.523,0.960998,0
12070,0,417.576,434.523,0.960998,0
12071,0,455.452,450.616,1.01073,0
12072,0,455.452,450.616,1.01073,0
12073,0,535.048,531.084,1.007465,0
12074,0,535.048,531.084,1.007465,0
12075,0,76.926,80.467,0.955993,0
12076,0,76.926,80.467,0.955993,0
12077,0,2921.423,3492.276,0.836538,0
12078,0,2921.423,3492.276,0.836538,0
12079,0,1517.975,1593.251,0.952753,0
12080,0,1517.975,1593.251,0.952753,0
12081,0,1191.941,1303.569,0.914368,0
12082,0,1191.941,1303.569,0.914368,0
12083,0,781.0,901.233,0.866591,0
12084,0,781.0,901.233,0.866591,0
12085,0,198.422,209.215,0.948415,0
12086,0,198.422,209.215,0.948415,0
12087,0,1805.991,1834.652,0.984378,0
12088,0,1805.991,1834.652,0.984378,0
12089,0,1232.117,1448.41,0.850669,0
12090,0,1232.117,1448.41,0.850669,0
12091,0,616.088,627.644,0.981588,0
12092,0,616.088,627.644,0.981588,0
12093,0,526.713,531.084,0.991771,0
12094,0,526.713,531.084,0.991771,0
12095,0,653.171,836.859,0.780503,0
12096,0,653.171,836.859,0.780503,0
12097,0,813.998,1078.26,0.754917,0
12098,0,813.998,1078.26,0.754917,0
12099,0,878.602,933.42,0.941272,0
12100,0,878.602,933.42,0.941272,0
12101,0,77.395,80.467,0.961824,0
12102,0,77.395,80.467,0.961824,0
12103,0,55.848,48.28,1.156747,0
12104,0,55.848,48.28,1.156747,0
12105,0,303.096,305.775,0.991236,0
12106,0,303.096,305.775,0.991236,0
12107,0,368.127,402.336,0.914973,0
12108,0,368.127,402.336,0.914973,0
12109,0,804.474,836.859,0.961302,0
12110,0,804.474,836.859,0.961302,0
12111,0,1387.819,1818.559,0.763142,0
12112,0,1387.819,1818.559,0.763142,0
12113,0,777.049,1029.98,0.754431,0
12114,0,777.049,1029.98,0.754431,0
12115,0,442.982,466.71,0.94916,0
12116,0,442.982,466.71,0.94916,0
12117,0,1254.485,1335.756,0.939158,0
12118,0,1254.485,1335.756,0.939158,0
12119,0,358.682,370.149,0.969021,0
12120,0,358.682,370.149,0.969021,0
12121,0,734.874,869.046,0.845611,0
12122,0,734.874,869.046,0.845611,0
12123,0,799.657,1207.008,0.662512,0
12124,0,799.657,1207.008,0.662512,0
12125,0,518.271,659.831,0.78546,0
12126,0,518.271,659.831,0.78546,0
12127,0,664.13,724.205,0.917048,0
12128,0,664.13,724.205,0.917048,0
12129,0,1053.441,1062.167,0.991785,0
12130,0,1053.441,1062.167,0.991785,0
12131,0,549.673,563.27,0.975861,0
12132,0,549.673,563.27,0.975861,0
12133,0,431.592,434.523,0.993256,0
12134,0,431.592,434.523,0.993256,0
12135,0,212.773,209.215,1.017005,0
12136,0,212.773,209.215,1.017005,0
12137,0,332.892,337.962,0.984999,0
12138,0,332.892,337.962,0.984999,0
12139,0,120.652,112.654,1.070994,0
12140,0,120.652,112.654,1.070994,0
12141,0,3045.822,3363.529,0.905544,0
12142,0,3045.822,3363.529,0.905544,0
12143,0,1048.319,1174.821,0.892322,0
12144,0,1048.319,1174.821,0.892322,0
12145,0,46.324,48.28,0.959472,0
12146,0,46.324,48.28,0.959472,0
12147,0,934.783,965.606,0.968079,0
12148,0,934.783,965.606,0.968079,0
12149,0,893.85,917.326,0.974408,0
12150,0,893.85,917.326,0.974408,0
12151,0,85.817,80.467,1.066487,0
12152,0,85.817,80.467,1.066487,0
12153,0,47.486,48.28,0.983549,0
12154,0,47.486,48.28,0.983549,0
12155,0,970.597,965.606,1.005169,0
12156,0,970.597,965.606,1.005169,0
12157,0,618.956,611.551,1.012109,0
12158,0,618.956,611.551,1.012109,0
12159,0,1130.606,1335.756,0.846417,0
12160,0,1130.606,1335.756,0.846417,0
12161,0,1618.257,1705.905,0.948621,0
12162,0,1618.257,1705.905,0.948621,0
12163,0,453.672,450.616,1.00678,0
12164,0,453.672,450.616,1.00678,0
12165,0,375.56,370.149,1.014619,0
12166,0,375.56,370.149,1.014619,0
12167,0,760.89,820.765,0.92705,0
12168,0,760.89,820.765,0.92705,0
12169,0,667.957,675.924,0.988212,0
12170,0,667.957,675.924,0.988212,0
12171,0,611.319,611.551,0.999622,0
12172,0,611.319,611.551,0.999622,0
12173,0,887.102,901.233,0.984321,0
12174,0,887.102,901.233,0.984321,0
12175,0,687.618,708.111,0.971059,0
12176,0,687.618,708.111,0.971059,0
12177,0,345.0,337.962,1.020823,0
12178,0,345.0,337.962,1.020823,0
12179,0,831.299,836.859,0.993357,0
12180,0,831.299,836.859,0.993357,0
12181,0,474.032,482.803,0.981834,0
12182,0,474.032,482.803,0.981834,0
12183,0,637.424,643.738,0.990192,0
12184,0,637.424,643.738,0.990192,0
12185,0,901.696,901.233,1.000514,0
12186,0,901.696,901.233,1.000514,0
12187,0,1121.766,1126.541,0.995762,0
12188,0,1121.766,1126.541,0.995762,0
12189,0,275.737,289.682,0.951862,0
12190,0,275.737,289.682,0.951862,0
12191,0,480.895,498.897,0.963917,0
12192,0,480.895,498.897,0.963917,0
12193,0,100.867,96.561,1.044596,0
12194,0,100.867,96.561,1.044596,0
12195,0,189.723,193.121,0.982403,0
12196,0,189.723,193.121,0.982403,0
12197,0,218.836,225.308,0.971274,0
12198,0,218.836,225.308,0.971274,0
12199,0,46.408,48.28,0.961212,0
12200,0,46.408,48.28,0.961212,0
12201,0,830.346,820.765,1.011672,0
12202,0,830.346,820.765,1.011672,0
12203,0,1684.41,1963.4,0.857905,0
12204,0,1684.41,1963.4,0.857905,0
12205,0,1348.49,1351.849,0.997515,0
12206,0,1348.49,1351.849,0.997515,0
12207,0,581.367,579.364,1.003458,0
12208,0,581.367,579.364,1.003458,0
12209,0,117.511,112.654,1.043112,0
12210,0,117.511,112.654,1.043112,0
12211,0,419.403,418.429,1.002328,0
12212,0,419.403,418.429,1.002328,0
12213,0,554.922,563.27,0.985179,0
12214,0,554.922,563.27,0.985179,0
12215,0,435.704,434.523,1.002718,0
12216,0,435.704,434.523,1.002718,0
12217,0,308.867,305.775,1.01011,0
12218,0,308.867,305.775,1.01011,0
12219,0,549.197,547.177,1.003692,0
12220,0,549.197,547.177,1.003692,0
12221,0,156.622,160.934,0.973203,0
12222,0,156.622,160.934,0.973203,0
12223,0,314.212,321.869,0.97621,0
12224,0,314.212,321.869,0.97621,0
12225,0,426.668,434.523,0.981923,0
12226,0,426.668,434.523,0.981923,0
12227,0,989.339,981.7,1.007782,0
12228,0,989.339,981.7,1.007782,0
12229,0,1202.698,1239.195,0.970548,0
12230,0,1202.698,1239.195,0.970548,0
12231,0,1004.984,997.793,1.007206,0
12232,0,1004.984,997.793,1.007206,0
12233,0,449.356,450.616,0.997204,0
12234,0,449.356,450.616,0.997204,0
12235,0,511.723,547.177,0.935206,0
12236,0,511.723,547.177,0.935206,0
12237,0,1048.176,1319.662,0.794276,0
12238,0,1048.176,1319.662,0.794276,0
12239,0,339.281,337.962,1.003901,0
12240,0,339.281,337.962,1.003901,0
12241,0,132.385,128.748,1.02825,0
12242,0,132.385,128.748,1.02825,0
12243,0,133.462,128.748,1.036619,0
12244,0,133.462,128.748,1.036619,0
12245,0,1229.447,1432.316,0.858363,0
12246,0,1229.447,1432.316,0.858363,0
12247,0,705.808,901.233,0.783158,0
12248,0,705.808,901.233,0.783158,0
12249,0,461.328,466.71,0.988468,0
12250,0,461.328,466.71,0.988468,0
12251,0,944.484,965.606,0.978125,0
12252,0,944.484,965.606,0.978125,0
12253,0,379.403,402.336,0.942999,0
12254,0,379.403,402.336,0.942999,0
12255,0,1076.038,1174.821,0.915916,0
12256,0,1076.038,1174.821,0.915916,0
12257,0,310.963,321.869,0.966118,0
12258,0,310.963,321.869,0.966118,0
12259,0,299.154,305.775,0.978344,0
12260,0,299.154,305.775,0.978344,0
12261,0,342.901,337.962,1.014613,0
12262,0,342.901,337.962,1.014613,0
12263,0,735.312,740.298,0.993265,0
12264,0,735.312,740.298,0.993265,0
12265,0,1140.231,1158.728,0.984037,0
12266,0,1140.231,1158.728,0.984037,0
12267,0,588.11,595.457,0.987661,0
12268,0,588.11,595.457,0.987661,0
12269,0,676.166,675.924,1.000357,0
12270,0,676.166,675.924,1.000357,0
12271,0,1481.848,1577.157,0.939569,0
12272,0,1481.848,1577.157,0.939569,0
12273,0,48.425,48.28,1.003,0
12274,0,48.425,48.28,1.003,0
12275,0,827.421,820.765,1.008109,0
12276,0,827.421,820.765,1.008109,0
12277,0,1454.84,1464.503,0.993402,0
12278,0,1454.84,1464.503,0.993402,0
12279,0,547.127,547.177,0.999909,0
12280,0,547.127,547.177,0.999909,0
12281,0,196.607,193.121,1.018047,0
12282,0,196.607,193.121,1.018047,0
12283,0,560.489,659.831,0.849443,0
12284,0,560.489,659.831,0.849443,0
12285,0,1375.581,1367.942,1.005584,0
12286,0,1375.581,1367.942,1.005584,0
12287,0,37.377,32.187,1.16124,0
12288,0,37.377,32.187,1.16124,0
12289,0,912.774,917.326,0.995038,0
12290,0,912.774,917.326,0.995038,0
12291,0,1158.451,1190.915,0.97274,0
12292,0,1158.451,1190.915,0.97274,0
12293,0,210.908,209.215,1.008091,0
12294,0,210.908,209.215,1.008091,0
12295,0,891.045,981.7,0.907655,0
12296,0,891.045,981.7,0.907655,0
12297,0,739.385,756.392,0.977516,0
12298,0,739.385,756.392,0.977516,0
12299,0,370.719,386.243,0.959808,0
12300,0,370.719,386.243,0.959808,0
12301,0,65.243,64.374,1.013501,0
12302,0,65.243,64.374,1.013501,0
12303,0,1260.517,1319.662,0.955182,0
12304,0,1260.517,1319.662,0.955182,0
12305,0,1000.265,997.793,1.002477,0
12306,0,1000.265,997.793,1.002477,0
12307,0,825.344,901.233,0.915795,0
12308,0,825.344,901.233,0.915795,0
12309,0,759.51,756.392,1.004122,0
12310,0,759.51,756.392,1.004122,0
12311,0,1115.781,1126.541,0.990448,0
12312,0,1115.781,1126.541,0.990448,0
12313,0,162.289,160.934,1.008417,0
12314,0,162.289,160.934,1.008417,0
12315,0,390.798,386.243,1.011794,0
12316,0,390.798,386.243,1.011794,0
12317,0,797.579,804.672,0.991186,0
12318,0,797.579,804.672,0.991186,0
12319,0,3282.546,3492.276,0.939944,0
12320,0,3282.546,3492.276,0.939944,0
12321,0,532.036,740.298,0.718678,0
12322,0,532.036,740.298,0.718678,0
12323,0,1227.964,1335.756,0.919303,0
12324,0,1227.964,1335.756,0.919303,0
12325,0,1211.958,1384.036,0.875669,0
12326,0,1211.958,1384.036,0.875669,0
12327,0,265.829,289.682,0.917658,0
12328,0,265.829,289.682,0.917658,0
12329,0,1063.05,1190.915,0.892633,0
12330,0,1063.05,1190.915,0.892633,0
12331,0,133.695,128.748,1.038431,0
12332,0,133.695,128.748,1.038431,0
12333,0,578.588,595.457,0.97167,0
12334,0,578.588,595.457,0.97167,0
12335,0,1048.3,1142.634,0.917442,0
12336,0,1048.3,1142.634,0.917442,0
12337,0,32.66,32.187,1.01471,0
12338,0,32.66,32.187,1.01471,0
12339,0,718.968,724.205,0.992769,0
12340,0,718.968,724.205,0.992769,0
12341,0,313.096,321.869,0.972745,0
12342,0,313.096,321.869,0.972745,0
12343,0,659.715,659.831,0.999824,0
12344,0,659.715,659.831,0.999824,0
12345,0,246.689,241.402,1.021904,0
12346,0,246.689,241.402,1.021904,0
12347,0,949.595,949.513,1.000086,0
12348,0,949.595,949.513,1.000086,0
12349,0,447.446,498.897,0.896872,0
12350,0,447.446,498.897,0.896872,0
12351,0,2042.326,2076.054,0.983754,0
12352,0,2042.326,2076.054,0.983754,0
12353,0,935.56,949.513,0.985305,0
12354,0,935.56,949.513,0.985305,0
12355,0,593.11,595.457,0.996059,0
12356,0,593.11,595.457,0.996059,0
12357,0,402.752,402.336,1.001034,0
12358,0,402.752,402.336,1.001034,0
12359,0,904.315,917.326,0.985816,0
12360,0,904.315,917.326,0.985816,0
12361,0,208.853,209.215,0.998272,0
12362,0,208.853,209.215,0.998272,0
12363,0,208.853,209.215,0.998271,0
12364,0,208.853,209.215,0.998271,0
12365,0,958.84,965.606,0.992992,0
12366,0,958.84,965.606,0.992992,0
12367,0,800.312,804.672,0.994581,0
12368,0,800.312,804.672,0.994581,0
12369,0,1321.619,1432.316,0.922715,0
12370,0,1321.619,1432.316,0.922715,0
12371,0,598.311,595.457,1.004792,0
12372,0,598.311,595.457,1.004792,0
12373,0,2049.576,2253.082,0.909677,0
12374,0,2049.576,2253.082,0.909677,0
12375,0,1983.288,1979.493,1.001917,0
12376,0,1983.288,1979.493,1.001917,0
12377,0,718.64,724.205,0.992316,0
12378,0,718.64,724.205,0.992316,0
12379,0,862.405,852.952,1.011082,0
12380,0,862.405,852.952,1.011082,0
12381,0,901.597,917.326,0.982853,0
12382,0,901.597,917.326,0.982853,0
12383,0,729.832,724.205,1.00777,0
12384,0,729.832,724.205,1.00777,0
12385,0,427.909,434.523,0.984779,0
12386,0,427.909,434.523,0.984779,0
12387,0,312.251,321.869,0.97012,0
12388,0,312.251,321.869,0.97012,0
12389,0,698.149,708.111,0.985931,0
12390,0,698.149,708.111,0.985931,0
12391,0,638.468,643.738,0.991814,0
12392,0,638.468,643.738,0.991814,0
12393,0,964.051,965.606,0.998389,0
12394,0,964.051,965.606,0.998389,0
12395,0,606.566,611.551,0.991848,0
12396,0,606.566,611.551,0.991848,0
12397,0,853.745,852.952,1.00093,0
12398,0,853.745,852.952,1.00093,0
12399,0,495.087,498.897,0.992364,0
12400,0,495.087,498.897,0.992364,0
12401,0,457.464,450.616,1.015196,0
12402,0,457.464,450.616,1.015196,0
12403,0,65.159,64.374,1.012205,0
12404,0,65.159,64.374,1.012205,0
12405,0,1104.651,1351.849,0.817141,0
12406,0,1104.651,1351.849,0.817141,0
12407,0,819.31,836.859,0.979031,0
12408,0,819.31,836.859,0.979031,0
12409,0,493.42,498.897,0.989022,0
12410,0,493.42,498.897,0.989022,0
12411,0,1705.317,1705.905,0.999656,0
12412,0,1705.317,1705.905,0.999656,0
12413,0,617.646,611.551,1.009967,0
12414,0,617.646,611.551,1.009967,0
12415,0,555.36,563.27,0.985956,0
12416,0,555.36,563.27,0.985956,0
12417,0,531.288,531.084,1.000385,0
12418,0,531.288,531.084,1.000385,0
12419,0,317.594,321.869,0.986718,0
12420,0,317.594,321.869,0.986718,0
12421,0,366.765,370.149,0.990857,0
12422,0,366.765,370.149,0.990857,0
12423,0,1180.004,1512.783,0.780022,0
12424,0,1180.004,1512.783,0.780022,0
12425,0,306.266,354.056,0.865023,0
12426,0,306.266,354.056,0.865023,0
12427,0,535.454,531.084,1.00823,0
12428,0,535.454,531.084,1.00823,0
12429,0,1189.876,1223.101,0.972835,0
12430,0,1189.876,1223.101,0.972835,0
12431,0,786.983,788.579,0.997976,0
12432,0,786.983,788.579,0.997976,0
12433,0,929.908,933.42,0.996238,0
12434,0,929.908,933.42,0.996238,0
12435,0,571.607,579.364,0.986611,0
12436,0,571.607,579.364,0.986611,0
12437,0,349.217,354.056,0.986334,0
12438,0,349.217,354.056,0.986334,0
12439,0,309.769,305.775,1.01306,0
12440,0,309.769,305.775,1.01306,0
12441,0,338.912,337.962,1.002811,0
12442,0,338.912,337.962,1.002811,0
12443,0,188.451,193.121,0.975816,0
12444,0,188.451,193.121,0.975816,0
12445,0,345.422,337.962,1.022073,0
12446,0,345.422,337.962,1.022073,0
12447,0,704.583,708.111,0.995017,0
12448,0,704.583,708.111,0.995017,0
12449,0,426.417,418.429,1.019089,0
12450,0,426.417,418.429,1.019089,0
12451,0,254.792,257.495,0.989502,0
12452,0,254.792,257.495,0.989502,0
12453,0,450.821,450.616,1.000454,0
12454,0,450.821,450.616,1.000454,0
12455,0,302.21,305.775,0.988339,0
12456,0,302.21,305.775,0.988339,0
12457,0,117.066,112.654,1.039163,0
12458,0,117.066,112.654,1.039163,0
12459,0,775.194,772.485,1.003506,0
12460,0,775.194,772.485,1.003506,0
12461,0,416.804,434.523,0.959222,0
12462,0,416.804,434.523,0.959222,0
12463,0,675.91,692.018,0.976723,0
12464,0,675.91,692.018,0.976723,0
12465,0,1135.296,1142.634,0.993578,0
12466,0,1135.296,1142.634,0.993578,0
12467,0,398.122,531.084,0.749641,0
12468,0,398.122,531.084,0.749641,0
12469,0,576.573,579.364,0.995183,0
12470,0,576.573,579.364,0.995183,0
12471,0,193.119,193.121,0.999991,0
12472,0,193.119,193.121,0.999991,0
12473,0,63.246,64.374,0.982476,0
12474,0,63.246,64.374,0.982476,0
12475,0,957.161,949.513,1.008055,0
12476,0,957.161,949.513,1.008055,0
12477,0,745.799,740.298,1.00743,0
12478,0,745.799,740.298,1.00743,0
12479,0,716.407,788.579,0.908479,0
12480,0,716.407,788.579,0.908479,0
12481,0,431.241,434.523,0.992448,0
12482,0,431.241,434.523,0.992448,0
12483,0,640.141,659.831,0.970159,0
12484,0,640.141,659.831,0.970159,0
12485,0,594.48,595.457,0.998358,0
12486,0,594.48,595.457,0.998358,0
12487,0,1284.482,1287.475,0.997676,0
12488,0,1284.482,1287.475,0.997676,0
12489,0,188.393,193.121,0.975515,0
12490,0,188.393,193.121,0.975515,0
12491,0,225.433,225.308,1.000553,0
12492,0,225.433,225.308,1.000553,0
12493,0,237.257,241.402,0.982831,0
12494,0,237.257,241.402,0.982831,0
12495,0,138.562,144.841,0.956648,0
12496,0,138.562,144.841,0.956648,0
12497,0,1076.735,1142.634,0.942327,0
12498,0,1076.735,1142.634,0.942327,0
12499,0,488.564,498.897,0.979288,0
12500,0,488.564,498.897,0.979288,0
12501,0,102.168,96.561,1.058068,0
12502,0,102.168,96.561,1.058068,0
12503,0,55.972,48.28,1.159303,0
12504,0,55.972,48.28,1.159303,0
12505,0,1145.659,1287.475,0.889849,0
12506,0,1145.659,1287.475,0.889849,0
12507,0,659.09,708.111,0.930772,0
12508,0,659.09,708.111,0.930772,0
12509,0,457.522,450.616,1.015326,0
12510,0,457.522,450.616,1.015326,0
12511,0,1376.754,1384.036,0.994739,0
12512,0,1376.754,1384.036,0.994739,0
12513,0,309.142,305.775,1.01101,0
12514,0,309.142,305.775,1.01101,0
12515,0,732.619,756.392,0.968571,0
12516,0,732.619,756.392,0.968571,0
12517,0,404.414,402.336,1.005165,0
12518,0,404.414,402.336,1.005165,0
12519,0,589.778,595.457,0.990463,0
12520,0,589.778,595.457,0.990463,0
12521,0,568.48,579.364,0.981215,0
12522,0,568.48,579.364,0.981215,0
12523,0,1258.798,1255.288,1.002796,0
12524,0,1258.798,1255.288,1.002796,0
12525,0,423.171,418.429,1.011332,0
12526,0,423.171,418.429,1.011332,0
12527,0,1355.294,1351.849,1.002548,0
12528,0,1355.294,1351.849,1.002548,0
12529,0,368.403,370.149,0.995282,0
12530,0,368.403,370.149,0.995282,0
12531,0,697.609,692.018,1.008079,0
12532,0,697.609,692.018,1.008079,0
12533,0,29.635,32.187,0.920703,0
12534,0,29.635,32.187,0.920703,0
12535,0,276.806,273.588,1.011759,0
12536,0,276.806,273.588,1.011759,0
12537,0,1404.428,1512.783,0.928373,0
12538,0,1404.428,1512.783,0.928373,0
12539,0,126.971,128.748,0.986203,0
12540,0,126.971,128.748,0.986203,0
12541,0,56.694,64.374,0.880705,0
12542,0,56.694,64.374,0.880705,0
12543,0,821.561,1013.887,0.810308,0
12544,0,821.561,1013.887,0.810308,0
12545,0,26.815,32.187,0.833111,0
12546,0,26.815,32.187,0.833111,0
12547,0,620.068,627.644,0.987929,0
12548,0,620.068,627.644,0.987929,0
12549,0,518.535,531.084,0.976371,0
12550,0,518.535,531.084,0.976371,0
12551,0,390.172,386.243,1.010173,0
12552,0,390.172,386.243,1.010173,0
12553,0,40.476,48.28,0.838353,0
12554,0,40.476,48.28,0.838353,0
12555,0,32.715,32.187,1.016416,0
12556,0,32.715,32.187,1.016416,0
12557,0,279.492,305.775,0.914044,0
12558,0,279.492,305.775,0.914044,0
12559,0,344.387,337.962,1.019011,0
12560,0,344.387,337.962,1.019011,0
12561,0,60.217,64.374,0.935422,0
12562,0,60.217,64.374,0.935422,0
12563,0,1331.191,1351.849,0.984719,0
12564,0,1331.191,1351.849,0.984719,0
12565,0,524.64,531.084,0.987868,0
12566,0,524.64,531.084,0.987868,0
12567,0,53.183,48.28,1.10154,0
12568,0,53.183,48.28,1.10154,0
12569,0,978.204,981.7,0.996439,0
12570,0,978.204,981.7,0.996439,0
12571,0,418.834,418.429,1.000966,0
12572,0,418.834,418.429,1.000966,0
12573,0,582.664,579.364,1.005695,0
12574,0,582.664,579.364,1.005695,0
12575,0,232.699,241.402,0.96395,0
12576,0,232.699,241.402,0.96395,0
12577,0,284.219,289.682,0.981143,0
12578,0,284.219,289.682,0.981143,0
12579,0,803.358,804.672,0.998367,0
12580,0,803.358,804.672,0.998367,0
12581,0,45.702,48.28,0.946603,0
12582,0,45.702,48.28,0.946603,0
12583,0,391.649,386.243,1.013998,0
12584,0,391.649,386.243,1.013998,0
12585,0,738.245,740.298,0.997226,0
12586,0,738.245,740.298,0.997226,0
12587,0,886.084,901.233,0.983191,0
12588,0,886.084,901.233,0.983191,0
12589,0,663.815,675.924,0.982085,0
12590,0,663.815,675.924,0.982085,0
12591,0,164.688,160.934,1.023321,0
12592,0,164.688,160.934,1.023321,0
12593,0,29.563,32.187,0.918481,0
12594,0,29.563,32.187,0.918481,0
12595,0,66.755,64.374,1.036993,0
12596,0,66.755,64.374,1.036993,0
12597,0,307.931,321.869,0.956697,0
12598,0,307.931,321.869,0.956697,0
12599,0,387.948,402.336,0.96424,0
12600,0,387.948,402.336,0.96424,0
12601,0,587.06,595.457,0.985899,0
12602,0,587.06,595.457,0.985899,0
12603,0,148.342,144.841,1.024175,0
12604,0,148.342,144.841,1.024175,0
12605,0,375.684,386.243,0.972665,0
12606,0,375.684,386.243,0.972665,0
12607,0,839.22,836.859,1.002822,0
12608,0,839.22,836.859,1.002822,0
12609,0,78.174,80.467,0.971502,0
12610,0,78.174,80.467,0.971502,0
12611,0,135.131,128.748,1.049581,0
12612,0,135.131,128.748,1.049581,0
12613,0,608.701,611.551,0.995341,0
12614,0,608.701,611.551,0.995341,0
12615,0,1084.018,1126.541,0.962254,0
12616,0,1084.018,1126.541,0.962254,0
12617,0,1371.615,1367.942,1.002685,0
12618,0,1371.615,1367.942,1.002685,0
12619,0,467.201,466.71,1.001053,0
12620,0,467.201,466.71,1.001053,0
12621,0,552.103,547.177,1.009002,0
12622,0,552.103,547.177,1.009002,0
12623,0,535.684,531.084,1.008663,0
12624,0,535.684,531.084,1.008663,0
12625,0,41.728,48.28,0.864281,0
12626,0,41.728,48.28,0.864281,0
12627,0,33.031,32.187,1.026233,0
12628,0,33.031,32.187,1.026233,0
12629,0,36.287,32.187,1.127385,0
12630,0,36.287,32.187,1.127385,0
12631,0,3915.424,4506.163,0.868904,0
12632,0,3915.424,4506.163,0.868904,0
12633,0,949.729,997.793,0.951829,0
12634,0,949.729,997.793,0.951829,0
12635,0,2200.163,2333.549,0.94284,0
12636,0,2200.163,2333.549,0.94284,0
12637,0,672.169,756.392,0.888652,0
12638,0,672.169,756.392,0.888652,0
12639,0,782.554,788.579,0.99236,0
12640,0,782.554,788.579,0.99236,0
12641,0,744.888,740.298,1.0062,0
12642,0,744.888,740.298,1.0062,0
12643,0,249.792,257.495,0.970086,0
12644,0,249.792,257.495,0.970086,0
12645,0,188.838,193.121,0.97782,0
12646,0,188.838,193.121,0.97782,0
12647,0,1006.444,1544.97,0.651433,0
12648,0,1006.444,1544.97,0.651433,0
12649,0,1133.497,1126.541,1.006175,0
12650,0,1133.497,1126.541,1.006175,0
12651,0,643.539,692.018,0.929945,0
12652,0,643.539,692.018,0.929945,0
12653,0,785.786,804.672,0.976529,0
12654,0,785.786,804.672,0.976529,0
12655,0,3340.536,3781.958,0.883282,0
12656,0,3340.536,3781.958,0.883282,0
12657,0,457.222,450.616,1.01466,0
12658,0,457.222,450.616,1.01466,0
12659,0,1457.366,1448.41,1.006184,0
12660,0,1457.366,1448.41,1.006184,0
12661,0,749.298,756.392,0.990622,0
12662,0,749.298,756.392,0.990622,0
12663,0,1633.318,1641.531,0.994997,0
12664,0,1633.318,1641.531,0.994997,0
12665,0,2176.535,2172.614,1.001805,0
12666,0,2176.535,2172.614,1.001805,0
12667,0,952.474,949.513,1.003118,0
12668,0,952.474,949.513,1.003118,0
12669,0,818.401,820.765,0.997119,0
12670,0,818.401,820.765,0.997119,0
12671,0,1977.093,2076.054,0.952332,0
12672,0,1977.093,2076.054,0.952332,0
12673,0,1827.43,1834.652,0.996064,0
12674,0,1827.43,1834.652,0.996064,0
12675,0,2873.191,3508.37,0.818953,0
12676,0,2873.191,3508.37,0.818953,0
12677,0,4852.051,5021.153,0.966322,0
12678,0,4852.051,5021.153,0.966322,0
12679,0,1364.891,1367.942,0.997769,0
12680,0,1364.891,1367.942,0.997769,0
12681,0,894.082,901.233,0.992066,0
12682,0,894.082,901.233,0.992066,0
12683,0,492.59,498.897,0.987358,0
12684,0,492.59,498.897,0.987358,0
12685,0,1580.508,1577.157,1.002124,0
12686,0,1580.508,1577.157,1.002124,0
12687,0,431.814,434.523,0.993766,0
12688,0,431.814,434.523,0.993766,0
12689,0,600.817,595.457,1.009,0
12690,0,600.817,595.457,1.009,0
12691,0,2457.556,2462.296,0.998075,0
12692,0,2457.556,2462.296,0.998075,0
12693,0,1449.313,1496.69,0.968345,0
12694,0,1449.313,1496.69,0.968345,0
12695,0,2320.617,2687.604,0.863452,0
12696,0,2320.617,2687.604,0.863452,0
12697,0,4693.173,5182.088,0.905653,0
12698,0,4693.173,5182.088,0.905653,0
12699,0,241.67,241.402,1.00111,0
12700,0,241.67,241.402,1.00111,0
12701,0,770.7,772.485,0.99769,0
12702,0,770.7,772.485,0.99769,0
12703,0,2324.816,2542.764,0.914287,0
12704,0,2324.816,2542.764,0.914287,0
12705,0,3874.592,4345.229,0.891689,0
12706,0,3874.592,4345.229,0.891689,0
12707,0,3431.886,3621.024,0.947767,0
12708,0,3431.886,3621.024,0.947767,0
12709,0,2940.911,3073.847,0.956752,0
12710,0,2940.911,3073.847,0.956752,0
12711,0,3950.427,4651.004,0.849371,0
12712,0,3950.427,4651.004,0.849371,0
12713,0,2734.232,4039.453,0.676882,0
12714,0,2734.232,4039.453,0.676882,0
12715,0,1532.351,1561.064,0.981607,0
12716,0,1532.351,1561.064,0.981607,0
12717,0,2185.793,3283.062,0.665779,0
12718,0,2185.793,3283.062,0.665779,0
12719,0,3426.224,3604.931,0.950427,0
12720,0,3426.224,3604.931,0.950427,0
12721,0,3096.619,3621.024,0.855178,0
12722,0,3096.619,3621.024,0.855178,0
12723,0,2517.284,2607.137,0.965536,0
12724,0,2517.284,2607.137,0.965536,0
12725,0,1234.613,1271.382,0.971079,0
12726,0,1234.613,1271.382,0.971079,0
12727,0,985.52,981.7,1.003892,0
12728,0,985.52,981.7,1.003892,0
12729,0,2085.342,2462.296,0.846909,0
12730,0,2085.342,2462.296,0.846909,0
12731,0,3762.523,3942.893,0.954254,0
12732,0,3762.523,3942.893,0.954254,0
12733,0,3037.192,3073.847,0.988075,0
12734,0,3037.192,3073.847,0.988075,0
12735,0,1246.135,1255.288,0.992708,0
12736,0,1246.135,1255.288,0.992708,0
12737,0,449.428,450.616,0.997364,0
12738,0,449.428,450.616,0.997364,0
12739,0,1987.794,2076.054,0.957487,0
12740,0,1987.794,2076.054,0.957487,0
12741,1,3535.835,4039.453,0.875325,0
12742,1,3535.835,4039.453,0.875325,0
12743,0,1291.952,1351.849,0.955692,0
12744,0,1291.952,1351.849,0.955692,0
12745,0,6780.259,7048.927,0.961885,0
12746,0,6780.259,7048.927,0.961885,0
12747,0,1546.593,2140.428,0.722563,0
12748,0,1546.593,2140.428,0.722563,0
12749,1,3140.017,3315.249,0.947144,0
12750,1,3140.017,3315.249,0.947144,0
12751,0,2311.161,2365.736,0.976931,0
12752,0,2311.161,2365.736,0.976931,0
12753,0,2724.623,3798.052,0.717374,0
12754,0,2724.623,3798.052,0.717374,0
12755,0,848.751,869.046,0.976647,0
12756,0,848.751,869.046,0.976647,0
12757,0,1235.422,1335.756,0.924886,0
12758,0,1235.422,1335.756,0.924886,0
12759,0,757.787,836.859,0.905514,0
12760,0,757.787,836.859,0.905514,0
12761,0,772.59,901.233,0.857259,0
12762,0,772.59,901.233,0.857259,0
12763,0,2610.691,2784.165,0.937693,0
12764,0,2610.691,2784.165,0.937693,0
12765,0,2216.097,2349.642,0.943163,0
12766,0,2216.097,2349.642,0.943163,0
12767,0,1239.643,1416.223,0.875316,0
12768,0,1239.643,1416.223,0.875316,0
12769,0,949.849,981.7,0.967555,0
12770,0,949.849,981.7,0.967555,0
12771,0,2266.731,2478.39,0.914598,0
12772,0,2266.731,2478.39,0.914598,0
12773,0,1373.951,1384.036,0.992714,0
12774,0,1373.951,1384.036,0.992714,0
12775,0,99.625,96.561,1.031737,0
12776,0,99.625,96.561,1.031737,0
12777,0,1748.775,1931.213,0.905532,0
12778,0,1748.775,1931.213,0.905532,0
12779,0,2613.711,2703.698,0.966717,0
12780,0,2613.711,2703.698,0.966717,0
12781,0,1149.246,1207.008,0.952145,0
12782,0,1149.246,1207.008,0.952145,0
12783,0,1571.399,1641.531,0.957277,0
12784,0,1571.399,1641.531,0.957277,0
12785,0,516.377,514.99,1.002693,0
12786,0,516.377,514.99,1.002693,0
12787,0,595.761,595.457,1.00051,0
12788,0,595.761,595.457,1.00051,0
12789,0,2138.62,2478.39,0.862907,0
12790,0,2138.62,2478.39,0.862907,0
12791,1,2782.312,3395.716,0.819359,0
12792,1,2782.312,3395.716,0.819359,0
12793,0,1900.992,2317.455,0.820293,0
12794,0,1900.992,2317.455,0.820293,0
12795,0,1791.65,1802.465,0.994,0
12796,0,1791.65,1802.465,0.994,0
12797,0,2698.246,2896.819,0.931451,0
12798,0,2698.246,2896.819,0.931451,0
12799,0,3308.507,4634.911,0.713823,0
12800,0,3308.507,4634.911,0.713823,0
12801,0,1023.561,1029.98,0.993768,0
12802,0,1023.561,1029.98,0.993768,0
12803,0,1643.14,1754.185,0.936697,0
12804,0,1643.14,1754.185,0.936697,0
12805,1,731.113,724.205,1.009539,0
12806,1,731.113,724.205,1.009539,0
12807,0,1804.16,1915.119,0.942061,0
12808,0,1804.16,1915.119,0.942061,0
12809,0,2489.669,3009.473,0.827277,0
12810,0,2489.669,3009.473,0.827277,0
12811,0,2446.285,2558.857,0.956007,0
12812,0,2446.285,2558.857,0.956007,0
12813,0,199.963,193.121,1.035427,0
12814,0,199.963,193.121,1.035427,0
12815,0,548.203,547.177,1.001876,0
12816,0,548.203,547.177,1.001876,0
12817,1,2641.032,2800.259,0.943139,0
12818,1,2641.032,2800.259,0.943139,0
12819,0,1917.235,2204.801,0.869573,0
12820,0,1917.235,2204.801,0.869573,0
12821,0,1684.163,1673.718,1.006241,0
12822,0,1684.163,1673.718,1.006241,0
12823,0,441.603,434.523,1.016294,0
12824,0,441.603,434.523,1.016294,0
12825,0,2613.831,2945.1,0.887519,0
12826,0,2613.831,2945.1,0.887519,0
12827,0,3208.172,3234.781,0.991774,0
12828,0,3208.172,3234.781,0.991774,0
12829,0,981.945,981.7,1.000249,0
12830,0,981.945,981.7,1.000249,0
12831,0,1392.611,1512.783,0.920562,0
12832,0,1392.611,1512.783,0.920562,0
12833,0,636.894,627.644,1.014737,0
12834,0,636.894,627.644,1.014737,0
12835,0,1447.691,1480.596,0.977775,0
12836,0,1447.691,1480.596,0.977775,0
12837,0,1136.581,1142.634,0.994702,0
12838,0,1136.581,1142.634,0.994702,0
12839,0,1677.943,1689.811,0.992977,0
12840,0,1677.943,1689.811,0.992977,0
12841,0,2273.825,2671.511,0.851138,0
12842,0,2273.825,2671.511,0.851138,0
12843,0,1307.092,1416.223,0.922942,0
12844,0,1307.092,1416.223,0.922942,0
12845,0,1313.373,1319.662,0.995234,0
12846,0,1313.373,1319.662,0.995234,0
12847,0,1914.032,2076.054,0.921957,0
12848,0,1914.032,2076.054,0.921957,0
12849,0,77.368,80.467,0.961486,0
12850,0,77.368,80.467,0.961486,0
12851,0,87.302,80.467,1.084941,0
12852,0,87.302,80.467,1.084941,0
12853,0,975.85,965.606,1.010609,0
12854,0,975.85,965.606,1.010609,0
12855,0,262.485,257.495,1.01938,0
12856,0,262.485,257.495,1.01938,0
12857,0,1955.573,2269.175,0.861799,0
12858,0,1955.573,2269.175,0.861799,0
12859,0,3244.313,3395.716,0.955414,0
12860,0,3244.313,3395.716,0.955414,0
12861,0,1522.462,1528.877,0.995804,0
12862,0,1522.462,1528.877,0.995804,0
12863,0,2356.231,2591.044,0.909375,0
12864,0,2356.231,2591.044,0.909375,0
12865,0,2553.374,2751.978,0.927832,0
12866,0,2553.374,2751.978,0.927832,0
12867,0,1097.006,1110.447,0.987896,0
12868,0,1097.006,1110.447,0.987896,0
12869,0,392.959,386.243,1.017389,0
12870,0,392.959,386.243,1.017389,0
12871,0,2462.607,2848.539,0.864516,0
12872,0,2462.607,2848.539,0.864516,0
12873,0,469.324,466.71,1.005602,0
12874,0,469.324,466.71,1.005602,0
12875,0,2772.54,2912.913,0.95181,0
12876,0,2772.54,2912.913,0.95181,0
12877,0,2098.974,2253.082,0.931602,0
12878,0,2098.974,2253.082,0.931602,0
12879,0,1937.29,1979.493,0.97868,0
12880,0,1937.29,1979.493,0.97868,0
12881,0,1740.254,1834.652,0.948547,0
12882,0,1740.254,1834.652,0.948547,0
12883,0,1044.917,1046.074,0.998894,0
12884,0,1044.917,1046.074,0.998894,0
12885,0,1954.201,2076.054,0.941306,0
12886,0,1954.201,2076.054,0.941306,0
12887,0,737.942,740.298,0.996817,0
12888,0,737.942,740.298,0.996817,0
12889,0,403.193,402.336,1.002131,0
12890,0,403.193,402.336,1.002131,0
12891,0,1553.613,1561.064,0.995227,0
12892,0,1553.613,1561.064,0.995227,0
12893,0,246.577,241.402,1.021439,0
12894,0,246.577,241.402,1.021439,0
12895,0,1896.702,1882.932,1.007313,0
12896,0,1896.702,1882.932,1.007313,0
12897,0,263.814,273.588,0.964272,0
12898,0,263.814,273.588,0.964272,0
12899,0,80.661,80.467,1.002402,0
12900,0,80.661,80.467,1.002402,0
12901,0,826.027,820.765,1.006411,0
12902,0,826.027,820.765,1.006411,0
12903,0,113.929,112.654,1.011319,0
12904,0,113.929,112.654,1.011319,0
12905,0,869.656,869.046,1.000702,0
12906,0,869.656,869.046,1.000702,0
12907,0,770.86,772.485,0.997896,0
12908,0,770.86,772.485,0.997896,0
12909,0,1098.167,1094.354,1.003484,0
12910,0,1098.167,1094.354,1.003484,0
12911,0,732.751,740.298,0.989805,0
12912,0,732.751,740.298,0.989805,0
12913,0,602.095,595.457,1.011148,0
12914,0,602.095,595.457,1.011148,0
12915,0,967.973,965.606,1.002451,0
12916,0,967.973,965.606,1.002451,0
12917,0,403.494,402.336,1.002877,0
12918,0,403.494,402.336,1.002877,0
12919,0,507.028,772.485,0.65636,0
12920,0,507.028,772.485,0.65636,0
12921,0,636.43,627.644,1.013998,0
12922,0,636.43,627.644,1.013998,0
12923,0,132.975,128.748,1.032838,0
12924,0,132.975,128.748,1.032838,0
12925,0,3100.921,3218.688,0.963411,0
12926,0,3100.921,3218.688,0.963411,0
12927,0,1311.305,1303.569,1.005935,0
12928,0,1311.305,1303.569,1.005935,0
12929,0,964.644,965.606,0.999003,0
12930,0,964.644,965.606,0.999003,0
12931,0,2194.703,2188.708,1.002739,0
12932,0,2194.703,2188.708,1.002739,0
12933,0,1465.912,1464.503,1.000962,0
12934,0,1465.912,1464.503,1.000962,0
12935,0,1550.699,1544.97,1.003708,0
12936,0,1550.699,1544.97,1.003708,0
12937,0,299.162,305.775,0.978371,0
12938,0,299.162,305.775,0.978371,0
12939,0,1244.179,1255.288,0.99115,0
12940,0,1244.179,1255.288,0.99115,0
12941,0,2388.129,2381.829,1.002645,0
12942,0,2388.129,2381.829,1.002645,0
12943,0,48.334,48.28,1.001121,0
12944,0,48.334,48.28,1.001121,0
12945,0,1255.307,1271.382,0.987356,0
12946,0,1255.307,1271.382,0.987356,0
12947,0,559.129,563.27,0.992648,0
12948,0,559.129,563.27,0.992648,0
12949,0,1545.857,1544.97,1.000574,0
12950,0,1545.857,1544.97,1.000574,0
12951,0,2599.86,2607.137,0.997209,0
12952,0,2599.86,2607.137,0.997209,0
12953,0,441.049,482.803,0.913517,0
12954,0,441.049,482.803,0.913517,0
12955,0,2412.333,2591.044,0.931027,0
12956,0,2412.333,2591.044,0.931027,0
12957,0,2134.114,2285.268,0.933857,0
12958,0,2134.114,2285.268,0.933857,0
12959,0,1252.816,1271.382,0.985397,0
12960,0,1252.816,1271.382,0.985397,0
12961,0,497.278,498.897,0.996756,0
12962,0,497.278,498.897,0.996756,0
12963,0,1179.377,1174.821,1.003878,0
12964,0,1179.377,1174.821,1.003878,0
12965,0,1514.732,1593.251,0.950718,0
12966,0,1514.732,1593.251,0.950718,0
12967,0,4354.519,4699.284,0.926634,0
12968,0,4354.519,4699.284,0.926634,0
12969,0,3638.085,3717.585,0.978615,0
12970,0,3638.085,3717.585,0.978615,0
12971,0,1379.27,1384.036,0.996557,0
12972,0,1379.27,1384.036,0.996557,0
12973,0,2207.46,2558.857,0.862674,0
12974,0,2207.46,2558.857,0.862674,0
12975,0,2134.269,2269.175,0.940548,0
12976,0,2134.269,2269.175,0.940548,0
12977,0,3863.329,4007.267,0.964081,0
12978,0,3863.329,4007.267,0.964081,0
12979,0,829.881,820.765,1.011106,0
12980,0,829.881,820.765,1.011106,0
12981,0,1588.709,1625.437,0.977404,0
12982,0,1588.709,1625.437,0.977404,0
12983,0,751.107,804.672,0.933433,0
12984,0,751.107,804.672,0.933433,0
12985,0,111.751,112.654,0.991987,0
12986,0,111.751,112.654,0.991987,0
12987,0,498.519,514.99,0.968017,0
12988,0,498.519,514.99,0.968017,0
12989,0,2451.839,2494.483,0.982904,0
12990,0,2451.839,2494.483,0.982904,0
12991,0,1631.016,1641.531,0.993594,0
12992,0,1631.016,1641.531,0.993594,0
12993,0,1539.216,1544.97,0.996276,0
12994,0,1539.216,1544.97,0.996276,0
12995,0,886.457,885.139,1.001488,0
12996,0,886.457,885.139,1.001488,0
12997,0,1647.402,1657.624,0.993833,0
12998,0,1647.402,1657.624,0.993833,0
12999,0,417.529,418.429,0.997848,0
13000,0,417.529,418.429,0.997848,0
13001,0,1528.293,1528.877,0.999618,0
13002,0,1528.293,1528.877,0.999618,0
13003,0,624.835,627.644,0.995524,0
13004,0,624.835,627.644,0.995524,0
13005,0,167.152,160.934,1.038632,0
13006,0,167.152,160.934,1.038632,0
13007,0,1254.16,1255.288,0.999101,0
13008,0,1254.16,1255.288,0.999101,0
13009,1,612.767,611.551,1.001989,0
13010,1,612.767,611.551,1.001989,0
13011,0,1268.823,1271.382,0.997987,0
13012,0,1268.823,1271.382,0.997987,0
13013,0,713.064,708.111,1.006995,0
13014,0,713.064,708.111,1.006995,0
13015,0,2810.394,2816.352,0.997884,0
13016,0,2810.394,2816.352,0.997884,0
13017,0,325.507,321.869,1.011303,0
13018,0,325.507,321.869,1.011303,0
13019,0,1121.234,1207.008,0.928937,0
13020,0,1121.234,1207.008,0.928937,0
13021,0,1722.786,1770.278,0.973172,0
13022,0,1722.786,1770.278,0.973172,0
13023,0,627.228,643.738,0.974353,0
13024,0,627.228,643.738,0.974353,0
13025,0,333.146,337.962,0.985749,0
13026,0,333.146,337.962,0.985749,0
13027,0,1297.171,1351.849,0.959553,0
13028,0,1297.171,1351.849,0.959553,0
13029,0,823.993,852.952,0.966048,0
13030,0,823.993,852.952,0.966048,0
13031,0,2593.087,2591.044,1.000789,0
13032,0,2593.087,2591.044,1.000789,0
13033,0,383.874,386.243,0.993867,0
13034,0,383.874,386.243,0.993867,0
13035,0,1619.645,1673.718,0.967693,0
13036,0,1619.645,1673.718,0.967693,0
13037,0,406.184,402.336,1.009565,0
13038,0,406.184,402.336,1.009565,0
13039,0,1802.336,1834.652,0.982386,0
13040,0,1802.336,1834.652,0.982386,0
13041,0,3365.104,4071.64,0.826474,0
13042,0,3365.104,4071.64,0.826474,0
13043,0,1693.988,1689.811,1.002471,0
13044,0,1693.988,1689.811,1.002471,0
13045,0,1033.12,1110.447,0.930364,0
13046,0,1033.12,1110.447,0.930364,0
13047,0,1370.713,1367.942,1.002025,0
13048,0,1370.713,1367.942,1.002025,0
13049,0,2045.621,2430.109,0.841781,0
13050,0,2045.621,2430.109,0.841781,0
13051,0,1217.683,1223.101,0.99557,0
13052,0,1217.683,1223.101,0.99557,0
13053,0,770.754,772.485,0.997758,0
13054,0,770.754,772.485,0.997758,0
13055,0,129.599,128.748,1.00661,0
13056,0,129.599,128.748,1.00661,0
13057,0,637.521,627.644,1.015737,0
13058,0,637.521,627.644,1.015737,0
13059,0,715.235,708.111,1.010061,0
13060,0,715.235,708.111,1.010061,0
13061,0,254.835,289.682,0.879707,0
13062,0,254.835,289.682,0.879707,0
13063,0,1997.061,2494.483,0.800591,0
13064,0,1997.061,2494.483,0.800591,0
13065,0,880.372,965.606,0.91173,0
13066,0,880.372,965.606,0.91173,0
13067,0,513.61,531.084,0.967098,0
13068,0,513.61,531.084,0.967098,0
13069,0,2245.746,2253.082,0.996744,0
13070,0,2245.746,2253.082,0.996744,0
13071,0,1101.518,1142.634,0.964017,0
13072,0,1101.518,1142.634,0.964017,0
13073,0,248.645,241.402,1.030004,0
13074,0,248.645,241.402,1.030004,0
13075,0,393.241,386.243,1.01812,0
13076,0,393.241,386.243,1.01812,0
13077,0,252.711,257.495,0.98142,0
13078,0,252.711,257.495,0.98142,0
13079,0,1602.417,1609.344,0.995696,0
13080,0,1602.417,1609.344,0.995696,0
13081,0,167.953,160.934,1.043613,0
13082,0,167.953,160.934,1.043613,0
13083,0,1255.774,1367.942,0.918002,0
13084,0,1255.774,1367.942,0.918002,0
13085,0,889.572,885.139,1.005008,0
13086,0,889.572,885.139,1.005008,0
13087,0,79.178,80.467,0.983978,0
13088,0,79.178,80.467,0.983978,0
13089,0,2655.269,3009.473,0.882303,0
13090,0,2655.269,3009.473,0.882303,0
13091,0,52.376,48.28,1.084842,0
13092,0,52.376,48.28,1.084842,0
13093,0,1686.998,1979.493,0.852237,0
13094,0,1686.998,1979.493,0.852237,0
13095,0,2571.084,3106.034,0.827771,0
13096,0,2571.084,3106.034,0.827771,0
13097,0,1220.769,1239.195,0.985131,0
13098,0,1220.769,1239.195,0.985131,0
13099,0,36.653,32.187,1.13876,0
13100,0,36.653,32.187,1.13876,0
13101,0,713.053,708.111,1.006979,0
13102,0,713.053,708.111,1.006979,0
13103,0,99.42,96.561,1.029615,0
13104,0,99.42,96.561,1.029615,0
13105,0,1261.934,1416.223,0.891056,0
13106,0,1261.934,1416.223,0.891056,0
13107,0,1552.638,1544.97,1.004963,0
13108,0,1552.638,1544.97,1.004963,0
13109,0,1369.542,1367.942,1.001169,0
13110,0,1369.542,1367.942,1.001169,0
13111,0,1374.141,1384.036,0.99285,0
13112,0,1374.141,1384.036,0.99285,0
13113,0,630.883,627.644,1.00516,0
13114,0,630.883,627.644,1.00516,0
13115,0,1838.556,2301.362,0.798899,0
13116,0,1838.556,2301.362,0.798899,0
13117,0,806.959,869.046,0.928557,0
13118,0,806.959,869.046,0.928557,0
13119,0,605.901,611.551,0.990762,0
13120,0,605.901,611.551,0.990762,0
13121,0,1041.782,1142.634,0.911737,0
13122,0,1041.782,1142.634,0.911737,0
13123,0,127.586,128.748,0.990975,0
13124,0,127.586,128.748,0.990975,0
13125,0,833.783,852.952,0.977526,0
13126,0,833.783,852.952,0.977526,0
13127,0,1679.466,1721.998,0.975301,0
13128,0,1679.466,1721.998,0.975301,0
13129,0,2316.007,2381.829,0.972365,0
13130,0,2316.007,2381.829,0.972365,0
13131,0,2151.599,2253.082,0.954958,0
13132,0,2151.599,2253.082,0.954958,0
13133,0,3160.188,3202.595,0.986759,0
13134,0,3160.188,3202.595,0.986759,0
13135,0,452.827,450.616,1.004906,0
13136,0,452.827,450.616,1.004906,0
13137,0,515.081,514.99,1.000177,0
13138,0,515.081,514.99,1.000177,0
13139,0,175.481,177.028,0.991264,0
13140,0,175.481,177.028,0.991264,0
13141,0,486.556,482.803,1.007773,0
13142,0,486.556,482.803,1.007773,0
13143,0,308.282,305.775,1.008199,0
13144,0,308.282,305.775,1.008199,0
13145,0,1656.688,1947.306,0.850759,0
13146,0,1656.688,1947.306,0.850759,0
13147,0,2698.818,2961.193,0.911396,0
13148,0,2698.818,2961.193,0.911396,0
13149,0,1313.782,1335.756,0.983549,0
13150,0,1313.782,1335.756,0.983549,0
13151,0,894.48,917.326,0.975095,0
13152,0,894.48,917.326,0.975095,0
13153,0,561.651,595.457,0.943227,0
13154,0,561.651,595.457,0.943227,0
13155,0,79.506,80.467,0.988053,0
13156,0,79.506,80.467,0.988053,0
13157,0,214.286,209.215,1.024237,0
13158,0,214.286,209.215,1.024237,0
13159,0,342.756,354.056,0.968086,0
13160,0,342.756,354.056,0.968086,0
13161,0,546.963,611.551,0.894388,0
13162,0,546.963,611.551,0.894388,0
13163,0,743.052,788.579,0.942267,0
13164,0,743.052,788.579,0.942267,0
13165,0,757.218,756.392,1.001092,0
13166,0,757.218,756.392,1.001092,0
13167,0,972.57,1046.074,0.929734,0
13168,0,972.57,1046.074,0.929734,0
13169,0,34.727,32.187,1.078911,0
13170,0,34.727,32.187,1.078911,0
13171,0,438.179,450.616,0.972399,0
13172,0,438.179,450.616,0.972399,0
13173,0,2187.739,2478.39,0.882726,0
13174,0,2187.739,2478.39,0.882726,0
13175,0,1962.315,1963.4,0.999448,0
13176,0,1962.315,1963.4,0.999448,0
13177,0,2002.173,2558.857,0.782448,0
13178,0,2002.173,2558.857,0.782448,0
13179,0,1813.235,1818.559,0.997072,0
13180,0,1813.235,1818.559,0.997072,0
13181,0,1673.358,1673.718,0.999785,0
13182,0,1673.358,1673.718,0.999785,0
13183,1,892.496,885.139,1.008312,0
13184,1,892.496,885.139,1.008312,0
13185,1,474.727,466.71,1.017178,0
13186,1,474.727,466.71,1.017178,0
13187,0,2187.027,2188.708,0.999232,0
13188,0,2187.027,2188.708,0.999232,0
13189,0,699.183,692.018,1.010354,0
13190,0,699.183,692.018,1.010354,0
13191,0,434.976,434.523,1.001043,0
13192,0,434.976,434.523,1.001043,0
13193,0,1045.883,1046.074,0.999818,0
13194,0,1045.883,1046.074,0.999818,0
13195,0,1053.748,1046.074,1.007337,0
13196,0,1053.748,1046.074,1.007337,0
13197,0,2325.378,2735.885,0.849955,0
13198,0,2325.378,2735.885,0.849955,0
13199,0,2349.437,2655.418,0.884771,0
13200,0,2349.437,2655.418,0.884771,0
13201,0,2201.747,2671.511,0.824158,0
13202,0,2201.747,2671.511,0.824158,0
13203,0,204.407,209.215,0.977022,0
13204,0,204.407,209.215,0.977022,0
13205,0,1614.913,1931.213,0.836217,0
13206,0,1614.913,1931.213,0.836217,0
13207,0,1736.103,2446.203,0.709713,0
13208,0,1736.103,2446.203,0.709713,0
13209,0,797.885,804.672,0.991566,0
13210,0,797.885,804.672,0.991566,0
13211,0,1068.16,1094.354,0.976065,0
13212,0,1068.16,1094.354,0.976065,0
13213,0,704.627,708.111,0.995079,0
13214,0,704.627,708.111,0.995079,0
13215,0,570.91,563.27,1.013563,0
13216,0,570.91,563.27,1.013563,0
13217,0,346.739,354.056,0.979335,0
13218,0,346.739,354.056,0.979335,0
13219,0,275.385,273.588,1.006566,0
13220,0,275.385,273.588,1.006566,0
13221,0,804.671,804.672,0.999999,0
13222,0,804.671,804.672,0.999999,0
13223,0,637.405,627.644,1.015551,0
13224,0,637.405,627.644,1.015551,0
13225,0,1186.338,1190.915,0.996157,0
13226,0,1186.338,1190.915,0.996157,0
13227,0,276.326,273.588,1.010005,0
13228,0,276.326,273.588,1.010005,0
13229,0,479.185,482.803,0.992505,0
13230,0,479.185,482.803,0.992505,0
13231,0,2334.846,2333.549,1.000556,0
13232,0,2334.846,2333.549,1.000556,0
13233,0,862.193,869.046,0.992114,0
13234,0,862.193,869.046,0.992114,0
13235,0,1027.05,1046.074,0.981814,0
13236,0,1027.05,1046.074,0.981814,0
13237,0,1090.097,1094.354,0.99611,0
13238,0,1090.097,1094.354,0.99611,0
13239,0,1597.133,1609.344,0.992412,0
13240,0,1597.133,1609.344,0.992412,0
13241,0,1306.294,1303.569,1.00209,0
13242,0,1306.294,1303.569,1.00209,0
13243,0,1098.988,1094.354,1.004234,0
13244,0,1098.988,1094.354,1.004234,0
13245,0,1189.9,1190.915,0.999148,0
13246,0,1189.9,1190.915,0.999148,0
13247,0,1443.945,1448.41,0.996917,0
13248,0,1443.945,1448.41,0.996917,0
13249,0,870.151,869.046,1.001272,0
13250,0,870.151,869.046,1.001272,0
13251,0,1159.9,1158.728,1.001012,0
13252,0,1159.9,1158.728,1.001012,0
13253,0,1137.628,1142.634,0.995619,0
13254,0,1137.628,1142.634,0.995619,0
13255,0,907.023,901.233,1.006425,0
13256,0,907.023,901.233,1.006425,0
13257,0,800.662,804.672,0.995017,0
13258,0,800.662,804.672,0.995017,0
13259,0,1804.294,1802.465,1.001015,0
13260,0,1804.294,1802.465,1.001015,0
13261,0,1218.409,1223.101,0.996163,0
13262,0,1218.409,1223.101,0.996163,0
13263,0,197.923,193.121,1.024864,0
13264,0,197.923,193.121,1.024864,0
13265,0,27.999,32.187,0.869903,0
13266,0,27.999,32.187,0.869903,0
13267,0,1274.715,1271.382,1.002622,0
13268,0,1274.715,1271.382,1.002622,0
13269,0,40.721,48.28,0.84342,0
13270,0,40.721,48.28,0.84342,0
13271,0,1459.918,1464.503,0.996869,0
13272,0,1459.918,1464.503,0.996869,0
13273,0,1393.855,1400.129,0.995518,0
13274,0,1393.855,1400.129,0.995518,0
13275,0,1953.152,2027.773,0.9632,0
13276,0,1953.152,2027.773,0.9632,0
13277,0,706.735,708.111,0.998056,0
13278,0,706.735,708.111,0.998056,0
13279,0,626.802,627.644,0.998658,0
13280,0,626.802,627.644,0.998658,0
13281,0,290.158,289.682,1.001645,0
13282,0,290.158,289.682,1.001645,0
13283,0,971.216,965.606,1.005809,0
13284,0,971.216,965.606,1.005809,0
13285,0,307.717,305.775,1.00635,0
13286,0,307.717,305.775,1.00635,0
13287,0,949.815,997.793,0.951916,0
13288,0,949.815,997.793,0.951916,0
13289,0,1779.975,1979.493,0.899207,0
13290,0,1779.975,1979.493,0.899207,0
13291,0,1008.22,1126.541,0.89497,0
13292,0,1008.22,1126.541,0.89497,0
13293,0,797.001,788.579,1.01068,0
13294,0,797.001,788.579,1.01068,0
13295,0,1853.18,2220.895,0.834429,0
13296,0,1853.18,2220.895,0.834429,0
13297,0,1161.589,1158.728,1.002469,0
13298,0,1161.589,1158.728,1.002469,0
13299,1,747.566,740.298,1.009817,0
13300,1,747.566,740.298,1.009817,0
13301,0,2547.614,2880.726,0.884365,0
13302,0,2547.614,2880.726,0.884365,0
13303,0,2643.271,2639.324,1.001495,0
13304,0,2643.271,2639.324,1.001495,0
13305,0,1077.988,1094.354,0.985045,0
13306,0,1077.988,1094.354,0.985045,0
13307,0,1762.955,1931.213,0.912875,0
13308,0,1762.955,1931.213,0.912875,0
13309,0,713.508,756.392,0.943304,0
13310,0,713.508,756.392,0.943304,0
13311,0,635.794,643.738,0.98766,0
13312,0,635.794,643.738,0.98766,0
13313,0,954.05,949.513,1.004778,0
13314,0,954.05,949.513,1.004778,0
13315,0,2468.825,2478.39,0.996141,0
13316,0,2468.825,2478.39,0.996141,0
13317,0,816.06,1029.98,0.792306,0
13318,0,816.06,1029.98,0.792306,0
13319,0,260.129,257.495,1.010229,0
13320,0,260.129,257.495,1.010229,0
13321,0,1322.508,1319.662,1.002157,0
13322,0,1322.508,1319.662,1.002157,0
13323,0,2863.91,2864.632,0.999748,0
13324,0,2863.91,2864.632,0.999748,0
13325,0,1419.872,1416.223,1.002577,0
13326,0,1419.872,1416.223,1.002577,0
13327,0,199.43,193.121,1.032669,0
13328,0,199.43,193.121,1.032669,0
13329,0,2100.052,2172.614,0.966601,0
13330,0,2100.052,2172.614,0.966601,0
13331,0,2122.695,2140.428,0.991715,0
13332,0,2122.695,2140.428,0.991715,0
13333,0,591.793,595.457,0.993846,0
13334,0,591.793,595.457,0.993846,0
13335,0,1150.39,1142.634,1.006788,0
13336,0,1150.39,1142.634,1.006788,0
13337,0,986.84,981.7,1.005236,0
13338,0,986.84,981.7,1.005236,0
13339,0,263.449,273.588,0.962939,0
13340,0,263.449,273.588,0.962939,0
13341,0,540.241,547.177,0.987324,0
13342,0,540.241,547.177,0.987324,0
13343,0,367.265,370.149,0.992208,0
13344,0,367.265,370.149,0.992208,0
13345,0,779.505,772.485,1.009087,0
13346,0,779.505,772.485,1.009087,0
13347,0,446.853,466.71,0.957454,0
13348,0,446.853,466.71,0.957454,0
13349,0,1633.438,1641.531,0.99507,0
13350,0,1633.438,1641.531,0.99507,0
13351,0,806.752,804.672,1.002584,0
13352,0,806.752,804.672,1.002584,0
13353,0,837.383,836.859,1.000626,0
13354,0,837.383,836.859,1.000626,0
13355,0,1436.484,1432.316,1.00291,0
13356,0,1436.484,1432.316,1.00291,0
13357,0,1271.53,1271.382,1.000116,0
13358,0,1271.53,1271.382,1.000116,0
13359,0,828.504,820.765,1.009428,0
13360,0,828.504,820.765,1.009428,0
13361,0,927.33,933.42,0.993476,0
13362,0,927.33,933.42,0.993476,0
13363,0,1127.954,1126.541,1.001255,0
13364,0,1127.954,1126.541,1.001255,0
13365,0,798.383,804.672,0.992185,0
13366,0,798.383,804.672,0.992185,0
13367,0,1237.546,1255.288,0.985866,0
13368,0,1237.546,1255.288,0.985866,0
13369,1,6551.603,7290.328,0.89867,0
13370,1,6551.603,7290.328,0.89867,0
13371,0,1522.411,1577.157,0.965288,0
13372,0,1522.411,1577.157,0.965288,0
13373,0,575.167,579.364,0.992756,0
13374,0,575.167,579.364,0.992756,0
13375,0,958.204,1062.167,0.902122,0
13376,0,958.204,1062.167,0.902122,0
13377,0,933.811,949.513,0.983463,0
13378,0,933.811,949.513,0.983463,0
13379,0,2149.501,2269.175,0.947261,0
13380,0,2149.501,2269.175,0.947261,0
13381,0,1617.244,1625.437,0.99496,0
13382,0,1617.244,1625.437,0.99496,0
13383,0,3824.023,4023.36,0.950455,0
13384,0,3824.023,4023.36,0.950455,0
13385,0,456.586,450.616,1.013248,0
13386,0,456.586,450.616,1.013248,0
13387,0,1950.868,1947.306,1.001829,0
13388,0,1950.868,1947.306,1.001829,0
13389,0,646.933,643.738,1.004964,0
13390,0,646.933,643.738,1.004964,0
13391,0,1252.421,1287.475,0.972773,0
13392,0,1252.421,1287.475,0.972773,0
13393,0,784.294,788.579,0.994567,0
13394,0,784.294,788.579,0.994567,0
13395,0,1071.218,1174.821,0.911814,0
13396,0,1071.218,1174.821,0.911814,0
13397,0,1723.013,2414.016,0.713754,0
13398,0,1723.013,2414.016,0.713754,0
13399,0,6106.737,6646.591,0.918777,0
13400,0,6106.737,6646.591,0.918777,0
13401,0,3183.571,7708.758,0.412981,0
13402,0,3183.571,7708.758,0.412981,0
13403,0,4017.527,5890.199,0.68207,0
13404,0,4017.527,5890.199,0.68207,0
13405,0,2026.353,2059.96,0.983686,0
13406,0,2026.353,2059.96,0.983686,0
13407,0,1272.407,1609.344,0.790637,0
13408,0,1272.407,1609.344,0.790637,0
13409,0,2197.907,2414.016,0.910477,0
13410,0,2197.907,2414.016,0.910477,0
13411,0,831.224,869.046,0.956479,0
13412,0,831.224,869.046,0.956479,0
13413,0,4484.571,4667.098,0.960891,0
13414,0,4484.571,4667.098,0.960891,0
13415,0,6060.721,7708.758,0.786212,0
13416,0,6060.721,7708.758,0.786212,0
13417,0,1186.82,1190.915,0.996562,0
13418,0,1186.82,1190.915,0.996562,0
13419,0,735.202,740.298,0.993116,0
13420,0,735.202,740.298,0.993116,0
13421,0,1843.757,1899.026,0.970896,0
13422,0,1843.757,1899.026,0.970896,0
13423,0,581.779,595.457,0.977029,0
13424,0,581.779,595.457,0.977029,0
13425,0,570.048,579.364,0.983921,0
13426,0,570.048,579.364,0.983921,0
13427,0,1142.092,1158.728,0.985644,0
13428,0,1142.092,1158.728,0.985644,0
13429,0,4569.159,5664.891,0.806575,0
13430,0,4569.159,5664.891,0.806575,0
13431,0,534.324,531.084,1.006101,0
13432,0,534.324,531.084,1.006101,0
13433,0,1700.441,1705.905,0.996797,0
13434,0,1700.441,1705.905,0.996797,0
13435,0,2180.881,2333.549,0.934577,0
13436,0,2180.881,2333.549,0.934577,0
13437,0,1108.492,1110.447,0.998239,0
13438,0,1108.492,1110.447,0.998239,0
13439,0,655.601,659.831,0.993589,0
13440,0,655.601,659.831,0.993589,0
13441,0,1379.279,1464.503,0.941807,0
13442,0,1379.279,1464.503,0.941807,0
13443,0,432.623,434.523,0.995628,0
13444,0,432.623,434.523,0.995628,0
13445,0,2379.381,3041.66,0.782264,0
13446,0,2379.381,3041.66,0.782264,0
13447,0,4285.146,4280.855,1.001002,0
13448,0,4285.146,4280.855,1.001002,0
13449,0,3074.56,3106.034,0.989867,0
13450,0,3074.56,3106.034,0.989867,0
13451,0,1584.192,1609.344,0.984371,0
13452,0,1584.192,1609.344,0.984371,0
13453,0,737.192,756.392,0.974617,0
13454,0,737.192,756.392,0.974617,0
13455,0,1395.803,2172.614,0.642453,0
13456,0,1395.803,2172.614,0.642453,0
13457,0,1756.272,1995.587,0.880078,0
13458,0,1756.272,1995.587,0.880078,0
13459,0,1622.888,1673.718,0.969631,0
13460,0,1622.888,1673.718,0.969631,0
13461,0,1286.247,1287.475,0.999046,0
13462,0,1286.247,1287.475,0.999046,0
13463,0,958.746,949.513,1.009724,0
13464,0,958.746,949.513,1.009724,0
13465,0,558.769,563.27,0.992008,0
13466,0,558.769,563.27,0.992008,0
13467,0,2486.801,2510.577,0.99053,0
13468,0,2486.801,2510.577,0.99053,0
13469,0,1419.61,1464.503,0.969346,0
13470,0,1419.61,1464.503,0.969346,0
13471,0,1404.736,1400.129,1.00329,0
13472,0,1404.736,1400.129,1.00329,0
13473,0,588.873,595.457,0.988943,0
13474,0,588.873,595.457,0.988943,0
13475,0,2352.46,2349.642,1.001199,0
13476,0,2352.46,2349.642,1.001199,0
13477,0,568.081,563.27,1.00854,0
13478,0,568.081,563.27,1.00854,0
13479,0,3032.386,3041.66,0.996951,0
13480,0,3032.386,3041.66,0.996951,0
13481,0,1668.42,1673.718,0.996835,0
13482,0,1668.42,1673.718,0.996835,0
13483,0,1946.239,1947.306,0.999452,0
13484,0,1946.239,1947.306,0.999452,0
13485,0,495.722,498.897,0.993637,0
13486,0,495.722,498.897,0.993637,0
13487,0,3624.086,3637.117,0.996417,0
13488,0,3624.086,3637.117,0.996417,0
13489,0,1888.49,1995.587,0.946333,0
13490,0,1888.49,1995.587,0.946333,0
13491,0,1340.826,1335.756,1.003796,0
13492,0,1340.826,1335.756,1.003796,0
13493,0,655.37,659.831,0.993239,0
13494,0,655.37,659.831,0.993239,0
13495,0,1385.716,1400.129,0.989706,0
13496,0,1385.716,1400.129,0.989706,0
13497,0,1394.099,1464.503,0.951926,0
13498,0,1394.099,1464.503,0.951926,0
13499,0,1302.482,1303.569,0.999167,0
13500,0,1302.482,1303.569,0.999167,0
13501,0,865.449,869.046,0.995862,0
13502,0,865.449,869.046,0.995862,0
13503,0,2466.301,2800.259,0.88074,0
13504,0,2466.301,2800.259,0.88074,0
13505,0,2620.714,2655.418,0.986931,0
13506,0,2620.714,2655.418,0.986931,0
13507,0,750.588,740.298,1.013899,0
13508,0,750.588,740.298,1.013899,0
13509,0,750.133,756.392,0.991726,0
13510,0,750.133,756.392,0.991726,0
13511,0,749.355,740.298,1.012233,0
13512,0,749.355,740.298,1.012233,0
13513,0,2788.264,2816.352,0.990027,0
13514,0,2788.264,2816.352,0.990027,0
13515,0,1857.242,2301.362,0.807019,0
13516,0,1857.242,2301.362,0.807019,0
13517,0,1049.735,1062.167,0.988295,0
13518,0,1049.735,1062.167,0.988295,0
13519,0,227.441,225.308,1.009466,0
13520,0,227.441,225.308,1.009466,0
13521,0,478.531,482.803,0.991151,0
13522,0,478.531,482.803,0.991151,0
13523,0,235.805,241.402,0.976816,0
13524,0,235.805,241.402,0.976816,0
13525,0,1878.957,1882.932,0.997889,0
13526,0,1878.957,1882.932,0.997889,0
13527,0,352.115,354.056,0.99452,0
13528,0,352.115,354.056,0.99452,0
13529,0,1112.298,1110.447,1.001667,0
13530,0,1112.298,1110.447,1.001667,0
13531,0,645.01,643.738,1.001976,0
13532,0,645.01,643.738,1.001976,0
13533,0,906.323,901.233,1.005648,0
13534,0,906.323,901.233,1.005648,0
13535,0,1949.835,1995.587,0.977074,0
13536,0,1949.835,1995.587,0.977074,0
13537,0,1020.675,1013.887,1.006695,0
13538,0,1020.675,1013.887,1.006695,0
13539,0,1379.373,1384.036,0.996631,0
13540,0,1379.373,1384.036,0.996631,0
13541,0,381.007,386.243,0.986444,0
13542,0,381.007,386.243,0.986444,0
13543,0,1662.928,1657.624,1.0032,0
13544,0,1662.928,1657.624,1.0032,0
13545,0,1290.162,1287.475,1.002087,0
13546,0,1290.162,1287.475,1.002087,0
13547,0,102.588,96.561,1.062418,0
13548,0,102.588,96.561,1.062418,0
13549,0,398.802,450.616,0.885014,0
13550,0,398.802,450.616,0.885014,0
13551,0,691.225,692.018,0.998854,0
13552,0,691.225,692.018,0.998854,0
13553,0,1018.215,1013.887,1.004269,0
13554,0,1018.215,1013.887,1.004269,0
13555,0,971.506,965.606,1.006109,0
13556,0,971.506,965.606,1.006109,0
13557,0,343.202,337.962,1.015504,0
13558,0,343.202,337.962,1.015504,0
13559,0,1552.387,1915.119,0.810596,0
13560,0,1552.387,1915.119,0.810596,0
13561,0,1696.89,2043.867,0.830235,0
13562,0,1696.89,2043.867,0.830235,0
13563,0,1430.625,1464.503,0.976867,0
13564,0,1430.625,1464.503,0.976867,0
13565,0,581.471,579.364,1.003637,0
13566,0,581.471,579.364,1.003637,0
13567,0,145.234,144.841,1.002713,0
13568,0,145.234,144.841,1.002713,0
13569,0,2973.055,2993.38,0.99321,0
13570,0,2973.055,2993.38,0.99321,0
13571,0,644.399,643.738,1.001028,0
13572,0,644.399,643.738,1.001028,0
13573,0,878.208,917.326,0.957357,0
13574,0,878.208,917.326,0.957357,0
13575,0,3081.944,3299.155,0.934162,0
13576,0,3081.944,3299.155,0.934162,0
13577,0,838.903,836.859,1.002443,0
13578,0,838.903,836.859,1.002443,0
13579,0,1209.98,1207.008,1.002462,0
13580,0,1209.98,1207.008,1.002462,0
13581,0,2446.361,3106.034,0.787616,0
13582,0,2446.361,3106.034,0.787616,0
13583,0,1898.486,2027.773,0.936241,0
13584,0,1898.486,2027.773,0.936241,0
13585,0,956.728,949.513,1.007599,0
13586,0,956.728,949.513,1.007599,0
13587,0,1043.887,1078.26,0.968122,0
13588,0,1043.887,1078.26,0.968122,0
13589,0,916.429,917.326,0.999022,0
13590,0,916.429,917.326,0.999022,0
13591,0,1110.239,1110.447,0.999813,0
13592,0,1110.239,1110.447,0.999813,0
13593,0,561.802,563.27,0.997393,0
13594,0,561.802,563.27,0.997393,0
13595,0,1982.53,1979.493,1.001534,0
13596,0,1982.53,1979.493,1.001534,0
13597,0,1791.731,1786.372,1.003,0
13598,0,1791.731,1786.372,1.003,0
13599,0,1799.966,1802.465,0.998614,0
13600,0,1799.966,1802.465,0.998614,0
13601,0,924.889,933.42,0.990861,0
13602,0,924.889,933.42,0.990861,0
13603,0,1676.8,1721.998,0.973753,0
13604,0,1676.8,1721.998,0.973753,0
13605,0,1797.159,1786.372,1.006039,0
13606,0,1797.159,1786.372,1.006039,0
13607,0,1233.157,1223.101,1.008222,0
13608,0,1233.157,1223.101,1.008222,0
13609,0,611.918,611.551,1.000601,0
13610,0,611.918,611.551,1.000601,0
13611,0,1291.465,1287.475,1.003099,0
13612,0,1291.465,1287.475,1.003099,0
13613,0,398.49,402.336,0.990441,0
13614,0,398.49,402.336,0.990441,0
13615,0,488.388,482.803,1.011568,0
13616,0,488.388,482.803,1.011568,0
13617,0,1289.975,1351.849,0.95423,0
13618,0,1289.975,1351.849,0.95423,0
13619,0,1668.447,1770.278,0.942477,0
13620,0,1668.447,1770.278,0.942477,0
13621,0,1366.835,1400.129,0.976221,0
13622,0,1366.835,1400.129,0.976221,0
13623,0,905.518,901.233,1.004755,0
13624,0,905.518,901.233,1.004755,0
13625,0,725.88,917.326,0.7913,0
13626,0,725.88,917.326,0.7913,0
13627,0,541.598,547.177,0.989804,0
13628,0,541.598,547.177,0.989804,0
13629,0,2310.215,2945.1,0.784427,0
13630,0,2310.215,2945.1,0.784427,0
13631,0,1868.763,1866.839,1.001031,0
13632,0,1868.763,1866.839,1.001031,0
13633,0,1336.137,1641.531,0.813958,0
13634,0,1336.137,1641.531,0.813958,0
13635,0,1522.913,1786.372,0.852517,0
13636,0,1522.913,1786.372,0.852517,0
13637,0,2749.705,3218.688,0.854294,0
13638,0,2749.705,3218.688,0.854294,0
13639,0,1966.812,2172.614,0.905274,0
13640,0,1966.812,2172.614,0.905274,0
13641,0,4355.047,5005.06,0.870129,0
13642,0,4355.047,5005.06,0.870129,0
13643,0,3058.313,3041.66,1.005475,0
13644,0,3058.313,3041.66,1.005475,0
13645,0,1721.491,1721.998,0.999706,0
13646,0,1721.491,1721.998,0.999706,0
13647,0,1158.671,1158.728,0.999951,0
13648,0,1158.671,1158.728,0.999951,0
13649,0,2579.781,2719.791,0.948522,0
13650,0,2579.781,2719.791,0.948522,0
13651,0,483.715,482.803,1.001888,0
13652,0,483.715,482.803,1.001888,0
13653,0,1069.815,1416.223,0.7554,0
13654,0,1069.815,1416.223,0.7554,0
13655,0,1278.708,1271.382,1.005763,0
13656,0,1278.708,1271.382,1.005763,0
13657,0,2875.108,3379.622,0.850719,0
13658,0,2875.108,3379.622,0.850719,0
13659,0,3735.451,3765.865,0.991924,0
13660,0,3735.451,3765.865,0.991924,0
13661,0,792.808,820.765,0.965937,0
13662,0,792.808,820.765,0.965937,0
13663,1,2523.587,2639.324,0.956149,0
13664,1,2523.587,2639.324,0.956149,0
13665,0,2535.777,2848.539,0.890203,0
13666,0,2535.777,2848.539,0.890203,0
13667,0,1946.52,2043.867,0.952371,0
13668,0,1946.52,2043.867,0.952371,0
13669,0,103.337,96.561,1.070178,0
13670,0,103.337,96.561,1.070178,0
13671,0,3681.435,4071.64,0.904165,0
13672,0,3681.435,4071.64,0.904165,0
13673,0,868.18,885.139,0.98084,0
13674,0,868.18,885.139,0.98084,0
13675,0,394.852,402.336,0.981398,0
13676,0,394.852,402.336,0.981398,0
13677,0,1420.272,1432.316,0.991591,0
13678,0,1420.272,1432.316,0.991591,0
13679,0,1324.765,1351.849,0.979966,0
13680,0,1324.765,1351.849,0.979966,0
13681,0,2328.643,2349.642,0.991063,0
13682,0,2328.643,2349.642,0.991063,0
13683,0,981.861,1416.223,0.693295,0
13684,0,981.861,1416.223,0.693295,0
13685,0,2225.152,2301.362,0.966885,0
13686,0,2225.152,2301.362,0.966885,0
13687,0,1054.831,1062.167,0.993093,0
13688,0,1054.831,1062.167,0.993093,0
13689,0,2886.598,2912.913,0.990966,0
13690,0,2886.598,2912.913,0.990966,0
13691,0,1459.211,1544.97,0.944491,0
13692,0,1459.211,1544.97,0.944491,0
13693,0,1970.694,1963.4,1.003715,0
13694,0,1970.694,1963.4,1.003715,0
13695,0,517.016,514.99,1.003935,0
13696,0,517.016,514.99,1.003935,0
13697,0,1051.227,1046.074,1.004927,0
13698,0,1051.227,1046.074,1.004927,0
13699,0,1096.77,1094.354,1.002207,0
13700,0,1096.77,1094.354,1.002207,0
13701,0,323.019,321.869,1.003574,0
13702,0,323.019,321.869,1.003574,0
13703,0,1640.722,1657.624,0.989804,0
13704,0,1640.722,1657.624,0.989804,0
13705,0,2223.643,2220.895,1.001237,0
13706,0,2223.643,2220.895,1.001237,0
13707,0,1280.381,1287.475,0.99449,0
13708,0,1280.381,1287.475,0.99449,0
13709,0,2149.532,2156.521,0.996759,0
13710,0,2149.532,2156.521,0.996759,0
13711,0,1485.513,1480.596,1.003321,0
13712,0,1485.513,1480.596,1.003321,0
13713,0,249.964,257.495,0.970753,0
13714,0,249.964,257.495,0.970753,0
13715,0,1979.428,1979.493,0.999967,0
13716,0,1979.428,1979.493,0.999967,0
13717,0,910.639,917.326,0.99271,0
13718,0,910.639,917.326,0.99271,0
13719,0,1632.81,1866.839,0.874639,0
13720,0,1632.81,1866.839,0.874639,0
13721,0,511.762,627.644,0.815369,0
13722,0,511.762,627.644,0.815369,0
13723,0,1357.971,1416.223,0.958868,0
13724,0,1357.971,1416.223,0.958868,0
13725,0,1631.065,1641.531,0.993624,0
13726,0,1631.065,1641.531,0.993624,0
13727,0,2540.83,2574.95,0.986749,0
13728,0,2540.83,2574.95,0.986749,0
13729,0,764.076,1062.167,0.719356,0
13730,0,764.076,1062.167,0.719356,0
13731,0,1743.929,1915.119,0.910611,0
13732,0,1743.929,1915.119,0.910611,0
13733,0,2166.83,2784.165,0.778269,0
13734,0,2166.83,2784.165,0.778269,0
13735,0,1668.674,2333.549,0.71508,0
13736,0,1668.674,2333.549,0.71508,0
13737,0,821.569,820.765,1.000979,0
13738,0,821.569,820.765,1.000979,0
13739,0,754.211,1689.811,0.446329,0
13740,0,754.211,1689.811,0.446329,0
13741,0,579.273,788.579,0.734579,0
13742,0,579.273,788.579,0.734579,0
13743,0,1093.385,1110.447,0.984635,0
13744,0,1093.385,1110.447,0.984635,0
13745,0,1683.752,1721.998,0.97779,0
13746,0,1683.752,1721.998,0.97779,0
13747,0,861.892,852.952,1.010481,0
13748,0,861.892,852.952,1.010481,0
13749,0,1158.738,1158.728,1.000009,0
13750,0,1158.738,1158.728,1.000009,0
13751,0,1767.321,1786.372,0.989335,0
13752,0,1767.321,1786.372,0.989335,0
13753,0,717.25,708.111,1.012906,0
13754,0,717.25,708.111,1.012906,0
13755,0,1222.962,1223.101,0.999886,0
13756,0,1222.962,1223.101,0.999886,0
13757,0,562.516,563.27,0.998661,0
13758,0,562.516,563.27,0.998661,0
13759,0,2043.195,2510.577,0.813835,0
13760,0,2043.195,2510.577,0.813835,0
13761,0,1898.004,2092.147,0.907204,0
13762,0,1898.004,2092.147,0.907204,0
13763,0,1198.213,1207.008,0.992713,0
13764,0,1198.213,1207.008,0.992713,0
13765,0,1031.961,1029.98,1.001924,0
13766,0,1031.961,1029.98,1.001924,0
13767,0,209.367,209.215,1.000726,0
13768,0,209.367,209.215,1.000726,0
13769,0,263.475,257.495,1.023225,0
13770,0,263.475,257.495,1.023225,0
13771,0,160.167,160.934,0.995229,0
13772,0,160.167,160.934,0.995229,0
13773,0,1085.463,1094.354,0.991876,0
13774,0,1085.463,1094.354,0.991876,0
13775,0,1528.049,1528.877,0.999458,0
13776,0,1528.049,1528.877,0.999458,0
13777,0,2099.235,2236.988,0.93842,0
13778,0,2099.235,2236.988,0.93842,0
13779,0,1100.964,1094.354,1.00604,0
13780,0,1100.964,1094.354,1.00604,0
13781,0,476.474,482.803,0.986891,0
13782,0,476.474,482.803,0.986891,0
13783,0,1873.226,1866.839,1.003421,0
13784,0,1873.226,1866.839,1.003421,0
13785,0,2475.682,2591.044,0.955477,0
13786,0,2475.682,2591.044,0.955477,0
13787,0,1607.542,1866.839,0.861104,0
13788,0,1607.542,1866.839,0.861104,0
13789,0,2254.142,2462.296,0.915463,0
13790,0,2254.142,2462.296,0.915463,0
13791,0,1685.459,1786.372,0.94351,0
13792,0,1685.459,1786.372,0.94351,0
13793,0,69.777,64.374,1.08394,0
13794,0,69.777,64.374,1.08394,0
13795,0,1516.907,1770.278,0.856875,0
13796,0,1516.907,1770.278,0.856875,0
13797,0,806.382,804.672,1.002126,0
13798,0,806.382,804.672,1.002126,0
13799,0,1100.536,1094.354,1.005649,0
13800,0,1100.536,1094.354,1.005649,0
13801,0,1312.976,1319.662,0.994934,0
13802,0,1312.976,1319.662,0.994934,0
13803,0,1257.014,1271.382,0.988699,0
13804,0,1257.014,1271.382,0.988699,0
13805,0,1116.099,1271.382,0.877863,0
13806,0,1116.099,1271.382,0.877863,0
13807,0,852.158,852.952,0.999068,0
13808,0,852.158,852.952,0.999068,0
13809,0,765.552,756.392,1.012111,0
13810,0,765.552,756.392,1.012111,0
13811,0,1151.224,1174.821,0.979915,0
13812,0,1151.224,1174.821,0.979915,0
13813,0,593.765,595.457,0.997159,0
13814,0,593.765,595.457,0.997159,0
13815,0,1352.449,1351.849,1.000444,0
13816,0,1352.449,1351.849,1.000444,0
13817,0,1995.42,1995.587,0.999917,0
13818,0,1995.42,1995.587,0.999917,0
13819,0,1560.765,1786.372,0.873707,0
13820,0,1560.765,1786.372,0.873707,0
13821,0,1248.938,1271.382,0.982347,0
13822,0,1248.938,1271.382,0.982347,0
13823,0,1102.221,1110.447,0.992592,0
13824,0,1102.221,1110.447,0.992592,0
13825,0,2157.196,2156.521,1.000313,0
13826,0,2157.196,2156.521,1.000313,0
13827,0,1607.781,1689.811,0.951456,0
13828,0,1607.781,1689.811,0.951456,0
13829,0,1288.799,1528.877,0.842971,0
13830,0,1288.799,1528.877,0.842971,0
13831,0,1279.112,1577.157,0.811024,0
13832,0,1279.112,1577.157,0.811024,0
13833,0,56.34,48.28,1.166933,0
13834,0,56.34,48.28,1.166933,0
13835,0,1274.818,1271.382,1.002703,0
13836,0,1274.818,1271.382,1.002703,0
13837,0,990.09,981.7,1.008547,0
13838,0,990.09,981.7,1.008547,0
13839,0,1241.674,1271.382,0.976634,0
13840,0,1241.674,1271.382,0.976634,0
13841,0,871.158,869.046,1.00243,0
13842,0,871.158,869.046,1.00243,0
13843,1,1243.166,1239.195,1.003205,0
13844,1,1243.166,1239.195,1.003205,0
13845,0,2065.208,2059.96,1.002547,0
13846,0,2065.208,2059.96,1.002547,0
13847,0,1204.295,1207.008,0.997752,0
13848,0,1204.295,1207.008,0.997752,0
13849,1,816.981,820.765,0.995389,0
13850,1,816.981,820.765,0.995389,0
13851,0,2067.784,2059.96,1.003798,0
13852,0,2067.784,2059.96,1.003798,0
13853,0,3409.512,3443.996,0.989987,0
13854,0,3409.512,3443.996,0.989987,0
13855,0,984.671,981.7,1.003027,0
13856,0,984.671,981.7,1.003027,0
13857,0,2291.704,2430.109,0.943046,0
13858,0,2291.704,2430.109,0.943046,0
13859,0,2567.064,2607.137,0.984629,0
13860,0,2567.064,2607.137,0.984629,0
13861,0,2506.339,2961.193,0.846395,0
13862,0,2506.339,2961.193,0.846395,0
13863,1,2759.063,2864.632,0.963147,0
13864,1,2759.063,2864.632,0.963147,0
13865,0,1079.562,1078.26,1.001207,0
13866,0,1079.562,1078.26,1.001207,0
13867,0,2594.539,2639.324,0.983032,0
13868,0,2594.539,2639.324,0.983032,0
13869,0,1308.347,1351.849,0.96782,0
13870,0,1308.347,1351.849,0.96782,0
13871,0,328.836,321.869,1.021645,0
13872,0,328.836,321.869,1.021645,0
13873,0,2510.858,2510.577,1.000112,0
13874,0,2510.858,2510.577,1.000112,0
13875,0,1183.766,1190.915,0.993997,0
13876,0,1183.766,1190.915,0.993997,0
13877,0,2805.643,2800.259,1.001923,0
13878,0,2805.643,2800.259,1.001923,0
13879,0,697.489,692.018,1.007907,0
13880,0,697.489,692.018,1.007907,0
13881,0,1429.878,1432.316,0.998298,0
13882,0,1429.878,1432.316,0.998298,0
13883,0,3811.244,4860.219,0.784171,0
13884,0,3811.244,4860.219,0.784171,0
13885,0,2250.151,2285.268,0.984633,0
13886,0,2250.151,2285.268,0.984633,0
13887,0,1634.3,1625.437,1.005452,0
13888,0,1634.3,1625.437,1.005452,0
13889,0,1016.62,1046.074,0.971844,0
13890,0,1016.62,1046.074,0.971844,0
13891,0,999.376,997.793,1.001586,0
13892,0,999.376,997.793,1.001586,0
13893,0,1376.658,1384.036,0.994669,0
13894,0,1376.658,1384.036,0.994669,0
13895,0,1093.933,1094.354,0.999615,0
13896,0,1093.933,1094.354,0.999615,0
13897,0,918.702,1029.98,0.891961,0
13898,0,918.702,1029.98,0.891961,0
13899,0,450.782,563.27,0.800294,0
13900,0,450.782,563.27,0.800294,0
13901,0,1596.73,1593.251,1.002184,0
13902,0,1596.73,1593.251,1.002184,0
13903,0,1535.032,2059.96,0.745175,0
13904,0,1535.032,2059.96,0.745175,0
13905,0,1354.117,1416.223,0.956147,0
13906,0,1354.117,1416.223,0.956147,0
13907,0,3324.114,3315.249,1.002674,0
13908,0,3324.114,3315.249,1.002674,0
13909,0,1466.272,1464.503,1.001208,0
13910,0,1466.272,1464.503,1.001208,0
13911,0,2149.493,2140.428,1.004235,0
13912,0,2149.493,2140.428,1.004235,0
13913,0,2662.066,2671.511,0.996464,0
13914,0,2662.066,2671.511,0.996464,0
13915,0,1130.59,1126.541,1.003594,0
13916,0,1130.59,1126.541,1.003594,0
13917,0,2027.258,2092.147,0.968984,0
13918,0,2027.258,2092.147,0.968984,0
13919,0,315.102,321.869,0.978977,0
13920,0,315.102,321.869,0.978977,0
13921,0,2239.169,3299.155,0.67871,0
13922,0,2239.169,3299.155,0.67871,0
13923,0,2563.94,2768.072,0.926255,0
13924,0,2563.94,2768.072,0.926255,0
13925,0,2114.668,2269.175,0.931911,0
13926,0,2114.668,2269.175,0.931911,0
13927,0,1330.715,1319.662,1.008376,0
13928,0,1330.715,1319.662,1.008376,0
13929,0,1183.033,1207.008,0.980137,0
13930,0,1183.033,1207.008,0.980137,0
13931,0,1048.485,1046.074,1.002305,0
13932,0,1048.485,1046.074,1.002305,0
13933,0,983.422,981.7,1.001755,0
13934,0,983.422,981.7,1.001755,0
13935,0,2762.42,3411.809,0.809664,0
13936,0,2762.42,3411.809,0.809664,0
13937,0,1054.812,1046.074,1.008353,0
13938,0,1054.812,1046.074,1.008353,0
13939,0,1812.982,2381.829,0.761172,0
13940,0,1812.982,2381.829,0.761172,0
13941,0,2807.49,2816.352,0.996853,0
13942,0,2807.49,2816.352,0.996853,0
13943,0,375.554,386.243,0.972327,0
13944,0,375.554,386.243,0.972327,0
13945,0,1789.562,1915.119,0.934439,0
13946,0,1789.562,1915.119,0.934439,0
13947,0,1711.683,1705.905,1.003387,0
13948,0,1711.683,1705.905,1.003387,0
13949,0,1574.042,1577.157,0.998025,0
13950,0,1574.042,1577.157,0.998025,0
13951,0,1718.404,1721.998,0.997913,0
13952,0,1718.404,1721.998,0.997913,0
13953,0,1227.007,1223.101,1.003193,0
13954,0,1227.007,1223.101,1.003193,0
13955,0,2133.771,2124.334,1.004442,0
13956,0,2133.771,2124.334,1.004442,0
13957,0,2082.201,2076.054,1.002961,0
13958,0,2082.201,2076.054,1.002961,0
13959,0,1376.986,1384.036,0.994906,0
13960,0,1376.986,1384.036,0.994906,0
13961,0,1265.923,1303.569,0.971121,0
13962,0,1265.923,1303.569,0.971121,0
13963,0,1083.488,1078.26,1.004848,0
13964,0,1083.488,1078.26,1.004848,0
13965,0,1357.132,1464.503,0.926684,0
13966,0,1357.132,1464.503,0.926684,0
13967,0,1644.8,1641.531,1.001992,0
13968,0,1644.8,1641.531,1.001992,0
13969,0,552.09,547.177,1.008979,0
13970,0,552.09,547.177,1.008979,0
13971,0,1190.043,1207.008,0.985944,0
13972,0,1190.043,1207.008,0.985944,0
13973,0,67.472,64.374,1.048136,0
13974,0,67.472,64.374,1.048136,0
13975,0,67.147,64.374,1.043083,0
13976,0,67.147,64.374,1.043083,0
13977,0,75.174,80.467,0.934225,0
13978,0,75.174,80.467,0.934225,0
13979,0,1307.204,1303.569,1.002789,0
13980,0,1307.204,1303.569,1.002789,0
13981,0,993.003,1062.167,0.934884,0
13982,0,993.003,1062.167,0.934884,0
13983,0,2989.309,3202.595,0.933402,0
13984,0,2989.309,3202.595,0.933402,0
13985,0,1433.891,1432.316,1.001099,0
13986,0,1433.891,1432.316,1.001099,0
13987,0,1414.345,1448.41,0.976481,0
13988,0,1414.345,1448.41,0.976481,0
13989,0,1431.981,1432.316,0.999766,0
13990,0,1431.981,1432.316,0.999766,0
13991,0,1220.803,1223.101,0.998121,0
13992,0,1220.803,1223.101,0.998121,0
13993,0,1807.117,1802.465,1.002581,0
13994,0,1807.117,1802.465,1.002581,0
13995,0,317.751,321.869,0.987208,0
13996,0,317.751,321.869,0.987208,0
13997,0,2674.052,2977.286,0.898151,0
13998,0,2674.052,2977.286,0.898151,0
13999,0,4427.953,5037.247,0.879042,0
14000,0,4427.953,5037.247,0.879042,0
14001,0,3243.503,3266.968,0.992818,0
14002,0,3243.503,3266.968,0.992818,0
14003,0,1330.091,1335.756,0.995759,0
14004,0,1330.091,1335.756,0.995759,0
14005,0,2143.676,2140.428,1.001518,0
14006,0,2143.676,2140.428,1.001518,0
14007,0,2385.052,3073.847,0.775918,0
14008,0,2385.052,3073.847,0.775918,0
14009,0,1297.659,1400.129,0.926814,0
14010,0,1297.659,1400.129,0.926814,0
14011,0,2895.53,2961.193,0.977826,0
14012,0,2895.53,2961.193,0.977826,0
14013,0,1918.638,1995.587,0.961441,0
14014,0,1918.638,1995.587,0.961441,0
14015,0,2719.789,2751.978,0.988303,0
14016,0,2719.789,2751.978,0.988303,0
14017,1,1058.412,1094.354,0.967157,0
14018,1,1058.412,1094.354,0.967157,0
14019,0,4964.855,4956.78,1.001629,0
14020,0,4964.855,4956.78,1.001629,0
14021,0,1049.299,1046.074,1.003083,0
14022,0,1049.299,1046.074,1.003083,0
14023,0,2063.743,2124.334,0.971478,0
14024,0,2063.743,2124.334,0.971478,0
14025,0,3118.224,3266.968,0.95447,0
14026,0,3118.224,3266.968,0.95447,0
14027,0,1126.247,1126.541,0.999739,0
14028,0,1126.247,1126.541,0.999739,0
14029,0,1769.773,1770.278,0.999715,0
14030,0,1769.773,1770.278,0.999715,0
14031,0,1220.7,1641.531,0.743635,0
14032,0,1220.7,1641.531,0.743635,0
14033,0,239.605,241.402,0.992556,0
14034,0,239.605,241.402,0.992556,0
14035,0,1360.319,1367.942,0.994427,0
14036,0,1360.319,1367.942,0.994427,0
14037,0,2133.961,2188.708,0.974987,0
14038,0,2133.961,2188.708,0.974987,0
14039,0,2227.643,2236.988,0.995823,0
14040,0,2227.643,2236.988,0.995823,0
14041,0,875.268,901.233,0.97119,0
14042,0,875.268,901.233,0.97119,0
14043,0,524.051,563.27,0.930371,0
14044,0,524.051,563.27,0.930371,0
14045,0,289.439,289.682,0.999163,0
14046,0,289.439,289.682,0.999163,0
14047,0,2725.391,2735.885,0.996164,0
14048,0,2725.391,2735.885,0.996164,0
14049,0,547.264,547.177,1.000158,0
14050,0,547.264,547.177,1.000158,0
14051,0,893.695,885.139,1.009666,0
14052,0,893.695,885.139,1.009666,0
14053,0,1881.362,1963.4,0.958217,0
14054,0,1881.362,1963.4,0.958217,0
14055,0,1085.021,1078.26,1.00627,0
14056,0,1085.021,1078.26,1.00627,0
14057,0,2145.27,2140.428,1.002262,0
14058,0,2145.27,2140.428,1.002262,0
14059,0,1865.309,1866.839,0.99918,0
14060,0,1865.309,1866.839,0.99918,0
14061,0,1112.254,1110.447,1.001627,0
14062,0,1112.254,1110.447,1.001627,0
14063,0,2038.444,2027.773,1.005262,0
14064,0,2038.444,2027.773,1.005262,0
14065,0,1604.337,1609.344,0.996889,0
14066,0,1604.337,1609.344,0.996889,0
14067,0,843.858,836.859,1.008363,0
14068,0,843.858,836.859,1.008363,0
14069,0,1521.995,1561.064,0.974973,0
14070,0,1521.995,1561.064,0.974973,0
14071,0,1379.951,1384.036,0.997048,0
14072,0,1379.951,1384.036,0.997048,0
14073,0,2192.872,2285.268,0.959568,0
14074,0,2192.872,2285.268,0.959568,0
14075,0,2451.446,2558.857,0.958024,0
14076,0,2451.446,2558.857,0.958024,0
14077,0,1200.691,1207.008,0.994767,0
14078,0,1200.691,1207.008,0.994767,0
14079,0,1283.95,1287.475,0.997262,0
14080,0,1283.95,1287.475,0.997262,0
14081,0,1375.744,1367.942,1.005703,0
14082,0,1375.744,1367.942,1.005703,0
14083,0,2432.007,2607.137,0.932827,0
14084,0,2432.007,2607.137,0.932827,0
14085,0,948.9,949.513,0.999354,0
14086,0,948.9,949.513,0.999354,0
14087,0,3019.646,3025.567,0.998043,0
14088,0,3019.646,3025.567,0.998043,0
14089,0,726.691,788.579,0.921521,0
14090,0,726.691,788.579,0.921521,0
14091,0,2645.071,2800.259,0.944581,0
14092,0,2645.071,2800.259,0.944581,0
14093,0,1117.32,1110.447,1.006189,0
14094,0,1117.32,1110.447,1.006189,0
14095,0,1476.007,1480.596,0.9969,0
14096,0,1476.007,1480.596,0.9969,0
14097,0,722.742,724.205,0.99798,0
14098,0,722.742,724.205,0.99798,0
14099,0,858.184,852.952,1.006134,0
14100,0,858.184,852.952,1.006134,0
14101,0,875.648,869.046,1.007597,0
14102,0,875.648,869.046,1.007597,0
14103,0,1136.064,1126.541,1.008453,0
14104,0,1136.064,1126.541,1.008453,0
14105,0,1202.79,1207.008,0.996506,0
14106,0,1202.79,1207.008,0.996506,0
14107,0,1566.671,1561.064,1.003592,0
14108,0,1566.671,1561.064,1.003592,0
14109,0,3278.604,3266.968,1.003562,0
14110,0,3278.604,3266.968,1.003562,0
14111,0,1197.182,1190.915,1.005262,0
14112,0,1197.182,1190.915,1.005262,0
14113,0,2552.436,2558.857,0.997491,0
14114,0,2552.436,2558.857,0.997491,0
14115,0,1463.246,1834.652,0.79756,0
14116,0,1463.246,1834.652,0.79756,0
14117,1,1406.698,1400.129,1.004691,0
14118,1,1406.698,1400.129,1.004691,0
14119,1,3638.776,4618.817,0.787816,0
14120,1,3638.776,4618.817,0.787816,0
14121,0,2533.86,2607.137,0.971894,0
14122,0,2533.86,2607.137,0.971894,0
14123,0,3848.648,3846.332,1.000602,0
14124,0,3848.648,3846.332,1.000602,0
14125,0,2315.708,3604.931,0.642372,0
14126,0,2315.708,3604.931,0.642372,0
14127,0,1821.078,1818.559,1.001385,0
14128,0,1821.078,1818.559,1.001385,0
14129,1,1153.732,1223.101,0.943284,0
14130,1,1153.732,1223.101,0.943284,0
14131,0,952.914,949.513,1.003581,0
14132,0,952.914,949.513,1.003581,0
14133,0,937.959,933.42,1.004863,0
14134,0,937.959,933.42,1.004863,0
14135,0,3450.877,3540.557,0.974671,0
14136,0,3450.877,3540.557,0.974671,0
14137,0,4347.406,5117.714,0.849482,0
14138,0,4347.406,5117.714,0.849482,0
14139,0,2545.362,2623.231,0.970316,0
14140,0,2545.362,2623.231,0.970316,0
14141,0,2220.912,2220.895,1.000008,0
14142,0,2220.912,2220.895,1.000008,0
14143,0,1078.188,1078.26,0.999933,0
14144,0,1078.188,1078.26,0.999933,0
14145,1,1876.427,1947.306,0.963601,0
14146,1,1876.427,1947.306,0.963601,0
14147,0,933.026,949.513,0.982637,0
14148,0,933.026,949.513,0.982637,0
14149,0,169.129,177.028,0.955382,0
14150,0,169.129,177.028,0.955382,0
14151,0,43.377,48.28,0.898443,0
14152,0,43.377,48.28,0.898443,0
14153,0,127.182,128.748,0.987842,0
14154,0,127.182,128.748,0.987842,0
14155,0,1004.133,997.793,1.006354,0
14156,0,1004.133,997.793,1.006354,0
14157,0,142.337,144.841,0.982714,0
14158,0,142.337,144.841,0.982714,0
14159,0,427.224,434.523,0.983203,0
14160,0,427.224,434.523,0.983203,0
14161,0,608.614,611.551,0.995197,0
14162,0,608.614,611.551,0.995197,0
14163,0,208.49,209.215,0.996534,0
14164,0,208.49,209.215,0.996534,0
14165,0,469.26,466.71,1.005464,0
14166,0,469.26,466.71,1.005464,0
14167,0,274.947,273.588,1.004964,0
14168,0,274.947,273.588,1.004964,0
14169,0,1250.764,1271.382,0.983783,0
14170,0,1250.764,1271.382,0.983783,0
14171,0,161.202,160.934,1.001662,0
14172,0,161.202,160.934,1.001662,0
14173,0,309.148,305.775,1.01103,0
14174,0,309.148,305.775,1.01103,0
14175,0,408.155,402.336,1.014462,0
14176,0,408.155,402.336,1.014462,0
14177,0,138.206,144.841,0.954194,0
14178,0,138.206,144.841,0.954194,0
14179,0,774.87,788.579,0.982617,0
14180,0,774.87,788.579,0.982617,0
14181,0,216.502,209.215,1.034831,0
14182,0,216.502,209.215,1.034831,0
14183,0,571.12,724.205,0.788617,0
14184,0,571.12,724.205,0.788617,0
14185,0,2746.133,2735.885,1.003746,0
14186,0,2746.133,2735.885,1.003746,0
14187,0,3135.86,3122.127,1.004399,0
14188,0,3135.86,3122.127,1.004399,0
14189,0,637.334,643.738,0.990053,0
14190,0,637.334,643.738,0.990053,0
14191,0,1048.474,1046.074,1.002295,0
14192,0,1048.474,1046.074,1.002295,0
14193,0,623.709,627.644,0.99373,0
14194,0,623.709,627.644,0.99373,0
14195,0,1445.219,1448.41,0.997797,0
14196,0,1445.219,1448.41,0.997797,0
14197,0,597.825,595.457,1.003976,0
14198,0,597.825,595.457,1.003976,0
14199,0,475.977,482.803,0.985862,0
14200,0,475.977,482.803,0.985862,0
14201,0,563.134,563.27,0.999758,0
14202,0,563.134,563.27,0.999758,0
14203,0,446.3,450.616,0.990421,0
14204,0,446.3,450.616,0.990421,0
14205,0,704.765,740.298,0.952002,0
14206,0,704.765,740.298,0.952002,0
14207,0,394.184,402.336,0.979738,0
14208,0,394.184,402.336,0.979738,0
14209,0,452.32,450.616,1.00378,0
14210,0,452.32,450.616,1.00378,0
14211,0,145.514,144.841,1.004645,0
14212,0,145.514,144.841,1.004645,0
14213,0,606.361,611.551,0.991514,0
14214,0,606.361,611.551,0.991514,0
14215,0,624.566,627.644,0.995096,0
14216,0,624.566,627.644,0.995096,0
14217,0,1106.509,1158.728,0.954934,0
14218,0,1106.509,1158.728,0.954934,0
14219,0,611.479,627.644,0.974244,0
14220,0,611.479,627.644,0.974244,0
14221,0,42.055,48.28,0.871066,0
14222,0,42.055,48.28,0.871066,0
14223,0,1406.758,1432.316,0.982156,0
14224,0,1406.758,1432.316,0.982156,0
14225,0,1629.737,1625.437,1.002645,0
14226,0,1629.737,1625.437,1.002645,0
14227,0,1105.701,1271.382,0.869685,0
14228,0,1105.701,1271.382,0.869685,0
14229,0,869.09,869.046,1.000051,0
14230,0,869.09,869.046,1.000051,0
14231,0,709.103,708.111,1.0014,0
14232,0,709.103,708.111,1.0014,0
14233,0,102.913,96.561,1.065791,0
14234,0,102.913,96.561,1.065791,0
14235,0,927.465,933.42,0.993621,0
14236,0,927.465,933.42,0.993621,0
14237,0,62.887,64.374,0.976911,0
14238,0,62.887,64.374,0.976911,0
14239,0,55.746,48.28,1.154633,0
14240,0,55.746,48.28,1.154633,0
14241,0,53.826,48.28,1.114868,0
14242,0,53.826,48.28,1.114868,0
14243,0,611.235,611.551,0.999483,0
14244,0,611.235,611.551,0.999483,0
14245,0,103.334,96.561,1.070145,0
14246,0,103.334,96.561,1.070145,0
14247,0,70.899,64.374,1.101364,0
14248,0,70.899,64.374,1.101364,0
14249,0,2928.684,2929.006,0.99989,0
14250,0,2928.684,2929.006,0.99989,0
14251,0,1878.922,1899.026,0.989414,0
14252,0,1878.922,1899.026,0.989414,0
14253,0,1067.066,1062.167,1.004612,0
14254,0,1067.066,1062.167,1.004612,0
14255,0,1194.974,1207.008,0.99003,0
14256,0,1194.974,1207.008,0.99003,0
14257,0,44.165,48.28,0.914761,0
14258,0,44.165,48.28,0.914761,0
14259,0,2700.258,2751.978,0.981206,0
14260,0,2700.258,2751.978,0.981206,0
14261,0,834.746,933.42,0.894288,0
14262,0,834.746,933.42,0.894288,0
14263,0,1306.849,1464.503,0.89235,0
14264,0,1306.849,1464.503,0.89235,0
14265,0,881.075,885.139,0.995408,0
14266,0,881.075,885.139,0.995408,0
14267,0,106.451,112.654,0.944939,0
14268,0,106.451,112.654,0.944939,0
14269,0,42.179,48.28,0.87362,0
14270,0,42.179,48.28,0.87362,0
14271,0,34.178,32.187,1.061865,0
14272,0,34.178,32.187,1.061865,0
14273,0,1803.459,1818.559,0.991697,0
14274,0,1803.459,1818.559,0.991697,0
14275,0,1593.811,1770.278,0.900316,0
14276,0,1593.811,1770.278,0.900316,0
14277,0,386.465,386.243,1.000575,0
14278,0,386.465,386.243,1.000575,0
14279,0,646.748,675.924,0.956834,0
14280,0,646.748,675.924,0.956834,0
14281,0,221.001,225.308,0.980881,0
14282,0,221.001,225.308,0.980881,0
14283,0,338.807,337.962,1.002501,0
14284,0,338.807,337.962,1.002501,0
14285,0,1076.002,1078.26,0.997905,0
14286,0,1076.002,1078.26,0.997905,0
14287,0,708.702,708.111,1.000835,0
14288,0,708.702,708.111,1.000835,0
14289,0,1958.998,1979.493,0.989646,0
14290,0,1958.998,1979.493,0.989646,0
14291,0,822.037,1013.887,0.810778,0
14292,0,822.037,1013.887,0.810778,0
14293,0,2674.792,3138.221,0.852327,0
14294,0,2674.792,3138.221,0.852327,0
14295,0,2390.044,2446.203,0.977042,0
14296,0,2390.044,2446.203,0.977042,0
14297,0,1961.789,1963.4,0.99918,0
14298,0,1961.789,1963.4,0.99918,0
14299,0,631.886,627.644,1.006759,0
14300,0,631.886,627.644,1.006759,0
14301,0,2957.398,2993.38,0.98798,0
14302,0,2957.398,2993.38,0.98798,0
14303,0,1479.561,1480.596,0.999301,0
14304,0,1479.561,1480.596,0.999301,0
14305,0,971.767,1029.98,0.943481,0
14306,0,971.767,1029.98,0.943481,0
14307,0,438.055,434.523,1.008129,0
14308,0,438.055,434.523,1.008129,0
14309,0,1071.606,1190.915,0.899818,0
14310,0,1071.606,1190.915,0.899818,0
14311,0,1462.181,1480.596,0.987562,0
14312,0,1462.181,1480.596,0.987562,0
14313,0,1721.745,1738.092,0.990595,0
14314,0,1721.745,1738.092,0.990595,0
14315,0,219.497,225.308,0.974209,0
14316,0,219.497,225.308,0.974209,0
14317,0,842.328,836.859,1.006535,0
14318,0,842.328,836.859,1.006535,0
14319,0,1064.374,1062.167,1.002078,0
14320,0,1064.374,1062.167,1.002078,0
14321,0,1897.733,1899.026,0.999319,0
14322,0,1897.733,1899.026,0.999319,0
14323,0,1332.181,1335.756,0.997324,0
14324,0,1332.181,1335.756,0.997324,0
14325,0,2481.264,2478.39,1.00116,0
14326,0,2481.264,2478.39,1.00116,0
14327,0,3112.612,3781.958,0.823016,0
14328,0,3112.612,3781.958,0.823016,0
14329,0,249.383,257.495,0.968495,0
14330,0,249.383,257.495,0.968495,0
14331,0,3090.491,3154.314,0.979766,0
14332,0,3090.491,3154.314,0.979766,0
14333,0,1045.411,1046.074,0.999366,0
14334,0,1045.411,1046.074,0.999366,0
14335,0,1410.624,1416.223,0.996046,0
14336,0,1410.624,1416.223,0.996046,0
14337,0,427.098,434.523,0.982913,0
14338,0,427.098,434.523,0.982913,0
14339,0,630.588,627.644,1.00469,0
14340,0,630.588,627.644,1.00469,0
14341,0,417.162,418.429,0.996971,0
14342,0,417.162,418.429,0.996971,0
14343,0,383.853,386.243,0.993813,0
14344,0,383.853,386.243,0.993813,0
14345,0,531.706,531.084,1.001173,0
14346,0,531.706,531.084,1.001173,0
14347,0,427.526,434.523,0.983898,0
14348,0,427.526,434.523,0.983898,0
14349,0,1780.43,1786.372,0.996674,0
14350,0,1780.43,1786.372,0.996674,0
14351,0,1538.718,1593.251,0.965773,0
14352,0,1538.718,1593.251,0.965773,0
14353,0,1311.642,1303.569,1.006193,0
14354,0,1311.642,1303.569,1.006193,0
14355,0,2532.826,2558.857,0.989827,0
14356,0,2532.826,2558.857,0.989827,0
14357,0,157.77,160.934,0.980339,0
14358,0,157.77,160.934,0.980339,0
14359,0,1425.087,1448.41,0.983898,0
14360,0,1425.087,1448.41,0.983898,0
14361,0,2318.697,2333.549,0.993635,0
14362,0,2318.697,2333.549,0.993635,0
14363,0,704.966,708.111,0.995558,0
14364,0,704.966,708.111,0.995558,0
14365,0,1126.979,1126.541,1.000389,0
14366,0,1126.979,1126.541,1.000389,0
14367,0,1162.092,1158.728,1.002903,0
14368,0,1162.092,1158.728,1.002903,0
14369,0,721.877,756.392,0.95437,0
14370,0,721.877,756.392,0.95437,0
14371,0,795.396,836.859,0.950455,0
14372,0,795.396,836.859,0.950455,0
14373,0,724.965,724.205,1.00105,0
14374,0,724.965,724.205,1.00105,0
14375,0,696.551,1593.251,0.437189,0
14376,0,696.551,1593.251,0.437189,0
14377,0,1403.477,1400.129,1.002391,0
14378,0,1403.477,1400.129,1.002391,0
14379,0,746.264,740.298,1.008058,0
14380,0,746.264,740.298,1.008058,0
14381,0,1167.132,1174.821,0.993455,0
14382,0,1167.132,1174.821,0.993455,0
14383,0,552.737,547.177,1.010162,0
14384,0,552.737,547.177,1.010162,0
14385,0,3277.116,4184.294,0.783194,0
14386,0,3277.116,4184.294,0.783194,0
14387,0,2347.49,2993.38,0.784227,0
14388,0,2347.49,2993.38,0.784227,0
14389,0,1168.301,1158.728,1.008262,0
14390,0,1168.301,1158.728,1.008262,0
14391,0,233.811,241.402,0.968555,0
14392,0,233.811,241.402,0.968555,0
14393,0,2630.179,2639.324,0.996535,0
14394,0,2630.179,2639.324,0.996535,0
14395,0,971.48,965.606,1.006082,0
14396,0,971.48,965.606,1.006082,0
14397,0,62.278,64.374,0.967448,0
14398,0,62.278,64.374,0.967448,0
14399,0,1352.984,1351.849,1.00084,0
14400,0,1352.984,1351.849,1.00084,0
14401,0,1395.244,1400.129,0.996511,0
14402,0,1395.244,1400.129,0.996511,0
14403,0,93.032,96.561,0.963454,0
14404,0,93.032,96.561,0.963454,0
14405,0,59.121,64.374,0.918405,0
14406,0,59.121,64.374,0.918405,0
14407,0,1964.378,2059.96,0.9536,0
14408,0,1964.378,2059.96,0.9536,0
14409,0,1994.107,1995.587,0.999259,0
14410,0,1994.107,1995.587,0.999259,0
14411,0,86.732,80.467,1.077857,0
14412,0,86.732,80.467,1.077857,0
14413,0,432.518,450.616,0.959838,0
14414,0,432.518,450.616,0.959838,0
14415,1,1396.92,1416.223,0.98637,0
14416,1,1396.92,1416.223,0.98637,0
14417,0,77.266,80.467,0.960217,0
14418,0,77.266,80.467,0.960217,0
14419,0,619.558,611.551,1.013093,0
14420,0,619.558,611.551,1.013093,0
14421,0,1072.377,1078.26,0.994544,0
14422,0,1072.377,1078.26,0.994544,0
14423,0,3400.328,3588.837,0.947474,0
14424,0,3400.328,3588.837,0.947474,0
14425,0,174.408,177.028,0.985203,0
14426,0,174.408,177.028,0.985203,0
14427,0,1297.539,1432.316,0.905903,0
14428,0,1297.539,1432.316,0.905903,0
14429,0,241.686,241.402,1.001177,0
14430,0,241.686,241.402,1.001177,0
14431,0,186.215,193.121,0.964238,0
14432,0,186.215,193.121,0.964238,0
14433,0,859.88,1126.541,0.763293,0
14434,0,859.88,1126.541,0.763293,0
14435,0,83.691,80.467,1.040061,0
14436,0,83.691,80.467,1.040061,0
14437,0,74.012,80.467,0.919782,0
14438,0,74.012,80.467,0.919782,0
14439,0,255.013,257.495,0.99036,0
14440,0,255.013,257.495,0.99036,0
14441,0,286.115,289.682,0.987688,0
14442,0,286.115,289.682,0.987688,0
14443,0,176.176,177.028,0.995187,0
14444,0,176.176,177.028,0.995187,0
14445,0,474.745,482.803,0.983309,0
14446,0,474.745,482.803,0.983309,0
14447,0,1213.411,1223.101,0.992077,0
14448,0,1213.411,1223.101,0.992077,0
14449,0,803.507,804.672,0.998552,0
14450,0,803.507,804.672,0.998552,0
14451,0,1265.248,1271.382,0.995176,0
14452,0,1265.248,1271.382,0.995176,0
14453,0,687.763,692.018,0.993852,0
14454,0,687.763,692.018,0.993852,0
14455,0,2791.835,2929.006,0.953168,0
14456,0,2791.835,2929.006,0.953168,0
14457,0,413.277,418.429,0.987686,0
14458,0,413.277,418.429,0.987686,0
14459,0,1750.945,1754.185,0.998153,0
14460,0,1750.945,1754.185,0.998153,0
14461,0,1015.567,1013.887,1.001657,0
14462,0,1015.567,1013.887,1.001657,0
14463,0,635.52,643.738,0.987235,0
14464,0,635.52,643.738,0.987235,0
14465,0,837.368,836.859,1.000609,0
14466,0,837.368,836.859,1.000609,0
14467,0,939.493,933.42,1.006507,0
14468,0,939.493,933.42,1.006507,0
14469,0,1067.601,1062.167,1.005116,0
14470,0,1067.601,1062.167,1.005116,0
14471,0,1472.199,1480.596,0.994328,0
14472,0,1472.199,1480.596,0.994328,0
14473,0,2703.368,2719.791,0.993961,0
14474,0,2703.368,2719.791,0.993961,0
14475,1,168.041,160.934,1.044157,0
14476,1,168.041,160.934,1.044157,0
14477,0,1410.046,1400.129,1.007082,0
14478,0,1410.046,1400.129,1.007082,0
14479,0,4766.564,4779.752,0.997241,0
14480,0,4766.564,4779.752,0.997241,0
14481,0,50.705,48.28,1.050216,0
14482,0,50.705,48.28,1.050216,0
14483,0,1265.272,1271.382,0.995194,0
14484,0,1265.272,1271.382,0.995194,0
14485,0,1099.318,1094.354,1.004536,0
14486,0,1099.318,1094.354,1.004536,0
14487,0,672.959,724.205,0.929238,0
14488,0,672.959,724.205,0.929238,0
14489,0,3703.648,3862.426,0.958892,0
14490,0,3703.648,3862.426,0.958892,0
14491,0,2248.231,2253.082,0.997847,0
14492,0,2248.231,2253.082,0.997847,0
14493,0,1718.895,1721.998,0.998198,0
14494,0,1718.895,1721.998,0.998198,0
14495,0,1716.176,1721.998,0.996619,0
14496,0,1716.176,1721.998,0.996619,0
14497,0,2044.079,2188.708,0.933921,0
14498,0,2044.079,2188.708,0.933921,0
14499,0,902.671,901.233,1.001596,0
14500,0,902.671,901.233,1.001596,0
14501,0,2552.838,2542.764,1.003962,0
14502,0,2552.838,2542.764,1.003962,0
14503,0,1268.456,1641.531,0.772727,0
14504,0,1268.456,1641.531,0.772727,0
14505,0,2549.435,2687.604,0.94859,0
14506,0,2549.435,2687.604,0.94859,0
14507,0,2107.292,2816.352,0.748235,0
14508,0,2107.292,2816.352,0.748235,0
14509,0,199.365,193.121,1.032331,0
14510,0,199.365,193.121,1.032331,0
14511,0,3344.889,3347.436,0.999239,0
14512,0,3344.889,3347.436,0.999239,0
14513,0,2293.986,2977.286,0.770496,0
14514,0,2293.986,2977.286,0.770496,0
14515,0,607.373,611.551,0.993169,0
14516,0,607.373,611.551,0.993169,0
14517,0,938.282,933.42,1.005209,0
14518,0,938.282,933.42,1.005209,0
14519,0,797.312,804.672,0.990853,0
14520,0,797.312,804.672,0.990853,0
14521,0,4270.751,6517.843,0.65524,0
14522,0,4270.751,6517.843,0.65524,0
14523,0,1438.294,1657.624,0.867684,0
14524,0,1438.294,1657.624,0.867684,0
14525,0,4378.244,4490.07,0.975095,0
14526,0,4378.244,4490.07,0.975095,0
14527,1,1455.128,1480.596,0.982799,0
14528,1,1455.128,1480.596,0.982799,0
14529,0,3662.878,4618.817,0.793034,0
14530,0,3662.878,4618.817,0.793034,0
14531,0,4785.262,5101.62,0.937989,0
14532,0,4785.262,5101.62,0.937989,0
14533,0,594.716,595.457,0.998756,0
14534,0,594.716,595.457,0.998756,0
14535,0,534.05,531.084,1.005585,0
14536,0,534.05,531.084,1.005585,0
14537,0,1086.112,1078.26,1.007282,0
14538,0,1086.112,1078.26,1.007282,0
14539,0,680.464,675.924,1.006716,0
14540,0,680.464,675.924,1.006716,0
14541,0,342.293,337.962,1.012815,0
14542,0,342.293,337.962,1.012815,0
14543,0,2731.829,2993.38,0.912624,0
14544,0,2731.829,2993.38,0.912624,0
14545,0,1655.836,1657.624,0.998921,0
14546,0,1655.836,1657.624,0.998921,0
14547,0,1185.896,1174.821,1.009427,0
14548,0,1185.896,1174.821,1.009427,0
14549,0,1793.938,1882.932,0.952736,0
14550,0,1793.938,1882.932,0.952736,0
14551,0,331.443,337.962,0.98071,0
14552,0,331.443,337.962,0.98071,0
14553,0,1517.352,1609.344,0.942839,0
14554,0,1517.352,1609.344,0.942839,0
14555,0,764.273,885.139,0.86345,0
14556,0,764.273,885.139,0.86345,0
14557,0,552.253,547.177,1.009277,0
14558,0,552.253,547.177,1.009277,0
14559,0,1252.967,1287.475,0.973197,0
14560,0,1252.967,1287.475,0.973197,0
14561,0,186.105,193.121,0.963668,0
14562,0,186.105,193.121,0.963668,0
14563,0,1168.865,1174.821,0.994931,0
14564,0,1168.865,1174.821,0.994931,0
14565,0,1078.098,1126.541,0.956999,0
14566,0,1078.098,1126.541,0.956999,0
14567,0,1363.715,1432.316,0.952105,0
14568,0,1363.715,1432.316,0.952105,0
14569,0,1035.967,1029.98,1.005812,0
14570,0,1035.967,1029.98,1.005812,0
14571,0,1149.221,1142.634,1.005765,0
14572,0,1149.221,1142.634,1.005765,0
14573,0,617.729,611.551,1.010103,0
14574,0,617.729,611.551,1.010103,0
14575,0,3895.392,4200.388,0.927389,0
14576,0,3895.392,4200.388,0.927389,0
14577,0,334.043,337.962,0.988405,0
14578,0,334.043,337.962,0.988405,0
14579,0,1261.263,1255.288,1.00476,0
14580,0,1261.263,1255.288,1.00476,0
14581,0,2647.301,3685.398,0.718322,0
14582,0,2647.301,3685.398,0.718322,0
14583,0,1353.96,1351.849,1.001562,0
14584,0,1353.96,1351.849,1.001562,0
14585,0,3708.841,3717.585,0.997648,0
14586,0,3708.841,3717.585,0.997648,0
14587,0,2109.345,2108.241,1.000524,0
14588,0,2109.345,2108.241,1.000524,0
14589,0,3468.264,3572.744,0.970756,0
14590,0,3468.264,3572.744,0.970756,0
14591,0,2687.003,2703.698,0.993825,0
14592,0,2687.003,2703.698,0.993825,0
14593,0,919.976,917.326,1.002889,0
14594,0,919.976,917.326,1.002889,0
14595,0,2284.011,2333.549,0.978772,0
14596,0,2284.011,2333.549,0.978772,0
14597,0,1575.04,1577.157,0.998658,0
14598,0,1575.04,1577.157,0.998658,0
14599,0,2466.967,2526.67,0.976371,0
14600,0,2466.967,2526.67,0.976371,0
14601,0,1647.478,1673.718,0.984322,0
14602,0,1647.478,1673.718,0.984322,0
14603,0,948.555,1110.447,0.85421,0
14604,0,948.555,1110.447,0.85421,0
14605,0,1973.502,2140.428,0.922013,0
14606,0,1973.502,2140.428,0.922013,0
14607,0,2733.872,3379.622,0.808928,0
14608,0,2733.872,3379.622,0.808928,0
14609,0,1940.626,2253.082,0.861321,0
14610,0,1940.626,2253.082,0.861321,0
14611,0,911.112,933.42,0.976101,0
14612,0,911.112,933.42,0.976101,0
14613,0,1664.422,2236.988,0.744046,0
14614,0,1664.422,2236.988,0.744046,0
14615,0,1126.412,1126.541,0.999886,0
14616,0,1126.412,1126.541,0.999886,0
14617,0,2565.575,2574.95,0.996359,0
14618,0,2565.575,2574.95,0.996359,0
14619,0,1029.282,1029.98,0.999322,0
14620,0,1029.282,1029.98,0.999322,0
14621,0,3249.164,3234.781,1.004446,0
14622,0,3249.164,3234.781,1.004446,0
14623,0,1449.532,1448.41,1.000775,0
14624,0,1449.532,1448.41,1.000775,0
14625,0,1461.403,1464.503,0.997883,0
14626,0,1461.403,1464.503,0.997883,0
14627,0,1086.255,1094.354,0.9926,0
14628,0,1086.255,1094.354,0.9926,0
14629,0,727.582,724.205,1.004664,0
14630,0,727.582,724.205,1.004664,0
14631,0,1943.543,2253.082,0.862615,0
14632,0,1943.543,2253.082,0.862615,0
14633,0,806.099,804.672,1.001773,0
14634,0,806.099,804.672,1.001773,0
14635,0,1345.83,1400.129,0.961218,0
14636,0,1345.83,1400.129,0.961218,0
14637,0,2428.817,2478.39,0.979998,0
14638,0,2428.817,2478.39,0.979998,0
14639,0,937.274,933.42,1.004129,0
14640,0,937.274,933.42,1.004129,0
14641,0,871.634,869.046,1.002979,0
14642,0,871.634,869.046,1.002979,0
14643,0,896.115,901.233,0.994321,0
14644,0,896.115,901.233,0.994321,0
14645,0,2070.324,2381.829,0.869216,0
14646,0,2070.324,2381.829,0.869216,0
14647,0,504.954,498.897,1.012142,0
14648,0,504.954,498.897,1.012142,0
14649,0,1310.121,1367.942,0.957731,0
14650,0,1310.121,1367.942,0.957731,0
14651,0,956.451,1174.821,0.814125,0
14652,0,956.451,1174.821,0.814125,0
14653,0,1520.027,1528.877,0.994212,0
14654,0,1520.027,1528.877,0.994212,0
14655,0,992.855,997.793,0.995051,0
14656,0,992.855,997.793,0.995051,0
14657,0,2066.175,2172.614,0.951009,0
14658,0,2066.175,2172.614,0.951009,0
14659,0,1864.945,1882.932,0.990447,0
14660,0,1864.945,1882.932,0.990447,0
14661,0,1227.604,1223.101,1.003681,0
14662,0,1227.604,1223.101,1.003681,0
14663,0,3343.764,4618.817,0.723944,0
14664,0,3343.764,4618.817,0.723944,0
14665,0,1777.769,1770.278,1.004232,0
14666,0,1777.769,1770.278,1.004232,0
14667,0,3174.872,3250.875,0.976621,0
14668,0,3174.872,3250.875,0.976621,0
14669,0,2321.43,2317.455,1.001715,0
14670,0,2321.43,2317.455,1.001715,0
14671,0,484.38,482.803,1.003266,0
14672,0,484.38,482.803,1.003266,0
14673,0,1420.775,1416.223,1.003215,0
14674,0,1420.775,1416.223,1.003215,0
14675,0,1573.356,1754.185,0.896915,0
14676,0,1573.356,1754.185,0.896915,0
14677,0,868.121,869.046,0.998935,0
14678,0,868.121,869.046,0.998935,0
14679,0,2852.272,2848.539,1.001311,0
14680,0,2852.272,2848.539,1.001311,0
14681,0,2355.711,2381.829,0.989034,0
14682,0,2355.711,2381.829,0.989034,0
14683,0,2195.474,2269.175,0.967521,0
14684,0,2195.474,2269.175,0.967521,0
14685,0,769.101,772.485,0.99562,0
14686,0,769.101,772.485,0.99562,0
14687,0,1407.618,1416.223,0.993924,0
14688,0,1407.618,1416.223,0.993924,0
14689,0,460.93,466.71,0.987616,0
14690,0,460.93,466.71,0.987616,0
14691,0,1140.878,1142.634,0.998463,0
14692,0,1140.878,1142.634,0.998463,0
14693,0,805.724,804.672,1.001307,0
14694,0,805.724,804.672,1.001307,0
14695,0,1498.901,1496.69,1.001478,0
14696,0,1498.901,1496.69,1.001478,0
14697,0,2242.324,2253.082,0.995226,0
14698,0,2242.324,2253.082,0.995226,0
14699,0,3074.179,3073.847,1.000108,0
14700,0,3074.179,3073.847,1.000108,0
14701,0,957.478,965.606,0.991582,0
14702,0,957.478,965.606,0.991582,0
14703,0,3985.568,5037.247,0.79122,0
14704,0,3985.568,5037.247,0.79122,0
14705,0,3139.977,3508.37,0.894996,0
14706,0,3139.977,3508.37,0.894996,0
14707,0,2017.431,2108.241,0.956927,0
14708,0,2017.431,2108.241,0.956927,0
14709,0,1931.288,1931.213,1.000039,0
14710,0,1931.288,1931.213,1.000039,0
14711,0,3209.267,3926.799,0.817273,0
14712,0,3209.267,3926.799,0.817273,0
14713,0,2302.461,2301.362,1.000477,0
14714,0,2302.461,2301.362,1.000477,0
14715,0,1076.376,1078.26,0.998252,0
14716,0,1076.376,1078.26,0.998252,0
14717,0,2718.626,3476.183,0.782072,0
14718,0,2718.626,3476.183,0.782072,0
14719,0,3214.079,3202.595,1.003586,0
14720,0,3214.079,3202.595,1.003586,0
14721,0,3309.723,4248.668,0.779002,0
14722,0,3309.723,4248.668,0.779002,0
14723,0,1341.999,1351.849,0.992714,0
14724,0,1341.999,1351.849,0.992714,0
14725,0,1363.005,1367.942,0.996391,0
14726,0,1363.005,1367.942,0.996391,0
14727,0,2150.789,2140.428,1.004841,0
14728,0,2150.789,2140.428,1.004841,0
14729,0,2035.751,2027.773,1.003934,0
14730,0,2035.751,2027.773,1.003934,0
14731,0,3293.617,3283.062,1.003215,0
14732,0,3293.617,3283.062,1.003215,0
14733,0,1399.68,1416.223,0.988319,0
14734,0,1399.68,1416.223,0.988319,0
14735,0,526.867,531.084,0.992061,0
14736,0,526.867,531.084,0.992061,0
14737,0,1909.288,2414.016,0.790918,0
14738,0,1909.288,2414.016,0.790918,0
14739,0,1656.272,2172.614,0.762341,0
14740,0,1656.272,2172.614,0.762341,0
14741,0,1673.654,2172.614,0.770341,0
14742,0,1673.654,2172.614,0.770341,0
14743,0,1785.018,1786.372,0.999242,0
14744,0,1785.018,1786.372,0.999242,0
14745,0,2156.723,2156.521,1.000093,0
14746,0,2156.723,2156.521,1.000093,0
14747,0,1233.565,1239.195,0.995457,0
14748,0,1233.565,1239.195,0.995457,0
14749,0,1929.052,1995.587,0.966659,0
14750,0,1929.052,1995.587,0.966659,0
14751,0,2001.678,2220.895,0.901293,0
14752,0,2001.678,2220.895,0.901293,0
14753,0,1993.883,1995.587,0.999146,0
14754,0,1993.883,1995.587,0.999146,0
14755,0,1640.716,1641.531,0.999504,0
14756,0,1640.716,1641.531,0.999504,0
14757,0,1465.337,1464.503,1.000569,0
14758,0,1465.337,1464.503,1.000569,0
14759,0,2926.333,2929.006,0.999087,0
14760,0,2926.333,2929.006,0.999087,0
14761,0,742.314,740.298,1.002723,0
14762,0,742.314,740.298,1.002723,0
14763,0,1061.13,1062.167,0.999023,0
14764,0,1061.13,1062.167,0.999023,0
14765,0,899.731,901.233,0.998334,0
14766,0,899.731,901.233,0.998334,0
14767,0,1264.586,1335.756,0.94672,0
14768,0,1264.586,1335.756,0.94672,0
14769,0,1810.453,1802.465,1.004431,0
14770,0,1810.453,1802.465,1.004431,0
14771,0,766.492,772.485,0.992242,0
14772,0,766.492,772.485,0.992242,0
14773,0,2202.7,2204.801,0.999047,0
14774,0,2202.7,2204.801,0.999047,0
14775,0,1924.179,1915.119,1.00473,0
14776,0,1924.179,1915.119,1.00473,0
14777,0,205.408,209.215,0.981803,0
14778,0,205.408,209.215,0.981803,0
14779,0,2168.829,2156.521,1.005707,0
14780,0,2168.829,2156.521,1.005707,0
14781,0,1169.937,1174.821,0.995843,0
14782,0,1169.937,1174.821,0.995843,0
14783,0,1450.246,1512.783,0.958661,0
14784,0,1450.246,1512.783,0.958661,0
14785,0,1947.287,1947.306,0.99999,0
14786,0,1947.287,1947.306,0.99999,0
14787,0,4994.016,5005.06,0.997794,0
14788,0,4994.016,5005.06,0.997794,0
14789,0,3446.395,3443.996,1.000697,0
14790,0,3446.395,3443.996,1.000697,0
14791,0,1209.191,1207.008,1.001809,0
14792,0,1209.191,1207.008,1.001809,0
14793,0,462.244,466.71,0.990432,0
14794,0,462.244,466.71,0.990432,0
14795,0,1470.892,1464.503,1.004363,0
14796,0,1470.892,1464.503,1.004363,0
14797,0,1742.833,1738.092,1.002728,0
14798,0,1742.833,1738.092,1.002728,0
14799,0,2844.369,3025.567,0.940111,0
14800,0,2844.369,3025.567,0.940111,0
14801,0,1864.042,1866.839,0.998502,0
14802,0,1864.042,1866.839,0.998502,0
14803,0,1609.657,1609.344,1.000195,0
14804,0,1609.657,1609.344,1.000195,0
14805,0,2105.05,2108.241,0.998487,0
14806,0,2105.05,2108.241,0.998487,0
14807,0,219.042,225.308,0.972188,0
14808,0,219.042,225.308,0.972188,0
14809,0,2322.328,2349.642,0.988375,0
14810,0,2322.328,2349.642,0.988375,0
14811,0,658.001,659.831,0.997227,0
14812,0,658.001,659.831,0.997227,0
14813,0,914.486,917.326,0.996904,0
14814,0,914.486,917.326,0.996904,0
14815,0,1237.623,1239.195,0.998731,0
14816,0,1237.623,1239.195,0.998731,0
14817,0,1333.35,1335.756,0.998199,0
14818,0,1333.35,1335.756,0.998199,0
14819,0,1438.686,1448.41,0.993287,0
14820,0,1438.686,1448.41,0.993287,0
14821,0,1641.706,1738.092,0.944545,0
14822,0,1641.706,1738.092,0.944545,0
14823,0,387.979,386.243,1.004496,0
14824,0,387.979,386.243,1.004496,0
14825,0,1244.742,1319.662,0.943228,0
14826,0,1244.742,1319.662,0.943228,0
14827,0,2385.605,2494.483,0.956352,0
14828,0,2385.605,2494.483,0.956352,0
14829,0,597.01,595.457,1.002608,0
14830,0,597.01,595.457,1.002608,0
14831,0,556.125,547.177,1.016353,0
14832,0,556.125,547.177,1.016353,0
14833,0,758.671,756.392,1.003013,0
14834,0,758.671,756.392,1.003013,0
14835,0,712.274,708.111,1.005879,0
14836,0,712.274,708.111,1.005879,0
14837,0,1518.783,1512.783,1.003966,0
14838,0,1518.783,1512.783,1.003966,0
14839,0,2612.528,2607.137,1.002068,0
14840,0,2612.528,2607.137,1.002068,0
14841,0,537.742,611.551,0.879308,0
14842,0,537.742,611.551,0.879308,0
14843,0,554.909,595.457,0.931904,0
14844,0,554.909,595.457,0.931904,0
14845,0,545.458,547.177,0.996858,0
14846,0,545.458,547.177,0.996858,0
14847,0,153.715,160.934,0.955141,0
14848,0,153.715,160.934,0.955141,0
14849,0,78.558,80.467,0.976275,0
14850,0,78.558,80.467,0.976275,0
14851,0,269.584,273.588,0.985365,0
14852,0,269.584,273.588,0.985365,0
14853,0,577.26,579.364,0.996369,0
14854,0,577.26,579.364,0.996369,0
14855,0,884.431,885.139,0.9992,0
14856,0,884.431,885.139,0.9992,0
14857,0,560.076,563.27,0.99433,0
14858,0,560.076,563.27,0.99433,0
14859,0,2232.138,2977.286,0.749722,0
14860,0,2232.138,2977.286,0.749722,0
14861,0,271.871,273.588,0.993721,0
14862,0,271.871,273.588,0.993721,0
14863,0,1627.018,1641.531,0.991159,0
14864,0,1627.018,1641.531,0.991159,0
14865,0,413.631,418.429,0.988532,0
14866,0,413.631,418.429,0.988532,0
14867,0,300.499,305.775,0.982744,0
14868,0,300.499,305.775,0.982744,0
14869,0,1572.042,1577.157,0.996757,0
14870,0,1572.042,1577.157,0.996757,0
14871,0,830.839,852.952,0.974074,0
14872,0,830.839,852.952,0.974074,0
14873,0,1427.436,1432.316,0.996593,0
14874,0,1427.436,1432.316,0.996593,0
14875,0,800.399,804.672,0.99469,0
14876,0,800.399,804.672,0.99469,0
14877,0,139.198,144.841,0.961039,0
14878,0,139.198,144.841,0.961039,0
14879,0,955.103,949.513,1.005888,0
14880,0,955.103,949.513,1.005888,0
14881,0,291.658,289.682,1.00682,0
14882,0,291.658,289.682,1.00682,0
14883,0,500.545,514.99,0.971951,0
14884,0,500.545,514.99,0.971951,0
14885,0,575.099,579.364,0.992639,0
14886,0,575.099,579.364,0.992639,0
14887,0,1374.412,1367.942,1.00473,0
14888,0,1374.412,1367.942,1.00473,0
14889,0,2151.577,2140.428,1.005209,0
14890,0,2151.577,2140.428,1.005209,0
14891,0,5550.178,6099.414,0.909953,0
14892,0,5550.178,6099.414,0.909953,0
14893,0,4329.211,4731.471,0.914982,0
14894,0,4329.211,4731.471,0.914982,0
14895,0,197.076,193.121,1.020477,0
14896,0,197.076,193.121,1.020477,0
14897,0,1427.344,1432.316,0.996529,0
14898,0,1427.344,1432.316,0.996529,0
14899,0,1134.784,1158.728,0.979337,0
14900,0,1134.784,1158.728,0.979337,0
14901,0,504.122,498.897,1.010473,0
14902,0,504.122,498.897,1.010473,0
14903,0,1162.146,1158.728,1.00295,0
14904,0,1162.146,1158.728,1.00295,0
14905,0,3985.822,4248.668,0.938134,0
14906,0,3985.822,4248.668,0.938134,0
14907,0,2297.121,3733.678,0.615244,0
14908,0,2297.121,3733.678,0.615244,0
14909,0,1320.981,1496.69,0.882602,0
14910,0,1320.981,1496.69,0.882602,0
14911,0,24.566,32.187,0.763244,0
14912,0,24.566,32.187,0.763244,0
14913,0,2370.147,2365.736,1.001865,0
14914,0,2370.147,2365.736,1.001865,0
14915,0,1750.091,1754.185,0.997666,0
14916,0,1750.091,1754.185,0.997666,0
14917,0,495.424,498.897,0.993039,0
14918,0,495.424,498.897,0.993039,0
14919,0,440.218,434.523,1.013106,0
14920,0,440.218,434.523,1.013106,0
14921,0,1179.654,1174.821,1.004114,0
14922,0,1179.654,1174.821,1.004114,0
14923,0,1065.331,1207.008,0.882621,0
14924,0,1065.331,1207.008,0.882621,0
14925,0,931.982,949.513,0.981537,0
14926,0,931.982,949.513,0.981537,0
14927,0,561.846,563.27,0.997472,0
14928,0,561.846,563.27,0.997472,0
14929,0,350.191,370.149,0.94608,0
14930,0,350.191,370.149,0.94608,0
14931,0,302.692,337.962,0.895638,0
14932,0,302.692,337.962,0.895638,0
14933,0,1438.7,1480.596,0.971703,0
14934,0,1438.7,1480.596,0.971703,0
14935,0,1605.898,1593.251,1.007938,0
14936,0,1605.898,1593.251,1.007938,0
14937,0,156.281,160.934,0.971088,0
14938,0,156.281,160.934,0.971088,0
14939,0,144.578,144.841,0.998187,0
14940,0,144.578,144.841,0.998187,0
14941,0,285.094,289.682,0.984163,0
14942,0,285.094,289.682,0.984163,0
14943,0,416.783,418.429,0.996066,0
14944,0,416.783,418.429,0.996066,0
14945,0,671.846,675.924,0.993967,0
14946,0,671.846,675.924,0.993967,0
14947,0,169.92,177.028,0.959847,0
14948,0,169.92,177.028,0.959847,0
14949,0,187.186,193.121,0.969265,0
14950,0,187.186,193.121,0.969265,0
14951,0,130.295,128.748,1.012018,0
14952,0,130.295,128.748,1.012018,0
14953,0,789.467,788.579,1.001127,0
14954,0,789.467,788.579,1.001127,0
14955,0,329.851,321.869,1.024799,0
14956,0,329.851,321.869,1.024799,0
14957,0,244.148,241.402,1.011379,0
14958,0,244.148,241.402,1.011379,0
14959,0,237.918,241.402,0.98557,0
14960,0,237.918,241.402,0.98557,0
14961,0,224.072,225.308,0.994514,0
14962,0,224.072,225.308,0.994514,0
14963,0,281.533,273.588,1.029038,0
14964,0,281.533,273.588,1.029038,0
14965,0,541.252,547.177,0.989171,0
14966,0,541.252,547.177,0.989171,0
14967,0,100.155,96.561,1.037228,0
14968,0,100.155,96.561,1.037228,0
14969,0,157.303,160.934,0.977438,0
14970,0,157.303,160.934,0.977438,0
14971,0,254.628,257.495,0.988867,0
14972,0,254.628,257.495,0.988867,0
14973,0,110.045,112.654,0.976838,0
14974,0,110.045,112.654,0.976838,0
14975,0,577.321,579.364,0.996473,0
14976,0,577.321,579.364,0.996473,0
14977,0,324.708,321.869,1.00882,0
14978,0,324.708,321.869,1.00882,0
14979,0,21.139,16.093,1.313529,1
14980,0,21.139,16.093,1.313529,1
14981,0,447.932,450.616,0.994042,0
14982,0,447.932,450.616,0.994042,0
14983,0,318.761,321.869,0.990344,0
14984,0,318.761,321.869,0.990344,0
14985,0,1003.847,997.793,1.006067,0
14986,0,1003.847,997.793,1.006067,0
14987,0,450.83,450.616,1.000475,0
14988,0,450.83,450.616,1.000475,0
14989,0,164.224,160.934,1.02044,0
14990,0,164.224,160.934,1.02044,0
14991,0,330.157,337.962,0.976905,0
14992,0,330.157,337.962,0.976905,0
14993,0,389.721,386.243,1.009005,0
14994,0,389.721,386.243,1.009005,0
14995,0,55.262,48.28,1.144617,0
14996,0,55.262,48.28,1.144617,0
14997,0,287.109,289.682,0.991118,0
14998,0,287.109,289.682,0.991118,0
14999,0,101.155,96.561,1.047578,0
15000,0,101.155,96.561,1.047578,0
15001,0,302.006,305.775,0.987673,0
15002,0,302.006,305.775,0.987673,0
15003,0,318.412,321.869,0.98926,0
15004,0,318.412,321.869,0.98926,0
15005,0,347.424,354.056,0.981268,0
15006,0,347.424,354.056,0.981268,0
15007,0,204.317,209.215,0.976588,0
15008,0,204.317,209.215,0.976588,0
15009,0,360.137,354.056,1.017177,0
15010,0,360.137,354.056,1.017177,0
15011,0,258.25,273.588,0.943935,0
15012,0,258.25,273.588,0.943935,0
15013,0,578.111,579.364,0.997837,0
15014,0,578.111,579.364,0.997837,0
15015,0,447.239,450.616,0.992505,0
15016,0,447.239,450.616,0.992505,0
15017,0,303.115,305.775,0.991299,0
15018,0,303.115,305.775,0.991299,0
15019,0,558.368,563.27,0.991296,0
15020,0,558.368,563.27,0.991296,0
15021,0,814.814,820.765,0.992748,0
15022,0,814.814,820.765,0.992748,0
15023,0,367.589,370.149,0.993085,0
15024,0,367.589,370.149,0.993085,0
15025,0,560.359,563.27,0.994831,0
15026,0,560.359,563.27,0.994831,0
15027,0,323.262,321.869,1.004329,0
15028,0,323.262,321.869,1.004329,0
15029,0,571.283,579.364,0.986053,0
15030,0,571.283,579.364,0.986053,0
15031,0,851.339,901.233,0.944639,0
15032,0,851.339,901.233,0.944639,0
15033,0,368.005,370.149,0.994208,0
15034,0,368.005,370.149,0.994208,0
15035,0,170.086,177.028,0.960788,0
15036,0,170.086,177.028,0.960788,0
15037,0,208.388,209.215,0.996048,0
15038,0,208.388,209.215,0.996048,0
15039,0,480.392,482.803,0.995006,0
15040,0,480.392,482.803,0.995006,0
15041,0,200.361,193.121,1.037489,0
15042,0,200.361,193.121,1.037489,0
15043,0,134.592,128.748,1.045398,0
15044,0,134.592,128.748,1.045398,0
15045,0,257.89,257.495,1.001533,0
15046,0,257.89,257.495,1.001533,0
15047,0,131.21,128.748,1.019128,0
15048,0,131.21,128.748,1.019128,0
15049,0,99.099,96.561,1.026286,0
15050,0,99.099,96.561,1.026286,0
15051,0,656.372,659.831,0.994758,0
15052,0,656.372,659.831,0.994758,0
15053,0,197.178,193.121,1.021006,0
15054,0,197.178,193.121,1.021006,0
15055,0,190.072,193.121,0.98421,0
15056,0,190.072,193.121,0.98421,0
15057,0,189.53,193.121,0.981405,0
15058,0,189.53,193.121,0.981405,0
15059,0,289.967,289.682,1.000986,0
15060,0,289.967,289.682,1.000986,0
15061,0,85.845,80.467,1.066829,0
15062,0,85.845,80.467,1.066829,0
15063,0,262.821,257.495,1.020685,0
15064,0,262.821,257.495,1.020685,0
15065,0,403.729,402.336,1.003462,0
15066,0,403.729,402.336,1.003462,0
15067,0,139.523,144.841,0.963282,0
15068,0,139.523,144.841,0.963282,0
15069,0,367.939,370.149,0.99403,0
15070,0,367.939,370.149,0.99403,0
15071,0,176.886,177.028,0.999199,0
15072,0,176.886,177.028,0.999199,0
15073,0,97.572,96.561,1.010479,0
15074,0,97.572,96.561,1.010479,0
15075,0,291.783,289.682,1.007254,0
15076,0,291.783,289.682,1.007254,0
15077,0,392.251,386.243,1.015555,0
15078,0,392.251,386.243,1.015555,0
15079,0,434.938,434.523,1.000955,0
15080,0,434.938,434.523,1.000955,0
15081,0,197.121,193.121,1.020712,0
15082,0,197.121,193.121,1.020712,0
15083,0,136.437,128.748,1.059725,0
15084,0,136.437,128.748,1.059725,0
15085,0,159.577,160.934,0.991565,0
15086,0,159.577,160.934,0.991565,0
15087,0,362.266,354.056,1.02319,0
15088,0,362.266,354.056,1.02319,0
15089,0,267.954,273.588,0.979406,0
15090,0,267.954,273.588,0.979406,0
15091,0,277.996,273.588,1.016108,0
15092,0,277.996,273.588,1.016108,0
15093,0,191.823,193.121,0.993278,0
15094,0,191.823,193.121,0.993278,0
15095,0,323.738,321.869,1.005809,0
15096,0,323.738,321.869,1.005809,0
15097,0,370.503,370.149,1.000956,0
15098,0,370.503,370.149,1.000956,0
15099,0,547.57,579.364,0.945123,0
15100,0,547.57,579.364,0.945123,0
15101,0,691.74,772.485,0.895474,0
15102,0,691.74,772.485,0.895474,0
15103,0,593.919,595.457,0.997417,0
15104,0,593.919,595.457,0.997417,0
15105,0,489.037,482.803,1.012911,0
15106,0,489.037,482.803,1.012911,0
15107,0,825.455,869.046,0.949841,0
15108,0,825.455,869.046,0.949841,0
15109,0,523.497,547.177,0.956723,0
15110,0,523.497,547.177,0.956723,0
15111,0,527.904,531.084,0.994013,0
15112,0,527.904,531.084,0.994013,0
15113,0,1021.857,1174.821,0.869798,0
15114,0,1021.857,1174.821,0.869798,0
15115,0,372.303,386.243,0.96391,0
15116,0,372.303,386.243,0.96391,0
15117,0,228.978,225.308,1.016289,0
15118,0,228.978,225.308,1.016289,0
15119,0,361.696,354.056,1.02158,0
15120,0,361.696,354.056,1.02158,0
15121,0,397.451,402.336,0.987858,0
15122,0,397.451,402.336,0.987858,0
15123,0,122.152,128.748,0.948774,0
15124,0,122.152,128.748,0.948774,0
15125,0,278.84,273.588,1.019194,0
15126,0,278.84,273.588,1.019194,0
15127,0,135.705,128.748,1.054037,0
15128,0,135.705,128.748,1.054037,0
15129,0,99.925,96.561,1.034844,0
15130,0,99.925,96.561,1.034844,0
15131,0,420.678,418.429,1.005374,0
15132,0,420.678,418.429,1.005374,0
15133,0,296.795,305.775,0.970631,0
15134,0,296.795,305.775,0.970631,0
15135,0,539.962,595.457,0.906802,0
15136,0,539.962,595.457,0.906802,0
15137,0,426.167,434.523,0.98077,0
15138,0,426.167,434.523,0.98077,0
15139,0,380.884,386.243,0.986127,0
15140,0,380.884,386.243,0.986127,0
15141,0,152.007,144.841,1.049472,0
15142,0,152.007,144.841,1.049472,0
15143,0,232.926,225.308,1.033812,0
15144,0,232.926,225.308,1.033812,0
15145,0,132.044,128.748,1.025607,0
15146,0,132.044,128.748,1.025607,0
15147,0,270.457,273.588,0.988553,0
15148,0,270.457,273.588,0.988553,0
15149,0,169.972,177.028,0.960143,0
15150,0,169.972,177.028,0.960143,0
15151,0,390.551,386.243,1.011155,0
15152,0,390.551,386.243,1.011155,0
15153,0,448.157,450.616,0.994542,0
15154,0,448.157,450.616,0.994542,0
15155,0,191.464,193.121,0.991419,0
15156,0,191.464,193.121,0.991419,0
15157,0,471.523,466.71,1.010313,0
15158,0,471.523,466.71,1.010313,0
15159,0,204.493,209.215,0.977431,0
15160,0,204.493,209.215,0.977431,0
15161,0,67.46,64.374,1.047941,0
15162,0,67.46,64.374,1.047941,0
15163,0,685.03,692.018,0.989903,0
15164,0,685.03,692.018,0.989903,0
15165,0,323.751,321.869,1.005847,0
15166,0,323.751,321.869,1.005847,0
15167,0,554.223,547.177,1.012878,0
15168,0,554.223,547.177,1.012878,0
15169,0,552.317,547.177,1.009394,0
15170,0,552.317,547.177,1.009394,0
15171,0,77.893,80.467,0.968005,0
15172,0,77.893,80.467,0.968005,0
15173,0,263.024,257.495,1.021474,0
15174,0,263.024,257.495,1.021474,0
15175,0,238.118,241.402,0.986399,0
15176,0,238.118,241.402,0.986399,0
15177,0,59.267,64.374,0.920674,0
15178,0,59.267,64.374,0.920674,0
15179,0,133.335,128.748,1.035631,0
15180,0,133.335,128.748,1.035631,0
15181,0,606.67,740.298,0.819494,0
15182,0,606.67,740.298,0.819494,0
15183,0,586.905,595.457,0.985637,0
15184,0,586.905,595.457,0.985637,0
15185,0,481.131,482.803,0.996537,0
15186,0,481.131,482.803,0.996537,0
15187,0,467.934,466.71,1.002624,0
15188,0,467.934,466.71,1.002624,0
15189,0,513.069,514.99,0.996269,0
15190,0,513.069,514.99,0.996269,0
15191,0,426.33,434.523,0.981144,0
15192,0,426.33,434.523,0.981144,0
15193,0,383.275,386.243,0.992316,0
15194,0,383.275,386.243,0.992316,0
15195,0,368.237,370.149,0.994834,0
15196,0,368.237,370.149,0.994834,0
15197,0,70.393,64.374,1.093498,0
15198,0,70.393,64.374,1.093498,0
15199,0,315.275,321.869,0.979513,0
15200,0,315.275,321.869,0.979513,0
15201,0,166.15,160.934,1.032406,0
15202,0,166.15,160.934,1.032406,0
15203,0,58.045,64.374,0.901688,0
15204,0,58.045,64.374,0.901688,0
15205,0,618.834,627.644,0.985963,0
15206,0,618.834,627.644,0.985963,0
15207,0,115.602,128.748,0.897899,0
15208,0,115.602,128.748,0.897899,0
15209,0,557.247,563.27,0.989307,0
15210,0,557.247,563.27,0.989307,0
15211,0,535.406,531.084,1.008139,0
15212,0,535.406,531.084,1.008139,0
15213,0,361.286,354.056,1.020422,0
15214,0,361.286,354.056,1.020422,0
15215,0,579.148,595.457,0.972611,0
15216,0,579.148,595.457,0.972611,0
15217,0,512.426,514.99,0.995021,0
15218,0,512.426,514.99,0.995021,0
15219,0,75.126,80.467,0.933628,0
15220,0,75.126,80.467,0.933628,0
15221,0,48.259,48.28,0.999563,0
15222,0,48.259,48.28,0.999563,0
15223,0,142.056,144.841,0.98077,0
15224,0,142.056,144.841,0.98077,0
15225,0,701.393,708.111,0.990512,0
15226,0,701.393,708.111,0.990512,0
15227,0,533.637,531.084,1.004808,0
15228,0,533.637,531.084,1.004808,0
15229,0,199.552,193.121,1.033298,0
15230,0,199.552,193.121,1.033298,0
15231,0,952.673,949.513,1.003328,0
15232,0,952.673,949.513,1.003328,0
15233,0,303.318,321.869,0.942365,0
15234,0,303.318,321.869,0.942365,0
15235,0,986.047,1046.074,0.942617,0
15236,0,986.047,1046.074,0.942617,0
15237,0,330.628,337.962,0.9783,0
15238,0,330.628,337.962,0.9783,0
15239,0,775.035,772.485,1.003301,0
15240,0,775.035,772.485,1.003301,0
15241,0,708.574,724.205,0.978416,0
15242,0,708.574,724.205,0.978416,0
15243,0,345.092,337.962,1.021096,0
15244,0,345.092,337.962,1.021096,0
15245,0,187.536,193.121,0.971076,0
15246,0,187.536,193.121,0.971076,0
15247,0,736.215,740.298,0.994484,0
15248,0,736.215,740.298,0.994484,0
15249,0,660.796,659.831,1.001462,0
15250,0,660.796,659.831,1.001462,0
15251,0,232.285,225.308,1.030966,0
15252,0,232.285,225.308,1.030966,0
15253,0,826.652,836.859,0.987803,0
15254,0,826.652,836.859,0.987803,0
15255,0,626.57,627.644,0.998288,0
15256,0,626.57,627.644,0.998288,0
15257,0,177.823,177.028,1.004494,0
15258,0,177.823,177.028,1.004494,0
15259,0,381.692,386.243,0.98822,0
15260,0,381.692,386.243,0.98822,0
15261,0,257.687,257.495,1.000747,0
15262,0,257.687,257.495,1.000747,0
15263,0,861.083,869.046,0.990837,0
15264,0,861.083,869.046,0.990837,0
15265,0,352.514,354.056,0.995645,0
15266,0,352.514,354.056,0.995645,0
15267,0,328.306,321.869,1.019999,0
15268,0,328.306,321.869,1.019999,0
15269,0,192.735,193.121,0.998,0
15270,0,192.735,193.121,0.998,0
15271,0,424.185,418.429,1.013754,0
15272,0,424.185,418.429,1.013754,0
15273,0,337.719,337.962,0.999281,0
15274,0,337.719,337.962,0.999281,0
15275,0,697.514,692.018,1.007942,0
15276,0,697.514,692.018,1.007942,0
15277,0,486.836,482.803,1.008353,0
15278,0,486.836,482.803,1.008353,0
15279,0,389.031,386.243,1.007218,0
15280,0,389.031,386.243,1.007218,0
15281,0,216.066,209.215,1.03275,0
15282,0,216.066,209.215,1.03275,0
15283,0,195.431,193.121,1.011961,0
15284,0,195.431,193.121,1.011961,0
15285,0,190.003,193.121,0.983854,0
15286,0,190.003,193.121,0.983854,0
15287,0,322.533,321.869,1.002064,0
15288,0,322.533,321.869,1.002064,0
15289,0,430.093,434.523,0.989806,0
15290,0,430.093,434.523,0.989806,0
15291,0,152.608,144.841,1.053621,0
15292,0,152.608,144.841,1.053621,0
15293,0,418.396,418.429,0.999921,0
15294,0,418.396,418.429,0.999921,0
15295,0,635.87,643.738,0.987778,0
15296,0,635.87,643.738,0.987778,0
15297,0,404.095,402.336,1.004372,0
15298,0,404.095,402.336,1.004372,0
15299,0,60.568,64.374,0.940876,0
15300,0,60.568,64.374,0.940876,0
15301,0,753.109,788.579,0.955021,0
15302,0,753.109,788.579,0.955021,0
15303,0,649.979,675.924,0.961614,0
15304,0,649.979,675.924,0.961614,0
15305,0,233.243,241.402,0.966203,0
15306,0,233.243,241.402,0.966203,0
15307,0,516.49,514.99,1.002913,0
15308,0,516.49,514.99,1.002913,0
15309,0,356.872,370.149,0.964129,0
15310,0,356.872,370.149,0.964129,0
15311,0,474.304,498.897,0.950706,0
15312,0,474.304,498.897,0.950706,0
15313,0,499.1,498.897,1.000408,0
15314,0,499.1,498.897,1.000408,0
15315,0,284.414,289.682,0.981815,0
15316,0,284.414,289.682,0.981815,0
15317,0,431.726,434.523,0.993564,0
15318,0,431.726,434.523,0.993564,0
15319,0,280.919,289.682,0.969751,0
15320,0,280.919,289.682,0.969751,0
15321,0,840.087,869.046,0.966677,0
15322,0,840.087,869.046,0.966677,0
15323,0,653.368,692.018,0.944148,0
15324,0,653.368,692.018,0.944148,0
15325,0,454.844,450.616,1.009382,0
15326,0,454.844,450.616,1.009382,0
15327,0,101.691,96.561,1.053132,0
15328,0,101.691,96.561,1.053132,0
15329,0,116.097,112.654,1.030558,0
15330,0,116.097,112.654,1.030558,0
15331,0,657.666,659.831,0.996719,0
15332,0,657.666,659.831,0.996719,0
15333,0,196.197,209.215,0.93778,0
15334,0,196.197,209.215,0.93778,0
15335,0,470.968,466.71,1.009124,0
15336,0,470.968,466.71,1.009124,0
15337,0,792.28,1013.887,0.781429,0
15338,0,792.28,1013.887,0.781429,0
15339,0,407.707,418.429,0.974374,0
15340,0,407.707,418.429,0.974374,0
15341,0,275.953,273.588,1.008644,0
15342,0,275.953,273.588,1.008644,0
15343,0,495.58,498.897,0.993353,0
15344,0,495.58,498.897,0.993353,0
15345,0,279.363,273.588,1.021105,0
15346,0,279.363,273.588,1.021105,0
15347,0,466.214,466.71,0.998938,0
15348,0,466.214,466.71,0.998938,0
15349,0,457.85,450.616,1.016053,0
15350,0,457.85,450.616,1.016053,0
15351,0,281.542,273.588,1.029072,0
15352,0,281.542,273.588,1.029072,0
15353,0,383.641,386.243,0.993263,0
15354,0,383.641,386.243,0.993263,0
15355,0,522.508,531.084,0.983854,0
15356,0,522.508,531.084,0.983854,0
15357,0,218.238,225.308,0.968621,0
15358,0,218.238,225.308,0.968621,0
15359,0,1030.254,1367.942,0.753141,0
15360,0,1030.254,1367.942,0.753141,0
15361,0,358.031,354.056,1.011227,0
15362,0,358.031,354.056,1.011227,0
15363,0,399.43,402.336,0.992778,0
15364,0,399.43,402.336,0.992778,0
15365,0,447.473,450.616,0.993023,0
15366,0,447.473,450.616,0.993023,0
15367,0,370.898,370.149,1.002024,0
15368,0,370.898,370.149,1.002024,0
15369,0,472.585,466.71,1.012588,0
15370,0,472.585,466.71,1.012588,0
15371,0,399.905,402.336,0.993957,0
15372,0,399.905,402.336,0.993957,0
15373,0,153.077,160.934,0.951176,0
15374,0,153.077,160.934,0.951176,0
15375,0,211.088,209.215,1.008953,0
15376,0,211.088,209.215,1.008953,0
15377,0,600.619,611.551,0.982125,0
15378,0,600.619,611.551,0.982125,0
15379,0,644.401,643.738,1.001031,0
15380,0,644.401,643.738,1.001031,0
15381,0,83.138,80.467,1.033188,0
15382,0,83.138,80.467,1.033188,0
15383,0,159.781,160.934,0.992831,0
15384,0,159.781,160.934,0.992831,0
15385,0,272.401,273.588,0.995658,0
15386,0,272.401,273.588,0.995658,0
15387,0,780.093,820.765,0.950446,0
15388,0,780.093,820.765,0.950446,0
15389,0,392.6,386.243,1.016459,0
15390,0,392.6,386.243,1.016459,0
15391,0,80.93,80.467,1.005757,0
15392,0,80.93,80.467,1.005757,0
15393,0,398.228,402.336,0.98979,0
15394,0,398.228,402.336,0.98979,0
15395,0,72.627,80.467,0.902561,0
15396,0,72.627,80.467,0.902561,0
15397,0,726.004,756.392,0.959826,0
15398,0,726.004,756.392,0.959826,0
15399,0,68.868,64.374,1.069816,0
15400,0,68.868,64.374,1.069816,0
15401,0,1123.807,1126.541,0.997574,0
15402,0,1123.807,1126.541,0.997574,0
15403,0,375.836,370.149,1.015364,0
15404,0,375.836,370.149,1.015364,0
15405,0,397.078,402.336,0.98693,0
15406,0,397.078,402.336,0.98693,0
15407,0,771.406,772.485,0.998603,0
15408,0,771.406,772.485,0.998603,0
15409,0,777.27,772.485,1.006194,0
15410,0,777.27,772.485,1.006194,0
15411,0,358.853,354.056,1.013551,0
15412,0,358.853,354.056,1.013551,0
15413,0,208.967,209.215,0.998818,0
15414,0,208.967,209.215,0.998818,0
15415,0,34.139,32.187,1.060658,0
15416,0,34.139,32.187,1.060658,0
15417,0,1067.156,1078.26,0.989701,0
15418,0,1067.156,1078.26,0.989701,0
15419,0,407.08,402.336,1.01179,0
15420,0,407.08,402.336,1.01179,0
15421,0,1468.974,1834.652,0.800683,0
15422,0,1468.974,1834.652,0.800683,0
15423,0,1811.281,2076.054,0.872463,0
15424,0,1811.281,2076.054,0.872463,0
15425,0,7290.748,8980.14,0.811875,0
15426,0,7290.748,8980.14,0.811875,0
15427,0,1194.286,1303.569,0.916166,0
15428,0,1194.286,1303.569,0.916166,0
15429,0,1216.029,1207.008,1.007474,0
15430,0,1216.029,1207.008,1.007474,0
15431,0,1072.915,1078.26,0.995042,0
15432,0,1072.915,1078.26,0.995042,0
15433,0,887.586,885.139,1.002764,0
15434,0,887.586,885.139,1.002764,0
15435,0,227.83,225.308,1.011191,0
15436,0,227.83,225.308,1.011191,0
15437,0,822.7,820.765,1.002358,0
15438,0,822.7,820.765,1.002358,0
15439,0,1776.068,1866.839,0.951377,0
15440,0,1776.068,1866.839,0.951377,0
15441,0,165.228,160.934,1.026682,0
15442,0,165.228,160.934,1.026682,0
15443,0,274.014,273.588,1.001556,0
15444,0,274.014,273.588,1.001556,0
15445,0,853.493,869.046,0.982104,0
15446,0,853.493,869.046,0.982104,0
15447,0,203.895,209.215,0.974573,0
15448,0,203.895,209.215,0.974573,0
15449,0,1229.402,1400.129,0.878063,0
15450,0,1229.402,1400.129,0.878063,0
15451,0,530.942,531.084,0.999734,0
15452,0,530.942,531.084,0.999734,0
15453,0,1176.366,1207.008,0.974613,0
15454,0,1176.366,1207.008,0.974613,0
15455,0,400.055,450.616,0.887795,0
15456,0,400.055,450.616,0.887795,0
15457,0,549.056,563.27,0.974765,0
15458,0,549.056,563.27,0.974765,0
15459,0,95.367,96.561,0.98764,0
15460,0,95.367,96.561,0.98764,0
15461,0,118.262,112.654,1.049781,0
15462,0,118.262,112.654,1.049781,0
15463,0,269.772,305.775,0.882255,0
15464,0,269.772,305.775,0.882255,0
15465,0,34.925,32.187,1.085084,0
15466,0,34.925,32.187,1.085084,0
15467,0,203.623,209.215,0.973272,0
15468,0,203.623,209.215,0.973272,0
15469,0,123.874,128.748,0.962148,0
15470,0,123.874,128.748,0.962148,0
15471,0,65.488,64.374,1.017309,0
15472,0,65.488,64.374,1.017309,0
15473,0,66.182,64.374,1.028097,0
15474,0,66.182,64.374,1.028097,0
15475,0,51.756,48.28,1.071983,0
15476,0,51.756,48.28,1.071983,0
15477,0,93.481,96.561,0.968104,0
15478,0,93.481,96.561,0.968104,0
15479,0,166.654,160.934,1.035542,0
15480,0,166.654,160.934,1.035542,0
15481,0,81.839,80.467,1.017054,0
15482,0,81.839,80.467,1.017054,0
15483,0,99.981,96.561,1.035417,0
15484,0,99.981,96.561,1.035417,0
15485,0,42.18,48.28,0.873656,0
15486,0,42.18,48.28,0.873656,0
15487,0,81.433,80.467,1.012002,0
15488,0,81.433,80.467,1.012002,0
15489,0,87.689,80.467,1.089748,0
15490,0,87.689,80.467,1.089748,0
15491,0,119.237,112.654,1.058432,0
15492,0,119.237,112.654,1.058432,0
15493,0,213.175,225.308,0.946149,0
15494,0,213.175,225.308,0.946149,0
15495,0,143.431,144.841,0.990262,0
15496,0,143.431,144.841,0.990262,0
15497,0,50.554,48.28,1.047088,0
15498,0,50.554,48.28,1.047088,0
15499,0,231.873,289.682,0.80044,0
15500,0,231.873,289.682,0.80044,0
15501,0,29.575,32.187,0.918844,0
15502,0,29.575,32.187,0.918844,0
15503,0,143.857,144.841,0.993208,0
15504,0,143.857,144.841,0.993208,0
15505,0,64.613,64.374,1.003719,0
15506,0,64.613,64.374,1.003719,0
15507,0,192.221,193.121,0.99534,0
15508,0,192.221,193.121,0.99534,0
15509,0,262.128,257.495,1.017993,0
15510,0,262.128,257.495,1.017993,0
15511,0,39.333,32.187,1.222019,1
15512,0,39.333,32.187,1.222019,1
15513,0,206.236,209.215,0.985761,0
15514,0,206.236,209.215,0.985761,0
15515,0,85.986,80.467,1.068583,0
15516,0,85.986,80.467,1.068583,0
15517,0,420.88,418.429,1.005856,0
15518,0,420.88,418.429,1.005856,0
15519,0,221.065,225.308,0.981169,0
15520,0,221.065,225.308,0.981169,0
15521,0,136.264,128.748,1.058383,0
15522,0,136.264,128.748,1.058383,0
15523,0,81.679,80.467,1.015057,0
15524,0,81.679,80.467,1.015057,0
15525,0,232.977,241.402,0.9651,0
15526,0,232.977,241.402,0.9651,0
15527,0,120.843,128.748,0.938606,0
15528,0,120.843,128.748,0.938606,0
15529,0,166.029,160.934,1.031659,0
15530,0,166.029,160.934,1.031659,0
15531,0,139.14,144.841,0.960642,0
15532,0,139.14,144.841,0.960642,0
15533,0,92.875,96.561,0.961828,0
15534,0,92.875,96.561,0.961828,0
15535,0,162.954,160.934,1.012549,0
15536,0,162.954,160.934,1.012549,0
15537,0,128.935,128.748,1.001456,0
15538,0,128.935,128.748,1.001456,0
15539,0,175.341,177.028,0.990474,0
15540,0,175.341,177.028,0.990474,0
15541,0,197.697,418.429,0.472474,0
15542,0,197.697,418.429,0.472474,0
15543,0,616.62,756.392,0.815212,0
15544,0,616.62,756.392,0.815212,0
15545,0,140.781,144.841,0.97197,0
15546,0,140.781,144.841,0.97197,0
15547,0,72.875,80.467,0.905648,0
15548,0,72.875,80.467,0.905648,0
15549,0,38.876,32.187,1.207816,1
15550,0,38.876,32.187,1.207816,1
15551,0,151.899,144.841,1.048727,0
15552,0,151.899,144.841,1.048727,0
15553,0,576.218,692.018,0.832663,0
15554,0,576.218,692.018,0.832663,0
15555,0,248.956,241.402,1.031295,0
15556,0,248.956,241.402,1.031295,0
15557,0,190.315,193.121,0.985471,0
15558,0,190.315,193.121,0.985471,0
15559,0,245.018,241.402,1.01498,0
15560,0,245.018,241.402,1.01498,0
15561,0,232.446,225.308,1.031679,0
15562,0,232.446,225.308,1.031679,0
15563,0,252.896,257.495,0.982138,0
15564,0,252.896,257.495,0.982138,0
15565,0,137.512,144.841,0.949403,0
15566,0,137.512,144.841,0.949403,0
15567,0,243.693,241.402,1.009491,0
15568,0,243.693,241.402,1.009491,0
15569,0,143.417,144.841,0.990172,0
15570,0,143.417,144.841,0.990172,0
15571,0,121.412,128.748,0.943022,0
15572,0,121.412,128.748,0.943022,0
15573,0,235.181,241.402,0.97423,0
15574,0,235.181,241.402,0.97423,0
15575,0,520.225,563.27,0.923579,0
15576,0,520.225,563.27,0.923579,0
15577,0,875.324,917.326,0.954212,0
15578,0,875.324,917.326,0.954212,0
15579,0,692.477,740.298,0.935402,0
15580,0,692.477,740.298,0.935402,0
15581,0,492.935,498.897,0.988051,0
15582,0,492.935,498.897,0.988051,0
15583,0,421.598,434.523,0.970254,0
15584,0,421.598,434.523,0.970254,0
15585,0,498.258,498.897,0.998719,0
15586,0,498.258,498.897,0.998719,0
15587,0,449.792,450.616,0.99817,0
15588,0,449.792,450.616,0.99817,0
15589,0,207.239,209.215,0.990558,0
15590,0,207.239,209.215,0.990558,0
15591,0,272.424,273.588,0.995744,0
15592,0,272.424,273.588,0.995744,0
15593,0,596.186,611.551,0.974876,0
15594,0,596.186,611.551,0.974876,0
15595,0,319.171,337.962,0.944398,0
15596,0,319.171,337.962,0.944398,0
15597,0,400.79,418.429,0.957843,0
15598,0,400.79,418.429,0.957843,0
15599,0,331.075,337.962,0.979621,0
15600,0,331.075,337.962,0.979621,0
15601,0,336.423,337.962,0.995445,0
15602,0,336.423,337.962,0.995445,0
15603,0,1387.567,1464.503,0.947466,0
15604,0,1387.567,1464.503,0.947466,0
15605,0,131.574,144.841,0.908403,0
15606,0,131.574,144.841,0.908403,0
15607,0,163.558,160.934,1.016301,0
15608,0,163.558,160.934,1.016301,0
15609,0,160.066,209.215,0.765081,0
15610,0,528.986,611.551,0.864991,0
15611,0,528.986,611.551,0.864991,0
15612,0,400.66,402.336,0.995835,0
15613,0,400.66,402.336,0.995835,0
15614,0,298.86,305.775,0.977386,0
15615,0,298.86,305.775,0.977386,0
15616,0,124.884,128.748,0.969992,0
15617,0,124.884,128.748,0.969992,0
15618,0,426.306,434.523,0.98109,0
15619,0,426.306,434.523,0.98109,0
15620,0,167.459,160.934,1.040544,0
15621,0,167.459,160.934,1.040544,0
15622,0,118.706,112.654,1.053721,0
15623,0,118.706,112.654,1.053721,0
15624,0,121.143,128.748,0.940934,0
15625,0,121.143,128.748,0.940934,0
15626,0,148.396,144.841,1.024544,0
15627,0,148.396,144.841,1.024544,0
15628,0,235.687,241.402,0.976327,0
15629,0,235.687,241.402,0.976327,0
15630,0,72.734,80.467,0.903901,0
15631,0,72.734,80.467,0.903901,0
15632,0,80.06,80.467,0.994935,0
15633,0,80.06,80.467,0.994935,0
15634,0,66.221,64.374,1.028693,0
15635,0,66.221,64.374,1.028693,0
15636,0,236.721,241.402,0.98061,0
15637,0,236.721,241.402,0.98061,0
15638,0,207.655,209.215,0.992544,0
15639,0,207.655,209.215,0.992544,0
15640,0,253.077,257.495,0.982842,0
15641,0,253.077,257.495,0.982842,0
15642,0,131.956,128.748,1.024922,0
15643,0,131.956,128.748,1.024922,0
15644,0,70.607,64.374,1.09683,0
15645,0,70.607,64.374,1.09683,0
15646,0,28.224,32.187,0.876876,0
15647,0,28.224,32.187,0.876876,0
15648,0,510.299,514.99,0.99089,0
15649,0,510.299,514.99,0.99089,0
15650,0,131.422,128.748,1.02077,0
15651,0,131.422,128.748,1.02077,0
15652,0,53.821,48.28,1.114763,0
15653,0,53.821,48.28,1.114763,0
15654,0,245.091,241.402,1.015284,0
15655,0,245.091,241.402,1.015284,0
15656,0,206.821,209.215,0.988558,0
15657,0,206.821,209.215,0.988558,0
15658,0,262.431,273.588,0.95922,0
15659,0,262.431,273.588,0.95922,0
15660,0,642.978,643.738,0.99882,0
15661,0,642.978,643.738,0.99882,0
15662,0,469.767,466.71,1.006551,0
15663,0,469.767,466.71,1.006551,0
15664,0,193.548,193.121,1.002212,0
15665,0,193.548,193.121,1.002212,0
15666,0,101.025,96.561,1.046237,0
15667,0,101.025,96.561,1.046237,0
15668,0,324.234,321.869,1.007347,0
15669,0,324.234,321.869,1.007347,0
15670,0,157.138,160.934,0.976412,0
15671,0,157.138,160.934,0.976412,0
15672,0,284.566,289.682,0.982338,0
15673,0,284.566,289.682,0.982338,0
15674,0,178.428,177.028,1.007911,0
15675,0,178.428,177.028,1.007911,0
15676,0,436.667,434.523,1.004934,0
15677,0,436.667,434.523,1.004934,0
15678,0,170.002,177.028,0.960313,0
15679,0,170.002,177.028,0.960313,0
15680,0,788.27,949.513,0.830184,0
15681,0,788.27,949.513,0.830184,0
15682,0,351.532,354.056,0.992873,0
15683,0,351.532,354.056,0.992873,0
15684,0,470.756,482.803,0.975047,0
15685,0,470.756,482.803,0.975047,0
15686,0,543.347,547.177,0.993001,0
15687,0,543.347,547.177,0.993001,0
15688,0,482.699,482.803,0.999785,0
15689,0,482.699,482.803,0.999785,0
15690,0,101.394,96.561,1.05006,0
15691,0,101.394,96.561,1.05006,0
15692,0,618.14,611.551,1.010775,0
15693,0,618.14,611.551,1.010775,0
15694,0,448.27,450.616,0.994794,0
15695,0,448.27,450.616,0.994794,0
15696,0,523.483,531.084,0.985688,0
15697,0,523.483,531.084,0.985688,0
15698,0,436.614,450.616,0.968926,0
15699,0,436.614,450.616,0.968926,0
15700,0,857.935,852.952,1.005842,0
15701,0,857.935,852.952,1.005842,0
15702,0,931.136,933.42,0.997554,0
15703,0,931.136,933.42,0.997554,0
15704,0,809.85,901.233,0.898603,0
15705,0,809.85,901.233,0.898603,0
15706,0,131.823,128.748,1.023889,0
15707,0,131.823,128.748,1.023889,0
15708,0,349.755,354.056,0.987854,0
15709,0,349.755,354.056,0.987854,0
15710,0,252.902,305.775,0.827086,0
15711,0,252.902,305.775,0.827086,0
15712,0,286.454,289.682,0.988858,0
15713,0,286.454,289.682,0.988858,0
15714,0,118.352,112.654,1.050577,0
15715,0,118.352,112.654,1.050577,0
15716,0,398.499,466.71,0.853848,0
15717,0,398.499,466.71,0.853848,0
15718,0,142.985,144.841,0.987186,0
15719,0,142.985,144.841,0.987186,0
15720,0,232.418,225.308,1.031555,0
15721,0,232.418,225.308,1.031555,0
15722,0,668.21,756.392,0.883419,0
15723,0,668.21,756.392,0.883419,0
15724,0,602.879,595.457,1.012464,0
15725,0,602.879,595.457,1.012464,0
15726,0,772.996,820.765,0.941798,0
15727,0,772.996,820.765,0.941798,0
15728,0,167.875,160.934,1.043129,0
15729,0,167.875,160.934,1.043129,0
15730,0,330.067,354.056,0.932246,0
15731,0,330.067,354.056,0.932246,0
15732,0,379.322,547.177,0.693235,0
15733,0,379.322,547.177,0.693235,0
15734,0,102.87,96.561,1.065336,0
15735,0,102.87,96.561,1.065336,0
15736,0,175.119,225.308,0.777241,0
15737,0,175.119,225.308,0.777241,0
15738,0,433.722,482.803,0.898342,0
15739,0,433.722,482.803,0.898342,0
15740,0,974.829,1013.887,0.961477,0
15741,0,974.829,1013.887,0.961477,0
15742,0,1129.386,1142.634,0.988406,0
15743,0,1129.386,1142.634,0.988406,0
15744,0,1080.872,1094.354,0.98768,0
15745,0,1080.872,1094.354,0.98768,0
15746,0,497.778,547.177,0.909721,0
15747,0,497.778,547.177,0.909721,0
15748,0,1395.155,1400.129,0.996448,0
15749,0,1395.155,1400.129,0.996448,0
15750,0,239.172,321.869,0.743073,0
15751,0,239.172,321.869,0.743073,0
15752,0,2345.236,2558.857,0.916517,0
15753,0,2345.236,2558.857,0.916517,0
15754,0,387.663,386.243,1.003677,0
15755,0,387.663,386.243,1.003677,0
15756,0,267.908,273.588,0.979236,0
15757,0,267.908,273.588,0.979236,0
15758,0,301.615,305.775,0.986395,0
15759,0,301.615,305.775,0.986395,0
15760,0,211.877,209.215,1.012725,0
15761,0,211.877,209.215,1.012725,0
15762,0,329.696,321.869,1.024317,0
15763,0,329.696,321.869,1.024317,0
15764,0,260.266,257.495,1.01076,0
15765,0,260.266,257.495,1.01076,0
15766,0,819.146,820.765,0.998027,0
15767,0,819.146,820.765,0.998027,0
15768,0,901.513,949.513,0.949447,0
15769,0,901.513,949.513,0.949447,0
15770,0,270.87,273.588,0.990065,0
15771,0,270.87,273.588,0.990065,0
15772,0,384.755,386.243,0.996148,0
15773,0,384.755,386.243,0.996148,0
15774,0,451.492,450.616,1.001943,0
15775,0,451.492,450.616,1.001943,0
15776,0,718.681,724.205,0.992372,0
15777,0,718.681,724.205,0.992372,0
15778,0,1217.976,1223.101,0.99581,0
15779,0,1217.976,1223.101,0.99581,0
15780,0,2513.963,2510.577,1.001349,0
15781,0,2513.963,2510.577,1.001349,0
15782,0,1040.785,1046.074,0.994944,0
15783,0,1040.785,1046.074,0.994944,0
15784,0,977.124,997.793,0.979285,0
15785,0,977.124,997.793,0.979285,0
15786,0,771.201,772.485,0.998337,0
15787,0,771.201,772.485,0.998337,0
15788,0,154.079,160.934,0.957404,0
15789,0,154.079,160.934,0.957404,0
15790,0,1113.517,1142.634,0.974517,0
15791,0,1113.517,1142.634,0.974517,0
15792,0,604.127,627.644,0.962532,0
15793,0,604.127,627.644,0.962532,0
15794,0,232.372,241.402,0.962594,0
15795,0,232.372,241.402,0.962594,0
15796,0,1460.193,1899.026,0.768917,0
15797,0,1460.193,1899.026,0.768917,0
15798,0,533.35,531.084,1.004268,0
15799,0,533.35,531.084,1.004268,0
15800,0,1849.917,1915.119,0.965954,0
15801,0,1849.917,1915.119,0.965954,0
15802,0,1300.04,1416.223,0.917963,0
15803,0,1300.04,1416.223,0.917963,0
15804,0,833.903,836.859,0.996468,0
15805,0,833.903,836.859,0.996468,0
15806,0,90.164,96.561,0.933759,0
15807,0,90.164,96.561,0.933759,0
15808,0,1329.224,1335.756,0.99511,0
15809,0,1329.224,1335.756,0.99511,0
15810,0,201.291,209.215,0.962126,0
15811,0,201.291,209.215,0.962126,0
15812,0,1255.421,1432.316,0.876497,0
15813,0,1255.421,1432.316,0.876497,0
15814,0,1367.03,1367.942,0.999333,0
15815,0,1367.03,1367.942,0.999333,0
15816,0,1895.774,2381.829,0.795932,0
15817,0,1895.774,2381.829,0.795932,0
15818,0,861.643,869.046,0.991482,0
15819,0,861.643,869.046,0.991482,0
15820,0,232.471,241.402,0.963005,0
15821,0,232.471,241.402,0.963005,0
15822,0,1123.873,1400.129,0.802692,0
15823,0,1123.873,1400.129,0.802692,0
15824,0,5109.405,6195.974,0.824633,0
15825,0,5109.405,6195.974,0.824633,0
15826,0,1650.845,1689.811,0.976941,0
15827,0,1650.845,1689.811,0.976941,0
15828,0,4416.524,4828.032,0.914767,0
15829,0,4416.524,4828.032,0.914767,0
15830,0,4362.311,4683.191,0.931483,0
15831,0,4362.311,4683.191,0.931483,0
15832,0,2430.204,3089.94,0.786489,0
15833,0,2430.204,3089.94,0.786489,0
15834,0,3734.362,5664.891,0.659212,0
15835,0,3734.362,5664.891,0.659212,0
15836,0,4681.987,5005.06,0.935451,0
15837,0,4681.987,5005.06,0.935451,0
15838,0,2213.647,2317.455,0.955206,0
15839,0,2213.647,2317.455,0.955206,0
15840,0,1242.427,1384.036,0.897684,0
15841,0,1242.427,1384.036,0.897684,0
15842,0,1731.113,2059.96,0.840363,0
15843,0,1731.113,2059.96,0.840363,0
15844,0,719.285,724.205,0.993207,0
15845,0,719.285,724.205,0.993207,0
15846,0,1917.428,2204.801,0.86966,0
15847,0,1917.428,2204.801,0.86966,0
15848,0,909.913,949.513,0.958295,0
15849,0,909.913,949.513,0.958295,0
15850,0,2497.014,2864.632,0.87167,0
15851,0,2497.014,2864.632,0.87167,0
15852,0,1663.104,1657.624,1.003306,0
15853,0,1663.104,1657.624,1.003306,0
15854,0,4038.599,4586.63,0.880516,0
15855,0,4038.599,4586.63,0.880516,0
15856,0,3123.962,3604.931,0.86658,0
15857,0,3123.962,3604.931,0.86658,0
15858,0,3459.795,3749.772,0.922668,0
15859,0,3459.795,3749.772,0.922668,0
15860,0,2372.965,2558.857,0.927354,0
15861,0,2372.965,2558.857,0.927354,0
15862,0,3851.761,4296.948,0.896394,0
15863,0,3851.761,4296.948,0.896394,0
15864,0,1498.916,1577.157,0.950391,0
15865,0,1498.916,1577.157,0.950391,0
15866,0,1130.988,1158.728,0.97606,0
15867,0,1130.988,1158.728,0.97606,0
15868,0,1480.144,1480.596,0.999694,0
15869,0,1480.144,1480.596,0.999694,0
15870,0,2268.093,2349.642,0.965293,0
15871,0,2268.093,2349.642,0.965293,0
15872,0,763.562,788.579,0.968277,0
15873,0,763.562,788.579,0.968277,0
15874,0,760.832,756.392,1.00587,0
15875,0,760.832,756.392,1.00587,0
15876,0,2759.506,3186.501,0.865999,0
15877,0,2759.506,3186.501,0.865999,0
15878,0,3546.608,4007.267,0.885044,0
15879,0,3546.608,4007.267,0.885044,0
15880,0,3369.206,4393.509,0.76686,0
15881,0,3369.206,4393.509,0.76686,0
15882,0,642.177,643.738,0.997576,0
15883,0,642.177,643.738,0.997576,0
15884,0,3648.615,3894.612,0.936836,0
15885,0,3648.615,3894.612,0.936836,0
15886,0,2862.063,2896.819,0.988002,0
15887,0,2862.063,2896.819,0.988002,0
15888,0,1071.67,1158.728,0.924868,0
15889,0,1071.67,1158.728,0.924868,0
15890,0,756.203,756.392,0.999751,0
15891,0,756.203,756.392,0.999751,0
15892,0,952.102,949.513,1.002727,0
15893,0,952.102,949.513,1.002727,0
15894,0,1052.971,1850.746,0.568944,0
15895,0,1052.971,1850.746,0.568944,0
15896,0,612.282,820.765,0.745989,0
15897,0,612.282,820.765,0.745989,0
15898,0,1415.787,1448.41,0.977477,0
15899,0,1415.787,1448.41,0.977477,0
15900,0,341.321,337.962,1.00994,0
15901,0,341.321,337.962,1.00994,0
15902,0,619.923,675.924,0.917148,0
15903,0,619.923,675.924,0.917148,0
15904,0,868.045,869.046,0.998848,0
15905,0,868.045,869.046,0.998848,0
15906,0,693.321,724.205,0.957355,0
15907,0,693.321,724.205,0.957355,0
15908,0,660.339,659.831,1.000769,0
15909,0,660.339,659.831,1.000769,0
15910,0,666.958,675.924,0.986734,0
15911,0,666.958,675.924,0.986734,0
15912,0,4252.835,7692.664,0.552843,0
15913,0,4252.835,7692.664,0.552843,0
15914,0,1581.804,1593.251,0.992816,0
15915,0,1581.804,1593.251,0.992816,0
15916,0,3228.948,4634.911,0.696658,0
15917,0,3228.948,4634.911,0.696658,0
15918,0,3813.404,4280.855,0.890804,0
15919,0,3813.404,4280.855,0.890804,0
15920,0,986.209,997.793,0.98839,0
15921,0,986.209,997.793,0.98839,0
15922,0,4130.597,4908.499,0.841519,0
15923,0,4130.597,4908.499,0.841519,0
15924,0,2747.275,3089.94,0.889103,0
15925,0,2747.275,3089.94,0.889103,0
15926,0,2258.339,2977.286,0.758523,0
15927,0,2258.339,2977.286,0.758523,0
15928,0,651.949,820.765,0.794319,0
15929,0,651.949,820.765,0.794319,0
15930,0,1020.713,1013.887,1.006733,0
15931,0,1020.713,1013.887,1.006733,0
15932,0,1449.447,1448.41,1.000716,0
15933,0,1449.447,1448.41,1.000716,0
15934,0,268.089,273.588,0.979897,0
15935,0,268.089,273.588,0.979897,0
15936,0,958.326,965.606,0.992461,0
15937,0,958.326,965.606,0.992461,0
15938,0,1099.767,1255.288,0.876107,0
15939,0,1099.767,1255.288,0.876107,0
15940,0,554.469,547.177,1.013327,0
15941,0,554.469,547.177,1.013327,0
15942,0,195.035,193.121,1.009907,0
15943,0,195.035,193.121,1.009907,0
15944,0,139.435,144.841,0.962678,0
15945,0,139.435,144.841,0.962678,0
15946,0,827.03,820.765,1.007633,0
15947,0,827.03,820.765,1.007633,0
15948,0,2112.667,2108.241,1.0021,0
15949,0,2112.667,2108.241,1.0021,0
15950,0,1665.243,1657.624,1.004596,0
15951,0,1665.243,1657.624,1.004596,0
15952,0,295.628,289.682,1.020525,0
15953,0,295.628,289.682,1.020525,0
15954,0,268.272,273.588,0.980568,0
15955,0,268.272,273.588,0.980568,0
15956,0,1604.771,1673.718,0.958806,0
15957,0,1604.771,1673.718,0.958806,0
15958,0,2089.057,2204.801,0.947504,0
15959,0,2089.057,2204.801,0.947504,0
15960,0,702.834,708.111,0.992547,0
15961,0,702.834,708.111,0.992547,0
15962,0,585.563,579.364,1.0107,0
15963,0,585.563,579.364,1.0107,0
15964,0,1842.951,1834.652,1.004523,0
15965,0,1842.951,1834.652,1.004523,0
15966,0,1093.281,1255.288,0.87094,0
15967,0,1093.281,1255.288,0.87094,0
15968,0,1212.185,1207.008,1.004289,0
15969,0,1212.185,1207.008,1.004289,0
15970,0,1169.896,1255.288,0.931974,0
15971,0,1169.896,1255.288,0.931974,0
15972,0,953.773,949.513,1.004486,0
15973,0,953.773,949.513,1.004486,0
15974,0,631.947,708.111,0.89244,0
15975,0,631.947,708.111,0.89244,0
15976,0,2296.963,2301.362,0.998088,0
15977,0,2296.963,2301.362,0.998088,0
15978,0,1753.334,1754.185,0.999515,0
15979,0,1753.334,1754.185,0.999515,0
15980,0,1011.203,1013.887,0.997353,0
15981,0,1011.203,1013.887,0.997353,0
15982,0,336.38,337.962,0.99532,0
15983,0,336.38,337.962,0.99532,0
15984,0,1123.628,1126.541,0.997414,0
15985,0,1123.628,1126.541,0.997414,0
15986,0,162.387,160.934,1.009024,0
15987,0,162.387,160.934,1.009024,0
15988,0,139.756,144.841,0.964893,0
15989,0,139.756,144.841,0.964893,0
15990,0,2059.075,2059.96,0.99957,0
15991,0,2059.075,2059.96,0.99957,0
15992,0,1091.361,1094.354,0.997266,0
15993,0,1091.361,1094.354,0.997266,0
15994,0,1161.465,1496.69,0.776023,0
15995,0,1161.465,1496.69,0.776023,0
15996,0,2439.915,2510.577,0.971854,0
15997,0,2439.915,2510.577,0.971854,0
15998,0,64.382,64.374,1.000132,0
15999,0,64.382,64.374,1.000132,0
16000,0,953.149,1142.634,0.834168,0
16001,0,953.149,1142.634,0.834168,0
16002,0,2263.962,2494.483,0.907588,0
16003,0,2263.962,2494.483,0.907588,0
16004,0,208.47,209.215,0.99644,0
16005,0,208.47,209.215,0.99644,0
16006,0,459.648,466.71,0.984868,0
16007,0,459.648,466.71,0.984868,0
16008,0,3076.835,3492.276,0.88104,0
16009,0,3076.835,3492.276,0.88104,0
16010,0,1475.847,1818.559,0.811548,0
16011,0,1475.847,1818.559,0.811548,0
16012,0,2572.282,4361.322,0.589794,0
16013,0,2572.282,4361.322,0.589794,0
16014,0,2287.297,2285.268,1.000888,0
16015,0,2287.297,2285.268,1.000888,0
16016,0,1752.011,1754.185,0.99876,0
16017,0,1752.011,1754.185,0.99876,0
16018,0,1191.031,1190.915,1.000098,0
16019,0,1191.031,1190.915,1.000098,0
16020,0,327.83,321.869,1.018522,0
16021,0,327.83,321.869,1.018522,0
16022,0,2227.232,2236.988,0.995639,0
16023,0,2227.232,2236.988,0.995639,0
16024,0,701.411,933.42,0.751442,0
16025,0,701.411,933.42,0.751442,0
16026,0,1473.421,1464.503,1.006089,0
16027,0,1473.421,1464.503,1.006089,0
16028,0,162.76,160.934,1.011345,0
16029,0,162.76,160.934,1.011345,0
16030,0,231.648,225.308,1.02814,0
16031,0,231.648,225.308,1.02814,0
16032,0,2158.142,2172.614,0.993339,0
16033,0,2158.142,2172.614,0.993339,0
16034,0,1097.336,1367.942,0.80218,0
16035,0,1097.336,1367.942,0.80218,0
16036,0,2128.831,2188.708,0.972643,0
16037,0,2128.831,2188.708,0.972643,0
16038,0,179.095,177.028,1.011678,0
16039,0,179.095,177.028,1.011678,0
16040,0,906.846,1142.634,0.793645,0
16041,0,906.846,1142.634,0.793645,0
16042,0,2217.162,2301.362,0.963413,0
16043,0,2217.162,2301.362,0.963413,0
16044,0,1010.444,1013.887,0.996605,0
16045,0,1010.444,1013.887,0.996605,0
16046,0,193.785,193.121,1.003438,0
16047,0,193.785,193.121,1.003438,0
16048,0,746.783,740.298,1.008759,0
16049,0,746.783,740.298,1.008759,0
16050,0,314.329,321.869,0.976574,0
16051,0,314.329,321.869,0.976574,0
16052,0,159.762,160.934,0.992716,0
16053,0,159.762,160.934,0.992716,0
16054,0,4631.72,5552.237,0.834208,0
16055,0,4631.72,5552.237,0.834208,0
16056,0,2578.973,3009.473,0.856952,0
16057,0,2578.973,3009.473,0.856952,0
16058,0,2514.09,2510.577,1.0014,0
16059,0,2514.09,2510.577,1.0014,0
16060,0,803.834,933.42,0.861172,0
16061,0,803.834,933.42,0.861172,0
16062,0,477.992,482.803,0.990036,0
16063,0,477.992,482.803,0.990036,0
16064,0,3763.332,4280.855,0.879108,0
16065,0,3763.332,4280.855,0.879108,0
16066,0,2726.057,3009.473,0.905825,0
16067,0,2726.057,3009.473,0.905825,0
16068,0,362.293,354.056,1.023266,0
16069,0,362.293,354.056,1.023266,0
16070,0,221.494,225.308,0.983069,0
16071,0,221.494,225.308,0.983069,0
16072,0,4975.635,5359.116,0.928443,0
16073,0,4975.635,5359.116,0.928443,0
16074,0,404.016,402.336,1.004175,0
16075,0,404.016,402.336,1.004175,0
16076,0,1810.379,1802.465,1.00439,0
16077,0,1810.379,1802.465,1.00439,0
16078,0,2594.689,2784.165,0.931945,0
16079,0,2594.689,2784.165,0.931945,0
16080,0,2037.682,2043.867,0.996974,0
16081,0,2037.682,2043.867,0.996974,0
16082,0,642.521,643.738,0.998111,0
16083,0,642.521,643.738,0.998111,0
16084,0,53.192,48.28,1.101738,0
16085,0,53.192,48.28,1.101738,0
16086,0,50.047,48.28,1.036598,0
16087,0,50.047,48.28,1.036598,0
16088,0,126.708,128.748,0.984157,0
16089,0,126.708,128.748,0.984157,0
16090,0,685.054,675.924,1.013507,0
16091,0,685.054,675.924,1.013507,0
16092,0,800.265,804.672,0.994523,0
16093,0,800.265,804.672,0.994523,0
16094,0,54.514,48.28,1.129106,0
16095,0,54.514,48.28,1.129106,0
16096,0,1212.102,1223.101,0.991007,0
16097,0,1212.102,1223.101,0.991007,0
16098,0,962.543,997.793,0.964672,0
16099,0,962.543,997.793,0.964672,0
16100,0,53.882,48.28,1.116021,0
16101,0,53.882,48.28,1.116021,0
16102,0,406.07,418.429,0.970462,0
16103,0,406.07,418.429,0.970462,0
16104,0,450.045,466.71,0.964292,0
16105,0,450.045,466.71,0.964292,0
16106,0,449.241,450.616,0.996947,0
16107,0,449.241,450.616,0.996947,0
16108,0,279.757,289.682,0.965738,0
16109,0,279.757,289.682,0.965738,0
16110,0,496.219,498.897,0.994633,0
16111,0,496.219,498.897,0.994633,0
16112,0,339.043,337.962,1.003197,0
16113,0,339.043,337.962,1.003197,0
16114,0,1467.672,1577.157,0.930581,0
16115,0,1467.672,1577.157,0.930581,0
16116,0,1099.824,1094.354,1.004999,0
16117,0,1099.824,1094.354,1.004999,0
16118,0,313.738,321.869,0.974739,0
16119,0,313.738,321.869,0.974739,0
16120,0,430.639,434.523,0.991063,0
16121,0,430.639,434.523,0.991063,0
16122,0,293.905,289.682,1.014579,0
16123,0,293.905,289.682,1.014579,0
16124,0,221.228,305.775,0.723497,0
16125,0,221.228,305.775,0.723497,0
16126,0,166.98,160.934,1.037564,0
16127,0,166.98,160.934,1.037564,0
16128,0,310.758,305.775,1.016295,0
16129,0,310.758,305.775,1.016295,0
16130,0,325.839,321.869,1.012336,0
16131,0,325.839,321.869,1.012336,0
16132,0,235.897,241.402,0.977198,0
16133,0,235.897,241.402,0.977198,0
16134,0,417.847,434.523,0.961623,0
16135,0,417.847,434.523,0.961623,0
16136,0,263.027,257.495,1.021484,0
16137,0,263.027,257.495,1.021484,0
16138,0,134.528,193.121,0.696597,0
16139,0,134.528,193.121,0.696597,0
16140,0,135.678,128.748,1.053831,0
16141,0,135.678,128.748,1.053831,0
16142,0,168.753,160.934,1.048583,0
16143,0,168.753,160.934,1.048583,0
16144,0,332.424,337.962,0.983612,0
16145,0,470.385,466.71,1.007874,0
16146,0,327.034,321.869,1.016047,0
16147,0,135.726,128.748,1.054201,0
16148,0,214.453,209.215,1.025037,0
16149,0,109.097,112.654,0.968424,0
16150,0,133.672,128.748,1.03825,0
16151,0,350.981,354.056,0.991315,0
16152,0,350.981,354.056,0.991315,0
16153,0,757.382,788.579,0.960439,0
16154,0,757.382,788.579,0.960439,0
16155,0,424.115,418.429,1.013588,0
16156,0,424.115,418.429,1.013588,0
16157,0,518.725,547.177,0.948002,0
16158,0,518.725,547.177,0.948002,0
16159,0,164.985,160.934,1.025172,0
16160,0,164.985,160.934,1.025172,0
16161,0,403.712,402.336,1.003421,0
16162,0,403.712,402.336,1.003421,0
16163,0,884.729,885.139,0.999537,0
16164,0,884.729,885.139,0.999537,0
16165,0,467.765,595.457,0.785556,0
16166,0,467.765,595.457,0.785556,0
16167,0,883.707,885.139,0.998381,0
16168,0,883.707,885.139,0.998381,0
16169,0,624.78,627.644,0.995436,0
16170,0,624.78,627.644,0.995436,0
16171,0,347.806,354.056,0.982348,0
16172,0,347.806,354.056,0.982348,0
16173,0,648.942,643.738,1.008084,0
16174,0,648.942,643.738,1.008084,0
16175,0,1452.447,1448.41,1.002787,0
16176,0,1452.447,1448.41,1.002787,0
16177,0,313.718,321.869,0.974678,0
16178,0,313.718,321.869,0.974678,0
16179,0,534.784,531.084,1.006968,0
16180,0,534.784,531.084,1.006968,0
16181,0,1012.371,1013.887,0.998505,0
16182,0,1012.371,1013.887,0.998505,0
16183,0,767.355,804.672,0.953625,0
16184,0,767.355,804.672,0.953625,0
16185,0,987.201,981.7,1.005604,0
16186,0,987.201,981.7,1.005604,0
16187,0,580.891,643.738,0.902373,0
16188,0,580.891,643.738,0.902373,0
16189,0,693.772,692.018,1.002535,0
16190,0,693.772,692.018,1.002535,0
16191,0,597.435,627.644,0.951869,0
16192,0,597.435,627.644,0.951869,0
16193,0,727.884,740.298,0.983231,0
16194,0,727.884,740.298,0.983231,0
16195,0,478.573,498.897,0.959263,0
16196,0,478.573,498.897,0.959263,0
16197,0,443.13,434.523,1.019809,0
16198,0,443.13,434.523,1.019809,0
16199,0,210.365,209.215,1.0055,0
16200,0,210.365,209.215,1.0055,0
16201,0,210.588,209.215,1.006563,0
16202,0,210.588,209.215,1.006563,0
16203,0,330.424,321.869,1.026581,0
16204,0,330.424,321.869,1.026581,0
16205,0,431.01,434.523,0.991916,0
16206,0,431.01,434.523,0.991916,0
16207,0,137.414,144.841,0.948727,0
16208,0,137.414,144.841,0.948727,0
16209,0,397.687,402.336,0.988445,0
16210,0,397.687,402.336,0.988445,0
16211,0,343.209,337.962,1.015523,0
16212,0,343.209,337.962,1.015523,0
16213,0,107.688,112.654,0.955917,0
16214,0,107.688,112.654,0.955917,0
16215,0,440.145,595.457,0.739171,0
16216,0,440.145,595.457,0.739171,0
16217,0,232.117,225.308,1.030221,0
16218,0,232.117,225.308,1.030221,0
16219,0,632.907,627.644,1.008385,0
16220,0,632.907,627.644,1.008385,0
16221,0,555.164,563.27,0.985607,0
16222,0,555.164,563.27,0.985607,0
16223,0,657.396,659.831,0.996309,0
16224,0,657.396,659.831,0.996309,0
16225,0,295.862,289.682,1.021336,0
16226,0,295.862,289.682,1.021336,0
16227,0,281.306,289.682,0.971086,0
16228,0,281.306,289.682,0.971086,0
16229,0,255.106,257.495,0.990723,0
16230,0,255.106,257.495,0.990723,0
16231,0,635.261,627.644,1.012136,0
16232,0,635.261,627.644,1.012136,0
16233,0,308.196,305.775,1.007918,0
16234,0,308.196,305.775,1.007918,0
16235,0,311.725,305.775,1.019456,0
16236,0,311.725,305.775,1.019456,0
16237,0,310.887,305.775,1.016716,0
16238,0,310.887,305.775,1.016716,0
16239,0,306.261,305.775,1.001587,0
16240,0,306.261,305.775,1.001587,0
16241,0,361.486,354.056,1.020987,0
16242,0,361.486,354.056,1.020987,0
16243,0,156.749,160.934,0.97399,0
16244,0,156.749,160.934,0.97399,0
16245,0,318.686,321.869,0.990111,0
16246,0,318.686,321.869,0.990111,0
16247,0,195.048,273.588,0.712924,0
16248,0,195.048,273.588,0.712924,0
16249,0,450.791,450.616,1.000388,0
16250,0,450.791,450.616,1.000388,0
16251,0,630.863,627.644,1.005128,0
16252,0,630.863,627.644,1.005128,0
16253,0,702.049,965.606,0.727055,0
16254,0,702.049,965.606,0.727055,0
16255,0,545.176,547.177,0.996343,0
16256,0,545.176,547.177,0.996343,0
16257,0,491.227,482.803,1.017447,0
16258,0,491.227,482.803,1.017447,0
16259,0,1111.979,1110.447,1.001379,0
16260,0,1111.979,1110.447,1.001379,0
16261,0,214.379,209.215,1.024683,0
16262,0,214.379,209.215,1.024683,0
16263,0,248.517,241.402,1.029476,0
16264,0,248.517,241.402,1.029476,0
16265,0,628.637,627.644,1.001582,0
16266,0,628.637,627.644,1.001582,0
16267,0,631.496,627.644,1.006137,0
16268,0,631.496,627.644,1.006137,0
16269,0,827.574,965.606,0.857051,0
16270,0,827.574,965.606,0.857051,0
16271,0,417.462,498.897,0.83677,0
16272,0,417.462,498.897,0.83677,0
16273,0,484.919,547.177,0.88622,0
16274,0,484.919,547.177,0.88622,0
16275,0,307.824,305.775,1.006699,0
16276,0,307.824,305.775,1.006699,0
16277,0,498.221,498.897,0.998645,0
16278,0,498.221,498.897,0.998645,0
16279,0,311.435,305.775,1.018508,0
16280,0,311.435,305.775,1.018508,0
16281,0,310.536,305.775,1.015568,0
16282,0,310.536,305.775,1.015568,0
16283,0,236.751,241.402,0.980736,0
16284,0,236.751,241.402,0.980736,0
16285,0,612.113,611.551,1.000919,0
16286,0,612.113,611.551,1.000919,0
16287,0,329.093,337.962,0.973757,0
16288,0,329.093,337.962,0.973757,0
16289,0,573.956,595.457,0.96389,0
16290,0,573.956,595.457,0.96389,0
16291,0,238.317,241.402,0.98722,0
16292,0,238.317,241.402,0.98722,0
16293,0,383.3,386.243,0.992382,0
16294,0,383.3,386.243,0.992382,0
16295,0,220.673,225.308,0.979428,0
16296,0,220.673,225.308,0.979428,0
16297,0,2073.964,2108.241,0.983741,0
16298,0,2073.964,2108.241,0.983741,0
16299,0,368.686,370.149,0.996047,0
16300,0,368.686,370.149,0.996047,0
16301,0,210.737,209.215,1.007275,0
16302,0,210.737,209.215,1.007275,0
16303,0,203.063,209.215,0.970597,0
16304,0,203.063,209.215,0.970597,0
16305,0,384.551,386.243,0.99562,0
16306,0,384.551,386.243,0.99562,0
16307,0,524.076,531.084,0.986804,0
16308,0,524.076,531.084,0.986804,0
16309,0,378.117,386.243,0.978962,0
16310,0,378.117,386.243,0.978962,0
16311,0,374.341,370.149,1.011324,0
16312,0,374.341,370.149,1.011324,0
16313,0,408.942,418.429,0.977327,0
16314,0,408.942,418.429,0.977327,0
16315,0,467.075,531.084,0.879475,0
16316,0,467.075,531.084,0.879475,0
16317,0,297.737,289.682,1.027807,0
16318,0,297.737,289.682,1.027807,0
16319,0,396.076,418.429,0.946578,0
16320,0,396.076,418.429,0.946578,0
16321,0,116.898,112.654,1.037674,0
16322,0,116.898,112.654,1.037674,0
16323,0,587.831,627.644,0.936567,0
16324,0,587.831,627.644,0.936567,0
16325,0,336.37,337.962,0.995288,0
16326,0,336.37,337.962,0.995288,0
16327,0,108.222,112.654,0.960655,0
16328,0,108.222,112.654,0.960655,0
16329,0,528.131,531.084,0.994441,0
16330,0,528.131,531.084,0.994441,0
16331,0,147.249,144.841,1.016626,0
16332,0,147.249,144.841,1.016626,0
16333,0,118.098,112.654,1.048327,0
16334,0,118.098,112.654,1.048327,0
16335,0,410.341,418.429,0.980669,0
16336,0,410.341,418.429,0.980669,0
16337,0,441.957,434.523,1.017108,0
16338,0,441.957,434.523,1.017108,0
16339,0,258.508,257.495,1.003932,0
16340,0,258.508,257.495,1.003932,0
16341,0,309.566,305.775,1.012395,0
16342,0,309.566,305.775,1.012395,0
16343,0,299.645,386.243,0.775796,0
16344,0,299.645,386.243,0.775796,0
16345,0,196.236,193.121,1.01613,0
16346,0,196.236,193.121,1.01613,0
16347,0,320.228,370.149,0.865132,0
16348,0,320.228,370.149,0.865132,0
16349,0,237.504,241.402,0.983855,0
16350,0,237.504,241.402,0.983855,0
16351,0,237.024,241.402,0.981865,0
16352,0,237.024,241.402,0.981865,0
16353,0,393.412,386.243,1.018563,0
16354,0,393.412,386.243,1.018563,0
16355,0,374.089,370.149,1.010645,0
16356,0,374.089,370.149,1.010645,0
16357,0,178.686,177.028,1.009366,0
16358,0,178.686,177.028,1.009366,0
16359,0,278.057,273.588,1.016333,0
16360,0,926.276,933.42,0.992347,0
16361,0,138.641,144.841,0.957192,0
16362,0,96.562,96.561,1.000012,0
16363,0,945.941,949.513,0.996238,0
16364,0,945.941,949.513,0.996238,0
16365,0,455.568,450.616,1.010989,0
16366,0,455.568,450.616,1.010989,0
16367,0,224.562,257.495,0.872104,0
16368,0,224.562,257.495,0.872104,0
16369,0,148.552,144.841,1.02562,0
16370,0,148.552,144.841,1.02562,0
16371,0,759.36,1110.447,0.683832,0
16372,0,759.36,1110.447,0.683832,0
16373,0,998.233,1013.887,0.984561,0
16374,0,998.233,1013.887,0.984561,0
16375,0,685.539,708.111,0.968123,0
16376,0,685.539,708.111,0.968123,0
16377,0,440.123,434.523,1.012887,0
16378,0,440.123,434.523,1.012887,0
16379,0,414.661,482.803,0.858862,0
16380,0,414.661,482.803,0.858862,0
16381,0,657.942,659.831,0.997137,0
16382,0,657.942,659.831,0.997137,0
16383,0,204.372,209.215,0.976852,0
16384,0,204.372,209.215,0.976852,0
16385,0,314.687,321.869,0.977688,0
16386,0,314.687,321.869,0.977688,0
16387,0,371.556,370.149,1.003802,0
16388,0,371.556,370.149,1.003802,0
16389,0,186.411,193.121,0.965253,0
16390,0,186.411,193.121,0.965253,0
16391,0,765.46,756.392,1.011989,0
16392,0,765.46,756.392,1.011989,0
16393,0,480.454,482.803,0.995134,0
16394,0,480.454,482.803,0.995134,0
16395,0,1051.01,1126.541,0.932954,0
16396,0,1051.01,1126.541,0.932954,0
16397,0,891.623,885.139,1.007325,0
16398,0,891.623,885.139,1.007325,0
16399,0,223.615,225.308,0.992487,0
16400,0,223.615,225.308,0.992487,0
16401,0,665.141,692.018,0.961161,0
16402,0,665.141,692.018,0.961161,0
16403,0,643.73,643.738,0.999989,0
16404,0,643.73,643.738,0.999989,0
16405,0,210.929,209.215,1.008192,0
16406,0,210.929,209.215,1.008192,0
16407,0,475.521,531.084,0.89538,0
16408,0,475.521,531.084,0.89538,0
16409,0,209.323,225.308,0.92905,0
16410,0,209.323,225.308,0.92905,0
16411,0,244.135,273.588,0.892343,0
16412,0,244.135,273.588,0.892343,0
16413,0,291.023,289.682,1.004629,0
16414,0,291.023,289.682,1.004629,0
16415,0,163.975,160.934,1.018892,0
16416,0,163.975,160.934,1.018892,0
16417,0,533.889,563.27,0.947839,0
16418,0,533.889,563.27,0.947839,0
16419,0,568.951,563.27,1.010085,0
16420,0,568.951,563.27,1.010085,0
16421,0,639.621,643.738,0.993605,0
16422,0,639.621,643.738,0.993605,0
16423,0,71.325,64.374,1.107978,0
16424,0,71.325,64.374,1.107978,0
16425,0,510.326,514.99,0.990944,0
16426,0,510.326,514.99,0.990944,0
16427,0,644.786,643.738,1.001629,0
16428,0,644.786,643.738,1.001629,0
16429,0,264.66,257.495,1.027827,0
16430,0,264.66,257.495,1.027827,0
16431,0,375.015,370.149,1.013146,0
16432,0,375.015,370.149,1.013146,0
16433,0,1446.426,1448.41,0.998631,0
16434,0,1446.426,1448.41,0.998631,0
16435,0,473.208,466.71,1.013923,0
16436,0,473.208,466.71,1.013923,0
16437,0,502.824,531.084,0.946789,0
16438,0,502.824,531.084,0.946789,0
16439,0,510.13,514.99,0.990564,0
16440,0,510.13,514.99,0.990564,0
16441,0,569.706,563.27,1.011426,0
16442,0,569.706,563.27,1.011426,0
16443,0,1008.864,1013.887,0.995046,0
16444,0,1008.864,1013.887,0.995046,0
16445,0,400.072,418.429,0.956128,0
16446,0,400.072,418.429,0.956128,0
16447,0,497.538,498.897,0.997276,0
16448,0,497.538,498.897,0.997276,0
16449,0,188.219,193.121,0.974617,0
16450,0,188.219,193.121,0.974617,0
16451,0,887.786,917.326,0.967797,0
16452,0,887.786,917.326,0.967797,0
16453,0,915.902,933.42,0.981233,0
16454,0,915.902,933.42,0.981233,0
16455,0,730.108,740.298,0.986235,0
16456,0,730.108,740.298,0.986235,0
16457,0,481.031,482.803,0.996329,0
16458,0,481.031,482.803,0.996329,0
16459,0,171.961,177.028,0.97138,0
16460,0,171.961,177.028,0.97138,0
16461,0,959.485,965.606,0.99366,0
16462,0,959.485,965.606,0.99366,0
16463,0,298.93,321.869,0.928731,0
16464,0,298.93,321.869,0.928731,0
16465,0,2248.038,2896.819,0.776037,0
16466,0,2248.038,2896.819,0.776037,0
16467,0,89.416,96.561,0.926009,0
16468,0,89.416,96.561,0.926009,0
16469,0,870.117,901.233,0.965475,0
16470,0,870.117,901.233,0.965475,0
16471,0,515.651,514.99,1.001284,0
16472,0,515.651,514.99,1.001284,0
16473,0,428.634,434.523,0.986448,0
16474,0,428.634,434.523,0.986448,0
16475,0,130.268,128.748,1.011811,0
16476,0,130.268,128.748,1.011811,0
16477,0,862.067,869.046,0.99197,0
16478,0,862.067,869.046,0.99197,0
16479,0,303.536,305.775,0.992677,0
16480,0,303.536,305.775,0.992677,0
16481,0,145.14,144.841,1.002064,0
16482,0,145.14,144.841,1.002064,0
16483,0,317.236,321.869,0.985608,0
16484,0,317.236,321.869,0.985608,0
16485,0,441.068,482.803,0.913556,0
16486,0,441.068,482.803,0.913556,0
16487,0,704.872,804.672,0.875974,0
16488,0,704.872,804.672,0.875974,0
16489,0,752.504,756.392,0.994861,0
16490,0,752.504,756.392,0.994861,0
16491,0,112.988,112.654,1.002966,0
16492,0,112.988,112.654,1.002966,0
16493,0,340.538,337.962,1.007623,0
16494,0,340.538,337.962,1.007623,0
16495,0,67.016,64.374,1.041049,0
16496,0,67.016,64.374,1.041049,0
16497,0,573.945,595.457,0.963873,0
16498,0,573.945,595.457,0.963873,0
16499,0,369.338,370.149,0.997808,0
16500,0,369.338,370.149,0.997808,0
16501,0,771.445,772.485,0.998654,0
16502,0,771.445,772.485,0.998654,0
16503,0,1428.33,1432.316,0.997217,0
16504,0,1428.33,1432.316,0.997217,0
16505,0,220.975,241.402,0.915383,0
16506,0,220.975,241.402,0.915383,0
16507,0,921.092,981.7,0.938263,0
16508,0,921.092,981.7,0.938263,0
16509,0,1475.098,1593.251,0.925842,0
16510,0,1475.098,1593.251,0.925842,0
16511,0,964.424,1094.354,0.881273,0
16512,0,964.424,1094.354,0.881273,0
16513,0,180.156,772.485,0.233216,0
16514,0,180.156,772.485,0.233216,0
16515,0,151.133,160.934,0.939097,0
16516,0,151.133,160.934,0.939097,0
16517,0,311.444,305.775,1.018539,0
16518,0,311.444,305.775,1.018539,0
16519,0,1604.53,1609.344,0.997009,0
16520,0,1604.53,1609.344,0.997009,0
16521,0,1339.524,1770.278,0.756674,0
16522,0,1339.524,1770.278,0.756674,0
16523,0,1998.414,2397.923,0.833394,0
16524,0,1998.414,2397.923,0.833394,0
16525,0,162.02,160.934,1.006746,0
16526,0,162.02,160.934,1.006746,0
16527,0,310.058,354.056,0.875733,0
16528,0,310.058,354.056,0.875733,0
16529,0,546.435,756.392,0.722424,0
16530,0,546.435,756.392,0.722424,0
16531,0,909.328,933.42,0.97419,0
16532,0,909.328,933.42,0.97419,0
16533,0,909.511,965.606,0.941907,0
16534,0,909.511,965.606,0.941907,0
16535,0,773.655,788.579,0.981075,0
16536,0,773.655,788.579,0.981075,0
16537,0,25.424,32.187,0.789872,0
16538,0,25.424,32.187,0.789872,0
16539,0,982.271,1319.662,0.744335,0
16540,0,982.271,1319.662,0.744335,0
16541,0,995.377,1126.541,0.883569,0
16542,0,995.377,1126.541,0.883569,0
16543,0,705.402,756.392,0.932589,0
16544,0,705.402,756.392,0.932589,0
16545,0,633.49,627.644,1.009313,0
16546,0,633.49,627.644,1.009313,0
16547,0,636.958,756.392,0.842101,0
16548,0,636.958,756.392,0.842101,0
16549,0,396.215,402.336,0.984786,0
16550,0,396.215,402.336,0.984786,0
16551,0,703.782,708.111,0.993886,0
16552,0,703.782,708.111,0.993886,0
16553,0,146.455,144.841,1.011147,0
16554,0,146.455,144.841,1.011147,0
16555,0,363.481,450.616,0.806632,0
16556,0,363.481,450.616,0.806632,0
16557,0,342.211,337.962,1.012572,0
16558,0,342.211,337.962,1.012572,0
16559,0,125.986,128.748,0.978547,0
16560,0,125.986,128.748,0.978547,0
16561,0,382.695,434.523,0.880726,0
16562,0,382.695,434.523,0.880726,0
16563,0,495.947,498.897,0.994089,0
16564,0,495.947,498.897,0.994089,0
16565,0,265.479,289.682,0.916451,0
16566,0,265.479,289.682,0.916451,0
16567,0,612.631,643.738,0.951678,0
16568,0,612.631,643.738,0.951678,0
16569,0,849.656,1303.569,0.651792,0
16570,0,849.656,1303.569,0.651792,0
16571,0,645.753,659.831,0.978664,0
16572,0,645.753,659.831,0.978664,0
16573,0,688.515,788.579,0.873109,0
16574,0,688.515,788.579,0.873109,0
16575,0,647.296,772.485,0.83794,0
16576,0,647.296,772.485,0.83794,0
16577,0,533.279,595.457,0.895578,0
16578,0,533.279,595.457,0.895578,0
16579,0,1332.481,1882.932,0.707663,0
16580,0,1332.481,1882.932,0.707663,0
16581,0,345.293,466.71,0.739846,0
16582,0,345.293,466.71,0.739846,0
16583,0,397.317,418.429,0.949544,0
16584,0,397.317,418.429,0.949544,0
16585,0,473.392,466.71,1.014318,0
16586,0,473.392,466.71,1.014318,0
16587,0,438.608,434.523,1.009402,0
16588,0,438.608,434.523,1.009402,0
16589,0,276.238,273.588,1.009684,0
16590,0,276.238,273.588,1.009684,0
16591,0,643.588,659.831,0.975383,0
16592,0,643.588,659.831,0.975383,0
16593,0,264.23,257.495,1.026154,0
16594,0,264.23,257.495,1.026154,0
16595,0,871.51,917.326,0.950055,0
16596,0,871.51,917.326,0.950055,0
16597,0,2052.133,2059.96,0.9962,0
16598,0,2052.133,2059.96,0.9962,0
16599,0,539.675,547.177,0.986289,0
16600,0,539.675,547.177,0.986289,0
16601,0,100.777,96.561,1.043665,0
16602,0,100.777,96.561,1.043665,0
16603,0,451.796,482.803,0.935776,0
16604,0,451.796,482.803,0.935776,0
16605,0,969.683,965.606,1.004222,0
16606,0,969.683,965.606,1.004222,0
16607,0,655.137,659.831,0.992886,0
16608,0,655.137,659.831,0.992886,0
16609,0,402.194,402.336,0.999647,0
16610,0,402.194,402.336,0.999647,0
16611,0,307.226,305.775,1.004745,0
16612,0,307.226,305.775,1.004745,0
16613,0,505.148,498.897,1.012531,0
16614,0,505.148,498.897,1.012531,0
16615,0,318.133,321.869,0.988393,0
16616,0,318.133,321.869,0.988393,0
16617,0,458.492,466.71,0.982392,0
16618,0,458.492,466.71,0.982392,0
16619,0,490.49,627.644,0.781478,0
16620,0,490.49,627.644,0.781478,0
16621,0,796.402,788.579,1.009921,0
16622,0,796.402,788.579,1.009921,0
16623,0,1640.082,1705.905,0.961415,0
16624,0,1640.082,1705.905,0.961415,0
16625,0,960.254,965.606,0.994457,0
16626,0,960.254,965.606,0.994457,0
16627,0,438.587,434.523,1.009354,0
16628,0,438.587,434.523,1.009354,0
16629,0,237.287,241.402,0.982957,0
16630,0,237.287,241.402,0.982957,0
16631,0,218.161,225.308,0.968277,0
16632,0,218.161,225.308,0.968277,0
16633,0,507.191,498.897,1.016625,0
16634,0,507.191,498.897,1.016625,0
16635,0,530.528,531.084,0.998954,0
16636,0,530.528,531.084,0.998954,0
16637,0,412.397,418.429,0.985583,0
16638,0,412.397,418.429,0.985583,0
16639,0,252.971,257.495,0.982431,0
16640,0,252.971,257.495,0.982431,0
16641,0,765.335,772.485,0.990744,0
16642,0,765.335,772.485,0.990744,0
16643,0,192.128,193.121,0.994856,0
16644,0,192.128,193.121,0.994856,0
16645,0,652.339,643.738,1.013361,0
16646,0,652.339,643.738,1.013361,0
16647,0,1300.584,1319.662,0.985543,0
16648,0,1300.584,1319.662,0.985543,0
16649,0,940.884,933.42,1.007997,0
16650,0,940.884,933.42,1.007997,0
16651,0,983.858,1110.447,0.886002,0
16652,0,983.858,1110.447,0.886002,0
16653,0,578.489,595.457,0.971504,0
16654,0,578.489,595.457,0.971504,0
16655,0,65.5,64.374,1.017495,0
16656,0,65.5,64.374,1.017495,0
16657,0,692.184,692.018,1.00024,0
16658,0,692.184,692.018,1.00024,0
16659,0,454.867,547.177,0.831298,0
16660,0,454.867,547.177,0.831298,0
16661,0,37.522,32.187,1.165759,0
16662,0,37.522,32.187,1.165759,0
16663,0,517.349,547.177,0.945488,0
16664,0,517.349,547.177,0.945488,0
16665,0,759.554,772.485,0.98326,0
16666,0,759.554,772.485,0.98326,0
16667,0,761.627,756.392,1.006921,0
16668,0,761.627,756.392,1.006921,0
16669,0,837.007,836.859,1.000177,0
16670,0,837.007,836.859,1.000177,0
16671,0,355.114,354.056,1.00299,0
16672,0,355.114,354.056,1.00299,0
16673,0,385.996,386.243,0.999362,0
16674,0,385.996,386.243,0.999362,0
16675,0,370.291,370.149,1.000384,0
16676,0,370.291,370.149,1.000384,0
16677,0,160.648,209.215,0.767861,0
16678,0,160.648,209.215,0.767861,0
16679,0,160.648,273.588,0.587188,0
16680,0,160.648,273.588,0.587188,0
16681,0,1282.309,1287.475,0.995987,0
16682,0,1282.309,1287.475,0.995987,0
16683,0,423.169,418.429,1.011326,0
16684,0,423.169,418.429,1.011326,0
16685,0,748.082,740.298,1.010515,0
16686,0,748.082,740.298,1.010515,0
16687,0,251.475,257.495,0.976622,0
16688,0,251.475,257.495,0.976622,0
16689,0,379.845,402.336,0.944099,0
16690,0,379.845,402.336,0.944099,0
16691,0,271.816,273.588,0.993523,0
16692,0,271.816,273.588,0.993523,0
16693,0,546.08,627.644,0.870047,0
16694,0,546.08,627.644,0.870047,0
16695,0,1695.528,1850.746,0.916132,0
16696,0,1695.528,1850.746,0.916132,0
16697,0,713.253,756.392,0.942968,0
16698,0,713.253,756.392,0.942968,0
16699,0,2522.267,2510.577,1.004656,0
16700,0,125.601,128.748,0.975564,0
16701,0,72.511,80.467,0.901124,0
16702,0,2442.39,2430.109,1.005054,0
16703,0,96.811,96.561,1.002594,0
16704,0,108.468,112.654,0.962838,0
16705,0,146.445,144.841,1.011073,0
16706,0,385.674,386.243,0.998529,0
16707,0,386.984,386.243,1.001919,0
16708,0,137.971,144.841,0.952568,0
16709,0,131.156,128.748,1.018704,0
16710,0,134.806,128.748,1.047056,0
16711,0,152.164,144.841,1.05056,0
16712,0,113.627,112.654,1.008634,0
16713,0,117.884,112.654,1.046426,0
16714,0,132.14,128.748,1.026351,0
16715,0,158.57,160.934,0.985305,0
16716,0,111.579,112.654,0.990455,0
16717,0,105.465,112.654,0.936184,0
16718,0,92.185,96.561,0.954682,0
16719,0,64.714,64.374,1.005288,0
16720,0,66.525,64.374,1.033425,0
16721,0,99.781,96.561,1.033354,0
16722,0,296.382,289.682,1.023129,0
16723,0,308.382,305.775,1.008526,0
16724,0,326.415,321.869,1.014125,0
16725,0,119.285,112.654,1.058858,0
16726,0,91.078,96.561,0.943218,0
16727,0,144.496,144.841,0.997616,0
16728,0,109.254,112.654,0.969814,0
16729,0,326.644,321.869,1.014837,0
16730,0,333.231,337.962,0.986,0
16731,0,96.368,96.561,0.998007,0
16732,0,100.885,96.561,1.044785,0
16733,0,190.013,209.215,0.908219,0
16734,0,338.693,337.962,1.002161,0
16735,0,335.86,337.962,0.993779,0
16736,0,97.962,96.561,1.014513,0
16737,0,91.342,96.561,0.945953,0
16738,0,301.505,305.775,0.986035,0
16739,0,333.672,337.962,0.987304,0
16740,0,109.14,112.654,0.968808,0
16741,0,123.686,128.748,0.960687,0
16742,0,101.772,96.561,1.053972,0
16743,0,132.112,128.748,1.026134,0
16744,0,303.882,305.775,0.993807,0
16745,0,100.416,96.561,1.039924,0
16746,0,122.379,128.748,0.950537,0
16747,0,117.194,112.654,1.040299,0
16748,0,115.152,112.654,1.02217,0
16749,0,127.418,128.748,0.989674,0
16750,0,123.186,128.748,0.956803,0
16751,0,159.543,160.934,0.991356,0
16752,0,103.69,96.561,1.073829,0
16753,0,134.275,128.748,1.042933,0
16754,0,372.318,370.149,1.005859,0
16755,0,99.302,96.561,1.028386,0
16756,0,558.041,563.27,0.990716,0
16757,0,190.263,193.121,0.985199,0
16758,0,118.246,193.121,0.612287,0
16759,0,230.206,241.402,0.953622,0
16760,0,306.092,305.775,1.001037,0
16761,0,213.742,273.588,0.781254,0
16762,0,183.987,177.028,1.039314,0
16763,0,484.7,482.803,1.003928,0
16764,0,127.159,193.121,0.658443,0
16765,0,120.083,112.654,1.065942,0
16766,0,99.397,96.561,1.029375,0
16767,0,71.604,64.374,1.112321,0
16768,0,135.396,128.748,1.051643,0
16769,0,105.05,112.654,0.932502,0
16770,0,146.024,144.841,1.008171,0
16771,0,110.782,112.654,0.983384,0
16772,0,235.225,241.402,0.974414,0
16773,0,297.726,289.682,1.027767,0
16774,0,178.59,177.028,1.008826,0
16775,0,273.617,273.588,1.000103,0
16776,0,204.75,209.215,0.978659,0
16777,0,183.466,177.028,1.036368,0
16778,0,195.051,193.121,1.009991,0
16779,0,88.837,96.561,0.92001,0
16780,0,166.332,160.934,1.03354,0
16781,0,276.324,273.588,1.009999,0
16782,0,448.543,450.616,0.995399,0
16783,0,174.088,177.028,0.983392,0
16784,0,509.768,514.99,0.98986,0
16785,0,222.917,225.308,0.989389,0
16786,0,233.137,225.308,1.034748,0
16787,0,263.722,257.495,1.024185,0
16788,0,162.2,160.934,1.007864,0
16789,0,224.179,225.308,0.99499,0
16790,0,296.07,289.682,1.022051,0
16791,0,227.135,225.308,1.008108,0
16792,0,424.811,434.523,0.977649,0
16793,0,458.848,466.71,0.983154,0
16794,0,238.878,241.402,0.989544,0
16795,0,191.596,193.121,0.992104,0
16796,0,139.416,144.841,0.962544,0
16797,0,127.207,128.748,0.988031,0
16798,0,314.256,305.775,1.027736,0
16799,0,293.294,289.682,1.012469,0
16800,0,216.768,209.215,1.036104,0
16801,0,320.735,321.869,0.996478,0
16802,0,272.925,273.588,0.997574,0
16803,0,222.389,225.308,0.987042,0
16804,0,103.258,273.588,0.377422,0
16805,0,229.939,225.308,1.020554,0
16806,0,112.211,112.654,0.996068,0
16807,0,127.039,128.748,0.986729,0
16808,0,98.032,96.561,1.015233,0
16809,0,149.683,144.841,1.033432,0
16810,0,607.507,611.551,0.993389,0
16811,0,112.997,112.654,1.00304,0
16812,0,142.104,144.841,0.981102,0
16813,0,189.24,193.121,0.979904,0
16814,0,102.416,96.561,1.06064,0
16815,0,193.197,193.121,1.00039,0
16816,0,126.673,128.748,0.983884,0
16817,0,135.814,128.748,1.054889,0
16818,0,158.789,160.934,0.986672,0
16819,0,170.045,177.028,0.960558,0
16820,0,104.296,96.561,1.080109,0
16821,0,345.687,354.056,0.976362,0
16822,0,383.667,386.243,0.993331,0
16823,0,115.599,112.654,1.026137,0
16824,0,128.4,128.748,0.997299,0
16825,0,260.519,257.495,1.011743,0
16826,0,231.639,225.308,1.028099,0
16827,0,93.216,96.561,0.965357,0
16828,0,120.431,112.654,1.069031,0
16829,0,115.878,112.654,1.028617,0
16830,0,108.997,112.654,0.967538,0
16831,0,123.645,128.748,0.96037,0
16832,0,129.841,128.748,1.008492,0
16833,0,119.614,112.654,1.061784,0
16834,0,109.123,112.654,0.96866,0
16835,0,145.691,144.841,1.005866,0
16836,0,125.63,128.748,0.975786,0
16837,0,184.92,177.028,1.044581,0
16838,0,188.512,193.121,0.976133,0
16839,0,173.008,177.028,0.977292,0
16840,0,180.048,177.028,1.017063,0
16841,0,225.436,225.308,1.000566,0
16842,0,240.258,241.402,0.995262,0
16843,0,111.687,112.654,0.991415,0
16844,0,117.477,112.654,1.042812,0
16845,0,192.775,193.121,0.998209,0
16846,0,198.087,193.121,1.025713,0
16847,0,217.427,225.308,0.965021,0
16848,0,200.162,193.121,1.036458,0
16849,0,143.91,144.841,0.993575,0
16850,0,169.161,177.028,0.955562,0
16851,0,104.234,96.561,1.079471,0
16852,0,167.085,160.934,1.038218,0
16853,0,179.817,177.028,1.015756,0
16854,0,110.067,112.654,0.977034,0
16855,0,229.828,225.308,1.020062,0
16856,0,146.372,144.841,1.010572,0
16857,0,183.753,177.028,1.037988,0
16858,0,109.283,112.654,0.970074,0
16859,0,252.794,257.495,0.981743,0
16860,0,245.27,241.402,1.016024,0
16861,0,120.962,128.748,0.939528,0
16862,0,121.027,128.748,0.940035,0
16863,0,118.682,112.654,1.053507,0
16864,0,147.762,144.841,1.020165,0
16865,0,107.544,112.654,0.954636,0
16866,0,135.395,128.748,1.05163,0
16867,0,133.907,128.748,1.040075,0
16868,0,309.701,305.775,1.012837,0
16869,0,250.186,257.495,0.971616,0
16870,0,306.362,305.775,1.00192,0
16871,0,227.237,225.308,1.008559,0
16872,0,148.062,144.841,1.022239,0
16873,0,118.155,112.654,1.048826,0
16874,0,65.323,64.374,1.014741,0
16875,0,48.584,48.28,1.006292,0
16876,0,97.585,96.561,1.010604,0
16877,0,127.986,128.748,0.994082,0
16878,0,113.811,112.654,1.010273,0
16879,0,99.845,96.561,1.034013,0
16880,0,117.864,112.654,1.04625,0
16881,0,112.175,112.654,0.99575,0
16882,0,148.147,144.841,1.022823,0
16883,0,174.798,177.028,0.987405,0
16884,0,134.503,128.748,1.044705,0
16885,0,95.704,96.561,0.991132,0
16886,0,95.091,96.561,0.984784,0
16887,0,104.927,112.654,0.931408,0
16888,0,112.416,112.654,0.997891,0
16889,0,111.41,112.654,0.988959,0
16890,0,93.952,96.561,0.972985,0
16891,0,113.128,112.654,1.004206,0
16892,0,94.083,96.561,0.974339,0
16893,0,119.972,112.654,1.064963,0
16894,0,136.84,128.748,1.062858,0
16895,0,403.382,402.336,1.002599,0
16896,0,165.821,160.934,1.030363,0
16897,0,124.0,128.748,0.963123,0
16898,0,133.007,128.748,1.033083,0
16899,0,115.982,112.654,1.029543,0
16900,0,115.044,112.654,1.021215,0
16901,0,126.556,128.748,0.982978,0
16902,0,120.557,112.654,1.070153,0
16903,0,213.96,209.215,1.022681,0
16904,0,211.654,209.215,1.011657,0
16905,0,176.751,177.028,0.998435,0
16906,0,133.292,128.748,1.035295,0
16907,0,184.754,177.028,1.043641,0
16908,0,304.65,305.775,0.996321,0
16909,0,164.317,160.934,1.021018,0
16910,0,36.342,32.187,1.129079,0
16911,0,107.314,112.654,0.952598,0
16912,0,88.445,80.467,1.099147,0
16913,0,105.77,112.654,0.938895,0
16914,0,152.801,144.841,1.05496,0
16915,0,117.836,112.654,1.046001,0
16916,0,129.723,128.748,1.007579,0
16917,0,119.515,112.654,1.060903,0
16918,0,256.506,257.495,0.996158,0
16919,0,426.632,434.523,0.98184,0
16920,0,415.239,418.429,0.992375,0
16921,0,224.875,225.308,0.998077,0
16922,0,204.129,209.215,0.975693,0
16923,0,151.806,144.841,1.048086,0
16924,0,128.598,128.748,0.998839,0
16925,0,356.731,354.056,1.007557,0
16926,0,98.447,96.561,1.019532,0
16927,0,260.874,257.495,1.013124,0
16928,0,571.914,595.457,0.960461,0
16929,0,196.68,193.121,1.01843,0
16930,0,228.433,225.308,1.013869,0
16931,0,183.211,177.028,1.034925,0
16932,0,177.74,177.028,1.004025,0
16933,0,149.961,144.841,1.035352,0
16934,0,139.432,144.841,0.962658,0
16935,0,174.872,177.028,0.987822,0
16936,0,272.811,273.588,0.997158,0
16937,0,295.481,289.682,1.020019,0
16938,0,504.053,498.897,1.010335,0
16939,0,106.055,112.654,0.941419,0
16940,0,98.29,96.561,1.017907,0
16941,0,104.891,96.561,1.086274,0
16942,0,97.521,96.561,1.009948,0
16943,0,105.757,112.654,0.938774,0
16944,0,118.834,112.654,1.054857,0
16945,0,129.566,128.748,1.006359,0
16946,0,166.672,160.934,1.035653,0
16947,0,177.65,177.028,1.003517,0
16948,0,240.533,241.402,0.996404,0
16949,0,278.225,273.588,1.016948,0
16950,0,144.198,144.841,0.995562,0
16951,0,107.657,209.215,0.514578,0
16952,0,367.88,370.149,0.993869,0
16953,0,317.922,321.869,0.987737,0
16954,0,180.593,177.028,1.020138,0
16955,0,151.622,144.841,1.046814,0
16956,0,126.696,128.748,0.984065,0
16957,0,284.471,289.682,0.982011,0
16958,0,91.465,96.561,0.947227,0
16959,0,98.324,96.561,1.018267,0
16960,0,227.824,225.308,1.011165,0
16961,0,274.79,273.588,1.00439,0
16962,0,286.622,289.682,0.989436,0
16963,0,145.948,144.841,1.007644,0
16964,0,81.076,80.467,1.007564,0
16965,0,88.146,80.467,1.095427,0
16966,0,121.865,128.748,0.946546,0
16967,0,152.35,144.841,1.051845,0
16968,0,108.138,112.654,0.959909,0
16969,0,278.381,273.588,1.017517,0
16970,0,111.868,112.654,0.993024,0
16971,0,126.579,128.748,0.983154,0
16972,0,116.659,112.654,1.035548,0
16973,0,106.184,112.654,0.942569,0
16974,0,81.755,80.467,1.015998,0
16975,0,94.165,96.561,0.97519,0
16976,0,108.95,112.654,0.967116,0
16977,0,150.567,144.841,1.039535,0
16978,0,130.502,128.748,1.013629,0
16979,0,110.148,112.654,0.977757,0
16980,0,111.424,112.654,0.989083,0
16981,0,111.109,112.654,0.98628,0
16982,0,122.323,128.748,0.950103,0
16983,0,113.304,112.654,1.005772,0
16984,0,195.834,193.121,1.014048,0
16985,0,127.245,128.748,0.988333,0
16986,0,124.867,128.748,0.969859,0
16987,0,107.646,112.654,0.955548,0
16988,0,118.583,112.654,1.052632,0
16989,0,202.915,209.215,0.96989,0
16990,0,303.546,305.775,0.99271,0
16991,0,151.291,144.841,1.044533,0
16992,0,152.166,144.841,1.050576,0
16993,0,57.8,64.374,0.897889,0
16994,0,134.397,128.748,1.043884,0
16995,0,127.689,128.748,0.991777,0
16996,0,146.276,144.841,1.009908,0
16997,0,124.103,128.748,0.963925,0
16998,0,89.096,96.561,0.922696,0
16999,0,145.155,144.841,1.002167,0
17000,0,83.623,80.467,1.039218,0
17001,0,191.859,193.121,0.993462,0
17002,0,130.244,128.748,1.011623,0
17003,0,505.381,531.084,0.951603,0
17004,0,228.25,225.308,1.013057,0
17005,0,141.452,144.841,0.976602,0
17006,0,112.258,112.654,0.996487,0
17007,0,138.414,144.841,0.955624,0
17008,0,108.099,112.654,0.959566,0
17009,0,108.135,112.654,0.959887,0
17010,0,185.885,193.121,0.962531,0
17011,0,183.229,177.028,1.035031,0
17012,0,381.437,386.243,0.987558,0
17013,0,386.057,386.243,0.99952,0
17014,0,267.88,273.588,0.979133,0
17015,0,252.613,257.495,0.981039,0
17016,0,146.201,144.841,1.00939,0
17017,0,181.131,177.028,1.023176,0
17018,0,153.534,160.934,0.954013,0
17019,0,100.335,96.561,1.03909,0
17020,0,220.476,225.308,0.978555,0
17021,0,269.981,273.588,0.986814,0
17022,0,230.898,225.308,1.024809,0
17023,0,239.463,241.402,0.991971,0
17024,0,167.551,160.934,1.041113,0
17025,0,255.398,257.495,0.991857,0
17026,0,227.115,225.308,1.00802,0
17027,0,78.314,80.467,0.973239,0
17028,0,313.885,321.869,0.975196,0
17029,0,758.373,756.392,1.002619,0
17030,0,324.624,321.869,1.00856,0
17031,0,354.109,354.056,1.00015,0
17032,0,425.586,418.429,1.017104,0
17033,0,507.515,514.99,0.985486,0
17034,0,275.137,273.588,1.005661,0
17035,0,483.465,482.803,1.00137,0
17036,0,476.06,482.803,0.986034,0
17037,0,513.038,514.99,0.99621,0
17038,0,360.579,354.056,1.018424,0
17039,0,302.302,305.775,0.98864,0
17040,0,310.953,305.775,1.016932,0
17041,0,368.471,370.149,0.995466,0
17042,0,339.642,337.962,1.00497,0
17043,0,226.299,225.308,1.004398,0
17044,0,151.281,144.841,1.044459,0
17045,0,468.048,466.71,1.002868,0
17046,0,470.192,547.177,0.859305,0
17047,0,222.53,225.308,0.98767,0
17048,0,361.765,370.149,0.977351,0
17049,0,228.151,241.402,0.94511,0
17050,0,125.441,128.748,0.974318,0
17051,0,72.883,209.215,0.348365,0
17052,0,293.908,305.775,0.961191,0
17053,0,209.492,209.215,1.001326,0
17054,0,551.069,547.177,1.007114,0
17055,0,200.287,193.121,1.037105,0
17056,0,180.484,177.028,1.019525,0
17057,0,170.173,177.028,0.96128,0
17058,0,182.036,177.028,1.028293,0
17059,0,198.968,193.121,1.030273,0
17060,0,175.355,177.028,0.990548,0
17061,0,142.474,144.841,0.983659,0
17062,0,135.584,128.748,1.053097,0
17063,0,175.915,177.028,0.993713,0
17064,0,180.539,177.028,1.019837,0
17065,0,193.886,193.121,1.003958,0
17066,0,146.588,144.841,1.012061,0
17067,0,164.258,160.934,1.020651,0
17068,0,201.997,209.215,0.965499,0
17069,0,405.787,402.336,1.008578,0
17070,0,341.665,337.962,1.010956,0
17071,0,190.478,193.121,0.986311,0
17072,0,132.992,128.748,1.032971,0
17073,0,261.115,257.495,1.014057,0
17074,0,225.243,225.308,0.999709,0
17075,0,199.201,193.121,1.031484,0
17076,0,185.391,193.121,0.959973,0
17077,0,264.477,273.588,0.966697,0
17078,0,297.094,289.682,1.025586,0
17079,0,257.587,257.495,1.000356,0
17080,0,206.757,209.215,0.988255,0
17081,0,226.408,225.308,1.004879,0
17082,0,199.16,193.121,1.03127,0
17083,0,191.544,193.121,0.991834,0
17084,0,219.027,225.308,0.97212,0
17085,0,159.814,160.934,0.993041,0
17086,0,112.618,112.654,0.999681,0
17087,0,162.594,160.934,1.010315,0
17088,0,157.515,160.934,0.978754,0
17089,0,227.699,225.308,1.010614,0
17090,0,229.756,225.308,1.01974,0
17091,0,211.892,209.215,1.012795,0
17092,0,218.289,225.308,0.968847,0
17093,0,194.566,193.121,1.00748,0
17094,0,208.147,209.215,0.994894,0
17095,0,174.572,177.028,0.986126,0
17096,0,112.322,112.654,0.997051,0
17097,0,312.98,305.775,1.02356,0
17098,0,275.243,273.588,1.006048,0
17099,0,205.149,209.215,0.980564,0
17100,0,187.688,193.121,0.971865,0
17101,0,296.391,289.682,1.02316,0
17102,0,247.539,241.402,1.025425,0
17103,0,230.303,225.308,1.022168,0
17104,0,218.372,225.308,0.969217,0
17105,0,101.014,112.654,0.896673,0
17106,0,243.378,241.402,1.008185,0
17107,0,239.409,241.402,0.991744,0
17108,0,302.346,305.775,0.988784,0
17109,0,236.921,241.402,0.981438,0
17110,0,229.083,225.308,1.016753,0
17111,0,182.19,177.028,1.029163,0
17112,0,144.057,144.841,0.994588,0
17113,0,210.788,209.215,1.007518,0
17114,0,234.963,241.402,0.97333,0
17115,0,140.311,144.841,0.968726,0
17116,0,109.903,112.654,0.97558,0
17117,0,92.548,96.561,0.958442,0
17118,0,797.823,852.952,0.935367,0
17119,0,294.107,289.682,1.015276,0
17120,0,279.329,273.588,1.020981,0
17121,0,264.534,257.495,1.027337,0
17122,0,317.387,321.869,0.986075,0
17123,0,293.307,289.682,1.012514,0
17124,0,290.823,289.682,1.00394,0
17125,0,462.595,466.71,0.991182,0
17126,0,533.567,531.084,1.004677,0
17127,0,593.958,595.457,0.997482,0
17128,0,534.061,531.084,1.005606,0
17129,0,424.483,418.429,1.014468,0
17130,0,385.222,386.243,0.997357,0
17131,0,424.67,418.429,1.014914,0
17132,0,479.394,482.803,0.992939,0
17133,0,279.955,273.588,1.02327,0
17134,0,127.822,128.748,0.992811,0
17135,0,265.725,257.495,1.031963,0
17136,0,208.658,209.215,0.997339,0
17137,0,215.342,209.215,1.029289,0
17138,0,88.682,96.561,0.918403,0
17139,0,226.081,225.308,1.003432,0
17140,0,213.293,209.215,1.019492,0
17141,0,590.504,595.457,0.991681,0
17142,0,686.812,692.018,0.992478,0
17143,0,520.547,514.99,1.010791,0
17144,0,529.502,531.084,0.997022,0
17145,0,355.222,354.056,1.003293,0
17146,0,316.014,321.869,0.981809,0
17147,0,669.51,659.831,1.014669,0
17148,0,554.531,547.177,1.013439,0
17149,0,479.717,482.803,0.993607,0
17150,0,440.391,434.523,1.013504,0
17151,0,486.807,482.803,1.008293,0
17152,0,525.102,531.084,0.988736,0
17153,0,374.742,370.149,1.012409,0
17154,0,419.567,418.429,1.002717,0
17155,0,294.82,289.682,1.017736,0
17156,0,351.891,354.056,0.993885,0
17157,0,351.759,354.056,0.993514,0
17158,0,350.837,354.056,0.99091,0
17159,0,160.912,160.934,0.999859,0
17160,0,127.647,128.748,0.991453,0
17161,0,131.785,128.748,1.023593,0
17162,0,228.709,225.308,1.015092,0
17163,0,87.354,80.467,1.08558,0
17164,0,325.347,321.869,1.010806,0
17165,0,738.639,740.298,0.997758,0
17166,0,323.011,321.869,1.003548,0
17167,0,98.548,96.561,1.020579,0
17168,0,119.664,112.654,1.062228,0
17169,0,153.447,160.934,0.953474,0
17170,0,147.154,144.841,1.015967,0
17171,0,165.851,160.934,1.03055,0
17172,0,130.21,128.748,1.011362,0
17173,0,171.347,177.028,0.96791,0
17174,0,207.771,209.215,0.9931,0
17175,0,245.8,241.402,1.018222,0
17176,0,83.728,209.215,0.400204,0
17177,0,218.239,225.308,0.968624,0
17178,0,147.549,144.841,1.018696,0
17179,0,195.533,193.121,1.01249,0
17180,0,122.641,128.748,0.95257,0
17181,0,101.628,96.561,1.052475,0
17182,0,203.018,209.215,0.970379,0
17183,0,194.083,193.121,1.004982,0
17184,0,189.185,193.121,0.979616,0
17185,0,188.137,193.121,0.974193,0
17186,0,182.621,177.028,1.031597,0
17187,0,197.217,193.121,1.021209,0
17188,0,178.166,177.028,1.006427,0
17189,0,167.768,160.934,1.042463,0
17190,0,148.441,144.841,1.024856,0
17191,0,143.225,144.841,0.98884,0
17192,0,104.951,112.654,0.931626,0
17193,0,208.985,209.215,0.998903,0
17194,0,134.323,128.748,1.043302,0
17195,0,92.25,96.561,0.955363,0
17196,0,96.056,96.561,0.994771,0
17197,0,143.038,144.841,0.987553,0
17198,0,120.208,112.654,1.067054,0
17199,0,110.804,112.654,0.983575,0
17200,0,177.427,177.028,1.002253,0
17201,0,119.936,112.654,1.06464,0
17202,0,160.814,160.934,0.99925,0
17203,0,365.555,370.149,0.987589,0
17204,0,86.828,80.467,1.079052,0
17205,0,205.938,209.215,0.984336,0
17206,0,139.389,144.841,0.96236,0
17207,0,176.387,177.028,0.996381,0
17208,0,144.34,144.841,0.99654,0
17209,0,151.129,144.841,1.043415,0
17210,0,197.154,193.121,1.020883,0
17211,0,198.647,193.121,1.028614,0
17212,0,150.826,144.841,1.041324,0
17213,0,168.852,160.934,1.049199,0
17214,0,151.088,144.841,1.043129,0
17215,0,185.18,177.028,1.046049,0
17216,0,167.145,160.934,1.038588,0
17217,0,215.246,209.215,1.028827,0
17218,0,242.778,241.402,1.005703,0
17219,0,236.769,241.402,0.98081,0
17220,0,218.461,225.308,0.969608,0
17221,0,198.042,193.121,1.025478,0
17222,0,185.039,177.028,1.045255,0
17223,0,165.768,160.934,1.030036,0
17224,0,185.669,193.121,0.961412,0
17225,0,213.377,209.215,1.019893,0
17226,0,221.234,225.308,0.981915,0
17227,0,176.832,177.028,0.998896,0
17228,0,190.077,193.121,0.984238,0
17229,0,189.878,193.121,0.983206,0
17230,0,229.304,225.308,1.017736,0
17231,0,379.406,386.243,0.982301,0
17232,0,209.495,209.215,1.00134,0
17233,0,280.508,273.588,1.025292,0
17234,0,211.338,209.215,1.01015,0
17235,0,247.352,241.402,1.024649,0
17236,0,191.971,193.121,0.994042,0
17237,0,111.679,112.654,0.991343,0
17238,0,119.241,112.654,1.058473,0
17239,0,385.567,386.243,0.998251,0
17240,0,363.552,370.149,0.982177,0
17241,0,558.206,563.27,0.991008,0
17242,0,559.505,563.27,0.993316,0
17243,0,720.833,724.205,0.995344,0
17244,0,741.141,740.298,1.001138,0
17245,0,588.707,595.457,0.988664,0
17246,0,602.322,595.457,1.011529,0
17247,0,312.335,305.775,1.021452,0
17248,0,319.404,321.869,0.992343,0
17249,0,462.979,466.71,0.992005,0
17250,0,431.123,434.523,0.992175,0
17251,0,476.8,482.803,0.987566,0
17252,0,427.377,434.523,0.983555,0
17253,0,469.22,466.71,1.005379,0
17254,0,330.082,321.869,1.025517,0
17255,0,550.644,547.177,1.006336,0
17256,0,511.121,514.99,0.992487,0
17257,0,536.334,531.084,1.009886,0
17258,0,514.453,514.99,0.998957,0
17259,0,530.747,531.084,0.999366,0
17260,0,488.589,482.803,1.011984,0
17261,0,474.897,466.71,1.017542,0
17262,0,417.69,418.429,0.998234,0
17263,0,645.149,643.738,1.002192,0
17264,0,450.975,450.616,1.000797,0
17265,0,436.256,434.523,1.003988,0
17266,0,401.655,402.336,0.998308,0
17267,0,490.054,482.803,1.015019,0
17268,0,577.767,579.364,0.997244,0
17269,0,507.075,514.99,0.98463,0
17270,0,558.087,563.27,0.990797,0
17271,0,487.092,482.803,1.008882,0
17272,0,502.121,498.897,1.006463,0
17273,0,300.04,305.775,0.981242,0
17274,0,203.039,209.215,0.970481,0
17275,0,239.594,241.402,0.992511,0
17276,0,1284.749,1303.569,0.985563,0
17277,0,315.749,321.869,0.980987,0
17278,0,448.785,450.616,0.995936,0
17279,0,501.72,498.897,1.005659,0
17280,0,615.466,611.551,1.006403,0
17281,0,351.354,354.056,0.992371,0
17282,0,368.116,370.149,0.994507,0
17283,0,396.898,402.336,0.986484,0
17284,0,394.231,386.243,1.020682,0
17285,0,182.727,177.028,1.032193,0
17286,0,183.89,177.028,1.038765,0
17287,0,451.89,450.616,1.002826,0
17288,0,251.8,257.495,0.977882,0
17289,0,514.67,514.99,0.999378,0
17290,0,541.243,547.177,0.989155,0
17291,0,417.48,418.429,0.997731,0
17292,0,442.187,434.523,1.017637,0
17293,0,573.106,579.364,0.989199,0
17294,0,586.557,579.364,1.012416,0
17295,0,524.232,514.99,1.017946,0
17296,0,522.021,514.99,1.013652,0
17297,0,636.979,627.644,1.014873,0
17298,0,643.276,643.738,0.999284,0
17299,0,515.983,514.99,1.001928,0
17300,0,529.435,531.084,0.996896,0
17301,0,596.853,595.457,1.002345,0
17302,0,606.312,611.551,0.991434,0
17303,0,457.012,450.616,1.014193,0
17304,0,475.683,466.71,1.019226,0
17305,0,416.056,418.429,0.994328,0
17306,0,422.282,418.429,1.009207,0
17307,0,309.367,305.775,1.011746,0
17308,0,314.219,321.869,0.976234,0
17309,0,277.637,273.588,1.014796,0
17310,0,279.86,273.588,1.022924,0
17311,0,514.174,514.99,0.998415,0
17312,0,413.509,418.429,0.98824,0
17313,0,406.985,402.336,1.011556,0
17314,0,387.236,386.243,1.002572,0
17315,0,417.253,418.429,0.997188,0
17316,0,417.021,418.429,0.996633,0
17317,0,400.855,402.336,0.99632,0
17318,0,399.91,402.336,0.99397,0
17319,0,420.398,418.429,1.004706,0
17320,0,429.71,434.523,0.988924,0
17321,0,380.107,386.243,0.984114,0
17322,0,399.646,402.336,0.993314,0
17323,0,438.918,434.523,1.010116,0
17324,0,453.07,450.616,1.005446,0
17325,0,323.204,321.869,1.004149,0
17326,0,345.167,337.962,1.021319,0
17327,0,178.683,177.028,1.009352,0
17328,0,188.382,193.121,0.975461,0
17329,0,200.762,193.121,1.039564,0
17330,0,209.237,209.215,1.000107,0
17331,0,487.109,482.803,1.008917,0
17332,0,111.703,112.654,0.991561,0
17333,0,116.352,112.654,1.032825,0
17334,0,162.475,160.934,1.009574,0
17335,0,264.737,257.495,1.028126,0
17336,0,185.022,177.028,1.045159,0
17337,0,172.78,177.028,0.976007,0
17338,0,301.726,305.775,0.986758,0
17339,0,272.866,273.588,0.997358,0
17340,0,279.85,273.588,1.022885,0
17341,0,188.681,193.121,0.97701,0
17342,0,470.064,466.71,1.007187,0
17343,0,110.889,112.654,0.984333,0
17344,0,348.855,354.056,0.98531,0
17345,0,128.767,128.748,1.000152,0
17346,0,283.812,289.682,0.979736,0
17347,0,46.152,48.28,0.955923,0
17348,0,46.152,48.28,0.955923,0
17349,0,81.647,80.467,1.014666,0
17350,0,81.647,80.467,1.014666,0
17351,0,266.372,273.588,0.973622,0
17352,0,572.422,579.364,0.988017,0
17353,0,121.772,128.748,0.94582,0
17354,0,412.273,418.429,0.985288,0
17355,0,118.93,112.654,1.05571,0
17356,0,196.621,193.121,1.018122,0
17357,0,464.859,466.71,0.996035,0
17358,0,764.014,772.485,0.989034,0
17359,0,296.669,305.775,0.97022,0
17360,0,460.729,482.803,0.95428,0
17361,0,262.628,273.588,0.959938,0
17362,0,105.102,257.495,0.408172,0
17363,0,303.147,337.962,0.896986,0
17364,0,155.421,160.934,0.965744,0
17365,0,144.011,144.841,0.994268,0
17366,0,172.095,177.028,0.972133,0
17367,0,174.513,177.028,0.985796,0
17368,0,136.424,128.748,1.059626,0
17369,0,136.424,128.748,1.059626,0
17370,0,186.185,193.121,0.964082,0
17371,0,186.185,193.121,0.964082,0
17372,0,193.66,193.121,1.002788,0
17373,0,289.149,305.775,0.945626,0
17374,0,494.417,498.897,0.991022,0
17375,0,81.216,80.467,1.009309,0
17376,0,116.151,289.682,0.400961,0
17377,0,212.26,225.308,0.942088,0
17378,0,85.287,112.654,0.757074,0
17379,0,85.287,112.654,0.757074,0
17380,0,128.601,144.841,0.887877,0
17381,0,128.601,144.841,0.887877,0
17382,0,281.048,273.588,1.027266,0
17383,0,367.059,386.243,0.950333,0
17384,0,367.059,386.243,0.950333,0
17385,0,177.142,177.028,1.000643,0
17386,0,177.142,177.028,1.000643,0
17387,0,1043.171,1046.074,0.997225,0
17388,0,985.309,981.7,1.003676,0
17389,0,490.529,482.803,1.016003,0
17390,0,599.508,611.551,0.980308,0
17391,0,766.359,772.485,0.99207,0
17392,0,781.718,772.485,1.011952,0
17393,0,350.102,354.056,0.988833,0
17394,0,428.771,531.084,0.807351,0
17395,0,298.689,305.775,0.976825,0
17396,0,385.015,402.336,0.956948,0
17397,0,653.743,772.485,0.846285,0
17398,0,371.688,370.149,1.004158,0
17399,0,257.501,257.495,1.000024,0
17400,0,641.889,643.738,0.997129,0
17401,0,677.33,675.924,1.002079,0
17402,0,537.83,531.084,1.012704,0
17403,0,531.402,531.084,1.0006,0
17404,0,160.473,160.934,0.997131,0
17405,0,1013.509,1013.887,0.999627,0
17406,0,696.956,708.111,0.984247,0
17407,0,127.182,3379.622,0.037632,0
17408,0,983.686,981.7,1.002023,0
17409,0,983.686,981.7,1.002023,0
17410,0,1202.203,1223.101,0.982914,0
17411,0,1202.203,1223.101,0.982914,0
17412,0,304.38,305.775,0.995437,0
17413,0,304.38,305.775,0.995437,0
17414,0,197.08,193.121,1.0205,0
17415,0,197.08,193.121,1.0205,0
17416,0,180.512,177.028,1.01968,0
17417,0,223.807,225.308,0.993338,0
17418,0,226.431,225.308,1.004986,0
17419,0,57.868,64.374,0.898939,0
17420,0,40.797,48.28,0.845009,0
17421,0,128.787,128.748,1.00031,0
17422,0,132.531,128.748,1.029386,0
17423,0,80.818,80.467,1.004355,0
17424,0,131.231,128.748,1.019292,0
17425,0,340.329,337.962,1.007003,0
17426,0,116.644,112.654,1.035417,0
17427,0,113.173,112.654,1.004611,0
17428,0,507.27,498.897,1.016784,0
17429,0,53.301,48.28,1.103982,0
17430,0,263.724,257.495,1.02419,0
17431,0,97.982,96.561,1.014725,0
17432,0,55.92,48.28,1.158233,0
17433,0,81.731,80.467,1.015702,0
17434,0,182.855,177.028,1.032916,0
17435,0,219.238,225.308,0.97306,0
17436,0,262.406,257.495,1.019071,0
17437,0,219.212,225.308,0.972943,0
17438,0,31.158,32.187,0.96802,0
17439,0,151.253,144.841,1.044266,0
17440,0,165.963,160.934,1.031244,0
17441,0,340.717,337.962,1.008151,0
17442,0,208.807,209.215,0.998049,0
17443,0,491.001,482.803,1.01698,0
17444,0,871.608,869.046,1.002948,0
17445,0,725.633,724.205,1.001972,0
17446,0,823.589,836.859,0.984143,0
17447,0,534.368,531.084,1.006185,0
17448,0,507.767,514.99,0.985975,0
17449,0,360.07,354.056,1.016986,0
17450,0,331.545,337.962,0.981013,0
17451,0,326.536,321.869,1.014499,0
17452,0,284.28,289.682,0.981352,0
17453,0,294.721,289.682,1.017394,0
17454,0,298.02,305.775,0.974636,0
17455,0,244.149,241.402,1.011382,0
17456,0,497.155,498.897,0.996509,0
17457,0,306.873,305.775,1.003591,0
17458,0,208.926,209.215,0.998622,0
17459,0,134.136,128.748,1.041853,0
17460,0,98.558,96.561,1.020681,0
17461,0,327.961,321.869,1.018928,0
17462,0,532.89,531.084,1.003401,0
17463,0,502.725,498.897,1.007673,0
17464,0,226.654,225.308,1.005973,0
17465,0,283.655,289.682,0.979195,0
17466,0,429.01,434.523,0.987313,0
17467,0,58.433,64.374,0.907707,0
17468,0,341.23,337.962,1.009668,0
17469,0,39.437,32.187,1.225235,1
17470,0,31.857,32.187,0.98975,0
17471,0,259.643,257.495,1.008341,0
17472,0,197.875,193.121,1.024615,0
17473,0,256.984,257.495,0.998015,0
17474,0,231.55,225.308,1.027703,0
17475,0,248.888,241.402,1.03101,0
17476,0,246.165,241.402,1.019731,0
17477,0,251.762,257.495,0.977734,0
17478,0,335.634,337.962,0.993111,0
17479,0,207.77,209.215,0.993093,0
17480,0,130.289,128.748,1.011975,0
17481,0,70.547,64.374,1.0959,0
17482,0,284.185,289.682,0.981025,0
17483,0,91.877,96.561,0.951495,0
17484,0,621.502,627.644,0.990214,0
17485,0,310.716,305.775,1.016157,0
17486,0,328.855,321.869,1.021704,0
17487,0,92.384,96.561,0.956743,0
17488,0,312.967,305.775,1.023519,0
17489,0,108.15,112.654,0.960016,0
17490,0,235.013,241.402,0.973537,0
17491,0,283.375,289.682,0.978227,0
17492,0,120.03,112.654,1.065477,0
17493,0,259.42,257.495,1.007477,0
17494,0,466.693,466.71,0.999964,0
17495,0,522.885,514.99,1.01533,0
17496,0,358.658,354.056,1.012999,0
17497,0,295.344,289.682,1.019546,0
17498,0,206.518,209.215,0.987111,0
17499,0,398.931,418.429,0.953401,0
17500,0,202.733,209.215,0.96902,0
17501,0,144.898,144.841,1.000394,0
17502,0,277.274,273.588,1.013472,0
17503,0,492.462,498.897,0.987103,0
17504,0,152.316,144.841,1.051606,0
17505,0,181.286,177.028,1.024052,0
17506,0,48.005,48.28,0.9943,0
17507,0,115.142,112.654,1.022087,0
17508,0,540.67,547.177,0.988108,0
17509,0,276.241,273.588,1.009696,0
17510,0,68.668,64.374,1.066709,0
17511,0,60.799,64.374,0.944467,0
17512,0,443.117,450.616,0.983357,0
17513,0,145.509,144.841,1.004613,0
17514,0,307.327,305.775,1.005075,0
17515,0,707.769,724.205,0.977305,0
17516,0,526.994,531.084,0.9923,0
17517,0,481.846,482.803,0.998017,0
17518,0,155.109,885.139,0.175237,0
17519,0,553.437,547.177,1.01144,0
17520,0,270.863,273.588,0.990037,0
17521,0,239.73,241.402,0.993075,0
17522,0,245.924,241.402,1.018733,0
17523,0,251.361,257.495,0.976176,0
17524,0,350.874,354.056,0.991014,0
17525,0,364.04,370.149,0.983496,0
17526,0,219.025,225.308,0.972112,0
17527,0,249.691,257.495,0.969691,0
17528,0,721.267,724.205,0.995944,0
17529,0,680.474,675.924,1.006731,0
17530,0,375.111,370.149,1.013405,0
17531,0,180.033,177.028,1.016975,0
17532,0,395.43,402.336,0.982835,0
17533,0,652.489,659.831,0.988873,0
17534,0,461.843,466.71,0.989573,0
17535,0,224.087,225.308,0.99458,0
17536,0,335.759,337.962,0.993481,0
17537,0,291.633,289.682,1.006736,0
17538,0,216.922,209.215,1.03684,0
17539,0,294.349,289.682,1.01611,0
17540,0,461.43,466.71,0.988686,0
17541,0,284.627,289.682,0.982551,0
17542,0,359.576,354.056,1.015591,0
17543,0,327.717,337.962,0.969684,0
17544,0,567.517,563.27,1.007538,0
17545,0,263.7,257.495,1.024096,0
17546,0,277.675,273.588,1.014938,0
17547,0,179.372,177.028,1.01324,0
17548,0,505.633,498.897,1.013502,0
17549,0,217.624,209.215,1.040196,0
17550,0,356.873,354.056,1.007957,0
17551,0,117.749,112.654,1.045229,0
17552,0,419.242,434.523,0.964833,0
17553,0,493.591,498.897,0.989366,0
17554,0,243.836,241.402,1.010085,0
17555,0,457.087,450.616,1.014359,0
17556,0,124.288,1110.447,0.111926,0
17557,0,228.883,643.738,0.355553,0
17558,0,240.166,241.402,0.994883,0
17559,0,727.059,740.298,0.982116,0
17560,0,576.619,579.364,0.995262,0
17561,0,319.607,321.869,0.992973,0
17562,0,271.838,273.588,0.993603,0
17563,0,29.348,32.187,0.91181,0
17564,0,243.661,241.402,1.00936,0
17565,0,232.227,241.402,0.961996,0
17566,0,112.824,112.654,1.001508,0
17567,0,50.824,48.28,1.052687,0
17568,0,151.795,144.841,1.04801,0
17569,0,237.732,241.402,0.9848,0
17570,0,163.246,160.934,1.014364,0
17571,0,307.108,305.775,1.004359,0
17572,0,165.175,160.934,1.026353,0
17573,0,688.727,692.018,0.995245,0
17574,0,529.837,531.084,0.997653,0
17575,0,557.177,563.27,0.989182,0
17576,0,332.351,337.962,0.983397,0
17577,0,281.693,273.588,1.029623,0
17578,0,346.871,354.056,0.979706,0
17579,0,120.829,1239.195,0.097506,0
17580,0,469.045,466.71,1.005003,0
17581,0,202.994,225.308,0.900961,0
17582,0,308.215,305.775,1.007978,0
17583,0,161.622,160.934,1.00427,0
17584,0,342.298,337.962,1.012829,0
17585,0,419.812,418.429,1.003304,0
17586,0,535.271,531.084,1.007885,0
17587,0,402.519,402.336,1.000454,0
17588,0,229.998,225.308,1.020813,0
17589,0,232.37,402.336,0.577551,0
17590,0,688.554,692.018,0.994995,0
17591,0,698.217,692.018,1.008958,0
17592,0,515.352,514.99,1.000702,0
17593,0,197.728,193.121,1.023855,0
17594,0,878.142,869.046,1.010468,0
17595,0,170.425,177.028,0.962699,0
17596,0,566.635,563.27,1.005973,0
17597,0,129.184,128.748,1.003392,0
17598,0,99.892,96.561,1.034505,0
17599,0,88.941,96.561,0.921091,0
17600,0,161.751,160.934,1.005076,0
17601,0,91.356,96.561,0.946099,0
17602,0,78.307,80.467,0.973157,0
17603,0,678.16,675.924,1.003307,0
17604,0,1016.318,1013.887,1.002398,0
17605,0,128.755,128.748,1.000061,0
17606,0,91.017,96.561,0.942593,0
17607,0,172.34,177.028,0.973521,0
17608,0,554.709,563.27,0.984801,0
17609,0,831.348,836.859,0.993414,0
17610,0,127.815,128.748,0.992756,0
17611,0,192.608,193.121,0.997344,0
17612,0,554.318,563.27,0.984106,0
17613,0,419.041,418.429,1.001462,0
17614,0,464.627,466.71,0.995537,0
17615,0,636.651,643.738,0.988992,0
17616,0,388.633,386.243,1.00619,0
17617,0,465.015,466.71,0.996369,0
17618,0,826.663,820.765,1.007186,0
17619,0,827.522,820.765,1.008231,0
17620,0,198.763,193.121,1.029213,0
17621,0,287.585,289.682,0.992761,0
17622,0,136.844,144.841,0.944789,0
17623,0,545.491,547.177,0.996919,0
17624,0,261.563,257.495,1.015798,0
17625,0,635.763,643.738,0.987612,0
17626,0,262.008,257.495,1.017525,0
17627,0,96.314,96.561,0.997442,0
17628,0,110.609,112.654,0.981849,0
17629,0,138.941,144.841,0.959269,0
17630,0,352.049,354.056,0.994332,0
17631,0,127.565,128.748,0.990814,0
17632,0,412.232,418.429,0.985188,0
17633,0,399.352,402.336,0.992584,0
17634,0,402.633,402.336,1.000737,0
17635,0,127.051,128.748,0.986826,0
17636,0,69.696,64.374,1.082672,0
17637,0,738.385,740.298,0.997415,0
17638,0,553.259,547.177,1.011115,0
17639,0,414.602,418.429,0.990853,0
17640,0,1059.628,1062.167,0.99761,0
17641,0,291.634,289.682,1.006737,0
17642,0,119.233,112.654,1.0584,0
17643,0,480.496,482.803,0.995222,0
17644,0,239.671,241.402,0.992832,0
17645,0,202.133,209.215,0.966152,0
17646,0,174.852,177.028,0.987707,0
17647,0,314.915,321.869,0.978394,0
17648,0,200.263,193.121,1.036981,0
17649,0,723.528,724.205,0.999066,0
17650,0,26.122,32.187,0.811571,0
17651,0,19.366,16.093,1.20335,1
17652,0,232.714,225.308,1.032869,0
17653,0,127.053,128.748,0.98684,0
17654,0,45.717,48.28,0.946913,0
17655,0,43.99,48.28,0.911144,0
17656,0,166.038,160.934,1.031711,0
17657,0,419.212,418.429,1.001871,0
17658,0,356.226,354.056,1.00613,0
17659,0,165.737,160.934,1.029841,0
17660,0,89.478,96.561,0.926651,0
17661,0,679.537,675.924,1.005344,0
17662,0,349.661,354.056,0.987589,0
17663,0,345.403,337.962,1.022015,0
17664,0,301.037,305.775,0.984503,0
17665,0,810.871,804.672,1.007704,0
17666,0,386.78,386.243,1.001393,0
17667,0,457.255,450.616,1.014732,0
17668,0,264.923,273.588,0.968328,0
17669,0,137.513,144.841,0.94941,0
17670,0,115.12,112.654,1.021892,0
17671,0,283.367,289.682,0.978199,0
17672,0,515.816,514.99,1.001603,0
17673,0,463.856,466.71,0.993886,0
17674,0,648.513,643.738,1.007418,0
17675,0,87.46,80.467,1.086902,0
17676,0,326.901,321.869,1.015634,0
17677,0,336.219,337.962,0.994841,0
17678,0,653.328,659.831,0.990145,0
17679,0,366.996,370.149,0.991481,0
17680,0,553.506,563.27,0.982664,0
17681,0,47.064,48.28,0.974805,0
17682,0,49.538,48.28,1.026045,0
17683,0,785.525,804.672,0.976205,0
17684,0,495.931,498.897,0.994056,0
17685,0,177.361,177.028,1.001882,0
17686,0,254.652,257.495,0.988958,0
17687,0,98.407,96.561,1.019117,0
17688,0,240.571,241.402,0.99656,0
17689,0,192.967,193.121,0.9992,0
17690,0,250.252,257.495,0.971873,0
17691,0,358.497,354.056,1.012545,0
17692,0,246.517,241.402,1.02119,0
17693,0,94.527,96.561,0.978939,0
17694,0,452.208,450.616,1.003533,0
17695,0,387.623,386.243,1.003575,0
17696,0,628.355,627.644,1.001133,0
17697,0,861.535,852.952,1.010062,0
17698,0,742.189,740.298,1.002554,0
17699,0,125.708,128.748,0.976388,0
17700,0,392.963,386.243,1.017399,0
17701,0,241.882,241.402,1.001992,0
17702,0,162.269,160.934,1.008295,0
17703,0,542.962,547.177,0.992296,0
17704,0,508.004,514.99,0.986435,0
17705,0,233.803,241.402,0.968522,0
17706,0,294.775,289.682,1.017582,0
17707,0,211.152,209.215,1.00926,0
17708,0,435.396,450.616,0.966224,0
17709,0,261.567,257.495,1.015814,0
17710,0,580.247,595.457,0.974456,0
17711,0,294.15,321.869,0.913881,0
17712,0,243.523,241.402,1.008789,0
17713,0,284.705,289.682,0.982819,0
17714,0,287.662,289.682,0.993028,0
17715,0,248.34,241.402,1.028744,0
17716,0,287.511,289.682,0.992507,0
17717,0,275.58,273.588,1.00728,0
17718,0,374.667,370.149,1.012206,0
17719,0,755.176,756.392,0.998392,0
17720,0,338.164,337.962,1.000597,0
17721,0,174.886,177.028,0.987902,0
17722,0,181.047,177.028,1.022704,0
17723,0,161.777,160.934,1.005238,0
17724,0,336.827,337.962,0.996641,0
17725,0,395.608,402.336,0.983277,0
17726,0,720.319,724.205,0.994635,0
17727,0,881.508,885.139,0.995897,0
17728,0,493.178,498.897,0.988538,0
17729,0,478.482,482.803,0.99105,0
17730,0,536.557,531.084,1.010306,0
17731,0,259.62,257.495,1.008254,0
17732,0,262.106,257.495,1.017905,0
17733,0,443.077,434.523,1.019686,0
17734,0,502.617,498.897,1.007457,0
17735,0,446.815,450.616,0.991563,0
17736,0,266.222,273.588,0.973073,0
17737,0,41.25,48.28,0.854376,0
17738,0,48.602,48.28,1.006669,0
17739,0,94.643,96.561,0.980136,0
17740,0,94.643,96.561,0.980136,0
17741,0,311.245,305.775,1.017888,0
17742,0,311.245,305.775,1.017888,0
17743,0,265.451,257.495,1.030898,0
17744,0,265.451,257.495,1.030898,0
17745,0,401.816,402.336,0.998707,0
17746,0,401.816,402.336,0.998707,0
17747,0,566.189,563.27,1.005182,0
17748,0,566.189,563.27,1.005182,0
17749,0,314.019,305.775,1.026959,0
17750,0,314.019,305.775,1.026959,0
17751,0,436.262,434.523,1.004003,0
17752,0,436.262,434.523,1.004003,0
17753,0,26.204,32.187,0.814106,0
17754,0,26.204,32.187,0.814106,0
17755,0,132.501,128.748,1.029156,0
17756,0,132.501,128.748,1.029156,0
17757,0,387.634,386.243,1.003603,0
17758,0,635.173,643.738,0.986695,0
17759,0,175.164,177.028,0.989471,0
17760,0,363.916,370.149,0.98316,0
17761,0,180.486,177.028,1.019536,0
17762,0,206.543,209.215,0.987229,0
17763,0,301.754,305.775,0.98685,0
17764,0,70.988,64.374,1.102752,0
17765,0,70.814,64.374,1.100047,0
17766,0,232.52,225.308,1.032007,0
17767,0,506.06,498.897,1.014357,0
17768,0,428.996,434.523,0.987281,0
17769,0,369.547,370.149,0.998375,0
17770,0,130.005,128.748,1.009763,0
17771,0,557.597,563.27,0.989927,0
17772,0,246.074,241.402,1.019355,0
17773,0,83.019,80.467,1.031711,0
17774,0,407.695,402.336,1.013319,0
17775,0,287.986,289.682,0.994144,0
17776,0,309.243,305.775,1.01134,0
17777,0,253.887,257.495,0.98599,0
17778,0,197.764,193.121,1.024038,0
17779,0,268.944,273.588,0.983024,0
17780,0,25.411,32.187,0.789469,0
17781,0,46.145,48.28,0.955773,0
17782,0,113.086,112.654,1.003832,0
17783,0,480.333,482.803,0.994884,0
17784,0,275.07,273.588,1.005415,0
17785,0,424.366,418.429,1.014187,0
17786,0,125.005,128.748,0.970935,0
17787,0,459.311,450.616,1.019295,0
17788,0,154.192,160.934,0.958105,0
17789,0,165.181,160.934,1.02639,0
17790,0,261.593,257.495,1.015916,0
17791,0,28.759,32.187,0.893499,0
17792,0,74.718,80.467,0.928547,0
17793,0,98.853,96.561,1.023737,0
17794,0,250.463,257.495,0.972689,0
17795,0,82.846,80.467,1.029568,0
17796,0,112.139,112.654,0.995424,0
17797,0,207.324,209.215,0.990962,0
17798,0,331.434,337.962,0.980684,0
17799,0,208.026,209.215,0.994318,0
17800,0,573.993,579.364,0.99073,0
17801,0,44.27,48.28,0.916938,0
17802,0,301.072,305.775,0.984619,0
17803,0,196.529,193.121,1.017643,0
17804,0,861.153,869.046,0.990917,0
17805,0,250.854,257.495,0.974207,0
17806,0,260.501,257.495,1.011675,0
17807,0,313.987,321.869,0.975512,0
17808,0,339.758,337.962,1.005315,0
17809,0,492.66,498.897,0.987499,0
17810,0,821.863,820.765,1.001337,0
17811,0,518.169,514.99,1.006173,0
17812,0,415.078,418.429,0.991991,0
17813,0,132.997,128.748,1.033005,0
17814,0,515.434,514.99,1.000863,0
17815,0,279.654,273.588,1.02217,0
17816,0,355.202,354.056,1.003239,0
17817,0,431.638,434.523,0.99336,0
17818,0,809.667,804.672,1.006208,0
17819,0,693.098,692.018,1.00156,0
17820,0,639.565,643.738,0.993518,0
17821,0,262.324,257.495,1.018755,0
17822,0,136.122,128.748,1.05728,0
17823,0,136.646,128.748,1.061346,0
17824,0,487.964,482.803,1.01069,0
17825,0,697.326,692.018,1.00767,0
17826,0,101.463,96.561,1.05077,0
17827,0,159.089,160.934,0.988533,0
17828,0,1115.707,1110.447,1.004736,0
17829,0,179.604,177.028,1.014551,0
17830,0,1377.457,1367.942,1.006956,0
17831,0,638.422,643.738,0.991742,0
17832,0,186.041,193.121,0.963339,0
17833,0,173.029,177.028,0.977409,0
17834,0,65.597,64.374,1.019001,0
17835,0,247.61,241.402,1.02572,0
17836,0,338.263,337.962,1.000889,0
17837,0,330.727,337.962,0.97859,0
17838,0,211.168,209.215,1.009334,0
17839,0,330.296,321.869,1.026182,0
17840,0,753.521,756.392,0.996205,0
17841,0,647.523,643.738,1.005881,0
17842,0,125.433,128.748,0.974255,0
17843,0,353.63,354.056,0.998797,0
17844,0,315.151,321.869,0.97913,0
17845,0,208.695,209.215,0.997518,0
17846,0,412.647,418.429,0.986181,0
17847,0,369.647,370.149,0.998643,0
17848,0,294.675,289.682,1.017237,0
17849,0,384.958,386.243,0.996673,0
17850,0,92.056,96.561,0.953346,0
17851,0,94.591,96.561,0.979606,0
17852,0,298.573,305.775,0.976446,0
17853,0,757.533,756.392,1.001508,0
17854,0,921.028,917.326,1.004036,0
17855,0,480.316,482.803,0.994849,0
17856,0,466.508,466.71,0.999568,0
17857,0,758.836,756.392,1.003232,0
17858,0,331.86,337.962,0.981944,0
17859,0,169.578,177.028,0.957916,0
17860,0,246.141,241.402,1.019631,0
17861,0,212.364,209.215,1.01505,0
17862,0,498.572,498.897,0.999349,0
17863,0,271.484,273.588,0.992306,0
17864,0,227.732,241.402,0.943372,0
17865,0,114.41,112.654,1.015584,0
17866,0,26.237,32.187,0.81515,0
17867,0,265.771,273.588,0.971426,0
17868,0,345.478,354.056,0.975774,0
17869,0,90.059,96.561,0.932671,0
17870,0,752.646,756.392,0.995048,0
17871,0,312.591,305.775,1.022289,0
17872,0,224.516,225.308,0.996483,0
17873,0,492.611,498.897,0.987401,0
17874,0,954.687,949.513,1.005449,0
17875,0,232.753,225.308,1.033041,0
17876,0,301.981,305.775,0.987592,0
17877,0,278.091,273.588,1.016458,0
17878,0,283.468,289.682,0.978551,0
17879,0,215.021,209.215,1.027753,0
17880,0,534.131,531.084,1.005739,0
17881,0,1228.036,1223.101,1.004035,0
17882,0,528.786,531.084,0.995673,0
17883,0,240.738,241.402,0.99725,0
17884,0,885.384,885.139,1.000277,0
17885,0,889.556,885.139,1.004991,0
17886,0,829.031,820.765,1.01007,0
17887,0,780.834,772.485,1.010808,0
17888,0,244.743,241.402,1.013842,0
17889,0,1197.912,1190.915,1.005876,0
17890,0,104.451,96.561,1.081712,0
17891,0,1219.157,1223.101,0.996775,0
17892,0,1057.401,1062.167,0.995513,0
17893,0,416.904,418.429,0.996355,0
17894,0,1442.427,1448.41,0.99587,0
17895,0,1467.719,1464.503,1.002196,0
17896,0,550.982,547.177,1.006953,0
17897,0,847.053,836.859,1.012181,0
17898,0,318.353,321.869,0.989078,0
17899,0,621.801,627.644,0.99069,0
17900,0,324.621,321.869,1.00855,0
17901,0,285.309,289.682,0.984903,0
17902,0,516.836,514.99,1.003584,0
17903,0,297.327,289.682,1.026391,0
17904,0,254.316,257.495,0.987652,0
17905,0,259.969,289.682,0.897428,0
17906,0,285.092,289.682,0.984155,0
17907,0,327.186,337.962,0.968115,0
17908,0,296.88,305.775,0.970908,0
17909,0,114.73,112.654,1.018432,0
17910,0,201.179,209.215,0.961589,0
17911,0,173.512,177.028,0.980141,0
17912,0,118.67,112.654,1.053402,0
17913,0,108.97,112.654,0.967295,0
17914,0,136.33,128.748,1.058895,0
17915,0,227.555,225.308,1.009974,0
17916,0,972.633,965.606,1.007277,0
17917,0,1017.18,1013.887,1.003248,0
17918,0,742.437,740.298,1.002889,0
17919,0,204.714,209.215,0.978486,0
17920,0,473.161,482.803,0.980029,0
17921,0,236.473,241.402,0.979584,0
17922,0,147.517,144.841,1.018475,0
17923,0,278.864,273.588,1.019281,0
17924,0,474.999,466.71,1.017762,0
17925,0,754.042,756.392,0.996894,0
17926,0,592.971,595.457,0.995825,0
17927,0,699.653,692.018,1.011033,0
17928,0,179.149,177.028,1.011981,0
17929,0,1155.799,1174.821,0.983808,0
17930,0,831.063,836.859,0.993075,0
17931,0,747.98,740.298,1.010377,0
17932,0,830.642,836.859,0.992571,0
17933,0,657.866,659.831,0.997021,0
17934,0,65.518,64.374,1.01777,0
17935,0,88.875,96.561,0.920407,0
17936,0,534.278,531.084,1.006014,0
17937,0,302.202,305.775,0.988314,0
17938,0,62.224,64.374,0.966599,0
17939,0,1266.605,1271.382,0.996243,0
17940,0,236.058,241.402,0.977865,0
17941,0,231.722,225.308,1.028465,0
17942,0,265.948,273.588,0.972071,0
17943,0,516.991,514.99,1.003885,0
17944,0,294.865,289.682,1.017891,0
17945,0,367.236,386.243,0.950791,0
17946,0,785.277,788.579,0.995813,0
17947,0,749.855,756.392,0.991358,0
17948,0,682.022,675.924,1.00902,0
17949,0,1362.269,1351.849,1.007708,0
17950,0,1493.107,1480.596,1.008449,0
17951,0,1371.037,1367.942,1.002262,0
17952,0,112.032,112.654,0.994475,0
17953,0,162.646,1496.69,0.108671,0
17954,0,963.709,965.606,0.998035,0
17955,0,776.7,772.485,1.005456,0
17956,0,214.906,1882.932,0.114134,0
17957,0,683.981,692.018,0.988386,0
17958,0,659.87,659.831,1.00006,0
17959,0,598.826,595.457,1.005657,0
17960,0,229.991,225.308,1.020785,0
17961,0,530.503,531.084,0.998906,0
17962,0,107.4,112.654,0.953357,0
17963,0,254.445,257.495,0.988156,0
17964,0,151.944,144.841,1.049038,0
17965,0,319.366,321.869,0.992225,0
17966,0,325.614,321.869,1.011634,0
17967,0,151.291,1384.036,0.109311,0
17968,0,282.244,289.682,0.974323,0
17969,0,126.899,128.748,0.985642,0
17970,0,179.769,177.028,1.015485,0
17971,0,131.885,128.748,1.024366,0
17972,0,106.903,112.654,0.94895,0
17973,0,141.282,144.841,0.975428,0
17974,0,103.861,96.561,1.075601,0
17975,0,470.657,466.71,1.008457,0
17976,0,525.083,531.084,0.988701,0
17977,0,170.788,177.028,0.96475,0
17978,0,177.51,177.028,1.002724,0
17979,0,541.238,547.177,0.989146,0
17980,0,609.985,611.551,0.99744,0
17981,0,110.692,112.654,0.982587,0
17982,0,110.583,112.654,0.981617,0
17983,0,211.633,209.215,1.011557,0
17984,0,215.804,209.215,1.031496,0
17985,0,522.757,531.084,0.984321,0
17986,0,122.695,128.748,0.952989,0
17987,0,419.921,418.429,1.003564,0
17988,0,183.581,177.028,1.037019,0
17989,0,419.863,418.429,1.003427,0
17990,0,810.463,804.672,1.007197,0
17991,0,149.015,144.841,1.028819,0
17992,0,86.853,80.467,1.07936,0
17993,0,132.305,128.748,1.027633,0
17994,0,397.275,402.336,0.987422,0
17995,0,292.822,289.682,1.010839,0
17996,0,112.441,112.654,0.998111,0
17997,0,48.147,48.28,0.997234,0
17998,0,244.519,241.402,1.012912,0
17999,0,1065.679,1062.167,1.003307,0
18000,0,1065.679,1062.167,1.003307,0
18001,0,921.326,917.326,1.00436,0
18002,0,921.326,917.326,1.00436,0
18003,0,644.131,643.738,1.00061,0
18004,0,644.131,643.738,1.00061,0
18005,0,641.854,643.738,0.997073,0
18006,0,641.854,643.738,0.997073,0
18007,0,495.94,498.897,0.994073,0
18008,0,495.94,498.897,0.994073,0
18009,0,481.715,482.803,0.997747,0
18010,0,481.715,482.803,0.997747,0
18011,0,223.093,225.308,0.990167,0
18012,0,223.093,225.308,0.990167,0
18013,0,463.132,466.71,0.992335,0
18014,0,463.132,466.71,0.992335,0
18015,0,597.475,595.457,1.003388,0
18016,0,597.475,595.457,1.003388,0
18017,0,677.186,675.924,1.001866,0
18018,0,677.186,675.924,1.001866,0
18019,0,996.054,997.793,0.998257,0
18020,0,996.054,997.793,0.998257,0
18021,0,594.293,595.457,0.998045,0
18022,0,594.293,595.457,0.998045,0
18023,0,594.842,595.457,0.998968,0
18024,0,594.842,595.457,0.998968,0
18025,0,694.486,692.018,1.003566,0
18026,0,694.486,692.018,1.003566,0
18027,0,418.27,418.429,0.999618,0
18028,0,418.27,418.429,0.999618,0
18029,0,821.824,820.765,1.001289,0
18030,0,821.824,820.765,1.001289,0
18031,0,466.918,466.71,1.000446,0
18032,0,466.918,466.71,1.000446,0
18033,0,837.962,836.859,1.001319,0
18034,0,837.962,836.859,1.001319,0
18035,0,902.562,901.233,1.001475,0
18036,0,1079.449,1078.26,1.001102,0
18037,0,1079.449,1078.26,1.001102,0
18038,0,1433.065,1432.316,1.000523,0
18039,0,1433.065,1432.316,1.000523,0
18040,0,109.843,112.654,0.97505,0
18041,0,109.843,112.654,0.97505,0
18042,0,314.629,321.869,0.977507,0
18043,0,314.629,321.869,0.977507,0
18044,0,578.782,579.364,0.998996,0
18045,0,605.05,611.551,0.989371,0
18046,0,137.504,144.841,0.949346,0
18047,0,103.958,96.561,1.076606,0
18048,0,1910.627,1899.026,1.006109,0
18049,0,688.083,692.018,0.994313,0
18050,0,248.875,241.402,1.030957,0
18051,0,649.901,643.738,1.009575,0
18052,0,729.685,724.205,1.007567,0
18053,0,894.837,885.139,1.010956,0
18054,0,450.204,450.616,0.999084,0
18055,0,63.927,64.374,0.993053,0
18056,0,502.584,498.897,1.00739,0
18057,0,780.054,772.485,1.009798,0
18058,0,1027.689,1029.98,0.997776,0
18059,0,911.376,901.233,1.011256,0
18060,0,304.95,305.775,0.997301,0
18061,0,219.278,225.308,0.973236,0
18062,0,580.41,579.364,1.001806,0
18063,0,125.317,128.748,0.973357,0
18064,0,846.106,852.952,0.991974,0
18065,0,1794.575,1786.372,1.004592,0
18066,0,198.706,193.121,1.028916,0
18067,0,1331.804,1351.849,0.985172,0
18068,0,424.138,418.429,1.013643,0
18069,0,258.166,257.495,1.002606,0
18070,0,177.26,177.028,1.001313,0
18071,0,61.393,64.374,0.953689,0
18072,0,1317.359,1319.662,0.998255,0
18073,0,105.984,112.654,0.940795,0
18074,0,226.643,225.308,1.005922,0
18075,0,35.528,32.187,1.103789,0
18076,0,712.724,708.111,1.006514,0
18077,0,260.377,1319.662,0.197306,0
18078,0,897.64,901.233,0.996014,0
18079,0,1330.183,1319.662,1.007973,0
18080,0,1460.407,1464.503,0.997203,0
18081,0,450.256,450.616,0.999201,0
18082,0,447.465,450.616,0.993006,0
18083,0,239.622,241.402,0.992629,0
18084,0,591.392,595.457,0.993173,0
18085,0,532.777,531.084,1.003188,0
18086,0,1764.127,1770.278,0.996525,0
18087,0,1376.804,1367.942,1.006478,0
18088,0,761.797,756.392,1.007147,0
18089,0,331.439,337.962,0.980699,0
18090,0,2029.778,2027.773,1.000988,0
18091,0,447.35,450.616,0.992752,0
18092,1,1083.692,1078.26,1.005037,0
18093,0,405.273,402.336,1.0073,0
18094,0,480.992,482.803,0.996248,0
18095,0,507.485,498.897,1.017214,0
18096,0,683.894,675.924,1.01179,0
18097,0,653.043,659.831,0.989712,0
18098,0,315.189,321.869,0.979248,0
18099,0,395.502,402.336,0.983014,0
18100,0,112.077,112.654,0.994879,0
18101,0,445.675,450.616,0.989034,0
18102,0,593.184,595.457,0.996182,0
18103,0,1861.281,1882.932,0.988501,0
18104,0,1731.429,1738.092,0.996167,0
18105,0,252.718,257.495,0.981449,0
18106,0,1442.802,1448.41,0.996129,0
18107,0,292.236,289.682,1.008817,0
18108,0,271.513,273.588,0.992414,0
18109,0,853.892,901.233,0.947471,0
18110,0,384.716,386.243,0.996048,0
18111,0,173.36,177.028,0.979283,0
18112,0,240.84,241.402,0.997673,0
18113,0,754.507,756.392,0.997508,0
18114,0,1808.034,1802.465,1.00309,0
18115,0,2075.887,2076.054,0.99992,0
18116,0,865.483,869.046,0.995901,0
18117,0,561.012,563.27,0.995991,0
18118,0,294.304,289.682,1.015955,0
18119,0,594.916,595.457,0.999091,0
18120,0,769.138,772.485,0.995667,0
18121,0,771.628,772.485,0.998891,0
18122,0,1378.661,1367.942,1.007836,0
18123,0,1310.949,1303.569,1.005662,0
18124,0,190.752,193.121,0.987734,0
18125,0,259.204,257.495,1.006635,0
18126,0,57.495,64.374,0.893145,0
18127,0,57.245,64.374,0.88926,0
18128,0,1276.325,1271.382,1.003888,0
18129,0,187.47,193.121,0.970737,0
18130,0,697.709,708.111,0.98531,0
18131,0,175.904,177.028,0.993652,0
18132,0,273.098,273.588,0.998207,0
18133,0,248.506,257.495,0.965091,0
18134,0,671.504,692.018,0.970356,0
18135,0,944.487,949.513,0.994707,0
18136,0,62.636,64.374,0.973012,0
18137,0,56.69,64.374,0.880644,0
18138,0,617.716,611.551,1.010082,0
18139,0,2563.352,2751.978,0.931458,0
18140,0,2085.878,2253.082,0.925789,0
18141,0,539.956,547.177,0.986802,0
18142,0,435.57,434.523,1.002411,0
18143,0,1520.801,1512.783,1.0053,0
18144,0,1413.973,1416.223,0.998412,0
18145,0,2842.231,2864.632,0.99218,0
18146,0,2750.864,2768.072,0.993783,0
18147,0,1184.553,1174.821,1.008284,0
18148,0,50.264,48.28,1.04109,0
18149,0,1078.631,1078.26,1.000344,0
18150,0,1196.807,1190.915,1.004948,0
18151,0,287.927,289.682,0.993941,0
18152,0,287.927,289.682,0.993941,0
18153,0,565.614,563.27,1.00416,0
18154,0,565.614,563.27,1.00416,0
18155,0,1002.777,997.793,1.004995,0
18156,0,1002.777,997.793,1.004995,0
18157,0,563.129,563.27,0.999749,0
18158,0,563.129,563.27,0.999749,0
18159,1,639.248,643.738,0.993026,0
18160,1,639.248,643.738,0.993026,0
18161,0,889.694,885.139,1.005145,0
18162,0,889.694,885.139,1.005145,0
18163,0,641.988,643.738,0.997283,0
18164,0,641.988,643.738,0.997283,0
18165,0,380.168,386.243,0.984272,0
18166,0,380.168,386.243,0.984272,0
18167,0,318.995,321.869,0.991072,0
18168,0,318.995,321.869,0.991072,0
18169,0,120.828,128.748,0.938491,0
18170,0,120.828,128.748,0.938491,0
18171,0,308.901,305.775,1.010221,0
18172,0,308.901,305.775,1.010221,0
18173,0,335.365,337.962,0.992315,0
18174,0,335.365,337.962,0.992315,0
18175,0,851.181,852.952,0.997923,0
18176,0,851.181,852.952,0.997923,0
18177,0,44.425,48.28,0.920143,0
18178,0,44.425,48.28,0.920143,0
18179,0,428.505,434.523,0.986152,0
18180,0,428.505,434.523,0.986152,0
18181,0,44.84,48.28,0.928753,0
18182,0,44.84,48.28,0.928753,0
18183,0,391.654,386.243,1.014009,0
18184,0,391.654,386.243,1.014009,0
18185,0,221.924,225.308,0.98498,0
18186,0,221.924,225.308,0.98498,0
18187,0,491.28,498.897,0.984732,0
18188,0,491.28,498.897,0.984732,0
18189,0,851.969,852.952,0.998848,0
18190,0,851.969,852.952,0.998848,0
18191,0,46.296,48.28,0.958903,0
18192,0,46.296,48.28,0.958903,0
18193,0,740.023,740.298,0.999628,0
18194,0,740.023,740.298,0.999628,0
18195,0,121.497,128.748,0.943684,0
18196,0,121.497,128.748,0.943684,0
18197,0,435.199,434.523,1.001557,0
18198,0,435.199,434.523,1.001557,0
18199,0,877.281,869.046,1.009476,0
18200,0,877.281,869.046,1.009476,0
18201,0,714.135,708.111,1.008506,0
18202,0,714.135,708.111,1.008506,0
18203,0,1097.156,1094.354,1.00256,0
18204,0,1097.156,1094.354,1.00256,0
18205,0,679.365,675.924,1.00509,0
18206,0,679.365,675.924,1.00509,0
18207,0,622.167,627.644,0.991274,0
18208,0,622.167,627.644,0.991274,0
18209,0,399.135,402.336,0.992045,0
18210,0,399.135,402.336,0.992045,0
18211,0,702.859,708.111,0.992583,0
18212,0,702.859,708.111,0.992583,0
18213,0,436.31,434.523,1.004112,0
18214,0,436.31,434.523,1.004112,0
18215,0,473.381,466.71,1.014295,0
18216,0,473.381,466.71,1.014295,0
18217,0,208.316,209.215,0.995703,0
18218,0,208.316,209.215,0.995703,0
18219,0,343.479,337.962,1.016322,0
18220,0,343.479,337.962,1.016322,0
18221,0,382.486,386.243,0.990274,0
18222,0,382.486,386.243,0.990274,0
18223,0,982.283,981.7,1.000594,0
18224,0,982.283,981.7,1.000594,0
18225,0,306.389,305.775,1.002006,0
18226,0,306.389,305.775,1.002006,0
18227,0,1110.698,1110.447,1.000226,0
18228,0,1110.698,1110.447,1.000226,0
18229,0,1636.553,1625.437,1.006839,0
18230,0,1636.553,1625.437,1.006839,0
18231,0,2303.34,2301.362,1.00086,0
18232,0,2303.34,2301.362,1.00086,0
18233,0,3218.76,3218.688,1.000022,0
18234,0,3218.76,3218.688,1.000022,0
18235,0,410.11,402.336,1.019322,0
18236,0,410.11,402.336,1.019322,0
18237,0,164.024,160.934,1.019198,0
18238,0,164.024,160.934,1.019198,0
18239,0,117.431,112.654,1.042401,0
18240,0,117.431,112.654,1.042401,0
18241,0,156.453,160.934,0.972156,0
18242,0,156.453,160.934,0.972156,0
18243,0,2526.731,2526.67,1.000024,0
18244,0,2526.731,2526.67,1.000024,0
18245,0,2022.529,2027.773,0.997414,0
18246,0,2022.529,2027.773,0.997414,0
18247,0,1011.708,1013.887,0.997851,0
18248,0,1011.708,1013.887,0.997851,0
18249,0,791.048,788.579,1.003131,0
18250,0,791.048,788.579,1.003131,0
18251,0,336.271,337.962,0.994996,0
18252,0,336.271,337.962,0.994996,0
18253,0,371.626,370.149,1.003989,0
18254,0,371.626,370.149,1.003989,0
18255,0,1822.221,1818.559,1.002014,0
18256,0,1822.221,1818.559,1.002014,0
18257,0,1089.404,1094.354,0.995477,0
18258,0,1089.404,1094.354,0.995477,0
18259,0,1297.89,1287.475,1.008089,0
18260,0,1297.89,1287.475,1.008089,0
18261,0,180.079,177.028,1.017238,0
18262,0,180.079,177.028,1.017238,0
18263,0,441.302,434.523,1.015601,0
18264,0,441.302,434.523,1.015601,0
18265,0,256.38,257.495,0.995671,0
18266,0,256.38,257.495,0.995671,0
18267,0,200.399,193.121,1.037684,0
18268,0,200.399,193.121,1.037684,0
18269,0,275.737,273.588,1.007855,0
18270,0,275.737,273.588,1.007855,0
18271,0,634.277,627.644,1.010568,0
18272,0,634.277,627.644,1.010568,0
18273,0,341.597,337.962,1.010755,0
18274,0,341.597,337.962,1.010755,0
18275,0,744.449,740.298,1.005606,0
18276,0,744.449,740.298,1.005606,0
18277,0,265.203,257.495,1.029934,0
18278,0,265.203,257.495,1.029934,0
18279,0,16.127,16.093,1.002098,0
18280,0,16.127,16.093,1.002098,0
18281,0,196.482,193.121,1.017402,0
18282,0,196.482,193.121,1.017402,0
18283,0,43.881,48.28,0.908882,0
18284,0,43.881,48.28,0.908882,0
18285,0,986.944,981.7,1.005342,0
18286,0,986.944,981.7,1.005342,0
18287,0,934.644,933.42,1.001312,0
18288,0,934.644,933.42,1.001312,0
18289,0,126.296,128.748,0.980957,0
18290,0,126.296,128.748,0.980957,0
18291,0,42.941,48.28,0.889407,0
18292,0,42.941,48.28,0.889407,0
18293,0,562.437,563.27,0.998521,0
18294,0,562.437,563.27,0.998521,0
18295,0,46.686,48.28,0.966973,0
18296,0,46.686,48.28,0.966973,0
18297,0,1084.324,1078.26,1.005623,0
18298,0,1084.324,1078.26,1.005623,0
18299,0,291.705,289.682,1.006983,0
18300,0,291.705,289.682,1.006983,0
18301,0,2027.667,2027.773,0.999947,0
18302,0,2027.667,2027.773,0.999947,0
18303,0,343.895,337.962,1.017553,0
18304,0,343.895,337.962,1.017553,0
18305,0,987.308,981.7,1.005713,0
18306,0,987.308,981.7,1.005713,0
18307,1,656.946,675.924,0.971923,0
18308,1,656.946,675.924,0.971923,0
18309,0,678.757,675.924,1.004191,0
18310,0,2113.17,2108.241,1.002338,0
18311,0,1494.738,1496.69,0.998696,0
18312,0,274.767,273.588,1.004308,0
18313,0,1026.96,1029.98,0.997068,0
18314,0,2063.499,2059.96,1.001718,0
18315,0,656.538,659.831,0.995009,0
18316,1,1138.907,1142.634,0.996738,0
18317,0,786.248,788.579,0.997045,0
18318,0,1200.209,1207.008,0.994367,0
18319,0,233.768,241.402,0.96838,0
18320,0,237.04,241.402,0.981933,0
18321,0,416.214,418.429,0.994706,0
18322,0,521.459,514.99,1.01256,0
18323,0,574.558,579.364,0.991705,0
18324,0,431.248,434.523,0.992464,0
18325,0,355.627,354.056,1.004439,0
18326,0,318.353,321.869,0.989076,0
18327,0,246.889,241.402,1.022732,0
18328,0,229.809,225.308,1.019976,0
18329,0,176.178,177.028,0.995198,0
18330,0,198.33,193.121,1.026971,0
18331,0,125.595,128.748,0.975516,0
18332,0,251.425,257.495,0.976425,0
18333,0,162.325,160.934,1.00864,0
18334,0,855.737,869.046,0.984685,0
18335,0,439.87,434.523,1.012307,0
18336,0,225.238,225.308,0.999687,0
18337,0,132.595,128.748,1.029882,0
18338,0,226.203,225.308,1.00397,0
18339,0,268.36,273.588,0.980889,0
18340,0,328.577,321.869,1.020842,0
18341,0,363.23,370.149,0.981308,0
18342,0,371.239,370.149,1.002945,0
18343,0,436.787,434.523,1.00521,0
18344,0,389.7,386.243,1.008952,0
18345,0,413.868,418.429,0.989099,0
18346,0,447.917,450.616,0.99401,0
18347,0,234.165,241.402,0.970022,0
18348,0,257.341,257.495,0.999401,0
18349,0,46.821,48.28,0.96977,0
18350,0,111.688,112.654,0.991427,0
18351,0,98.781,96.561,1.022991,0
18352,0,529.721,531.084,0.997435,0
18353,0,691.444,692.018,0.999171,0
18354,0,478.387,482.803,0.990853,0
18355,0,512.153,514.99,0.99449,0
18356,0,173.175,177.028,0.978238,0
18357,0,299.611,305.775,0.979841,0
18358,0,347.723,354.056,0.982114,0
18359,0,397.117,402.336,0.987029,0
18360,0,135.696,128.748,1.05397,0
18361,0,121.103,128.748,0.940624,0
18362,0,245.692,241.402,1.017772,0
18363,0,220.632,225.308,0.979248,0
18364,0,223.63,225.308,0.992554,0
18365,0,143.493,144.841,0.990695,0
18366,0,227.016,225.308,1.007581,0
18367,0,247.039,241.402,1.023354,0
18368,0,146.333,144.841,1.010303,0
18369,0,165.346,160.934,1.02741,0
18370,0,221.194,225.308,0.98174,0
18371,0,77.231,80.467,0.959789,0
18372,0,130.967,128.748,1.017236,0
18373,0,327.046,321.869,1.016084,0
18374,0,372.498,370.149,1.006346,0
18375,0,367.086,370.149,0.991723,0
18376,0,264.04,257.495,1.025419,0
18377,0,265.701,257.495,1.031869,0
18378,0,232.754,241.402,0.964176,0
18379,0,240.735,241.402,0.99724,0
18380,0,436.676,434.523,1.004955,0
18381,0,473.741,466.71,1.015065,0
18382,0,319.696,321.869,0.993248,0
18383,0,141.129,144.841,0.974371,0
18384,0,840.175,836.859,1.003963,0
18385,0,180.304,177.028,1.018507,0
18386,0,505.659,514.99,0.981882,0
18387,0,361.782,354.056,1.021822,0
18388,0,359.991,354.056,1.016764,0
18389,0,973.306,981.7,0.991449,0
18390,0,1005.318,997.793,1.007542,0
18391,0,555.197,563.27,0.985667,0
18392,0,659.112,659.831,0.99891,0
18393,0,658.186,659.831,0.997507,0
18394,0,572.756,579.364,0.988595,0
18395,0,233.094,225.308,1.034558,0
18396,0,572.408,579.364,0.987994,0
18397,0,132.592,128.748,1.029857,0
18398,0,229.649,225.308,1.019265,0
18399,0,163.206,160.934,1.014114,0
18400,0,159.297,160.934,0.989828,0
18401,0,347.615,354.056,0.981809,0
18402,0,65.601,64.374,1.019061,0
18403,0,240.819,241.402,0.997589,0
18404,0,72.404,64.374,1.124752,0
18405,0,77.654,80.467,0.965034,0
18406,0,76.407,80.467,0.949542,0
18407,0,235.193,241.402,0.974283,0
18408,0,352.199,354.056,0.994757,0
18409,0,315.742,321.869,0.980966,0
18410,0,754.742,756.392,0.997819,0
18411,0,759.227,756.392,1.003749,0
18412,0,265.347,273.588,0.969875,0
18413,0,251.393,257.495,0.976304,0
18414,0,90.554,96.561,0.937799,0
18415,0,99.009,96.561,1.025357,0
18416,0,558.344,563.27,0.991253,0
18417,0,564.126,563.27,1.001518,0
18418,0,561.538,563.27,0.996924,0
18419,0,520.536,514.99,1.010769,0
18420,0,408.61,402.336,1.015594,0
18421,0,408.967,402.336,1.016482,0
18422,0,424.566,418.429,1.014667,0
18423,0,642.648,643.738,0.998307,0
18424,0,491.918,498.897,0.986012,0
18425,0,507.544,514.99,0.985541,0
18426,0,421.588,418.429,1.007549,0
18427,0,97.813,96.561,1.012965,0
18428,0,374.24,370.149,1.011052,0
18429,0,272.659,273.588,0.996603,0
18430,0,199.517,193.121,1.033117,0
18431,0,296.714,289.682,1.024276,0
18432,0,431.23,434.523,0.992422,0
18433,0,227.27,225.308,1.008707,0
18434,0,419.219,418.429,1.001886,0
18435,0,460.726,466.71,0.987179,0
18436,0,58.637,64.374,0.910884,0
18437,0,245.86,241.402,1.018469,0
18438,0,1080.394,1110.447,0.972935,0
18439,0,757.019,756.392,1.000829,0
18440,0,447.901,450.616,0.993974,0
18441,0,120.844,128.748,0.938615,0
18442,0,674.057,675.924,0.997237,0
18443,0,860.91,885.139,0.972627,0
18444,0,281.013,289.682,0.970074,0
18445,0,541.705,547.177,0.989999,0
18446,0,177.987,177.028,1.00542,0
18447,0,255.465,257.495,0.992116,0
18448,0,372.24,370.149,1.005648,0
18449,0,343.722,337.962,1.017043,0
18450,0,247.038,241.402,1.023348,0
18451,0,677.211,675.924,1.001903,0
18452,0,479.702,482.803,0.993576,0
18453,0,72.19,64.374,1.121426,0
18454,0,92.081,96.561,0.953607,0
18455,0,151.133,144.841,1.043442,0
18456,0,113.978,112.654,1.011752,0
18457,0,226.787,225.308,1.006563,0
18458,0,372.825,370.149,1.00723,0
18459,0,271.908,273.588,0.993858,0
18460,0,530.869,531.084,0.999597,0
18461,0,309.172,305.775,1.011107,0
18462,0,198.367,193.121,1.027163,0
18463,0,301.898,305.775,0.987321,0
18464,0,474.462,482.803,0.982723,0
18465,0,611.344,611.551,0.999663,0
18466,0,758.295,756.392,1.002516,0
18467,0,135.216,128.748,1.050241,0
18468,0,309.145,305.775,1.011019,0
18469,0,277.705,273.588,1.015046,0
18470,0,576.773,579.364,0.995528,0
18471,0,449.046,450.616,0.996516,0
18472,0,257.176,257.495,0.99876,0
18473,0,266.83,273.588,0.975295,0
18474,0,250.797,257.495,0.973986,0
18475,0,397.658,402.336,0.988373,0
18476,0,168.201,160.934,1.04515,0
18477,0,62.199,64.374,0.966219,0
18478,0,522.197,514.99,1.013994,0
18479,0,425.417,418.429,1.016699,0
18480,0,151.427,144.841,1.045468,0
18481,0,283.062,289.682,0.977146,0
18482,0,202.56,209.215,0.968193,0
18483,0,193.021,193.121,0.999482,0
18484,0,396.156,402.336,0.98464,0
18485,0,118.396,112.654,1.050968,0
18486,0,267.47,273.588,0.977636,0
18487,0,289.052,289.682,0.997827,0
18488,0,254.09,257.495,0.986775,0
18489,0,340.784,337.962,1.00835,0
18490,0,100.045,96.561,1.036087,0
18491,0,193.527,193.121,1.002103,0
18492,0,67.444,64.374,1.047688,0
18493,0,215.85,209.215,1.031714,0
18494,0,240.853,241.402,0.997727,0
18495,0,177.342,177.028,1.001773,0
18496,0,189.182,193.121,0.9796,0
18497,0,338.649,337.962,1.002033,0
18498,0,84.569,80.467,1.050976,0
18499,0,179.179,177.028,1.012154,0
18500,0,245.881,241.402,1.018557,0
18501,0,256.121,257.495,0.994665,0
18502,0,79.765,80.467,0.991272,0
18503,0,477.768,482.803,0.98957,0
18504,0,636.199,627.644,1.013631,0
18505,0,235.904,241.402,0.977225,0
18506,0,105.709,112.654,0.938351,0
18507,0,309.982,305.775,1.013757,0
18508,0,280.809,273.588,1.026391,0
18509,0,270.435,273.588,0.988474,0
18510,0,743.89,740.298,1.004852,0
18511,0,783.687,788.579,0.993797,0
18512,0,422.136,418.429,1.008859,0
18513,0,996.342,997.793,0.998546,0
18514,0,269.103,273.588,0.983607,0
18515,0,623.769,627.644,0.993826,0
18516,0,168.176,160.934,1.044995,0
18517,0,295.786,289.682,1.021073,0
18518,0,234.964,241.402,0.97333,0
18519,0,150.558,144.841,1.039471,0
18520,0,64.471,64.374,1.001505,0
18521,0,165.0,160.934,1.025265,0
18522,0,223.343,225.308,0.991277,0
18523,0,910.814,917.326,0.992901,0
18524,0,594.169,611.551,0.971578,0
18525,0,355.825,354.056,1.004996,0
18526,0,283.881,289.682,0.979975,0
18527,0,1100.669,1094.354,1.005771,0
18528,0,1163.595,1158.728,1.0042,0
18529,0,536.596,531.084,1.01038,0
18530,0,538.583,547.177,0.984294,0
18531,0,478.61,482.803,0.991314,0
18532,0,438.423,434.523,1.008976,0
18533,0,405.627,402.336,1.00818,0
18534,0,122.597,128.748,0.95223,0
18535,0,125.993,128.748,0.978602,0
18536,0,123.302,128.748,0.957702,0
18537,0,301.235,305.775,0.985152,0
18538,0,144.904,144.841,1.000432,0
18539,0,323.095,321.869,1.003811,0
18540,0,206.2,209.215,0.985588,0
18541,0,643.624,643.738,0.999823,0
18542,0,597.432,595.457,1.003317,0
18543,0,73.757,80.467,0.916615,0
18544,0,359.914,354.056,1.016546,0
18545,0,323.084,321.869,1.003776,0
18546,0,262.854,257.495,1.020812,0
18547,0,242.761,241.402,1.005633,0
18548,0,476.203,482.803,0.98633,0
18549,0,422.461,418.429,1.009635,0
18550,0,269.455,273.588,0.984892,0
18551,0,361.495,370.149,0.976619,0
18552,0,198.464,193.121,1.027667,0
18553,0,370.459,370.149,1.000836,0
18554,0,223.62,225.308,0.992508,0
18555,0,352.282,354.056,0.994989,0
18556,0,415.826,418.429,0.993778,0
18557,0,182.059,177.028,1.02842,0
18558,0,621.693,627.644,0.990519,0
18559,0,680.228,692.018,0.982963,0
18560,0,135.301,128.748,1.050905,0
18561,0,665.847,659.831,1.009118,0
18562,0,742.27,756.392,0.98133,0
18563,0,201.668,209.215,0.963929,0
18564,0,39.864,32.187,1.238508,1
18565,0,391.758,386.243,1.014281,0
18566,0,993.028,997.793,0.995224,0
18567,0,299.399,305.775,0.979146,0
18568,0,218.533,225.308,0.969931,0
18569,0,301.422,305.775,0.985763,0
18570,0,373.227,370.149,1.008315,0
18571,0,884.715,885.139,0.999521,0
18572,0,849.026,852.952,0.995397,0
18573,0,762.637,756.392,1.008257,0
18574,0,861.942,852.952,1.01054,0
18575,0,412.071,418.429,0.984803,0
18576,0,403.081,402.336,1.001853,0
18577,0,214.873,209.215,1.027044,0
18578,0,379.482,386.243,0.982496,0
18579,0,167.119,160.934,1.038429,0
18580,0,154.436,160.934,0.959619,0
18581,0,322.247,321.869,1.001174,0
18582,0,670.839,675.924,0.992476,0
18583,0,247.219,241.402,1.0241,0
18584,0,607.325,611.551,0.99309,0
18585,0,207.15,209.215,0.990133,0
18586,0,345.242,337.962,1.021539,0
18587,0,726.145,724.205,1.002679,0
18588,0,696.599,692.018,1.00662,0
18589,0,122.17,128.748,0.94891,0
18590,0,664.548,675.924,0.983169,0
18591,0,616.393,611.551,1.007917,0
18592,0,642.386,643.738,0.997901,0
18593,0,356.197,354.056,1.006047,0
18594,0,139.603,160.934,0.867453,0
18595,0,834.658,836.859,0.99737,0
18596,0,826.991,820.765,1.007586,0
18597,0,358.285,354.056,1.011946,0
18598,0,364.547,370.149,0.984867,0
18599,0,281.946,289.682,0.973295,0
18600,0,294.824,289.682,1.017749,0
18601,0,937.278,933.42,1.004134,0
18602,0,627.789,627.644,1.00023,0
18603,0,259.649,257.495,1.008366,0
18604,0,411.662,418.429,0.983828,0
18605,0,817.327,820.765,0.99581,0
18606,0,771.391,772.485,0.998583,0
18607,0,321.985,321.869,1.000361,0
18608,0,757.982,756.392,1.002102,0
18609,0,151.645,144.841,1.046976,0
18610,0,133.444,128.748,1.036476,0
18611,0,172.499,177.028,0.974415,0
18612,0,103.08,96.561,1.067519,0
18613,0,197.867,193.121,1.024575,0
18614,0,796.491,804.672,0.989833,0
18615,0,326.335,321.869,1.013877,0
18616,0,78.509,80.467,0.975668,0
18617,0,45.443,48.28,0.941227,0
18618,0,79.61,80.467,0.989347,0
18619,0,775.061,772.485,1.003335,0
18620,0,813.686,804.672,1.011203,0
18621,0,201.819,209.215,0.96465,0
18622,0,210.45,209.215,1.005905,0
18623,0,281.979,289.682,0.973409,0
18624,0,626.877,627.644,0.998777,0
18625,0,592.955,595.457,0.995798,0
18626,0,1700.011,1738.092,0.978091,0
18627,0,415.312,418.429,0.992551,0
18628,0,662.524,675.924,0.980175,0
18629,0,709.105,708.111,1.001404,0
18630,0,611.982,611.551,1.000705,0
18631,0,592.834,595.457,0.995594,0
18632,0,639.908,659.831,0.969805,0
18633,0,242.517,241.402,1.00462,0
18634,0,276.516,273.588,1.0107,0
18635,0,543.931,563.27,0.965667,0
18636,0,256.703,257.495,0.996924,0
18637,0,266.725,273.588,0.974914,0
18638,0,370.416,370.149,1.000722,0
18639,0,282.591,289.682,0.975523,0
18640,0,117.021,112.654,1.038765,0
18641,0,149.526,144.841,1.032347,0
18642,0,151.377,144.841,1.045128,0
18643,0,1695.385,1738.092,0.975429,0
18644,0,420.352,418.429,1.004595,0
18645,0,137.338,144.841,0.948199,0
18646,0,160.98,160.934,1.000281,0
18647,0,108.428,112.654,0.962488,0
18648,0,79.448,80.467,0.987338,0
18649,0,559.814,563.27,0.993863,0
18650,0,78.319,80.467,0.973301,0
18651,0,476.113,482.803,0.986143,0
18652,0,487.803,482.803,1.010357,0
18653,0,799.375,804.672,0.993417,0
18654,0,592.929,595.457,0.995754,0
18655,0,927.303,933.42,0.993448,0
18656,0,172.031,177.028,0.971776,0
18657,0,94.964,96.561,0.98346,0
18658,0,185.411,193.121,0.960074,0
18659,0,218.053,225.308,0.967797,0
18660,0,160.526,160.934,0.997463,0
18661,0,255.345,257.495,0.991652,0
18662,0,235.991,241.402,0.977586,0
18663,0,366.637,370.149,0.990511,0
18664,0,231.723,225.308,1.02847,0
18665,0,644.653,643.738,1.001422,0
18666,0,182.022,177.028,1.028211,0
18667,0,194.457,193.121,1.006917,0
18668,0,204.914,209.215,0.979442,0
18669,0,163.754,160.934,1.01752,0
18670,0,164.035,160.934,1.019264,0
18671,0,436.798,434.523,1.005235,0
18672,0,437.87,434.523,1.007704,0
18673,0,190.786,193.121,0.987909,0
18674,0,422.646,418.429,1.010077,0
18675,0,185.7,193.121,0.961571,0
18676,0,907.437,901.233,1.006885,0
18677,0,1284.507,1287.475,0.997694,0
18678,0,1996.005,1995.587,1.00021,0
18679,0,1118.158,1126.541,0.992559,0
18680,0,1075.462,1078.26,0.997404,0
18681,0,1237.201,1239.195,0.998391,0
18682,0,869.073,869.046,1.000031,0
18683,0,878.945,885.139,0.993002,0
18684,0,1214.671,1223.101,0.993107,0
18685,0,1059.146,1062.167,0.997156,0
18686,0,213.75,209.215,1.021675,0
18687,0,222.301,225.308,0.986654,0
18688,0,170.941,177.028,0.965616,0
18689,0,152.653,144.841,1.053936,0
18690,0,174.04,177.028,0.983121,0
18691,0,148.445,144.841,1.024883,0
18692,0,1315.724,1319.662,0.997016,0
18693,0,285.569,289.682,0.9858,0
18694,0,470.973,466.71,1.009135,0
18695,0,356.006,354.056,1.005507,0
18696,0,326.58,321.869,1.014636,0
18697,0,481.358,482.803,0.997006,0
18698,0,462.56,466.71,0.991109,0
18699,0,920.148,917.326,1.003076,0
18700,0,1754.992,1754.185,1.00046,0
18701,0,1778.639,1770.278,1.004723,0
18702,0,269.33,273.588,0.984435,0
18703,0,261.035,289.682,0.901109,0
18704,0,261.035,289.682,0.901109,0
18705,0,54.394,48.28,1.12662,0
18706,0,54.394,48.28,1.12662,0
18707,0,235.152,241.402,0.974112,0
18708,0,235.152,241.402,0.974112,0
18709,0,148.794,144.841,1.027291,0
18710,0,148.794,144.841,1.027291,0
