node_id,node_type,longitude,latitude,coordinate_status
1,centroid,-97.861763,30.550045,source_crosschecked_datum_undeclared
2,centroid,-97.873341,30.595955,source_crosschecked_datum_undeclared
3,centroid,-97.842574,30.537706,source_crosschecked_datum_undeclared
4,centroid,-97.967226,30.531993,source_crosschecked_datum_undeclared
5,centroid,-97.901257,30.49655,source_crosschecked_datum_undeclared
6,centroid,-97.882086,30.460701,source_crosschecked_datum_undeclared
7,centroid,-97.827879,30.498174,source_crosschecked_datum_undeclared
8,centroid,-98.083907,30.434403,source_crosschecked_datum_undeclared
9,centroid,-98.053644,30.488843,source_crosschecked_datum_undeclared
10,centroid,-97.968645,30.405429,source_crosschecked_datum_undeclared
11,centroid,-98.056627,30.367501,source_crosschecked_datum_undeclared
12,centroid,-97.941993,30.421566,source_crosschecked_datum_undeclared
13,centroid,-97.888347,30.416288,source_crosschecked_datum_undeclared
14,centroid,-97.839977,30.449261,source_crosschecked_datum_undeclared
15,centroid,-97.83899,30.398674,source_crosschecked_datum_undeclared
16,centroid,-98.076591,30.33372,source_crosschecked_datum_undeclared
17,centroid,-97.972406,30.320471,source_crosschecked_datum_undeclared
18,centroid,-98.009337,30.349621,source_crosschecked_datum_undeclared
19,centroid,-97.984566,30.367501,source_crosschecked_datum_undeclared
20,centroid,-97.926677,30.382464,source_crosschecked_datum_undeclared
21,centroid,-97.937276,30.351176,source_crosschecked_datum_undeclared
22,centroid,-97.86814,30.373525,source_crosschecked_datum_undeclared
23,centroid,-97.834683,30.374974,source_crosschecked_datum_undeclared
24,centroid,-97.845706,30.351794,source_crosschecked_datum_undeclared
25,centroid,-97.974997,30.221922,source_crosschecked_datum_undeclared
26,centroid,-97.964299,30.292875,source_crosschecked_datum_undeclared
27,centroid,-97.939978,30.32358,source_crosschecked_datum_undeclared
28,centroid,-97.905759,30.343668,source_crosschecked_datum_undeclared
29,centroid,-97.89921,30.321831,source_crosschecked_datum_undeclared
30,centroid,-97.705243,30.653697,source_crosschecked_datum_undeclared
31,centroid,-97.869942,30.344763,source_crosschecked_datum_undeclared
32,centroid,-97.858595,30.332143,source_crosschecked_datum_undeclared
33,centroid,-97.841425,30.318718,source_crosschecked_datum_undeclared
34,centroid,-97.832125,30.30131,source_crosschecked_datum_undeclared
35,centroid,-97.919182,30.304379,source_crosschecked_datum_undeclared
36,centroid,-97.888816,30.298805,source_crosschecked_datum_undeclared
37,centroid,-97.921387,30.352597,source_crosschecked_datum_undeclared
38,centroid,-97.871556,30.308173,source_crosschecked_datum_undeclared
39,centroid,-97.779089,30.351189,source_crosschecked_datum_undeclared
40,centroid,-97.744053,30.384802,source_crosschecked_datum_undeclared
41,centroid,-97.833651,30.288711,source_crosschecked_datum_undeclared
42,centroid,-97.902792,30.286234,source_crosschecked_datum_undeclared
43,centroid,-98.013199,30.272366,source_crosschecked_datum_undeclared
44,centroid,-97.879621,30.286428,source_crosschecked_datum_undeclared
45,centroid,-97.899068,30.267169,source_crosschecked_datum_undeclared
46,centroid,-97.86426,30.287223,source_crosschecked_datum_undeclared
47,centroid,-97.665825,30.513457,source_crosschecked_datum_undeclared
48,centroid,-97.703502,30.308846,source_crosschecked_datum_undeclared
49,centroid,-97.843688,30.286457,source_crosschecked_datum_undeclared
50,centroid,-97.836009,30.279555,source_crosschecked_datum_undeclared
51,centroid,-97.932402,30.205053,source_crosschecked_datum_undeclared
52,centroid,-97.873192,30.273341,source_crosschecked_datum_undeclared
53,centroid,-97.909655,30.196482,source_crosschecked_datum_undeclared
54,centroid,-97.901713,30.172804,source_crosschecked_datum_undeclared
55,centroid,-97.851746,30.260857,source_crosschecked_datum_undeclared
56,centroid,-97.829376,30.259205,source_crosschecked_datum_undeclared
57,centroid,-97.825581,30.247459,source_crosschecked_datum_undeclared
58,centroid,-97.819398,30.235346,source_crosschecked_datum_undeclared
59,centroid,-97.895281,30.25396,source_crosschecked_datum_undeclared
60,centroid,-97.879541,30.24144,source_crosschecked_datum_undeclared
61,centroid,-97.872037,30.246756,source_crosschecked_datum_undeclared
62,centroid,-97.858211,30.245081,source_crosschecked_datum_undeclared
63,centroid,-97.852166,30.240247,source_crosschecked_datum_undeclared
64,centroid,-97.928478,30.267416,source_crosschecked_datum_undeclared
65,centroid,-97.93101,30.237106,source_crosschecked_datum_undeclared
66,centroid,-97.915824,30.244016,source_crosschecked_datum_undeclared
67,centroid,-97.909155,30.249879,source_crosschecked_datum_undeclared
68,centroid,-97.892018,30.238308,source_crosschecked_datum_undeclared
69,centroid,-97.985156,30.244942,source_crosschecked_datum_undeclared
70,centroid,-97.943499,30.250014,source_crosschecked_datum_undeclared
71,centroid,-97.954558,30.209143,source_crosschecked_datum_undeclared
72,centroid,-97.947086,30.21593,source_crosschecked_datum_undeclared
73,centroid,-97.905353,30.221875,source_crosschecked_datum_undeclared
74,centroid,-97.884729,30.210384,source_crosschecked_datum_undeclared
75,centroid,-97.883969,30.222138,source_crosschecked_datum_undeclared
76,centroid,-97.928999,30.22221,source_crosschecked_datum_undeclared
77,centroid,-97.858915,30.230631,source_crosschecked_datum_undeclared
78,centroid,-97.850001,30.229226,source_crosschecked_datum_undeclared
79,centroid,-97.839501,30.232836,source_crosschecked_datum_undeclared
80,centroid,-97.835974,30.224841,source_crosschecked_datum_undeclared
81,centroid,-97.862221,30.225853,source_crosschecked_datum_undeclared
82,centroid,-97.865677,30.217987,source_crosschecked_datum_undeclared
83,centroid,-97.849136,30.220626,source_crosschecked_datum_undeclared
84,centroid,-97.858294,30.214768,source_crosschecked_datum_undeclared
85,centroid,-97.836175,30.214574,source_crosschecked_datum_undeclared
86,centroid,-97.845563,30.206238,source_crosschecked_datum_undeclared
87,centroid,-97.773059,30.39592,source_crosschecked_datum_undeclared
88,centroid,-97.872225,30.20472,source_crosschecked_datum_undeclared
89,centroid,-97.858353,30.188692,source_crosschecked_datum_undeclared
90,centroid,-97.937337,30.194893,source_crosschecked_datum_undeclared
91,centroid,-97.920445,30.209985,source_crosschecked_datum_undeclared
92,centroid,-97.895714,30.191616,source_crosschecked_datum_undeclared
93,centroid,-97.914187,30.179056,source_crosschecked_datum_undeclared
94,centroid,-97.890011,30.183883,source_crosschecked_datum_undeclared
95,centroid,-97.809077,30.342242,source_crosschecked_datum_undeclared
96,centroid,-97.868659,30.166515,source_crosschecked_datum_undeclared
97,centroid,-97.866404,30.152804,source_crosschecked_datum_undeclared
98,centroid,-97.829257,30.204417,source_crosschecked_datum_undeclared
99,centroid,-97.841393,30.188004,source_crosschecked_datum_undeclared
100,centroid,-97.842194,30.17107,source_crosschecked_datum_undeclared
101,centroid,-97.854535,30.164297,source_crosschecked_datum_undeclared
102,centroid,-97.842915,30.133666,source_crosschecked_datum_undeclared
103,centroid,-97.832171,30.599148,source_crosschecked_datum_undeclared
104,centroid,-97.799189,30.579994,source_crosschecked_datum_undeclared
105,centroid,-97.756155,30.589421,source_crosschecked_datum_undeclared
106,centroid,-97.692748,30.614041,source_crosschecked_datum_undeclared
107,centroid,-97.663039,30.627603,source_crosschecked_datum_undeclared
108,centroid,-97.671384,30.575265,source_crosschecked_datum_undeclared
109,centroid,-97.644672,30.569989,source_crosschecked_datum_undeclared
110,centroid,-97.803089,30.522036,source_crosschecked_datum_undeclared
111,centroid,-97.768768,30.518674,source_crosschecked_datum_undeclared
112,centroid,-97.737027,30.527329,source_crosschecked_datum_undeclared
113,centroid,-97.739952,30.542739,source_crosschecked_datum_undeclared
114,centroid,-97.693987,30.540723,source_crosschecked_datum_undeclared
115,centroid,-97.683218,30.544608,source_crosschecked_datum_undeclared
116,centroid,-97.664092,30.550837,source_crosschecked_datum_undeclared
117,centroid,-97.811989,30.480535,source_crosschecked_datum_undeclared
118,centroid,-97.806242,30.471692,source_crosschecked_datum_undeclared
119,centroid,-97.793977,30.500992,source_crosschecked_datum_undeclared
120,centroid,-97.758083,30.483751,source_crosschecked_datum_undeclared
121,centroid,-97.733466,30.506262,source_crosschecked_datum_undeclared
122,centroid,-97.710151,30.516396,source_crosschecked_datum_undeclared
123,centroid,-97.699474,30.526432,source_crosschecked_datum_undeclared
124,centroid,-97.693185,30.529538,source_crosschecked_datum_undeclared
125,centroid,-97.677935,30.530948,source_crosschecked_datum_undeclared
126,centroid,-97.657977,30.537547,source_crosschecked_datum_undeclared
127,centroid,-97.628339,30.537873,source_crosschecked_datum_undeclared
128,centroid,-97.687699,30.525447,source_crosschecked_datum_undeclared
129,centroid,-97.674702,30.522907,source_crosschecked_datum_undeclared
130,centroid,-97.660354,30.527937,source_crosschecked_datum_undeclared
131,centroid,-97.684306,30.514658,source_crosschecked_datum_undeclared
132,centroid,-97.675414,30.517125,source_crosschecked_datum_undeclared
133,centroid,-97.609093,30.468471,source_crosschecked_datum_undeclared
134,centroid,-97.649805,30.51606,source_crosschecked_datum_undeclared
135,centroid,-97.690696,30.520364,source_crosschecked_datum_undeclared
136,centroid,-97.681971,30.510451,source_crosschecked_datum_undeclared
137,centroid,-97.675429,30.512392,source_crosschecked_datum_undeclared
138,centroid,-97.659832,30.516269,source_crosschecked_datum_undeclared
139,centroid,-97.748408,30.477235,source_crosschecked_datum_undeclared
140,centroid,-97.699917,30.499365,source_crosschecked_datum_undeclared
141,centroid,-97.681264,30.506831,source_crosschecked_datum_undeclared
142,centroid,-97.687935,30.489825,source_crosschecked_datum_undeclared
143,centroid,-97.678514,30.500887,source_crosschecked_datum_undeclared
144,centroid,-97.668835,30.503811,source_crosschecked_datum_undeclared
145,centroid,-97.648706,30.505463,source_crosschecked_datum_undeclared
146,centroid,-97.621085,30.512273,source_crosschecked_datum_undeclared
147,centroid,-97.698393,30.481309,source_crosschecked_datum_undeclared
148,centroid,-97.683939,30.482178,source_crosschecked_datum_undeclared
149,centroid,-97.669035,30.488674,source_crosschecked_datum_undeclared
150,centroid,-97.631009,30.492029,source_crosschecked_datum_undeclared
151,centroid,-97.816014,30.454371,source_crosschecked_datum_undeclared
152,centroid,-97.804425,30.460688,source_crosschecked_datum_undeclared
153,centroid,-97.786828,30.463568,source_crosschecked_datum_undeclared
154,centroid,-97.769391,30.469152,source_crosschecked_datum_undeclared
155,centroid,-97.734708,30.465101,source_crosschecked_datum_undeclared
156,centroid,-97.703262,30.473658,source_crosschecked_datum_undeclared
157,centroid,-97.68639,30.460659,source_crosschecked_datum_undeclared
158,centroid,-97.671883,30.453786,source_crosschecked_datum_undeclared
159,centroid,-97.654187,30.467254,source_crosschecked_datum_undeclared
160,centroid,-97.635163,30.460126,source_crosschecked_datum_undeclared
161,centroid,-97.799555,30.452107,source_crosschecked_datum_undeclared
162,centroid,-97.78093,30.443651,source_crosschecked_datum_undeclared
163,centroid,-97.785175,30.45527,source_crosschecked_datum_undeclared
164,centroid,-97.771871,30.458188,source_crosschecked_datum_undeclared
165,centroid,-97.776564,30.449527,source_crosschecked_datum_undeclared
166,centroid,-97.763846,30.452449,source_crosschecked_datum_undeclared
167,centroid,-97.704426,30.453141,source_crosschecked_datum_undeclared
168,centroid,-97.76236,30.446519,source_crosschecked_datum_undeclared
169,centroid,-97.755978,30.442063,source_crosschecked_datum_undeclared
170,centroid,-97.731102,30.442247,source_crosschecked_datum_undeclared
171,centroid,-97.712671,30.43446,source_crosschecked_datum_undeclared
172,centroid,-97.681327,30.444289,source_crosschecked_datum_undeclared
173,centroid,-97.679807,30.431584,source_crosschecked_datum_undeclared
174,centroid,-97.654831,30.43806,source_crosschecked_datum_undeclared
175,centroid,-97.632319,30.429712,source_crosschecked_datum_undeclared
176,centroid,-97.613692,30.446884,source_crosschecked_datum_undeclared
177,centroid,-97.756928,30.412276,source_crosschecked_datum_undeclared
178,centroid,-97.825646,30.440343,source_crosschecked_datum_undeclared
179,centroid,-97.812579,30.433092,source_crosschecked_datum_undeclared
180,centroid,-97.80419,30.426198,source_crosschecked_datum_undeclared
181,centroid,-97.792283,30.440545,source_crosschecked_datum_undeclared
182,centroid,-97.790268,30.430965,source_crosschecked_datum_undeclared
183,centroid,-97.745077,30.432578,source_crosschecked_datum_undeclared
184,centroid,-97.836201,30.419188,source_crosschecked_datum_undeclared
185,centroid,-97.806945,30.409079,source_crosschecked_datum_undeclared
186,centroid,-97.785683,30.418049,source_crosschecked_datum_undeclared
187,centroid,-97.782925,30.44012,source_crosschecked_datum_undeclared
188,centroid,-97.772391,30.427536,source_crosschecked_datum_undeclared
189,centroid,-97.776502,30.416096,source_crosschecked_datum_undeclared
190,centroid,-97.757609,30.421041,source_crosschecked_datum_undeclared
191,centroid,-97.734935,30.422727,source_crosschecked_datum_undeclared
192,centroid,-97.724833,30.421209,source_crosschecked_datum_undeclared
193,centroid,-97.687169,30.419626,source_crosschecked_datum_undeclared
194,centroid,-97.628126,30.474927,source_crosschecked_datum_undeclared
195,centroid,-97.774264,30.402543,source_crosschecked_datum_undeclared
196,centroid,-97.763188,30.393165,source_crosschecked_datum_undeclared
197,centroid,-97.764003,30.405087,source_crosschecked_datum_undeclared
198,centroid,-97.75365,30.40121,source_crosschecked_datum_undeclared
199,centroid,-97.737938,30.407812,source_crosschecked_datum_undeclared
200,centroid,-97.713136,30.416374,source_crosschecked_datum_undeclared
201,centroid,-97.723123,30.401368,source_crosschecked_datum_undeclared
202,centroid,-97.71107,30.400383,source_crosschecked_datum_undeclared
203,centroid,-97.7016,30.412333,source_crosschecked_datum_undeclared
204,centroid,-97.684758,30.406628,source_crosschecked_datum_undeclared
205,centroid,-97.676128,30.396503,source_crosschecked_datum_undeclared
206,centroid,-97.652095,30.402956,source_crosschecked_datum_undeclared
207,centroid,-97.629909,30.385822,source_crosschecked_datum_undeclared
208,centroid,-97.616178,30.398609,source_crosschecked_datum_undeclared
209,centroid,-97.603293,30.420193,source_crosschecked_datum_undeclared
210,centroid,-97.82942,30.396551,source_crosschecked_datum_undeclared
211,centroid,-97.642884,30.271191,source_crosschecked_datum_undeclared
212,centroid,-97.78675,30.395144,source_crosschecked_datum_undeclared
213,centroid,-97.800872,30.393237,source_crosschecked_datum_undeclared
214,centroid,-97.752089,30.391578,source_crosschecked_datum_undeclared
215,centroid,-97.74096,30.394219,source_crosschecked_datum_undeclared
216,centroid,-97.738158,30.38687,source_crosschecked_datum_undeclared
217,centroid,-97.728635,30.384116,source_crosschecked_datum_undeclared
218,centroid,-97.722328,30.379353,source_crosschecked_datum_undeclared
219,centroid,-97.706944,30.380339,source_crosschecked_datum_undeclared
220,centroid,-97.69242,30.395126,source_crosschecked_datum_undeclared
221,centroid,-97.678624,30.384254,source_crosschecked_datum_undeclared
222,centroid,-97.668098,30.380068,source_crosschecked_datum_undeclared
223,centroid,-97.660601,30.383394,source_crosschecked_datum_undeclared
224,centroid,-97.650303,30.373993,source_crosschecked_datum_undeclared
225,centroid,-97.636824,30.371901,source_crosschecked_datum_undeclared
226,centroid,-97.621547,30.357638,source_crosschecked_datum_undeclared
227,centroid,-97.604697,30.347504,source_crosschecked_datum_undeclared
228,centroid,-97.581717,30.360871,source_crosschecked_datum_undeclared
229,centroid,-97.77245,30.369183,source_crosschecked_datum_undeclared
230,centroid,-97.754946,30.383082,source_crosschecked_datum_undeclared
231,centroid,-97.748874,30.370937,source_crosschecked_datum_undeclared
232,centroid,-97.738426,30.372799,source_crosschecked_datum_undeclared
233,centroid,-97.732737,30.368742,source_crosschecked_datum_undeclared
234,centroid,-97.723827,30.365825,source_crosschecked_datum_undeclared
235,centroid,-97.712527,30.367008,source_crosschecked_datum_undeclared
236,centroid,-97.714456,30.374445,source_crosschecked_datum_undeclared
237,centroid,-97.703016,30.362717,source_crosschecked_datum_undeclared
238,centroid,-97.701017,30.365978,source_crosschecked_datum_undeclared
239,centroid,-97.696226,30.374479,source_crosschecked_datum_undeclared
240,centroid,-97.687912,30.368666,source_crosschecked_datum_undeclared
241,centroid,-97.676517,30.362402,source_crosschecked_datum_undeclared
242,centroid,-97.662114,30.35801,source_crosschecked_datum_undeclared
243,centroid,-97.634953,30.340503,source_crosschecked_datum_undeclared
244,centroid,-97.616902,30.335824,source_crosschecked_datum_undeclared
245,centroid,-97.740699,30.3645,source_crosschecked_datum_undeclared
246,centroid,-97.735446,30.361619,source_crosschecked_datum_undeclared
247,centroid,-97.724918,30.357612,source_crosschecked_datum_undeclared
248,centroid,-97.7182,30.355442,source_crosschecked_datum_undeclared
249,centroid,-97.710188,30.356542,source_crosschecked_datum_undeclared
250,centroid,-97.69626,30.354451,source_crosschecked_datum_undeclared
251,centroid,-97.685483,30.348438,source_crosschecked_datum_undeclared
252,centroid,-97.690935,30.338319,source_crosschecked_datum_undeclared
253,centroid,-97.664499,30.337807,source_crosschecked_datum_undeclared
254,centroid,-97.675748,30.333871,source_crosschecked_datum_undeclared
255,centroid,-97.647877,30.333513,source_crosschecked_datum_undeclared
256,centroid,-97.757804,30.361286,source_crosschecked_datum_undeclared
257,centroid,-97.743801,30.35516,source_crosschecked_datum_undeclared
258,centroid,-97.738792,30.350866,source_crosschecked_datum_undeclared
259,centroid,-97.734401,30.355362,source_crosschecked_datum_undeclared
260,centroid,-97.727219,30.351559,source_crosschecked_datum_undeclared
261,centroid,-97.729428,30.346115,source_crosschecked_datum_undeclared
262,centroid,-97.718429,30.348204,source_crosschecked_datum_undeclared
263,centroid,-97.721317,30.342425,source_crosschecked_datum_undeclared
264,centroid,-97.709102,30.340669,source_crosschecked_datum_undeclared
265,centroid,-97.696583,30.33247,source_crosschecked_datum_undeclared
266,centroid,-97.685099,30.32667,source_crosschecked_datum_undeclared
267,centroid,-97.664095,30.324017,source_crosschecked_datum_undeclared
268,centroid,-97.651571,30.32257,source_crosschecked_datum_undeclared
269,centroid,-97.639453,30.3202,source_crosschecked_datum_undeclared
270,centroid,-97.617448,30.325044,source_crosschecked_datum_undeclared
271,centroid,-97.57601,30.327527,source_crosschecked_datum_undeclared
272,centroid,-97.558384,30.34417,source_crosschecked_datum_undeclared
273,centroid,-97.76121,30.347874,source_crosschecked_datum_undeclared
274,centroid,-97.750211,30.341089,source_crosschecked_datum_undeclared
275,centroid,-97.742547,30.34102,source_crosschecked_datum_undeclared
276,centroid,-97.733307,30.337612,source_crosschecked_datum_undeclared
277,centroid,-97.725896,30.334246,source_crosschecked_datum_undeclared
278,centroid,-97.720367,30.328946,source_crosschecked_datum_undeclared
279,centroid,-97.711138,30.329197,source_crosschecked_datum_undeclared
280,centroid,-97.698623,30.324755,source_crosschecked_datum_undeclared
281,centroid,-97.854872,30.308832,source_crosschecked_datum_undeclared
282,centroid,-97.789916,30.353876,source_crosschecked_datum_undeclared
283,centroid,-97.78138,30.338864,source_crosschecked_datum_undeclared
284,centroid,-97.76676,30.333799,source_crosschecked_datum_undeclared
285,centroid,-97.759891,30.331953,source_crosschecked_datum_undeclared
286,centroid,-97.751829,30.332227,source_crosschecked_datum_undeclared
287,centroid,-97.742742,30.330139,source_crosschecked_datum_undeclared
288,centroid,-97.735351,30.330061,source_crosschecked_datum_undeclared
289,centroid,-97.730682,30.325264,source_crosschecked_datum_undeclared
290,centroid,-97.720953,30.320679,source_crosschecked_datum_undeclared
291,centroid,-97.711051,30.316483,source_crosschecked_datum_undeclared
292,centroid,-97.702866,30.318649,source_crosschecked_datum_undeclared
293,centroid,-97.693892,30.316705,source_crosschecked_datum_undeclared
294,centroid,-97.684863,30.316931,source_crosschecked_datum_undeclared
295,centroid,-97.690083,30.307248,source_crosschecked_datum_undeclared
296,centroid,-97.672491,30.316758,source_crosschecked_datum_undeclared
297,centroid,-97.680821,30.310034,source_crosschecked_datum_undeclared
298,centroid,-97.67833,30.300761,source_crosschecked_datum_undeclared
299,centroid,-97.666683,30.303255,source_crosschecked_datum_undeclared
300,centroid,-97.65656,30.311495,source_crosschecked_datum_undeclared
301,centroid,-97.655743,30.295066,source_crosschecked_datum_undeclared
302,centroid,-97.6301,30.305169,source_crosschecked_datum_undeclared
303,centroid,-97.640662,30.28759,source_crosschecked_datum_undeclared
304,centroid,-97.606829,30.296238,source_crosschecked_datum_undeclared
305,centroid,-97.821754,30.35485,source_crosschecked_datum_undeclared
306,centroid,-97.799011,30.339491,source_crosschecked_datum_undeclared
307,centroid,-97.79414,30.344399,source_crosschecked_datum_undeclared
308,centroid,-97.786917,30.334694,source_crosschecked_datum_undeclared
309,centroid,-97.804386,30.330049,source_crosschecked_datum_undeclared
310,centroid,-97.794461,30.32969,source_crosschecked_datum_undeclared
311,centroid,-97.784862,30.323452,source_crosschecked_datum_undeclared
312,centroid,-97.790383,30.322771,source_crosschecked_datum_undeclared
313,centroid,-97.779878,30.309286,source_crosschecked_datum_undeclared
314,centroid,-97.773295,30.319513,source_crosschecked_datum_undeclared
315,centroid,-97.76201,30.316399,source_crosschecked_datum_undeclared
316,centroid,-97.748686,30.322827,source_crosschecked_datum_undeclared
317,centroid,-97.741563,30.318928,source_crosschecked_datum_undeclared
318,centroid,-97.735161,30.318134,source_crosschecked_datum_undeclared
319,centroid,-97.726851,30.312636,source_crosschecked_datum_undeclared
320,centroid,-97.719694,30.309394,source_crosschecked_datum_undeclared
321,centroid,-97.713911,30.308606,source_crosschecked_datum_undeclared
322,centroid,-97.694168,30.291673,source_crosschecked_datum_undeclared
323,centroid,-97.685312,30.289535,source_crosschecked_datum_undeclared
324,centroid,-97.674631,30.289232,source_crosschecked_datum_undeclared
325,centroid,-97.753043,30.325211,source_crosschecked_datum_undeclared
326,centroid,-97.755063,30.312346,source_crosschecked_datum_undeclared
327,centroid,-97.750453,30.314377,source_crosschecked_datum_undeclared
328,centroid,-97.745119,30.311422,source_crosschecked_datum_undeclared
329,centroid,-97.73437,30.314075,source_crosschecked_datum_undeclared
330,centroid,-97.737685,30.307788,source_crosschecked_datum_undeclared
331,centroid,-97.731148,30.304357,source_crosschecked_datum_undeclared
332,centroid,-97.723839,30.299796,source_crosschecked_datum_undeclared
333,centroid,-97.712677,30.29537,source_crosschecked_datum_undeclared
334,centroid,-97.809788,30.320631,source_crosschecked_datum_undeclared
335,centroid,-97.819504,30.312617,source_crosschecked_datum_undeclared
336,centroid,-97.806541,30.309044,source_crosschecked_datum_undeclared
337,centroid,-97.80207,30.321536,source_crosschecked_datum_undeclared
338,centroid,-97.798815,30.316334,source_crosschecked_datum_undeclared
339,centroid,-97.788871,30.30976,source_crosschecked_datum_undeclared
340,centroid,-97.770739,30.306907,source_crosschecked_datum_undeclared
341,centroid,-97.760175,30.306124,source_crosschecked_datum_undeclared
342,centroid,-97.756618,30.304992,source_crosschecked_datum_undeclared
343,centroid,-97.751664,30.303114,source_crosschecked_datum_undeclared
344,centroid,-97.747239,30.302486,source_crosschecked_datum_undeclared
345,centroid,-97.742797,30.299443,source_crosschecked_datum_undeclared
346,centroid,-97.735674,30.29791,source_crosschecked_datum_undeclared
347,centroid,-97.731181,30.293084,source_crosschecked_datum_undeclared
348,centroid,-97.727363,30.292608,source_crosschecked_datum_undeclared
349,centroid,-97.719395,30.289092,source_crosschecked_datum_undeclared
350,centroid,-97.71165,30.287942,source_crosschecked_datum_undeclared
351,centroid,-97.701787,30.285307,source_crosschecked_datum_undeclared
352,centroid,-97.777043,30.297498,source_crosschecked_datum_undeclared
353,centroid,-97.765987,30.291148,source_crosschecked_datum_undeclared
354,centroid,-97.762541,30.296874,source_crosschecked_datum_undeclared
355,centroid,-97.754442,30.294723,source_crosschecked_datum_undeclared
356,centroid,-97.745937,30.291274,source_crosschecked_datum_undeclared
357,centroid,-97.759194,30.285813,source_crosschecked_datum_undeclared
358,centroid,-97.747977,30.285682,source_crosschecked_datum_undeclared
359,centroid,-97.743151,30.284903,source_crosschecked_datum_undeclared
360,centroid,-97.742966,30.290562,source_crosschecked_datum_undeclared
361,centroid,-97.738284,30.291737,source_crosschecked_datum_undeclared
362,centroid,-97.735154,30.285008,source_crosschecked_datum_undeclared
363,centroid,-97.730248,30.286926,source_crosschecked_datum_undeclared
364,centroid,-97.818543,30.302516,source_crosschecked_datum_undeclared
365,centroid,-97.81223,30.290736,source_crosschecked_datum_undeclared
366,centroid,-97.799899,30.300199,source_crosschecked_datum_undeclared
367,centroid,-97.785116,30.282386,source_crosschecked_datum_undeclared
368,centroid,-97.780701,30.283673,source_crosschecked_datum_undeclared
369,centroid,-97.778414,30.291216,source_crosschecked_datum_undeclared
370,centroid,-97.77024,30.283819,source_crosschecked_datum_undeclared
371,centroid,-97.760494,30.276309,source_crosschecked_datum_undeclared
372,centroid,-97.752313,30.271814,source_crosschecked_datum_undeclared
373,centroid,-97.749925,30.27412,source_crosschecked_datum_undeclared
374,centroid,-97.744971,30.276649,source_crosschecked_datum_undeclared
375,centroid,-97.743468,30.279904,source_crosschecked_datum_undeclared
376,centroid,-97.738873,30.27864,source_crosschecked_datum_undeclared
377,centroid,-97.740269,30.274993,source_crosschecked_datum_undeclared
378,centroid,-97.743373,30.271875,source_crosschecked_datum_undeclared
379,centroid,-97.740184,30.270625,source_crosschecked_datum_undeclared
380,centroid,-97.744601,30.268129,source_crosschecked_datum_undeclared
381,centroid,-97.741182,30.267364,source_crosschecked_datum_undeclared
382,centroid,-97.738381,30.266557,source_crosschecked_datum_undeclared
383,centroid,-97.736137,30.270537,source_crosschecked_datum_undeclared
384,centroid,-97.733763,30.27371,source_crosschecked_datum_undeclared
385,centroid,-97.734167,30.277326,source_crosschecked_datum_undeclared
386,centroid,-97.731517,30.282229,source_crosschecked_datum_undeclared
387,centroid,-97.726061,30.280795,source_crosschecked_datum_undeclared
388,centroid,-97.723909,30.281401,source_crosschecked_datum_undeclared
389,centroid,-97.719348,30.281893,source_crosschecked_datum_undeclared
390,centroid,-97.710834,30.283713,source_crosschecked_datum_undeclared
391,centroid,-97.725163,30.275893,source_crosschecked_datum_undeclared
392,centroid,-97.718792,30.277056,source_crosschecked_datum_undeclared
393,centroid,-97.713445,30.277541,source_crosschecked_datum_undeclared
394,centroid,-97.705986,30.278174,source_crosschecked_datum_undeclared
395,centroid,-97.693411,30.280929,source_crosschecked_datum_undeclared
396,centroid,-97.680221,30.283335,source_crosschecked_datum_undeclared
397,centroid,-97.678189,30.273431,source_crosschecked_datum_undeclared
398,centroid,-97.658848,30.271453,source_crosschecked_datum_undeclared
399,centroid,-97.625628,30.258811,source_crosschecked_datum_undeclared
400,centroid,-97.620276,30.275689,source_crosschecked_datum_undeclared
401,centroid,-97.586183,30.261466,source_crosschecked_datum_undeclared
402,centroid,-97.762089,30.271327,source_crosschecked_datum_undeclared
403,centroid,-97.752761,30.267524,source_crosschecked_datum_undeclared
404,centroid,-97.749402,30.266418,source_crosschecked_datum_undeclared
405,centroid,-97.74621,30.265461,source_crosschecked_datum_undeclared
406,centroid,-97.742416,30.264483,source_crosschecked_datum_undeclared
407,centroid,-97.739258,30.26393,source_crosschecked_datum_undeclared
408,centroid,-97.741275,30.259453,source_crosschecked_datum_undeclared
409,centroid,-97.729877,30.256691,source_crosschecked_datum_undeclared
410,centroid,-97.728685,30.261901,source_crosschecked_datum_undeclared
411,centroid,-97.727423,30.26616,source_crosschecked_datum_undeclared
412,centroid,-97.722003,30.267962,source_crosschecked_datum_undeclared
413,centroid,-97.724436,30.271109,source_crosschecked_datum_undeclared
414,centroid,-97.71745,30.272163,source_crosschecked_datum_undeclared
415,centroid,-97.70587,30.274171,source_crosschecked_datum_undeclared
416,centroid,-97.709691,30.26789,source_crosschecked_datum_undeclared
417,centroid,-97.717513,30.267381,source_crosschecked_datum_undeclared
418,centroid,-97.717284,30.264093,source_crosschecked_datum_undeclared
419,centroid,-97.7169,30.258199,source_crosschecked_datum_undeclared
420,centroid,-97.722292,30.25203,source_crosschecked_datum_undeclared
421,centroid,-97.707214,30.255176,source_crosschecked_datum_undeclared
422,centroid,-97.705899,30.261117,source_crosschecked_datum_undeclared
423,centroid,-97.701265,30.267416,source_crosschecked_datum_undeclared
424,centroid,-97.694831,30.275623,source_crosschecked_datum_undeclared
425,centroid,-97.693985,30.269491,source_crosschecked_datum_undeclared
426,centroid,-97.696217,30.257898,source_crosschecked_datum_undeclared
427,centroid,-97.698255,30.250378,source_crosschecked_datum_undeclared
428,centroid,-97.683975,30.258971,source_crosschecked_datum_undeclared
429,centroid,-97.675294,30.252393,source_crosschecked_datum_undeclared
430,centroid,-97.826542,30.292047,source_crosschecked_datum_undeclared
431,centroid,-97.822447,30.28751,source_crosschecked_datum_undeclared
432,centroid,-97.813683,30.279794,source_crosschecked_datum_undeclared
433,centroid,-97.80577,30.273914,source_crosschecked_datum_undeclared
434,centroid,-97.79798,30.281114,source_crosschecked_datum_undeclared
435,centroid,-97.785524,30.274313,source_crosschecked_datum_undeclared
436,centroid,-97.770276,30.269571,source_crosschecked_datum_undeclared
437,centroid,-97.760172,30.26379,source_crosschecked_datum_undeclared
438,centroid,-97.753126,30.260843,source_crosschecked_datum_undeclared
439,centroid,-97.747288,30.260153,source_crosschecked_datum_undeclared
440,centroid,-97.743315,30.256479,source_crosschecked_datum_undeclared
441,centroid,-97.723846,30.242798,source_crosschecked_datum_undeclared
442,centroid,-97.713168,30.236178,source_crosschecked_datum_undeclared
443,centroid,-97.699893,30.237023,source_crosschecked_datum_undeclared
444,centroid,-97.690977,30.231273,source_crosschecked_datum_undeclared
445,centroid,-97.650627,30.247651,source_crosschecked_datum_undeclared
446,centroid,-97.893907,30.583031,source_crosschecked_datum_undeclared
447,centroid,-97.612743,30.223538,source_crosschecked_datum_undeclared
448,centroid,-97.795414,30.267841,source_crosschecked_datum_undeclared
449,centroid,-97.781663,30.263639,source_crosschecked_datum_undeclared
450,centroid,-97.779408,30.254015,source_crosschecked_datum_undeclared
451,centroid,-97.76513,30.258468,source_crosschecked_datum_undeclared
452,centroid,-97.756802,30.254583,source_crosschecked_datum_undeclared
453,centroid,-97.750714,30.251548,source_crosschecked_datum_undeclared
454,centroid,-97.74487,30.249125,source_crosschecked_datum_undeclared
455,centroid,-97.737968,30.245798,source_crosschecked_datum_undeclared
456,centroid,-97.733277,30.241422,source_crosschecked_datum_undeclared
457,centroid,-97.72957,30.235658,source_crosschecked_datum_undeclared
458,centroid,-97.720917,30.228055,source_crosschecked_datum_undeclared
459,centroid,-97.701277,30.218025,source_crosschecked_datum_undeclared
460,centroid,-97.812312,30.268739,source_crosschecked_datum_undeclared
461,centroid,-97.80009,30.262467,source_crosschecked_datum_undeclared
462,centroid,-97.807261,30.257482,source_crosschecked_datum_undeclared
463,centroid,-97.799248,30.247294,source_crosschecked_datum_undeclared
464,centroid,-97.789672,30.258186,source_crosschecked_datum_undeclared
465,centroid,-97.791535,30.250663,source_crosschecked_datum_undeclared
466,centroid,-97.794477,30.240428,source_crosschecked_datum_undeclared
467,centroid,-97.787768,30.236384,source_crosschecked_datum_undeclared
468,centroid,-97.779795,30.23376,source_crosschecked_datum_undeclared
469,centroid,-97.774117,30.243976,source_crosschecked_datum_undeclared
470,centroid,-97.772077,30.251311,source_crosschecked_datum_undeclared
471,centroid,-97.762422,30.246241,source_crosschecked_datum_undeclared
472,centroid,-97.766963,30.240171,source_crosschecked_datum_undeclared
473,centroid,-97.771333,30.23169,source_crosschecked_datum_undeclared
474,centroid,-97.764302,30.227782,source_crosschecked_datum_undeclared
475,centroid,-97.759859,30.235703,source_crosschecked_datum_undeclared
476,centroid,-97.754573,30.243373,source_crosschecked_datum_undeclared
477,centroid,-97.744361,30.241194,source_crosschecked_datum_undeclared
478,centroid,-97.748602,30.238356,source_crosschecked_datum_undeclared
479,centroid,-97.751904,30.231751,source_crosschecked_datum_undeclared
480,centroid,-97.757112,30.223802,source_crosschecked_datum_undeclared
481,centroid,-97.746881,30.218675,source_crosschecked_datum_undeclared
482,centroid,-97.739635,30.22543,source_crosschecked_datum_undeclared
483,centroid,-97.732462,30.226569,source_crosschecked_datum_undeclared
484,centroid,-97.725743,30.219904,source_crosschecked_datum_undeclared
485,centroid,-97.824877,30.274722,source_crosschecked_datum_undeclared
486,centroid,-97.814911,30.255952,source_crosschecked_datum_undeclared
487,centroid,-97.807971,30.235591,source_crosschecked_datum_undeclared
488,centroid,-97.795844,30.227237,source_crosschecked_datum_undeclared
489,centroid,-97.784683,30.222209,source_crosschecked_datum_undeclared
490,centroid,-97.77595,30.219404,source_crosschecked_datum_undeclared
491,centroid,-97.770121,30.219174,source_crosschecked_datum_undeclared
492,centroid,-97.762511,30.213479,source_crosschecked_datum_undeclared
493,centroid,-97.749497,30.203546,source_crosschecked_datum_undeclared
494,centroid,-97.741725,30.211973,source_crosschecked_datum_undeclared
495,centroid,-97.739267,30.199342,source_crosschecked_datum_undeclared
496,centroid,-97.727805,30.199427,source_crosschecked_datum_undeclared
497,centroid,-97.702259,30.185219,source_crosschecked_datum_undeclared
498,centroid,-97.705674,30.207604,source_crosschecked_datum_undeclared
499,centroid,-97.668694,30.200401,source_crosschecked_datum_undeclared
500,centroid,-97.664314,30.224758,source_crosschecked_datum_undeclared
501,centroid,-97.603752,30.207631,source_crosschecked_datum_undeclared
502,centroid,-97.806673,30.229851,source_crosschecked_datum_undeclared
503,centroid,-97.812739,30.223724,source_crosschecked_datum_undeclared
504,centroid,-97.819622,30.213238,source_crosschecked_datum_undeclared
505,centroid,-97.808543,30.211461,source_crosschecked_datum_undeclared
506,centroid,-97.800719,30.219912,source_crosschecked_datum_undeclared
507,centroid,-97.7932,30.21642,source_crosschecked_datum_undeclared
508,centroid,-97.801517,30.207136,source_crosschecked_datum_undeclared
509,centroid,-97.794697,30.205816,source_crosschecked_datum_undeclared
510,centroid,-97.788886,30.214075,source_crosschecked_datum_undeclared
511,centroid,-97.783613,30.211162,source_crosschecked_datum_undeclared
512,centroid,-97.787716,30.204494,source_crosschecked_datum_undeclared
513,centroid,-97.781077,30.201568,source_crosschecked_datum_undeclared
514,centroid,-97.775986,30.209973,source_crosschecked_datum_undeclared
515,centroid,-97.771828,30.198303,source_crosschecked_datum_undeclared
516,centroid,-97.76229,30.192167,source_crosschecked_datum_undeclared
517,centroid,-97.752272,30.19005,source_crosschecked_datum_undeclared
518,centroid,-97.741838,30.191559,source_crosschecked_datum_undeclared
519,centroid,-97.735419,30.183884,source_crosschecked_datum_undeclared
520,centroid,-97.714023,30.179088,source_crosschecked_datum_undeclared
521,centroid,-97.676869,30.168372,source_crosschecked_datum_undeclared
522,centroid,-97.613068,30.128184,source_crosschecked_datum_undeclared
523,centroid,-97.569847,30.166566,source_crosschecked_datum_undeclared
524,centroid,-97.575259,30.204201,source_crosschecked_datum_undeclared
525,centroid,-97.820597,30.195468,source_crosschecked_datum_undeclared
526,centroid,-97.79731,30.192671,source_crosschecked_datum_undeclared
527,centroid,-97.786001,30.190192,source_crosschecked_datum_undeclared
528,centroid,-97.777584,30.188088,source_crosschecked_datum_undeclared
529,centroid,-97.772149,30.182413,source_crosschecked_datum_undeclared
530,centroid,-97.759163,30.179217,source_crosschecked_datum_undeclared
531,centroid,-97.748821,30.170457,source_crosschecked_datum_undeclared
532,centroid,-97.730989,30.16781,source_crosschecked_datum_undeclared
533,centroid,-97.709547,30.160499,source_crosschecked_datum_undeclared
534,centroid,-97.687533,30.143493,source_crosschecked_datum_undeclared
535,centroid,-97.830203,30.182246,source_crosschecked_datum_undeclared
536,centroid,-97.806741,30.180777,source_crosschecked_datum_undeclared
537,centroid,-97.78988,30.178806,source_crosschecked_datum_undeclared
538,centroid,-97.783503,30.174277,source_crosschecked_datum_undeclared
539,centroid,-97.77519,30.170566,source_crosschecked_datum_undeclared
540,centroid,-97.763446,30.171015,source_crosschecked_datum_undeclared
541,centroid,-97.745521,30.164418,source_crosschecked_datum_undeclared
542,centroid,-97.815586,30.160598,source_crosschecked_datum_undeclared
543,centroid,-97.781648,30.161894,source_crosschecked_datum_undeclared
544,centroid,-97.724486,30.134292,source_crosschecked_datum_undeclared
545,centroid,-97.702255,30.123992,source_crosschecked_datum_undeclared
546,centroid,-97.815712,30.118841,source_crosschecked_datum_undeclared
547,centroid,-97.789007,30.138629,source_crosschecked_datum_undeclared
548,centroid,-97.779669,30.1398,source_crosschecked_datum_undeclared
549,centroid,-97.793243,30.122344,source_crosschecked_datum_undeclared
550,centroid,-97.761745,30.11474,source_crosschecked_datum_undeclared
551,centroid,-97.742406,30.10091,source_crosschecked_datum_undeclared
552,centroid,-97.711796,30.10704,source_crosschecked_datum_undeclared
553,centroid,-97.644403,30.099935,source_crosschecked_datum_undeclared
554,centroid,-97.794275,30.099777,source_crosschecked_datum_undeclared
555,centroid,-97.708895,30.079091,source_crosschecked_datum_undeclared
556,centroid,-97.67384,30.061879,source_crosschecked_datum_undeclared
557,centroid,-97.57921,30.45357,source_crosschecked_datum_undeclared
558,centroid,-97.596368,30.44074,source_crosschecked_datum_undeclared
559,centroid,-97.572308,30.384952,source_crosschecked_datum_undeclared
560,centroid,-97.546382,30.371482,source_crosschecked_datum_undeclared
561,centroid,-97.498617,30.316307,source_crosschecked_datum_undeclared
562,centroid,-97.550996,30.30919,source_crosschecked_datum_undeclared
563,centroid,-97.57567,30.277114,source_crosschecked_datum_undeclared
564,centroid,-97.537069,30.264,source_crosschecked_datum_undeclared
565,centroid,-97.53474,30.239086,source_crosschecked_datum_undeclared
566,centroid,-97.877778,30.149404,source_crosschecked_datum_undeclared
567,centroid,-97.81444,30.562892,source_crosschecked_datum_undeclared
568,centroid,-97.784048,30.556527,source_crosschecked_datum_undeclared
569,centroid,-97.747161,30.560541,source_crosschecked_datum_undeclared
570,centroid,-97.707149,30.565681,source_crosschecked_datum_undeclared
571,centroid,-97.702414,30.543998,source_crosschecked_datum_undeclared
572,centroid,-97.404165,30.426107,source_crosschecked_datum_undeclared
573,centroid,-97.797771,30.494096,source_crosschecked_datum_undeclared
574,centroid,-97.776675,30.479701,source_crosschecked_datum_undeclared
575,centroid,-97.690281,30.474974,source_crosschecked_datum_undeclared
576,centroid,-97.862996,30.42248,source_crosschecked_datum_undeclared
577,centroid,-97.947983,30.130563,source_crosschecked_datum_undeclared
578,centroid,-97.857472,30.113558,source_crosschecked_datum_undeclared
579,centroid,-97.82522,30.095669,source_crosschecked_datum_undeclared
580,centroid,-97.796332,30.079619,source_crosschecked_datum_undeclared
581,centroid,-97.768528,30.054632,source_crosschecked_datum_undeclared
582,centroid,-97.739866,30.03508,source_crosschecked_datum_undeclared
583,centroid,-97.823901,30.044241,source_crosschecked_datum_undeclared
584,centroid,-97.813059,30.064542,source_crosschecked_datum_undeclared
585,centroid,-97.837672,30.067321,source_crosschecked_datum_undeclared
586,centroid,-97.956989,30.081642,source_crosschecked_datum_undeclared
587,centroid,-97.922651,29.886396,source_crosschecked_datum_undeclared
588,centroid,-97.982658,30.028229,source_crosschecked_datum_undeclared
589,centroid,-97.878479,30.002999,source_crosschecked_datum_undeclared
590,centroid,-97.785715,30.001839,source_crosschecked_datum_undeclared
591,centroid,-97.846817,29.979146,source_crosschecked_datum_undeclared
592,centroid,-97.703574,30.34613,source_crosschecked_datum_undeclared
593,centroid,-97.600807,30.488497,source_crosschecked_datum_undeclared
594,centroid,-97.56746,30.48319,source_crosschecked_datum_undeclared
595,centroid,-97.525215,30.463281,source_crosschecked_datum_undeclared
596,centroid,-97.751571,30.087585,source_crosschecked_datum_undeclared
597,centroid,-97.723985,30.058818,source_crosschecked_datum_undeclared
598,centroid,-97.543138,30.438973,source_crosschecked_datum_undeclared
599,centroid,-97.513846,30.428163,source_crosschecked_datum_undeclared
600,centroid,-97.747936,30.144669,source_crosschecked_datum_undeclared
601,centroid,-97.82476,30.132946,source_crosschecked_datum_undeclared
602,centroid,-97.817215,30.145593,source_crosschecked_datum_undeclared
603,centroid,-97.523203,30.199903,source_crosschecked_datum_undeclared
604,centroid,-97.680519,30.114833,source_crosschecked_datum_undeclared
605,centroid,-97.668147,30.131976,source_crosschecked_datum_undeclared
606,centroid,-97.583182,30.145238,source_crosschecked_datum_undeclared
607,centroid,-97.489938,30.467008,source_crosschecked_datum_undeclared
608,centroid,-97.651583,30.152791,source_crosschecked_datum_undeclared
609,centroid,-97.640056,30.165474,source_crosschecked_datum_undeclared
610,centroid,-97.674932,30.237554,source_crosschecked_datum_undeclared
611,centroid,-97.637009,30.183483,source_crosschecked_datum_undeclared
612,centroid,-97.602786,30.172582,source_crosschecked_datum_undeclared
613,centroid,-97.462556,30.442805,source_crosschecked_datum_undeclared
614,centroid,-97.570828,30.230896,source_crosschecked_datum_undeclared
615,centroid,-97.510731,30.254773,source_crosschecked_datum_undeclared
616,centroid,-97.472702,30.274879,source_crosschecked_datum_undeclared
617,centroid,-97.511156,30.297379,source_crosschecked_datum_undeclared
618,centroid,-97.527973,30.327288,source_crosschecked_datum_undeclared
619,centroid,-97.470836,30.311798,source_crosschecked_datum_undeclared
620,centroid,-97.524893,30.345114,source_crosschecked_datum_undeclared
621,centroid,-97.468369,30.332948,source_crosschecked_datum_undeclared
622,centroid,-97.554176,30.35486,source_crosschecked_datum_undeclared
623,centroid,-97.566228,30.400775,source_crosschecked_datum_undeclared
624,centroid,-97.440864,30.39936,source_crosschecked_datum_undeclared
625,centroid,-97.520502,30.367707,source_crosschecked_datum_undeclared
626,centroid,-97.455986,30.362081,source_crosschecked_datum_undeclared
627,centroid,-97.501275,30.389228,source_crosschecked_datum_undeclared
628,centroid,-97.527893,30.408462,source_crosschecked_datum_undeclared
629,centroid,-97.556499,30.419177,source_crosschecked_datum_undeclared
630,centroid,-97.486022,30.417448,source_crosschecked_datum_undeclared
631,centroid,-97.432012,30.51116,source_crosschecked_datum_undeclared
632,centroid,-97.61981,30.758933,source_crosschecked_datum_undeclared
633,centroid,-97.461624,30.787235,source_crosschecked_datum_undeclared
634,centroid,-97.570963,30.762333,source_crosschecked_datum_undeclared
635,centroid,-97.635692,30.714855,source_crosschecked_datum_undeclared
636,centroid,-97.655039,30.721902,source_crosschecked_datum_undeclared
637,centroid,-97.43449,30.721962,source_crosschecked_datum_undeclared
638,centroid,-97.453439,30.7155,source_crosschecked_datum_undeclared
639,centroid,-97.591075,30.659308,source_crosschecked_datum_undeclared
640,centroid,-97.648227,30.645536,source_crosschecked_datum_undeclared
641,centroid,-97.697896,30.688991,source_crosschecked_datum_undeclared
642,centroid,-97.717715,30.70538,source_crosschecked_datum_undeclared
643,centroid,-97.290934,30.688418,source_crosschecked_datum_undeclared
644,centroid,-97.434506,30.708185,source_crosschecked_datum_undeclared
645,centroid,-97.44851,30.707375,source_crosschecked_datum_undeclared
646,centroid,-97.492335,30.617408,source_crosschecked_datum_undeclared
647,centroid,-97.608464,30.63058,source_crosschecked_datum_undeclared
648,centroid,-97.365601,30.670268,source_crosschecked_datum_undeclared
649,centroid,-97.438935,30.614327,source_crosschecked_datum_undeclared
650,centroid,-97.534104,30.556867,source_crosschecked_datum_undeclared
651,centroid,-97.552697,30.549309,source_crosschecked_datum_undeclared
652,centroid,-97.403788,30.585801,source_crosschecked_datum_undeclared
653,centroid,-97.422708,30.593637,source_crosschecked_datum_undeclared
654,centroid,-97.4345,30.589385,source_crosschecked_datum_undeclared
655,centroid,-97.324987,30.417908,source_crosschecked_datum_undeclared
656,centroid,-97.409402,30.454708,source_crosschecked_datum_undeclared
657,centroid,-97.37656,30.519091,source_crosschecked_datum_undeclared
658,centroid,-97.339944,30.548378,source_crosschecked_datum_undeclared
659,centroid,-97.426921,30.543711,source_crosschecked_datum_undeclared
660,centroid,-97.412627,30.564158,source_crosschecked_datum_undeclared
661,centroid,-97.502359,30.544213,source_crosschecked_datum_undeclared
662,centroid,-97.603226,30.518844,source_crosschecked_datum_undeclared
663,centroid,-97.632417,30.553467,source_crosschecked_datum_undeclared
664,centroid,-97.793486,30.37016,source_crosschecked_datum_undeclared
665,centroid,-97.553431,30.52616,source_crosschecked_datum_undeclared
666,centroid,-98.064179,29.896453,source_crosschecked_datum_undeclared
667,centroid,-98.126496,29.955213,source_crosschecked_datum_undeclared
668,centroid,-98.065857,29.956289,source_crosschecked_datum_undeclared
669,centroid,-98.009999,29.950139,source_crosschecked_datum_undeclared
670,centroid,-97.990969,29.868981,source_crosschecked_datum_undeclared
671,centroid,-98.012298,29.857558,source_crosschecked_datum_undeclared
672,centroid,-98.018237,29.832913,source_crosschecked_datum_undeclared
673,centroid,-98.108467,29.979552,source_crosschecked_datum_undeclared
674,centroid,-98.058955,29.997999,source_crosschecked_datum_undeclared
675,centroid,-98.0279,30.019846,source_crosschecked_datum_undeclared
676,centroid,-97.95913,29.967048,source_crosschecked_datum_undeclared
677,centroid,-97.983606,29.952026,source_crosschecked_datum_undeclared
678,centroid,-98.082087,29.979371,source_crosschecked_datum_undeclared
679,centroid,-98.080249,30.030066,source_crosschecked_datum_undeclared
680,centroid,-97.948067,29.918913,source_crosschecked_datum_undeclared
681,centroid,-98.053382,30.043596,source_crosschecked_datum_undeclared
682,centroid,-97.952311,29.877956,source_crosschecked_datum_undeclared
683,centroid,-97.962849,29.87017,source_crosschecked_datum_undeclared
684,centroid,-97.965586,29.878492,source_crosschecked_datum_undeclared
685,centroid,-98.067552,30.177624,source_crosschecked_datum_undeclared
686,centroid,-98.035565,30.183656,source_crosschecked_datum_undeclared
687,centroid,-98.063961,30.204068,source_crosschecked_datum_undeclared
688,centroid,-98.066773,30.132727,source_crosschecked_datum_undeclared
689,centroid,-98.017092,30.142357,source_crosschecked_datum_undeclared
690,centroid,-98.013422,30.123464,source_crosschecked_datum_undeclared
691,centroid,-97.972025,30.103535,source_crosschecked_datum_undeclared
692,centroid,-97.922656,30.156158,source_crosschecked_datum_undeclared
693,centroid,-98.064494,30.083197,source_crosschecked_datum_undeclared
694,centroid,-97.956417,30.046219,source_crosschecked_datum_undeclared
695,centroid,-98.090132,30.249732,source_crosschecked_datum_undeclared
696,centroid,-98.001452,30.221504,source_crosschecked_datum_undeclared
697,centroid,-98.041958,30.232619,source_crosschecked_datum_undeclared
698,centroid,-98.041382,30.256626,source_crosschecked_datum_undeclared
699,centroid,-97.952201,30.188322,source_crosschecked_datum_undeclared
700,centroid,-97.944039,29.890125,source_crosschecked_datum_undeclared
701,centroid,-97.938971,29.889557,source_crosschecked_datum_undeclared
702,centroid,-97.939213,29.887069,source_crosschecked_datum_undeclared
703,centroid,-97.936567,29.887943,source_crosschecked_datum_undeclared
704,centroid,-97.942358,29.881756,source_crosschecked_datum_undeclared
705,centroid,-97.945474,29.88051,source_crosschecked_datum_undeclared
706,centroid,-97.943205,29.87795,source_crosschecked_datum_undeclared
707,centroid,-97.949028,29.875888,source_crosschecked_datum_undeclared
708,centroid,-97.927999,29.882519,source_crosschecked_datum_undeclared
709,centroid,-97.932862,29.881815,source_crosschecked_datum_undeclared
710,centroid,-97.932527,29.887993,source_crosschecked_datum_undeclared
711,centroid,-97.93607,29.886075,source_crosschecked_datum_undeclared
712,centroid,-97.93209,29.893192,source_crosschecked_datum_undeclared
713,centroid,-97.926399,29.888441,source_crosschecked_datum_undeclared
714,centroid,-97.938495,29.893447,source_crosschecked_datum_undeclared
715,centroid,-97.936225,29.896727,source_crosschecked_datum_undeclared
716,centroid,-97.942882,29.886506,source_crosschecked_datum_undeclared
717,centroid,-97.948487,29.887606,source_crosschecked_datum_undeclared
718,centroid,-97.945336,29.884797,source_crosschecked_datum_undeclared
719,centroid,-97.942473,29.884042,source_crosschecked_datum_undeclared
720,centroid,-97.947927,29.881787,source_crosschecked_datum_undeclared
721,centroid,-97.901427,29.884353,source_crosschecked_datum_undeclared
722,centroid,-97.90967,29.873067,source_crosschecked_datum_undeclared
723,centroid,-97.91573,29.883636,source_crosschecked_datum_undeclared
724,centroid,-97.908106,29.892753,source_crosschecked_datum_undeclared
725,centroid,-97.902071,29.864351,source_crosschecked_datum_undeclared
726,centroid,-97.923945,29.867046,source_crosschecked_datum_undeclared
727,centroid,-97.917204,29.880741,source_crosschecked_datum_undeclared
728,centroid,-97.92325,29.875409,source_crosschecked_datum_undeclared
729,centroid,-98.032242,30.207493,source_crosschecked_datum_undeclared
730,centroid,-97.918411,29.889728,source_crosschecked_datum_undeclared
731,centroid,-97.913953,29.898736,source_crosschecked_datum_undeclared
732,centroid,-98.022446,30.06917,source_crosschecked_datum_undeclared
733,centroid,-97.990787,30.079967,source_crosschecked_datum_undeclared
734,centroid,-97.91209,30.055404,source_crosschecked_datum_undeclared
735,centroid,-97.991968,29.886781,source_crosschecked_datum_undeclared
736,centroid,-97.972402,29.908987,source_crosschecked_datum_undeclared
737,centroid,-97.970463,29.889408,source_crosschecked_datum_undeclared
738,centroid,-97.978738,29.863587,source_crosschecked_datum_undeclared
739,centroid,-97.954655,29.897388,source_crosschecked_datum_undeclared
740,centroid,-97.978959,29.85407,source_crosschecked_datum_undeclared
741,centroid,-97.996419,29.842171,source_crosschecked_datum_undeclared
742,centroid,-98.214295,30.139214,source_crosschecked_datum_undeclared
743,centroid,-98.168253,30.190007,source_crosschecked_datum_undeclared
744,centroid,-98.153721,30.174555,source_crosschecked_datum_undeclared
745,centroid,-98.154464,30.1517,source_crosschecked_datum_undeclared
746,centroid,-98.172451,30.212417,source_crosschecked_datum_undeclared
747,centroid,-98.135289,30.22956,source_crosschecked_datum_undeclared
748,centroid,-98.100548,30.220277,source_crosschecked_datum_undeclared
749,centroid,-98.110565,30.158316,source_crosschecked_datum_undeclared
750,centroid,-98.141486,30.0445,source_crosschecked_datum_undeclared
751,centroid,-98.204517,30.072636,source_crosschecked_datum_undeclared
752,centroid,-98.192023,30.115504,source_crosschecked_datum_undeclared
753,centroid,-98.232533,30.019708,source_crosschecked_datum_undeclared
754,centroid,-98.167437,29.995598,source_crosschecked_datum_undeclared
755,centroid,-98.246902,30.1139,source_crosschecked_datum_undeclared
756,centroid,-98.122024,29.996347,source_crosschecked_datum_undeclared
757,centroid,-98.111827,30.02551,source_crosschecked_datum_undeclared
758,centroid,-98.102025,30.067054,source_crosschecked_datum_undeclared
759,centroid,-98.14819,30.10241,source_crosschecked_datum_undeclared
760,centroid,-98.106678,30.133525,source_crosschecked_datum_undeclared
761,centroid,-98.086092,30.271372,source_crosschecked_datum_undeclared
762,centroid,-97.917075,29.908768,source_crosschecked_datum_undeclared
763,centroid,-98.137608,30.277913,source_crosschecked_datum_undeclared
764,centroid,-98.139466,30.3165,source_crosschecked_datum_undeclared
765,centroid,-98.177276,30.291503,source_crosschecked_datum_undeclared
766,centroid,-98.18288,30.24439,source_crosschecked_datum_undeclared
767,centroid,-98.235175,30.167197,source_crosschecked_datum_undeclared
768,centroid,-98.229548,30.185976,source_crosschecked_datum_undeclared
769,centroid,-98.103685,30.191844,source_crosschecked_datum_undeclared
770,centroid,-98.091417,30.184616,source_crosschecked_datum_undeclared
771,centroid,-97.898031,29.876772,source_crosschecked_datum_undeclared
772,centroid,-97.932248,29.850646,source_crosschecked_datum_undeclared
773,centroid,-97.913015,29.850705,source_crosschecked_datum_undeclared
774,centroid,-97.925423,29.859432,source_crosschecked_datum_undeclared
775,centroid,-97.937747,29.835223,source_crosschecked_datum_undeclared
776,centroid,-97.945814,29.855514,source_crosschecked_datum_undeclared
777,centroid,-97.918297,29.832686,source_crosschecked_datum_undeclared
778,centroid,-97.932603,29.826014,source_crosschecked_datum_undeclared
779,centroid,-97.955,29.807481,source_crosschecked_datum_undeclared
780,centroid,-97.997444,29.773576,source_crosschecked_datum_undeclared
781,centroid,-97.976479,29.786936,source_crosschecked_datum_undeclared
782,centroid,-97.972475,29.845097,source_crosschecked_datum_undeclared
783,centroid,-97.963431,29.855842,source_crosschecked_datum_undeclared
784,centroid,-97.955373,29.836644,source_crosschecked_datum_undeclared
785,centroid,-97.982015,29.837248,source_crosschecked_datum_undeclared
786,centroid,-97.995132,29.825153,source_crosschecked_datum_undeclared
787,centroid,-97.970835,29.859848,source_crosschecked_datum_undeclared
788,centroid,-98.008047,29.814299,source_crosschecked_datum_undeclared
789,centroid,-97.980837,29.826534,source_crosschecked_datum_undeclared
790,centroid,-97.980242,29.813303,source_crosschecked_datum_undeclared
791,centroid,-98.002584,29.805415,source_crosschecked_datum_undeclared
792,centroid,-97.918627,29.947011,source_crosschecked_datum_undeclared
793,centroid,-97.917713,29.928589,source_crosschecked_datum_undeclared
794,centroid,-97.716276,30.501019,source_crosschecked_datum_undeclared
795,centroid,-97.928405,29.89784,source_crosschecked_datum_undeclared
796,centroid,-97.945905,29.837992,source_crosschecked_datum_undeclared
797,centroid,-97.9443,29.871145,source_crosschecked_datum_undeclared
798,centroid,-97.942805,29.868781,source_crosschecked_datum_undeclared
799,centroid,-97.941585,29.863849,source_crosschecked_datum_undeclared
800,centroid,-97.948336,29.863564,source_crosschecked_datum_undeclared
801,centroid,-97.944829,29.860725,source_crosschecked_datum_undeclared
802,centroid,-97.954871,29.846717,source_crosschecked_datum_undeclared
803,centroid,-97.752352,30.012564,source_crosschecked_datum_undeclared
804,centroid,-97.825872,30.067731,source_crosschecked_datum_undeclared
805,centroid,-97.868262,30.01983,source_crosschecked_datum_undeclared
806,centroid,-97.873747,30.038809,source_crosschecked_datum_undeclared
807,centroid,-97.849967,30.067665,source_crosschecked_datum_undeclared
808,centroid,-97.83664,30.08096,source_crosschecked_datum_undeclared
809,centroid,-97.815399,30.083844,source_crosschecked_datum_undeclared
810,centroid,-97.856741,30.142626,source_crosschecked_datum_undeclared
811,centroid,-97.877768,30.126275,source_crosschecked_datum_undeclared
812,centroid,-97.899298,30.103692,source_crosschecked_datum_undeclared
813,centroid,-97.88967,30.090338,source_crosschecked_datum_undeclared
814,centroid,-97.801203,29.959885,source_crosschecked_datum_undeclared
815,centroid,-97.816935,29.989355,source_crosschecked_datum_undeclared
816,centroid,-97.862871,29.953982,source_crosschecked_datum_undeclared
817,centroid,-97.863652,29.993338,source_crosschecked_datum_undeclared
818,centroid,-97.844911,30.005026,source_crosschecked_datum_undeclared
819,centroid,-97.826144,30.017435,source_crosschecked_datum_undeclared
820,centroid,-97.86188,30.093477,source_crosschecked_datum_undeclared
821,centroid,-97.8601,30.080607,source_crosschecked_datum_undeclared
822,centroid,-97.864712,30.070587,source_crosschecked_datum_undeclared
823,centroid,-97.889945,29.953701,source_crosschecked_datum_undeclared
824,centroid,-97.882525,29.973582,source_crosschecked_datum_undeclared
825,centroid,-97.900371,29.983051,source_crosschecked_datum_undeclared
826,centroid,-97.879181,29.985158,source_crosschecked_datum_undeclared
827,centroid,-97.887542,29.987072,source_crosschecked_datum_undeclared
828,centroid,-97.895792,30.040951,source_crosschecked_datum_undeclared
829,centroid,-97.896007,30.021565,source_crosschecked_datum_undeclared
830,centroid,-97.874248,29.994624,source_crosschecked_datum_undeclared
831,centroid,-97.879703,29.991428,source_crosschecked_datum_undeclared
832,centroid,-97.8902,29.996685,source_crosschecked_datum_undeclared
833,centroid,-97.884313,29.927373,source_crosschecked_datum_undeclared
834,centroid,-97.896467,29.898203,source_crosschecked_datum_undeclared
835,centroid,-97.901977,29.900537,source_crosschecked_datum_undeclared
836,centroid,-97.905904,29.909386,source_crosschecked_datum_undeclared
837,centroid,-97.889216,29.936266,source_crosschecked_datum_undeclared
838,centroid,-97.942748,29.900711,source_crosschecked_datum_undeclared
839,centroid,-97.949324,29.904187,source_crosschecked_datum_undeclared
840,centroid,-97.945184,29.894799,source_crosschecked_datum_undeclared
841,centroid,-97.839249,29.932993,source_crosschecked_datum_undeclared
842,centroid,-97.869469,29.909249,source_crosschecked_datum_undeclared
843,centroid,-97.890449,29.893191,source_crosschecked_datum_undeclared
844,centroid,-97.81998,29.9514,source_crosschecked_datum_undeclared
845,centroid,-97.90673,30.012707,source_crosschecked_datum_undeclared
846,centroid,-97.858429,30.276044,source_crosschecked_datum_undeclared
847,centroid,-97.874022,30.226363,source_crosschecked_datum_undeclared
848,centroid,-97.984925,30.174384,source_crosschecked_datum_undeclared
849,centroid,-97.748407,30.269483,source_crosschecked_datum_undeclared
850,centroid,-97.936611,30.629693,source_crosschecked_datum_undeclared
851,centroid,-97.878483,30.56515,source_crosschecked_datum_undeclared
852,centroid,-97.949297,30.671293,source_crosschecked_datum_undeclared
853,centroid,-97.894479,30.639453,source_crosschecked_datum_undeclared
854,centroid,-97.854201,30.561981,source_crosschecked_datum_undeclared
855,centroid,-97.94289,30.683345,source_crosschecked_datum_undeclared
856,centroid,-97.9192,30.766585,source_crosschecked_datum_undeclared
857,centroid,-97.845097,30.629598,source_crosschecked_datum_undeclared
858,centroid,-97.6662,30.639299,source_crosschecked_datum_undeclared
859,centroid,-97.674662,30.642343,source_crosschecked_datum_undeclared
860,centroid,-97.659879,30.668799,source_crosschecked_datum_undeclared
861,centroid,-97.671426,30.628872,source_crosschecked_datum_undeclared
862,centroid,-97.686088,30.668363,source_crosschecked_datum_undeclared
863,centroid,-97.824754,30.880283,source_crosschecked_datum_undeclared
864,centroid,-97.449694,30.470096,source_crosschecked_datum_undeclared
865,centroid,-97.845772,30.74618,source_crosschecked_datum_undeclared
866,centroid,-97.862864,30.689129,source_crosschecked_datum_undeclared
867,centroid,-97.820445,30.575118,source_crosschecked_datum_undeclared
868,centroid,-97.77401,30.876242,source_crosschecked_datum_undeclared
869,centroid,-97.747424,30.840902,source_crosschecked_datum_undeclared
870,centroid,-97.831057,30.78796,source_crosschecked_datum_undeclared
871,centroid,-97.776485,30.685782,source_crosschecked_datum_undeclared
872,centroid,-97.695213,30.658614,source_crosschecked_datum_undeclared
873,centroid,-97.681379,30.637172,source_crosschecked_datum_undeclared
874,centroid,-97.700115,30.629455,source_crosschecked_datum_undeclared
875,centroid,-97.68395,30.627732,source_crosschecked_datum_undeclared
876,centroid,-97.680214,30.852528,source_crosschecked_datum_undeclared
877,centroid,-97.612867,30.831092,source_crosschecked_datum_undeclared
878,centroid,-97.676133,30.625071,source_crosschecked_datum_undeclared
879,centroid,-97.686217,30.616469,source_crosschecked_datum_undeclared
880,centroid,-97.697171,30.623086,source_crosschecked_datum_undeclared
881,centroid,-97.589673,30.834316,source_crosschecked_datum_undeclared
882,centroid,-97.262914,30.656402,source_crosschecked_datum_undeclared
883,centroid,-97.410462,30.631001,source_crosschecked_datum_undeclared
884,centroid,-97.332716,30.577103,source_crosschecked_datum_undeclared
885,centroid,-97.392433,30.577643,source_crosschecked_datum_undeclared
886,centroid,-97.216877,30.539989,source_crosschecked_datum_undeclared
887,centroid,-97.386987,30.549645,source_crosschecked_datum_undeclared
888,centroid,-97.398214,30.567615,source_crosschecked_datum_undeclared
889,centroid,-97.41793,30.572072,source_crosschecked_datum_undeclared
890,centroid,-97.1884,30.460507,source_crosschecked_datum_undeclared
891,centroid,-97.453586,30.54927,source_crosschecked_datum_undeclared
892,centroid,-97.937891,29.861169,source_crosschecked_datum_undeclared
893,centroid,-97.935216,29.864771,source_crosschecked_datum_undeclared
894,centroid,-97.937213,29.867991,source_crosschecked_datum_undeclared
895,centroid,-97.934639,29.870864,source_crosschecked_datum_undeclared
896,centroid,-97.916837,29.864473,source_crosschecked_datum_undeclared
897,centroid,-97.930338,29.862569,source_crosschecked_datum_undeclared
898,centroid,-97.936981,29.857715,source_crosschecked_datum_undeclared
899,centroid,-97.931265,29.877395,source_crosschecked_datum_undeclared
900,centroid,-97.93772,29.871417,source_crosschecked_datum_undeclared
901,centroid,-97.933272,29.875356,source_crosschecked_datum_undeclared
902,centroid,-97.94043,29.870438,source_crosschecked_datum_undeclared
903,centroid,-97.937071,29.874089,source_crosschecked_datum_undeclared
904,centroid,-97.934873,29.879425,source_crosschecked_datum_undeclared
905,centroid,-97.941696,29.873855,source_crosschecked_datum_undeclared
906,centroid,-97.936327,29.882817,source_crosschecked_datum_undeclared
907,centroid,-97.953068,29.888777,source_crosschecked_datum_undeclared
908,centroid,-97.94009,29.881982,source_crosschecked_datum_undeclared
909,centroid,-97.940672,29.884244,source_crosschecked_datum_undeclared
910,centroid,-97.939316,29.875972,source_crosschecked_datum_undeclared
911,centroid,-97.938202,29.880838,source_crosschecked_datum_undeclared
912,centroid,-97.938557,29.88466,source_crosschecked_datum_undeclared
913,centroid,-97.941105,29.88739,source_crosschecked_datum_undeclared
914,centroid,-97.955129,29.866701,source_crosschecked_datum_undeclared
915,centroid,-97.953523,29.859982,source_crosschecked_datum_undeclared
916,centroid,-97.948372,29.871867,source_crosschecked_datum_undeclared
917,centroid,-97.955337,29.87049,source_crosschecked_datum_undeclared
918,centroid,-97.94926,29.892357,source_crosschecked_datum_undeclared
919,centroid,-97.937005,29.877414,source_crosschecked_datum_undeclared
920,centroid,-97.898921,29.846154,source_crosschecked_datum_undeclared
921,centroid,-97.956601,29.883181,source_crosschecked_datum_undeclared
922,centroid,-97.962115,29.890512,source_crosschecked_datum_undeclared
923,centroid,-97.431543,30.581871,source_crosschecked_datum_undeclared
924,centroid,-97.845304,30.570241,source_crosschecked_datum_undeclared
925,centroid,-97.832053,30.547881,source_crosschecked_datum_undeclared
926,centroid,-97.819854,30.516189,source_crosschecked_datum_undeclared
927,centroid,-97.810987,30.498781,source_crosschecked_datum_undeclared
928,centroid,-97.789975,30.476706,source_crosschecked_datum_undeclared
929,centroid,-97.8279,30.526117,source_crosschecked_datum_undeclared
930,centroid,-97.804664,30.532518,source_crosschecked_datum_undeclared
931,centroid,-97.790202,30.537807,source_crosschecked_datum_undeclared
932,centroid,-97.78296,30.52354,source_crosschecked_datum_undeclared
933,centroid,-97.776031,30.65866,source_crosschecked_datum_undeclared
934,centroid,-97.849323,30.658855,source_crosschecked_datum_undeclared
935,centroid,-97.678827,30.678669,source_crosschecked_datum_undeclared
936,centroid,-97.662227,30.69052,source_crosschecked_datum_undeclared
937,centroid,-97.644873,30.69345,source_crosschecked_datum_undeclared
938,centroid,-97.676452,30.70634,source_crosschecked_datum_undeclared
939,centroid,-97.745749,30.717388,source_crosschecked_datum_undeclared
940,centroid,-97.762274,30.756782,source_crosschecked_datum_undeclared
941,centroid,-97.792283,30.84433,source_crosschecked_datum_undeclared
942,centroid,-97.791475,30.83935,source_crosschecked_datum_undeclared
943,centroid,-97.797976,30.84407,source_crosschecked_datum_undeclared
944,centroid,-97.833141,30.833925,source_crosschecked_datum_undeclared
945,centroid,-97.877474,30.820892,source_crosschecked_datum_undeclared
946,centroid,-97.788775,30.809086,source_crosschecked_datum_undeclared
947,centroid,-97.733844,30.787546,source_crosschecked_datum_undeclared
948,centroid,-97.681147,30.594021,source_crosschecked_datum_undeclared
949,centroid,-97.705395,30.592574,source_crosschecked_datum_undeclared
950,centroid,-97.746309,30.610956,source_crosschecked_datum_undeclared
951,centroid,-97.751006,30.624548,source_crosschecked_datum_undeclared
952,centroid,-97.659525,30.603434,source_crosschecked_datum_undeclared
953,centroid,-97.646404,30.605496,source_crosschecked_datum_undeclared
954,centroid,-97.636136,30.633028,source_crosschecked_datum_undeclared
955,centroid,-97.634323,30.623878,source_crosschecked_datum_undeclared
956,centroid,-97.637474,30.6491,source_crosschecked_datum_undeclared
957,centroid,-97.63588,30.675787,source_crosschecked_datum_undeclared
958,centroid,-97.646313,30.67039,source_crosschecked_datum_undeclared
959,centroid,-97.615333,30.659924,source_crosschecked_datum_undeclared
960,centroid,-97.648796,30.68416,source_crosschecked_datum_undeclared
961,centroid,-97.634348,30.580698,source_crosschecked_datum_undeclared
962,centroid,-97.56823,30.688393,source_crosschecked_datum_undeclared
963,centroid,-97.407175,30.605618,source_crosschecked_datum_undeclared
964,centroid,-97.412218,30.547251,source_crosschecked_datum_undeclared
965,centroid,-97.424569,30.572237,source_crosschecked_datum_undeclared
966,centroid,-97.46063,30.650184,source_crosschecked_datum_undeclared
967,centroid,-97.416823,30.675472,source_crosschecked_datum_undeclared
968,centroid,-97.498686,30.749076,source_crosschecked_datum_undeclared
969,centroid,-97.451663,30.728051,source_crosschecked_datum_undeclared
970,centroid,-97.408646,30.75436,source_crosschecked_datum_undeclared
971,centroid,-97.411401,30.570439,source_crosschecked_datum_undeclared
972,centroid,-97.251463,30.43632,source_crosschecked_datum_undeclared
973,centroid,-97.262528,30.472299,source_crosschecked_datum_undeclared
974,centroid,-97.224474,30.48328,source_crosschecked_datum_undeclared
975,centroid,-97.232566,30.445868,source_crosschecked_datum_undeclared
976,centroid,-97.306116,30.479296,source_crosschecked_datum_undeclared
977,centroid,-97.286145,30.43847,source_crosschecked_datum_undeclared
978,centroid,-97.370321,30.443943,source_crosschecked_datum_undeclared
979,centroid,-97.339311,30.455046,source_crosschecked_datum_undeclared
980,centroid,-97.408642,30.515092,source_crosschecked_datum_undeclared
981,centroid,-97.410368,30.488553,source_crosschecked_datum_undeclared
982,centroid,-97.392374,30.479036,source_crosschecked_datum_undeclared
983,centroid,-97.35547,30.493829,source_crosschecked_datum_undeclared
984,centroid,-97.308176,30.522277,source_crosschecked_datum_undeclared
985,centroid,-97.247565,30.505589,source_crosschecked_datum_undeclared
986,centroid,-97.182869,30.504025,source_crosschecked_datum_undeclared
987,centroid,-97.259618,30.565058,source_crosschecked_datum_undeclared
988,centroid,-97.263684,30.62155,source_crosschecked_datum_undeclared
989,centroid,-97.319296,30.631593,source_crosschecked_datum_undeclared
990,centroid,-97.299336,30.660884,source_crosschecked_datum_undeclared
991,centroid,-97.309353,30.599844,source_crosschecked_datum_undeclared
992,centroid,-97.346743,30.590803,source_crosschecked_datum_undeclared
993,centroid,-97.369973,30.621102,source_crosschecked_datum_undeclared
994,centroid,-97.346524,30.65527,source_crosschecked_datum_undeclared
995,centroid,-97.4234,30.584139,source_crosschecked_datum_undeclared
996,centroid,-97.423818,30.560575,source_crosschecked_datum_undeclared
997,centroid,-97.41098,30.555834,source_crosschecked_datum_undeclared
998,centroid,-97.381876,30.581104,source_crosschecked_datum_undeclared
999,centroid,-97.468827,30.511418,source_crosschecked_datum_undeclared
1000,centroid,-97.530192,30.526407,source_crosschecked_datum_undeclared
1001,centroid,-97.502997,30.517308,source_crosschecked_datum_undeclared
1002,centroid,-97.55816,30.509986,source_crosschecked_datum_undeclared
1003,centroid,-97.481873,30.477489,source_crosschecked_datum_undeclared
1004,centroid,-97.510374,30.575191,source_crosschecked_datum_undeclared
1005,centroid,-97.465299,30.578301,source_crosschecked_datum_undeclared
1006,centroid,-97.592003,30.58379,source_crosschecked_datum_undeclared
1007,centroid,-97.6213,30.581783,source_crosschecked_datum_undeclared
1008,centroid,-97.594838,30.603935,source_crosschecked_datum_undeclared
1009,centroid,-97.559051,30.593494,source_crosschecked_datum_undeclared
1010,centroid,-97.562385,30.571888,source_crosschecked_datum_undeclared
1011,centroid,-97.586759,30.550444,source_crosschecked_datum_undeclared
1012,centroid,-97.60774,30.544585,source_crosschecked_datum_undeclared
1013,centroid,-97.615336,30.559709,source_crosschecked_datum_undeclared
1014,centroid,-97.569962,30.612544,source_crosschecked_datum_undeclared
1015,centroid,-97.521503,30.603709,source_crosschecked_datum_undeclared
1016,centroid,-97.497322,30.657724,source_crosschecked_datum_undeclared
1017,centroid,-97.518758,30.681438,source_crosschecked_datum_undeclared
1018,centroid,-97.475931,30.684143,source_crosschecked_datum_undeclared
1019,centroid,-97.485999,30.727033,source_crosschecked_datum_undeclared
1020,centroid,-97.534252,30.741662,source_crosschecked_datum_undeclared
1021,centroid,-97.522309,30.707529,source_crosschecked_datum_undeclared
1022,centroid,-97.516497,30.767866,source_crosschecked_datum_undeclared
1023,centroid,-97.569578,30.804915,source_crosschecked_datum_undeclared
1024,centroid,-97.681406,30.750264,source_crosschecked_datum_undeclared
1025,centroid,-97.642916,30.791238,source_crosschecked_datum_undeclared
1026,centroid,-97.627671,30.69837,source_crosschecked_datum_undeclared
1027,centroid,-97.597727,30.682848,source_crosschecked_datum_undeclared
1028,centroid,-97.599677,30.715183,source_crosschecked_datum_undeclared
1029,centroid,-97.560001,30.726483,source_crosschecked_datum_undeclared
1030,centroid,-97.567221,30.652202,source_crosschecked_datum_undeclared
1031,centroid,-97.527026,30.658509,source_crosschecked_datum_undeclared
1032,centroid,-97.349428,30.744464,source_crosschecked_datum_undeclared
1033,centroid,-97.294568,30.723527,source_crosschecked_datum_undeclared
1034,centroid,-97.340303,30.718481,source_crosschecked_datum_undeclared
1035,centroid,-97.41274,30.711832,source_crosschecked_datum_undeclared
1036,centroid,-97.356277,30.699874,source_crosschecked_datum_undeclared
1037,centroid,-97.804395,30.721099,source_crosschecked_datum_undeclared
1038,centroid,-97.917453,30.713284,source_crosschecked_datum_undeclared
1039,centroid,-97.937796,30.707511,source_crosschecked_datum_undeclared
1040,centroid,-97.850632,30.505476,source_crosschecked_datum_undeclared
1041,centroid,-97.831932,30.502098,source_crosschecked_datum_undeclared
1042,centroid,-97.834159,30.511753,source_crosschecked_datum_undeclared
1043,centroid,-97.852821,30.043099,source_crosschecked_datum_undeclared
1044,centroid,-97.847519,30.521169,source_crosschecked_datum_undeclared
1045,centroid,-97.837526,30.524123,source_crosschecked_datum_undeclared
1046,centroid,-97.847503,30.550258,source_crosschecked_datum_undeclared
1047,centroid,-97.857691,30.536438,source_crosschecked_datum_undeclared
1048,centroid,-97.829934,30.465145,source_crosschecked_datum_undeclared
1049,centroid,-97.717294,30.740886,source_crosschecked_datum_undeclared
1050,centroid,-97.719732,30.476281,source_crosschecked_datum_undeclared
1051,centroid,-97.655412,30.489708,source_crosschecked_datum_undeclared
1052,centroid,-97.415829,30.587174,source_crosschecked_datum_undeclared
1053,centroid,-98.02832,30.405887,source_crosschecked_datum_undeclared
1054,centroid,-97.824934,30.49147,source_crosschecked_datum_undeclared
1055,centroid,-97.820694,30.47081,source_crosschecked_datum_undeclared
1056,centroid,-97.821047,30.530568,source_crosschecked_datum_undeclared
1057,centroid,-97.783615,30.539373,source_crosschecked_datum_undeclared
1058,centroid,-97.767089,30.527955,source_crosschecked_datum_undeclared
1059,centroid,-97.763655,30.506117,source_crosschecked_datum_undeclared
1060,centroid,-97.764424,30.491587,source_crosschecked_datum_undeclared
1061,centroid,-97.794481,30.48459,source_crosschecked_datum_undeclared
1062,centroid,-97.782491,30.498519,source_crosschecked_datum_undeclared
1063,centroid,-97.78106,30.488025,source_crosschecked_datum_undeclared
1064,centroid,-97.840841,30.48333,source_crosschecked_datum_undeclared
1065,centroid,-97.825633,30.545795,source_crosschecked_datum_undeclared
1066,centroid,-97.806481,30.546888,source_crosschecked_datum_undeclared
1067,centroid,-97.804895,30.600584,source_crosschecked_datum_undeclared
1068,centroid,-97.811,30.628699,source_crosschecked_datum_undeclared
1069,centroid,-97.815848,30.508377,source_crosschecked_datum_undeclared
1070,centroid,-97.791741,30.52396,source_crosschecked_datum_undeclared
1071,centroid,-97.806002,30.507357,source_crosschecked_datum_undeclared
1072,centroid,-97.789939,30.511773,source_crosschecked_datum_undeclared
1073,centroid,-97.805868,30.486395,source_crosschecked_datum_undeclared
1074,centroid,-97.5281,30.492048,source_crosschecked_datum_undeclared
1075,centroid,-97.800454,30.905132,source_crosschecked_datum_undeclared
1076,centroid,-97.703803,30.887022,source_crosschecked_datum_undeclared
1077,centroid,-97.589002,30.857003,source_crosschecked_datum_undeclared
1078,centroid,-97.539898,30.837785,source_crosschecked_datum_undeclared
1079,centroid,-97.244333,30.670972,source_crosschecked_datum_undeclared
1080,centroid,-97.425623,30.794371,source_crosschecked_datum_undeclared
1081,centroid,-97.51054,30.826011,source_crosschecked_datum_undeclared
1082,centroid,-97.300292,30.747149,source_crosschecked_datum_undeclared
1083,centroid,-97.519633,30.171221,source_crosschecked_datum_undeclared
1084,centroid,-97.560852,30.136738,source_crosschecked_datum_undeclared
1085,centroid,-97.479311,30.217666,source_crosschecked_datum_undeclared
1086,centroid,-97.419806,30.32676,source_crosschecked_datum_undeclared
1087,centroid,-97.397532,30.359273,source_crosschecked_datum_undeclared
1088,centroid,-97.39802,30.351976,source_crosschecked_datum_undeclared
1089,centroid,-97.36545,30.397006,source_crosschecked_datum_undeclared
1090,centroid,-97.259456,30.42561,source_crosschecked_datum_undeclared
1091,centroid,-97.185122,30.529067,source_crosschecked_datum_undeclared
1092,centroid,-97.162178,30.474429,source_crosschecked_datum_undeclared
1093,centroid,-97.218848,30.609838,source_crosschecked_datum_undeclared
1094,centroid,-98.150473,29.934113,source_crosschecked_datum_undeclared
1095,centroid,-97.918829,29.82497,source_crosschecked_datum_undeclared
1096,centroid,-98.015358,29.800449,source_crosschecked_datum_undeclared
1097,centroid,-98.018414,29.812023,source_crosschecked_datum_undeclared
1098,centroid,-97.944241,29.806018,source_crosschecked_datum_undeclared
1099,centroid,-97.9049,29.835521,source_crosschecked_datum_undeclared
1100,centroid,-97.813404,29.930219,source_crosschecked_datum_undeclared
1101,centroid,-97.687029,30.0113,source_crosschecked_datum_undeclared
1102,centroid,-97.742832,29.988874,source_crosschecked_datum_undeclared
1103,centroid,-97.773983,29.9607,source_crosschecked_datum_undeclared
1104,centroid,-97.672595,30.030532,source_crosschecked_datum_undeclared
1105,centroid,-97.609481,30.102202,source_crosschecked_datum_undeclared
1106,centroid,-98.236289,29.994705,source_crosschecked_datum_undeclared
1107,centroid,-98.270406,30.106389,source_crosschecked_datum_undeclared
1108,centroid,-98.206818,30.270539,source_crosschecked_datum_undeclared
1109,centroid,-98.251617,30.15493,source_crosschecked_datum_undeclared
1110,centroid,-98.236528,30.193282,source_crosschecked_datum_undeclared
1111,centroid,-98.18806,30.320581,source_crosschecked_datum_undeclared
1112,centroid,-98.127277,30.422055,source_crosschecked_datum_undeclared
1113,centroid,-98.103332,30.530257,source_crosschecked_datum_undeclared
1114,centroid,-98.030267,30.659689,source_crosschecked_datum_undeclared
1115,centroid,-98.002919,30.709085,source_crosschecked_datum_undeclared
1116,centroid,-97.903407,30.840504,source_crosschecked_datum_undeclared
1117,centroid,-97.892405,29.869985,source_crosschecked_datum_undeclared
1118,physical,-98.04384,30.43398,source_crosschecked_datum_undeclared
1119,physical,-97.974328,30.4147,source_crosschecked_datum_undeclared
1120,physical,-97.85219,30.406566,source_crosschecked_datum_undeclared
1121,physical,-97.846884,30.416801,source_crosschecked_datum_undeclared
1122,physical,-97.761927,30.407083,source_crosschecked_datum_undeclared
1123,physical,-97.764124,30.409064,source_crosschecked_datum_undeclared
1124,physical,-97.758688,30.408449,source_crosschecked_datum_undeclared
1125,physical,-97.744922,30.408061,source_crosschecked_datum_undeclared
1126,physical,-97.745725,30.41402,source_crosschecked_datum_undeclared
1127,physical,-97.744691,30.407847,source_crosschecked_datum_undeclared
1128,physical,-97.745701,30.415637,source_crosschecked_datum_undeclared
1129,physical,-97.731664,30.412533,source_crosschecked_datum_undeclared
1130,physical,-97.715814,30.407919,source_crosschecked_datum_undeclared
1131,physical,-97.716095,30.40912,source_crosschecked_datum_undeclared
1132,physical,-97.684787,30.410378,source_crosschecked_datum_undeclared
1133,physical,-97.677913,30.407524,source_crosschecked_datum_undeclared
1134,physical,-97.676469,30.415302,source_crosschecked_datum_undeclared
1135,physical,-97.647814,30.409447,source_crosschecked_datum_undeclared
1136,physical,-97.516594,30.231017,source_crosschecked_datum_undeclared
1137,physical,-97.520151,30.236316,source_crosschecked_datum_undeclared
1138,physical,-97.634956,30.401773,source_crosschecked_datum_undeclared
1139,physical,-97.623711,30.413554,source_crosschecked_datum_undeclared
1140,physical,-97.589682,30.395078,source_crosschecked_datum_undeclared
1141,physical,-97.575833,30.416815,source_crosschecked_datum_undeclared
1142,physical,-97.526112,30.30344,source_crosschecked_datum_undeclared
1143,physical,-97.514671,30.307684,source_crosschecked_datum_undeclared
1144,physical,-97.51792,30.33638,source_crosschecked_datum_undeclared
1145,physical,-97.509891,30.334995,source_crosschecked_datum_undeclared
1146,physical,-97.528483,30.375385,source_crosschecked_datum_undeclared
1147,physical,-97.519255,30.397315,source_crosschecked_datum_undeclared
1148,physical,-97.512478,30.408455,source_crosschecked_datum_undeclared
1149,physical,-98.109364,30.409589,source_crosschecked_datum_undeclared
1150,physical,-98.086011,30.385513,source_crosschecked_datum_undeclared
1151,physical,-98.058975,30.406921,source_crosschecked_datum_undeclared
1152,physical,-97.874061,30.407793,source_crosschecked_datum_undeclared
1153,physical,-97.873379,30.439673,source_crosschecked_datum_undeclared
1154,physical,-97.853717,30.403618,source_crosschecked_datum_undeclared
1155,physical,-97.791897,30.410956,source_crosschecked_datum_undeclared
1156,physical,-97.783123,30.399573,source_crosschecked_datum_undeclared
1157,physical,-97.768154,30.411092,source_crosschecked_datum_undeclared
1158,physical,-97.768691,30.404545,source_crosschecked_datum_undeclared
1159,physical,-97.747504,30.409917,source_crosschecked_datum_undeclared
1160,physical,-97.747856,30.407781,source_crosschecked_datum_undeclared
1161,physical,-97.746412,30.414459,source_crosschecked_datum_undeclared
1162,physical,-97.745632,30.407968,source_crosschecked_datum_undeclared
1163,physical,-97.745912,30.413568,source_crosschecked_datum_undeclared
1164,physical,-97.745455,30.405556,source_crosschecked_datum_undeclared
1165,physical,-97.724071,30.406374,source_crosschecked_datum_undeclared
1166,physical,-97.7147,30.408849,source_crosschecked_datum_undeclared
1167,physical,-97.721641,30.407206,source_crosschecked_datum_undeclared
1168,physical,-97.712834,30.408731,source_crosschecked_datum_undeclared
1169,physical,-97.714123,30.407364,source_crosschecked_datum_undeclared
1170,physical,-97.711471,30.409801,source_crosschecked_datum_undeclared
1171,physical,-97.715529,30.408358,source_crosschecked_datum_undeclared
1172,physical,-97.696596,30.407968,source_crosschecked_datum_undeclared
1173,physical,-97.67463,30.412293,source_crosschecked_datum_undeclared
1174,physical,-97.675483,30.40787,source_crosschecked_datum_undeclared
1175,physical,-97.673628,30.4133,source_crosschecked_datum_undeclared
1176,physical,-97.675161,30.403298,source_crosschecked_datum_undeclared
1177,physical,-97.672668,30.414308,source_crosschecked_datum_undeclared
1178,physical,-97.674045,30.406589,source_crosschecked_datum_undeclared
1179,physical,-97.672042,30.412976,source_crosschecked_datum_undeclared
1180,physical,-97.673112,30.407529,source_crosschecked_datum_undeclared
1181,physical,-97.605632,30.403013,source_crosschecked_datum_undeclared
1182,physical,-97.545066,30.400877,source_crosschecked_datum_undeclared
1183,physical,-97.532488,30.425266,source_crosschecked_datum_undeclared
1184,physical,-97.541096,30.407188,source_crosschecked_datum_undeclared
1185,physical,-97.519605,30.505154,source_crosschecked_datum_undeclared
1186,physical,-97.517307,30.51811,source_crosschecked_datum_undeclared
1187,physical,-97.527361,30.539446,source_crosschecked_datum_undeclared
1188,physical,-97.513917,30.537219,source_crosschecked_datum_undeclared
1189,physical,-97.526327,30.546126,source_crosschecked_datum_undeclared
1190,physical,-97.502511,30.550371,source_crosschecked_datum_undeclared
1191,physical,-97.519759,30.593317,source_crosschecked_datum_undeclared
1192,physical,-97.503766,30.59844,source_crosschecked_datum_undeclared
1193,physical,-97.519283,30.637256,source_crosschecked_datum_undeclared
1194,physical,-97.503543,30.637913,source_crosschecked_datum_undeclared
1195,physical,-97.519584,30.674133,source_crosschecked_datum_undeclared
1196,physical,-97.51178,30.655746,source_crosschecked_datum_undeclared
1197,physical,-97.509234,30.715859,source_crosschecked_datum_undeclared
1198,physical,-97.517674,30.736201,source_crosschecked_datum_undeclared
1199,physical,-97.51612,30.72774,source_crosschecked_datum_undeclared
1200,physical,-97.570382,30.786327,source_crosschecked_datum_undeclared
1201,physical,-97.514762,30.813891,source_crosschecked_datum_undeclared
1202,physical,-97.522255,30.753481,source_crosschecked_datum_undeclared
1203,physical,-97.502626,30.759103,source_crosschecked_datum_undeclared
1204,physical,-97.502484,30.276789,source_crosschecked_datum_undeclared
1205,physical,-97.524078,30.294375,source_crosschecked_datum_undeclared
1206,physical,-97.500359,30.350266,source_crosschecked_datum_undeclared
1207,physical,-97.51129,30.410372,source_crosschecked_datum_undeclared
1208,physical,-97.470816,30.397977,source_crosschecked_datum_undeclared
1209,physical,-97.499596,30.405153,source_crosschecked_datum_undeclared
1210,physical,-97.427254,30.418875,source_crosschecked_datum_undeclared
1211,physical,-97.460113,30.415024,source_crosschecked_datum_undeclared
1212,physical,-97.381992,30.399374,source_crosschecked_datum_undeclared
1213,physical,-97.37493,30.410031,source_crosschecked_datum_undeclared
1214,physical,-97.521358,30.417783,source_crosschecked_datum_undeclared
1215,physical,-97.517121,30.443669,source_crosschecked_datum_undeclared
1216,physical,-97.521724,30.440796,source_crosschecked_datum_undeclared
1217,physical,-97.493465,30.493528,source_crosschecked_datum_undeclared
1218,physical,-97.53659,30.589415,source_crosschecked_datum_undeclared
1219,physical,-97.506741,30.607574,source_crosschecked_datum_undeclared
1220,physical,-97.542575,30.615287,source_crosschecked_datum_undeclared
1221,physical,-97.495278,30.666963,source_crosschecked_datum_undeclared
1222,physical,-97.492532,30.687437,source_crosschecked_datum_undeclared
1223,physical,-97.524148,30.690823,source_crosschecked_datum_undeclared
1224,physical,-97.531196,30.729133,source_crosschecked_datum_undeclared
1225,physical,-97.524716,30.783688,source_crosschecked_datum_undeclared
1226,physical,-97.493845,30.740209,source_crosschecked_datum_undeclared
1227,physical,-97.479858,30.766484,source_crosschecked_datum_undeclared
1228,physical,-97.695637,30.410299,source_crosschecked_datum_undeclared
1229,physical,-97.702847,30.412131,source_crosschecked_datum_undeclared
1230,physical,-97.70461,30.408633,source_crosschecked_datum_undeclared
1231,physical,-97.709342,30.410893,source_crosschecked_datum_undeclared
1232,physical,-97.661196,30.413835,source_crosschecked_datum_undeclared
1233,physical,-97.66238,30.405328,source_crosschecked_datum_undeclared
1234,physical,-97.625593,30.42208,source_crosschecked_datum_undeclared
1235,physical,-97.637802,30.40409,source_crosschecked_datum_undeclared
1236,physical,-98.049768,29.987074,source_crosschecked_datum_undeclared
1237,physical,-98.038465,29.984562,source_crosschecked_datum_undeclared
1238,physical,-98.043982,30.026318,source_crosschecked_datum_undeclared
1239,physical,-98.039656,30.03215,source_crosschecked_datum_undeclared
1240,physical,-98.049297,30.052957,source_crosschecked_datum_undeclared
1241,physical,-98.025834,30.047991,source_crosschecked_datum_undeclared
1242,physical,-98.068304,30.1098,source_crosschecked_datum_undeclared
1243,physical,-98.031115,30.123192,source_crosschecked_datum_undeclared
1244,physical,-98.031699,30.131643,source_crosschecked_datum_undeclared
1245,physical,-98.051563,30.149237,source_crosschecked_datum_undeclared
1246,physical,-98.016194,30.153385,source_crosschecked_datum_undeclared
1247,physical,-98.064664,30.286319,source_crosschecked_datum_undeclared
1248,physical,-98.034598,30.291368,source_crosschecked_datum_undeclared
1249,physical,-98.066735,30.355722,source_crosschecked_datum_undeclared
1250,physical,-98.024116,30.331214,source_crosschecked_datum_undeclared
1251,physical,-98.041928,30.37458,source_crosschecked_datum_undeclared
1252,physical,-97.965652,29.883707,source_crosschecked_datum_undeclared
1253,physical,-97.964866,29.893214,source_crosschecked_datum_undeclared
1254,physical,-97.962478,29.886653,source_crosschecked_datum_undeclared
1255,physical,-97.953982,29.887965,source_crosschecked_datum_undeclared
1256,physical,-97.948286,29.884175,source_crosschecked_datum_undeclared
1257,physical,-97.949509,29.884944,source_crosschecked_datum_undeclared
1258,physical,-97.945866,29.885791,source_crosschecked_datum_undeclared
1259,physical,-97.942571,29.884912,source_crosschecked_datum_undeclared
1260,physical,-97.940536,29.88521,source_crosschecked_datum_undeclared
1261,physical,-97.923961,29.884527,source_crosschecked_datum_undeclared
1262,physical,-97.929695,29.885258,source_crosschecked_datum_undeclared
1263,physical,-97.921188,29.882201,source_crosschecked_datum_undeclared
1264,physical,-97.918068,29.886173,source_crosschecked_datum_undeclared
1265,physical,-97.922986,29.883649,source_crosschecked_datum_undeclared
1266,physical,-97.921502,29.882561,source_crosschecked_datum_undeclared
1267,physical,-97.917035,29.887678,source_crosschecked_datum_undeclared
1268,physical,-97.916563,29.887809,source_crosschecked_datum_undeclared
1269,physical,-97.908492,29.884282,source_crosschecked_datum_undeclared
1270,physical,-97.9054,29.888212,source_crosschecked_datum_undeclared
1271,physical,-97.895876,29.882033,source_crosschecked_datum_undeclared
1272,physical,-97.886721,29.888655,source_crosschecked_datum_undeclared
1273,physical,-98.022744,29.940677,source_crosschecked_datum_undeclared
1274,physical,-98.008721,29.908608,source_crosschecked_datum_undeclared
1275,physical,-98.051817,29.917247,source_crosschecked_datum_undeclared
1276,physical,-97.946803,29.885597,source_crosschecked_datum_undeclared
1277,physical,-97.943954,29.884687,source_crosschecked_datum_undeclared
1278,physical,-97.94376,29.883846,source_crosschecked_datum_undeclared
1279,physical,-97.941552,29.885079,source_crosschecked_datum_undeclared
1280,physical,-97.941438,29.884391,source_crosschecked_datum_undeclared
1281,physical,-97.940102,29.885267,source_crosschecked_datum_undeclared
1282,physical,-97.940026,29.884481,source_crosschecked_datum_undeclared
1283,physical,-97.93868,29.883169,source_crosschecked_datum_undeclared
1284,physical,-97.936819,29.884754,source_crosschecked_datum_undeclared
1285,physical,-97.93731,29.883316,source_crosschecked_datum_undeclared
1286,physical,-97.930244,29.884907,source_crosschecked_datum_undeclared
1287,physical,-97.931116,29.88435,source_crosschecked_datum_undeclared
1288,physical,-97.919149,29.886723,source_crosschecked_datum_undeclared
1289,physical,-97.922476,29.883183,source_crosschecked_datum_undeclared
1290,physical,-97.916622,29.888646,source_crosschecked_datum_undeclared
1291,physical,-97.92178,29.882931,source_crosschecked_datum_undeclared
1292,physical,-98.03592,30.193978,source_crosschecked_datum_undeclared
1293,physical,-98.049602,30.194871,source_crosschecked_datum_undeclared
1294,physical,-98.027316,30.245989,source_crosschecked_datum_undeclared
1295,physical,-98.043262,30.246378,source_crosschecked_datum_undeclared
1296,physical,-98.027208,30.345872,source_crosschecked_datum_undeclared
1297,physical,-98.178438,30.159975,source_crosschecked_datum_undeclared
1298,physical,-98.173062,30.129515,source_crosschecked_datum_undeclared
1299,physical,-98.135221,30.143223,source_crosschecked_datum_undeclared
1300,physical,-98.131657,30.157746,source_crosschecked_datum_undeclared
1301,physical,-98.089328,30.144817,source_crosschecked_datum_undeclared
1302,physical,-98.090996,30.16069,source_crosschecked_datum_undeclared
1303,physical,-98.085854,30.167313,source_crosschecked_datum_undeclared
1304,physical,-98.157966,30.13787,source_crosschecked_datum_undeclared
1305,physical,-98.189493,29.967769,source_crosschecked_datum_undeclared
1306,physical,-98.147097,29.981565,source_crosschecked_datum_undeclared
1307,physical,-98.179821,30.035229,source_crosschecked_datum_undeclared
1308,physical,-98.162858,30.058892,source_crosschecked_datum_undeclared
1309,physical,-98.19487,30.089786,source_crosschecked_datum_undeclared
1310,physical,-98.171247,30.08205,source_crosschecked_datum_undeclared
1311,physical,-98.17688,30.104379,source_crosschecked_datum_undeclared
1312,physical,-98.170259,30.126281,source_crosschecked_datum_undeclared
1313,physical,-98.18761,30.004317,source_crosschecked_datum_undeclared
1314,physical,-98.120381,30.012098,source_crosschecked_datum_undeclared
1315,physical,-98.130309,30.019125,source_crosschecked_datum_undeclared
1316,physical,-98.101129,29.999239,source_crosschecked_datum_undeclared
1317,physical,-98.101837,30.02115,source_crosschecked_datum_undeclared
1318,physical,-98.077175,30.009134,source_crosschecked_datum_undeclared
1319,physical,-98.070197,30.015618,source_crosschecked_datum_undeclared
1320,physical,-98.051193,30.008634,source_crosschecked_datum_undeclared
1321,physical,-98.153274,30.020471,source_crosschecked_datum_undeclared
1322,physical,-98.170976,30.094404,source_crosschecked_datum_undeclared
1323,physical,-98.200099,30.000072,source_crosschecked_datum_undeclared
1324,physical,-98.223676,30.101001,source_crosschecked_datum_undeclared
1325,physical,-98.198919,30.047826,source_crosschecked_datum_undeclared
1326,physical,-98.239317,30.097785,source_crosschecked_datum_undeclared
1327,physical,-98.216512,30.096546,source_crosschecked_datum_undeclared
1328,physical,-98.18839,30.099451,source_crosschecked_datum_undeclared
1329,physical,-98.092413,29.974506,source_crosschecked_datum_undeclared
1330,physical,-98.093545,29.980102,source_crosschecked_datum_undeclared
1331,physical,-98.090602,29.994609,source_crosschecked_datum_undeclared
1332,physical,-98.111264,29.987964,source_crosschecked_datum_undeclared
1333,physical,-98.105036,30.002568,source_crosschecked_datum_undeclared
1334,physical,-98.091712,29.941015,source_crosschecked_datum_undeclared
1335,physical,-98.117772,30.008008,source_crosschecked_datum_undeclared
1336,physical,-98.081782,29.938804,source_crosschecked_datum_undeclared
1337,physical,-98.139629,29.981565,source_crosschecked_datum_undeclared
1338,physical,-98.120568,29.986542,source_crosschecked_datum_undeclared
1339,physical,-98.069342,29.92891,source_crosschecked_datum_undeclared
1340,physical,-98.064188,29.925171,source_crosschecked_datum_undeclared
1341,physical,-98.089903,29.985071,source_crosschecked_datum_undeclared
1342,physical,-98.075657,29.985865,source_crosschecked_datum_undeclared
1343,physical,-98.084241,29.998843,source_crosschecked_datum_undeclared
1344,physical,-98.171429,30.081168,source_crosschecked_datum_undeclared
1345,physical,-98.140645,30.072243,source_crosschecked_datum_undeclared
1346,physical,-98.131384,30.107668,source_crosschecked_datum_undeclared
1347,physical,-98.101753,30.045394,source_crosschecked_datum_undeclared
1348,physical,-98.118658,30.03475,source_crosschecked_datum_undeclared
1349,physical,-98.125564,30.06887,source_crosschecked_datum_undeclared
1350,physical,-98.090106,30.069955,source_crosschecked_datum_undeclared
1351,physical,-98.096006,30.102064,source_crosschecked_datum_undeclared
1352,physical,-98.112328,30.12629,source_crosschecked_datum_undeclared
1353,physical,-98.088327,30.121344,source_crosschecked_datum_undeclared
1354,physical,-98.075962,30.061194,source_crosschecked_datum_undeclared
1355,physical,-98.128455,30.027515,source_crosschecked_datum_undeclared
1356,physical,-98.137431,30.116391,source_crosschecked_datum_undeclared
1357,physical,-98.135692,30.129918,source_crosschecked_datum_undeclared
1358,physical,-98.135616,30.123076,source_crosschecked_datum_undeclared
1359,physical,-98.097949,30.048688,source_crosschecked_datum_undeclared
1360,physical,-98.049009,30.058309,source_crosschecked_datum_undeclared
1361,physical,-98.092073,30.055926,source_crosschecked_datum_undeclared
1362,physical,-98.080648,30.058932,source_crosschecked_datum_undeclared
1363,physical,-98.090537,30.10984,source_crosschecked_datum_undeclared
1364,physical,-98.08916,30.131976,source_crosschecked_datum_undeclared
1365,physical,-98.191269,30.179424,source_crosschecked_datum_undeclared
1366,physical,-98.162832,30.182829,source_crosschecked_datum_undeclared
1367,physical,-98.169802,30.257611,source_crosschecked_datum_undeclared
1368,physical,-98.169205,30.22719,source_crosschecked_datum_undeclared
1369,physical,-98.179416,30.272555,source_crosschecked_datum_undeclared
1370,physical,-98.166031,30.300608,source_crosschecked_datum_undeclared
1371,physical,-98.170914,30.300407,source_crosschecked_datum_undeclared
1372,physical,-98.141627,30.162056,source_crosschecked_datum_undeclared
1373,physical,-98.184398,30.199549,source_crosschecked_datum_undeclared
1374,physical,-98.162057,30.197855,source_crosschecked_datum_undeclared
1375,physical,-98.179426,30.198206,source_crosschecked_datum_undeclared
1376,physical,-98.194485,30.200172,source_crosschecked_datum_undeclared
1377,physical,-98.068497,30.27055,source_crosschecked_datum_undeclared
1378,physical,-98.155751,30.280318,source_crosschecked_datum_undeclared
1379,physical,-98.154836,30.256065,source_crosschecked_datum_undeclared
1380,physical,-98.132785,30.255864,source_crosschecked_datum_undeclared
1381,physical,-98.103249,30.285707,source_crosschecked_datum_undeclared
1382,physical,-98.109119,30.256388,source_crosschecked_datum_undeclared
1383,physical,-98.240938,30.173312,source_crosschecked_datum_undeclared
1384,physical,-98.232143,30.178501,source_crosschecked_datum_undeclared
1385,physical,-98.245775,30.159139,source_crosschecked_datum_undeclared
1386,physical,-98.230195,30.179132,source_crosschecked_datum_undeclared
1387,physical,-98.214616,30.188182,source_crosschecked_datum_undeclared
1388,physical,-98.214579,30.193112,source_crosschecked_datum_undeclared
1389,physical,-98.109283,30.189203,source_crosschecked_datum_undeclared
1390,physical,-98.102602,30.189269,source_crosschecked_datum_undeclared
1391,physical,-98.151964,30.221912,source_crosschecked_datum_undeclared
1392,physical,-98.144811,30.205816,source_crosschecked_datum_undeclared
1393,physical,-98.133052,30.205308,source_crosschecked_datum_undeclared
1394,physical,-98.118518,30.219776,source_crosschecked_datum_undeclared
1395,physical,-98.11855,30.20463,source_crosschecked_datum_undeclared
1396,physical,-98.107129,30.198217,source_crosschecked_datum_undeclared
1397,physical,-98.087482,30.210052,source_crosschecked_datum_undeclared
1398,physical,-98.084826,30.213293,source_crosschecked_datum_undeclared
1399,physical,-98.095033,30.191588,source_crosschecked_datum_undeclared
1400,physical,-98.12472,30.246396,source_crosschecked_datum_undeclared
1401,physical,-98.082014,30.254291,source_crosschecked_datum_undeclared
1402,physical,-98.124873,30.182808,source_crosschecked_datum_undeclared
1403,physical,-98.161836,30.198168,source_crosschecked_datum_undeclared
1404,physical,-98.162277,30.191378,source_crosschecked_datum_undeclared
1405,physical,-98.115318,30.18744,source_crosschecked_datum_undeclared
1406,physical,-98.128349,30.205647,source_crosschecked_datum_undeclared
1407,physical,-98.154469,30.227215,source_crosschecked_datum_undeclared
1408,physical,-98.143003,30.256152,source_crosschecked_datum_undeclared
1409,physical,-98.124752,30.233872,source_crosschecked_datum_undeclared
1410,physical,-98.086571,30.167629,source_crosschecked_datum_undeclared
1411,physical,-98.087313,30.179423,source_crosschecked_datum_undeclared
1412,physical,-98.068204,30.159349,source_crosschecked_datum_undeclared
1413,physical,-98.081811,30.191384,source_crosschecked_datum_undeclared
1414,physical,-98.087434,30.191338,source_crosschecked_datum_undeclared
1415,physical,-98.102295,30.193977,source_crosschecked_datum_undeclared
1416,physical,-98.087413,30.181782,source_crosschecked_datum_undeclared
1417,physical,-98.093042,30.19133,source_crosschecked_datum_undeclared
1418,physical,-98.099051,30.189304,source_crosschecked_datum_undeclared
1419,physical,-98.064321,30.192514,source_crosschecked_datum_undeclared
1420,physical,-98.065915,30.237465,source_crosschecked_datum_undeclared
1421,physical,-98.058146,30.249399,source_crosschecked_datum_undeclared
1422,physical,-98.047347,30.246189,source_crosschecked_datum_undeclared
1423,physical,-98.088865,30.299922,source_crosschecked_datum_undeclared
1424,physical,-98.072766,30.368436,source_crosschecked_datum_undeclared
1425,physical,-98.067956,30.393322,source_crosschecked_datum_undeclared
1426,physical,-97.912779,29.841741,source_crosschecked_datum_undeclared
1427,physical,-97.905366,29.848594,source_crosschecked_datum_undeclared
1428,physical,-97.91176,29.869138,source_crosschecked_datum_undeclared
1429,physical,-97.902758,29.869205,source_crosschecked_datum_undeclared
1430,physical,-97.909806,29.883152,source_crosschecked_datum_undeclared
1431,physical,-97.912757,29.880615,source_crosschecked_datum_undeclared
1432,physical,-97.907425,29.878232,source_crosschecked_datum_undeclared
1433,physical,-97.998524,29.818075,source_crosschecked_datum_undeclared
1434,physical,-98.005313,29.823262,source_crosschecked_datum_undeclared
1435,physical,-97.99684,29.817127,source_crosschecked_datum_undeclared
1436,physical,-97.994699,29.818931,source_crosschecked_datum_undeclared
1437,physical,-97.980733,29.823926,source_crosschecked_datum_undeclared
1438,physical,-98.007133,29.82181,source_crosschecked_datum_undeclared
1439,physical,-98.012155,29.81739,source_crosschecked_datum_undeclared
1440,physical,-97.994863,29.819486,source_crosschecked_datum_undeclared
1441,physical,-97.996504,29.818343,source_crosschecked_datum_undeclared
1442,physical,-98.000977,29.814034,source_crosschecked_datum_undeclared
1443,physical,-97.993655,29.820301,source_crosschecked_datum_undeclared
1444,physical,-98.000616,29.814105,source_crosschecked_datum_undeclared
1445,physical,-97.99246,29.822026,source_crosschecked_datum_undeclared
1446,physical,-97.96404,29.815446,source_crosschecked_datum_undeclared
1447,physical,-97.96121,29.830284,source_crosschecked_datum_undeclared
1448,physical,-97.983841,29.828849,source_crosschecked_datum_undeclared
1449,physical,-97.976302,29.835607,source_crosschecked_datum_undeclared
1450,physical,-97.978198,29.834256,source_crosschecked_datum_undeclared
1451,physical,-97.974684,29.841971,source_crosschecked_datum_undeclared
1452,physical,-97.979676,29.846351,source_crosschecked_datum_undeclared
1453,physical,-97.975355,29.842559,source_crosschecked_datum_undeclared
1454,physical,-97.974942,29.850844,source_crosschecked_datum_undeclared
1455,physical,-97.967589,29.813421,source_crosschecked_datum_undeclared
1456,physical,-97.978529,29.806774,source_crosschecked_datum_undeclared
1457,physical,-97.973318,29.838967,source_crosschecked_datum_undeclared
1458,physical,-97.978787,29.834027,source_crosschecked_datum_undeclared
1459,physical,-97.972651,29.840191,source_crosschecked_datum_undeclared
1460,physical,-97.976833,29.836078,source_crosschecked_datum_undeclared
1461,physical,-97.97189,29.840025,source_crosschecked_datum_undeclared
1462,physical,-97.976323,29.84932,source_crosschecked_datum_undeclared
1463,physical,-97.955213,29.820649,source_crosschecked_datum_undeclared
1464,physical,-97.942213,29.825662,source_crosschecked_datum_undeclared
1465,physical,-98.003617,29.810918,source_crosschecked_datum_undeclared
1466,physical,-97.994277,29.797524,source_crosschecked_datum_undeclared
1467,physical,-97.992683,29.780004,source_crosschecked_datum_undeclared
1468,physical,-98.005157,29.80978,source_crosschecked_datum_undeclared
1469,physical,-98.004831,29.810878,source_crosschecked_datum_undeclared
1470,physical,-97.982193,29.804461,source_crosschecked_datum_undeclared
1471,physical,-97.996523,29.816411,source_crosschecked_datum_undeclared
1472,physical,-97.994277,29.80115,source_crosschecked_datum_undeclared
1473,physical,-98.003892,29.810904,source_crosschecked_datum_undeclared
1474,physical,-97.999061,29.815126,source_crosschecked_datum_undeclared
1475,physical,-97.999757,29.815366,source_crosschecked_datum_undeclared
1476,physical,-98.00256,29.812963,source_crosschecked_datum_undeclared
1477,physical,-97.997344,29.817537,source_crosschecked_datum_undeclared
1478,physical,-97.998377,29.862223,source_crosschecked_datum_undeclared
1479,physical,-97.984969,29.85096,source_crosschecked_datum_undeclared
1480,physical,-97.996498,29.860719,source_crosschecked_datum_undeclared
1481,physical,-97.984131,29.850231,source_crosschecked_datum_undeclared
1482,physical,-97.988654,29.824507,source_crosschecked_datum_undeclared
1483,physical,-97.995633,29.831786,source_crosschecked_datum_undeclared
1484,physical,-97.981245,29.847718,source_crosschecked_datum_undeclared
1485,physical,-97.992251,29.821828,source_crosschecked_datum_undeclared
1486,physical,-97.990057,29.823465,source_crosschecked_datum_undeclared
1487,physical,-97.992218,29.834039,source_crosschecked_datum_undeclared
1488,physical,-97.989055,29.83723,source_crosschecked_datum_undeclared
1489,physical,-97.9781,29.835006,source_crosschecked_datum_undeclared
1490,physical,-97.985579,29.827288,source_crosschecked_datum_undeclared
1491,physical,-97.984705,29.827121,source_crosschecked_datum_undeclared
1492,physical,-97.98604,29.827685,source_crosschecked_datum_undeclared
1493,physical,-97.988915,29.825198,source_crosschecked_datum_undeclared
1494,physical,-97.984188,29.829455,source_crosschecked_datum_undeclared
1495,physical,-97.982813,29.830066,source_crosschecked_datum_undeclared
1496,physical,-97.98298,29.830282,source_crosschecked_datum_undeclared
1497,physical,-97.990143,29.82378,source_crosschecked_datum_undeclared
1498,physical,-97.986415,29.82846,source_crosschecked_datum_undeclared
1499,physical,-97.968037,29.796368,source_crosschecked_datum_undeclared
1500,physical,-97.963812,29.846826,source_crosschecked_datum_undeclared
1501,physical,-97.956148,29.85373,source_crosschecked_datum_undeclared
1502,physical,-97.944615,29.828217,source_crosschecked_datum_undeclared
1503,physical,-97.941912,29.828578,source_crosschecked_datum_undeclared
1504,physical,-97.946962,29.833369,source_crosschecked_datum_undeclared
1505,physical,-97.941569,29.832843,source_crosschecked_datum_undeclared
1506,physical,-97.943496,29.848735,source_crosschecked_datum_undeclared
1507,physical,-97.940454,29.843343,source_crosschecked_datum_undeclared
1508,physical,-97.971213,29.855146,source_crosschecked_datum_undeclared
1509,physical,-97.957648,29.85336,source_crosschecked_datum_undeclared
1510,physical,-97.959659,29.85126,source_crosschecked_datum_undeclared
1511,physical,-97.964333,29.847441,source_crosschecked_datum_undeclared
1512,physical,-97.957082,29.853528,source_crosschecked_datum_undeclared
1513,physical,-97.956728,29.853599,source_crosschecked_datum_undeclared
1514,physical,-97.967646,29.84383,source_crosschecked_datum_undeclared
1515,physical,-97.948412,29.852997,source_crosschecked_datum_undeclared
1516,physical,-97.95031,29.859231,source_crosschecked_datum_undeclared
1517,physical,-97.943201,29.865634,source_crosschecked_datum_undeclared
1518,physical,-97.939497,29.854864,source_crosschecked_datum_undeclared
1519,physical,-97.945704,29.863038,source_crosschecked_datum_undeclared
1520,physical,-97.943426,29.865021,source_crosschecked_datum_undeclared
1521,physical,-97.939361,29.856628,source_crosschecked_datum_undeclared
1522,physical,-97.943103,29.876116,source_crosschecked_datum_undeclared
1523,physical,-97.940235,29.869203,source_crosschecked_datum_undeclared
1524,physical,-97.939549,29.872973,source_crosschecked_datum_undeclared
1525,physical,-97.945016,29.87758,source_crosschecked_datum_undeclared
1526,physical,-97.94301,29.879629,source_crosschecked_datum_undeclared
1527,physical,-97.944064,29.876869,source_crosschecked_datum_undeclared
1528,physical,-97.943378,29.881903,source_crosschecked_datum_undeclared
1529,physical,-97.943689,29.883538,source_crosschecked_datum_undeclared
1530,physical,-97.943449,29.882495,source_crosschecked_datum_undeclared
1531,physical,-97.940197,29.845758,source_crosschecked_datum_undeclared
1532,physical,-97.930246,29.854604,source_crosschecked_datum_undeclared
1533,physical,-97.940449,29.860255,source_crosschecked_datum_undeclared
1534,physical,-97.944222,29.862253,source_crosschecked_datum_undeclared
1535,physical,-97.943259,29.866176,source_crosschecked_datum_undeclared
1536,physical,-97.944442,29.865091,source_crosschecked_datum_undeclared
1537,physical,-97.941952,29.866953,source_crosschecked_datum_undeclared
1538,physical,-97.948009,29.861566,source_crosschecked_datum_undeclared
1539,physical,-97.924394,29.849604,source_crosschecked_datum_undeclared
1540,physical,-97.945704,29.882041,source_crosschecked_datum_undeclared
1541,physical,-97.952518,29.823166,source_crosschecked_datum_undeclared
1542,physical,-97.971821,29.839462,source_crosschecked_datum_undeclared
1543,physical,-97.959837,29.844947,source_crosschecked_datum_undeclared
1544,physical,-97.953008,29.839028,source_crosschecked_datum_undeclared
1545,physical,-97.964546,29.846832,source_crosschecked_datum_undeclared
1546,physical,-97.968462,29.842668,source_crosschecked_datum_undeclared
1547,physical,-97.967651,29.844076,source_crosschecked_datum_undeclared
1548,physical,-97.968908,29.843249,source_crosschecked_datum_undeclared
1549,physical,-97.959953,29.862841,source_crosschecked_datum_undeclared
1550,physical,-97.957928,29.861112,source_crosschecked_datum_undeclared
1551,physical,-97.955576,29.874544,source_crosschecked_datum_undeclared
1552,physical,-97.961723,29.868395,source_crosschecked_datum_undeclared
1553,physical,-97.961879,29.867764,source_crosschecked_datum_undeclared
1554,physical,-97.9555,29.87309,source_crosschecked_datum_undeclared
1555,physical,-97.957934,29.876557,source_crosschecked_datum_undeclared
1556,physical,-97.961806,29.880121,source_crosschecked_datum_undeclared
1557,physical,-97.969138,29.857091,source_crosschecked_datum_undeclared
1558,physical,-97.966063,29.859917,source_crosschecked_datum_undeclared
1559,physical,-97.962971,29.865419,source_crosschecked_datum_undeclared
1560,physical,-97.962979,29.881201,source_crosschecked_datum_undeclared
1561,physical,-97.952744,29.856668,source_crosschecked_datum_undeclared
1562,physical,-97.950815,29.858371,source_crosschecked_datum_undeclared
1563,physical,-97.955116,29.858727,source_crosschecked_datum_undeclared
1564,physical,-97.951706,29.858642,source_crosschecked_datum_undeclared
1565,physical,-97.953331,29.857214,source_crosschecked_datum_undeclared
1566,physical,-97.947894,29.860948,source_crosschecked_datum_undeclared
1567,physical,-97.952916,29.857198,source_crosschecked_datum_undeclared
1568,physical,-97.947591,29.862274,source_crosschecked_datum_undeclared
1569,physical,-97.955843,29.874772,source_crosschecked_datum_undeclared
1570,physical,-97.950762,29.880348,source_crosschecked_datum_undeclared
1571,physical,-97.949407,29.880895,source_crosschecked_datum_undeclared
1572,physical,-97.951105,29.877075,source_crosschecked_datum_undeclared
1573,physical,-97.952048,29.87622,source_crosschecked_datum_undeclared
1574,physical,-97.950392,29.877722,source_crosschecked_datum_undeclared
1575,physical,-97.95471,29.873806,source_crosschecked_datum_undeclared
1576,physical,-97.94805,29.879877,source_crosschecked_datum_undeclared
1577,physical,-97.94591,29.878314,source_crosschecked_datum_undeclared
1578,physical,-97.949175,29.880721,source_crosschecked_datum_undeclared
1579,physical,-97.946433,29.882637,source_crosschecked_datum_undeclared
1580,physical,-97.946805,29.880975,source_crosschecked_datum_undeclared
1581,physical,-97.947202,29.880625,source_crosschecked_datum_undeclared
1582,physical,-97.946819,29.882953,source_crosschecked_datum_undeclared
1583,physical,-97.949803,29.881193,source_crosschecked_datum_undeclared
1584,physical,-97.94931,29.883234,source_crosschecked_datum_undeclared
1585,physical,-97.936114,29.841662,source_crosschecked_datum_undeclared
1586,physical,-97.928599,29.834243,source_crosschecked_datum_undeclared
1587,physical,-97.921594,29.83758,source_crosschecked_datum_undeclared
1588,physical,-97.941906,29.847286,source_crosschecked_datum_undeclared
1589,physical,-97.918815,29.845039,source_crosschecked_datum_undeclared
1590,physical,-97.939662,29.868707,source_crosschecked_datum_undeclared
1591,physical,-97.94225,29.866108,source_crosschecked_datum_undeclared
1592,physical,-97.938929,29.868541,source_crosschecked_datum_undeclared
1593,physical,-97.938735,29.867505,source_crosschecked_datum_undeclared
1594,physical,-97.936456,29.870902,source_crosschecked_datum_undeclared
1595,physical,-97.935361,29.867945,source_crosschecked_datum_undeclared
1596,physical,-97.931929,29.868963,source_crosschecked_datum_undeclared
1597,physical,-97.942596,29.866739,source_crosschecked_datum_undeclared
1598,physical,-97.939972,29.868758,source_crosschecked_datum_undeclared
1599,physical,-97.929006,29.876506,source_crosschecked_datum_undeclared
1600,physical,-97.926102,29.878542,source_crosschecked_datum_undeclared
1601,physical,-97.92453,29.88122,source_crosschecked_datum_undeclared
1602,physical,-97.931812,29.856022,source_crosschecked_datum_undeclared
1603,physical,-97.925668,29.869094,source_crosschecked_datum_undeclared
1604,physical,-97.91934,29.872084,source_crosschecked_datum_undeclared
1605,physical,-97.918273,29.871191,source_crosschecked_datum_undeclared
1606,physical,-97.928014,29.870111,source_crosschecked_datum_undeclared
1607,physical,-97.9286,29.874672,source_crosschecked_datum_undeclared
1608,physical,-97.927101,29.87846,source_crosschecked_datum_undeclared
1609,physical,-97.929761,29.876501,source_crosschecked_datum_undeclared
1610,physical,-97.926499,29.879317,source_crosschecked_datum_undeclared
1611,physical,-97.929068,29.877335,source_crosschecked_datum_undeclared
1612,physical,-97.924818,29.880004,source_crosschecked_datum_undeclared
1613,physical,-97.928989,29.87679,source_crosschecked_datum_undeclared
1614,physical,-97.933204,29.857879,source_crosschecked_datum_undeclared
1615,physical,-97.939136,29.859559,source_crosschecked_datum_undeclared
1616,physical,-97.938952,29.86196,source_crosschecked_datum_undeclared
1617,physical,-97.938419,29.859356,source_crosschecked_datum_undeclared
1618,physical,-97.935727,29.860462,source_crosschecked_datum_undeclared
1619,physical,-97.934025,29.85872,source_crosschecked_datum_undeclared
1620,physical,-97.93763,29.859132,source_crosschecked_datum_undeclared
1621,physical,-97.937439,29.866104,source_crosschecked_datum_undeclared
1622,physical,-97.937389,29.862164,source_crosschecked_datum_undeclared
1623,physical,-97.93933,29.857033,source_crosschecked_datum_undeclared
1624,physical,-97.938682,29.865529,source_crosschecked_datum_undeclared
1625,physical,-97.938703,29.865203,source_crosschecked_datum_undeclared
1626,physical,-97.937733,29.863338,source_crosschecked_datum_undeclared
1627,physical,-97.938666,29.866078,source_crosschecked_datum_undeclared
1628,physical,-97.934293,29.872465,source_crosschecked_datum_undeclared
1629,physical,-97.935627,29.876948,source_crosschecked_datum_undeclared
1630,physical,-97.934677,29.874456,source_crosschecked_datum_undeclared
1631,physical,-97.939969,29.876274,source_crosschecked_datum_undeclared
1632,physical,-97.93981,29.875412,source_crosschecked_datum_undeclared
1633,physical,-97.9387,29.876448,source_crosschecked_datum_undeclared
1634,physical,-97.938568,29.875464,source_crosschecked_datum_undeclared
1635,physical,-97.934952,29.877058,source_crosschecked_datum_undeclared
1636,physical,-97.935146,29.872558,source_crosschecked_datum_undeclared
1637,physical,-97.936352,29.871952,source_crosschecked_datum_undeclared
1638,physical,-97.934553,29.873279,source_crosschecked_datum_undeclared
1639,physical,-97.934728,29.874938,source_crosschecked_datum_undeclared
1640,physical,-97.936033,29.879132,source_crosschecked_datum_undeclared
1641,physical,-97.935194,29.883692,source_crosschecked_datum_undeclared
1642,physical,-97.936415,29.871325,source_crosschecked_datum_undeclared
1643,physical,-97.931813,29.87528,source_crosschecked_datum_undeclared
1644,physical,-97.939427,29.871376,source_crosschecked_datum_undeclared
1645,physical,-97.939456,29.871593,source_crosschecked_datum_undeclared
1646,physical,-97.939265,29.870143,source_crosschecked_datum_undeclared
1647,physical,-97.940087,29.869401,source_crosschecked_datum_undeclared
1648,physical,-97.93838,29.874302,source_crosschecked_datum_undeclared
1649,physical,-97.939576,29.874166,source_crosschecked_datum_undeclared
1650,physical,-97.939562,29.873541,source_crosschecked_datum_undeclared
1651,physical,-97.937174,29.870384,source_crosschecked_datum_undeclared
1652,physical,-97.939989,29.88011,source_crosschecked_datum_undeclared
1653,physical,-97.939324,29.880182,source_crosschecked_datum_undeclared
1654,physical,-97.943323,29.88144,source_crosschecked_datum_undeclared
1655,physical,-97.942005,29.879804,source_crosschecked_datum_undeclared
1656,physical,-97.941035,29.882041,source_crosschecked_datum_undeclared
1657,physical,-97.940663,29.880037,source_crosschecked_datum_undeclared
1658,physical,-97.939579,29.88177,source_crosschecked_datum_undeclared
1659,physical,-97.939784,29.88305,source_crosschecked_datum_undeclared
1660,physical,-97.93681,29.880724,source_crosschecked_datum_undeclared
1661,physical,-97.939656,29.882252,source_crosschecked_datum_undeclared
1662,physical,-97.942292,29.879754,source_crosschecked_datum_undeclared
1663,physical,-97.940413,29.878688,source_crosschecked_datum_undeclared
1664,physical,-97.942749,29.88265,source_crosschecked_datum_undeclared
1665,physical,-97.941092,29.882348,source_crosschecked_datum_undeclared
1666,physical,-97.941188,29.882869,source_crosschecked_datum_undeclared
1667,physical,-97.942407,29.882698,source_crosschecked_datum_undeclared
1668,physical,-97.940445,29.882965,source_crosschecked_datum_undeclared
1669,physical,-97.936028,29.876883,source_crosschecked_datum_undeclared
1670,physical,-97.938963,29.877932,source_crosschecked_datum_undeclared
1671,physical,-97.938129,29.883228,source_crosschecked_datum_undeclared
1672,physical,-97.937165,29.882553,source_crosschecked_datum_undeclared
1673,physical,-97.932861,29.877473,source_crosschecked_datum_undeclared
1674,physical,-97.930725,29.878668,source_crosschecked_datum_undeclared
1675,physical,-97.929681,29.877842,source_crosschecked_datum_undeclared
1676,physical,-97.931934,29.882305,source_crosschecked_datum_undeclared
1677,physical,-97.933255,29.88393,source_crosschecked_datum_undeclared
1678,physical,-97.918292,29.879275,source_crosschecked_datum_undeclared
1679,physical,-97.920099,29.88104,source_crosschecked_datum_undeclared
1680,physical,-97.92016,29.881947,source_crosschecked_datum_undeclared
1681,physical,-97.917562,29.882011,source_crosschecked_datum_undeclared
1682,physical,-97.916194,29.877475,source_crosschecked_datum_undeclared
1683,physical,-97.921075,29.873535,source_crosschecked_datum_undeclared
1684,physical,-97.922415,29.872239,source_crosschecked_datum_undeclared
1685,physical,-97.923785,29.880316,source_crosschecked_datum_undeclared
1686,physical,-97.923014,29.881773,source_crosschecked_datum_undeclared
1687,physical,-97.913879,29.87959,source_crosschecked_datum_undeclared
1688,physical,-97.898439,29.852885,source_crosschecked_datum_undeclared
1689,physical,-97.89591,29.869256,source_crosschecked_datum_undeclared
1690,physical,-97.895752,29.870444,source_crosschecked_datum_undeclared
1691,physical,-97.901872,29.878486,source_crosschecked_datum_undeclared
1692,physical,-97.900478,29.87339,source_crosschecked_datum_undeclared
1693,physical,-98.010044,30.131698,source_crosschecked_datum_undeclared
1694,physical,-97.983461,30.147484,source_crosschecked_datum_undeclared
1695,physical,-97.971907,30.152035,source_crosschecked_datum_undeclared
1696,physical,-97.787475,29.971708,source_crosschecked_datum_undeclared
1697,physical,-97.777722,29.963481,source_crosschecked_datum_undeclared
1698,physical,-97.764874,30.008939,source_crosschecked_datum_undeclared
1699,physical,-97.785745,30.027667,source_crosschecked_datum_undeclared
1700,physical,-97.778844,30.033957,source_crosschecked_datum_undeclared
1701,physical,-97.769916,30.013464,source_crosschecked_datum_undeclared
1702,physical,-97.784722,30.113119,source_crosschecked_datum_undeclared
1703,physical,-97.781607,30.116689,source_crosschecked_datum_undeclared
1704,physical,-97.782165,30.113119,source_crosschecked_datum_undeclared
1705,physical,-97.759692,30.101967,source_crosschecked_datum_undeclared
1706,physical,-97.854836,30.148253,source_crosschecked_datum_undeclared
1707,physical,-97.852244,30.145025,source_crosschecked_datum_undeclared
1708,physical,-97.832825,30.149554,source_crosschecked_datum_undeclared
1709,physical,-97.832826,30.140349,source_crosschecked_datum_undeclared
1710,physical,-97.794565,30.146979,source_crosschecked_datum_undeclared
1711,physical,-97.797024,30.140553,source_crosschecked_datum_undeclared
1712,physical,-97.793388,30.148136,source_crosschecked_datum_undeclared
1713,physical,-97.796827,30.13889,source_crosschecked_datum_undeclared
1714,physical,-97.79128,30.149231,source_crosschecked_datum_undeclared
1715,physical,-97.793174,30.144042,source_crosschecked_datum_undeclared
1716,physical,-97.790058,30.155776,source_crosschecked_datum_undeclared
1717,physical,-97.793334,30.145684,source_crosschecked_datum_undeclared
1718,physical,-97.77902,30.164578,source_crosschecked_datum_undeclared
1719,physical,-97.784401,30.166859,source_crosschecked_datum_undeclared
1720,physical,-97.782741,30.17234,source_crosschecked_datum_undeclared
1721,physical,-97.778888,30.178169,source_crosschecked_datum_undeclared
1722,physical,-97.779637,30.178354,source_crosschecked_datum_undeclared
1723,physical,-97.774484,30.204722,source_crosschecked_datum_undeclared
1724,physical,-97.779953,30.227454,source_crosschecked_datum_undeclared
1725,physical,-97.778749,30.227656,source_crosschecked_datum_undeclared
1726,physical,-97.779343,30.227437,source_crosschecked_datum_undeclared
1727,physical,-97.788895,30.230105,source_crosschecked_datum_undeclared
1728,physical,-97.784538,30.26528,source_crosschecked_datum_undeclared
1729,physical,-97.779086,30.267711,source_crosschecked_datum_undeclared
1730,physical,-97.783519,30.265256,source_crosschecked_datum_undeclared
1731,physical,-97.778362,30.267761,source_crosschecked_datum_undeclared
1732,physical,-97.782286,30.26533,source_crosschecked_datum_undeclared
1733,physical,-97.779575,30.266689,source_crosschecked_datum_undeclared
1734,physical,-97.777774,30.268797,source_crosschecked_datum_undeclared
1735,physical,-97.771498,30.267535,source_crosschecked_datum_undeclared
1736,physical,-97.779934,30.325587,source_crosschecked_datum_undeclared
1737,physical,-97.782363,30.311853,source_crosschecked_datum_undeclared
1738,physical,-97.77894,30.341,source_crosschecked_datum_undeclared
1739,physical,-97.781731,30.341546,source_crosschecked_datum_undeclared
1740,physical,-97.782486,30.399031,source_crosschecked_datum_undeclared
1741,physical,-97.777798,30.392306,source_crosschecked_datum_undeclared
1742,physical,-97.786545,29.95748,source_crosschecked_datum_undeclared
1743,physical,-97.794242,30.044544,source_crosschecked_datum_undeclared
1744,physical,-97.780788,30.061135,source_crosschecked_datum_undeclared
1745,physical,-97.767393,30.085718,source_crosschecked_datum_undeclared
1746,physical,-97.781509,30.092449,source_crosschecked_datum_undeclared
1747,physical,-97.765776,30.145501,source_crosschecked_datum_undeclared
1748,physical,-97.766207,30.14972,source_crosschecked_datum_undeclared
1749,physical,-97.711128,30.153347,source_crosschecked_datum_undeclared
1750,physical,-97.681272,30.158266,source_crosschecked_datum_undeclared
1751,physical,-97.584342,30.137567,source_crosschecked_datum_undeclared
1752,physical,-97.577793,30.147217,source_crosschecked_datum_undeclared
1753,physical,-97.567176,30.140648,source_crosschecked_datum_undeclared
1754,physical,-97.555305,30.159513,source_crosschecked_datum_undeclared
1755,physical,-97.776137,30.158348,source_crosschecked_datum_undeclared
1756,physical,-97.781488,30.157205,source_crosschecked_datum_undeclared
1757,physical,-97.783811,30.172017,source_crosschecked_datum_undeclared
1758,physical,-97.782873,30.179544,source_crosschecked_datum_undeclared
1759,physical,-97.774018,30.18261,source_crosschecked_datum_undeclared
1760,physical,-97.781082,30.171832,source_crosschecked_datum_undeclared
1761,physical,-97.77423,30.183546,source_crosschecked_datum_undeclared
1762,physical,-97.782507,30.17127,source_crosschecked_datum_undeclared
1763,physical,-97.780446,30.187451,source_crosschecked_datum_undeclared
1764,physical,-97.778594,30.192997,source_crosschecked_datum_undeclared
1765,physical,-97.78212,30.194254,source_crosschecked_datum_undeclared
1766,physical,-97.77993,30.188994,source_crosschecked_datum_undeclared
1767,physical,-97.778439,30.206957,source_crosschecked_datum_undeclared
1768,physical,-97.781155,30.208275,source_crosschecked_datum_undeclared
1769,physical,-97.778963,30.211058,source_crosschecked_datum_undeclared
1770,physical,-97.779795,30.210002,source_crosschecked_datum_undeclared
1771,physical,-97.735082,30.154302,source_crosschecked_datum_undeclared
1772,physical,-97.728856,30.142173,source_crosschecked_datum_undeclared
1773,physical,-97.774012,30.22782,source_crosschecked_datum_undeclared
1774,physical,-97.780151,30.227927,source_crosschecked_datum_undeclared
1775,physical,-97.777001,30.246641,source_crosschecked_datum_undeclared
1776,physical,-97.781187,30.244055,source_crosschecked_datum_undeclared
1777,physical,-97.7808,30.257205,source_crosschecked_datum_undeclared
1778,physical,-97.784821,30.247075,source_crosschecked_datum_undeclared
1779,physical,-97.770657,30.260413,source_crosschecked_datum_undeclared
1780,physical,-97.780537,30.267311,source_crosschecked_datum_undeclared
1781,physical,-97.699584,30.145195,source_crosschecked_datum_undeclared
1782,physical,-97.696636,30.149434,source_crosschecked_datum_undeclared
1783,physical,-97.69652,30.143977,source_crosschecked_datum_undeclared
1784,physical,-97.670395,30.152491,source_crosschecked_datum_undeclared
1785,physical,-97.673128,30.145534,source_crosschecked_datum_undeclared
1786,physical,-97.668847,30.153362,source_crosschecked_datum_undeclared
1787,physical,-97.639306,30.153831,source_crosschecked_datum_undeclared
1788,physical,-97.776483,30.283155,source_crosschecked_datum_undeclared
1789,physical,-97.78036,30.288501,source_crosschecked_datum_undeclared
1790,physical,-97.783106,30.293797,source_crosschecked_datum_undeclared
1791,physical,-97.783359,30.295908,source_crosschecked_datum_undeclared
1792,physical,-97.785307,30.357981,source_crosschecked_datum_undeclared
1793,physical,-97.771031,30.38252,source_crosschecked_datum_undeclared
1794,physical,-97.624194,30.146457,source_crosschecked_datum_undeclared
1795,physical,-97.781125,30.294852,source_crosschecked_datum_undeclared
1796,physical,-97.774304,30.291665,source_crosschecked_datum_undeclared
1797,physical,-97.780138,30.297507,source_crosschecked_datum_undeclared
1798,physical,-97.775754,30.300641,source_crosschecked_datum_undeclared
1799,physical,-97.778887,30.228138,source_crosschecked_datum_undeclared
1800,physical,-97.781444,30.228226,source_crosschecked_datum_undeclared
1801,physical,-97.781914,30.223421,source_crosschecked_datum_undeclared
1802,physical,-97.807197,30.14862,source_crosschecked_datum_undeclared
1803,physical,-97.808804,30.144604,source_crosschecked_datum_undeclared
1804,physical,-97.914054,29.891123,source_crosschecked_datum_undeclared
1805,physical,-97.909096,29.896446,source_crosschecked_datum_undeclared
1806,physical,-97.911456,29.893021,source_crosschecked_datum_undeclared
1807,physical,-97.909218,29.895908,source_crosschecked_datum_undeclared
1808,physical,-97.909541,29.896952,source_crosschecked_datum_undeclared
1809,physical,-97.912,29.904764,source_crosschecked_datum_undeclared
1810,physical,-97.910772,29.915818,source_crosschecked_datum_undeclared
1811,physical,-97.90818,29.918339,source_crosschecked_datum_undeclared
1812,physical,-97.903285,29.956683,source_crosschecked_datum_undeclared
1813,physical,-97.910045,30.028014,source_crosschecked_datum_undeclared
1814,physical,-97.912702,29.893886,source_crosschecked_datum_undeclared
1815,physical,-97.905448,29.900771,source_crosschecked_datum_undeclared
1816,physical,-97.911678,29.894057,source_crosschecked_datum_undeclared
1817,physical,-97.897091,30.016504,source_crosschecked_datum_undeclared
1818,physical,-97.892708,29.990932,source_crosschecked_datum_undeclared
1819,physical,-97.926509,29.966324,source_crosschecked_datum_undeclared
1820,physical,-97.891282,30.011987,source_crosschecked_datum_undeclared
1821,physical,-97.889466,30.020791,source_crosschecked_datum_undeclared
1822,physical,-97.859689,30.014425,source_crosschecked_datum_undeclared
1823,physical,-97.856183,30.019364,source_crosschecked_datum_undeclared
1824,physical,-97.854691,30.028356,source_crosschecked_datum_undeclared
1825,physical,-97.85921,30.014248,source_crosschecked_datum_undeclared
1826,physical,-97.855075,30.019858,source_crosschecked_datum_undeclared
1827,physical,-97.847265,30.016986,source_crosschecked_datum_undeclared
1828,physical,-97.812917,30.014363,source_crosschecked_datum_undeclared
1829,physical,-97.80929,30.01829,source_crosschecked_datum_undeclared
1830,physical,-97.926097,30.028376,source_crosschecked_datum_undeclared
1831,physical,-97.859108,30.015748,source_crosschecked_datum_undeclared
1832,physical,-97.865017,30.00581,source_crosschecked_datum_undeclared
1833,physical,-97.82677,30.004704,source_crosschecked_datum_undeclared
1834,physical,-97.895715,30.095394,source_crosschecked_datum_undeclared
1835,physical,-97.930063,30.09644,source_crosschecked_datum_undeclared
1836,physical,-97.871239,30.018492,source_crosschecked_datum_undeclared
1837,physical,-97.973549,29.89864,source_crosschecked_datum_undeclared
1838,physical,-97.947524,29.925388,source_crosschecked_datum_undeclared
1839,physical,-97.969228,29.956176,source_crosschecked_datum_undeclared
1840,physical,-97.932325,29.937726,source_crosschecked_datum_undeclared
1841,physical,-97.989404,29.969026,source_crosschecked_datum_undeclared
1842,physical,-97.982998,29.900238,source_crosschecked_datum_undeclared
1843,physical,-98.00407,29.983412,source_crosschecked_datum_undeclared
1844,physical,-97.942108,29.888059,source_crosschecked_datum_undeclared
1845,physical,-97.941204,29.892343,source_crosschecked_datum_undeclared
1846,physical,-97.943001,29.884842,source_crosschecked_datum_undeclared
1847,physical,-97.944191,29.886138,source_crosschecked_datum_undeclared
1848,physical,-97.944393,29.887377,source_crosschecked_datum_undeclared
1849,physical,-97.941083,29.891347,source_crosschecked_datum_undeclared
1850,physical,-97.944405,29.892214,source_crosschecked_datum_undeclared
1851,physical,-97.942072,29.894504,source_crosschecked_datum_undeclared
1852,physical,-97.944082,29.896304,source_crosschecked_datum_undeclared
1853,physical,-97.94477,29.896828,source_crosschecked_datum_undeclared
1854,physical,-97.929784,29.90526,source_crosschecked_datum_undeclared
1855,physical,-97.933274,29.917193,source_crosschecked_datum_undeclared
1856,physical,-97.93543,29.921256,source_crosschecked_datum_undeclared
1857,physical,-97.961289,29.887756,source_crosschecked_datum_undeclared
1858,physical,-97.95702,29.891718,source_crosschecked_datum_undeclared
1859,physical,-97.964475,29.896152,source_crosschecked_datum_undeclared
1860,physical,-97.958233,29.900516,source_crosschecked_datum_undeclared
1861,physical,-97.948392,29.896785,source_crosschecked_datum_undeclared
1862,physical,-97.947013,29.898021,source_crosschecked_datum_undeclared
1863,physical,-97.951664,29.888057,source_crosschecked_datum_undeclared
1864,physical,-97.950476,29.889125,source_crosschecked_datum_undeclared
1865,physical,-97.951863,29.890261,source_crosschecked_datum_undeclared
1866,physical,-97.949694,29.895617,source_crosschecked_datum_undeclared
1867,physical,-97.951532,29.893969,source_crosschecked_datum_undeclared
1868,physical,-97.953462,29.891572,source_crosschecked_datum_undeclared
1869,physical,-97.95523,29.889994,source_crosschecked_datum_undeclared
1870,physical,-97.952746,29.890985,source_crosschecked_datum_undeclared
1871,physical,-97.945395,29.888145,source_crosschecked_datum_undeclared
1872,physical,-97.946341,29.888858,source_crosschecked_datum_undeclared
1873,physical,-97.947309,29.890193,source_crosschecked_datum_undeclared
1874,physical,-97.947357,29.897713,source_crosschecked_datum_undeclared
1875,physical,-97.93012,29.888328,source_crosschecked_datum_undeclared
1876,physical,-97.926853,29.885608,source_crosschecked_datum_undeclared
1877,physical,-97.923727,29.89445,source_crosschecked_datum_undeclared
1878,physical,-97.926663,29.900543,source_crosschecked_datum_undeclared
1879,physical,-97.926737,29.891716,source_crosschecked_datum_undeclared
1880,physical,-97.931367,29.889409,source_crosschecked_datum_undeclared
1881,physical,-97.926032,29.891985,source_crosschecked_datum_undeclared
1882,physical,-97.928245,29.89425,source_crosschecked_datum_undeclared
1883,physical,-97.918589,29.898973,source_crosschecked_datum_undeclared
1884,physical,-97.91319,29.903718,source_crosschecked_datum_undeclared
1885,physical,-97.941268,29.892871,source_crosschecked_datum_undeclared
1886,physical,-97.935206,29.889904,source_crosschecked_datum_undeclared
1887,physical,-97.936081,29.891224,source_crosschecked_datum_undeclared
1888,physical,-97.935685,29.894618,source_crosschecked_datum_undeclared
1889,physical,-97.936477,29.896258,source_crosschecked_datum_undeclared
1890,physical,-97.934407,29.888698,source_crosschecked_datum_undeclared
1891,physical,-97.935513,29.887445,source_crosschecked_datum_undeclared
1892,physical,-97.935888,29.89017,source_crosschecked_datum_undeclared
1893,physical,-97.933304,29.888847,source_crosschecked_datum_undeclared
1894,physical,-97.932475,29.895579,source_crosschecked_datum_undeclared
1895,physical,-97.938325,29.897822,source_crosschecked_datum_undeclared
1896,physical,-97.93914,29.885398,source_crosschecked_datum_undeclared
1897,physical,-97.939234,29.88764,source_crosschecked_datum_undeclared
1898,physical,-97.940612,29.888443,source_crosschecked_datum_undeclared
1899,physical,-97.940999,29.890831,source_crosschecked_datum_undeclared
1900,physical,-97.93802,29.887845,source_crosschecked_datum_undeclared
1901,physical,-97.936246,29.89031,source_crosschecked_datum_undeclared
1902,physical,-97.941802,29.886562,source_crosschecked_datum_undeclared
1903,physical,-97.940808,29.885175,source_crosschecked_datum_undeclared
1904,physical,-97.940243,29.886157,source_crosschecked_datum_undeclared
1905,physical,-97.940314,29.886604,source_crosschecked_datum_undeclared
1906,physical,-97.941299,29.888282,source_crosschecked_datum_undeclared
1907,physical,-97.941936,29.887342,source_crosschecked_datum_undeclared
1908,physical,-97.937555,29.88561,source_crosschecked_datum_undeclared
1909,physical,-97.937814,29.886856,source_crosschecked_datum_undeclared
1910,physical,-97.936406,29.885949,source_crosschecked_datum_undeclared
1911,physical,-97.937886,29.8872,source_crosschecked_datum_undeclared
1912,physical,-97.938676,29.885461,source_crosschecked_datum_undeclared
1913,physical,-97.93708,29.889151,source_crosschecked_datum_undeclared
1914,physical,-97.941451,29.895984,source_crosschecked_datum_undeclared
1915,physical,-97.923324,29.887415,source_crosschecked_datum_undeclared
1916,physical,-97.918543,29.891811,source_crosschecked_datum_undeclared
1917,physical,-97.921533,29.896415,source_crosschecked_datum_undeclared
1918,physical,-97.917542,29.88842,source_crosschecked_datum_undeclared
1919,physical,-97.922507,29.892288,source_crosschecked_datum_undeclared
1920,physical,-97.915739,29.892966,source_crosschecked_datum_undeclared
1921,physical,-97.917288,29.892884,source_crosschecked_datum_undeclared
1922,physical,-97.913416,29.891351,source_crosschecked_datum_undeclared
1923,physical,-97.921909,29.892317,source_crosschecked_datum_undeclared
1924,physical,-97.91346,29.893086,source_crosschecked_datum_undeclared
1925,physical,-97.914136,29.891997,source_crosschecked_datum_undeclared
1926,physical,-97.914385,29.891126,source_crosschecked_datum_undeclared
1927,physical,-97.925649,29.885393,source_crosschecked_datum_undeclared
1928,physical,-97.924278,29.886585,source_crosschecked_datum_undeclared
1929,physical,-97.915493,29.890532,source_crosschecked_datum_undeclared
1930,physical,-97.917196,29.887113,source_crosschecked_datum_undeclared
1931,physical,-97.915415,29.896288,source_crosschecked_datum_undeclared
1932,physical,-97.948547,30.03879,source_crosschecked_datum_undeclared
1933,physical,-97.988048,30.047178,source_crosschecked_datum_undeclared
1934,physical,-97.964363,30.044053,source_crosschecked_datum_undeclared
1935,physical,-98.013181,30.084815,source_crosschecked_datum_undeclared
1936,physical,-98.001528,30.075656,source_crosschecked_datum_undeclared
1937,physical,-97.966499,30.12097,source_crosschecked_datum_undeclared
1938,physical,-97.95782,30.068102,source_crosschecked_datum_undeclared
1939,physical,-97.989525,30.059516,source_crosschecked_datum_undeclared
1940,physical,-98.027066,30.117416,source_crosschecked_datum_undeclared
1941,physical,-98.031112,30.124197,source_crosschecked_datum_undeclared
1942,physical,-98.015189,30.131151,source_crosschecked_datum_undeclared
1943,physical,-97.957285,30.12078,source_crosschecked_datum_undeclared
1944,physical,-97.893994,29.938037,source_crosschecked_datum_undeclared
1945,physical,-97.884295,29.950238,source_crosschecked_datum_undeclared
1946,physical,-97.87881,29.94924,source_crosschecked_datum_undeclared
1947,physical,-97.878941,29.950177,source_crosschecked_datum_undeclared
1948,physical,-97.876596,29.957876,source_crosschecked_datum_undeclared
1949,physical,-97.848869,29.915845,source_crosschecked_datum_undeclared
1950,physical,-97.83059,29.926522,source_crosschecked_datum_undeclared
1951,physical,-97.880945,29.947856,source_crosschecked_datum_undeclared
1952,physical,-97.882516,29.942481,source_crosschecked_datum_undeclared
1953,physical,-97.877762,29.95831,source_crosschecked_datum_undeclared
1954,physical,-97.877099,29.959461,source_crosschecked_datum_undeclared
1955,physical,-97.880283,29.947617,source_crosschecked_datum_undeclared
1956,physical,-97.844755,29.94602,source_crosschecked_datum_undeclared
1957,physical,-97.836644,29.987605,source_crosschecked_datum_undeclared
1958,physical,-97.850285,29.997898,source_crosschecked_datum_undeclared
1959,physical,-97.842281,29.992531,source_crosschecked_datum_undeclared
1960,physical,-97.846714,29.940408,source_crosschecked_datum_undeclared
1961,physical,-97.82705,29.942311,source_crosschecked_datum_undeclared
1962,physical,-97.837463,29.952679,source_crosschecked_datum_undeclared
1963,physical,-97.83949,29.955021,source_crosschecked_datum_undeclared
1964,physical,-97.849113,29.963873,source_crosschecked_datum_undeclared
1965,physical,-97.80234,29.941387,source_crosschecked_datum_undeclared
1966,physical,-97.808346,29.953695,source_crosschecked_datum_undeclared
1967,physical,-97.798207,29.944065,source_crosschecked_datum_undeclared
1968,physical,-97.896677,29.914969,source_crosschecked_datum_undeclared
1969,physical,-97.891058,29.925772,source_crosschecked_datum_undeclared
1970,physical,-97.895242,29.916378,source_crosschecked_datum_undeclared
1971,physical,-97.892317,29.922265,source_crosschecked_datum_undeclared
1972,physical,-97.88093,29.893323,source_crosschecked_datum_undeclared
1973,physical,-97.859715,29.90875,source_crosschecked_datum_undeclared
1974,physical,-97.878747,29.916639,source_crosschecked_datum_undeclared
1975,physical,-97.876762,29.918328,source_crosschecked_datum_undeclared
1976,physical,-97.895689,29.917495,source_crosschecked_datum_undeclared
1977,physical,-97.899412,29.910342,source_crosschecked_datum_undeclared
1978,physical,-97.895591,29.9187,source_crosschecked_datum_undeclared
1979,physical,-97.879885,29.946666,source_crosschecked_datum_undeclared
1980,physical,-97.864431,29.928819,source_crosschecked_datum_undeclared
1981,physical,-97.856035,29.92182,source_crosschecked_datum_undeclared
1982,physical,-97.905689,29.899395,source_crosschecked_datum_undeclared
1983,physical,-97.904288,29.901008,source_crosschecked_datum_undeclared
1984,physical,-97.905254,29.900499,source_crosschecked_datum_undeclared
1985,physical,-97.902465,29.903743,source_crosschecked_datum_undeclared
1986,physical,-97.899234,29.895047,source_crosschecked_datum_undeclared
1987,physical,-97.889634,29.900391,source_crosschecked_datum_undeclared
1988,physical,-97.90481,29.902267,source_crosschecked_datum_undeclared
1989,physical,-97.906472,29.900165,source_crosschecked_datum_undeclared
1990,physical,-97.904131,29.902384,source_crosschecked_datum_undeclared
1991,physical,-97.900996,29.894185,source_crosschecked_datum_undeclared
1992,physical,-97.904373,29.895378,source_crosschecked_datum_undeclared
1993,physical,-97.902857,29.902694,source_crosschecked_datum_undeclared
1994,physical,-97.900582,29.906661,source_crosschecked_datum_undeclared
1995,physical,-97.900124,29.909831,source_crosschecked_datum_undeclared
1996,physical,-97.900401,29.907766,source_crosschecked_datum_undeclared
1997,physical,-97.888354,29.932,source_crosschecked_datum_undeclared
1998,physical,-97.888748,29.932101,source_crosschecked_datum_undeclared
1999,physical,-97.88714,29.93194,source_crosschecked_datum_undeclared
2000,physical,-97.88172,29.942942,source_crosschecked_datum_undeclared
2001,physical,-97.882564,29.943195,source_crosschecked_datum_undeclared
2002,physical,-97.88247,29.944055,source_crosschecked_datum_undeclared
2003,physical,-97.86222,29.926976,source_crosschecked_datum_undeclared
2004,physical,-97.875762,29.967815,source_crosschecked_datum_undeclared
2005,physical,-97.89606,29.969687,source_crosschecked_datum_undeclared
2006,physical,-97.89222,29.980784,source_crosschecked_datum_undeclared
2007,physical,-97.877025,29.988604,source_crosschecked_datum_undeclared
2008,physical,-97.881341,29.98734,source_crosschecked_datum_undeclared
2009,physical,-97.88974,29.980893,source_crosschecked_datum_undeclared
2010,physical,-97.87655,29.991005,source_crosschecked_datum_undeclared
2011,physical,-97.875004,29.998405,source_crosschecked_datum_undeclared
2012,physical,-97.877251,29.955968,source_crosschecked_datum_undeclared
2013,physical,-97.877361,29.960048,source_crosschecked_datum_undeclared
2014,physical,-97.879345,29.961741,source_crosschecked_datum_undeclared
2015,physical,-97.8736,29.977884,source_crosschecked_datum_undeclared
2016,physical,-97.872529,29.983903,source_crosschecked_datum_undeclared
2017,physical,-97.869032,29.980909,source_crosschecked_datum_undeclared
2018,physical,-97.881134,29.989237,source_crosschecked_datum_undeclared
2019,physical,-97.874175,29.98842,source_crosschecked_datum_undeclared
2020,physical,-97.874473,29.979466,source_crosschecked_datum_undeclared
2021,physical,-97.872966,29.984511,source_crosschecked_datum_undeclared
2022,physical,-97.873979,29.976854,source_crosschecked_datum_undeclared
2023,physical,-97.873281,29.984943,source_crosschecked_datum_undeclared
2024,physical,-97.874173,29.978504,source_crosschecked_datum_undeclared
2025,physical,-97.875758,29.995007,source_crosschecked_datum_undeclared
2026,physical,-97.880581,29.993397,source_crosschecked_datum_undeclared
2027,physical,-97.859024,29.98998,source_crosschecked_datum_undeclared
2028,physical,-97.893847,29.97571,source_crosschecked_datum_undeclared
2029,physical,-97.883102,29.991391,source_crosschecked_datum_undeclared
2030,physical,-97.888739,29.990351,source_crosschecked_datum_undeclared
2031,physical,-97.885996,29.98995,source_crosschecked_datum_undeclared
2032,physical,-97.882908,29.989498,source_crosschecked_datum_undeclared
2033,physical,-97.87511,29.964168,source_crosschecked_datum_undeclared
2034,physical,-97.874544,29.968051,source_crosschecked_datum_undeclared
2035,physical,-97.875366,29.967861,source_crosschecked_datum_undeclared
2036,physical,-97.87637,29.962752,source_crosschecked_datum_undeclared
2037,physical,-97.875565,29.96523,source_crosschecked_datum_undeclared
2038,physical,-97.858385,29.971791,source_crosschecked_datum_undeclared
2039,physical,-97.874605,29.973956,source_crosschecked_datum_undeclared
2040,physical,-97.87508,29.973379,source_crosschecked_datum_undeclared
2041,physical,-97.872733,29.999674,source_crosschecked_datum_undeclared
2042,physical,-97.870195,29.994143,source_crosschecked_datum_undeclared
2043,physical,-97.868018,29.999144,source_crosschecked_datum_undeclared
2044,physical,-97.86942,29.99763,source_crosschecked_datum_undeclared
2045,physical,-97.868179,29.999883,source_crosschecked_datum_undeclared
2046,physical,-97.856041,30.004292,source_crosschecked_datum_undeclared
2047,physical,-97.86852,29.999739,source_crosschecked_datum_undeclared
2048,physical,-97.869521,29.998763,source_crosschecked_datum_undeclared
2049,physical,-97.866759,30.003548,source_crosschecked_datum_undeclared
2050,physical,-97.865053,30.005121,source_crosschecked_datum_undeclared
2051,physical,-97.862153,30.009416,source_crosschecked_datum_undeclared
2052,physical,-97.860204,30.012584,source_crosschecked_datum_undeclared
2053,physical,-97.861302,30.013012,source_crosschecked_datum_undeclared
2054,physical,-97.864561,30.007356,source_crosschecked_datum_undeclared
2055,physical,-97.872226,29.988217,source_crosschecked_datum_undeclared
2056,physical,-97.871805,29.988055,source_crosschecked_datum_undeclared
2057,physical,-97.87533,29.988493,source_crosschecked_datum_undeclared
2058,physical,-97.873158,29.992077,source_crosschecked_datum_undeclared
2059,physical,-97.864224,30.005926,source_crosschecked_datum_undeclared
2060,physical,-97.81764,29.934329,source_crosschecked_datum_undeclared
2061,physical,-97.82357,29.968192,source_crosschecked_datum_undeclared
2062,physical,-97.810699,29.95593,source_crosschecked_datum_undeclared
2063,physical,-97.818273,29.971545,source_crosschecked_datum_undeclared
2064,physical,-97.808745,29.976888,source_crosschecked_datum_undeclared
2065,physical,-97.80845,29.989278,source_crosschecked_datum_undeclared
2066,physical,-97.813678,29.993819,source_crosschecked_datum_undeclared
2067,physical,-97.817677,29.984568,source_crosschecked_datum_undeclared
2068,physical,-97.832749,29.961303,source_crosschecked_datum_undeclared
2069,physical,-97.834605,29.99912,source_crosschecked_datum_undeclared
2070,physical,-97.821896,30.000962,source_crosschecked_datum_undeclared
2071,physical,-97.795661,29.965926,source_crosschecked_datum_undeclared
2072,physical,-97.794449,29.964911,source_crosschecked_datum_undeclared
2073,physical,-97.847014,30.0323,source_crosschecked_datum_undeclared
2074,physical,-97.842152,30.041811,source_crosschecked_datum_undeclared
2075,physical,-97.846357,30.032835,source_crosschecked_datum_undeclared
2076,physical,-97.844714,30.035577,source_crosschecked_datum_undeclared
2077,physical,-97.846154,30.035737,source_crosschecked_datum_undeclared
2078,physical,-97.844468,30.056751,source_crosschecked_datum_undeclared
2079,physical,-97.874335,30.079887,source_crosschecked_datum_undeclared
2080,physical,-97.874376,30.085233,source_crosschecked_datum_undeclared
2081,physical,-97.859417,30.057411,source_crosschecked_datum_undeclared
2082,physical,-97.844172,30.057888,source_crosschecked_datum_undeclared
2083,physical,-97.849017,30.085233,source_crosschecked_datum_undeclared
2084,physical,-97.84389,30.071266,source_crosschecked_datum_undeclared
2085,physical,-97.84427,30.038451,source_crosschecked_datum_undeclared
2086,physical,-97.847181,30.032572,source_crosschecked_datum_undeclared
2087,physical,-97.843567,30.040561,source_crosschecked_datum_undeclared
2088,physical,-97.843981,30.078846,source_crosschecked_datum_undeclared
2089,physical,-97.842408,30.081515,source_crosschecked_datum_undeclared
2090,physical,-97.855312,30.072526,source_crosschecked_datum_undeclared
2091,physical,-97.830648,30.087256,source_crosschecked_datum_undeclared
2092,physical,-97.823356,30.07893,source_crosschecked_datum_undeclared
2093,physical,-97.821978,30.08137,source_crosschecked_datum_undeclared
2094,physical,-97.810744,30.070274,source_crosschecked_datum_undeclared
2095,physical,-97.810998,30.094569,source_crosschecked_datum_undeclared
2096,physical,-97.781297,30.084451,source_crosschecked_datum_undeclared
2097,physical,-97.848656,30.086583,source_crosschecked_datum_undeclared
2098,physical,-97.823239,30.081757,source_crosschecked_datum_undeclared
2099,physical,-97.824447,30.079485,source_crosschecked_datum_undeclared
2100,physical,-97.822475,30.08252,source_crosschecked_datum_undeclared
2101,physical,-97.825784,30.076016,source_crosschecked_datum_undeclared
2102,physical,-97.822216,30.082232,source_crosschecked_datum_undeclared
2103,physical,-97.824566,30.077746,source_crosschecked_datum_undeclared
2104,physical,-97.848376,30.092478,source_crosschecked_datum_undeclared
2105,physical,-97.839895,30.141052,source_crosschecked_datum_undeclared
2106,physical,-97.846645,30.140901,source_crosschecked_datum_undeclared
2107,physical,-97.884639,30.042635,source_crosschecked_datum_undeclared
2108,physical,-97.874437,30.049961,source_crosschecked_datum_undeclared
2109,physical,-97.88916,30.02744,source_crosschecked_datum_undeclared
2110,physical,-97.874967,30.027821,source_crosschecked_datum_undeclared
2111,physical,-97.874957,30.034703,source_crosschecked_datum_undeclared
2112,physical,-97.899698,30.019116,source_crosschecked_datum_undeclared
2113,physical,-97.854719,30.021271,source_crosschecked_datum_undeclared
2114,physical,-97.848174,30.029776,source_crosschecked_datum_undeclared
2115,physical,-97.849023,30.029759,source_crosschecked_datum_undeclared
2116,physical,-97.853646,30.02232,source_crosschecked_datum_undeclared
2117,physical,-97.854123,30.022693,source_crosschecked_datum_undeclared
2118,physical,-97.858252,30.01694,source_crosschecked_datum_undeclared
2119,physical,-97.873629,30.068251,source_crosschecked_datum_undeclared
2120,physical,-97.874942,30.104231,source_crosschecked_datum_undeclared
2121,physical,-97.874553,30.092148,source_crosschecked_datum_undeclared
2122,physical,-97.874777,30.097269,source_crosschecked_datum_undeclared
2123,physical,-97.891498,30.095573,source_crosschecked_datum_undeclared
2124,physical,-97.874813,30.114723,source_crosschecked_datum_undeclared
2125,physical,-97.862555,30.124805,source_crosschecked_datum_undeclared
2126,physical,-97.848911,30.100671,source_crosschecked_datum_undeclared
2127,physical,-97.860949,30.100605,source_crosschecked_datum_undeclared
2128,physical,-97.872072,30.117934,source_crosschecked_datum_undeclared
2129,physical,-97.838751,30.048613,source_crosschecked_datum_undeclared
2130,physical,-97.840432,30.044463,source_crosschecked_datum_undeclared
2131,physical,-97.837808,30.04977,source_crosschecked_datum_undeclared
2132,physical,-97.8244,30.030178,source_crosschecked_datum_undeclared
2133,physical,-97.789988,30.024867,source_crosschecked_datum_undeclared
2134,physical,-97.821052,30.058252,source_crosschecked_datum_undeclared
2135,physical,-97.80319,30.046184,source_crosschecked_datum_undeclared
2136,physical,-97.838021,30.0519,source_crosschecked_datum_undeclared
2137,physical,-97.840771,30.046293,source_crosschecked_datum_undeclared
2138,physical,-97.838215,30.050612,source_crosschecked_datum_undeclared
2139,physical,-97.840289,30.046387,source_crosschecked_datum_undeclared
2140,physical,-97.803453,30.058509,source_crosschecked_datum_undeclared
2141,physical,-97.821368,30.071613,source_crosschecked_datum_undeclared
2142,physical,-97.842572,30.039995,source_crosschecked_datum_undeclared
2143,physical,-97.842069,30.04291,source_crosschecked_datum_undeclared
2144,physical,-97.842901,30.041884,source_crosschecked_datum_undeclared
2145,physical,-97.843692,30.066202,source_crosschecked_datum_undeclared
2146,physical,-97.833704,30.058164,source_crosschecked_datum_undeclared
2147,physical,-97.831705,30.062222,source_crosschecked_datum_undeclared
2148,physical,-97.827419,30.070839,source_crosschecked_datum_undeclared
2149,physical,-97.840129,30.057803,source_crosschecked_datum_undeclared
2150,physical,-97.828798,30.07068,source_crosschecked_datum_undeclared
2151,physical,-97.834637,30.07683,source_crosschecked_datum_undeclared
2152,physical,-97.82572,30.077186,source_crosschecked_datum_undeclared
2153,physical,-97.821221,30.065182,source_crosschecked_datum_undeclared
2154,physical,-97.832814,30.062529,source_crosschecked_datum_undeclared
2155,physical,-97.82791,30.07175,source_crosschecked_datum_undeclared
2156,physical,-97.832455,30.062354,source_crosschecked_datum_undeclared
2157,physical,-97.825589,30.075844,source_crosschecked_datum_undeclared
2158,physical,-97.834413,30.057454,source_crosschecked_datum_undeclared
2159,physical,-97.836082,30.057939,source_crosschecked_datum_undeclared
2160,physical,-97.835362,30.076801,source_crosschecked_datum_undeclared
2161,physical,-97.824359,30.077202,source_crosschecked_datum_undeclared
2162,physical,-97.821442,30.077346,source_crosschecked_datum_undeclared
2163,physical,-97.804117,30.06067,source_crosschecked_datum_undeclared
2164,physical,-97.806658,30.070329,source_crosschecked_datum_undeclared
2165,physical,-97.813585,30.094963,source_crosschecked_datum_undeclared
2166,physical,-97.811285,30.099335,source_crosschecked_datum_undeclared
2167,physical,-97.81269,30.098435,source_crosschecked_datum_undeclared
2168,physical,-97.807884,30.108909,source_crosschecked_datum_undeclared
2169,physical,-97.808283,30.112057,source_crosschecked_datum_undeclared
2170,physical,-97.8089,30.108447,source_crosschecked_datum_undeclared
2171,physical,-97.813399,30.09896,source_crosschecked_datum_undeclared
2172,physical,-97.804675,30.118369,source_crosschecked_datum_undeclared
2173,physical,-97.809274,30.109649,source_crosschecked_datum_undeclared
2174,physical,-97.81391,30.099359,source_crosschecked_datum_undeclared
2175,physical,-97.804835,30.114252,source_crosschecked_datum_undeclared
2176,physical,-97.805531,30.112147,source_crosschecked_datum_undeclared
2177,physical,-97.805049,30.115732,source_crosschecked_datum_undeclared
2178,physical,-97.805905,30.117582,source_crosschecked_datum_undeclared
2179,physical,-97.802155,30.142797,source_crosschecked_datum_undeclared
2180,physical,-97.822986,30.140481,source_crosschecked_datum_undeclared
2181,physical,-97.795296,30.112819,source_crosschecked_datum_undeclared
2182,physical,-97.819233,30.088967,source_crosschecked_datum_undeclared
2183,physical,-97.814901,30.097371,source_crosschecked_datum_undeclared
2184,physical,-97.820047,30.086778,source_crosschecked_datum_undeclared
2185,physical,-97.81455,30.095201,source_crosschecked_datum_undeclared
2186,physical,-97.817877,30.088498,source_crosschecked_datum_undeclared
2187,physical,-97.815648,30.095267,source_crosschecked_datum_undeclared
2188,physical,-97.817858,30.08977,source_crosschecked_datum_undeclared
2189,physical,-97.794342,30.094513,source_crosschecked_datum_undeclared
2190,physical,-97.781725,30.100245,source_crosschecked_datum_undeclared
2191,physical,-97.806761,30.109372,source_crosschecked_datum_undeclared
2192,physical,-97.792339,30.112981,source_crosschecked_datum_undeclared
2193,physical,-97.798256,30.130465,source_crosschecked_datum_undeclared
2194,physical,-97.799486,30.129586,source_crosschecked_datum_undeclared
2195,physical,-97.798363,30.136987,source_crosschecked_datum_undeclared
2196,physical,-97.802268,30.126556,source_crosschecked_datum_undeclared
2197,physical,-97.796223,30.138052,source_crosschecked_datum_undeclared
2198,physical,-97.795207,30.138468,source_crosschecked_datum_undeclared
2199,physical,-97.800342,30.129632,source_crosschecked_datum_undeclared
2200,physical,-97.796009,30.13634,source_crosschecked_datum_undeclared
2201,physical,-97.7951,30.141058,source_crosschecked_datum_undeclared
2202,physical,-97.801787,30.125677,source_crosschecked_datum_undeclared
2203,physical,-97.791399,30.136175,source_crosschecked_datum_undeclared
2204,physical,-98.020961,30.290398,source_crosschecked_datum_undeclared
2205,physical,-97.912924,30.187541,source_crosschecked_datum_undeclared
2206,physical,-97.89988,30.182088,source_crosschecked_datum_undeclared
2207,physical,-97.915917,30.203564,source_crosschecked_datum_undeclared
2208,physical,-97.894051,30.218164,source_crosschecked_datum_undeclared
2209,physical,-97.910849,30.234304,source_crosschecked_datum_undeclared
2210,physical,-97.895393,30.230046,source_crosschecked_datum_undeclared
2211,physical,-97.91381,30.275312,source_crosschecked_datum_undeclared
2212,physical,-97.904212,30.28033,source_crosschecked_datum_undeclared
2213,physical,-97.927441,30.307708,source_crosschecked_datum_undeclared
2214,physical,-97.892772,30.307834,source_crosschecked_datum_undeclared
2215,physical,-97.917446,30.289788,source_crosschecked_datum_undeclared
2216,physical,-97.90037,30.181256,source_crosschecked_datum_undeclared
2217,physical,-97.913792,30.186433,source_crosschecked_datum_undeclared
2218,physical,-97.918388,30.201796,source_crosschecked_datum_undeclared
2219,physical,-97.907067,30.260021,source_crosschecked_datum_undeclared
2220,physical,-97.918722,30.251859,source_crosschecked_datum_undeclared
2221,physical,-97.876244,30.282704,source_crosschecked_datum_undeclared
2222,physical,-97.862617,30.2734,source_crosschecked_datum_undeclared
2223,physical,-97.875022,30.284143,source_crosschecked_datum_undeclared
2224,physical,-97.819556,30.277539,source_crosschecked_datum_undeclared
2225,physical,-97.815575,30.27584,source_crosschecked_datum_undeclared
2226,physical,-97.824162,30.283842,source_crosschecked_datum_undeclared
2227,physical,-97.803384,30.276482,source_crosschecked_datum_undeclared
2228,physical,-97.807103,30.279916,source_crosschecked_datum_undeclared
2229,physical,-97.888867,30.262313,source_crosschecked_datum_undeclared
2230,physical,-97.903719,30.386976,source_crosschecked_datum_undeclared
2231,physical,-97.842637,30.281131,source_crosschecked_datum_undeclared
2232,physical,-97.850778,30.269707,source_crosschecked_datum_undeclared
2233,physical,-97.812513,30.274195,source_crosschecked_datum_undeclared
2234,physical,-97.798176,30.272939,source_crosschecked_datum_undeclared
2235,physical,-98.02279,30.215547,source_crosschecked_datum_undeclared
2236,physical,-98.013609,30.196676,source_crosschecked_datum_undeclared
2237,physical,-97.965435,30.179153,source_crosschecked_datum_undeclared
2238,physical,-97.95054,30.228909,source_crosschecked_datum_undeclared
2239,physical,-97.972777,30.208494,source_crosschecked_datum_undeclared
2240,physical,-97.964775,30.215089,source_crosschecked_datum_undeclared
2241,physical,-97.997346,30.196532,source_crosschecked_datum_undeclared
2242,physical,-97.962868,30.217079,source_crosschecked_datum_undeclared
2243,physical,-97.980853,30.233343,source_crosschecked_datum_undeclared
2244,physical,-97.955777,30.221726,source_crosschecked_datum_undeclared
2245,physical,-98.008778,30.153427,source_crosschecked_datum_undeclared
2246,physical,-98.008567,30.167389,source_crosschecked_datum_undeclared
2247,physical,-98.002331,30.178509,source_crosschecked_datum_undeclared
2248,physical,-98.029824,30.194559,source_crosschecked_datum_undeclared
2249,physical,-97.994535,30.153575,source_crosschecked_datum_undeclared
2250,physical,-98.026025,30.23749,source_crosschecked_datum_undeclared
2251,physical,-98.021496,30.24336,source_crosschecked_datum_undeclared
2252,physical,-98.02376,30.217224,source_crosschecked_datum_undeclared
2253,physical,-98.005382,30.234439,source_crosschecked_datum_undeclared
2254,physical,-97.991675,30.232748,source_crosschecked_datum_undeclared
2255,physical,-97.999975,30.231634,source_crosschecked_datum_undeclared
2256,physical,-97.966104,30.180144,source_crosschecked_datum_undeclared
2257,physical,-97.929221,30.174159,source_crosschecked_datum_undeclared
2258,physical,-97.952457,30.161605,source_crosschecked_datum_undeclared
2259,physical,-97.926918,30.189131,source_crosschecked_datum_undeclared
2260,physical,-97.920828,30.197962,source_crosschecked_datum_undeclared
2261,physical,-97.923225,30.194456,source_crosschecked_datum_undeclared
2262,physical,-97.924096,30.193069,source_crosschecked_datum_undeclared
2263,physical,-97.946665,30.225762,source_crosschecked_datum_undeclared
2264,physical,-97.931553,30.230666,source_crosschecked_datum_undeclared
2265,physical,-97.94163,30.241088,source_crosschecked_datum_undeclared
2266,physical,-97.920292,30.240527,source_crosschecked_datum_undeclared
2267,physical,-97.92715,30.246061,source_crosschecked_datum_undeclared
2268,physical,-97.940784,30.241424,source_crosschecked_datum_undeclared
2269,physical,-97.952875,30.223176,source_crosschecked_datum_undeclared
2270,physical,-97.928424,30.231228,source_crosschecked_datum_undeclared
2271,physical,-97.918139,30.238639,source_crosschecked_datum_undeclared
2272,physical,-97.997469,30.303727,source_crosschecked_datum_undeclared
2273,physical,-97.970205,30.306929,source_crosschecked_datum_undeclared
2274,physical,-97.97799,30.315871,source_crosschecked_datum_undeclared
2275,physical,-97.965369,30.309794,source_crosschecked_datum_undeclared
2276,physical,-97.968559,30.334263,source_crosschecked_datum_undeclared
2277,physical,-97.978713,30.357365,source_crosschecked_datum_undeclared
2278,physical,-97.96117,30.354141,source_crosschecked_datum_undeclared
2279,physical,-97.986207,30.354964,source_crosschecked_datum_undeclared
2280,physical,-97.94502,30.308263,source_crosschecked_datum_undeclared
2281,physical,-97.935671,30.304819,source_crosschecked_datum_undeclared
2282,physical,-97.956127,30.307893,source_crosschecked_datum_undeclared
2283,physical,-97.955313,30.32185,source_crosschecked_datum_undeclared
2284,physical,-97.954035,30.359059,source_crosschecked_datum_undeclared
2285,physical,-97.937119,30.391435,source_crosschecked_datum_undeclared
2286,physical,-97.833034,30.153247,source_crosschecked_datum_undeclared
2287,physical,-97.849577,30.183334,source_crosschecked_datum_undeclared
2288,physical,-97.845121,30.190407,source_crosschecked_datum_undeclared
2289,physical,-97.858899,30.210837,source_crosschecked_datum_undeclared
2290,physical,-97.838342,30.218765,source_crosschecked_datum_undeclared
2291,physical,-97.858555,30.21052,source_crosschecked_datum_undeclared
2292,physical,-97.838693,30.217492,source_crosschecked_datum_undeclared
2293,physical,-97.837208,30.202866,source_crosschecked_datum_undeclared
2294,physical,-97.850213,30.214383,source_crosschecked_datum_undeclared
2295,physical,-97.888666,30.208101,source_crosschecked_datum_undeclared
2296,physical,-97.843778,30.219574,source_crosschecked_datum_undeclared
2297,physical,-97.840227,30.232333,source_crosschecked_datum_undeclared
2298,physical,-97.831071,30.227366,source_crosschecked_datum_undeclared
2299,physical,-97.850943,30.248549,source_crosschecked_datum_undeclared
2300,physical,-97.845201,30.245545,source_crosschecked_datum_undeclared
2301,physical,-97.859566,30.169901,source_crosschecked_datum_undeclared
2302,physical,-97.835481,30.176355,source_crosschecked_datum_undeclared
2303,physical,-97.831757,30.211092,source_crosschecked_datum_undeclared
2304,physical,-97.845643,30.21668,source_crosschecked_datum_undeclared
2305,physical,-97.825433,30.211544,source_crosschecked_datum_undeclared
2306,physical,-97.830107,30.213668,source_crosschecked_datum_undeclared
2307,physical,-97.805362,30.218339,source_crosschecked_datum_undeclared
2308,physical,-97.814537,30.213589,source_crosschecked_datum_undeclared
2309,physical,-97.797393,30.215206,source_crosschecked_datum_undeclared
2310,physical,-97.794039,30.213555,source_crosschecked_datum_undeclared
2311,physical,-97.841448,30.223141,source_crosschecked_datum_undeclared
2312,physical,-97.85483,30.224641,source_crosschecked_datum_undeclared
2313,physical,-97.84074,30.233736,source_crosschecked_datum_undeclared
2314,physical,-97.832664,30.23635,source_crosschecked_datum_undeclared
2315,physical,-97.83963,30.236609,source_crosschecked_datum_undeclared
2316,physical,-97.831908,30.237141,source_crosschecked_datum_undeclared
2317,physical,-97.83963,30.237639,source_crosschecked_datum_undeclared
2318,physical,-97.815059,30.206976,source_crosschecked_datum_undeclared
2319,physical,-97.80447,30.208596,source_crosschecked_datum_undeclared
2320,physical,-97.850916,30.213597,source_crosschecked_datum_undeclared
2321,physical,-97.858604,30.204062,source_crosschecked_datum_undeclared
2322,physical,-97.84541,30.206944,source_crosschecked_datum_undeclared
2323,physical,-97.837139,30.23683,source_crosschecked_datum_undeclared
2324,physical,-97.837182,30.237161,source_crosschecked_datum_undeclared
2325,physical,-97.842302,30.23695,source_crosschecked_datum_undeclared
2326,physical,-97.842259,30.236655,source_crosschecked_datum_undeclared
2327,physical,-97.888236,30.174337,source_crosschecked_datum_undeclared
2328,physical,-97.878955,30.180271,source_crosschecked_datum_undeclared
2329,physical,-97.867275,30.199346,source_crosschecked_datum_undeclared
2330,physical,-97.878449,30.180052,source_crosschecked_datum_undeclared
2331,physical,-97.874961,30.185813,source_crosschecked_datum_undeclared
2332,physical,-97.865671,30.199122,source_crosschecked_datum_undeclared
2333,physical,-97.877747,30.200434,source_crosschecked_datum_undeclared
2334,physical,-97.85482,30.175337,source_crosschecked_datum_undeclared
2335,physical,-97.89058,30.190033,source_crosschecked_datum_undeclared
2336,physical,-97.89214,30.188385,source_crosschecked_datum_undeclared
2337,physical,-97.859768,30.157165,source_crosschecked_datum_undeclared
2338,physical,-97.860619,30.16629,source_crosschecked_datum_undeclared
2339,physical,-97.860279,30.165113,source_crosschecked_datum_undeclared
2340,physical,-97.85882,30.193757,source_crosschecked_datum_undeclared
2341,physical,-97.871973,30.199057,source_crosschecked_datum_undeclared
2342,physical,-97.852364,30.198771,source_crosschecked_datum_undeclared
2343,physical,-97.860569,30.207564,source_crosschecked_datum_undeclared
2344,physical,-97.861604,30.20827,source_crosschecked_datum_undeclared
2345,physical,-97.872676,30.220789,source_crosschecked_datum_undeclared
2346,physical,-97.87927,30.23047,source_crosschecked_datum_undeclared
2347,physical,-97.872836,30.227623,source_crosschecked_datum_undeclared
2348,physical,-97.883117,30.243252,source_crosschecked_datum_undeclared
2349,physical,-97.888438,30.247218,source_crosschecked_datum_undeclared
2350,physical,-97.880658,30.240749,source_crosschecked_datum_undeclared
2351,physical,-97.877965,30.236775,source_crosschecked_datum_undeclared
2352,physical,-97.879527,30.243905,source_crosschecked_datum_undeclared
2353,physical,-97.890434,30.25574,source_crosschecked_datum_undeclared
2354,physical,-97.878275,30.242347,source_crosschecked_datum_undeclared
2355,physical,-97.871023,30.2569,source_crosschecked_datum_undeclared
2356,physical,-97.864037,30.245212,source_crosschecked_datum_undeclared
2357,physical,-97.863216,30.244091,source_crosschecked_datum_undeclared
2358,physical,-97.8914,30.240407,source_crosschecked_datum_undeclared
2359,physical,-97.8836,30.236802,source_crosschecked_datum_undeclared
2360,physical,-97.892219,30.221946,source_crosschecked_datum_undeclared
2361,physical,-97.900652,30.236646,source_crosschecked_datum_undeclared
2362,physical,-97.890584,30.238761,source_crosschecked_datum_undeclared
2363,physical,-97.902225,30.260195,source_crosschecked_datum_undeclared
2364,physical,-97.893795,30.256776,source_crosschecked_datum_undeclared
2365,physical,-97.88907,30.257265,source_crosschecked_datum_undeclared
2366,physical,-97.896549,30.25114,source_crosschecked_datum_undeclared
2367,physical,-97.904199,30.257047,source_crosschecked_datum_undeclared
2368,physical,-97.8624,30.216061,source_crosschecked_datum_undeclared
2369,physical,-97.85766,30.220274,source_crosschecked_datum_undeclared
2370,physical,-97.868584,30.225608,source_crosschecked_datum_undeclared
2371,physical,-97.864518,30.229763,source_crosschecked_datum_undeclared
2372,physical,-97.861267,30.227832,source_crosschecked_datum_undeclared
2373,physical,-97.862833,30.222852,source_crosschecked_datum_undeclared
2374,physical,-97.860449,30.227426,source_crosschecked_datum_undeclared
2375,physical,-97.854532,30.236052,source_crosschecked_datum_undeclared
2376,physical,-97.854813,30.23514,source_crosschecked_datum_undeclared
2377,physical,-97.871649,30.223181,source_crosschecked_datum_undeclared
2378,physical,-97.863618,30.223243,source_crosschecked_datum_undeclared
2379,physical,-97.852537,30.217862,source_crosschecked_datum_undeclared
2380,physical,-97.855347,30.223843,source_crosschecked_datum_undeclared
2381,physical,-97.854334,30.218741,source_crosschecked_datum_undeclared
2382,physical,-97.856936,30.273753,source_crosschecked_datum_undeclared
2383,physical,-97.85779,30.251431,source_crosschecked_datum_undeclared
2384,physical,-97.864878,30.254374,source_crosschecked_datum_undeclared
2385,physical,-97.853226,30.249645,source_crosschecked_datum_undeclared
2386,physical,-97.823559,30.173459,source_crosschecked_datum_undeclared
2387,physical,-97.819921,30.179605,source_crosschecked_datum_undeclared
2388,physical,-97.816884,30.173662,source_crosschecked_datum_undeclared
2389,physical,-97.809477,30.173886,source_crosschecked_datum_undeclared
2390,physical,-97.832375,30.176355,source_crosschecked_datum_undeclared
2391,physical,-97.816079,30.185679,source_crosschecked_datum_undeclared
2392,physical,-97.810546,30.185283,source_crosschecked_datum_undeclared
2393,physical,-97.795686,30.179238,source_crosschecked_datum_undeclared
2394,physical,-97.79517,30.180182,source_crosschecked_datum_undeclared
2395,physical,-97.788699,30.182422,source_crosschecked_datum_undeclared
2396,physical,-97.785005,30.172747,source_crosschecked_datum_undeclared
2397,physical,-97.80716,30.199803,source_crosschecked_datum_undeclared
2398,physical,-97.812608,30.191134,source_crosschecked_datum_undeclared
2399,physical,-97.806668,30.202665,source_crosschecked_datum_undeclared
2400,physical,-97.802237,30.180485,source_crosschecked_datum_undeclared
2401,physical,-97.807529,30.180831,source_crosschecked_datum_undeclared
2402,physical,-97.808159,30.178514,source_crosschecked_datum_undeclared
2403,physical,-97.803448,30.177279,source_crosschecked_datum_undeclared
2404,physical,-97.812793,30.202762,source_crosschecked_datum_undeclared
2405,physical,-97.828925,30.18864,source_crosschecked_datum_undeclared
2406,physical,-97.833872,30.176355,source_crosschecked_datum_undeclared
2407,physical,-97.802057,30.1607,source_crosschecked_datum_undeclared
2408,physical,-97.830006,30.164189,source_crosschecked_datum_undeclared
2409,physical,-97.825103,30.169231,source_crosschecked_datum_undeclared
2410,physical,-97.827104,30.187778,source_crosschecked_datum_undeclared
2411,physical,-97.830519,30.194472,source_crosschecked_datum_undeclared
2412,physical,-97.820203,30.199763,source_crosschecked_datum_undeclared
2413,physical,-97.838303,30.201214,source_crosschecked_datum_undeclared
2414,physical,-97.842094,30.195122,source_crosschecked_datum_undeclared
2415,physical,-97.814837,30.191706,source_crosschecked_datum_undeclared
2416,physical,-97.816427,30.197267,source_crosschecked_datum_undeclared
2417,physical,-97.821196,30.195762,source_crosschecked_datum_undeclared
2418,physical,-97.824843,30.189681,source_crosschecked_datum_undeclared
2419,physical,-97.819117,30.198839,source_crosschecked_datum_undeclared
2420,physical,-97.799273,30.172226,source_crosschecked_datum_undeclared
2421,physical,-97.788279,30.166962,source_crosschecked_datum_undeclared
2422,physical,-97.798642,30.173904,source_crosschecked_datum_undeclared
2423,physical,-97.790784,30.174077,source_crosschecked_datum_undeclared
2424,physical,-97.788333,30.163204,source_crosschecked_datum_undeclared
2425,physical,-97.790981,30.155768,source_crosschecked_datum_undeclared
2426,physical,-97.78959,30.162464,source_crosschecked_datum_undeclared
2427,physical,-97.787129,30.166939,source_crosschecked_datum_undeclared
2428,physical,-97.787557,30.160891,source_crosschecked_datum_undeclared
2429,physical,-97.787985,30.162002,source_crosschecked_datum_undeclared
2430,physical,-97.80677,30.173786,source_crosschecked_datum_undeclared
2431,physical,-97.79141,30.157098,source_crosschecked_datum_undeclared
2432,physical,-97.793656,30.149732,source_crosschecked_datum_undeclared
2433,physical,-97.788798,30.156987,source_crosschecked_datum_undeclared
2434,physical,-97.787076,30.165459,source_crosschecked_datum_undeclared
2435,physical,-97.802486,30.185486,source_crosschecked_datum_undeclared
2436,physical,-97.792438,30.183698,source_crosschecked_datum_undeclared
2437,physical,-97.791851,30.198722,source_crosschecked_datum_undeclared
2438,physical,-97.790057,30.192877,source_crosschecked_datum_undeclared
2439,physical,-97.783017,30.194474,source_crosschecked_datum_undeclared
2440,physical,-97.787501,30.19698,source_crosschecked_datum_undeclared
2441,physical,-97.793366,30.199096,source_crosschecked_datum_undeclared
2442,physical,-97.798499,30.200171,source_crosschecked_datum_undeclared
2443,physical,-97.789132,30.194362,source_crosschecked_datum_undeclared
2444,physical,-97.794017,30.207745,source_crosschecked_datum_undeclared
2445,physical,-97.804482,30.202191,source_crosschecked_datum_undeclared
2446,physical,-97.805942,30.199384,source_crosschecked_datum_undeclared
2447,physical,-97.802201,30.198903,source_crosschecked_datum_undeclared
2448,physical,-97.790227,30.189777,source_crosschecked_datum_undeclared
2449,physical,-97.786171,30.182928,source_crosschecked_datum_undeclared
2450,physical,-97.783996,30.191804,source_crosschecked_datum_undeclared
2451,physical,-97.790013,30.180322,source_crosschecked_datum_undeclared
2452,physical,-97.781832,30.183114,source_crosschecked_datum_undeclared
2453,physical,-97.791199,30.204353,source_crosschecked_datum_undeclared
2454,physical,-97.789122,30.21132,source_crosschecked_datum_undeclared
2455,physical,-97.786904,30.210516,source_crosschecked_datum_undeclared
2456,physical,-97.790864,30.198363,source_crosschecked_datum_undeclared
2457,physical,-97.784275,30.202228,source_crosschecked_datum_undeclared
2458,physical,-97.790072,30.205473,source_crosschecked_datum_undeclared
2459,physical,-97.784479,30.209203,source_crosschecked_datum_undeclared
2460,physical,-97.805243,30.222801,source_crosschecked_datum_undeclared
2461,physical,-97.809223,30.22805,source_crosschecked_datum_undeclared
2462,physical,-97.821453,30.233858,source_crosschecked_datum_undeclared
2463,physical,-97.808305,30.23245,source_crosschecked_datum_undeclared
2464,physical,-97.818097,30.232666,source_crosschecked_datum_undeclared
2465,physical,-97.806939,30.231455,source_crosschecked_datum_undeclared
2466,physical,-97.819349,30.238975,source_crosschecked_datum_undeclared
2467,physical,-97.808808,30.244234,source_crosschecked_datum_undeclared
2468,physical,-97.82839,30.240218,source_crosschecked_datum_undeclared
2469,physical,-97.82134,30.238702,source_crosschecked_datum_undeclared
2470,physical,-97.812264,30.257974,source_crosschecked_datum_undeclared
2471,physical,-97.806739,30.218583,source_crosschecked_datum_undeclared
2472,physical,-97.813629,30.215003,source_crosschecked_datum_undeclared
2473,physical,-97.810437,30.23355,source_crosschecked_datum_undeclared
2474,physical,-97.825435,30.236386,source_crosschecked_datum_undeclared
2475,physical,-97.810455,30.233955,source_crosschecked_datum_undeclared
2476,physical,-97.818327,30.233651,source_crosschecked_datum_undeclared
2477,physical,-97.807022,30.244695,source_crosschecked_datum_undeclared
2478,physical,-97.80612,30.24515,source_crosschecked_datum_undeclared
2479,physical,-97.820834,30.237759,source_crosschecked_datum_undeclared
2480,physical,-97.782109,30.243412,source_crosschecked_datum_undeclared
2481,physical,-97.807716,30.245978,source_crosschecked_datum_undeclared
2482,physical,-97.806316,30.249719,source_crosschecked_datum_undeclared
2483,physical,-97.802314,30.251923,source_crosschecked_datum_undeclared
2484,physical,-97.816613,30.263752,source_crosschecked_datum_undeclared
2485,physical,-97.82717,30.218206,source_crosschecked_datum_undeclared
2486,physical,-97.826613,30.233436,source_crosschecked_datum_undeclared
2487,physical,-97.830077,30.227029,source_crosschecked_datum_undeclared
2488,physical,-97.825502,30.232864,source_crosschecked_datum_undeclared
2489,physical,-97.829883,30.23606,source_crosschecked_datum_undeclared
2490,physical,-97.825605,30.235193,source_crosschecked_datum_undeclared
2491,physical,-97.825746,30.236837,source_crosschecked_datum_undeclared
2492,physical,-97.824203,30.236089,source_crosschecked_datum_undeclared
2493,physical,-97.826329,30.219506,source_crosschecked_datum_undeclared
2494,physical,-97.830177,30.236495,source_crosschecked_datum_undeclared
2495,physical,-97.830217,30.236772,source_crosschecked_datum_undeclared
2496,physical,-97.827504,30.231272,source_crosschecked_datum_undeclared
2497,physical,-97.835212,30.222202,source_crosschecked_datum_undeclared
2498,physical,-97.834969,30.221992,source_crosschecked_datum_undeclared
2499,physical,-97.826983,30.231272,source_crosschecked_datum_undeclared
2500,physical,-97.836259,30.219835,source_crosschecked_datum_undeclared
2501,physical,-97.836875,30.220703,source_crosschecked_datum_undeclared
2502,physical,-97.834436,30.217456,source_crosschecked_datum_undeclared
2503,physical,-97.824848,30.23648,source_crosschecked_datum_undeclared
2504,physical,-97.823722,30.237683,source_crosschecked_datum_undeclared
2505,physical,-97.824175,30.234639,source_crosschecked_datum_undeclared
2506,physical,-97.822684,30.236251,source_crosschecked_datum_undeclared
2507,physical,-97.821308,30.237186,source_crosschecked_datum_undeclared
2508,physical,-97.822571,30.237333,source_crosschecked_datum_undeclared
2509,physical,-97.822005,30.237105,source_crosschecked_datum_undeclared
2510,physical,-97.820512,30.234337,source_crosschecked_datum_undeclared
2511,physical,-97.823091,30.23579,source_crosschecked_datum_undeclared
2512,physical,-97.814364,30.260888,source_crosschecked_datum_undeclared
2513,physical,-97.816797,30.263578,source_crosschecked_datum_undeclared
2514,physical,-97.817979,30.266143,source_crosschecked_datum_undeclared
2515,physical,-97.817588,30.2716,source_crosschecked_datum_undeclared
2516,physical,-97.817882,30.271717,source_crosschecked_datum_undeclared
2517,physical,-97.81834,30.267828,source_crosschecked_datum_undeclared
2518,physical,-97.818023,30.265414,source_crosschecked_datum_undeclared
2519,physical,-97.795323,30.218078,source_crosschecked_datum_undeclared
2520,physical,-97.808527,30.227708,source_crosschecked_datum_undeclared
2521,physical,-97.800515,30.232107,source_crosschecked_datum_undeclared
2522,physical,-97.796057,30.233286,source_crosschecked_datum_undeclared
2523,physical,-97.798636,30.232689,source_crosschecked_datum_undeclared
2524,physical,-97.793702,30.235575,source_crosschecked_datum_undeclared
2525,physical,-97.797025,30.23398,source_crosschecked_datum_undeclared
2526,physical,-97.798816,30.23697,source_crosschecked_datum_undeclared
2527,physical,-97.794725,30.232953,source_crosschecked_datum_undeclared
2528,physical,-97.793757,30.220448,source_crosschecked_datum_undeclared
2529,physical,-97.798451,30.222744,source_crosschecked_datum_undeclared
2530,physical,-97.801013,30.229003,source_crosschecked_datum_undeclared
2531,physical,-97.789878,30.230355,source_crosschecked_datum_undeclared
2532,physical,-97.799201,30.223115,source_crosschecked_datum_undeclared
2533,physical,-97.788003,30.230378,source_crosschecked_datum_undeclared
2534,physical,-97.78654,30.229342,source_crosschecked_datum_undeclared
2535,physical,-97.796031,30.234377,source_crosschecked_datum_undeclared
2536,physical,-97.79778,30.235927,source_crosschecked_datum_undeclared
2537,physical,-97.800213,30.232603,source_crosschecked_datum_undeclared
2538,physical,-97.794501,30.235198,source_crosschecked_datum_undeclared
2539,physical,-97.798214,30.233339,source_crosschecked_datum_undeclared
2540,physical,-97.793235,30.232583,source_crosschecked_datum_undeclared
2541,physical,-97.788557,30.229617,source_crosschecked_datum_undeclared
2542,physical,-97.801512,30.228047,source_crosschecked_datum_undeclared
2543,physical,-97.789269,30.228254,source_crosschecked_datum_undeclared
2544,physical,-97.799467,30.229025,source_crosschecked_datum_undeclared
2545,physical,-97.793822,30.230386,source_crosschecked_datum_undeclared
2546,physical,-97.797975,30.230122,source_crosschecked_datum_undeclared
2547,physical,-97.801713,30.217546,source_crosschecked_datum_undeclared
2548,physical,-97.803685,30.225331,source_crosschecked_datum_undeclared
2549,physical,-97.804014,30.231462,source_crosschecked_datum_undeclared
2550,physical,-97.804853,30.231804,source_crosschecked_datum_undeclared
2551,physical,-97.800718,30.232967,source_crosschecked_datum_undeclared
2552,physical,-97.80632,30.232413,source_crosschecked_datum_undeclared
2553,physical,-97.807216,30.232432,source_crosschecked_datum_undeclared
2554,physical,-97.798967,30.238041,source_crosschecked_datum_undeclared
2555,physical,-97.808476,30.232875,source_crosschecked_datum_undeclared
2556,physical,-97.807964,30.233151,source_crosschecked_datum_undeclared
2557,physical,-97.806884,30.232009,source_crosschecked_datum_undeclared
2558,physical,-97.79928,30.237916,source_crosschecked_datum_undeclared
2559,physical,-97.790699,30.225517,source_crosschecked_datum_undeclared
2560,physical,-97.792052,30.236651,source_crosschecked_datum_undeclared
2561,physical,-97.789945,30.237902,source_crosschecked_datum_undeclared
2562,physical,-97.785525,30.233587,source_crosschecked_datum_undeclared
2563,physical,-97.789249,30.230721,source_crosschecked_datum_undeclared
2564,physical,-97.792418,30.232393,source_crosschecked_datum_undeclared
2565,physical,-97.78352,30.236646,source_crosschecked_datum_undeclared
2566,physical,-97.794596,30.233574,source_crosschecked_datum_undeclared
2567,physical,-97.791055,30.23119,source_crosschecked_datum_undeclared
2568,physical,-97.795234,30.233917,source_crosschecked_datum_undeclared
2569,physical,-97.805347,30.260056,source_crosschecked_datum_undeclared
2570,physical,-97.80888,30.261715,source_crosschecked_datum_undeclared
2571,physical,-97.80054,30.256001,source_crosschecked_datum_undeclared
2572,physical,-97.794047,30.260262,source_crosschecked_datum_undeclared
2573,physical,-97.79617,30.258713,source_crosschecked_datum_undeclared
2574,physical,-97.79324,30.260209,source_crosschecked_datum_undeclared
2575,physical,-97.810167,30.260195,source_crosschecked_datum_undeclared
2576,physical,-97.797666,30.258993,source_crosschecked_datum_undeclared
2577,physical,-97.797651,30.272563,source_crosschecked_datum_undeclared
2578,physical,-97.791447,30.270391,source_crosschecked_datum_undeclared
2579,physical,-97.788804,30.263095,source_crosschecked_datum_undeclared
2580,physical,-97.794025,30.260676,source_crosschecked_datum_undeclared
2581,physical,-97.799849,30.25742,source_crosschecked_datum_undeclared
2582,physical,-97.792218,30.26073,source_crosschecked_datum_undeclared
2583,physical,-97.789257,30.262343,source_crosschecked_datum_undeclared
2584,physical,-97.805797,30.266681,source_crosschecked_datum_undeclared
2585,physical,-97.791986,30.262226,source_crosschecked_datum_undeclared
2586,physical,-97.789245,30.263327,source_crosschecked_datum_undeclared
2587,physical,-97.804075,30.24763,source_crosschecked_datum_undeclared
2588,physical,-97.806613,30.251005,source_crosschecked_datum_undeclared
2589,physical,-97.805827,30.252168,source_crosschecked_datum_undeclared
2590,physical,-97.803706,30.255017,source_crosschecked_datum_undeclared
2591,physical,-97.802677,30.258601,source_crosschecked_datum_undeclared
2592,physical,-97.802627,30.250175,source_crosschecked_datum_undeclared
2593,physical,-97.801443,30.253313,source_crosschecked_datum_undeclared
2594,physical,-97.803534,30.255686,source_crosschecked_datum_undeclared
2595,physical,-97.802043,30.256627,source_crosschecked_datum_undeclared
2596,physical,-97.801035,30.272874,source_crosschecked_datum_undeclared
2597,physical,-97.80014,30.274274,source_crosschecked_datum_undeclared
2598,physical,-97.784927,30.252789,source_crosschecked_datum_undeclared
2599,physical,-97.78723,30.264663,source_crosschecked_datum_undeclared
2600,physical,-97.787056,30.26362,source_crosschecked_datum_undeclared
2601,physical,-97.782899,30.266277,source_crosschecked_datum_undeclared
2602,physical,-97.788165,30.264301,source_crosschecked_datum_undeclared
2603,physical,-97.789885,30.263404,source_crosschecked_datum_undeclared
2604,physical,-97.784744,30.264583,source_crosschecked_datum_undeclared
2605,physical,-97.786332,30.265011,source_crosschecked_datum_undeclared
2606,physical,-97.86919,30.289039,source_crosschecked_datum_undeclared
2607,physical,-97.843429,30.303022,source_crosschecked_datum_undeclared
2608,physical,-97.864691,30.33747,source_crosschecked_datum_undeclared
2609,physical,-97.881847,30.341261,source_crosschecked_datum_undeclared
2610,physical,-97.832265,30.35662,source_crosschecked_datum_undeclared
2611,physical,-97.845181,30.394252,source_crosschecked_datum_undeclared
2612,physical,-97.844551,30.398789,source_crosschecked_datum_undeclared
2613,physical,-97.844822,30.309888,source_crosschecked_datum_undeclared
2614,physical,-97.852347,30.313104,source_crosschecked_datum_undeclared
2615,physical,-97.860451,30.370289,source_crosschecked_datum_undeclared
2616,physical,-97.881033,30.312663,source_crosschecked_datum_undeclared
2617,physical,-97.872294,30.316056,source_crosschecked_datum_undeclared
2618,physical,-97.885542,30.331027,source_crosschecked_datum_undeclared
2619,physical,-97.87288,30.322847,source_crosschecked_datum_undeclared
2620,physical,-97.884445,30.377304,source_crosschecked_datum_undeclared
2621,physical,-97.879879,30.377412,source_crosschecked_datum_undeclared
2622,physical,-97.871525,30.382368,source_crosschecked_datum_undeclared
2623,physical,-97.868841,30.394185,source_crosschecked_datum_undeclared
2624,physical,-97.882163,30.389427,source_crosschecked_datum_undeclared
2625,physical,-97.866069,30.394712,source_crosschecked_datum_undeclared
2626,physical,-97.810687,30.283109,source_crosschecked_datum_undeclared
2627,physical,-97.81519,30.298997,source_crosschecked_datum_undeclared
2628,physical,-97.802389,30.298207,source_crosschecked_datum_undeclared
2629,physical,-97.826522,30.314974,source_crosschecked_datum_undeclared
2630,physical,-97.826156,30.309577,source_crosschecked_datum_undeclared
2631,physical,-97.825211,30.316063,source_crosschecked_datum_undeclared
2632,physical,-97.825762,30.309545,source_crosschecked_datum_undeclared
2633,physical,-97.816305,30.321072,source_crosschecked_datum_undeclared
2634,physical,-97.819354,30.290013,source_crosschecked_datum_undeclared
2635,physical,-97.801552,30.310491,source_crosschecked_datum_undeclared
2636,physical,-97.796794,30.308132,source_crosschecked_datum_undeclared
2637,physical,-97.79433,30.313248,source_crosschecked_datum_undeclared
2638,physical,-97.815584,30.322091,source_crosschecked_datum_undeclared
2639,physical,-97.782053,30.305985,source_crosschecked_datum_undeclared
2640,physical,-97.839075,30.300892,source_crosschecked_datum_undeclared
2641,physical,-97.82877,30.295865,source_crosschecked_datum_undeclared
2642,physical,-97.832888,30.283963,source_crosschecked_datum_undeclared
2643,physical,-97.82808,30.293077,source_crosschecked_datum_undeclared
2644,physical,-97.827853,30.298267,source_crosschecked_datum_undeclared
2645,physical,-97.827438,30.295467,source_crosschecked_datum_undeclared
2646,physical,-97.822481,30.29285,source_crosschecked_datum_undeclared
2647,physical,-97.818977,30.299516,source_crosschecked_datum_undeclared
2648,physical,-97.82844,30.293223,source_crosschecked_datum_undeclared
2649,physical,-97.828157,30.297657,source_crosschecked_datum_undeclared
2650,physical,-97.842091,30.281643,source_crosschecked_datum_undeclared
2651,physical,-97.83342,30.284166,source_crosschecked_datum_undeclared
2652,physical,-97.840649,30.304314,source_crosschecked_datum_undeclared
2653,physical,-97.828309,30.290327,source_crosschecked_datum_undeclared
2654,physical,-97.826976,30.287733,source_crosschecked_datum_undeclared
2655,physical,-97.825485,30.305178,source_crosschecked_datum_undeclared
2656,physical,-97.825413,30.30455,source_crosschecked_datum_undeclared
2657,physical,-97.797985,30.292344,source_crosschecked_datum_undeclared
2658,physical,-97.790063,30.289988,source_crosschecked_datum_undeclared
2659,physical,-97.794835,30.304525,source_crosschecked_datum_undeclared
2660,physical,-97.801329,30.290906,source_crosschecked_datum_undeclared
2661,physical,-97.808305,30.281367,source_crosschecked_datum_undeclared
2662,physical,-97.782574,30.291352,source_crosschecked_datum_undeclared
2663,physical,-97.786596,30.303467,source_crosschecked_datum_undeclared
2664,physical,-97.792957,30.316944,source_crosschecked_datum_undeclared
2665,physical,-97.794192,30.321771,source_crosschecked_datum_undeclared
2666,physical,-97.792225,30.333169,source_crosschecked_datum_undeclared
2667,physical,-97.800471,30.332832,source_crosschecked_datum_undeclared
2668,physical,-97.790419,30.328719,source_crosschecked_datum_undeclared
2669,physical,-97.794141,30.323684,source_crosschecked_datum_undeclared
2670,physical,-97.788907,30.331043,source_crosschecked_datum_undeclared
2671,physical,-97.806284,30.335185,source_crosschecked_datum_undeclared
2672,physical,-97.804247,30.334512,source_crosschecked_datum_undeclared
2673,physical,-97.789923,30.331682,source_crosschecked_datum_undeclared
2674,physical,-97.827727,30.379096,source_crosschecked_datum_undeclared
2675,physical,-97.79694,30.365612,source_crosschecked_datum_undeclared
2676,physical,-97.828657,30.364429,source_crosschecked_datum_undeclared
2677,physical,-97.801644,30.369555,source_crosschecked_datum_undeclared
2678,physical,-97.796726,30.377974,source_crosschecked_datum_undeclared
2679,physical,-97.805007,30.37739,source_crosschecked_datum_undeclared
2680,physical,-97.824323,30.387687,source_crosschecked_datum_undeclared
2681,physical,-97.838754,30.392014,source_crosschecked_datum_undeclared
2682,physical,-97.79047,30.359284,source_crosschecked_datum_undeclared
2683,physical,-97.789691,30.366071,source_crosschecked_datum_undeclared
2684,physical,-97.792073,30.35956,source_crosschecked_datum_undeclared
2685,physical,-97.792832,30.356715,source_crosschecked_datum_undeclared
2686,physical,-97.790418,30.363111,source_crosschecked_datum_undeclared
2687,physical,-97.792341,30.356539,source_crosschecked_datum_undeclared
2688,physical,-97.798527,30.385861,source_crosschecked_datum_undeclared
2689,physical,-97.742644,30.021253,source_crosschecked_datum_undeclared
2690,physical,-97.72796,30.009015,source_crosschecked_datum_undeclared
2691,physical,-97.699893,30.024991,source_crosschecked_datum_undeclared
2692,physical,-97.655379,30.091222,source_crosschecked_datum_undeclared
2693,physical,-97.636677,30.099121,source_crosschecked_datum_undeclared
2694,physical,-97.640916,30.126139,source_crosschecked_datum_undeclared
2695,physical,-97.65021,30.110472,source_crosschecked_datum_undeclared
2696,physical,-97.649334,30.112969,source_crosschecked_datum_undeclared
2697,physical,-97.749232,29.994679,source_crosschecked_datum_undeclared
2698,physical,-97.764403,29.97976,source_crosschecked_datum_undeclared
2699,physical,-97.7375,30.061381,source_crosschecked_datum_undeclared
2700,physical,-97.710553,30.063897,source_crosschecked_datum_undeclared
2701,physical,-97.754532,30.079628,source_crosschecked_datum_undeclared
2702,physical,-97.734261,30.089855,source_crosschecked_datum_undeclared
2703,physical,-97.735104,30.080573,source_crosschecked_datum_undeclared
2704,physical,-97.71432,30.088539,source_crosschecked_datum_undeclared
2705,physical,-97.693648,30.09333,source_crosschecked_datum_undeclared
2706,physical,-97.714933,30.120769,source_crosschecked_datum_undeclared
2707,physical,-97.694721,30.112132,source_crosschecked_datum_undeclared
2708,physical,-97.685891,30.069984,source_crosschecked_datum_undeclared
2709,physical,-97.665963,30.081814,source_crosschecked_datum_undeclared
2710,physical,-97.671268,30.08621,source_crosschecked_datum_undeclared
2711,physical,-97.722686,30.108393,source_crosschecked_datum_undeclared
2712,physical,-97.693484,30.089301,source_crosschecked_datum_undeclared
2713,physical,-97.709943,30.128798,source_crosschecked_datum_undeclared
2714,physical,-97.767823,30.032842,source_crosschecked_datum_undeclared
2715,physical,-97.746917,30.024813,source_crosschecked_datum_undeclared
2716,physical,-97.748151,30.076519,source_crosschecked_datum_undeclared
2717,physical,-97.735035,30.074841,source_crosschecked_datum_undeclared
2718,physical,-97.755827,30.046374,source_crosschecked_datum_undeclared
2719,physical,-97.746461,30.058424,source_crosschecked_datum_undeclared
2720,physical,-97.732168,30.066423,source_crosschecked_datum_undeclared
2721,physical,-97.755922,30.100159,source_crosschecked_datum_undeclared
2722,physical,-97.774975,30.126941,source_crosschecked_datum_undeclared
2723,physical,-97.749035,30.111202,source_crosschecked_datum_undeclared
2724,physical,-97.738208,30.106093,source_crosschecked_datum_undeclared
2725,physical,-97.755881,30.133965,source_crosschecked_datum_undeclared
2726,physical,-97.746603,30.114963,source_crosschecked_datum_undeclared
2727,physical,-97.740532,30.123976,source_crosschecked_datum_undeclared
2728,physical,-97.719341,30.113733,source_crosschecked_datum_undeclared
2729,physical,-97.761764,30.093566,source_crosschecked_datum_undeclared
2730,physical,-97.773374,30.138118,source_crosschecked_datum_undeclared
2731,physical,-97.727371,30.100934,source_crosschecked_datum_undeclared
2732,physical,-97.733256,30.135335,source_crosschecked_datum_undeclared
2733,physical,-97.703773,30.058231,source_crosschecked_datum_undeclared
2734,physical,-97.688502,30.027369,source_crosschecked_datum_undeclared
2735,physical,-97.683197,30.098475,source_crosschecked_datum_undeclared
2736,physical,-97.674058,30.106732,source_crosschecked_datum_undeclared
2737,physical,-97.694848,30.115064,source_crosschecked_datum_undeclared
2738,physical,-97.683977,30.12938,source_crosschecked_datum_undeclared
2739,physical,-97.680223,30.135807,source_crosschecked_datum_undeclared
2740,physical,-97.667553,30.121538,source_crosschecked_datum_undeclared
2741,physical,-97.684563,30.097144,source_crosschecked_datum_undeclared
2742,physical,-97.690349,30.119328,source_crosschecked_datum_undeclared
2743,physical,-97.694471,30.106856,source_crosschecked_datum_undeclared
2744,physical,-97.69566,30.129184,source_crosschecked_datum_undeclared
2745,physical,-97.660082,30.095123,source_crosschecked_datum_undeclared
2746,physical,-97.678447,30.138109,source_crosschecked_datum_undeclared
2747,physical,-97.634975,30.120507,source_crosschecked_datum_undeclared
2748,physical,-97.622726,30.109931,source_crosschecked_datum_undeclared
2749,physical,-97.615924,30.141786,source_crosschecked_datum_undeclared
2750,physical,-97.621771,30.132645,source_crosschecked_datum_undeclared
2751,physical,-97.628491,30.104783,source_crosschecked_datum_undeclared
2752,physical,-97.771166,30.274283,source_crosschecked_datum_undeclared
2753,physical,-97.767623,30.279042,source_crosschecked_datum_undeclared
2754,physical,-97.770504,30.2773,source_crosschecked_datum_undeclared
2755,physical,-97.772898,30.278347,source_crosschecked_datum_undeclared
2756,physical,-97.76678,30.275636,source_crosschecked_datum_undeclared
2757,physical,-97.767164,30.278952,source_crosschecked_datum_undeclared
2758,physical,-97.765354,30.275212,source_crosschecked_datum_undeclared
2759,physical,-97.758443,30.279888,source_crosschecked_datum_undeclared
2760,physical,-97.751107,30.276683,source_crosschecked_datum_undeclared
2761,physical,-97.750506,30.277965,source_crosschecked_datum_undeclared
2762,physical,-97.744172,30.27809,source_crosschecked_datum_undeclared
2763,physical,-97.736099,30.277798,source_crosschecked_datum_undeclared
2764,physical,-97.724252,30.278945,source_crosschecked_datum_undeclared
2765,physical,-97.718872,30.279808,source_crosschecked_datum_undeclared
2766,physical,-97.716191,30.277082,source_crosschecked_datum_undeclared
2767,physical,-97.716795,30.280124,source_crosschecked_datum_undeclared
2768,physical,-97.647323,30.190898,source_crosschecked_datum_undeclared
2769,physical,-97.713907,30.280604,source_crosschecked_datum_undeclared
2770,physical,-97.656039,30.283767,source_crosschecked_datum_undeclared
2771,physical,-97.768537,30.278209,source_crosschecked_datum_undeclared
2772,physical,-97.76984,30.276552,source_crosschecked_datum_undeclared
2773,physical,-97.768257,30.280874,source_crosschecked_datum_undeclared
2774,physical,-97.766402,30.28204,source_crosschecked_datum_undeclared
2775,physical,-97.768748,30.277098,source_crosschecked_datum_undeclared
2776,physical,-97.74592,30.278562,source_crosschecked_datum_undeclared
2777,physical,-97.746279,30.277598,source_crosschecked_datum_undeclared
2778,physical,-97.742615,30.277633,source_crosschecked_datum_undeclared
2779,physical,-97.743195,30.276069,source_crosschecked_datum_undeclared
2780,physical,-97.739643,30.276807,source_crosschecked_datum_undeclared
2781,physical,-97.736773,30.276002,source_crosschecked_datum_undeclared
2782,physical,-97.731664,30.278717,source_crosschecked_datum_undeclared
2783,physical,-97.73278,30.277162,source_crosschecked_datum_undeclared
2784,physical,-97.73074,30.278471,source_crosschecked_datum_undeclared
2785,physical,-97.731733,30.275649,source_crosschecked_datum_undeclared
2786,physical,-97.729157,30.279502,source_crosschecked_datum_undeclared
2787,physical,-97.731662,30.273559,source_crosschecked_datum_undeclared
2788,physical,-97.729494,30.280034,source_crosschecked_datum_undeclared
2789,physical,-97.728161,30.278252,source_crosschecked_datum_undeclared
2790,physical,-97.729499,30.274963,source_crosschecked_datum_undeclared
2791,physical,-97.728054,30.28001,source_crosschecked_datum_undeclared
2792,physical,-97.731,30.272944,source_crosschecked_datum_undeclared
2793,physical,-97.727442,30.280392,source_crosschecked_datum_undeclared
2794,physical,-97.720765,30.279509,source_crosschecked_datum_undeclared
2795,physical,-97.72021,30.276829,source_crosschecked_datum_undeclared
2796,physical,-97.70408,30.275982,source_crosschecked_datum_undeclared
2797,physical,-97.701825,30.279486,source_crosschecked_datum_undeclared
2798,physical,-97.699985,30.276636,source_crosschecked_datum_undeclared
2799,physical,-97.69086,30.278268,source_crosschecked_datum_undeclared
2800,physical,-97.695931,30.27744,source_crosschecked_datum_undeclared
2801,physical,-97.686804,30.278712,source_crosschecked_datum_undeclared
2802,physical,-97.688679,30.275847,source_crosschecked_datum_undeclared
2803,physical,-97.653111,30.282652,source_crosschecked_datum_undeclared
2804,physical,-97.648133,30.280765,source_crosschecked_datum_undeclared
2805,physical,-97.653084,30.292329,source_crosschecked_datum_undeclared
2806,physical,-97.648122,30.299934,source_crosschecked_datum_undeclared
2807,physical,-97.646396,30.352318,source_crosschecked_datum_undeclared
2808,physical,-97.656381,30.389402,source_crosschecked_datum_undeclared
2809,physical,-97.648404,30.38679,source_crosschecked_datum_undeclared
2810,physical,-97.638011,30.155885,source_crosschecked_datum_undeclared
2811,physical,-97.649013,30.161242,source_crosschecked_datum_undeclared
2812,physical,-97.64624,30.18045,source_crosschecked_datum_undeclared
2813,physical,-97.65984,30.166537,source_crosschecked_datum_undeclared
2814,physical,-97.641634,30.278334,source_crosschecked_datum_undeclared
2815,physical,-97.636962,30.276595,source_crosschecked_datum_undeclared
2816,physical,-97.630927,30.285972,source_crosschecked_datum_undeclared
2817,physical,-97.609429,30.280296,source_crosschecked_datum_undeclared
2818,physical,-97.59952,30.27574,source_crosschecked_datum_undeclared
2819,physical,-97.574784,30.28876,source_crosschecked_datum_undeclared
2820,physical,-97.5478,30.267849,source_crosschecked_datum_undeclared
2821,physical,-97.653749,30.302651,source_crosschecked_datum_undeclared
2822,physical,-97.654765,30.328642,source_crosschecked_datum_undeclared
2823,physical,-97.652719,30.333212,source_crosschecked_datum_undeclared
2824,physical,-97.65136,30.336064,source_crosschecked_datum_undeclared
2825,physical,-97.658636,30.377272,source_crosschecked_datum_undeclared
2826,physical,-97.739351,30.276726,source_crosschecked_datum_undeclared
2827,physical,-97.738418,30.27895,source_crosschecked_datum_undeclared
2828,physical,-97.741699,30.277378,source_crosschecked_datum_undeclared
2829,physical,-97.740918,30.279511,source_crosschecked_datum_undeclared
2830,physical,-97.735708,30.275694,source_crosschecked_datum_undeclared
2831,physical,-97.734201,30.279407,source_crosschecked_datum_undeclared
2832,physical,-97.656965,30.283954,source_crosschecked_datum_undeclared
2833,physical,-97.659168,30.276671,source_crosschecked_datum_undeclared
2834,physical,-97.662454,30.278136,source_crosschecked_datum_undeclared
2835,physical,-97.673771,30.279302,source_crosschecked_datum_undeclared
2836,physical,-97.680314,30.279751,source_crosschecked_datum_undeclared
2837,physical,-97.680401,30.274242,source_crosschecked_datum_undeclared
2838,physical,-97.684679,30.278018,source_crosschecked_datum_undeclared
2839,physical,-97.657026,30.211935,source_crosschecked_datum_undeclared
2840,physical,-97.639066,30.202928,source_crosschecked_datum_undeclared
2841,physical,-97.719007,30.337559,source_crosschecked_datum_undeclared
2842,physical,-97.64909,30.387485,source_crosschecked_datum_undeclared
2843,physical,-97.644702,30.384563,source_crosschecked_datum_undeclared
2844,physical,-97.652986,30.209457,source_crosschecked_datum_undeclared
2845,physical,-97.653118,30.209191,source_crosschecked_datum_undeclared
2846,physical,-97.657961,30.211133,source_crosschecked_datum_undeclared
2847,physical,-97.7725,30.208625,source_crosschecked_datum_undeclared
2848,physical,-97.768502,30.214937,source_crosschecked_datum_undeclared
2849,physical,-97.720695,30.179253,source_crosschecked_datum_undeclared
2850,physical,-97.703901,30.189539,source_crosschecked_datum_undeclared
2851,physical,-97.745592,30.212605,source_crosschecked_datum_undeclared
2852,physical,-97.736708,30.212424,source_crosschecked_datum_undeclared
2853,physical,-97.716385,30.205211,source_crosschecked_datum_undeclared
2854,physical,-97.712016,30.203097,source_crosschecked_datum_undeclared
2855,physical,-97.774575,30.21781,source_crosschecked_datum_undeclared
2856,physical,-97.759339,30.205546,source_crosschecked_datum_undeclared
2857,physical,-97.754536,30.212804,source_crosschecked_datum_undeclared
2858,physical,-97.756356,30.209693,source_crosschecked_datum_undeclared
2859,physical,-97.753358,30.213221,source_crosschecked_datum_undeclared
2860,physical,-97.756035,30.208861,source_crosschecked_datum_undeclared
2861,physical,-97.752689,30.212735,source_crosschecked_datum_undeclared
2862,physical,-97.754054,30.210491,source_crosschecked_datum_undeclared
2863,physical,-97.7521,30.212319,source_crosschecked_datum_undeclared
2864,physical,-97.752395,30.211787,source_crosschecked_datum_undeclared
2865,physical,-97.74713,30.209953,source_crosschecked_datum_undeclared
2866,physical,-97.740275,30.206682,source_crosschecked_datum_undeclared
2867,physical,-97.735299,30.214518,source_crosschecked_datum_undeclared
2868,physical,-97.723017,30.208496,source_crosschecked_datum_undeclared
2869,physical,-97.712447,30.22924,source_crosschecked_datum_undeclared
2870,physical,-97.714194,30.230142,source_crosschecked_datum_undeclared
2871,physical,-97.716967,30.242277,source_crosschecked_datum_undeclared
2872,physical,-97.712431,30.252756,source_crosschecked_datum_undeclared
2873,physical,-97.718293,30.25478,source_crosschecked_datum_undeclared
2874,physical,-97.710716,30.25639,source_crosschecked_datum_undeclared
2875,physical,-97.717085,30.261275,source_crosschecked_datum_undeclared
2876,physical,-97.709095,30.259778,source_crosschecked_datum_undeclared
2877,physical,-97.716147,30.261683,source_crosschecked_datum_undeclared
2878,physical,-97.712655,30.263203,source_crosschecked_datum_undeclared
2879,physical,-97.714709,30.270125,source_crosschecked_datum_undeclared
2880,physical,-97.712249,30.270516,source_crosschecked_datum_undeclared
2881,physical,-97.728433,30.158589,source_crosschecked_datum_undeclared
2882,physical,-97.700983,30.172365,source_crosschecked_datum_undeclared
2883,physical,-97.721729,30.172286,source_crosschecked_datum_undeclared
2884,physical,-97.710248,30.214782,source_crosschecked_datum_undeclared
2885,physical,-97.719287,30.23855,source_crosschecked_datum_undeclared
2886,physical,-97.711994,30.253619,source_crosschecked_datum_undeclared
2887,physical,-97.718546,30.255881,source_crosschecked_datum_undeclared
2888,physical,-97.715494,30.273736,source_crosschecked_datum_undeclared
2889,physical,-97.712717,30.274602,source_crosschecked_datum_undeclared
2890,physical,-97.715578,30.274147,source_crosschecked_datum_undeclared
2891,physical,-97.748887,30.210789,source_crosschecked_datum_undeclared
2892,physical,-97.744127,30.208545,source_crosschecked_datum_undeclared
2893,physical,-97.745062,30.213391,source_crosschecked_datum_undeclared
2894,physical,-97.766695,30.214327,source_crosschecked_datum_undeclared
2895,physical,-97.765238,30.207615,source_crosschecked_datum_undeclared
2896,physical,-97.769721,30.205739,source_crosschecked_datum_undeclared
2897,physical,-97.733596,30.213517,source_crosschecked_datum_undeclared
2898,physical,-97.717933,30.21865,source_crosschecked_datum_undeclared
2899,physical,-97.701229,30.21391,source_crosschecked_datum_undeclared
2900,physical,-97.712535,30.211305,source_crosschecked_datum_undeclared
2901,physical,-97.711892,30.212359,source_crosschecked_datum_undeclared
2902,physical,-97.665134,30.216178,source_crosschecked_datum_undeclared
2903,physical,-97.714789,30.212026,source_crosschecked_datum_undeclared
2904,physical,-97.709216,30.211582,source_crosschecked_datum_undeclared
2905,physical,-97.709253,30.212058,source_crosschecked_datum_undeclared
2906,physical,-97.714752,30.212438,source_crosschecked_datum_undeclared
2907,physical,-97.698437,30.215163,source_crosschecked_datum_undeclared
2908,physical,-97.661824,30.213843,source_crosschecked_datum_undeclared
2909,physical,-97.662104,30.2136,source_crosschecked_datum_undeclared
2910,physical,-97.73356,30.21491,source_crosschecked_datum_undeclared
2911,physical,-97.717869,30.212168,source_crosschecked_datum_undeclared
2912,physical,-97.717795,30.213182,source_crosschecked_datum_undeclared
2913,physical,-97.70643,30.212153,source_crosschecked_datum_undeclared
2914,physical,-97.70698,30.213072,source_crosschecked_datum_undeclared
2915,physical,-97.698621,30.215511,source_crosschecked_datum_undeclared
2916,physical,-97.676929,30.220985,source_crosschecked_datum_undeclared
2917,physical,-97.773082,30.186796,source_crosschecked_datum_undeclared
2918,physical,-97.769536,30.177514,source_crosschecked_datum_undeclared
2919,physical,-97.768677,30.183475,source_crosschecked_datum_undeclared
2920,physical,-97.759613,30.159699,source_crosschecked_datum_undeclared
2921,physical,-97.745726,30.158249,source_crosschecked_datum_undeclared
2922,physical,-97.756169,30.184813,source_crosschecked_datum_undeclared
2923,physical,-97.768251,30.184613,source_crosschecked_datum_undeclared
2924,physical,-97.741951,30.173972,source_crosschecked_datum_undeclared
2925,physical,-97.774095,30.186753,source_crosschecked_datum_undeclared
2926,physical,-97.744809,30.184933,source_crosschecked_datum_undeclared
2927,physical,-97.741997,30.200126,source_crosschecked_datum_undeclared
2928,physical,-97.74658,30.179624,source_crosschecked_datum_undeclared
2929,physical,-97.751399,30.172862,source_crosschecked_datum_undeclared
2930,physical,-97.743914,30.196782,source_crosschecked_datum_undeclared
2931,physical,-97.751597,30.201675,source_crosschecked_datum_undeclared
2932,physical,-97.749468,30.193563,source_crosschecked_datum_undeclared
2933,physical,-97.744422,30.193815,source_crosschecked_datum_undeclared
2934,physical,-97.751639,30.186709,source_crosschecked_datum_undeclared
2935,physical,-97.745832,30.169612,source_crosschecked_datum_undeclared
2936,physical,-97.752905,30.170586,source_crosschecked_datum_undeclared
2937,physical,-97.750023,30.180834,source_crosschecked_datum_undeclared
2938,physical,-97.75661,30.179624,source_crosschecked_datum_undeclared
2939,physical,-97.76206,30.180521,source_crosschecked_datum_undeclared
2940,physical,-97.769031,30.157315,source_crosschecked_datum_undeclared
2941,physical,-97.769101,30.165894,source_crosschecked_datum_undeclared
2942,physical,-97.769391,30.160402,source_crosschecked_datum_undeclared
2943,physical,-97.768355,30.170108,source_crosschecked_datum_undeclared
2944,physical,-97.776586,30.197649,source_crosschecked_datum_undeclared
2945,physical,-97.767462,30.188966,source_crosschecked_datum_undeclared
2946,physical,-97.76254,30.187447,source_crosschecked_datum_undeclared
2947,physical,-97.768854,30.192625,source_crosschecked_datum_undeclared
2948,physical,-97.764091,30.198488,source_crosschecked_datum_undeclared
2949,physical,-97.771316,30.190751,source_crosschecked_datum_undeclared
2950,physical,-97.764733,30.198881,source_crosschecked_datum_undeclared
2951,physical,-97.762753,30.197713,source_crosschecked_datum_undeclared
2952,physical,-97.769871,30.192532,source_crosschecked_datum_undeclared
2953,physical,-97.763796,30.200095,source_crosschecked_datum_undeclared
2954,physical,-97.762512,30.200477,source_crosschecked_datum_undeclared
2955,physical,-97.764599,30.195427,source_crosschecked_datum_undeclared
2956,physical,-97.759112,30.203414,source_crosschecked_datum_undeclared
2957,physical,-97.768212,30.192255,source_crosschecked_datum_undeclared
2958,physical,-97.75189,30.193442,source_crosschecked_datum_undeclared
2959,physical,-97.757931,30.194952,source_crosschecked_datum_undeclared
2960,physical,-97.753974,30.200557,source_crosschecked_datum_undeclared
2961,physical,-97.760827,30.182765,source_crosschecked_datum_undeclared
2962,physical,-97.764201,30.181699,source_crosschecked_datum_undeclared
2963,physical,-97.773447,30.187735,source_crosschecked_datum_undeclared
2964,physical,-97.771021,30.18712,source_crosschecked_datum_undeclared
2965,physical,-97.772118,30.186796,source_crosschecked_datum_undeclared
2966,physical,-97.772304,30.185189,source_crosschecked_datum_undeclared
2967,physical,-97.77062,30.190404,source_crosschecked_datum_undeclared
2968,physical,-97.774397,30.191645,source_crosschecked_datum_undeclared
2969,physical,-97.769175,30.18971,source_crosschecked_datum_undeclared
2970,physical,-97.767944,30.191283,source_crosschecked_datum_undeclared
2971,physical,-97.766271,30.193356,source_crosschecked_datum_undeclared
2972,physical,-97.76472,30.192585,source_crosschecked_datum_undeclared
2973,physical,-97.769338,30.201081,source_crosschecked_datum_undeclared
2974,physical,-97.765663,30.203904,source_crosschecked_datum_undeclared
2975,physical,-97.754146,30.193329,source_crosschecked_datum_undeclared
2976,physical,-97.748455,30.191947,source_crosschecked_datum_undeclared
2977,physical,-97.758745,30.186275,source_crosschecked_datum_undeclared
2978,physical,-97.758283,30.205669,source_crosschecked_datum_undeclared
2979,physical,-97.756918,30.204917,source_crosschecked_datum_undeclared
2980,physical,-97.758898,30.202489,source_crosschecked_datum_undeclared
2981,physical,-97.75301,30.210792,source_crosschecked_datum_undeclared
2982,physical,-97.753715,30.203236,source_crosschecked_datum_undeclared
2983,physical,-97.74138,30.165435,source_crosschecked_datum_undeclared
2984,physical,-97.735733,30.162431,source_crosschecked_datum_undeclared
2985,physical,-97.736012,30.159963,source_crosschecked_datum_undeclared
2986,physical,-97.725755,30.162941,source_crosschecked_datum_undeclared
2987,physical,-97.736779,30.166247,source_crosschecked_datum_undeclared
2988,physical,-97.738198,30.168772,source_crosschecked_datum_undeclared
2989,physical,-97.737524,30.194831,source_crosschecked_datum_undeclared
2990,physical,-97.73521,30.198516,source_crosschecked_datum_undeclared
2991,physical,-97.744425,30.183938,source_crosschecked_datum_undeclared
2992,physical,-97.738624,30.193114,source_crosschecked_datum_undeclared
2993,physical,-97.740932,30.189512,source_crosschecked_datum_undeclared
2994,physical,-97.74233,30.187287,source_crosschecked_datum_undeclared
2995,physical,-97.745234,30.188594,source_crosschecked_datum_undeclared
2996,physical,-97.744456,30.184367,source_crosschecked_datum_undeclared
2997,physical,-97.744502,30.190794,source_crosschecked_datum_undeclared
2998,physical,-97.742026,30.201952,source_crosschecked_datum_undeclared
2999,physical,-97.768935,30.246417,source_crosschecked_datum_undeclared
3000,physical,-97.764886,30.244162,source_crosschecked_datum_undeclared
3001,physical,-97.749437,30.215595,source_crosschecked_datum_undeclared
3002,physical,-97.743861,30.216208,source_crosschecked_datum_undeclared
3003,physical,-97.748085,30.222241,source_crosschecked_datum_undeclared
3004,physical,-97.745301,30.226878,source_crosschecked_datum_undeclared
3005,physical,-97.748112,30.223675,source_crosschecked_datum_undeclared
3006,physical,-97.746211,30.222218,source_crosschecked_datum_undeclared
3007,physical,-97.757351,30.244504,source_crosschecked_datum_undeclared
3008,physical,-97.756137,30.246369,source_crosschecked_datum_undeclared
3009,physical,-97.744644,30.229559,source_crosschecked_datum_undeclared
3010,physical,-97.74855,30.236584,source_crosschecked_datum_undeclared
3011,physical,-97.741993,30.233874,source_crosschecked_datum_undeclared
3012,physical,-97.753343,30.245581,source_crosschecked_datum_undeclared
3013,physical,-97.75133,30.244013,source_crosschecked_datum_undeclared
3014,physical,-97.750998,30.244906,source_crosschecked_datum_undeclared
3015,physical,-97.741698,30.234455,source_crosschecked_datum_undeclared
3016,physical,-97.757454,30.244336,source_crosschecked_datum_undeclared
3017,physical,-97.763581,30.243417,source_crosschecked_datum_undeclared
3018,physical,-97.748325,30.252084,source_crosschecked_datum_undeclared
3019,physical,-97.746562,30.256886,source_crosschecked_datum_undeclared
3020,physical,-97.748045,30.25834,source_crosschecked_datum_undeclared
3021,physical,-97.745798,30.258882,source_crosschecked_datum_undeclared
3022,physical,-97.745264,30.260412,source_crosschecked_datum_undeclared
3023,physical,-97.747413,30.268103,source_crosschecked_datum_undeclared
3024,physical,-97.746287,30.267783,source_crosschecked_datum_undeclared
3025,physical,-97.747072,30.275468,source_crosschecked_datum_undeclared
3026,physical,-97.745968,30.275151,source_crosschecked_datum_undeclared
3027,physical,-97.747937,30.219391,source_crosschecked_datum_undeclared
3028,physical,-97.747121,30.220853,source_crosschecked_datum_undeclared
3029,physical,-97.745702,30.227688,source_crosschecked_datum_undeclared
3030,physical,-97.744819,30.226161,source_crosschecked_datum_undeclared
3031,physical,-97.747469,30.221709,source_crosschecked_datum_undeclared
3032,physical,-97.745263,30.238012,source_crosschecked_datum_undeclared
3033,physical,-97.747327,30.239417,source_crosschecked_datum_undeclared
3034,physical,-97.745091,30.244258,source_crosschecked_datum_undeclared
3035,physical,-97.750651,30.245881,source_crosschecked_datum_undeclared
3036,physical,-97.736312,30.242209,source_crosschecked_datum_undeclared
3037,physical,-97.735297,30.246302,source_crosschecked_datum_undeclared
3038,physical,-97.730201,30.244603,source_crosschecked_datum_undeclared
3039,physical,-97.733949,30.247625,source_crosschecked_datum_undeclared
3040,physical,-97.739073,30.241989,source_crosschecked_datum_undeclared
3041,physical,-97.736482,30.243388,source_crosschecked_datum_undeclared
3042,physical,-97.735998,30.245383,source_crosschecked_datum_undeclared
3043,physical,-97.735046,30.249646,source_crosschecked_datum_undeclared
3044,physical,-97.734619,30.243739,source_crosschecked_datum_undeclared
3045,physical,-97.733628,30.244364,source_crosschecked_datum_undeclared
3046,physical,-97.746417,30.26374,source_crosschecked_datum_undeclared
3047,physical,-97.747649,30.264089,source_crosschecked_datum_undeclared
3048,physical,-97.746952,30.265967,source_crosschecked_datum_undeclared
3049,physical,-97.745592,30.269688,source_crosschecked_datum_undeclared
3050,physical,-97.746957,30.270073,source_crosschecked_datum_undeclared
3051,physical,-97.744895,30.271522,source_crosschecked_datum_undeclared
3052,physical,-97.748213,30.272419,source_crosschecked_datum_undeclared
3053,physical,-97.745963,30.26867,source_crosschecked_datum_undeclared
3054,physical,-97.749236,30.269643,source_crosschecked_datum_undeclared
3055,physical,-97.749857,30.247997,source_crosschecked_datum_undeclared
3056,physical,-97.741499,30.244676,source_crosschecked_datum_undeclared
3057,physical,-97.750867,30.231102,source_crosschecked_datum_undeclared
3058,physical,-97.761886,30.24814,source_crosschecked_datum_undeclared
3059,physical,-97.764056,30.243776,source_crosschecked_datum_undeclared
3060,physical,-97.750702,30.214749,source_crosschecked_datum_undeclared
3061,physical,-97.746356,30.215717,source_crosschecked_datum_undeclared
3062,physical,-97.746448,30.216605,source_crosschecked_datum_undeclared
3063,physical,-97.750057,30.215896,source_crosschecked_datum_undeclared
3064,physical,-97.738253,30.215955,source_crosschecked_datum_undeclared
3065,physical,-97.749692,30.215163,source_crosschecked_datum_undeclared
3066,physical,-97.738473,30.21567,source_crosschecked_datum_undeclared
3067,physical,-97.769235,30.226916,source_crosschecked_datum_undeclared
3068,physical,-97.767801,30.229124,source_crosschecked_datum_undeclared
3069,physical,-97.763968,30.222301,source_crosschecked_datum_undeclared
3070,physical,-97.758024,30.219675,source_crosschecked_datum_undeclared
3071,physical,-97.766818,30.224811,source_crosschecked_datum_undeclared
3072,physical,-97.762072,30.226014,source_crosschecked_datum_undeclared
3073,physical,-97.759921,30.229425,source_crosschecked_datum_undeclared
3074,physical,-97.772839,30.228159,source_crosschecked_datum_undeclared
3075,physical,-97.763595,30.231228,source_crosschecked_datum_undeclared
3076,physical,-97.762197,30.237344,source_crosschecked_datum_undeclared
3077,physical,-97.767869,30.215975,source_crosschecked_datum_undeclared
3078,physical,-97.763346,30.223341,source_crosschecked_datum_undeclared
3079,physical,-97.758067,30.220488,source_crosschecked_datum_undeclared
3080,physical,-97.754222,30.217623,source_crosschecked_datum_undeclared
3081,physical,-97.765626,30.224466,source_crosschecked_datum_undeclared
3082,physical,-97.761335,30.227055,source_crosschecked_datum_undeclared
3083,physical,-97.755667,30.227403,source_crosschecked_datum_undeclared
3084,physical,-97.762743,30.236474,source_crosschecked_datum_undeclared
3085,physical,-97.76542,30.232191,source_crosschecked_datum_undeclared
3086,physical,-97.759332,30.241908,source_crosschecked_datum_undeclared
3087,physical,-97.754404,30.226803,source_crosschecked_datum_undeclared
3088,physical,-97.761195,30.220734,source_crosschecked_datum_undeclared
3089,physical,-97.773819,30.227326,source_crosschecked_datum_undeclared
3090,physical,-97.772887,30.220474,source_crosschecked_datum_undeclared
3091,physical,-97.77301,30.227575,source_crosschecked_datum_undeclared
3092,physical,-97.769166,30.226355,source_crosschecked_datum_undeclared
3093,physical,-97.771768,30.227121,source_crosschecked_datum_undeclared
3094,physical,-97.769714,30.226116,source_crosschecked_datum_undeclared
3095,physical,-97.768011,30.225108,source_crosschecked_datum_undeclared
3096,physical,-97.767387,30.225608,source_crosschecked_datum_undeclared
3097,physical,-97.76601,30.223715,source_crosschecked_datum_undeclared
3098,physical,-97.76475,30.224153,source_crosschecked_datum_undeclared
3099,physical,-97.766549,30.225515,source_crosschecked_datum_undeclared
3100,physical,-97.76808,30.226387,source_crosschecked_datum_undeclared
3101,physical,-97.76703,30.230372,source_crosschecked_datum_undeclared
3102,physical,-97.753438,30.216303,source_crosschecked_datum_undeclared
3103,physical,-97.752553,30.216093,source_crosschecked_datum_undeclared
3104,physical,-97.75082,30.217618,source_crosschecked_datum_undeclared
3105,physical,-97.749075,30.222102,source_crosschecked_datum_undeclared
3106,physical,-97.751083,30.218656,source_crosschecked_datum_undeclared
3107,physical,-97.749986,30.217349,source_crosschecked_datum_undeclared
3108,physical,-97.753942,30.216268,source_crosschecked_datum_undeclared
3109,physical,-97.75433,30.218203,source_crosschecked_datum_undeclared
3110,physical,-97.752679,30.215828,source_crosschecked_datum_undeclared
3111,physical,-97.750381,30.215324,source_crosschecked_datum_undeclared
3112,physical,-97.748987,30.217507,source_crosschecked_datum_undeclared
3113,physical,-97.752872,30.215515,source_crosschecked_datum_undeclared
3114,physical,-97.752281,30.216563,source_crosschecked_datum_undeclared
3115,physical,-97.757043,30.234048,source_crosschecked_datum_undeclared
3116,physical,-97.749671,30.23655,source_crosschecked_datum_undeclared
3117,physical,-97.753282,30.238542,source_crosschecked_datum_undeclared
3118,physical,-97.756728,30.24062,source_crosschecked_datum_undeclared
3119,physical,-97.755709,30.235642,source_crosschecked_datum_undeclared
3120,physical,-97.747665,30.239617,source_crosschecked_datum_undeclared
3121,physical,-97.752609,30.239536,source_crosschecked_datum_undeclared
3122,physical,-97.752119,30.241627,source_crosschecked_datum_undeclared
3123,physical,-97.764502,30.264656,source_crosschecked_datum_undeclared
3124,physical,-97.761283,30.255943,source_crosschecked_datum_undeclared
3125,physical,-97.761214,30.261799,source_crosschecked_datum_undeclared
3126,physical,-97.763498,30.271128,source_crosschecked_datum_undeclared
3127,physical,-97.755922,30.266302,source_crosschecked_datum_undeclared
3128,physical,-97.761144,30.272814,source_crosschecked_datum_undeclared
3129,physical,-97.76842,30.248643,source_crosschecked_datum_undeclared
3130,physical,-97.764882,30.251061,source_crosschecked_datum_undeclared
3131,physical,-97.752404,30.262459,source_crosschecked_datum_undeclared
3132,physical,-97.748355,30.260728,source_crosschecked_datum_undeclared
3133,physical,-97.758134,30.260731,source_crosschecked_datum_undeclared
3134,physical,-97.756722,30.264263,source_crosschecked_datum_undeclared
3135,physical,-97.748904,30.259477,source_crosschecked_datum_undeclared
3136,physical,-97.7625,30.27479,source_crosschecked_datum_undeclared
3137,physical,-97.753305,30.2594,source_crosschecked_datum_undeclared
3138,physical,-97.769715,30.248227,source_crosschecked_datum_undeclared
3139,physical,-97.767484,30.252865,source_crosschecked_datum_undeclared
3140,physical,-97.771131,30.255461,source_crosschecked_datum_undeclared
3141,physical,-97.773734,30.251596,source_crosschecked_datum_undeclared
3142,physical,-97.772982,30.272246,source_crosschecked_datum_undeclared
3143,physical,-97.775092,30.269114,source_crosschecked_datum_undeclared
3144,physical,-97.771376,30.274527,source_crosschecked_datum_undeclared
3145,physical,-97.772771,30.272073,source_crosschecked_datum_undeclared
3146,physical,-97.776954,30.268661,source_crosschecked_datum_undeclared
3147,physical,-97.770573,30.266998,source_crosschecked_datum_undeclared
3148,physical,-97.768986,30.275147,source_crosschecked_datum_undeclared
3149,physical,-97.766178,30.274037,source_crosschecked_datum_undeclared
3150,physical,-97.76766,30.275657,source_crosschecked_datum_undeclared
3151,physical,-97.767721,30.276461,source_crosschecked_datum_undeclared
3152,physical,-97.765701,30.27369,source_crosschecked_datum_undeclared
3153,physical,-97.771121,30.275266,source_crosschecked_datum_undeclared
3154,physical,-97.759366,30.247433,source_crosschecked_datum_undeclared
3155,physical,-97.751991,30.254656,source_crosschecked_datum_undeclared
3156,physical,-97.749749,30.258218,source_crosschecked_datum_undeclared
3157,physical,-97.755246,30.267988,source_crosschecked_datum_undeclared
3158,physical,-97.75433,30.270135,source_crosschecked_datum_undeclared
3159,physical,-97.760478,30.272527,source_crosschecked_datum_undeclared
3160,physical,-97.752701,30.273364,source_crosschecked_datum_undeclared
3161,physical,-97.751945,30.26532,source_crosschecked_datum_undeclared
3162,physical,-97.752925,30.269553,source_crosschecked_datum_undeclared
3163,physical,-97.750614,30.269,source_crosschecked_datum_undeclared
3164,physical,-97.749576,30.26872,source_crosschecked_datum_undeclared
3165,physical,-97.753752,30.271281,source_crosschecked_datum_undeclared
3166,physical,-97.748341,30.265618,source_crosschecked_datum_undeclared
3167,physical,-97.748791,30.264429,source_crosschecked_datum_undeclared
3168,physical,-97.748816,30.267428,source_crosschecked_datum_undeclared
3169,physical,-97.749757,30.267777,source_crosschecked_datum_undeclared
3170,physical,-97.747864,30.275697,source_crosschecked_datum_undeclared
3171,physical,-97.747888,30.273271,source_crosschecked_datum_undeclared
3172,physical,-97.749152,30.269871,source_crosschecked_datum_undeclared
3173,physical,-97.748878,30.270614,source_crosschecked_datum_undeclared
3174,physical,-97.742712,30.228297,source_crosschecked_datum_undeclared
3175,physical,-97.741504,30.230359,source_crosschecked_datum_undeclared
3176,physical,-97.7367,30.232103,source_crosschecked_datum_undeclared
3177,physical,-97.734904,30.215239,source_crosschecked_datum_undeclared
3178,physical,-97.7327,30.230568,source_crosschecked_datum_undeclared
3179,physical,-97.742566,30.231548,source_crosschecked_datum_undeclared
3180,physical,-97.741794,30.231308,source_crosschecked_datum_undeclared
3181,physical,-97.735892,30.231527,source_crosschecked_datum_undeclared
3182,physical,-97.734428,30.222423,source_crosschecked_datum_undeclared
3183,physical,-97.730613,30.229603,source_crosschecked_datum_undeclared
3184,physical,-97.727271,30.227057,source_crosschecked_datum_undeclared
3185,physical,-97.732728,30.237979,source_crosschecked_datum_undeclared
3186,physical,-97.722868,30.233703,source_crosschecked_datum_undeclared
3187,physical,-97.729018,30.242973,source_crosschecked_datum_undeclared
3188,physical,-97.731566,30.239866,source_crosschecked_datum_undeclared
3189,physical,-97.723983,30.225227,source_crosschecked_datum_undeclared
3190,physical,-97.720065,30.232282,source_crosschecked_datum_undeclared
3191,physical,-97.728267,30.235904,source_crosschecked_datum_undeclared
3192,physical,-97.730967,30.237491,source_crosschecked_datum_undeclared
3193,physical,-97.727952,30.241534,source_crosschecked_datum_undeclared
3194,physical,-97.725383,30.237507,source_crosschecked_datum_undeclared
3195,physical,-97.733625,30.230786,source_crosschecked_datum_undeclared
3196,physical,-97.741515,30.22426,source_crosschecked_datum_undeclared
3197,physical,-97.729893,30.215068,source_crosschecked_datum_undeclared
3198,physical,-97.733633,30.215543,source_crosschecked_datum_undeclared
3199,physical,-97.734,30.214656,source_crosschecked_datum_undeclared
3200,physical,-97.730187,30.214118,source_crosschecked_datum_undeclared
3201,physical,-97.733413,30.215227,source_crosschecked_datum_undeclared
3202,physical,-97.743776,30.219415,source_crosschecked_datum_undeclared
3203,physical,-97.739626,30.215486,source_crosschecked_datum_undeclared
3204,physical,-97.735151,30.214796,source_crosschecked_datum_undeclared
3205,physical,-97.735121,30.21579,source_crosschecked_datum_undeclared
3206,physical,-97.739133,30.216303,source_crosschecked_datum_undeclared
3207,physical,-97.743772,30.216699,source_crosschecked_datum_undeclared
3208,physical,-97.74392,30.215777,source_crosschecked_datum_undeclared
3209,physical,-97.743882,30.2263,source_crosschecked_datum_undeclared
3210,physical,-97.734644,30.215704,source_crosschecked_datum_undeclared
3211,physical,-97.740886,30.234424,source_crosschecked_datum_undeclared
3212,physical,-97.738734,30.237959,source_crosschecked_datum_undeclared
3213,physical,-97.739706,30.233297,source_crosschecked_datum_undeclared
3214,physical,-97.737741,30.232527,source_crosschecked_datum_undeclared
3215,physical,-97.739947,30.237483,source_crosschecked_datum_undeclared
3216,physical,-97.741125,30.235517,source_crosschecked_datum_undeclared
3217,physical,-97.737457,30.23864,source_crosschecked_datum_undeclared
3218,physical,-97.740107,30.234153,source_crosschecked_datum_undeclared
3219,physical,-97.737082,30.237784,source_crosschecked_datum_undeclared
3220,physical,-97.73909,30.234338,source_crosschecked_datum_undeclared
3221,physical,-97.737859,30.241126,source_crosschecked_datum_undeclared
3222,physical,-97.744974,30.237736,source_crosschecked_datum_undeclared
3223,physical,-97.743695,30.231238,source_crosschecked_datum_undeclared
3224,physical,-97.741312,30.23369,source_crosschecked_datum_undeclared
3225,physical,-97.742821,30.243819,source_crosschecked_datum_undeclared
3226,physical,-97.742037,30.243436,source_crosschecked_datum_undeclared
3227,physical,-97.735931,30.239761,source_crosschecked_datum_undeclared
3228,physical,-97.723539,30.224843,source_crosschecked_datum_undeclared
3229,physical,-97.72218,30.223308,source_crosschecked_datum_undeclared
3230,physical,-97.720171,30.219776,source_crosschecked_datum_undeclared
3231,physical,-97.719567,30.213466,source_crosschecked_datum_undeclared
3232,physical,-97.724986,30.214341,source_crosschecked_datum_undeclared
3233,physical,-97.724969,30.213179,source_crosschecked_datum_undeclared
3234,physical,-97.725762,30.238597,source_crosschecked_datum_undeclared
3235,physical,-97.72341,30.244446,source_crosschecked_datum_undeclared
3236,physical,-97.716893,30.23738,source_crosschecked_datum_undeclared
3237,physical,-97.726318,30.24099,source_crosschecked_datum_undeclared
3238,physical,-97.726834,30.240026,source_crosschecked_datum_undeclared
3239,physical,-97.72411,30.244489,source_crosschecked_datum_undeclared
3240,physical,-97.74181,30.262435,source_crosschecked_datum_undeclared
3241,physical,-97.736984,30.259309,source_crosschecked_datum_undeclared
3242,physical,-97.735939,30.262292,source_crosschecked_datum_undeclared
3243,physical,-97.737225,30.261136,source_crosschecked_datum_undeclared
3244,physical,-97.738556,30.261503,source_crosschecked_datum_undeclared
3245,physical,-97.744226,30.263117,source_crosschecked_datum_undeclared
3246,physical,-97.73693,30.261922,source_crosschecked_datum_undeclared
3247,physical,-97.734949,30.262686,source_crosschecked_datum_undeclared
3248,physical,-97.736368,30.258013,source_crosschecked_datum_undeclared
3249,physical,-97.734654,30.261274,source_crosschecked_datum_undeclared
3250,physical,-97.734895,30.260557,source_crosschecked_datum_undeclared
3251,physical,-97.73278,30.266039,source_crosschecked_datum_undeclared
3252,physical,-97.730157,30.265185,source_crosschecked_datum_undeclared
3253,physical,-97.730026,30.254688,source_crosschecked_datum_undeclared
3254,physical,-97.731286,30.255132,source_crosschecked_datum_undeclared
3255,physical,-97.730377,30.260012,source_crosschecked_datum_undeclared
3256,physical,-97.732048,30.260602,source_crosschecked_datum_undeclared
3257,physical,-97.723115,30.259558,source_crosschecked_datum_undeclared
3258,physical,-97.733534,30.264178,source_crosschecked_datum_undeclared
3259,physical,-97.731956,30.268289,source_crosschecked_datum_undeclared
3260,physical,-97.726867,30.268219,source_crosschecked_datum_undeclared
3261,physical,-97.73132,30.269839,source_crosschecked_datum_undeclared
3262,physical,-97.730293,30.272687,source_crosschecked_datum_undeclared
3263,physical,-97.73057,30.271992,source_crosschecked_datum_undeclared
3264,physical,-97.731404,30.272001,source_crosschecked_datum_undeclared
3265,physical,-97.729822,30.273985,source_crosschecked_datum_undeclared
3266,physical,-97.732152,30.274632,source_crosschecked_datum_undeclared
3267,physical,-97.725722,30.272534,source_crosschecked_datum_undeclared
3268,physical,-97.730707,30.271738,source_crosschecked_datum_undeclared
3269,physical,-97.721809,30.262296,source_crosschecked_datum_undeclared
3270,physical,-97.722589,30.260661,source_crosschecked_datum_undeclared
3271,physical,-97.725985,30.263777,source_crosschecked_datum_undeclared
3272,physical,-97.727914,30.259151,source_crosschecked_datum_undeclared
3273,physical,-97.732432,30.259687,source_crosschecked_datum_undeclared
3274,physical,-97.728899,30.258439,source_crosschecked_datum_undeclared
3275,physical,-97.741958,30.265715,source_crosschecked_datum_undeclared
3276,physical,-97.730909,30.263406,source_crosschecked_datum_undeclared
3277,physical,-97.734547,30.261483,source_crosschecked_datum_undeclared
3278,physical,-97.743494,30.253329,source_crosschecked_datum_undeclared
3279,physical,-97.738028,30.257424,source_crosschecked_datum_undeclared
3280,physical,-97.737261,30.24904,source_crosschecked_datum_undeclared
3281,physical,-97.737412,30.253677,source_crosschecked_datum_undeclared
3282,physical,-97.736441,30.248151,source_crosschecked_datum_undeclared
3283,physical,-97.736877,30.255319,source_crosschecked_datum_undeclared
3284,physical,-97.73648,30.253005,source_crosschecked_datum_undeclared
3285,physical,-97.735806,30.253538,source_crosschecked_datum_undeclared
3286,physical,-97.734868,30.252937,source_crosschecked_datum_undeclared
3287,physical,-97.735497,30.256563,source_crosschecked_datum_undeclared
3288,physical,-97.744043,30.254135,source_crosschecked_datum_undeclared
3289,physical,-97.734429,30.250375,source_crosschecked_datum_undeclared
3290,physical,-97.735529,30.24774,source_crosschecked_datum_undeclared
3291,physical,-97.737626,30.254487,source_crosschecked_datum_undeclared
3292,physical,-97.737171,30.257782,source_crosschecked_datum_undeclared
3293,physical,-97.735457,30.258846,source_crosschecked_datum_undeclared
3294,physical,-97.734078,30.256081,source_crosschecked_datum_undeclared
3295,physical,-97.737573,30.260211,source_crosschecked_datum_undeclared
3296,physical,-97.734552,30.254915,source_crosschecked_datum_undeclared
3297,physical,-97.74345,30.269081,source_crosschecked_datum_undeclared
3298,physical,-97.737973,30.263283,source_crosschecked_datum_undeclared
3299,physical,-97.738673,30.265681,source_crosschecked_datum_undeclared
3300,physical,-97.742113,30.268686,source_crosschecked_datum_undeclared
3301,physical,-97.741431,30.270576,source_crosschecked_datum_undeclared
3302,physical,-97.740418,30.266163,source_crosschecked_datum_undeclared
3303,physical,-97.738686,30.270825,source_crosschecked_datum_undeclared
3304,physical,-97.740772,30.268341,source_crosschecked_datum_undeclared
3305,physical,-97.739018,30.269922,source_crosschecked_datum_undeclared
3306,physical,-97.739711,30.268034,source_crosschecked_datum_undeclared
3307,physical,-97.739349,30.272069,source_crosschecked_datum_undeclared
3308,physical,-97.738346,30.271784,source_crosschecked_datum_undeclared
3309,physical,-97.73713,30.275019,source_crosschecked_datum_undeclared
3310,physical,-97.740066,30.261952,source_crosschecked_datum_undeclared
3311,physical,-97.740092,30.267027,source_crosschecked_datum_undeclared
3312,physical,-97.738174,30.267616,source_crosschecked_datum_undeclared
3313,physical,-97.735775,30.26906,source_crosschecked_datum_undeclared
3314,physical,-97.73793,30.269638,source_crosschecked_datum_undeclared
3315,physical,-97.735483,30.269824,source_crosschecked_datum_undeclared
3316,physical,-97.733666,30.270582,source_crosschecked_datum_undeclared
3317,physical,-97.734221,30.269031,source_crosschecked_datum_undeclared
3318,physical,-97.732144,30.272194,source_crosschecked_datum_undeclared
3319,physical,-97.733254,30.269277,source_crosschecked_datum_undeclared
3320,physical,-97.732426,30.269176,source_crosschecked_datum_undeclared
3321,physical,-97.740084,30.270216,source_crosschecked_datum_undeclared
3322,physical,-97.742775,30.27095,source_crosschecked_datum_undeclared
3323,physical,-97.736837,30.266163,source_crosschecked_datum_undeclared
3324,physical,-97.743505,30.265003,source_crosschecked_datum_undeclared
3325,physical,-97.744177,30.267205,source_crosschecked_datum_undeclared
3326,physical,-97.742828,30.266818,source_crosschecked_datum_undeclared
3327,physical,-97.74247,30.267767,source_crosschecked_datum_undeclared
3328,physical,-97.742929,30.26276,source_crosschecked_datum_undeclared
3329,physical,-97.74156,30.26646,source_crosschecked_datum_undeclared
3330,physical,-97.743145,30.265988,source_crosschecked_datum_undeclared
3331,physical,-97.741224,30.264046,source_crosschecked_datum_undeclared
3332,physical,-97.743829,30.268102,source_crosschecked_datum_undeclared
3333,physical,-97.745553,30.263496,source_crosschecked_datum_undeclared
3334,physical,-97.744489,30.266364,source_crosschecked_datum_undeclared
3335,physical,-97.745092,30.267456,source_crosschecked_datum_undeclared
3336,physical,-97.741155,30.267373,source_crosschecked_datum_undeclared
3337,physical,-97.742107,30.272779,source_crosschecked_datum_undeclared
3338,physical,-97.743757,30.274555,source_crosschecked_datum_undeclared
3339,physical,-97.74421,30.27337,source_crosschecked_datum_undeclared
3340,physical,-97.743234,30.273096,source_crosschecked_datum_undeclared
3341,physical,-97.744542,30.272475,source_crosschecked_datum_undeclared
3342,physical,-97.740737,30.272424,source_crosschecked_datum_undeclared
3343,physical,-97.741096,30.271477,source_crosschecked_datum_undeclared
3344,physical,-97.737169,30.265257,source_crosschecked_datum_undeclared
3345,physical,-97.73691,30.265964,source_crosschecked_datum_undeclared
3346,physical,-97.735644,30.2632,source_crosschecked_datum_undeclared
3347,physical,-97.734737,30.263141,source_crosschecked_datum_undeclared
3348,physical,-97.733695,30.263787,source_crosschecked_datum_undeclared
3349,physical,-97.736052,30.264355,source_crosschecked_datum_undeclared
3350,physical,-97.735859,30.264848,source_crosschecked_datum_undeclared
3351,physical,-97.73509,30.266748,source_crosschecked_datum_undeclared
3352,physical,-97.734359,30.268684,source_crosschecked_datum_undeclared
3353,physical,-97.736477,30.267143,source_crosschecked_datum_undeclared
3354,physical,-97.73789,30.272936,source_crosschecked_datum_undeclared
3355,physical,-97.735044,30.271024,source_crosschecked_datum_undeclared
3356,physical,-97.734673,30.272046,source_crosschecked_datum_undeclared
3357,physical,-97.734578,30.273141,source_crosschecked_datum_undeclared
3358,physical,-97.733194,30.271702,source_crosschecked_datum_undeclared
3359,physical,-97.732781,30.272827,source_crosschecked_datum_undeclared
3360,physical,-97.734383,30.275323,source_crosschecked_datum_undeclared
3361,physical,-97.732531,30.273521,source_crosschecked_datum_undeclared
3362,physical,-97.736834,30.272631,source_crosschecked_datum_undeclared
3363,physical,-97.737172,30.271514,source_crosschecked_datum_undeclared
3364,physical,-97.736033,30.271252,source_crosschecked_datum_undeclared
3365,physical,-97.724363,30.256858,source_crosschecked_datum_undeclared
3366,physical,-97.720672,30.255577,source_crosschecked_datum_undeclared
3367,physical,-97.726013,30.25325,source_crosschecked_datum_undeclared
3368,physical,-97.720152,30.256435,source_crosschecked_datum_undeclared
3369,physical,-97.723926,30.257768,source_crosschecked_datum_undeclared
3370,physical,-97.718769,30.259281,source_crosschecked_datum_undeclared
3371,physical,-97.722087,30.251795,source_crosschecked_datum_undeclared
3372,physical,-97.725077,30.255296,source_crosschecked_datum_undeclared
3373,physical,-97.721037,30.263936,source_crosschecked_datum_undeclared
3374,physical,-97.721462,30.269041,source_crosschecked_datum_undeclared
3375,physical,-97.72301,30.266879,source_crosschecked_datum_undeclared
3376,physical,-97.720123,30.265864,source_crosschecked_datum_undeclared
3377,physical,-97.719184,30.271889,source_crosschecked_datum_undeclared
3378,physical,-97.72015,30.276541,source_crosschecked_datum_undeclared
3379,physical,-97.71867,30.269488,source_crosschecked_datum_undeclared
3380,physical,-97.717612,30.269656,source_crosschecked_datum_undeclared
3381,physical,-97.719366,30.267497,source_crosschecked_datum_undeclared
3382,physical,-97.719529,30.273537,source_crosschecked_datum_undeclared
3383,physical,-97.723513,30.272903,source_crosschecked_datum_undeclared
3384,physical,-97.72337,30.271738,source_crosschecked_datum_undeclared
3385,physical,-97.727658,30.264371,source_crosschecked_datum_undeclared
3386,physical,-97.728091,30.264512,source_crosschecked_datum_undeclared
3387,physical,-97.720718,30.264609,source_crosschecked_datum_undeclared
3388,physical,-97.717525,30.273843,source_crosschecked_datum_undeclared
3389,physical,-97.715149,30.272056,source_crosschecked_datum_undeclared
3390,physical,-97.692796,30.163989,source_crosschecked_datum_undeclared
3391,physical,-97.687376,30.182739,source_crosschecked_datum_undeclared
3392,physical,-97.673885,30.174147,source_crosschecked_datum_undeclared
3393,physical,-97.694989,30.157232,source_crosschecked_datum_undeclared
3394,physical,-97.704164,30.196714,source_crosschecked_datum_undeclared
3395,physical,-97.698218,30.191629,source_crosschecked_datum_undeclared
3396,physical,-97.683804,30.197945,source_crosschecked_datum_undeclared
3397,physical,-97.665818,30.157627,source_crosschecked_datum_undeclared
3398,physical,-97.660261,30.166184,source_crosschecked_datum_undeclared
3399,physical,-97.662192,30.206832,source_crosschecked_datum_undeclared
3400,physical,-97.684974,30.221104,source_crosschecked_datum_undeclared
3401,physical,-97.690449,30.247504,source_crosschecked_datum_undeclared
3402,physical,-97.689139,30.241302,source_crosschecked_datum_undeclared
3403,physical,-97.67251,30.246108,source_crosschecked_datum_undeclared
3404,physical,-97.685311,30.255812,source_crosschecked_datum_undeclared
3405,physical,-97.681349,30.254057,source_crosschecked_datum_undeclared
3406,physical,-97.662404,30.237691,source_crosschecked_datum_undeclared
3407,physical,-97.679194,30.261601,source_crosschecked_datum_undeclared
3408,physical,-97.677105,30.221473,source_crosschecked_datum_undeclared
3409,physical,-97.690379,30.245344,source_crosschecked_datum_undeclared
3410,physical,-97.68134,30.225911,source_crosschecked_datum_undeclared
3411,physical,-97.682592,30.228968,source_crosschecked_datum_undeclared
3412,physical,-97.682168,30.222792,source_crosschecked_datum_undeclared
3413,physical,-97.689965,30.241969,source_crosschecked_datum_undeclared
3414,physical,-97.687174,30.25011,source_crosschecked_datum_undeclared
3415,physical,-97.691644,30.247318,source_crosschecked_datum_undeclared
3416,physical,-97.691257,30.244776,source_crosschecked_datum_undeclared
3417,physical,-97.677602,30.222207,source_crosschecked_datum_undeclared
3418,physical,-97.681991,30.226529,source_crosschecked_datum_undeclared
3419,physical,-97.683125,30.227579,source_crosschecked_datum_undeclared
3420,physical,-97.691222,30.24682,source_crosschecked_datum_undeclared
3421,physical,-97.689641,30.240805,source_crosschecked_datum_undeclared
3422,physical,-97.685325,30.221281,source_crosschecked_datum_undeclared
3423,physical,-97.682292,30.221664,source_crosschecked_datum_undeclared
3424,physical,-97.678887,30.221626,source_crosschecked_datum_undeclared
3425,physical,-97.679434,30.22376,source_crosschecked_datum_undeclared
3426,physical,-97.69035,30.218036,source_crosschecked_datum_undeclared
3427,physical,-97.69961,30.223094,source_crosschecked_datum_undeclared
3428,physical,-97.697625,30.222262,source_crosschecked_datum_undeclared
3429,physical,-97.707712,30.226793,source_crosschecked_datum_undeclared
3430,physical,-97.703568,30.234225,source_crosschecked_datum_undeclared
3431,physical,-97.698222,30.232548,source_crosschecked_datum_undeclared
3432,physical,-97.694564,30.238179,source_crosschecked_datum_undeclared
3433,physical,-97.700876,30.223624,source_crosschecked_datum_undeclared
3434,physical,-97.698552,30.23204,source_crosschecked_datum_undeclared
3435,physical,-97.703324,30.22465,source_crosschecked_datum_undeclared
3436,physical,-97.683381,30.22243,source_crosschecked_datum_undeclared
3437,physical,-97.68355,30.231294,source_crosschecked_datum_undeclared
3438,physical,-97.689002,30.238965,source_crosschecked_datum_undeclared
3439,physical,-97.682472,30.22793,source_crosschecked_datum_undeclared
3440,physical,-97.691138,30.218542,source_crosschecked_datum_undeclared
3441,physical,-97.701764,30.214845,source_crosschecked_datum_undeclared
3442,physical,-97.689427,30.218938,source_crosschecked_datum_undeclared
3443,physical,-97.689629,30.219171,source_crosschecked_datum_undeclared
3444,physical,-97.689988,30.217802,source_crosschecked_datum_undeclared
3445,physical,-97.706785,30.219997,source_crosschecked_datum_undeclared
3446,physical,-97.705957,30.220717,source_crosschecked_datum_undeclared
3447,physical,-97.686137,30.220055,source_crosschecked_datum_undeclared
3448,physical,-97.683421,30.221328,source_crosschecked_datum_undeclared
3449,physical,-97.68356,30.217387,source_crosschecked_datum_undeclared
3450,physical,-97.686422,30.220988,source_crosschecked_datum_undeclared
3451,physical,-97.685415,30.23532,source_crosschecked_datum_undeclared
3452,physical,-97.68811,30.239442,source_crosschecked_datum_undeclared
3453,physical,-97.687721,30.237595,source_crosschecked_datum_undeclared
3454,physical,-97.686276,30.235846,source_crosschecked_datum_undeclared
3455,physical,-97.690722,30.242031,source_crosschecked_datum_undeclared
3456,physical,-97.708551,30.261441,source_crosschecked_datum_undeclared
3457,physical,-97.695774,30.250988,source_crosschecked_datum_undeclared
3458,physical,-97.697273,30.253098,source_crosschecked_datum_undeclared
3459,physical,-97.701876,30.265791,source_crosschecked_datum_undeclared
3460,physical,-97.701428,30.25587,source_crosschecked_datum_undeclared
3461,physical,-97.696283,30.263791,source_crosschecked_datum_undeclared
3462,physical,-97.696453,30.269278,source_crosschecked_datum_undeclared
3463,physical,-97.698853,30.273119,source_crosschecked_datum_undeclared
3464,physical,-97.697651,30.273317,source_crosschecked_datum_undeclared
3465,physical,-97.698563,30.275018,source_crosschecked_datum_undeclared
3466,physical,-97.699488,30.251261,source_crosschecked_datum_undeclared
3467,physical,-97.700567,30.257193,source_crosschecked_datum_undeclared
3468,physical,-97.697974,30.261179,source_crosschecked_datum_undeclared
3469,physical,-97.695233,30.265362,source_crosschecked_datum_undeclared
3470,physical,-97.693564,30.259765,source_crosschecked_datum_undeclared
3471,physical,-97.70779,30.263757,source_crosschecked_datum_undeclared
3472,physical,-97.698452,30.260441,source_crosschecked_datum_undeclared
3473,physical,-97.707531,30.251497,source_crosschecked_datum_undeclared
3474,physical,-97.705393,30.258229,source_crosschecked_datum_undeclared
3475,physical,-97.702862,30.253645,source_crosschecked_datum_undeclared
3476,physical,-97.704117,30.251714,source_crosschecked_datum_undeclared
3477,physical,-97.710994,30.267951,source_crosschecked_datum_undeclared
3478,physical,-97.709813,30.271154,source_crosschecked_datum_undeclared
3479,physical,-97.707248,30.267629,source_crosschecked_datum_undeclared
3480,physical,-97.705257,30.270986,source_crosschecked_datum_undeclared
3481,physical,-97.704477,30.272223,source_crosschecked_datum_undeclared
3482,physical,-97.707877,30.275371,source_crosschecked_datum_undeclared
3483,physical,-97.708726,30.265162,source_crosschecked_datum_undeclared
3484,physical,-97.699484,30.276066,source_crosschecked_datum_undeclared
3485,physical,-97.691111,30.25011,source_crosschecked_datum_undeclared
3486,physical,-97.692279,30.254167,source_crosschecked_datum_undeclared
3487,physical,-97.696181,30.252294,source_crosschecked_datum_undeclared
3488,physical,-97.688047,30.250186,source_crosschecked_datum_undeclared
3489,physical,-97.694191,30.250829,source_crosschecked_datum_undeclared
3490,physical,-97.692771,30.250804,source_crosschecked_datum_undeclared
3491,physical,-97.692427,30.25492,source_crosschecked_datum_undeclared
3492,physical,-97.692553,30.269486,source_crosschecked_datum_undeclared
3493,physical,-97.689952,30.273505,source_crosschecked_datum_undeclared
3494,physical,-97.686237,30.271835,source_crosschecked_datum_undeclared
3495,physical,-97.681979,30.26997,source_crosschecked_datum_undeclared
3496,physical,-97.683598,30.267587,source_crosschecked_datum_undeclared
3497,physical,-97.686897,30.267328,source_crosschecked_datum_undeclared
3498,physical,-97.694394,30.273587,source_crosschecked_datum_undeclared
3499,physical,-97.678014,30.223321,source_crosschecked_datum_undeclared
3500,physical,-97.670773,30.229647,source_crosschecked_datum_undeclared
3501,physical,-97.676145,30.221944,source_crosschecked_datum_undeclared
3502,physical,-97.673241,30.220479,source_crosschecked_datum_undeclared
3503,physical,-97.752212,30.342993,source_crosschecked_datum_undeclared
3504,physical,-97.74936,30.349341,source_crosschecked_datum_undeclared
3505,physical,-97.71492,30.292468,source_crosschecked_datum_undeclared
3506,physical,-97.713213,30.291598,source_crosschecked_datum_undeclared
3507,physical,-97.745824,30.341996,source_crosschecked_datum_undeclared
3508,physical,-97.745437,30.34484,source_crosschecked_datum_undeclared
3509,physical,-97.740729,30.346965,source_crosschecked_datum_undeclared
3510,physical,-97.738676,30.340153,source_crosschecked_datum_undeclared
3511,physical,-97.737239,30.345272,source_crosschecked_datum_undeclared
3512,physical,-97.714342,30.314733,source_crosschecked_datum_undeclared
3513,physical,-97.712488,30.319308,source_crosschecked_datum_undeclared
3514,physical,-97.715339,30.320405,source_crosschecked_datum_undeclared
3515,physical,-97.708691,30.32092,source_crosschecked_datum_undeclared
3516,physical,-97.713427,30.321176,source_crosschecked_datum_undeclared
3517,physical,-97.722446,30.346991,source_crosschecked_datum_undeclared
3518,physical,-97.717832,30.339446,source_crosschecked_datum_undeclared
3519,physical,-97.714928,30.343924,source_crosschecked_datum_undeclared
3520,physical,-97.77182,30.349399,source_crosschecked_datum_undeclared
3521,physical,-97.76957,30.341347,source_crosschecked_datum_undeclared
3522,physical,-97.762639,30.34258,source_crosschecked_datum_undeclared
3523,physical,-97.75267,30.344295,source_crosschecked_datum_undeclared
3524,physical,-97.754115,30.342041,source_crosschecked_datum_undeclared
3525,physical,-97.75045,30.347726,source_crosschecked_datum_undeclared
3526,physical,-97.753362,30.341706,source_crosschecked_datum_undeclared
3527,physical,-97.731271,30.342814,source_crosschecked_datum_undeclared
3528,physical,-97.724917,30.344003,source_crosschecked_datum_undeclared
3529,physical,-97.724701,30.342518,source_crosschecked_datum_undeclared
3530,physical,-97.708959,30.350592,source_crosschecked_datum_undeclared
3531,physical,-97.712899,30.345859,source_crosschecked_datum_undeclared
3532,physical,-97.714623,30.348361,source_crosschecked_datum_undeclared
3533,physical,-97.71365,30.346392,source_crosschecked_datum_undeclared
3534,physical,-97.714675,30.350207,source_crosschecked_datum_undeclared
3535,physical,-97.713873,30.347979,source_crosschecked_datum_undeclared
3536,physical,-97.71549,30.352759,source_crosschecked_datum_undeclared
3537,physical,-97.713739,30.349771,source_crosschecked_datum_undeclared
3538,physical,-97.716682,30.365308,source_crosschecked_datum_undeclared
3539,physical,-97.713526,30.363776,source_crosschecked_datum_undeclared
3540,physical,-97.715503,30.371924,source_crosschecked_datum_undeclared
3541,physical,-97.710381,30.369203,source_crosschecked_datum_undeclared
3542,physical,-97.710497,30.377865,source_crosschecked_datum_undeclared
3543,physical,-97.717243,30.282226,source_crosschecked_datum_undeclared
3544,physical,-97.712067,30.285079,source_crosschecked_datum_undeclared
3545,physical,-97.717617,30.284126,source_crosschecked_datum_undeclared
3546,physical,-97.714883,30.289038,source_crosschecked_datum_undeclared
3547,physical,-97.714146,30.300591,source_crosschecked_datum_undeclared
3548,physical,-97.716576,30.296815,source_crosschecked_datum_undeclared
3549,physical,-97.715272,30.29968,source_crosschecked_datum_undeclared
3550,physical,-97.713922,30.300939,source_crosschecked_datum_undeclared
3551,physical,-97.715572,30.302709,source_crosschecked_datum_undeclared
3552,physical,-97.713296,30.303315,source_crosschecked_datum_undeclared
3553,physical,-97.71754,30.296663,source_crosschecked_datum_undeclared
3554,physical,-97.713226,30.306385,source_crosschecked_datum_undeclared
3555,physical,-97.712222,30.306546,source_crosschecked_datum_undeclared
3556,physical,-97.715228,30.301662,source_crosschecked_datum_undeclared
3557,physical,-97.715405,30.307182,source_crosschecked_datum_undeclared
3558,physical,-97.713127,30.311025,source_crosschecked_datum_undeclared
3559,physical,-97.71502,30.311865,source_crosschecked_datum_undeclared
3560,physical,-97.715991,30.326898,source_crosschecked_datum_undeclared
3561,physical,-97.708628,30.32164,source_crosschecked_datum_undeclared
3562,physical,-97.715566,30.330352,source_crosschecked_datum_undeclared
3563,physical,-97.711202,30.336216,source_crosschecked_datum_undeclared
3564,physical,-97.71447,30.337808,source_crosschecked_datum_undeclared
3565,physical,-97.705712,30.342831,source_crosschecked_datum_undeclared
3566,physical,-97.707361,30.343825,source_crosschecked_datum_undeclared
3567,physical,-97.701932,30.342419,source_crosschecked_datum_undeclared
3568,physical,-97.704491,30.344633,source_crosschecked_datum_undeclared
3569,physical,-97.70113,30.336083,source_crosschecked_datum_undeclared
3570,physical,-97.703885,30.34344,source_crosschecked_datum_undeclared
3571,physical,-97.700162,30.340601,source_crosschecked_datum_undeclared
3572,physical,-97.698188,30.34373,source_crosschecked_datum_undeclared
3573,physical,-97.697812,30.342898,source_crosschecked_datum_undeclared
3574,physical,-97.692827,30.350669,source_crosschecked_datum_undeclared
3575,physical,-97.691756,30.341332,source_crosschecked_datum_undeclared
3576,physical,-97.695722,30.343175,source_crosschecked_datum_undeclared
3577,physical,-97.678025,30.343706,source_crosschecked_datum_undeclared
3578,physical,-97.66811,30.344212,source_crosschecked_datum_undeclared
3579,physical,-97.662746,30.341644,source_crosschecked_datum_undeclared
3580,physical,-97.657745,30.349585,source_crosschecked_datum_undeclared
3581,physical,-97.714659,30.352692,source_crosschecked_datum_undeclared
3582,physical,-97.707433,30.344661,source_crosschecked_datum_undeclared
3583,physical,-97.702616,30.340804,source_crosschecked_datum_undeclared
3584,physical,-97.713816,30.352809,source_crosschecked_datum_undeclared
3585,physical,-97.715085,30.357041,source_crosschecked_datum_undeclared
3586,physical,-97.712893,30.352576,source_crosschecked_datum_undeclared
3587,physical,-97.714278,30.357124,source_crosschecked_datum_undeclared
3588,physical,-97.716182,30.363399,source_crosschecked_datum_undeclared
3589,physical,-97.716819,30.369773,source_crosschecked_datum_undeclared
3590,physical,-97.696331,30.342249,source_crosschecked_datum_undeclared
3591,physical,-97.690388,30.352993,source_crosschecked_datum_undeclared
3592,physical,-97.697866,30.341325,source_crosschecked_datum_undeclared
3593,physical,-97.715741,30.380427,source_crosschecked_datum_undeclared
3594,physical,-97.713133,30.383761,source_crosschecked_datum_undeclared
3595,physical,-97.713615,30.390596,source_crosschecked_datum_undeclared
3596,physical,-97.716913,30.389892,source_crosschecked_datum_undeclared
3597,physical,-97.716,30.40504,source_crosschecked_datum_undeclared
3598,physical,-97.714578,30.406963,source_crosschecked_datum_undeclared
3599,physical,-97.682889,30.337118,source_crosschecked_datum_undeclared
3600,physical,-97.710022,30.338773,source_crosschecked_datum_undeclared
3601,physical,-97.710027,30.402841,source_crosschecked_datum_undeclared
3602,physical,-97.711773,30.400627,source_crosschecked_datum_undeclared
3603,physical,-97.717279,30.402168,source_crosschecked_datum_undeclared
3604,physical,-97.711165,30.366433,source_crosschecked_datum_undeclared
3605,physical,-97.675821,30.336801,source_crosschecked_datum_undeclared
3606,physical,-97.712484,30.330296,source_crosschecked_datum_undeclared
3607,physical,-97.715821,30.328501,source_crosschecked_datum_undeclared
3608,physical,-97.712913,30.328185,source_crosschecked_datum_undeclared
3609,physical,-97.687068,30.332629,source_crosschecked_datum_undeclared
3610,physical,-97.748248,30.279215,source_crosschecked_datum_undeclared
3611,physical,-97.744569,30.285003,source_crosschecked_datum_undeclared
3612,physical,-97.747504,30.288042,source_crosschecked_datum_undeclared
3613,physical,-97.74436,30.287796,source_crosschecked_datum_undeclared
3614,physical,-97.76229,30.31029,source_crosschecked_datum_undeclared
3615,physical,-97.763949,30.311536,source_crosschecked_datum_undeclared
3616,physical,-97.748204,30.298005,source_crosschecked_datum_undeclared
3617,physical,-97.745016,30.296499,source_crosschecked_datum_undeclared
3618,physical,-97.746655,30.303716,source_crosschecked_datum_undeclared
3619,physical,-97.748933,30.305028,source_crosschecked_datum_undeclared
3620,physical,-97.747909,30.307171,source_crosschecked_datum_undeclared
3621,physical,-97.743859,30.305592,source_crosschecked_datum_undeclared
3622,physical,-97.75751,30.310768,source_crosschecked_datum_undeclared
3623,physical,-97.759171,30.309372,source_crosschecked_datum_undeclared
3624,physical,-97.757704,30.309714,source_crosschecked_datum_undeclared
3625,physical,-97.757041,30.312774,source_crosschecked_datum_undeclared
3626,physical,-97.757385,30.310253,source_crosschecked_datum_undeclared
3627,physical,-97.755785,30.319794,source_crosschecked_datum_undeclared
3628,physical,-97.756958,30.310221,source_crosschecked_datum_undeclared
3629,physical,-97.755858,30.308798,source_crosschecked_datum_undeclared
3630,physical,-97.753318,30.314409,source_crosschecked_datum_undeclared
3631,physical,-97.7504,30.309049,source_crosschecked_datum_undeclared
3632,physical,-97.744307,30.321965,source_crosschecked_datum_undeclared
3633,physical,-97.749143,30.334649,source_crosschecked_datum_undeclared
3634,physical,-97.744743,30.335433,source_crosschecked_datum_undeclared
3635,physical,-97.746587,30.33916,source_crosschecked_datum_undeclared
3636,physical,-97.744803,30.282304,source_crosschecked_datum_undeclared
3637,physical,-97.749025,30.283496,source_crosschecked_datum_undeclared
3638,physical,-97.749515,30.291571,source_crosschecked_datum_undeclared
3639,physical,-97.745863,30.300207,source_crosschecked_datum_undeclared
3640,physical,-97.742342,30.307847,source_crosschecked_datum_undeclared
3641,physical,-97.741269,30.315116,source_crosschecked_datum_undeclared
3642,physical,-97.72931,30.30906,source_crosschecked_datum_undeclared
3643,physical,-97.732702,30.310594,source_crosschecked_datum_undeclared
3644,physical,-97.717204,30.312844,source_crosschecked_datum_undeclared
3645,physical,-97.746845,30.312126,source_crosschecked_datum_undeclared
3646,physical,-97.745801,30.317184,source_crosschecked_datum_undeclared
3647,physical,-97.748767,30.318561,source_crosschecked_datum_undeclared
3648,physical,-97.744643,30.32521,source_crosschecked_datum_undeclared
3649,physical,-97.748799,30.327344,source_crosschecked_datum_undeclared
3650,physical,-97.738268,30.311823,source_crosschecked_datum_undeclared
3651,physical,-97.740005,30.309306,source_crosschecked_datum_undeclared
3652,physical,-97.735245,30.30663,source_crosschecked_datum_undeclared
3653,physical,-97.745204,30.327789,source_crosschecked_datum_undeclared
3654,physical,-97.721788,30.310656,source_crosschecked_datum_undeclared
3655,physical,-97.722473,30.309607,source_crosschecked_datum_undeclared
3656,physical,-97.717611,30.31039,source_crosschecked_datum_undeclared
3657,physical,-97.716213,30.312377,source_crosschecked_datum_undeclared
3658,physical,-97.716,30.309585,source_crosschecked_datum_undeclared
3659,physical,-97.715424,30.312005,source_crosschecked_datum_undeclared
3660,physical,-97.72701,30.310598,source_crosschecked_datum_undeclared
3661,physical,-97.728023,30.308477,source_crosschecked_datum_undeclared
3662,physical,-97.773522,30.299612,source_crosschecked_datum_undeclared
3663,physical,-97.766904,30.31321,source_crosschecked_datum_undeclared
3664,physical,-97.75495,30.314457,source_crosschecked_datum_undeclared
3665,physical,-97.747289,30.29079,source_crosschecked_datum_undeclared
3666,physical,-97.744096,30.290506,source_crosschecked_datum_undeclared
3667,physical,-97.747802,30.285258,source_crosschecked_datum_undeclared
3668,physical,-97.764562,30.283308,source_crosschecked_datum_undeclared
3669,physical,-97.763217,30.285691,source_crosschecked_datum_undeclared
3670,physical,-97.769587,30.293801,source_crosschecked_datum_undeclared
3671,physical,-97.767827,30.296545,source_crosschecked_datum_undeclared
3672,physical,-97.76422,30.293436,source_crosschecked_datum_undeclared
3673,physical,-97.760993,30.29263,source_crosschecked_datum_undeclared
3674,physical,-97.764745,30.293738,source_crosschecked_datum_undeclared
3675,physical,-97.763842,30.302838,source_crosschecked_datum_undeclared
3676,physical,-97.759886,30.300963,source_crosschecked_datum_undeclared
3677,physical,-97.764639,30.286304,source_crosschecked_datum_undeclared
3678,physical,-97.763289,30.287803,source_crosschecked_datum_undeclared
3679,physical,-97.762251,30.28805,source_crosschecked_datum_undeclared
3680,physical,-97.763423,30.286278,source_crosschecked_datum_undeclared
3681,physical,-97.76221,30.288705,source_crosschecked_datum_undeclared
3682,physical,-97.765156,30.284426,source_crosschecked_datum_undeclared
3683,physical,-97.766154,30.299155,source_crosschecked_datum_undeclared
3684,physical,-97.758736,30.29566,source_crosschecked_datum_undeclared
3685,physical,-97.759197,30.293766,source_crosschecked_datum_undeclared
3686,physical,-97.758611,30.297784,source_crosschecked_datum_undeclared
3687,physical,-97.760395,30.291811,source_crosschecked_datum_undeclared
3688,physical,-97.76447,30.305227,source_crosschecked_datum_undeclared
3689,physical,-97.756957,30.290737,source_crosschecked_datum_undeclared
3690,physical,-97.752899,30.29863,source_crosschecked_datum_undeclared
3691,physical,-97.774847,30.285678,source_crosschecked_datum_undeclared
3692,physical,-97.771784,30.290384,source_crosschecked_datum_undeclared
3693,physical,-97.768162,30.288292,source_crosschecked_datum_undeclared
3694,physical,-97.766998,30.28296,source_crosschecked_datum_undeclared
3695,physical,-97.765233,30.283471,source_crosschecked_datum_undeclared
3696,physical,-97.765746,30.281936,source_crosschecked_datum_undeclared
3697,physical,-97.77499,30.300289,source_crosschecked_datum_undeclared
3698,physical,-97.757484,30.282583,source_crosschecked_datum_undeclared
3699,physical,-97.750386,30.279702,source_crosschecked_datum_undeclared
3700,physical,-97.756153,30.289374,source_crosschecked_datum_undeclared
3701,physical,-97.75249,30.2884,source_crosschecked_datum_undeclared
3702,physical,-97.751976,30.283513,source_crosschecked_datum_undeclared
3703,physical,-97.759716,30.29208,source_crosschecked_datum_undeclared
3704,physical,-97.759569,30.292556,source_crosschecked_datum_undeclared
3705,physical,-97.758802,30.291724,source_crosschecked_datum_undeclared
3706,physical,-97.750026,30.283717,source_crosschecked_datum_undeclared
3707,physical,-97.757672,30.300514,source_crosschecked_datum_undeclared
3708,physical,-97.758239,30.303786,source_crosschecked_datum_undeclared
3709,physical,-97.756231,30.300144,source_crosschecked_datum_undeclared
3710,physical,-97.755075,30.30183,source_crosschecked_datum_undeclared
3711,physical,-97.758616,30.303889,source_crosschecked_datum_undeclared
3712,physical,-97.758789,30.300639,source_crosschecked_datum_undeclared
3713,physical,-97.758096,30.300832,source_crosschecked_datum_undeclared
3714,physical,-97.753726,30.308407,source_crosschecked_datum_undeclared
3715,physical,-97.753333,30.304075,source_crosschecked_datum_undeclared
3716,physical,-97.752902,30.300811,source_crosschecked_datum_undeclared
3717,physical,-97.758177,30.297796,source_crosschecked_datum_undeclared
3718,physical,-97.75819,30.30641,source_crosschecked_datum_undeclared
3719,physical,-97.757552,30.307402,source_crosschecked_datum_undeclared
3720,physical,-97.757922,30.305452,source_crosschecked_datum_undeclared
3721,physical,-97.756109,30.308444,source_crosschecked_datum_undeclared
3722,physical,-97.75811,30.307536,source_crosschecked_datum_undeclared
3723,physical,-97.757933,30.308504,source_crosschecked_datum_undeclared
3724,physical,-97.758203,30.30922,source_crosschecked_datum_undeclared
3725,physical,-97.7521,30.30034,source_crosschecked_datum_undeclared
3726,physical,-97.751228,30.307717,source_crosschecked_datum_undeclared
3727,physical,-97.750247,30.306906,source_crosschecked_datum_undeclared
3728,physical,-97.7642,30.329318,source_crosschecked_datum_undeclared
3729,physical,-97.760149,30.327292,source_crosschecked_datum_undeclared
3730,physical,-97.767106,30.325279,source_crosschecked_datum_undeclared
3731,physical,-97.761648,30.342096,source_crosschecked_datum_undeclared
3732,physical,-97.752634,30.329313,source_crosschecked_datum_undeclared
3733,physical,-97.750368,30.324755,source_crosschecked_datum_undeclared
3734,physical,-97.760369,30.333101,source_crosschecked_datum_undeclared
3735,physical,-97.758853,30.326857,source_crosschecked_datum_undeclared
3736,physical,-97.756753,30.322627,source_crosschecked_datum_undeclared
3737,physical,-97.755949,30.330264,source_crosschecked_datum_undeclared
3738,physical,-97.756062,30.325202,source_crosschecked_datum_undeclared
3739,physical,-97.755427,30.331214,source_crosschecked_datum_undeclared
3740,physical,-97.755579,30.325682,source_crosschecked_datum_undeclared
3741,physical,-97.769829,30.322292,source_crosschecked_datum_undeclared
3742,physical,-97.756504,30.321456,source_crosschecked_datum_undeclared
3743,physical,-97.756248,30.319585,source_crosschecked_datum_undeclared
3744,physical,-97.756619,30.316265,source_crosschecked_datum_undeclared
3745,physical,-97.755108,30.321342,source_crosschecked_datum_undeclared
3746,physical,-97.750545,30.319505,source_crosschecked_datum_undeclared
3747,physical,-97.753085,30.320261,source_crosschecked_datum_undeclared
3748,physical,-97.756049,30.322364,source_crosschecked_datum_undeclared
3749,physical,-97.755727,30.321791,source_crosschecked_datum_undeclared
3750,physical,-97.750853,30.323955,source_crosschecked_datum_undeclared
3751,physical,-97.754159,30.320991,source_crosschecked_datum_undeclared
3752,physical,-97.757025,30.337477,source_crosschecked_datum_undeclared
3753,physical,-97.755401,30.332669,source_crosschecked_datum_undeclared
3754,physical,-97.755351,30.335279,source_crosschecked_datum_undeclared
3755,physical,-97.754081,30.334953,source_crosschecked_datum_undeclared
3756,physical,-97.755939,30.336867,source_crosschecked_datum_undeclared
3757,physical,-97.755817,30.334213,source_crosschecked_datum_undeclared
3758,physical,-97.753604,30.335561,source_crosschecked_datum_undeclared
3759,physical,-97.755443,30.337148,source_crosschecked_datum_undeclared
3760,physical,-97.758571,30.332243,source_crosschecked_datum_undeclared
3761,physical,-97.751102,30.334525,source_crosschecked_datum_undeclared
3762,physical,-97.754089,30.340158,source_crosschecked_datum_undeclared
3763,physical,-97.755235,30.338586,source_crosschecked_datum_undeclared
3764,physical,-97.742467,30.295288,source_crosschecked_datum_undeclared
3765,physical,-97.743612,30.295841,source_crosschecked_datum_undeclared
3766,physical,-97.740848,30.291879,source_crosschecked_datum_undeclared
3767,physical,-97.72824,30.283348,source_crosschecked_datum_undeclared
3768,physical,-97.730117,30.279894,source_crosschecked_datum_undeclared
3769,physical,-97.732555,30.293649,source_crosschecked_datum_undeclared
3770,physical,-97.731474,30.295394,source_crosschecked_datum_undeclared
3771,physical,-97.728457,30.298117,source_crosschecked_datum_undeclared
3772,physical,-97.729457,30.298607,source_crosschecked_datum_undeclared
3773,physical,-97.733303,30.30048,source_crosschecked_datum_undeclared
3774,physical,-97.727172,30.302292,source_crosschecked_datum_undeclared
3775,physical,-97.73009,30.279647,source_crosschecked_datum_undeclared
3776,physical,-97.729126,30.288492,source_crosschecked_datum_undeclared
3777,physical,-97.734176,30.28906,source_crosschecked_datum_undeclared
3778,physical,-97.716009,30.293023,source_crosschecked_datum_undeclared
3779,physical,-97.718183,30.294177,source_crosschecked_datum_undeclared
3780,physical,-97.72285,30.296441,source_crosschecked_datum_undeclared
3781,physical,-97.726301,30.291758,source_crosschecked_datum_undeclared
3782,physical,-97.719603,30.294917,source_crosschecked_datum_undeclared
3783,physical,-97.720703,30.293194,source_crosschecked_datum_undeclared
3784,physical,-97.7203,30.295241,source_crosschecked_datum_undeclared
3785,physical,-97.721666,30.293044,source_crosschecked_datum_undeclared
3786,physical,-97.71955,30.292003,source_crosschecked_datum_undeclared
3787,physical,-97.719951,30.292882,source_crosschecked_datum_undeclared
3788,physical,-97.716041,30.300922,source_crosschecked_datum_undeclared
3789,physical,-97.728794,30.281091,source_crosschecked_datum_undeclared
3790,physical,-97.737196,30.294173,source_crosschecked_datum_undeclared
3791,physical,-97.735724,30.29303,source_crosschecked_datum_undeclared
3792,physical,-97.730451,30.285001,source_crosschecked_datum_undeclared
3793,physical,-97.73366,30.285269,source_crosschecked_datum_undeclared
3794,physical,-97.728474,30.282916,source_crosschecked_datum_undeclared
3795,physical,-97.741024,30.289647,source_crosschecked_datum_undeclared
3796,physical,-97.742861,30.287673,source_crosschecked_datum_undeclared
3797,physical,-97.737823,30.280378,source_crosschecked_datum_undeclared
3798,physical,-97.741238,30.287567,source_crosschecked_datum_undeclared
3799,physical,-97.741492,30.285325,source_crosschecked_datum_undeclared
3800,physical,-97.738992,30.2807,source_crosschecked_datum_undeclared
3801,physical,-97.736852,30.289381,source_crosschecked_datum_undeclared
3802,physical,-97.737599,30.291578,source_crosschecked_datum_undeclared
3803,physical,-97.737805,30.289464,source_crosschecked_datum_undeclared
3804,physical,-97.733445,30.287024,source_crosschecked_datum_undeclared
3805,physical,-97.737155,30.283251,source_crosschecked_datum_undeclared
3806,physical,-97.741624,30.283576,source_crosschecked_datum_undeclared
3807,physical,-97.741962,30.279445,source_crosschecked_datum_undeclared
3808,physical,-97.742803,30.281756,source_crosschecked_datum_undeclared
3809,physical,-97.744542,30.282227,source_crosschecked_datum_undeclared
3810,physical,-97.745114,30.280682,source_crosschecked_datum_undeclared
3811,physical,-97.741554,30.281406,source_crosschecked_datum_undeclared
3812,physical,-97.744671,30.283827,source_crosschecked_datum_undeclared
3813,physical,-97.740479,30.28111,source_crosschecked_datum_undeclared
3814,physical,-97.742581,30.292005,source_crosschecked_datum_undeclared
3815,physical,-97.735368,30.279722,source_crosschecked_datum_undeclared
3816,physical,-97.733921,30.283145,source_crosschecked_datum_undeclared
3817,physical,-97.73407,30.280268,source_crosschecked_datum_undeclared
3818,physical,-97.734348,30.290758,source_crosschecked_datum_undeclared
3819,physical,-97.736627,30.289354,source_crosschecked_datum_undeclared
3820,physical,-97.741773,30.296367,source_crosschecked_datum_undeclared
3821,physical,-97.737971,30.294558,source_crosschecked_datum_undeclared
3822,physical,-97.739942,30.303691,source_crosschecked_datum_undeclared
3823,physical,-97.739353,30.300193,source_crosschecked_datum_undeclared
3824,physical,-97.744311,30.302585,source_crosschecked_datum_undeclared
3825,physical,-97.734006,30.30082,source_crosschecked_datum_undeclared
3826,physical,-97.742751,30.305054,source_crosschecked_datum_undeclared
3827,physical,-97.73572,30.305885,source_crosschecked_datum_undeclared
3828,physical,-97.728001,30.283109,source_crosschecked_datum_undeclared
3829,physical,-97.725844,30.28644,source_crosschecked_datum_undeclared
3830,physical,-97.726241,30.287044,source_crosschecked_datum_undeclared
3831,physical,-97.721187,30.281547,source_crosschecked_datum_undeclared
3832,physical,-97.72563,30.285376,source_crosschecked_datum_undeclared
3833,physical,-97.723702,30.288429,source_crosschecked_datum_undeclared
3834,physical,-97.722255,30.292142,source_crosschecked_datum_undeclared
3835,physical,-97.723461,30.285868,source_crosschecked_datum_undeclared
3836,physical,-97.724103,30.28489,source_crosschecked_datum_undeclared
3837,physical,-97.723246,30.287666,source_crosschecked_datum_undeclared
3838,physical,-97.725094,30.284798,source_crosschecked_datum_undeclared
3839,physical,-97.721585,30.283517,source_crosschecked_datum_undeclared
3840,physical,-97.72397,30.283159,source_crosschecked_datum_undeclared
3841,physical,-97.720979,30.283987,source_crosschecked_datum_undeclared
3842,physical,-97.721719,30.29006,source_crosschecked_datum_undeclared
3843,physical,-97.721933,30.29117,source_crosschecked_datum_undeclared
3844,physical,-97.720621,30.290384,source_crosschecked_datum_undeclared
3845,physical,-97.722925,30.286764,source_crosschecked_datum_undeclared
3846,physical,-97.724666,30.288233,source_crosschecked_datum_undeclared
3847,physical,-97.716466,30.286613,source_crosschecked_datum_undeclared
3848,physical,-97.728766,30.288226,source_crosschecked_datum_undeclared
3849,physical,-97.728882,30.279964,source_crosschecked_datum_undeclared
3850,physical,-97.727224,30.282855,source_crosschecked_datum_undeclared
3851,physical,-97.729241,30.281101,source_crosschecked_datum_undeclared
3852,physical,-97.728482,30.282323,source_crosschecked_datum_undeclared
3853,physical,-97.726769,30.282091,source_crosschecked_datum_undeclared
3854,physical,-97.725751,30.282253,source_crosschecked_datum_undeclared
3855,physical,-97.726099,30.278674,source_crosschecked_datum_undeclared
3856,physical,-97.726784,30.278565,source_crosschecked_datum_undeclared
3857,physical,-97.726549,30.280937,source_crosschecked_datum_undeclared
3858,physical,-97.725376,30.282924,source_crosschecked_datum_undeclared
3859,physical,-97.724897,30.280088,source_crosschecked_datum_undeclared
3860,physical,-97.729371,30.280868,source_crosschecked_datum_undeclared
3861,physical,-97.727813,30.278853,source_crosschecked_datum_undeclared
3862,physical,-97.726658,30.290999,source_crosschecked_datum_undeclared
3863,physical,-97.725577,30.286805,source_crosschecked_datum_undeclared
3864,physical,-97.720124,30.283785,source_crosschecked_datum_undeclared
3865,physical,-97.720894,30.305428,source_crosschecked_datum_undeclared
3866,physical,-97.718586,30.297967,source_crosschecked_datum_undeclared
3867,physical,-97.724201,30.306962,source_crosschecked_datum_undeclared
3868,physical,-97.721792,30.305839,source_crosschecked_datum_undeclared
3869,physical,-97.719266,30.304683,source_crosschecked_datum_undeclared
3870,physical,-97.722013,30.299568,source_crosschecked_datum_undeclared
3871,physical,-97.715871,30.302227,source_crosschecked_datum_undeclared
3872,physical,-97.726453,30.297134,source_crosschecked_datum_undeclared
3873,physical,-97.717463,30.298196,source_crosschecked_datum_undeclared
3874,physical,-97.718585,30.296455,source_crosschecked_datum_undeclared
3875,physical,-97.718933,30.297427,source_crosschecked_datum_undeclared
3876,physical,-97.715746,30.303374,source_crosschecked_datum_undeclared
3877,physical,-97.716731,30.308504,source_crosschecked_datum_undeclared
3878,physical,-97.732097,30.322305,source_crosschecked_datum_undeclared
3879,physical,-97.729076,30.320888,source_crosschecked_datum_undeclared
3880,physical,-97.727752,30.328885,source_crosschecked_datum_undeclared
3881,physical,-97.733347,30.327569,source_crosschecked_datum_undeclared
3882,physical,-97.727768,30.32302,source_crosschecked_datum_undeclared
3883,physical,-97.739522,30.327675,source_crosschecked_datum_undeclared
3884,physical,-97.739362,30.325571,source_crosschecked_datum_undeclared
3885,physical,-97.735579,30.323963,source_crosschecked_datum_undeclared
3886,physical,-97.729032,30.335641,source_crosschecked_datum_undeclared
3887,physical,-97.730718,30.342578,source_crosschecked_datum_undeclared
3888,physical,-97.72611,30.340329,source_crosschecked_datum_undeclared
3889,physical,-97.730551,30.318561,source_crosschecked_datum_undeclared
3890,physical,-97.72599,30.325807,source_crosschecked_datum_undeclared
3891,physical,-97.729165,30.329631,source_crosschecked_datum_undeclared
3892,physical,-97.731279,30.330649,source_crosschecked_datum_undeclared
3893,physical,-97.723583,30.330256,source_crosschecked_datum_undeclared
3894,physical,-97.723982,30.323466,source_crosschecked_datum_undeclared
3895,physical,-97.731185,30.312454,source_crosschecked_datum_undeclared
3896,physical,-97.728383,30.317586,source_crosschecked_datum_undeclared
3897,physical,-97.739672,30.317811,source_crosschecked_datum_undeclared
3898,physical,-97.738862,30.319163,source_crosschecked_datum_undeclared
3899,physical,-97.743853,30.320285,source_crosschecked_datum_undeclared
3900,physical,-97.743053,30.315994,source_crosschecked_datum_undeclared
3901,physical,-97.738731,30.319328,source_crosschecked_datum_undeclared
3902,physical,-97.737326,30.313189,source_crosschecked_datum_undeclared
3903,physical,-97.732742,30.322612,source_crosschecked_datum_undeclared
3904,physical,-97.735509,30.315185,source_crosschecked_datum_undeclared
3905,physical,-97.737265,30.321314,source_crosschecked_datum_undeclared
3906,physical,-97.744265,30.316635,source_crosschecked_datum_undeclared
3907,physical,-97.743632,30.324701,source_crosschecked_datum_undeclared
3908,physical,-97.741321,30.323194,source_crosschecked_datum_undeclared
3909,physical,-97.73908,30.321757,source_crosschecked_datum_undeclared
3910,physical,-97.735101,30.312042,source_crosschecked_datum_undeclared
3911,physical,-97.739606,30.334644,source_crosschecked_datum_undeclared
3912,physical,-97.738981,30.338302,source_crosschecked_datum_undeclared
3913,physical,-97.739692,30.3299,source_crosschecked_datum_undeclared
3914,physical,-97.734655,30.33228,source_crosschecked_datum_undeclared
3915,physical,-97.719568,30.314016,source_crosschecked_datum_undeclared
3916,physical,-97.725089,30.316105,source_crosschecked_datum_undeclared
3917,physical,-97.72451,30.318715,source_crosschecked_datum_undeclared
3918,physical,-97.727517,30.323413,source_crosschecked_datum_undeclared
3919,physical,-97.719356,30.322202,source_crosschecked_datum_undeclared
3920,physical,-97.720878,30.317393,source_crosschecked_datum_undeclared
3921,physical,-97.718269,30.321748,source_crosschecked_datum_undeclared
3922,physical,-97.718167,30.316155,source_crosschecked_datum_undeclared
3923,physical,-97.716327,30.315284,source_crosschecked_datum_undeclared
3924,physical,-97.723383,30.339042,source_crosschecked_datum_undeclared
3925,physical,-97.728551,30.336413,source_crosschecked_datum_undeclared
3926,physical,-97.719513,30.336581,source_crosschecked_datum_undeclared
3927,physical,-97.722701,30.331677,source_crosschecked_datum_undeclared
3928,physical,-97.716883,30.333912,source_crosschecked_datum_undeclared
3929,physical,-97.764383,30.37734,source_crosschecked_datum_undeclared
3930,physical,-97.748718,30.352045,source_crosschecked_datum_undeclared
3931,physical,-97.746604,30.355305,source_crosschecked_datum_undeclared
3932,physical,-97.748345,30.351614,source_crosschecked_datum_undeclared
3933,physical,-97.75722,30.371596,source_crosschecked_datum_undeclared
3934,physical,-97.753217,30.377409,source_crosschecked_datum_undeclared
3935,physical,-97.755373,30.374388,source_crosschecked_datum_undeclared
3936,physical,-97.745798,30.387564,source_crosschecked_datum_undeclared
3937,physical,-97.746882,30.392821,source_crosschecked_datum_undeclared
3938,physical,-97.747009,30.394125,source_crosschecked_datum_undeclared
3939,physical,-97.745969,30.394171,source_crosschecked_datum_undeclared
3940,physical,-97.748856,30.400753,source_crosschecked_datum_undeclared
3941,physical,-97.746366,30.400563,source_crosschecked_datum_undeclared
3942,physical,-97.745953,30.359421,source_crosschecked_datum_undeclared
3943,physical,-97.746959,30.356797,source_crosschecked_datum_undeclared
3944,physical,-97.745047,30.360824,source_crosschecked_datum_undeclared
3945,physical,-97.749012,30.352191,source_crosschecked_datum_undeclared
3946,physical,-97.746918,30.361727,source_crosschecked_datum_undeclared
3947,physical,-97.749312,30.363764,source_crosschecked_datum_undeclared
3948,physical,-97.75071,30.358383,source_crosschecked_datum_undeclared
3949,physical,-97.74314,30.368537,source_crosschecked_datum_undeclared
3950,physical,-97.747241,30.371962,source_crosschecked_datum_undeclared
3951,physical,-97.739991,30.373997,source_crosschecked_datum_undeclared
3952,physical,-97.737259,30.380342,source_crosschecked_datum_undeclared
3953,physical,-97.739669,30.374437,source_crosschecked_datum_undeclared
3954,physical,-97.735827,30.379871,source_crosschecked_datum_undeclared
3955,physical,-97.739435,30.37521,source_crosschecked_datum_undeclared
3956,physical,-97.738548,30.377127,source_crosschecked_datum_undeclared
3957,physical,-97.739733,30.37555,source_crosschecked_datum_undeclared
3958,physical,-97.736237,30.383448,source_crosschecked_datum_undeclared
3959,physical,-97.732156,30.375795,source_crosschecked_datum_undeclared
3960,physical,-97.735323,30.37768,source_crosschecked_datum_undeclared
3961,physical,-97.729481,30.37493,source_crosschecked_datum_undeclared
3962,physical,-97.732738,30.376586,source_crosschecked_datum_undeclared
3963,physical,-97.727672,30.374806,source_crosschecked_datum_undeclared
3964,physical,-97.732472,30.377111,source_crosschecked_datum_undeclared
3965,physical,-97.719473,30.375104,source_crosschecked_datum_undeclared
3966,physical,-97.74427,30.382947,source_crosschecked_datum_undeclared
3967,physical,-97.752016,30.379092,source_crosschecked_datum_undeclared
3968,physical,-97.73966,30.377387,source_crosschecked_datum_undeclared
3969,physical,-97.740919,30.373192,source_crosschecked_datum_undeclared
3970,physical,-97.739074,30.37842,source_crosschecked_datum_undeclared
3971,physical,-97.732937,30.375775,source_crosschecked_datum_undeclared
3972,physical,-97.746465,30.39908,source_crosschecked_datum_undeclared
3973,physical,-97.724622,30.379902,source_crosschecked_datum_undeclared
3974,physical,-97.726007,30.374072,source_crosschecked_datum_undeclared
3975,physical,-97.766647,30.359718,source_crosschecked_datum_undeclared
3976,physical,-97.767053,30.358795,source_crosschecked_datum_undeclared
3977,physical,-97.761172,30.357226,source_crosschecked_datum_undeclared
3978,physical,-97.759903,30.353906,source_crosschecked_datum_undeclared
3979,physical,-97.753959,30.358999,source_crosschecked_datum_undeclared
3980,physical,-97.763358,30.36485,source_crosschecked_datum_undeclared
3981,physical,-97.77188,30.351867,source_crosschecked_datum_undeclared
3982,physical,-97.755455,30.349928,source_crosschecked_datum_undeclared
3983,physical,-97.750984,30.347745,source_crosschecked_datum_undeclared
3984,physical,-97.758006,30.353015,source_crosschecked_datum_undeclared
3985,physical,-97.756664,30.355174,source_crosschecked_datum_undeclared
3986,physical,-97.753166,30.353458,source_crosschecked_datum_undeclared
3987,physical,-97.749755,30.351955,source_crosschecked_datum_undeclared
3988,physical,-97.750094,30.349819,source_crosschecked_datum_undeclared
3989,physical,-97.747993,30.35472,source_crosschecked_datum_undeclared
3990,physical,-97.753554,30.367775,source_crosschecked_datum_undeclared
3991,physical,-97.750069,30.365483,source_crosschecked_datum_undeclared
3992,physical,-97.761161,30.40077,source_crosschecked_datum_undeclared
3993,physical,-97.759747,30.388164,source_crosschecked_datum_undeclared
3994,physical,-97.766654,30.384906,source_crosschecked_datum_undeclared
3995,physical,-97.74982,30.394193,source_crosschecked_datum_undeclared
3996,physical,-97.759181,30.391036,source_crosschecked_datum_undeclared
3997,physical,-97.754694,30.39489,source_crosschecked_datum_undeclared
3998,physical,-97.765554,30.381882,source_crosschecked_datum_undeclared
3999,physical,-97.757812,30.39712,source_crosschecked_datum_undeclared
4000,physical,-97.750454,30.406544,source_crosschecked_datum_undeclared
4001,physical,-97.745423,30.358233,source_crosschecked_datum_undeclared
4002,physical,-97.744671,30.360664,source_crosschecked_datum_undeclared
4003,physical,-97.743888,30.361227,source_crosschecked_datum_undeclared
4004,physical,-97.733041,30.351919,source_crosschecked_datum_undeclared
4005,physical,-97.729021,30.350105,source_crosschecked_datum_undeclared
4006,physical,-97.730568,30.355995,source_crosschecked_datum_undeclared
4007,physical,-97.725648,30.353656,source_crosschecked_datum_undeclared
4008,physical,-97.745377,30.361327,source_crosschecked_datum_undeclared
4009,physical,-97.740816,30.361012,source_crosschecked_datum_undeclared
4010,physical,-97.739853,30.356378,source_crosschecked_datum_undeclared
4011,physical,-97.72989,30.358546,source_crosschecked_datum_undeclared
4012,physical,-97.736949,30.358987,source_crosschecked_datum_undeclared
4013,physical,-97.727689,30.36718,source_crosschecked_datum_undeclared
4014,physical,-97.728859,30.373517,source_crosschecked_datum_undeclared
4015,physical,-97.731156,30.374573,source_crosschecked_datum_undeclared
4016,physical,-97.734995,30.348959,source_crosschecked_datum_undeclared
4017,physical,-97.729689,30.359302,source_crosschecked_datum_undeclared
4018,physical,-97.729101,30.361714,source_crosschecked_datum_undeclared
4019,physical,-97.725224,30.361289,source_crosschecked_datum_undeclared
4020,physical,-97.717298,30.364196,source_crosschecked_datum_undeclared
4021,physical,-97.733895,30.364044,source_crosschecked_datum_undeclared
4022,physical,-97.729213,30.37441,source_crosschecked_datum_undeclared
4023,physical,-97.719797,30.362383,source_crosschecked_datum_undeclared
4024,physical,-97.721065,30.359475,source_crosschecked_datum_undeclared
4025,physical,-97.718471,30.362701,source_crosschecked_datum_undeclared
4026,physical,-97.716701,30.356775,source_crosschecked_datum_undeclared
4027,physical,-97.717743,30.363054,source_crosschecked_datum_undeclared
4028,physical,-97.715739,30.356393,source_crosschecked_datum_undeclared
4029,physical,-97.738119,30.3596,source_crosschecked_datum_undeclared
4030,physical,-97.738588,30.357715,source_crosschecked_datum_undeclared
4031,physical,-97.734128,30.350382,source_crosschecked_datum_undeclared
4032,physical,-97.7409,30.353154,source_crosschecked_datum_undeclared
4033,physical,-97.74608,30.356272,source_crosschecked_datum_undeclared
4034,physical,-97.736086,30.354445,source_crosschecked_datum_undeclared
4035,physical,-97.736352,30.356587,source_crosschecked_datum_undeclared
4036,physical,-97.735243,30.358103,source_crosschecked_datum_undeclared
4037,physical,-97.74395,30.362398,source_crosschecked_datum_undeclared
4038,physical,-97.741445,30.370462,source_crosschecked_datum_undeclared
4039,physical,-97.742852,30.364669,source_crosschecked_datum_undeclared
4040,physical,-97.741905,30.367942,source_crosschecked_datum_undeclared
4041,physical,-97.73935,30.364389,source_crosschecked_datum_undeclared
4042,physical,-97.738618,30.366349,source_crosschecked_datum_undeclared
4043,physical,-97.743349,30.366928,source_crosschecked_datum_undeclared
4044,physical,-97.741969,30.370038,source_crosschecked_datum_undeclared
4045,physical,-97.743307,30.365087,source_crosschecked_datum_undeclared
4046,physical,-97.739808,30.363364,source_crosschecked_datum_undeclared
4047,physical,-97.737783,30.36985,source_crosschecked_datum_undeclared
4048,physical,-97.734807,30.364478,source_crosschecked_datum_undeclared
4049,physical,-97.740588,30.371937,source_crosschecked_datum_undeclared
4050,physical,-97.742203,30.370383,source_crosschecked_datum_undeclared
4051,physical,-97.741099,30.371856,source_crosschecked_datum_undeclared
4052,physical,-97.737026,30.372438,source_crosschecked_datum_undeclared
4053,physical,-97.720609,30.346675,source_crosschecked_datum_undeclared
4054,physical,-97.722736,30.349569,source_crosschecked_datum_undeclared
4055,physical,-97.722864,30.352313,source_crosschecked_datum_undeclared
4056,physical,-97.721639,30.351721,source_crosschecked_datum_undeclared
4057,physical,-97.718243,30.350117,source_crosschecked_datum_undeclared
4058,physical,-97.726714,30.349009,source_crosschecked_datum_undeclared
4059,physical,-97.723446,30.347472,source_crosschecked_datum_undeclared
4060,physical,-97.721113,30.355278,source_crosschecked_datum_undeclared
4061,physical,-97.727615,30.367579,source_crosschecked_datum_undeclared
4062,physical,-97.726433,30.372402,source_crosschecked_datum_undeclared
4063,physical,-97.724007,30.37104,source_crosschecked_datum_undeclared
4064,physical,-97.721588,30.369558,source_crosschecked_datum_undeclared
4065,physical,-97.725947,30.372876,source_crosschecked_datum_undeclared
4066,physical,-97.722031,30.370603,source_crosschecked_datum_undeclared
4067,physical,-97.723791,30.360706,source_crosschecked_datum_undeclared
4068,physical,-97.718914,30.369109,source_crosschecked_datum_undeclared
4069,physical,-97.717663,30.368429,source_crosschecked_datum_undeclared
4070,physical,-97.719645,30.367134,source_crosschecked_datum_undeclared
4071,physical,-97.721742,30.371367,source_crosschecked_datum_undeclared
4072,physical,-97.72078,30.371682,source_crosschecked_datum_undeclared
4073,physical,-97.71951,30.368661,source_crosschecked_datum_undeclared
4074,physical,-97.718433,30.365424,source_crosschecked_datum_undeclared
4075,physical,-97.728826,30.362729,source_crosschecked_datum_undeclared
4076,physical,-97.71978,30.371068,source_crosschecked_datum_undeclared
4077,physical,-97.746324,30.391444,source_crosschecked_datum_undeclared
4078,physical,-97.746644,30.392667,source_crosschecked_datum_undeclared
4079,physical,-97.746047,30.391899,source_crosschecked_datum_undeclared
4080,physical,-97.745793,30.399251,source_crosschecked_datum_undeclared
4081,physical,-97.744834,30.39053,source_crosschecked_datum_undeclared
4082,physical,-97.734201,30.390939,source_crosschecked_datum_undeclared
4083,physical,-97.73329,30.394612,source_crosschecked_datum_undeclared
4084,physical,-97.733849,30.391019,source_crosschecked_datum_undeclared
4085,physical,-97.733122,30.393541,source_crosschecked_datum_undeclared
4086,physical,-97.733383,30.39118,source_crosschecked_datum_undeclared
4087,physical,-97.732061,30.39547,source_crosschecked_datum_undeclared
4088,physical,-97.746478,30.390656,source_crosschecked_datum_undeclared
4089,physical,-97.73965,30.393403,source_crosschecked_datum_undeclared
4090,physical,-97.739333,30.390699,source_crosschecked_datum_undeclared
4091,physical,-97.734457,30.392147,source_crosschecked_datum_undeclared
4092,physical,-97.733467,30.396168,source_crosschecked_datum_undeclared
4093,physical,-97.726566,30.392673,source_crosschecked_datum_undeclared
4094,physical,-97.730988,30.398312,source_crosschecked_datum_undeclared
4095,physical,-97.730084,30.4002,source_crosschecked_datum_undeclared
4096,physical,-97.732269,30.398481,source_crosschecked_datum_undeclared
4097,physical,-97.721548,30.390878,source_crosschecked_datum_undeclared
4098,physical,-97.732414,30.396158,source_crosschecked_datum_undeclared
4099,physical,-97.726084,30.404639,source_crosschecked_datum_undeclared
4100,physical,-97.730802,30.399964,source_crosschecked_datum_undeclared
4101,physical,-97.718571,30.399525,source_crosschecked_datum_undeclared
4102,physical,-97.728418,30.385977,source_crosschecked_datum_undeclared
4103,physical,-97.742412,30.38369,source_crosschecked_datum_undeclared
4104,physical,-97.74057,30.380152,source_crosschecked_datum_undeclared
4105,physical,-97.740368,30.382203,source_crosschecked_datum_undeclared
4106,physical,-97.739898,30.380201,source_crosschecked_datum_undeclared
4107,physical,-97.736293,30.380956,source_crosschecked_datum_undeclared
4108,physical,-97.739492,30.380724,source_crosschecked_datum_undeclared
4109,physical,-97.741447,30.384152,source_crosschecked_datum_undeclared
4110,physical,-97.743353,30.3864,source_crosschecked_datum_undeclared
4111,physical,-97.740562,30.382093,source_crosschecked_datum_undeclared
4112,physical,-97.742632,30.385299,source_crosschecked_datum_undeclared
4113,physical,-97.74382,30.386059,source_crosschecked_datum_undeclared
4114,physical,-97.742039,30.385418,source_crosschecked_datum_undeclared
4115,physical,-97.734995,30.39006,source_crosschecked_datum_undeclared
4116,physical,-97.740178,30.38081,source_crosschecked_datum_undeclared
4117,physical,-97.7359,30.379193,source_crosschecked_datum_undeclared
4118,physical,-97.735556,30.384158,source_crosschecked_datum_undeclared
4119,physical,-97.737302,30.382157,source_crosschecked_datum_undeclared
4120,physical,-97.735769,30.384879,source_crosschecked_datum_undeclared
4121,physical,-97.735577,30.382449,source_crosschecked_datum_undeclared
4122,physical,-97.734841,30.384545,source_crosschecked_datum_undeclared
4123,physical,-97.735623,30.38336,source_crosschecked_datum_undeclared
4124,physical,-97.734652,30.377659,source_crosschecked_datum_undeclared
4125,physical,-97.736353,30.384583,source_crosschecked_datum_undeclared
4126,physical,-97.736118,30.384612,source_crosschecked_datum_undeclared
4127,physical,-97.736351,30.383894,source_crosschecked_datum_undeclared
4128,physical,-97.7431,30.387409,source_crosschecked_datum_undeclared
4129,physical,-97.744252,30.389832,source_crosschecked_datum_undeclared
4130,physical,-97.744905,30.387926,source_crosschecked_datum_undeclared
4131,physical,-97.735425,30.378828,source_crosschecked_datum_undeclared
4132,physical,-97.735002,30.388328,source_crosschecked_datum_undeclared
4133,physical,-97.734541,30.388172,source_crosschecked_datum_undeclared
4134,physical,-97.734489,30.387243,source_crosschecked_datum_undeclared
4135,physical,-97.735583,30.387047,source_crosschecked_datum_undeclared
4136,physical,-97.735454,30.387862,source_crosschecked_datum_undeclared
4137,physical,-97.733865,30.389772,source_crosschecked_datum_undeclared
4138,physical,-97.745409,30.400346,source_crosschecked_datum_undeclared
4139,physical,-97.745183,30.403101,source_crosschecked_datum_undeclared
4140,physical,-97.735573,30.397172,source_crosschecked_datum_undeclared
4141,physical,-97.746338,30.397831,source_crosschecked_datum_undeclared
4142,physical,-97.745147,30.405927,source_crosschecked_datum_undeclared
4143,physical,-97.74283,30.400286,source_crosschecked_datum_undeclared
4144,physical,-97.73943,30.399079,source_crosschecked_datum_undeclared
4145,physical,-97.746063,30.402971,source_crosschecked_datum_undeclared
4146,physical,-97.732347,30.397182,source_crosschecked_datum_undeclared
4147,physical,-97.723823,30.383302,source_crosschecked_datum_undeclared
4148,physical,-97.720032,30.382021,source_crosschecked_datum_undeclared
4149,physical,-97.726531,30.403845,source_crosschecked_datum_undeclared
4150,physical,-97.723673,30.405343,source_crosschecked_datum_undeclared
4151,physical,-97.720575,30.406953,source_crosschecked_datum_undeclared
4152,physical,-97.718522,30.407883,source_crosschecked_datum_undeclared
4153,physical,-97.711353,30.310238,source_crosschecked_datum_undeclared
4154,physical,-97.708063,30.31019,source_crosschecked_datum_undeclared
4155,physical,-97.70669,30.3111,source_crosschecked_datum_undeclared
4156,physical,-97.679542,30.289917,source_crosschecked_datum_undeclared
4157,physical,-97.69127,30.313454,source_crosschecked_datum_undeclared
4158,physical,-97.68215,30.295766,source_crosschecked_datum_undeclared
4159,physical,-97.677438,30.293525,source_crosschecked_datum_undeclared
4160,physical,-97.685277,30.306617,source_crosschecked_datum_undeclared
4161,physical,-97.687829,30.312061,source_crosschecked_datum_undeclared
4162,physical,-97.709705,30.310559,source_crosschecked_datum_undeclared
4163,physical,-97.711512,30.307677,source_crosschecked_datum_undeclared
4164,physical,-97.709684,30.311359,source_crosschecked_datum_undeclared
4165,physical,-97.70782,30.312961,source_crosschecked_datum_undeclared
4166,physical,-97.711244,30.30652,source_crosschecked_datum_undeclared
4167,physical,-97.706836,30.313317,source_crosschecked_datum_undeclared
4168,physical,-97.69229,30.313856,source_crosschecked_datum_undeclared
4169,physical,-97.696177,30.307503,source_crosschecked_datum_undeclared
4170,physical,-97.686875,30.320168,source_crosschecked_datum_undeclared
4171,physical,-97.679283,30.32195,source_crosschecked_datum_undeclared
4172,physical,-97.684731,30.321047,source_crosschecked_datum_undeclared
4173,physical,-97.677336,30.323406,source_crosschecked_datum_undeclared
4174,physical,-97.684571,30.322481,source_crosschecked_datum_undeclared
4175,physical,-97.681146,30.323653,source_crosschecked_datum_undeclared
4176,physical,-97.680084,30.335011,source_crosschecked_datum_undeclared
4177,physical,-97.682225,30.2857,source_crosschecked_datum_undeclared
4178,physical,-97.676871,30.286261,source_crosschecked_datum_undeclared
4179,physical,-97.681103,30.304233,source_crosschecked_datum_undeclared
4180,physical,-97.684753,30.300804,source_crosschecked_datum_undeclared
4181,physical,-97.685023,30.311489,source_crosschecked_datum_undeclared
4182,physical,-97.670495,30.308319,source_crosschecked_datum_undeclared
4183,physical,-97.661924,30.310135,source_crosschecked_datum_undeclared
4184,physical,-97.664065,30.314406,source_crosschecked_datum_undeclared
4185,physical,-97.661109,30.309724,source_crosschecked_datum_undeclared
4186,physical,-97.662419,30.316825,source_crosschecked_datum_undeclared
4187,physical,-97.665049,30.319518,source_crosschecked_datum_undeclared
4188,physical,-97.680654,30.314463,source_crosschecked_datum_undeclared
4189,physical,-97.684323,30.312053,source_crosschecked_datum_undeclared
4190,physical,-97.675862,30.324701,source_crosschecked_datum_undeclared
4191,physical,-97.686339,30.321602,source_crosschecked_datum_undeclared
4192,physical,-97.666935,30.309821,source_crosschecked_datum_undeclared
4193,physical,-97.665932,30.319049,source_crosschecked_datum_undeclared
4194,physical,-97.686119,30.332382,source_crosschecked_datum_undeclared
4195,physical,-97.71043,30.309873,source_crosschecked_datum_undeclared
4196,physical,-97.650264,30.311912,source_crosschecked_datum_undeclared
4197,physical,-97.652307,30.308384,source_crosschecked_datum_undeclared
4198,physical,-97.67373,30.31489,source_crosschecked_datum_undeclared
4199,physical,-97.679354,30.328801,source_crosschecked_datum_undeclared
4200,physical,-97.678082,30.328765,source_crosschecked_datum_undeclared
4201,physical,-97.687171,30.332391,source_crosschecked_datum_undeclared
4202,physical,-97.678312,30.32851,source_crosschecked_datum_undeclared
4203,physical,-97.680319,30.330027,source_crosschecked_datum_undeclared
4204,physical,-97.685902,30.332674,source_crosschecked_datum_undeclared
4205,physical,-97.686464,30.331775,source_crosschecked_datum_undeclared
4206,physical,-97.707533,30.293827,source_crosschecked_datum_undeclared
4207,physical,-97.7117,30.299917,source_crosschecked_datum_undeclared
4208,physical,-97.697286,30.305753,source_crosschecked_datum_undeclared
4209,physical,-97.698626,30.30364,source_crosschecked_datum_undeclared
4210,physical,-97.691005,30.301206,source_crosschecked_datum_undeclared
4211,physical,-97.6927,30.283989,source_crosschecked_datum_undeclared
4212,physical,-97.699929,30.28288,source_crosschecked_datum_undeclared
4213,physical,-97.70365,30.282283,source_crosschecked_datum_undeclared
4214,physical,-97.698191,30.288941,source_crosschecked_datum_undeclared
4215,physical,-97.689005,30.292024,source_crosschecked_datum_undeclared
4216,physical,-97.686729,30.297891,source_crosschecked_datum_undeclared
4217,physical,-97.705,30.284396,source_crosschecked_datum_undeclared
4218,physical,-97.706096,30.28608,source_crosschecked_datum_undeclared
4219,physical,-97.711037,30.28528,source_crosschecked_datum_undeclared
4220,physical,-97.707297,30.281676,source_crosschecked_datum_undeclared
4221,physical,-97.700943,30.287403,source_crosschecked_datum_undeclared
4222,physical,-97.706953,30.289011,source_crosschecked_datum_undeclared
4223,physical,-97.699802,30.285292,source_crosschecked_datum_undeclared
4224,physical,-97.710146,30.290135,source_crosschecked_datum_undeclared
4225,physical,-97.701336,30.282635,source_crosschecked_datum_undeclared
4226,physical,-97.699127,30.290916,source_crosschecked_datum_undeclared
4227,physical,-97.71103,30.305457,source_crosschecked_datum_undeclared
4228,physical,-97.709155,30.308695,source_crosschecked_datum_undeclared
4229,physical,-97.704863,30.306633,source_crosschecked_datum_undeclared
4230,physical,-97.712135,30.305128,source_crosschecked_datum_undeclared
4231,physical,-97.710808,30.309855,source_crosschecked_datum_undeclared
4232,physical,-97.711673,30.308811,source_crosschecked_datum_undeclared
4233,physical,-97.684392,30.282364,source_crosschecked_datum_undeclared
4234,physical,-97.690249,30.300884,source_crosschecked_datum_undeclared
4235,physical,-97.703201,30.32298,source_crosschecked_datum_undeclared
4236,physical,-97.694297,30.322029,source_crosschecked_datum_undeclared
4237,physical,-97.699297,30.320525,source_crosschecked_datum_undeclared
4238,physical,-97.695759,30.320139,source_crosschecked_datum_undeclared
4239,physical,-97.698005,30.321023,source_crosschecked_datum_undeclared
4240,physical,-97.69277,30.320538,source_crosschecked_datum_undeclared
4241,physical,-97.693305,30.323602,source_crosschecked_datum_undeclared
4242,physical,-97.695283,30.328651,source_crosschecked_datum_undeclared
4243,physical,-97.704494,30.3271,source_crosschecked_datum_undeclared
4244,physical,-97.711493,30.321668,source_crosschecked_datum_undeclared
4245,physical,-97.706925,30.327633,source_crosschecked_datum_undeclared
4246,physical,-97.706281,30.326407,source_crosschecked_datum_undeclared
4247,physical,-97.707461,30.323886,source_crosschecked_datum_undeclared
4248,physical,-97.704865,30.324716,source_crosschecked_datum_undeclared
4249,physical,-97.705906,30.329182,source_crosschecked_datum_undeclared
4250,physical,-97.704343,30.330932,source_crosschecked_datum_undeclared
4251,physical,-97.70584,30.323866,source_crosschecked_datum_undeclared
4252,physical,-97.699435,30.337415,source_crosschecked_datum_undeclared
4253,physical,-97.696741,30.341625,source_crosschecked_datum_undeclared
4254,physical,-97.696106,30.315714,source_crosschecked_datum_undeclared
4255,physical,-97.69931,30.316998,source_crosschecked_datum_undeclared
4256,physical,-97.693037,30.321278,source_crosschecked_datum_undeclared
4257,physical,-97.70182,30.322084,source_crosschecked_datum_undeclared
4258,physical,-97.691914,30.325779,source_crosschecked_datum_undeclared
4259,physical,-97.694146,30.327962,source_crosschecked_datum_undeclared
4260,physical,-97.690073,30.328741,source_crosschecked_datum_undeclared
4261,physical,-97.700418,30.330931,source_crosschecked_datum_undeclared
4262,physical,-97.701083,30.334722,source_crosschecked_datum_undeclared
4263,physical,-97.698138,30.339322,source_crosschecked_datum_undeclared
4264,physical,-97.693107,30.336173,source_crosschecked_datum_undeclared
4265,physical,-97.689035,30.324382,source_crosschecked_datum_undeclared
4266,physical,-97.687624,30.326825,source_crosschecked_datum_undeclared
4267,physical,-97.702174,30.327835,source_crosschecked_datum_undeclared
4268,physical,-97.69463,30.324231,source_crosschecked_datum_undeclared
4269,physical,-97.708609,30.325901,source_crosschecked_datum_undeclared
4270,physical,-97.69178,30.334214,source_crosschecked_datum_undeclared
4271,physical,-97.701136,30.315419,source_crosschecked_datum_undeclared
4272,physical,-97.706922,30.316953,source_crosschecked_datum_undeclared
4273,physical,-97.704049,30.321618,source_crosschecked_datum_undeclared
4274,physical,-97.707979,30.319086,source_crosschecked_datum_undeclared
4275,physical,-97.708101,30.318002,source_crosschecked_datum_undeclared
4276,physical,-97.707975,30.320402,source_crosschecked_datum_undeclared
4277,physical,-97.705478,30.320888,source_crosschecked_datum_undeclared
4278,physical,-97.707651,30.322606,source_crosschecked_datum_undeclared
4279,physical,-97.705048,30.323022,source_crosschecked_datum_undeclared
4280,physical,-97.706824,30.322574,source_crosschecked_datum_undeclared
4281,physical,-97.708189,30.314329,source_crosschecked_datum_undeclared
4282,physical,-97.705946,30.31785,source_crosschecked_datum_undeclared
4283,physical,-97.706326,30.315618,source_crosschecked_datum_undeclared
4284,physical,-97.702235,30.31821,source_crosschecked_datum_undeclared
4285,physical,-97.700657,30.32062,source_crosschecked_datum_undeclared
4286,physical,-97.707302,30.31453,source_crosschecked_datum_undeclared
4287,physical,-97.708322,30.316027,source_crosschecked_datum_undeclared
4288,physical,-97.710179,30.31975,source_crosschecked_datum_undeclared
4289,physical,-97.710822,30.321848,source_crosschecked_datum_undeclared
4290,physical,-97.709827,30.322116,source_crosschecked_datum_undeclared
4291,physical,-97.703998,30.316721,source_crosschecked_datum_undeclared
4292,physical,-97.701459,30.320676,source_crosschecked_datum_undeclared
4293,physical,-97.703176,30.320796,source_crosschecked_datum_undeclared
4294,physical,-97.71048,30.335896,source_crosschecked_datum_undeclared
4295,physical,-97.703334,30.335612,source_crosschecked_datum_undeclared
4296,physical,-97.705022,30.333057,source_crosschecked_datum_undeclared
4297,physical,-97.706496,30.329668,source_crosschecked_datum_undeclared
4298,physical,-97.703324,30.334184,source_crosschecked_datum_undeclared
4299,physical,-97.702153,30.334558,source_crosschecked_datum_undeclared
4300,physical,-97.701467,30.337165,source_crosschecked_datum_undeclared
4301,physical,-97.705551,30.333332,source_crosschecked_datum_undeclared
4302,physical,-97.706508,30.33049,source_crosschecked_datum_undeclared
4303,physical,-97.70401,30.32943,source_crosschecked_datum_undeclared
4304,physical,-97.702825,30.332062,source_crosschecked_datum_undeclared
4305,physical,-97.704245,30.328697,source_crosschecked_datum_undeclared
4306,physical,-97.703869,30.341165,source_crosschecked_datum_undeclared
4307,physical,-97.701502,30.33851,source_crosschecked_datum_undeclared
4308,physical,-97.693895,30.31989,source_crosschecked_datum_undeclared
4309,physical,-97.692073,30.31989,source_crosschecked_datum_undeclared
4310,physical,-97.688559,30.320108,source_crosschecked_datum_undeclared
4311,physical,-97.692126,30.321926,source_crosschecked_datum_undeclared
4312,physical,-97.688857,30.322191,source_crosschecked_datum_undeclared
4313,physical,-97.690581,30.313183,source_crosschecked_datum_undeclared
4314,physical,-97.683978,30.33548,source_crosschecked_datum_undeclared
4315,physical,-97.690475,30.333629,source_crosschecked_datum_undeclared
4316,physical,-97.690191,30.334783,source_crosschecked_datum_undeclared
4317,physical,-97.673043,30.293381,source_crosschecked_datum_undeclared
4318,physical,-97.663885,30.292377,source_crosschecked_datum_undeclared
4319,physical,-97.672864,30.300532,source_crosschecked_datum_undeclared
4320,physical,-97.66425,30.304646,source_crosschecked_datum_undeclared
4321,physical,-97.660084,30.302369,source_crosschecked_datum_undeclared
4322,physical,-97.66126,30.302693,source_crosschecked_datum_undeclared
4323,physical,-97.661811,30.284927,source_crosschecked_datum_undeclared
4324,physical,-97.671599,30.283689,source_crosschecked_datum_undeclared
4325,physical,-97.6689,30.286181,source_crosschecked_datum_undeclared
4326,physical,-97.670191,30.286368,source_crosschecked_datum_undeclared
4327,physical,-97.674977,30.286441,source_crosschecked_datum_undeclared
4328,physical,-97.672613,30.29052,source_crosschecked_datum_undeclared
4329,physical,-97.669068,30.288426,source_crosschecked_datum_undeclared
4330,physical,-97.67303,30.30782,source_crosschecked_datum_undeclared
4331,physical,-97.677988,30.307523,source_crosschecked_datum_undeclared
4332,physical,-97.669013,30.308585,source_crosschecked_datum_undeclared
4333,physical,-97.65972,30.284509,source_crosschecked_datum_undeclared
4334,physical,-97.660393,30.28123,source_crosschecked_datum_undeclared
4335,physical,-97.661512,30.280156,source_crosschecked_datum_undeclared
4336,physical,-97.656988,30.302674,source_crosschecked_datum_undeclared
4337,physical,-97.654129,30.309099,source_crosschecked_datum_undeclared
4338,physical,-97.673713,30.326282,source_crosschecked_datum_undeclared
4339,physical,-97.674774,30.327082,source_crosschecked_datum_undeclared
4340,physical,-97.668708,30.327153,source_crosschecked_datum_undeclared
4341,physical,-97.668199,30.326598,source_crosschecked_datum_undeclared
4342,physical,-97.674575,30.325919,source_crosschecked_datum_undeclared
4343,physical,-97.659773,30.320886,source_crosschecked_datum_undeclared
4344,physical,-97.67447,30.326601,source_crosschecked_datum_undeclared
4345,physical,-97.674654,30.326379,source_crosschecked_datum_undeclared
4346,physical,-97.677151,30.327588,source_crosschecked_datum_undeclared
4347,physical,-97.676654,30.328359,source_crosschecked_datum_undeclared
4348,physical,-97.67605,30.323128,source_crosschecked_datum_undeclared
4349,physical,-97.672454,30.324318,source_crosschecked_datum_undeclared
4350,physical,-97.671539,30.324634,source_crosschecked_datum_undeclared
4351,physical,-97.679867,30.318371,source_crosschecked_datum_undeclared
4352,physical,-97.670929,30.323456,source_crosschecked_datum_undeclared
4353,physical,-97.67025,30.323327,source_crosschecked_datum_undeclared
4354,physical,-97.677375,30.324832,source_crosschecked_datum_undeclared
4355,physical,-97.669486,30.323016,source_crosschecked_datum_undeclared
4356,physical,-97.670457,30.322776,source_crosschecked_datum_undeclared
4357,physical,-97.677994,30.333725,source_crosschecked_datum_undeclared
4358,physical,-97.678559,30.335676,source_crosschecked_datum_undeclared
4359,physical,-97.66908,30.335411,source_crosschecked_datum_undeclared
4360,physical,-97.667088,30.329883,source_crosschecked_datum_undeclared
4361,physical,-97.672592,30.330579,source_crosschecked_datum_undeclared
4362,physical,-97.673778,30.328982,source_crosschecked_datum_undeclared
4363,physical,-97.679633,30.332483,source_crosschecked_datum_undeclared
4364,physical,-97.676095,30.328076,source_crosschecked_datum_undeclared
4365,physical,-97.660866,30.319195,source_crosschecked_datum_undeclared
4366,physical,-97.710858,30.371583,source_crosschecked_datum_undeclared
4367,physical,-97.709878,30.376973,source_crosschecked_datum_undeclared
4368,physical,-97.700247,30.375623,source_crosschecked_datum_undeclared
4369,physical,-97.70001,30.377251,source_crosschecked_datum_undeclared
4370,physical,-97.68169,30.354354,source_crosschecked_datum_undeclared
4371,physical,-97.678628,30.352414,source_crosschecked_datum_undeclared
4372,physical,-97.684684,30.360613,source_crosschecked_datum_undeclared
4373,physical,-97.681247,30.366049,source_crosschecked_datum_undeclared
4374,physical,-97.682373,30.365679,source_crosschecked_datum_undeclared
4375,physical,-97.677494,30.37345,source_crosschecked_datum_undeclared
4376,physical,-97.682053,30.379405,source_crosschecked_datum_undeclared
4377,physical,-97.686121,30.381612,source_crosschecked_datum_undeclared
4378,physical,-97.69149,30.372053,source_crosschecked_datum_undeclared
4379,physical,-97.683767,30.386307,source_crosschecked_datum_undeclared
4380,physical,-97.679034,30.399134,source_crosschecked_datum_undeclared
4381,physical,-97.68021,30.3722,source_crosschecked_datum_undeclared
4382,physical,-97.683664,30.366673,source_crosschecked_datum_undeclared
4383,physical,-97.678995,30.372571,source_crosschecked_datum_undeclared
4384,physical,-97.684116,30.364326,source_crosschecked_datum_undeclared
4385,physical,-97.672028,30.375187,source_crosschecked_datum_undeclared
4386,physical,-97.674626,30.376399,source_crosschecked_datum_undeclared
4387,physical,-97.681021,30.378845,source_crosschecked_datum_undeclared
4388,physical,-97.677561,30.376232,source_crosschecked_datum_undeclared
4389,physical,-97.677379,30.375088,source_crosschecked_datum_undeclared
4390,physical,-97.677118,30.372525,source_crosschecked_datum_undeclared
4391,physical,-97.673633,30.380319,source_crosschecked_datum_undeclared
4392,physical,-97.673659,30.383331,source_crosschecked_datum_undeclared
4393,physical,-97.663247,30.3734,source_crosschecked_datum_undeclared
4394,physical,-97.669794,30.374144,source_crosschecked_datum_undeclared
4395,physical,-97.666521,30.378411,source_crosschecked_datum_undeclared
4396,physical,-97.679328,30.361885,source_crosschecked_datum_undeclared
4397,physical,-97.683184,30.355992,source_crosschecked_datum_undeclared
4398,physical,-97.709533,30.361855,source_crosschecked_datum_undeclared
4399,physical,-97.704104,30.359423,source_crosschecked_datum_undeclared
4400,physical,-97.698534,30.359656,source_crosschecked_datum_undeclared
4401,physical,-97.699778,30.35748,source_crosschecked_datum_undeclared
4402,physical,-97.69398,30.350356,source_crosschecked_datum_undeclared
4403,physical,-97.693354,30.360618,source_crosschecked_datum_undeclared
4404,physical,-97.705262,30.353257,source_crosschecked_datum_undeclared
4405,physical,-97.685671,30.359052,source_crosschecked_datum_undeclared
4406,physical,-97.696762,30.362796,source_crosschecked_datum_undeclared
4407,physical,-97.701203,30.364998,source_crosschecked_datum_undeclared
4408,physical,-97.695756,30.364583,source_crosschecked_datum_undeclared
4409,physical,-97.700189,30.366606,source_crosschecked_datum_undeclared
4410,physical,-97.692269,30.360039,source_crosschecked_datum_undeclared
4411,physical,-97.688887,30.35837,source_crosschecked_datum_undeclared
4412,physical,-97.700722,30.366853,source_crosschecked_datum_undeclared
4413,physical,-97.685992,30.359977,source_crosschecked_datum_undeclared
4414,physical,-97.684517,30.365309,source_crosschecked_datum_undeclared
4415,physical,-97.713028,30.350236,source_crosschecked_datum_undeclared
4416,physical,-97.712449,30.351092,source_crosschecked_datum_undeclared
4417,physical,-97.703913,30.35443,source_crosschecked_datum_undeclared
4418,physical,-97.707277,30.345573,source_crosschecked_datum_undeclared
4419,physical,-97.710661,30.34773,source_crosschecked_datum_undeclared
4420,physical,-97.706022,30.345573,source_crosschecked_datum_undeclared
4421,physical,-97.712488,30.346353,source_crosschecked_datum_undeclared
4422,physical,-97.711238,30.348228,source_crosschecked_datum_undeclared
4423,physical,-97.710213,30.345942,source_crosschecked_datum_undeclared
4424,physical,-97.71328,30.346936,source_crosschecked_datum_undeclared
4425,physical,-97.711753,30.348919,source_crosschecked_datum_undeclared
4426,physical,-97.710042,30.346655,source_crosschecked_datum_undeclared
4427,physical,-97.712008,30.349688,source_crosschecked_datum_undeclared
4428,physical,-97.706184,30.367433,source_crosschecked_datum_undeclared
4429,physical,-97.705431,30.36904,source_crosschecked_datum_undeclared
4430,physical,-97.701594,30.365189,source_crosschecked_datum_undeclared
4431,physical,-97.707672,30.364905,source_crosschecked_datum_undeclared
4432,physical,-97.709336,30.37087,source_crosschecked_datum_undeclared
4433,physical,-97.712885,30.363468,source_crosschecked_datum_undeclared
4434,physical,-97.690174,30.351975,source_crosschecked_datum_undeclared
4435,physical,-97.692554,30.348201,source_crosschecked_datum_undeclared
4436,physical,-97.686743,30.357307,source_crosschecked_datum_undeclared
4437,physical,-97.683366,30.355249,source_crosschecked_datum_undeclared
4438,physical,-97.684078,30.355683,source_crosschecked_datum_undeclared
4439,physical,-97.682261,30.355361,source_crosschecked_datum_undeclared
4440,physical,-97.685992,30.353104,source_crosschecked_datum_undeclared
4441,physical,-97.686153,30.358347,source_crosschecked_datum_undeclared
4442,physical,-97.682544,30.35481,source_crosschecked_datum_undeclared
4443,physical,-97.692104,30.370957,source_crosschecked_datum_undeclared
4444,physical,-97.707934,30.392076,source_crosschecked_datum_undeclared
4445,physical,-97.698456,30.387461,source_crosschecked_datum_undeclared
4446,physical,-97.695512,30.385886,source_crosschecked_datum_undeclared
4447,physical,-97.704036,30.39811,source_crosschecked_datum_undeclared
4448,physical,-97.702582,30.400335,source_crosschecked_datum_undeclared
4449,physical,-97.710122,30.388683,source_crosschecked_datum_undeclared
4450,physical,-97.709561,30.382191,source_crosschecked_datum_undeclared
4451,physical,-97.706304,30.378407,source_crosschecked_datum_undeclared
4452,physical,-97.707452,30.400311,source_crosschecked_datum_undeclared
4453,physical,-97.670468,30.358571,source_crosschecked_datum_undeclared
4454,physical,-97.668125,30.362684,source_crosschecked_datum_undeclared
4455,physical,-97.665463,30.372294,source_crosschecked_datum_undeclared
4456,physical,-97.674798,30.358514,source_crosschecked_datum_undeclared
4457,physical,-97.674314,30.344808,source_crosschecked_datum_undeclared
4458,physical,-97.671858,30.35637,source_crosschecked_datum_undeclared
4459,physical,-97.675576,30.350479,source_crosschecked_datum_undeclared
4460,physical,-97.677071,30.345585,source_crosschecked_datum_undeclared
4461,physical,-97.679043,30.363857,source_crosschecked_datum_undeclared
4462,physical,-97.672955,30.395723,source_crosschecked_datum_undeclared
4463,physical,-97.674249,30.384349,source_crosschecked_datum_undeclared
4464,physical,-97.67138,30.396128,source_crosschecked_datum_undeclared
4465,physical,-97.670307,30.39548,source_crosschecked_datum_undeclared
4466,physical,-97.672507,30.380967,source_crosschecked_datum_undeclared
4467,physical,-97.672592,30.396761,source_crosschecked_datum_undeclared
4468,physical,-97.671595,30.398475,source_crosschecked_datum_undeclared
4469,physical,-97.66119,30.392208,source_crosschecked_datum_undeclared
4470,physical,-97.653868,30.393151,source_crosschecked_datum_undeclared
4471,physical,-97.676904,30.377232,source_crosschecked_datum_undeclared
4472,physical,-97.672884,30.379816,source_crosschecked_datum_undeclared
4473,physical,-97.67888,30.401546,source_crosschecked_datum_undeclared
4474,physical,-97.676574,30.400589,source_crosschecked_datum_undeclared
4475,physical,-97.674571,30.399285,source_crosschecked_datum_undeclared
4476,physical,-97.67596,30.404124,source_crosschecked_datum_undeclared
4477,physical,-97.673979,30.402029,source_crosschecked_datum_undeclared
4478,physical,-97.673361,30.402853,source_crosschecked_datum_undeclared
4479,physical,-97.673503,30.405365,source_crosschecked_datum_undeclared
4480,physical,-97.661142,30.382004,source_crosschecked_datum_undeclared
4481,physical,-97.658879,30.390634,source_crosschecked_datum_undeclared
4482,physical,-97.540951,30.182514,source_crosschecked_datum_undeclared
4483,physical,-97.632903,30.222104,source_crosschecked_datum_undeclared
4484,physical,-97.611354,30.257058,source_crosschecked_datum_undeclared
4485,physical,-97.579125,30.247968,source_crosschecked_datum_undeclared
4486,physical,-97.59934,30.157766,source_crosschecked_datum_undeclared
4487,physical,-97.639538,30.177262,source_crosschecked_datum_undeclared
4488,physical,-97.636769,30.163145,source_crosschecked_datum_undeclared
4489,physical,-97.637544,30.202109,source_crosschecked_datum_undeclared
4490,physical,-97.620468,30.261929,source_crosschecked_datum_undeclared
4491,physical,-97.63525,30.274339,source_crosschecked_datum_undeclared
4492,physical,-97.62151,30.262993,source_crosschecked_datum_undeclared
4493,physical,-97.560827,30.248544,source_crosschecked_datum_undeclared
4494,physical,-97.555928,30.255091,source_crosschecked_datum_undeclared
4495,physical,-97.554974,30.256684,source_crosschecked_datum_undeclared
4496,physical,-97.615454,30.342829,source_crosschecked_datum_undeclared
4497,physical,-97.613586,30.346027,source_crosschecked_datum_undeclared
4498,physical,-97.639109,30.352483,source_crosschecked_datum_undeclared
4499,physical,-97.60582,30.358734,source_crosschecked_datum_undeclared
4500,physical,-97.579923,30.343886,source_crosschecked_datum_undeclared
4501,physical,-97.570596,30.342182,source_crosschecked_datum_undeclared
4502,physical,-97.585073,30.342352,source_crosschecked_datum_undeclared
4503,physical,-97.557365,30.340873,source_crosschecked_datum_undeclared
4504,physical,-97.542135,30.343072,source_crosschecked_datum_undeclared
4505,physical,-97.583616,30.378256,source_crosschecked_datum_undeclared
4506,physical,-97.558961,30.34856,source_crosschecked_datum_undeclared
4507,physical,-97.568912,30.342048,source_crosschecked_datum_undeclared
4508,physical,-97.566501,30.366481,source_crosschecked_datum_undeclared
4509,physical,-97.584546,30.385635,source_crosschecked_datum_undeclared
4510,physical,-97.538265,30.349038,source_crosschecked_datum_undeclared
4511,physical,-97.627772,30.290951,source_crosschecked_datum_undeclared
4512,physical,-97.630316,30.322023,source_crosschecked_datum_undeclared
4513,physical,-97.623014,30.2983,source_crosschecked_datum_undeclared
4514,physical,-97.614485,30.311584,source_crosschecked_datum_undeclared
4515,physical,-97.605033,30.32621,source_crosschecked_datum_undeclared
4516,physical,-97.618409,30.338515,source_crosschecked_datum_undeclared
4517,physical,-97.640996,30.297339,source_crosschecked_datum_undeclared
4518,physical,-97.63067,30.286378,source_crosschecked_datum_undeclared
4519,physical,-97.625719,30.294123,source_crosschecked_datum_undeclared
4520,physical,-97.64632,30.299094,source_crosschecked_datum_undeclared
4521,physical,-97.62313,30.330815,source_crosschecked_datum_undeclared
4522,physical,-97.621131,30.334312,source_crosschecked_datum_undeclared
4523,physical,-97.615769,30.352404,source_crosschecked_datum_undeclared
4524,physical,-97.62828,30.375829,source_crosschecked_datum_undeclared
4525,physical,-97.628657,30.364442,source_crosschecked_datum_undeclared
4526,physical,-97.624432,30.390038,source_crosschecked_datum_undeclared
4527,physical,-97.606003,30.381294,source_crosschecked_datum_undeclared
4528,physical,-97.615171,30.367186,source_crosschecked_datum_undeclared
4529,physical,-97.617722,30.365429,source_crosschecked_datum_undeclared
4530,physical,-97.635707,30.378277,source_crosschecked_datum_undeclared
4531,physical,-97.612439,30.364355,source_crosschecked_datum_undeclared
4532,physical,-97.629357,30.362644,source_crosschecked_datum_undeclared
4533,physical,-97.644066,30.394418,source_crosschecked_datum_undeclared
4534,physical,-97.638272,30.40338,source_crosschecked_datum_undeclared
4535,physical,-97.61191,30.352565,source_crosschecked_datum_undeclared
4536,physical,-97.595064,30.394636,source_crosschecked_datum_undeclared
4537,physical,-97.563979,30.305063,source_crosschecked_datum_undeclared
4538,physical,-97.558221,30.337437,source_crosschecked_datum_undeclared
4539,physical,-97.542475,30.321883,source_crosschecked_datum_undeclared
4540,physical,-97.530454,30.304888,source_crosschecked_datum_undeclared
4541,physical,-97.527943,30.30054,source_crosschecked_datum_undeclared
4542,physical,-97.525887,30.338695,source_crosschecked_datum_undeclared
4543,physical,-97.553175,30.38719,source_crosschecked_datum_undeclared
4544,physical,-97.561842,30.373788,source_crosschecked_datum_undeclared
4545,physical,-97.540065,30.380946,source_crosschecked_datum_undeclared
4546,physical,-97.528273,30.367369,source_crosschecked_datum_undeclared
4547,physical,-97.530808,30.402272,source_crosschecked_datum_undeclared
4548,physical,-98.038942,30.510388,source_crosschecked_datum_undeclared
4549,physical,-97.780251,30.47257,source_crosschecked_datum_undeclared
4550,physical,-97.773758,30.474049,source_crosschecked_datum_undeclared
4551,physical,-97.774529,30.474812,source_crosschecked_datum_undeclared
4552,physical,-97.78044,30.473105,source_crosschecked_datum_undeclared
4553,physical,-97.783285,30.471878,source_crosschecked_datum_undeclared
4554,physical,-97.770869,30.474461,source_crosschecked_datum_undeclared
4555,physical,-97.77596,30.45312,source_crosschecked_datum_undeclared
4556,physical,-97.780649,30.451496,source_crosschecked_datum_undeclared
4557,physical,-97.922419,30.664729,source_crosschecked_datum_undeclared
4558,physical,-97.933511,30.674549,source_crosschecked_datum_undeclared
4559,physical,-97.911038,30.667956,source_crosschecked_datum_undeclared
4560,physical,-97.893854,30.682241,source_crosschecked_datum_undeclared
4561,physical,-97.78237,30.428919,source_crosschecked_datum_undeclared
4562,physical,-97.776088,30.432049,source_crosschecked_datum_undeclared
4563,physical,-97.779272,30.445967,source_crosschecked_datum_undeclared
4564,physical,-97.784945,30.450154,source_crosschecked_datum_undeclared
4565,physical,-97.776623,30.4565,source_crosschecked_datum_undeclared
4566,physical,-97.779733,30.463153,source_crosschecked_datum_undeclared
4567,physical,-97.789636,30.508765,source_crosschecked_datum_undeclared
4568,physical,-97.775032,30.507764,source_crosschecked_datum_undeclared
4569,physical,-97.776255,30.537217,source_crosschecked_datum_undeclared
4570,physical,-97.879073,30.662809,source_crosschecked_datum_undeclared
4571,physical,-97.878742,30.688883,source_crosschecked_datum_undeclared
4572,physical,-97.804445,30.590239,source_crosschecked_datum_undeclared
4573,physical,-97.76432,30.596977,source_crosschecked_datum_undeclared
4574,physical,-97.783603,30.576287,source_crosschecked_datum_undeclared
4575,physical,-97.776335,30.582212,source_crosschecked_datum_undeclared
4576,physical,-97.832567,30.688299,source_crosschecked_datum_undeclared
4577,physical,-97.798583,30.63684,source_crosschecked_datum_undeclared
4578,physical,-97.779071,30.634317,source_crosschecked_datum_undeclared
4579,physical,-97.947207,30.660277,source_crosschecked_datum_undeclared
4580,physical,-97.849655,30.68251,source_crosschecked_datum_undeclared
4581,physical,-97.868297,30.666478,source_crosschecked_datum_undeclared
4582,physical,-97.797916,30.7129,source_crosschecked_datum_undeclared
4583,physical,-97.777088,30.705619,source_crosschecked_datum_undeclared
4584,physical,-97.766509,30.714424,source_crosschecked_datum_undeclared
4585,physical,-97.794622,30.733725,source_crosschecked_datum_undeclared
4586,physical,-97.773644,30.720897,source_crosschecked_datum_undeclared
4587,physical,-97.792564,30.779696,source_crosschecked_datum_undeclared
4588,physical,-97.776718,30.784815,source_crosschecked_datum_undeclared
4589,physical,-97.777995,30.819274,source_crosschecked_datum_undeclared
4590,physical,-97.784946,30.844098,source_crosschecked_datum_undeclared
4591,physical,-97.746004,30.852156,source_crosschecked_datum_undeclared
4592,physical,-97.779875,30.539889,source_crosschecked_datum_undeclared
4593,physical,-97.776853,30.567858,source_crosschecked_datum_undeclared
4594,physical,-97.737971,30.66944,source_crosschecked_datum_undeclared
4595,physical,-97.717634,30.682861,source_crosschecked_datum_undeclared
4596,physical,-97.665892,30.666229,source_crosschecked_datum_undeclared
4597,physical,-97.662287,30.674023,source_crosschecked_datum_undeclared
4598,physical,-97.66586,30.670135,source_crosschecked_datum_undeclared
4599,physical,-97.621543,30.674998,source_crosschecked_datum_undeclared
4600,physical,-97.542356,30.676805,source_crosschecked_datum_undeclared
4601,physical,-97.538345,30.659603,source_crosschecked_datum_undeclared
4602,physical,-97.53097,30.677696,source_crosschecked_datum_undeclared
4603,physical,-97.774019,30.738582,source_crosschecked_datum_undeclared
4604,physical,-97.701638,30.673487,source_crosschecked_datum_undeclared
4605,physical,-97.669762,30.675055,source_crosschecked_datum_undeclared
4606,physical,-97.669401,30.667619,source_crosschecked_datum_undeclared
4607,physical,-97.664613,30.675336,source_crosschecked_datum_undeclared
4608,physical,-97.662512,30.675304,source_crosschecked_datum_undeclared
4609,physical,-97.662888,30.676516,source_crosschecked_datum_undeclared
4610,physical,-97.672155,30.661745,source_crosschecked_datum_undeclared
4611,physical,-97.790807,30.835002,source_crosschecked_datum_undeclared
4612,physical,-97.801423,30.86635,source_crosschecked_datum_undeclared
4613,physical,-97.633275,30.669994,source_crosschecked_datum_undeclared
4614,physical,-97.585937,30.674731,source_crosschecked_datum_undeclared
4615,physical,-97.583107,30.668111,source_crosschecked_datum_undeclared
4616,physical,-97.770795,30.474651,source_crosschecked_datum_undeclared
4617,physical,-97.783326,30.471985,source_crosschecked_datum_undeclared
4618,physical,-97.782399,30.441101,source_crosschecked_datum_undeclared
4619,physical,-97.779349,30.439185,source_crosschecked_datum_undeclared
4620,physical,-97.778785,30.439764,source_crosschecked_datum_undeclared
4621,physical,-97.781865,30.441616,source_crosschecked_datum_undeclared
4622,physical,-97.790151,30.4478,source_crosschecked_datum_undeclared
4623,physical,-97.773713,30.436169,source_crosschecked_datum_undeclared
4624,physical,-97.772922,30.435898,source_crosschecked_datum_undeclared
4625,physical,-97.790023,30.447815,source_crosschecked_datum_undeclared
4626,physical,-97.911725,30.44215,source_crosschecked_datum_undeclared
4627,physical,-97.904401,30.449426,source_crosschecked_datum_undeclared
4628,physical,-97.945845,30.557239,source_crosschecked_datum_undeclared
4629,physical,-97.911433,30.511005,source_crosschecked_datum_undeclared
4630,physical,-97.910658,30.649572,source_crosschecked_datum_undeclared
4631,physical,-97.907746,30.572379,source_crosschecked_datum_undeclared
4632,physical,-97.893731,30.659744,source_crosschecked_datum_undeclared
4633,physical,-97.901209,30.477924,source_crosschecked_datum_undeclared
4634,physical,-97.894821,30.518785,source_crosschecked_datum_undeclared
4635,physical,-97.851843,30.546577,source_crosschecked_datum_undeclared
4636,physical,-97.800184,30.538015,source_crosschecked_datum_undeclared
4637,physical,-97.793087,30.545899,source_crosschecked_datum_undeclared
4638,physical,-97.844844,30.529622,source_crosschecked_datum_undeclared
4639,physical,-97.839396,30.542832,source_crosschecked_datum_undeclared
4640,physical,-97.83799,30.539524,source_crosschecked_datum_undeclared
4641,physical,-97.829919,30.53455,source_crosschecked_datum_undeclared
4642,physical,-97.806164,30.536792,source_crosschecked_datum_undeclared
4643,physical,-97.979233,30.492385,source_crosschecked_datum_undeclared
4644,physical,-97.976926,30.481116,source_crosschecked_datum_undeclared
4645,physical,-97.974251,30.474005,source_crosschecked_datum_undeclared
4646,physical,-97.979566,30.454777,source_crosschecked_datum_undeclared
4647,physical,-97.991415,30.472365,source_crosschecked_datum_undeclared
4648,physical,-97.986889,30.453639,source_crosschecked_datum_undeclared
4649,physical,-98.008957,30.656102,source_crosschecked_datum_undeclared
4650,physical,-97.916857,30.666847,source_crosschecked_datum_undeclared
4651,physical,-97.845607,30.456943,source_crosschecked_datum_undeclared
4652,physical,-97.846112,30.473235,source_crosschecked_datum_undeclared
4653,physical,-97.84176,30.522306,source_crosschecked_datum_undeclared
4654,physical,-97.845343,30.420247,source_crosschecked_datum_undeclared
4655,physical,-97.831847,30.445155,source_crosschecked_datum_undeclared
4656,physical,-97.838284,30.460705,source_crosschecked_datum_undeclared
4657,physical,-97.841321,30.474667,source_crosschecked_datum_undeclared
4658,physical,-97.815704,30.475713,source_crosschecked_datum_undeclared
4659,physical,-97.809721,30.475362,source_crosschecked_datum_undeclared
4660,physical,-97.839735,30.517502,source_crosschecked_datum_undeclared
4661,physical,-97.851342,30.514122,source_crosschecked_datum_undeclared
4662,physical,-97.854638,30.527014,source_crosschecked_datum_undeclared
4663,physical,-97.790016,30.470209,source_crosschecked_datum_undeclared
4664,physical,-97.797417,30.469788,source_crosschecked_datum_undeclared
4665,physical,-97.80369,30.482038,source_crosschecked_datum_undeclared
4666,physical,-97.803249,30.479035,source_crosschecked_datum_undeclared
4667,physical,-97.798471,30.471311,source_crosschecked_datum_undeclared
4668,physical,-97.79779,30.471494,source_crosschecked_datum_undeclared
4669,physical,-97.852776,30.484195,source_crosschecked_datum_undeclared
4670,physical,-97.80205,30.479756,source_crosschecked_datum_undeclared
4671,physical,-97.804055,30.481923,source_crosschecked_datum_undeclared
4672,physical,-97.797538,30.469754,source_crosschecked_datum_undeclared
4673,physical,-97.856275,30.504575,source_crosschecked_datum_undeclared
4674,physical,-97.85779,30.512101,source_crosschecked_datum_undeclared
4675,physical,-97.88545,30.511701,source_crosschecked_datum_undeclared
4676,physical,-97.853647,30.52077,source_crosschecked_datum_undeclared
4677,physical,-97.819026,30.449621,source_crosschecked_datum_undeclared
4678,physical,-97.811609,30.446738,source_crosschecked_datum_undeclared
4679,physical,-97.81113,30.458053,source_crosschecked_datum_undeclared
4680,physical,-97.810385,30.438159,source_crosschecked_datum_undeclared
4681,physical,-97.805994,30.441085,source_crosschecked_datum_undeclared
4682,physical,-97.805213,30.441968,source_crosschecked_datum_undeclared
4683,physical,-97.800091,30.446941,source_crosschecked_datum_undeclared
4684,physical,-97.815652,30.461285,source_crosschecked_datum_undeclared
4685,physical,-97.786519,30.444635,source_crosschecked_datum_undeclared
4686,physical,-97.787057,30.444068,source_crosschecked_datum_undeclared
4687,physical,-97.826257,30.455395,source_crosschecked_datum_undeclared
4688,physical,-97.824879,30.455006,source_crosschecked_datum_undeclared
4689,physical,-97.801209,30.419433,source_crosschecked_datum_undeclared
4690,physical,-97.800483,30.431549,source_crosschecked_datum_undeclared
4691,physical,-97.79351,30.422286,source_crosschecked_datum_undeclared
4692,physical,-97.794047,30.421551,source_crosschecked_datum_undeclared
4693,physical,-97.78731,30.422111,source_crosschecked_datum_undeclared
4694,physical,-97.802975,30.430501,source_crosschecked_datum_undeclared
4695,physical,-97.792001,30.412155,source_crosschecked_datum_undeclared
4696,physical,-97.796445,30.468104,source_crosschecked_datum_undeclared
4697,physical,-97.796187,30.467492,source_crosschecked_datum_undeclared
4698,physical,-97.789702,30.46944,source_crosschecked_datum_undeclared
4699,physical,-97.80665,30.455434,source_crosschecked_datum_undeclared
4700,physical,-97.791952,30.455257,source_crosschecked_datum_undeclared
4701,physical,-97.80047,30.457609,source_crosschecked_datum_undeclared
4702,physical,-97.790346,30.448557,source_crosschecked_datum_undeclared
4703,physical,-97.793945,30.46096,source_crosschecked_datum_undeclared
4704,physical,-97.792371,30.455131,source_crosschecked_datum_undeclared
4705,physical,-97.795803,30.465678,source_crosschecked_datum_undeclared
4706,physical,-97.799086,30.467018,source_crosschecked_datum_undeclared
4707,physical,-97.791722,30.456205,source_crosschecked_datum_undeclared
4708,physical,-97.793506,30.461121,source_crosschecked_datum_undeclared
4709,physical,-97.790726,30.448452,source_crosschecked_datum_undeclared
4710,physical,-97.794397,30.460829,source_crosschecked_datum_undeclared
4711,physical,-97.796138,30.465279,source_crosschecked_datum_undeclared
4712,physical,-97.794356,30.468507,source_crosschecked_datum_undeclared
4713,physical,-97.794313,30.468405,source_crosschecked_datum_undeclared
4714,physical,-97.799042,30.466914,source_crosschecked_datum_undeclared
4715,physical,-97.795922,30.465641,source_crosschecked_datum_undeclared
4716,physical,-97.796917,30.468463,source_crosschecked_datum_undeclared
4717,physical,-97.797041,30.468438,source_crosschecked_datum_undeclared
4718,physical,-97.795395,30.46551,source_crosschecked_datum_undeclared
4719,physical,-97.792581,30.455925,source_crosschecked_datum_undeclared
4720,physical,-97.791597,30.454047,source_crosschecked_datum_undeclared
4721,physical,-97.794615,30.462767,source_crosschecked_datum_undeclared
4722,physical,-97.791724,30.454037,source_crosschecked_datum_undeclared
4723,physical,-97.794735,30.462731,source_crosschecked_datum_undeclared
4724,physical,-97.809791,30.451705,source_crosschecked_datum_undeclared
4725,physical,-97.80697,30.446946,source_crosschecked_datum_undeclared
4726,physical,-97.801656,30.465814,source_crosschecked_datum_undeclared
4727,physical,-97.800677,30.466402,source_crosschecked_datum_undeclared
4728,physical,-97.801244,30.466666,source_crosschecked_datum_undeclared
4729,physical,-97.800017,30.466727,source_crosschecked_datum_undeclared
4730,physical,-97.800367,30.466247,source_crosschecked_datum_undeclared
4731,physical,-97.796924,30.46723,source_crosschecked_datum_undeclared
4732,physical,-97.797257,30.4701,source_crosschecked_datum_undeclared
4733,physical,-97.797871,30.469975,source_crosschecked_datum_undeclared
4734,physical,-97.797175,30.467894,source_crosschecked_datum_undeclared
4735,physical,-97.800598,30.466861,source_crosschecked_datum_undeclared
4736,physical,-97.789883,30.448693,source_crosschecked_datum_undeclared
4737,physical,-97.789756,30.446217,source_crosschecked_datum_undeclared
4738,physical,-97.791477,30.45534,source_crosschecked_datum_undeclared
4739,physical,-97.7889,30.446597,source_crosschecked_datum_undeclared
4740,physical,-97.784491,30.471959,source_crosschecked_datum_undeclared
4741,physical,-97.784199,30.471174,source_crosschecked_datum_undeclared
4742,physical,-97.819604,30.504523,source_crosschecked_datum_undeclared
4743,physical,-97.812101,30.504654,source_crosschecked_datum_undeclared
4744,physical,-97.823042,30.509406,source_crosschecked_datum_undeclared
4745,physical,-97.835235,30.505147,source_crosschecked_datum_undeclared
4746,physical,-97.824428,30.522152,source_crosschecked_datum_undeclared
4747,physical,-97.816494,30.524532,source_crosschecked_datum_undeclared
4748,physical,-97.814858,30.538924,source_crosschecked_datum_undeclared
4749,physical,-97.817442,30.477586,source_crosschecked_datum_undeclared
4750,physical,-97.81086,30.494247,source_crosschecked_datum_undeclared
4751,physical,-97.816213,30.500686,source_crosschecked_datum_undeclared
4752,physical,-97.798293,30.505585,source_crosschecked_datum_undeclared
4753,physical,-97.806449,30.502797,source_crosschecked_datum_undeclared
4754,physical,-97.832681,30.480587,source_crosschecked_datum_undeclared
4755,physical,-97.826739,30.493729,source_crosschecked_datum_undeclared
4756,physical,-97.830302,30.500228,source_crosschecked_datum_undeclared
4757,physical,-97.837875,30.475778,source_crosschecked_datum_undeclared
4758,physical,-97.822541,30.495675,source_crosschecked_datum_undeclared
4759,physical,-97.827138,30.516557,source_crosschecked_datum_undeclared
4760,physical,-97.829851,30.520525,source_crosschecked_datum_undeclared
4761,physical,-97.832337,30.526303,source_crosschecked_datum_undeclared
4762,physical,-97.820935,30.537124,source_crosschecked_datum_undeclared
4763,physical,-97.840061,30.531101,source_crosschecked_datum_undeclared
4764,physical,-97.835079,30.532673,source_crosschecked_datum_undeclared
4765,physical,-97.82479,30.513411,source_crosschecked_datum_undeclared
4766,physical,-97.808611,30.489395,source_crosschecked_datum_undeclared
4767,physical,-97.80311,30.479146,source_crosschecked_datum_undeclared
4768,physical,-97.80524,30.481865,source_crosschecked_datum_undeclared
4769,physical,-97.806256,30.484041,source_crosschecked_datum_undeclared
4770,physical,-97.803834,30.483251,source_crosschecked_datum_undeclared
4771,physical,-97.802118,30.502964,source_crosschecked_datum_undeclared
4772,physical,-97.809356,30.503126,source_crosschecked_datum_undeclared
4773,physical,-97.803678,30.52827,source_crosschecked_datum_undeclared
4774,physical,-97.793404,30.53082,source_crosschecked_datum_undeclared
4775,physical,-97.808026,30.527072,source_crosschecked_datum_undeclared
4776,physical,-97.880361,30.589764,source_crosschecked_datum_undeclared
4777,physical,-97.904345,30.630726,source_crosschecked_datum_undeclared
4778,physical,-97.849462,30.55613,source_crosschecked_datum_undeclared
4779,physical,-97.843843,30.557829,source_crosschecked_datum_undeclared
4780,physical,-97.841105,30.552154,source_crosschecked_datum_undeclared
4781,physical,-97.848488,30.568872,source_crosschecked_datum_undeclared
4782,physical,-97.862139,30.597106,source_crosschecked_datum_undeclared
4783,physical,-97.85978,30.617735,source_crosschecked_datum_undeclared
4784,physical,-97.875071,30.652987,source_crosschecked_datum_undeclared
4785,physical,-97.832758,30.638304,source_crosschecked_datum_undeclared
4786,physical,-97.818602,30.580861,source_crosschecked_datum_undeclared
4787,physical,-97.835462,30.582649,source_crosschecked_datum_undeclared
4788,physical,-97.871143,30.643704,source_crosschecked_datum_undeclared
4789,physical,-97.824635,30.62678,source_crosschecked_datum_undeclared
4790,physical,-97.816167,30.60465,source_crosschecked_datum_undeclared
4791,physical,-97.865207,30.565791,source_crosschecked_datum_undeclared
4792,physical,-97.882665,30.573004,source_crosschecked_datum_undeclared
4793,physical,-97.852391,30.578448,source_crosschecked_datum_undeclared
4794,physical,-97.871701,30.576412,source_crosschecked_datum_undeclared
4795,physical,-97.855188,30.551599,source_crosschecked_datum_undeclared
4796,physical,-97.864139,30.564475,source_crosschecked_datum_undeclared
4797,physical,-97.856386,30.57955,source_crosschecked_datum_undeclared
4798,physical,-97.85324,30.580474,source_crosschecked_datum_undeclared
4799,physical,-97.81964,30.565183,source_crosschecked_datum_undeclared
4800,physical,-97.809208,30.58685,source_crosschecked_datum_undeclared
4801,physical,-97.801464,30.568503,source_crosschecked_datum_undeclared
4802,physical,-97.813898,30.566981,source_crosschecked_datum_undeclared
4803,physical,-97.789068,30.574615,source_crosschecked_datum_undeclared
4804,physical,-97.824442,30.563766,source_crosschecked_datum_undeclared
4805,physical,-97.835783,30.560418,source_crosschecked_datum_undeclared
4806,physical,-97.784476,30.576138,source_crosschecked_datum_undeclared
4807,physical,-97.877659,30.696104,source_crosschecked_datum_undeclared
4808,physical,-97.896759,30.740692,source_crosschecked_datum_undeclared
4809,physical,-97.927233,30.714984,source_crosschecked_datum_undeclared
4810,physical,-97.876885,30.774649,source_crosschecked_datum_undeclared
4811,physical,-97.889688,30.806588,source_crosschecked_datum_undeclared
4812,physical,-97.852337,30.782089,source_crosschecked_datum_undeclared
4813,physical,-97.850393,30.803422,source_crosschecked_datum_undeclared
4814,physical,-97.844985,30.805549,source_crosschecked_datum_undeclared
4815,physical,-97.808884,30.815593,source_crosschecked_datum_undeclared
4816,physical,-97.971308,30.690112,source_crosschecked_datum_undeclared
4817,physical,-97.959478,30.682505,source_crosschecked_datum_undeclared
4818,physical,-97.936631,30.688541,source_crosschecked_datum_undeclared
4819,physical,-97.944317,30.700051,source_crosschecked_datum_undeclared
4820,physical,-97.875969,30.726002,source_crosschecked_datum_undeclared
4821,physical,-97.876023,30.756328,source_crosschecked_datum_undeclared
4822,physical,-97.85907,30.707579,source_crosschecked_datum_undeclared
4823,physical,-97.827939,30.703334,source_crosschecked_datum_undeclared
4824,physical,-97.845932,30.732835,source_crosschecked_datum_undeclared
4825,physical,-97.831363,30.721292,source_crosschecked_datum_undeclared
4826,physical,-97.842461,30.764621,source_crosschecked_datum_undeclared
4827,physical,-97.815611,30.772247,source_crosschecked_datum_undeclared
4828,physical,-97.877008,30.707009,source_crosschecked_datum_undeclared
4829,physical,-97.872008,30.704407,source_crosschecked_datum_undeclared
4830,physical,-97.864193,30.840941,source_crosschecked_datum_undeclared
4831,physical,-97.834573,30.85079,source_crosschecked_datum_undeclared
4832,physical,-97.858053,30.824251,source_crosschecked_datum_undeclared
4833,physical,-97.801274,30.887819,source_crosschecked_datum_undeclared
4834,physical,-97.901526,30.836043,source_crosschecked_datum_undeclared
4835,physical,-97.809675,30.828112,source_crosschecked_datum_undeclared
4836,physical,-97.82009,30.85163,source_crosschecked_datum_undeclared
4837,physical,-97.800416,30.853411,source_crosschecked_datum_undeclared
4838,physical,-97.802601,30.839294,source_crosschecked_datum_undeclared
4839,physical,-97.797071,30.832592,source_crosschecked_datum_undeclared
4840,physical,-97.793799,30.841155,source_crosschecked_datum_undeclared
4841,physical,-97.795097,30.844619,source_crosschecked_datum_undeclared
4842,physical,-97.791371,30.841914,source_crosschecked_datum_undeclared
4843,physical,-97.791663,30.835961,source_crosschecked_datum_undeclared
4844,physical,-97.650617,30.48454,source_crosschecked_datum_undeclared
4845,physical,-97.646667,30.481942,source_crosschecked_datum_undeclared
4846,physical,-97.760202,30.543863,source_crosschecked_datum_undeclared
4847,physical,-97.742113,30.535557,source_crosschecked_datum_undeclared
4848,physical,-97.651448,30.412924,source_crosschecked_datum_undeclared
4849,physical,-97.643076,30.442467,source_crosschecked_datum_undeclared
4850,physical,-97.651139,30.456432,source_crosschecked_datum_undeclared
4851,physical,-97.64422,30.465808,source_crosschecked_datum_undeclared
4852,physical,-97.692298,30.537006,source_crosschecked_datum_undeclared
4853,physical,-97.692531,30.541872,source_crosschecked_datum_undeclared
4854,physical,-97.643065,30.486964,source_crosschecked_datum_undeclared
4855,physical,-97.666118,30.538996,source_crosschecked_datum_undeclared
4856,physical,-97.658552,30.540801,source_crosschecked_datum_undeclared
4857,physical,-97.698718,30.534723,source_crosschecked_datum_undeclared
4858,physical,-97.69453,30.546142,source_crosschecked_datum_undeclared
4859,physical,-97.694682,30.53598,source_crosschecked_datum_undeclared
4860,physical,-97.69071,30.540201,source_crosschecked_datum_undeclared
4861,physical,-97.690609,30.535682,source_crosschecked_datum_undeclared
4862,physical,-97.6932,30.54473,source_crosschecked_datum_undeclared
4863,physical,-97.693068,30.535583,source_crosschecked_datum_undeclared
4864,physical,-97.691839,30.554615,source_crosschecked_datum_undeclared
4865,physical,-97.691299,30.537337,source_crosschecked_datum_undeclared
4866,physical,-97.681304,30.535737,source_crosschecked_datum_undeclared
4867,physical,-97.675269,30.549294,source_crosschecked_datum_undeclared
4868,physical,-97.668085,30.538693,source_crosschecked_datum_undeclared
4869,physical,-97.649715,30.543529,source_crosschecked_datum_undeclared
4870,physical,-97.651289,30.536342,source_crosschecked_datum_undeclared
4871,physical,-97.636558,30.547028,source_crosschecked_datum_undeclared
4872,physical,-97.657458,30.587911,source_crosschecked_datum_undeclared
4873,physical,-97.634931,30.598678,source_crosschecked_datum_undeclared
4874,physical,-97.649867,30.572768,source_crosschecked_datum_undeclared
4875,physical,-97.644972,30.557626,source_crosschecked_datum_undeclared
4876,physical,-97.654914,30.635633,source_crosschecked_datum_undeclared
4877,physical,-97.644312,30.638104,source_crosschecked_datum_undeclared
4878,physical,-97.638818,30.447201,source_crosschecked_datum_undeclared
4879,physical,-97.661463,30.448384,source_crosschecked_datum_undeclared
4880,physical,-97.645259,30.4961,source_crosschecked_datum_undeclared
4881,physical,-97.65395,30.49598,source_crosschecked_datum_undeclared
4882,physical,-97.620211,30.546351,source_crosschecked_datum_undeclared
4883,physical,-97.60082,30.534992,source_crosschecked_datum_undeclared
4884,physical,-97.60082,30.545928,source_crosschecked_datum_undeclared
4885,physical,-97.571325,30.517886,source_crosschecked_datum_undeclared
4886,physical,-97.562729,30.539912,source_crosschecked_datum_undeclared
4887,physical,-97.574133,30.53844,source_crosschecked_datum_undeclared
4888,physical,-97.569248,30.561894,source_crosschecked_datum_undeclared
4889,physical,-97.55004,30.542054,source_crosschecked_datum_undeclared
4890,physical,-97.544642,30.520135,source_crosschecked_datum_undeclared
4891,physical,-97.541523,30.54355,source_crosschecked_datum_undeclared
4892,physical,-97.613963,30.54647,source_crosschecked_datum_undeclared
4893,physical,-97.613816,30.539721,source_crosschecked_datum_undeclared
4894,physical,-97.605992,30.532765,source_crosschecked_datum_undeclared
4895,physical,-97.588612,30.53657,source_crosschecked_datum_undeclared
4896,physical,-97.644186,30.665946,source_crosschecked_datum_undeclared
4897,physical,-97.651271,30.663053,source_crosschecked_datum_undeclared
4898,physical,-97.649818,30.518637,source_crosschecked_datum_undeclared
4899,physical,-97.645867,30.51926,source_crosschecked_datum_undeclared
4900,physical,-97.652867,30.432226,source_crosschecked_datum_undeclared
4901,physical,-97.708038,30.545279,source_crosschecked_datum_undeclared
4902,physical,-97.707078,30.532051,source_crosschecked_datum_undeclared
4903,physical,-97.645613,30.508417,source_crosschecked_datum_undeclared
4904,physical,-97.645855,30.512329,source_crosschecked_datum_undeclared
4905,physical,-97.648768,30.6198,source_crosschecked_datum_undeclared
4906,physical,-97.644216,30.621024,source_crosschecked_datum_undeclared
4907,physical,-97.652146,30.616557,source_crosschecked_datum_undeclared
4908,physical,-97.647199,30.428277,source_crosschecked_datum_undeclared
4909,physical,-97.672115,30.479417,source_crosschecked_datum_undeclared
4910,physical,-97.669999,30.472643,source_crosschecked_datum_undeclared
4911,physical,-97.674526,30.479097,source_crosschecked_datum_undeclared
4912,physical,-97.672541,30.472643,source_crosschecked_datum_undeclared
4913,physical,-97.67227,30.477196,source_crosschecked_datum_undeclared
4914,physical,-97.670375,30.471264,source_crosschecked_datum_undeclared
4915,physical,-97.699984,30.473376,source_crosschecked_datum_undeclared
4916,physical,-97.698455,30.476164,source_crosschecked_datum_undeclared
4917,physical,-97.703571,30.476245,source_crosschecked_datum_undeclared
4918,physical,-97.698171,30.476501,source_crosschecked_datum_undeclared
4919,physical,-97.700339,30.473346,source_crosschecked_datum_undeclared
4920,physical,-97.704179,30.476011,source_crosschecked_datum_undeclared
4921,physical,-97.713647,30.479164,source_crosschecked_datum_undeclared
4922,physical,-97.724299,30.479449,source_crosschecked_datum_undeclared
4923,physical,-97.724339,30.479243,source_crosschecked_datum_undeclared
4924,physical,-97.713693,30.478926,source_crosschecked_datum_undeclared
4925,physical,-97.767314,30.474693,source_crosschecked_datum_undeclared
4926,physical,-97.71439,30.462634,source_crosschecked_datum_undeclared
4927,physical,-97.711022,30.46822,source_crosschecked_datum_undeclared
4928,physical,-97.713993,30.409441,source_crosschecked_datum_undeclared
4929,physical,-97.711415,30.410286,source_crosschecked_datum_undeclared
4930,physical,-97.721695,30.41159,source_crosschecked_datum_undeclared
4931,physical,-97.705453,30.421097,source_crosschecked_datum_undeclared
4932,physical,-97.707475,30.443343,source_crosschecked_datum_undeclared
4933,physical,-97.725605,30.448854,source_crosschecked_datum_undeclared
4934,physical,-97.705779,30.476019,source_crosschecked_datum_undeclared
4935,physical,-97.690427,30.471908,source_crosschecked_datum_undeclared
4936,physical,-97.685819,30.476115,source_crosschecked_datum_undeclared
4937,physical,-97.693504,30.476648,source_crosschecked_datum_undeclared
4938,physical,-97.707405,30.510864,source_crosschecked_datum_undeclared
4939,physical,-97.721344,30.498858,source_crosschecked_datum_undeclared
4940,physical,-97.708129,30.525556,source_crosschecked_datum_undeclared
4941,physical,-97.734846,30.521186,source_crosschecked_datum_undeclared
4942,physical,-97.719633,30.529987,source_crosschecked_datum_undeclared
4943,physical,-97.673124,30.477155,source_crosschecked_datum_undeclared
4944,physical,-97.671492,30.47197,source_crosschecked_datum_undeclared
4945,physical,-97.711732,30.52214,source_crosschecked_datum_undeclared
4946,physical,-97.718423,30.518784,source_crosschecked_datum_undeclared
4947,physical,-97.663236,30.472018,source_crosschecked_datum_undeclared
4948,physical,-97.659128,30.479098,source_crosschecked_datum_undeclared
4949,physical,-97.766381,30.435136,source_crosschecked_datum_undeclared
4950,physical,-97.771756,30.442002,source_crosschecked_datum_undeclared
4951,physical,-97.747206,30.418581,source_crosschecked_datum_undeclared
4952,physical,-97.746261,30.418766,source_crosschecked_datum_undeclared
4953,physical,-97.748743,30.42339,source_crosschecked_datum_undeclared
4954,physical,-97.775905,30.443379,source_crosschecked_datum_undeclared
4955,physical,-97.771681,30.438053,source_crosschecked_datum_undeclared
4956,physical,-97.760827,30.436971,source_crosschecked_datum_undeclared
4957,physical,-97.746553,30.418423,source_crosschecked_datum_undeclared
4958,physical,-97.748784,30.423917,source_crosschecked_datum_undeclared
4959,physical,-97.748686,30.424096,source_crosschecked_datum_undeclared
4960,physical,-97.759057,30.429501,source_crosschecked_datum_undeclared
4961,physical,-97.742147,30.4436,source_crosschecked_datum_undeclared
4962,physical,-97.769131,30.424368,source_crosschecked_datum_undeclared
4963,physical,-97.75948,30.428854,source_crosschecked_datum_undeclared
4964,physical,-97.762609,30.42285,source_crosschecked_datum_undeclared
4965,physical,-97.75201,30.426096,source_crosschecked_datum_undeclared
4966,physical,-97.760103,30.427641,source_crosschecked_datum_undeclared
4967,physical,-97.764551,30.430144,source_crosschecked_datum_undeclared
4968,physical,-97.756886,30.424147,source_crosschecked_datum_undeclared
4969,physical,-97.760271,30.429568,source_crosschecked_datum_undeclared
4970,physical,-97.754346,30.426928,source_crosschecked_datum_undeclared
4971,physical,-97.753889,30.426058,source_crosschecked_datum_undeclared
4972,physical,-97.752839,30.425646,source_crosschecked_datum_undeclared
4973,physical,-97.74884,30.42328,source_crosschecked_datum_undeclared
4974,physical,-97.751917,30.425717,source_crosschecked_datum_undeclared
4975,physical,-97.751199,30.425138,source_crosschecked_datum_undeclared
4976,physical,-97.768517,30.433749,source_crosschecked_datum_undeclared
4977,physical,-97.766901,30.432639,source_crosschecked_datum_undeclared
4978,physical,-97.768417,30.433846,source_crosschecked_datum_undeclared
4979,physical,-97.766563,30.433175,source_crosschecked_datum_undeclared
4980,physical,-97.772972,30.420125,source_crosschecked_datum_undeclared
4981,physical,-97.767927,30.434625,source_crosschecked_datum_undeclared
4982,physical,-97.769932,30.434147,source_crosschecked_datum_undeclared
4983,physical,-97.775785,30.436964,source_crosschecked_datum_undeclared
4984,physical,-97.770067,30.434873,source_crosschecked_datum_undeclared
4985,physical,-97.77455,30.437025,source_crosschecked_datum_undeclared
4986,physical,-97.770246,30.435768,source_crosschecked_datum_undeclared
4987,physical,-97.768158,30.433222,source_crosschecked_datum_undeclared
4988,physical,-97.769189,30.434425,source_crosschecked_datum_undeclared
4989,physical,-97.750163,30.417404,source_crosschecked_datum_undeclared
4990,physical,-97.756272,30.427203,source_crosschecked_datum_undeclared
4991,physical,-97.756126,30.427409,source_crosschecked_datum_undeclared
4992,physical,-97.753306,30.426655,source_crosschecked_datum_undeclared
4993,physical,-97.757112,30.427678,source_crosschecked_datum_undeclared
4994,physical,-97.758205,30.428565,source_crosschecked_datum_undeclared
4995,physical,-97.758657,30.448963,source_crosschecked_datum_undeclared
4996,physical,-97.776371,30.45592,source_crosschecked_datum_undeclared
4997,physical,-97.769187,30.45534,source_crosschecked_datum_undeclared
4998,physical,-97.762698,30.457057,source_crosschecked_datum_undeclared
4999,physical,-97.729452,30.411407,source_crosschecked_datum_undeclared
5000,physical,-97.736948,30.415,source_crosschecked_datum_undeclared
5001,physical,-97.746779,30.482033,source_crosschecked_datum_undeclared
5002,physical,-97.753703,30.480685,source_crosschecked_datum_undeclared
5003,physical,-97.748663,30.481654,source_crosschecked_datum_undeclared
5004,physical,-97.74819,30.480842,source_crosschecked_datum_undeclared
5005,physical,-97.746779,30.480886,source_crosschecked_datum_undeclared
5006,physical,-97.743925,30.482571,source_crosschecked_datum_undeclared
5007,physical,-97.75711,30.512404,source_crosschecked_datum_undeclared
5008,physical,-97.736566,30.510066,source_crosschecked_datum_undeclared
5009,physical,-97.737881,30.505347,source_crosschecked_datum_undeclared
5010,physical,-97.756502,30.479048,source_crosschecked_datum_undeclared
5011,physical,-97.748792,30.481333,source_crosschecked_datum_undeclared
5012,physical,-97.726182,30.515794,source_crosschecked_datum_undeclared
5013,physical,-97.757457,30.47929,source_crosschecked_datum_undeclared
5014,physical,-97.757972,30.477895,source_crosschecked_datum_undeclared
5015,physical,-97.756071,30.479351,source_crosschecked_datum_undeclared
5016,physical,-97.766946,30.476172,source_crosschecked_datum_undeclared
5017,physical,-97.766834,30.511624,source_crosschecked_datum_undeclared
5018,physical,-97.738276,30.480372,source_crosschecked_datum_undeclared
5019,physical,-97.738199,30.480555,source_crosschecked_datum_undeclared
5020,physical,-97.725674,30.493005,source_crosschecked_datum_undeclared
5021,physical,-97.730184,30.503309,source_crosschecked_datum_undeclared
5022,physical,-97.740616,30.499992,source_crosschecked_datum_undeclared
5023,physical,-97.740518,30.481788,source_crosschecked_datum_undeclared
5024,physical,-97.740615,30.480572,source_crosschecked_datum_undeclared
5025,physical,-97.743634,30.481985,source_crosschecked_datum_undeclared
5026,physical,-97.742889,30.48072,source_crosschecked_datum_undeclared
5027,physical,-97.733191,30.531697,source_crosschecked_datum_undeclared
5028,physical,-97.734888,30.514762,source_crosschecked_datum_undeclared
5029,physical,-97.695641,30.445468,source_crosschecked_datum_undeclared
5030,physical,-97.700679,30.430871,source_crosschecked_datum_undeclared
5031,physical,-97.696581,30.440033,source_crosschecked_datum_undeclared
5032,physical,-97.695558,30.443281,source_crosschecked_datum_undeclared
5033,physical,-97.70031,30.430782,source_crosschecked_datum_undeclared
5034,physical,-97.695225,30.445468,source_crosschecked_datum_undeclared
5035,physical,-97.676284,30.426695,source_crosschecked_datum_undeclared
5036,physical,-97.695857,30.440054,source_crosschecked_datum_undeclared
5037,physical,-97.68752,30.440922,source_crosschecked_datum_undeclared
5038,physical,-97.697764,30.440216,source_crosschecked_datum_undeclared
5039,physical,-97.696676,30.443377,source_crosschecked_datum_undeclared
5040,physical,-97.703667,30.441813,source_crosschecked_datum_undeclared
5041,physical,-97.682627,30.435727,source_crosschecked_datum_undeclared
5042,physical,-97.682906,30.421146,source_crosschecked_datum_undeclared
5043,physical,-97.676866,30.434743,source_crosschecked_datum_undeclared
5044,physical,-97.668472,30.436024,source_crosschecked_datum_undeclared
5045,physical,-97.667253,30.44255,source_crosschecked_datum_undeclared
5046,physical,-97.669114,30.436936,source_crosschecked_datum_undeclared
5047,physical,-97.668,30.442718,source_crosschecked_datum_undeclared
5048,physical,-97.666093,30.441205,source_crosschecked_datum_undeclared
5049,physical,-97.668711,30.443473,source_crosschecked_datum_undeclared
5050,physical,-97.669378,30.439962,source_crosschecked_datum_undeclared
5051,physical,-97.666213,30.443586,source_crosschecked_datum_undeclared
5052,physical,-97.666736,30.440939,source_crosschecked_datum_undeclared
5053,physical,-97.699327,30.432437,source_crosschecked_datum_undeclared
5054,physical,-97.703026,30.422607,source_crosschecked_datum_undeclared
5055,physical,-97.703472,30.419963,source_crosschecked_datum_undeclared
5056,physical,-97.700957,30.427284,source_crosschecked_datum_undeclared
5057,physical,-97.687203,30.431209,source_crosschecked_datum_undeclared
5058,physical,-97.695554,30.415585,source_crosschecked_datum_undeclared
5059,physical,-97.701145,30.430823,source_crosschecked_datum_undeclared
5060,physical,-97.703361,30.424236,source_crosschecked_datum_undeclared
5061,physical,-97.700478,30.432826,source_crosschecked_datum_undeclared
5062,physical,-97.689668,30.42594,source_crosschecked_datum_undeclared
5063,physical,-97.685878,30.42399,source_crosschecked_datum_undeclared
5064,physical,-97.704149,30.421025,source_crosschecked_datum_undeclared
5065,physical,-97.707876,30.412904,source_crosschecked_datum_undeclared
5066,physical,-97.705886,30.415323,source_crosschecked_datum_undeclared
5067,physical,-97.704653,30.418503,source_crosschecked_datum_undeclared
5068,physical,-97.705608,30.415192,source_crosschecked_datum_undeclared
5069,physical,-97.704722,30.417522,source_crosschecked_datum_undeclared
5070,physical,-97.705763,30.417204,source_crosschecked_datum_undeclared
5071,physical,-97.706509,30.415529,source_crosschecked_datum_undeclared
5072,physical,-97.704969,30.418708,source_crosschecked_datum_undeclared
5073,physical,-97.706213,30.415455,source_crosschecked_datum_undeclared
5074,physical,-97.706228,30.414177,source_crosschecked_datum_undeclared
5075,physical,-97.708717,30.412084,source_crosschecked_datum_undeclared
5076,physical,-97.709906,30.411825,source_crosschecked_datum_undeclared
5077,physical,-97.708511,30.412824,source_crosschecked_datum_undeclared
5078,physical,-97.707196,30.414552,source_crosschecked_datum_undeclared
5079,physical,-97.706616,30.413647,source_crosschecked_datum_undeclared
5080,physical,-97.704598,30.420687,source_crosschecked_datum_undeclared
5081,physical,-97.703939,30.420709,source_crosschecked_datum_undeclared
5082,physical,-97.700026,30.430601,source_crosschecked_datum_undeclared
5083,physical,-97.690253,30.413006,source_crosschecked_datum_undeclared
5084,physical,-97.688076,30.41504,source_crosschecked_datum_undeclared
5085,physical,-97.689735,30.418142,source_crosschecked_datum_undeclared
5086,physical,-97.691191,30.416261,source_crosschecked_datum_undeclared
5087,physical,-97.692765,30.414228,source_crosschecked_datum_undeclared
5088,physical,-97.695286,30.438978,source_crosschecked_datum_undeclared
5089,physical,-97.698067,30.463057,source_crosschecked_datum_undeclared
5090,physical,-97.695854,30.455142,source_crosschecked_datum_undeclared
5091,physical,-97.695604,30.455238,source_crosschecked_datum_undeclared
5092,physical,-97.697705,30.46315,source_crosschecked_datum_undeclared
5093,physical,-97.69716,30.458208,source_crosschecked_datum_undeclared
5094,physical,-97.696797,30.456738,source_crosschecked_datum_undeclared
5095,physical,-97.69569,30.456959,source_crosschecked_datum_undeclared
5096,physical,-97.696078,30.458307,source_crosschecked_datum_undeclared
5097,physical,-97.694634,30.458157,source_crosschecked_datum_undeclared
5098,physical,-97.695169,30.455151,source_crosschecked_datum_undeclared
5099,physical,-97.697959,30.461023,source_crosschecked_datum_undeclared
5100,physical,-97.699531,30.471629,source_crosschecked_datum_undeclared
5101,physical,-97.695808,30.449126,source_crosschecked_datum_undeclared
5102,physical,-97.692961,30.468777,source_crosschecked_datum_undeclared
5103,physical,-97.699861,30.471564,source_crosschecked_datum_undeclared
5104,physical,-97.694809,30.449126,source_crosschecked_datum_undeclared
5105,physical,-97.695101,30.450488,source_crosschecked_datum_undeclared
5106,physical,-97.695449,30.450984,source_crosschecked_datum_undeclared
5107,physical,-97.695766,30.451349,source_crosschecked_datum_undeclared
5108,physical,-97.694918,30.445249,source_crosschecked_datum_undeclared
5109,physical,-97.69458,30.459963,source_crosschecked_datum_undeclared
5110,physical,-97.696764,30.461355,source_crosschecked_datum_undeclared
5111,physical,-97.672301,30.424826,source_crosschecked_datum_undeclared
5112,physical,-97.670207,30.426912,source_crosschecked_datum_undeclared
5113,physical,-97.671443,30.420443,source_crosschecked_datum_undeclared
5114,physical,-97.669226,30.427596,source_crosschecked_datum_undeclared
5115,physical,-97.67,30.423772,source_crosschecked_datum_undeclared
5116,physical,-97.670478,30.43038,source_crosschecked_datum_undeclared
5117,physical,-97.672118,30.421372,source_crosschecked_datum_undeclared
5118,physical,-97.671,30.431371,source_crosschecked_datum_undeclared
5119,physical,-97.659683,30.418543,source_crosschecked_datum_undeclared
5120,physical,-97.673056,30.421435,source_crosschecked_datum_undeclared
5121,physical,-97.670517,30.421066,source_crosschecked_datum_undeclared
5122,physical,-97.672738,30.422733,source_crosschecked_datum_undeclared
5123,physical,-97.674878,30.429253,source_crosschecked_datum_undeclared
5124,physical,-97.670095,30.436285,source_crosschecked_datum_undeclared
5125,physical,-97.667906,30.434788,source_crosschecked_datum_undeclared
5126,physical,-97.666344,30.452085,source_crosschecked_datum_undeclared
5127,physical,-97.668649,30.462891,source_crosschecked_datum_undeclared
5128,physical,-97.667335,30.455739,source_crosschecked_datum_undeclared
5129,physical,-97.664981,30.455969,source_crosschecked_datum_undeclared
5130,physical,-97.669151,30.462025,source_crosschecked_datum_undeclared
5131,physical,-97.667833,30.463215,source_crosschecked_datum_undeclared
5132,physical,-97.665576,30.452635,source_crosschecked_datum_undeclared
5133,physical,-97.666828,30.462593,source_crosschecked_datum_undeclared
5134,physical,-97.664785,30.451777,source_crosschecked_datum_undeclared
5135,physical,-97.669399,30.47074,source_crosschecked_datum_undeclared
5136,physical,-97.66728,30.451304,source_crosschecked_datum_undeclared
5137,physical,-97.664607,30.456034,source_crosschecked_datum_undeclared
5138,physical,-97.682082,30.478606,source_crosschecked_datum_undeclared
5139,physical,-97.675007,30.48056,source_crosschecked_datum_undeclared
5140,physical,-97.682229,30.479847,source_crosschecked_datum_undeclared
5141,physical,-97.676934,30.479803,source_crosschecked_datum_undeclared
5142,physical,-97.684181,30.479026,source_crosschecked_datum_undeclared
5143,physical,-97.694738,30.511488,source_crosschecked_datum_undeclared
5144,physical,-97.684106,30.478744,source_crosschecked_datum_undeclared
5145,physical,-97.676914,30.479436,source_crosschecked_datum_undeclared
5146,physical,-97.68132,30.497507,source_crosschecked_datum_undeclared
5147,physical,-97.683518,30.501336,source_crosschecked_datum_undeclared
5148,physical,-97.681572,30.499487,source_crosschecked_datum_undeclared
5149,physical,-97.680913,30.498351,source_crosschecked_datum_undeclared
5150,physical,-97.685713,30.507716,source_crosschecked_datum_undeclared
5151,physical,-97.681755,30.502953,source_crosschecked_datum_undeclared
5152,physical,-97.680181,30.504396,source_crosschecked_datum_undeclared
5153,physical,-97.679028,30.498292,source_crosschecked_datum_undeclared
5154,physical,-97.687192,30.509871,source_crosschecked_datum_undeclared
5155,physical,-97.68583,30.505731,source_crosschecked_datum_undeclared
5156,physical,-97.684743,30.507545,source_crosschecked_datum_undeclared
5157,physical,-97.680186,30.498762,source_crosschecked_datum_undeclared
5158,physical,-97.684492,30.509357,source_crosschecked_datum_undeclared
5159,physical,-97.67944,30.510871,source_crosschecked_datum_undeclared
5160,physical,-97.681164,30.514595,source_crosschecked_datum_undeclared
5161,physical,-97.6784,30.507397,source_crosschecked_datum_undeclared
5162,physical,-97.681584,30.508885,source_crosschecked_datum_undeclared
5163,physical,-97.67718,30.504526,source_crosschecked_datum_undeclared
5164,physical,-97.678195,30.507462,source_crosschecked_datum_undeclared
5165,physical,-97.678612,30.508403,source_crosschecked_datum_undeclared
5166,physical,-97.682543,30.51754,source_crosschecked_datum_undeclared
5167,physical,-97.676235,30.518864,source_crosschecked_datum_undeclared
5168,physical,-97.687891,30.52873,source_crosschecked_datum_undeclared
5169,physical,-97.677023,30.527232,source_crosschecked_datum_undeclared
5170,physical,-97.686042,30.524827,source_crosschecked_datum_undeclared
5171,physical,-97.68908,30.53399,source_crosschecked_datum_undeclared
5172,physical,-97.656975,30.514782,source_crosschecked_datum_undeclared
5173,physical,-97.656902,30.506169,source_crosschecked_datum_undeclared
5174,physical,-97.699543,30.475996,source_crosschecked_datum_undeclared
5175,physical,-97.697167,30.476003,source_crosschecked_datum_undeclared
5176,physical,-97.697408,30.477106,source_crosschecked_datum_undeclared
5177,physical,-97.699601,30.476271,source_crosschecked_datum_undeclared
5178,physical,-97.701299,30.475276,source_crosschecked_datum_undeclared
5179,physical,-97.704339,30.476915,source_crosschecked_datum_undeclared
5180,physical,-97.693841,30.478788,source_crosschecked_datum_undeclared
5181,physical,-97.696343,30.48926,source_crosschecked_datum_undeclared
5182,physical,-97.700989,30.48345,source_crosschecked_datum_undeclared
5183,physical,-97.711829,30.477901,source_crosschecked_datum_undeclared
5184,physical,-97.705069,30.477115,source_crosschecked_datum_undeclared
5185,physical,-97.711371,30.479084,source_crosschecked_datum_undeclared
5186,physical,-97.704969,30.475783,source_crosschecked_datum_undeclared
5187,physical,-97.684995,30.47825,source_crosschecked_datum_undeclared
5188,physical,-97.685253,30.479359,source_crosschecked_datum_undeclared
5189,physical,-97.693704,30.477853,source_crosschecked_datum_undeclared
5190,physical,-97.694529,30.484788,source_crosschecked_datum_undeclared
5191,physical,-97.700984,30.518905,source_crosschecked_datum_undeclared
5192,physical,-97.692454,30.522058,source_crosschecked_datum_undeclared
5193,physical,-97.688821,30.510779,source_crosschecked_datum_undeclared
5194,physical,-97.688704,30.519673,source_crosschecked_datum_undeclared
5195,physical,-97.689839,30.524031,source_crosschecked_datum_undeclared
5196,physical,-97.684411,30.521396,source_crosschecked_datum_undeclared
5197,physical,-97.691453,30.527407,source_crosschecked_datum_undeclared
5198,physical,-97.689224,30.518073,source_crosschecked_datum_undeclared
5199,physical,-97.690069,30.529128,source_crosschecked_datum_undeclared
5200,physical,-97.688267,30.520885,source_crosschecked_datum_undeclared
5201,physical,-97.688148,30.524097,source_crosschecked_datum_undeclared
5202,physical,-97.686765,30.51847,source_crosschecked_datum_undeclared
5203,physical,-97.684648,30.517438,source_crosschecked_datum_undeclared
5204,physical,-97.690562,30.517209,source_crosschecked_datum_undeclared
5205,physical,-97.698067,30.516649,source_crosschecked_datum_undeclared
5206,physical,-97.701599,30.512397,source_crosschecked_datum_undeclared
5207,physical,-97.690153,30.517347,source_crosschecked_datum_undeclared
5208,physical,-97.688966,30.517024,source_crosschecked_datum_undeclared
5209,physical,-97.686816,30.511535,source_crosschecked_datum_undeclared
5210,physical,-97.68764,30.515248,source_crosschecked_datum_undeclared
5211,physical,-97.688299,30.514465,source_crosschecked_datum_undeclared
5212,physical,-97.687026,30.515698,source_crosschecked_datum_undeclared
5213,physical,-97.685435,30.509806,source_crosschecked_datum_undeclared
5214,physical,-97.685935,30.514954,source_crosschecked_datum_undeclared
5215,physical,-97.686491,30.517264,source_crosschecked_datum_undeclared
5216,physical,-97.691296,30.519067,source_crosschecked_datum_undeclared
5217,physical,-97.686304,30.509533,source_crosschecked_datum_undeclared
5218,physical,-97.687732,30.512159,source_crosschecked_datum_undeclared
5219,physical,-97.685654,30.513754,source_crosschecked_datum_undeclared
5220,physical,-97.68489,30.510843,source_crosschecked_datum_undeclared
5221,physical,-97.692298,30.531313,source_crosschecked_datum_undeclared
5222,physical,-97.691732,30.532708,source_crosschecked_datum_undeclared
5223,physical,-97.689531,30.530254,source_crosschecked_datum_undeclared
5224,physical,-97.690407,30.526608,source_crosschecked_datum_undeclared
5225,physical,-97.690531,30.534557,source_crosschecked_datum_undeclared
5226,physical,-97.689735,30.534246,source_crosschecked_datum_undeclared
5227,physical,-97.691911,30.529526,source_crosschecked_datum_undeclared
5228,physical,-97.660407,30.483475,source_crosschecked_datum_undeclared
5229,physical,-97.668371,30.481774,source_crosschecked_datum_undeclared
5230,physical,-97.663415,30.491586,source_crosschecked_datum_undeclared
5231,physical,-97.660016,30.482207,source_crosschecked_datum_undeclared
5232,physical,-97.675324,30.490443,source_crosschecked_datum_undeclared
5233,physical,-97.675416,30.493211,source_crosschecked_datum_undeclared
5234,physical,-97.668873,30.495059,source_crosschecked_datum_undeclared
5235,physical,-97.678414,30.491205,source_crosschecked_datum_undeclared
5236,physical,-97.67746,30.490618,source_crosschecked_datum_undeclared
5237,physical,-97.677533,30.48824,source_crosschecked_datum_undeclared
5238,physical,-97.676392,30.490226,source_crosschecked_datum_undeclared
5239,physical,-97.67587,30.491186,source_crosschecked_datum_undeclared
5240,physical,-97.675302,30.489776,source_crosschecked_datum_undeclared
5241,physical,-97.664951,30.495811,source_crosschecked_datum_undeclared
5242,physical,-97.664025,30.481788,source_crosschecked_datum_undeclared
5243,physical,-97.669453,30.480564,source_crosschecked_datum_undeclared
5244,physical,-97.664136,30.48217,source_crosschecked_datum_undeclared
5245,physical,-97.669564,30.480946,source_crosschecked_datum_undeclared
5246,physical,-97.658001,30.495951,source_crosschecked_datum_undeclared
5247,physical,-97.654896,30.492495,source_crosschecked_datum_undeclared
5248,physical,-97.651505,30.485664,source_crosschecked_datum_undeclared
5249,physical,-97.67505,30.483002,source_crosschecked_datum_undeclared
5250,physical,-97.674195,30.48321,source_crosschecked_datum_undeclared
5251,physical,-97.672541,30.480727,source_crosschecked_datum_undeclared
5252,physical,-97.673619,30.481417,source_crosschecked_datum_undeclared
5253,physical,-97.676118,30.483844,source_crosschecked_datum_undeclared
5254,physical,-97.674074,30.485489,source_crosschecked_datum_undeclared
5255,physical,-97.673142,30.482532,source_crosschecked_datum_undeclared
5256,physical,-97.67568,30.485102,source_crosschecked_datum_undeclared
5257,physical,-97.67521,30.48637,source_crosschecked_datum_undeclared
5258,physical,-97.654016,30.484462,source_crosschecked_datum_undeclared
5259,physical,-97.654075,30.484924,source_crosschecked_datum_undeclared
5260,physical,-97.653848,30.484128,source_crosschecked_datum_undeclared
5261,physical,-97.656027,30.495965,source_crosschecked_datum_undeclared
5262,physical,-97.667501,30.51797,source_crosschecked_datum_undeclared
5263,physical,-97.660363,30.517284,source_crosschecked_datum_undeclared
5264,physical,-97.667632,30.530219,source_crosschecked_datum_undeclared
5265,physical,-97.66756,30.521672,source_crosschecked_datum_undeclared
5266,physical,-97.656873,30.517602,source_crosschecked_datum_undeclared
5267,physical,-97.651826,30.531831,source_crosschecked_datum_undeclared
5268,physical,-97.672495,30.510172,source_crosschecked_datum_undeclared
5269,physical,-97.670822,30.516475,source_crosschecked_datum_undeclared
5270,physical,-97.671308,30.514644,source_crosschecked_datum_undeclared
5271,physical,-97.670336,30.518306,source_crosschecked_datum_undeclared
5272,physical,-97.671821,30.512711,source_crosschecked_datum_undeclared
5273,physical,-97.667672,30.534694,source_crosschecked_datum_undeclared
5274,physical,-97.74742,30.600619,source_crosschecked_datum_undeclared
5275,physical,-97.696667,30.618451,source_crosschecked_datum_undeclared
5276,physical,-97.743478,30.630822,source_crosschecked_datum_undeclared
5277,physical,-97.709984,30.632714,source_crosschecked_datum_undeclared
5278,physical,-97.687457,30.606849,source_crosschecked_datum_undeclared
5279,physical,-97.687541,30.601976,source_crosschecked_datum_undeclared
5280,physical,-97.686652,30.605336,source_crosschecked_datum_undeclared
5281,physical,-97.714358,30.642587,source_crosschecked_datum_undeclared
5282,physical,-97.694069,30.580169,source_crosschecked_datum_undeclared
5283,physical,-97.684462,30.607559,source_crosschecked_datum_undeclared
5284,physical,-97.685919,30.601585,source_crosschecked_datum_undeclared
5285,physical,-97.688082,30.618022,source_crosschecked_datum_undeclared
5286,physical,-97.687303,30.600261,source_crosschecked_datum_undeclared
5287,physical,-97.663337,30.60201,source_crosschecked_datum_undeclared
5288,physical,-97.665452,30.607257,source_crosschecked_datum_undeclared
5289,physical,-97.707434,30.556464,source_crosschecked_datum_undeclared
5290,physical,-97.743601,30.548565,source_crosschecked_datum_undeclared
5291,physical,-97.676057,30.606267,source_crosschecked_datum_undeclared
5292,physical,-97.661699,30.609324,source_crosschecked_datum_undeclared
5293,physical,-97.747465,30.547486,source_crosschecked_datum_undeclared
5294,physical,-97.771623,30.56076,source_crosschecked_datum_undeclared
5295,physical,-97.763822,30.594977,source_crosschecked_datum_undeclared
5296,physical,-97.764663,30.632453,source_crosschecked_datum_undeclared
5297,physical,-97.686158,30.559613,source_crosschecked_datum_undeclared
5298,physical,-97.680063,30.561484,source_crosschecked_datum_undeclared
5299,physical,-97.693994,30.577189,source_crosschecked_datum_undeclared
5300,physical,-97.693684,30.56481,source_crosschecked_datum_undeclared
5301,physical,-97.693099,30.575204,source_crosschecked_datum_undeclared
5302,physical,-97.692738,30.559715,source_crosschecked_datum_undeclared
5303,physical,-97.69226,30.575262,source_crosschecked_datum_undeclared
5304,physical,-97.691952,30.560171,source_crosschecked_datum_undeclared
5305,physical,-97.691532,30.577124,source_crosschecked_datum_undeclared
5306,physical,-97.69107,30.558124,source_crosschecked_datum_undeclared
5307,physical,-97.675866,30.582045,source_crosschecked_datum_undeclared
5308,physical,-97.667499,30.566163,source_crosschecked_datum_undeclared
5309,physical,-97.68961,30.592913,source_crosschecked_datum_undeclared
5310,physical,-97.699312,30.557775,source_crosschecked_datum_undeclared
5311,physical,-97.69107,30.556337,source_crosschecked_datum_undeclared
5312,physical,-97.693684,30.557959,source_crosschecked_datum_undeclared
5313,physical,-97.693453,30.55263,source_crosschecked_datum_undeclared
5314,physical,-97.692608,30.551107,source_crosschecked_datum_undeclared
5315,physical,-97.694867,30.55792,source_crosschecked_datum_undeclared
5316,physical,-97.704972,30.556942,source_crosschecked_datum_undeclared
5317,physical,-97.693223,30.546341,source_crosschecked_datum_undeclared
5318,physical,-97.693204,30.581657,source_crosschecked_datum_undeclared
5319,physical,-97.691457,30.591954,source_crosschecked_datum_undeclared
5320,physical,-97.691696,30.579591,source_crosschecked_datum_undeclared
5321,physical,-97.692377,30.58103,source_crosschecked_datum_undeclared
5322,physical,-97.684701,30.622627,source_crosschecked_datum_undeclared
5323,physical,-97.679664,30.622552,source_crosschecked_datum_undeclared
5324,physical,-97.677665,30.626803,source_crosschecked_datum_undeclared
5325,physical,-97.699916,30.632772,source_crosschecked_datum_undeclared
5326,physical,-97.686516,30.644358,source_crosschecked_datum_undeclared
5327,physical,-97.691748,30.634989,source_crosschecked_datum_undeclared
5328,physical,-97.681878,30.647429,source_crosschecked_datum_undeclared
5329,physical,-97.690305,30.636748,source_crosschecked_datum_undeclared
5330,physical,-97.691479,30.663183,source_crosschecked_datum_undeclared
5331,physical,-97.68032,30.650391,source_crosschecked_datum_undeclared
5332,physical,-97.676491,30.656227,source_crosschecked_datum_undeclared
5333,physical,-97.677713,30.63302,source_crosschecked_datum_undeclared
5334,physical,-97.683571,30.63292,source_crosschecked_datum_undeclared
5335,physical,-97.677856,30.640803,source_crosschecked_datum_undeclared
5336,physical,-97.671605,30.633116,source_crosschecked_datum_undeclared
5337,physical,-97.671928,30.640308,source_crosschecked_datum_undeclared
5338,physical,-97.675734,30.633059,source_crosschecked_datum_undeclared
5339,physical,-97.680912,30.646289,source_crosschecked_datum_undeclared
5340,physical,-97.688742,30.636386,source_crosschecked_datum_undeclared
5341,physical,-97.680009,30.648273,source_crosschecked_datum_undeclared
5342,physical,-97.690125,30.634549,source_crosschecked_datum_undeclared
5343,physical,-97.680663,30.649881,source_crosschecked_datum_undeclared
5344,physical,-97.677858,30.652294,source_crosschecked_datum_undeclared
5345,physical,-97.668742,30.633263,source_crosschecked_datum_undeclared
5346,physical,-97.69271,30.631187,source_crosschecked_datum_undeclared
5347,physical,-97.692409,30.632738,source_crosschecked_datum_undeclared
5348,physical,-97.689152,30.618972,source_crosschecked_datum_undeclared
5349,physical,-97.690632,30.623522,source_crosschecked_datum_undeclared
5350,physical,-97.688021,30.621565,source_crosschecked_datum_undeclared
5351,physical,-97.690727,30.620738,source_crosschecked_datum_undeclared
5352,physical,-97.691147,30.630178,source_crosschecked_datum_undeclared
5353,physical,-97.688513,30.619526,source_crosschecked_datum_undeclared
5354,physical,-97.688693,30.614243,source_crosschecked_datum_undeclared
5355,physical,-97.685262,30.607774,source_crosschecked_datum_undeclared
5356,physical,-97.686707,30.608817,source_crosschecked_datum_undeclared
5357,physical,-97.694186,30.619463,source_crosschecked_datum_undeclared
5358,physical,-97.687571,30.619936,source_crosschecked_datum_undeclared
5359,physical,-97.691928,30.62904,source_crosschecked_datum_undeclared
5360,physical,-97.689824,30.632687,source_crosschecked_datum_undeclared
5361,physical,-97.669379,30.616411,source_crosschecked_datum_undeclared
5362,physical,-97.673911,30.627912,source_crosschecked_datum_undeclared
5363,physical,-97.656164,30.629838,source_crosschecked_datum_undeclared
5364,physical,-97.656446,30.612639,source_crosschecked_datum_undeclared
5365,physical,-97.661807,30.656554,source_crosschecked_datum_undeclared
5366,physical,-97.671378,30.654344,source_crosschecked_datum_undeclared
5367,physical,-97.679728,30.651007,source_crosschecked_datum_undeclared
5368,physical,-97.677266,30.651745,source_crosschecked_datum_undeclared
5369,physical,-97.67712,30.648505,source_crosschecked_datum_undeclared
5370,physical,-97.678164,30.649138,source_crosschecked_datum_undeclared
5371,physical,-97.672031,30.66338,source_crosschecked_datum_undeclared
5372,physical,-97.640545,30.472052,source_crosschecked_datum_undeclared
5373,physical,-97.613394,30.483182,source_crosschecked_datum_undeclared
5374,physical,-97.592436,30.425315,source_crosschecked_datum_undeclared
5375,physical,-97.578894,30.419243,source_crosschecked_datum_undeclared
5376,physical,-97.620165,30.472449,source_crosschecked_datum_undeclared
5377,physical,-97.566483,30.438686,source_crosschecked_datum_undeclared
5378,physical,-97.583206,30.446089,source_crosschecked_datum_undeclared
5379,physical,-97.59658,30.46383,source_crosschecked_datum_undeclared
5380,physical,-97.574393,30.462814,source_crosschecked_datum_undeclared
5381,physical,-97.584575,30.467614,source_crosschecked_datum_undeclared
5382,physical,-97.592503,30.496801,source_crosschecked_datum_undeclared
5383,physical,-97.627894,30.442935,source_crosschecked_datum_undeclared
5384,physical,-97.620062,30.419314,source_crosschecked_datum_undeclared
5385,physical,-97.615762,30.426126,source_crosschecked_datum_undeclared
5386,physical,-97.619696,30.439292,source_crosschecked_datum_undeclared
5387,physical,-97.617447,30.447165,source_crosschecked_datum_undeclared
5388,physical,-97.614374,30.436809,source_crosschecked_datum_undeclared
5389,physical,-97.607502,30.445824,source_crosschecked_datum_undeclared
5390,physical,-97.619484,30.460635,source_crosschecked_datum_undeclared
5391,physical,-97.636435,30.426332,source_crosschecked_datum_undeclared
5392,physical,-97.635778,30.455411,source_crosschecked_datum_undeclared
5393,physical,-97.625553,30.464107,source_crosschecked_datum_undeclared
5394,physical,-97.613252,30.430017,source_crosschecked_datum_undeclared
5395,physical,-97.602426,30.431071,source_crosschecked_datum_undeclared
5396,physical,-97.61021,30.4348,source_crosschecked_datum_undeclared
5397,physical,-97.60171,30.455615,source_crosschecked_datum_undeclared
5398,physical,-97.623915,30.487183,source_crosschecked_datum_undeclared
5399,physical,-97.616894,30.497348,source_crosschecked_datum_undeclared
5400,physical,-97.613129,30.496873,source_crosschecked_datum_undeclared
5401,physical,-97.613313,30.507073,source_crosschecked_datum_undeclared
5402,physical,-97.629185,30.5257,source_crosschecked_datum_undeclared
5403,physical,-97.61362,30.531572,source_crosschecked_datum_undeclared
5404,physical,-97.613415,30.514058,source_crosschecked_datum_undeclared
5405,physical,-97.625453,30.508417,source_crosschecked_datum_undeclared
5406,physical,-97.645052,30.491332,source_crosschecked_datum_undeclared
5407,physical,-97.635786,30.49611,source_crosschecked_datum_undeclared
5408,physical,-97.629052,30.496136,source_crosschecked_datum_undeclared
5409,physical,-97.61343,30.519427,source_crosschecked_datum_undeclared
5410,physical,-97.567016,30.437886,source_crosschecked_datum_undeclared
5411,physical,-97.549755,30.428613,source_crosschecked_datum_undeclared
5412,physical,-97.561327,30.446717,source_crosschecked_datum_undeclared
5413,physical,-97.535671,30.447385,source_crosschecked_datum_undeclared
5414,physical,-97.534349,30.446747,source_crosschecked_datum_undeclared
5415,physical,-97.554561,30.456997,source_crosschecked_datum_undeclared
5416,physical,-97.5607,30.409512,source_crosschecked_datum_undeclared
5417,physical,-97.572417,30.429413,source_crosschecked_datum_undeclared
5418,physical,-97.556463,30.454382,source_crosschecked_datum_undeclared
5419,physical,-97.529534,30.429833,source_crosschecked_datum_undeclared
5420,physical,-97.580851,30.501635,source_crosschecked_datum_undeclared
5421,physical,-97.550917,30.49395,source_crosschecked_datum_undeclared
5422,physical,-97.562853,30.498847,source_crosschecked_datum_undeclared
5423,physical,-97.53651,30.516488,source_crosschecked_datum_undeclared
5424,physical,-97.563138,30.495909,source_crosschecked_datum_undeclared
5425,physical,-97.622051,30.601915,source_crosschecked_datum_undeclared
5426,physical,-97.592889,30.613673,source_crosschecked_datum_undeclared
5427,physical,-97.570228,30.591826,source_crosschecked_datum_undeclared
5428,physical,-97.587728,30.574626,source_crosschecked_datum_undeclared
5429,physical,-97.565834,30.581401,source_crosschecked_datum_undeclared
5430,physical,-97.594397,30.594828,source_crosschecked_datum_undeclared
5431,physical,-97.574378,30.601672,source_crosschecked_datum_undeclared
5432,physical,-97.577788,30.60976,source_crosschecked_datum_undeclared
5433,physical,-97.637882,30.605782,source_crosschecked_datum_undeclared
5434,physical,-97.581016,30.617415,source_crosschecked_datum_undeclared
5435,physical,-97.600963,30.643892,source_crosschecked_datum_undeclared
5436,physical,-97.582422,30.64644,source_crosschecked_datum_undeclared
5437,physical,-97.577847,30.651648,source_crosschecked_datum_undeclared
5438,physical,-97.583464,30.561894,source_crosschecked_datum_undeclared
5439,physical,-97.537373,30.59701,source_crosschecked_datum_undeclared
5440,physical,-97.622848,30.621034,source_crosschecked_datum_undeclared
5441,physical,-97.624359,30.556066,source_crosschecked_datum_undeclared
5442,physical,-97.614101,30.551521,source_crosschecked_datum_undeclared
5443,physical,-97.627679,30.562857,source_crosschecked_datum_undeclared
5444,physical,-97.617527,30.567682,source_crosschecked_datum_undeclared
5445,physical,-97.609147,30.571665,source_crosschecked_datum_undeclared
5446,physical,-97.612277,30.58093,source_crosschecked_datum_undeclared
5447,physical,-97.615044,30.587766,source_crosschecked_datum_undeclared
5448,physical,-97.61868,30.595109,source_crosschecked_datum_undeclared
5449,physical,-97.630406,30.547028,source_crosschecked_datum_undeclared
5450,physical,-97.642698,30.558337,source_crosschecked_datum_undeclared
5451,physical,-97.605992,30.561267,source_crosschecked_datum_undeclared
5452,physical,-97.64192,30.638751,source_crosschecked_datum_undeclared
5453,physical,-97.63095,30.641717,source_crosschecked_datum_undeclared
5454,physical,-97.628754,30.636325,source_crosschecked_datum_undeclared
5455,physical,-97.623774,30.643717,source_crosschecked_datum_undeclared
5456,physical,-97.615315,30.643828,source_crosschecked_datum_undeclared
5457,physical,-97.634618,30.640602,source_crosschecked_datum_undeclared
5458,physical,-97.545455,30.546239,source_crosschecked_datum_undeclared
5459,physical,-97.542178,30.568466,source_crosschecked_datum_undeclared
5460,physical,-97.548339,30.583733,source_crosschecked_datum_undeclared
5461,physical,-97.534451,30.544749,source_crosschecked_datum_undeclared
5462,physical,-97.54407,30.557792,source_crosschecked_datum_undeclared
5463,physical,-97.546166,30.542708,source_crosschecked_datum_undeclared
5464,physical,-97.543473,30.620096,source_crosschecked_datum_undeclared
5465,physical,-97.555481,30.640014,source_crosschecked_datum_undeclared
5466,physical,-97.57331,30.640243,source_crosschecked_datum_undeclared
5467,physical,-97.542974,30.639212,source_crosschecked_datum_undeclared
5468,physical,-97.765364,30.788481,source_crosschecked_datum_undeclared
5469,physical,-97.757842,30.821903,source_crosschecked_datum_undeclared
5470,physical,-97.665153,30.784133,source_crosschecked_datum_undeclared
5471,physical,-97.673961,30.8064,source_crosschecked_datum_undeclared
5472,physical,-97.646445,30.808492,source_crosschecked_datum_undeclared
5473,physical,-97.652555,30.696144,source_crosschecked_datum_undeclared
5474,physical,-97.647088,30.713037,source_crosschecked_datum_undeclared
5475,physical,-97.650709,30.703243,source_crosschecked_datum_undeclared
5476,physical,-97.647326,30.715149,source_crosschecked_datum_undeclared
5477,physical,-97.651333,30.703994,source_crosschecked_datum_undeclared
5478,physical,-97.645662,30.714604,source_crosschecked_datum_undeclared
5479,physical,-97.649212,30.705093,source_crosschecked_datum_undeclared
5480,physical,-97.647564,30.717057,source_crosschecked_datum_undeclared
5481,physical,-97.652621,30.702996,source_crosschecked_datum_undeclared
5482,physical,-97.633283,30.705095,source_crosschecked_datum_undeclared
5483,physical,-97.633851,30.756936,source_crosschecked_datum_undeclared
5484,physical,-97.662455,30.754238,source_crosschecked_datum_undeclared
5485,physical,-97.660384,30.773388,source_crosschecked_datum_undeclared
5486,physical,-97.625764,30.77733,source_crosschecked_datum_undeclared
5487,physical,-97.611181,30.815035,source_crosschecked_datum_undeclared
5488,physical,-97.610253,30.814755,source_crosschecked_datum_undeclared
5489,physical,-97.62124,30.789934,source_crosschecked_datum_undeclared
5490,physical,-97.611125,30.816935,source_crosschecked_datum_undeclared
5491,physical,-97.623542,30.788401,source_crosschecked_datum_undeclared
5492,physical,-97.608427,30.816731,source_crosschecked_datum_undeclared
5493,physical,-97.620368,30.789662,source_crosschecked_datum_undeclared
5494,physical,-97.6039,30.79354,source_crosschecked_datum_undeclared
5495,physical,-97.720812,30.685058,source_crosschecked_datum_undeclared
5496,physical,-97.692129,30.707392,source_crosschecked_datum_undeclared
5497,physical,-97.690234,30.708161,source_crosschecked_datum_undeclared
5498,physical,-97.705643,30.745366,source_crosschecked_datum_undeclared
5499,physical,-97.705638,30.766132,source_crosschecked_datum_undeclared
5500,physical,-97.671934,30.725787,source_crosschecked_datum_undeclared
5501,physical,-97.691671,30.737033,source_crosschecked_datum_undeclared
5502,physical,-97.731007,30.758192,source_crosschecked_datum_undeclared
5503,physical,-97.667082,30.727023,source_crosschecked_datum_undeclared
5504,physical,-97.739677,30.700789,source_crosschecked_datum_undeclared
5505,physical,-97.734306,30.695887,source_crosschecked_datum_undeclared
5506,physical,-97.760492,30.711626,source_crosschecked_datum_undeclared
5507,physical,-97.745911,30.764113,source_crosschecked_datum_undeclared
5508,physical,-97.754241,30.774769,source_crosschecked_datum_undeclared
5509,physical,-97.686928,30.684291,source_crosschecked_datum_undeclared
5510,physical,-97.672429,30.688411,source_crosschecked_datum_undeclared
5511,physical,-97.69005,30.702941,source_crosschecked_datum_undeclared
5512,physical,-97.68201,30.716327,source_crosschecked_datum_undeclared
5513,physical,-97.666085,30.700435,source_crosschecked_datum_undeclared
5514,physical,-97.686799,30.695982,source_crosschecked_datum_undeclared
5515,physical,-97.654304,30.70422,source_crosschecked_datum_undeclared
5516,physical,-97.653009,30.701994,source_crosschecked_datum_undeclared
5517,physical,-97.653016,30.699812,source_crosschecked_datum_undeclared
5518,physical,-97.650522,30.701581,source_crosschecked_datum_undeclared
5519,physical,-97.66954,30.693886,source_crosschecked_datum_undeclared
5520,physical,-97.657814,30.688748,source_crosschecked_datum_undeclared
5521,physical,-97.653016,30.697131,source_crosschecked_datum_undeclared
5522,physical,-97.655761,30.686836,source_crosschecked_datum_undeclared
5523,physical,-97.653328,30.701045,source_crosschecked_datum_undeclared
5524,physical,-97.651582,30.698847,source_crosschecked_datum_undeclared
5525,physical,-97.651021,30.700241,source_crosschecked_datum_undeclared
5526,physical,-97.662461,30.716307,source_crosschecked_datum_undeclared
5527,physical,-97.660668,30.713642,source_crosschecked_datum_undeclared
5528,physical,-97.708974,30.838704,source_crosschecked_datum_undeclared
5529,physical,-97.731906,30.826802,source_crosschecked_datum_undeclared
5530,physical,-97.701924,30.829191,source_crosschecked_datum_undeclared
5531,physical,-97.745036,30.85174,source_crosschecked_datum_undeclared
5532,physical,-97.725051,30.873512,source_crosschecked_datum_undeclared
5533,physical,-97.706166,30.836097,source_crosschecked_datum_undeclared
5534,physical,-97.642808,30.728232,source_crosschecked_datum_undeclared
5535,physical,-97.633313,30.755718,source_crosschecked_datum_undeclared
5536,physical,-97.611137,30.733059,source_crosschecked_datum_undeclared
5537,physical,-97.597092,30.737231,source_crosschecked_datum_undeclared
5538,physical,-97.589123,30.703664,source_crosschecked_datum_undeclared
5539,physical,-97.577614,30.710299,source_crosschecked_datum_undeclared
5540,physical,-97.587176,30.734923,source_crosschecked_datum_undeclared
5541,physical,-97.565924,30.745166,source_crosschecked_datum_undeclared
5542,physical,-97.632621,30.755607,source_crosschecked_datum_undeclared
5543,physical,-97.641936,30.72796,source_crosschecked_datum_undeclared
5544,physical,-97.644076,30.727074,source_crosschecked_datum_undeclared
5545,physical,-97.621427,30.729721,source_crosschecked_datum_undeclared
5546,physical,-97.626475,30.769595,source_crosschecked_datum_undeclared
5547,physical,-97.641778,30.726256,source_crosschecked_datum_undeclared
5548,physical,-97.591018,30.777046,source_crosschecked_datum_undeclared
5549,physical,-97.574742,30.693266,source_crosschecked_datum_undeclared
5550,physical,-97.584807,30.689383,source_crosschecked_datum_undeclared
5551,physical,-97.550049,30.682791,source_crosschecked_datum_undeclared
5552,physical,-97.588043,30.765104,source_crosschecked_datum_undeclared
5553,physical,-97.551252,30.745678,source_crosschecked_datum_undeclared
5554,physical,-97.553484,30.732696,source_crosschecked_datum_undeclared
5555,physical,-97.613327,30.696421,source_crosschecked_datum_undeclared
5556,physical,-97.618652,30.709593,source_crosschecked_datum_undeclared
5557,physical,-97.613472,30.710929,source_crosschecked_datum_undeclared
5558,physical,-97.610164,30.676226,source_crosschecked_datum_undeclared
5559,physical,-97.642649,30.723326,source_crosschecked_datum_undeclared
5560,physical,-97.645186,30.723871,source_crosschecked_datum_undeclared
5561,physical,-97.606532,30.679606,source_crosschecked_datum_undeclared
5562,physical,-97.630044,30.764075,source_crosschecked_datum_undeclared
5563,physical,-97.628247,30.769181,source_crosschecked_datum_undeclared
5564,physical,-97.627666,30.768228,source_crosschecked_datum_undeclared
5565,physical,-97.62822,30.772593,source_crosschecked_datum_undeclared
5566,physical,-97.625206,30.773411,source_crosschecked_datum_undeclared
5567,physical,-97.624889,30.777874,source_crosschecked_datum_undeclared
5568,physical,-97.627744,30.77416,source_crosschecked_datum_undeclared
5569,physical,-97.627189,30.775898,source_crosschecked_datum_undeclared
5570,physical,-97.624571,30.77583,source_crosschecked_datum_undeclared
5571,physical,-97.564518,30.706254,source_crosschecked_datum_undeclared
5572,physical,-97.549337,30.69885,source_crosschecked_datum_undeclared
5573,physical,-97.571769,30.708926,source_crosschecked_datum_undeclared
5574,physical,-97.545482,30.684075,source_crosschecked_datum_undeclared
5575,physical,-97.549157,30.751872,source_crosschecked_datum_undeclared
5576,physical,-97.543636,30.753627,source_crosschecked_datum_undeclared
5577,physical,-97.592672,30.825359,source_crosschecked_datum_undeclared
5578,physical,-97.572919,30.827265,source_crosschecked_datum_undeclared
5579,physical,-97.609062,30.820547,source_crosschecked_datum_undeclared
5580,physical,-97.595809,30.844977,source_crosschecked_datum_undeclared
5581,physical,-97.601763,30.830155,source_crosschecked_datum_undeclared
5582,physical,-97.594857,30.844909,source_crosschecked_datum_undeclared
5583,physical,-97.603747,30.828043,source_crosschecked_datum_undeclared
5584,physical,-97.591999,30.847089,source_crosschecked_datum_undeclared
5585,physical,-97.600096,30.829883,source_crosschecked_datum_undeclared
5586,physical,-97.59192,30.849542,source_crosschecked_datum_undeclared
5587,physical,-97.599857,30.832098,source_crosschecked_datum_undeclared
5588,physical,-97.60811,30.820547,source_crosschecked_datum_undeclared
5589,physical,-97.605013,30.821856,source_crosschecked_datum_undeclared
5590,physical,-97.60296,30.822517,source_crosschecked_datum_undeclared
5591,physical,-97.605615,30.825423,source_crosschecked_datum_undeclared
5592,physical,-97.607158,30.821978,source_crosschecked_datum_undeclared
5593,physical,-97.603529,30.823872,source_crosschecked_datum_undeclared
5594,physical,-97.592818,30.84955,source_crosschecked_datum_undeclared
5595,physical,-97.594301,30.848384,source_crosschecked_datum_undeclared
5596,physical,-97.46401,30.291006,source_crosschecked_datum_undeclared
5597,physical,-97.405519,30.36182,source_crosschecked_datum_undeclared
5598,physical,-97.492005,30.232037,source_crosschecked_datum_undeclared
5599,physical,-97.485084,30.249944,source_crosschecked_datum_undeclared
5600,physical,-97.504777,30.272989,source_crosschecked_datum_undeclared
5601,physical,-97.488372,30.221099,source_crosschecked_datum_undeclared
5602,physical,-97.468935,30.323531,source_crosschecked_datum_undeclared
5603,physical,-97.443682,30.319001,source_crosschecked_datum_undeclared
5604,physical,-97.426761,30.32804,source_crosschecked_datum_undeclared
5605,physical,-97.468152,30.337551,source_crosschecked_datum_undeclared
5606,physical,-97.411799,30.351713,source_crosschecked_datum_undeclared
5607,physical,-97.424792,30.370092,source_crosschecked_datum_undeclared
5608,physical,-97.46579,30.380452,source_crosschecked_datum_undeclared
5609,physical,-97.453975,30.306721,source_crosschecked_datum_undeclared
5610,physical,-97.491576,30.30059,source_crosschecked_datum_undeclared
5611,physical,-97.476401,30.296791,source_crosschecked_datum_undeclared
5612,physical,-97.487271,30.307292,source_crosschecked_datum_undeclared
5613,physical,-97.483197,30.313634,source_crosschecked_datum_undeclared
5614,physical,-97.512851,30.31897,source_crosschecked_datum_undeclared
5615,physical,-97.503287,30.305646,source_crosschecked_datum_undeclared
5616,physical,-97.493179,30.328852,source_crosschecked_datum_undeclared
5617,physical,-97.480321,30.324821,source_crosschecked_datum_undeclared
5618,physical,-97.504609,30.331992,source_crosschecked_datum_undeclared
5619,physical,-97.48392,30.350742,source_crosschecked_datum_undeclared
5620,physical,-97.477292,30.363782,source_crosschecked_datum_undeclared
5621,physical,-97.475746,30.390154,source_crosschecked_datum_undeclared
5622,physical,-97.490808,30.3965,source_crosschecked_datum_undeclared
5623,physical,-97.430977,30.321102,source_crosschecked_datum_undeclared
5624,physical,-97.44985,30.669976,source_crosschecked_datum_undeclared
5625,physical,-97.451116,30.67949,source_crosschecked_datum_undeclared
5626,physical,-97.250779,30.480879,source_crosschecked_datum_undeclared
5627,physical,-97.342045,30.675673,source_crosschecked_datum_undeclared
5628,physical,-97.32241,30.660427,source_crosschecked_datum_undeclared
5629,physical,-97.315701,30.678105,source_crosschecked_datum_undeclared
5630,physical,-97.296592,30.554154,source_crosschecked_datum_undeclared
5631,physical,-97.250475,30.526755,source_crosschecked_datum_undeclared
5632,physical,-97.282749,30.593247,source_crosschecked_datum_undeclared
5633,physical,-97.247418,30.602244,source_crosschecked_datum_undeclared
5634,physical,-97.27318,30.670731,source_crosschecked_datum_undeclared
5635,physical,-97.467715,30.665192,source_crosschecked_datum_undeclared
5636,physical,-97.364777,30.663398,source_crosschecked_datum_undeclared
5637,physical,-97.258868,30.435115,source_crosschecked_datum_undeclared
5638,physical,-97.27311,30.492615,source_crosschecked_datum_undeclared
5639,physical,-97.486528,30.533141,source_crosschecked_datum_undeclared
5640,physical,-97.484727,30.542725,source_crosschecked_datum_undeclared
5641,physical,-97.391454,30.451534,source_crosschecked_datum_undeclared
5642,physical,-97.446217,30.531828,source_crosschecked_datum_undeclared
5643,physical,-97.434591,30.546803,source_crosschecked_datum_undeclared
5644,physical,-97.423996,30.532268,source_crosschecked_datum_undeclared
5645,physical,-97.415994,30.539331,source_crosschecked_datum_undeclared
5646,physical,-97.377489,30.487698,source_crosschecked_datum_undeclared
5647,physical,-97.39926,30.499596,source_crosschecked_datum_undeclared
5648,physical,-97.372776,30.504468,source_crosschecked_datum_undeclared
5649,physical,-97.4563,30.534141,source_crosschecked_datum_undeclared
5650,physical,-97.417386,30.551036,source_crosschecked_datum_undeclared
5651,physical,-97.408307,30.547684,source_crosschecked_datum_undeclared
5652,physical,-97.398686,30.519539,source_crosschecked_datum_undeclared
5653,physical,-97.384906,30.560575,source_crosschecked_datum_undeclared
5654,physical,-97.387423,30.562587,source_crosschecked_datum_undeclared
5655,physical,-97.38717,30.563637,source_crosschecked_datum_undeclared
5656,physical,-97.382288,30.571999,source_crosschecked_datum_undeclared
5657,physical,-97.403112,30.57937,source_crosschecked_datum_undeclared
5658,physical,-97.380104,30.586548,source_crosschecked_datum_undeclared
5659,physical,-97.391294,30.574263,source_crosschecked_datum_undeclared
5660,physical,-97.38435,30.57401,source_crosschecked_datum_undeclared
5661,physical,-97.389218,30.610478,source_crosschecked_datum_undeclared
5662,physical,-97.380989,30.589037,source_crosschecked_datum_undeclared
5663,physical,-97.381999,30.459272,source_crosschecked_datum_undeclared
5664,physical,-97.394344,30.459585,source_crosschecked_datum_undeclared
5665,physical,-97.382535,30.572239,source_crosschecked_datum_undeclared
5666,physical,-97.387848,30.563927,source_crosschecked_datum_undeclared
5667,physical,-97.37597,30.562234,source_crosschecked_datum_undeclared
5668,physical,-97.366042,30.538495,source_crosschecked_datum_undeclared
5669,physical,-97.38471,30.574221,source_crosschecked_datum_undeclared
5670,physical,-97.343815,30.525988,source_crosschecked_datum_undeclared
5671,physical,-97.393053,30.650676,source_crosschecked_datum_undeclared
5672,physical,-97.351913,30.637539,source_crosschecked_datum_undeclared
5673,physical,-97.389129,30.640229,source_crosschecked_datum_undeclared
5674,physical,-97.320574,30.553811,source_crosschecked_datum_undeclared
5675,physical,-97.29119,30.53446,source_crosschecked_datum_undeclared
5676,physical,-97.451867,30.427887,source_crosschecked_datum_undeclared
5677,physical,-97.458798,30.480151,source_crosschecked_datum_undeclared
5678,physical,-97.468147,30.459601,source_crosschecked_datum_undeclared
5679,physical,-97.448598,30.477638,source_crosschecked_datum_undeclared
5680,physical,-97.44849,30.520829,source_crosschecked_datum_undeclared
5681,physical,-97.425557,30.474756,source_crosschecked_datum_undeclared
5682,physical,-97.403883,30.474647,source_crosschecked_datum_undeclared
5683,physical,-97.474698,30.421953,source_crosschecked_datum_undeclared
5684,physical,-97.495277,30.435331,source_crosschecked_datum_undeclared
5685,physical,-97.482584,30.433967,source_crosschecked_datum_undeclared
5686,physical,-97.507087,30.438984,source_crosschecked_datum_undeclared
5687,physical,-97.502735,30.440519,source_crosschecked_datum_undeclared
5688,physical,-97.501759,30.42537,source_crosschecked_datum_undeclared
5689,physical,-97.482106,30.486283,source_crosschecked_datum_undeclared
5690,physical,-97.488414,30.523104,source_crosschecked_datum_undeclared
5691,physical,-97.473424,30.520432,source_crosschecked_datum_undeclared
5692,physical,-97.479211,30.484939,source_crosschecked_datum_undeclared
5693,physical,-97.416679,30.514495,source_crosschecked_datum_undeclared
5694,physical,-97.4378,30.476119,source_crosschecked_datum_undeclared
5695,physical,-97.418595,30.502642,source_crosschecked_datum_undeclared
5696,physical,-97.400783,30.490955,source_crosschecked_datum_undeclared
5697,physical,-97.402695,30.484513,source_crosschecked_datum_undeclared
5698,physical,-97.488419,30.603528,source_crosschecked_datum_undeclared
5699,physical,-97.4754,30.591685,source_crosschecked_datum_undeclared
5700,physical,-97.461336,30.558773,source_crosschecked_datum_undeclared
5701,physical,-97.44158,30.565571,source_crosschecked_datum_undeclared
5702,physical,-97.447852,30.600356,source_crosschecked_datum_undeclared
5703,physical,-97.440749,30.583673,source_crosschecked_datum_undeclared
5704,physical,-97.452101,30.609862,source_crosschecked_datum_undeclared
5705,physical,-97.442878,30.652886,source_crosschecked_datum_undeclared
5706,physical,-97.457134,30.642893,source_crosschecked_datum_undeclared
5707,physical,-97.43978,30.646212,source_crosschecked_datum_undeclared
5708,physical,-97.4326,30.595965,source_crosschecked_datum_undeclared
5709,physical,-97.421837,30.613923,source_crosschecked_datum_undeclared
5710,physical,-97.416459,30.601042,source_crosschecked_datum_undeclared
5711,physical,-97.48268,30.553618,source_crosschecked_datum_undeclared
5712,physical,-97.497158,30.584071,source_crosschecked_datum_undeclared
5713,physical,-97.475647,30.635143,source_crosschecked_datum_undeclared
5714,physical,-97.477581,30.653853,source_crosschecked_datum_undeclared
5715,physical,-97.469742,30.636384,source_crosschecked_datum_undeclared
5716,physical,-97.481661,30.662943,source_crosschecked_datum_undeclared
5717,physical,-97.426967,30.553573,source_crosschecked_datum_undeclared
5718,physical,-97.426502,30.553931,source_crosschecked_datum_undeclared
5719,physical,-97.417691,30.551583,source_crosschecked_datum_undeclared
5720,physical,-97.428573,30.567851,source_crosschecked_datum_undeclared
5721,physical,-97.428283,30.5734,source_crosschecked_datum_undeclared
5722,physical,-97.420423,30.572654,source_crosschecked_datum_undeclared
5723,physical,-97.419312,30.567752,source_crosschecked_datum_undeclared
5724,physical,-97.416633,30.567945,source_crosschecked_datum_undeclared
5725,physical,-97.43943,30.574187,source_crosschecked_datum_undeclared
5726,physical,-97.438948,30.572446,source_crosschecked_datum_undeclared
5727,physical,-97.439098,30.57238,source_crosschecked_datum_undeclared
5728,physical,-97.42324,30.57919,source_crosschecked_datum_undeclared
5729,physical,-97.418079,30.580947,source_crosschecked_datum_undeclared
5730,physical,-97.41949,30.583532,source_crosschecked_datum_undeclared
5731,physical,-97.420653,30.589989,source_crosschecked_datum_undeclared
5732,physical,-97.417049,30.591109,source_crosschecked_datum_undeclared
5733,physical,-97.412434,30.561181,source_crosschecked_datum_undeclared
5734,physical,-97.414705,30.572844,source_crosschecked_datum_undeclared
5735,physical,-97.412236,30.573109,source_crosschecked_datum_undeclared
5736,physical,-97.409378,30.570531,source_crosschecked_datum_undeclared
5737,physical,-97.40968,30.573383,source_crosschecked_datum_undeclared
5738,physical,-97.402709,30.571042,source_crosschecked_datum_undeclared
5739,physical,-97.413704,30.570228,source_crosschecked_datum_undeclared
5740,physical,-97.435614,30.567551,source_crosschecked_datum_undeclared
5741,physical,-97.435831,30.567899,source_crosschecked_datum_undeclared
5742,physical,-97.435492,30.567963,source_crosschecked_datum_undeclared
5743,physical,-97.435219,30.567637,source_crosschecked_datum_undeclared
5744,physical,-97.425581,30.56778,source_crosschecked_datum_undeclared
5745,physical,-97.432797,30.567724,source_crosschecked_datum_undeclared
5746,physical,-97.435536,30.585419,source_crosschecked_datum_undeclared
5747,physical,-97.443232,30.59042,source_crosschecked_datum_undeclared
5748,physical,-97.430223,30.576852,source_crosschecked_datum_undeclared
5749,physical,-97.42625,30.588197,source_crosschecked_datum_undeclared
5750,physical,-97.432594,30.586405,source_crosschecked_datum_undeclared
5751,physical,-97.429884,30.590354,source_crosschecked_datum_undeclared
5752,physical,-97.428099,30.587615,source_crosschecked_datum_undeclared
5753,physical,-97.420173,30.587234,source_crosschecked_datum_undeclared
5754,physical,-97.42774,30.577677,source_crosschecked_datum_undeclared
5755,physical,-97.426844,30.584765,source_crosschecked_datum_undeclared
5756,physical,-97.424374,30.578796,source_crosschecked_datum_undeclared
5757,physical,-97.407969,30.557868,source_crosschecked_datum_undeclared
5758,physical,-97.407644,30.55411,source_crosschecked_datum_undeclared
5759,physical,-97.388583,30.562482,source_crosschecked_datum_undeclared
5760,physical,-97.407594,30.554754,source_crosschecked_datum_undeclared
5761,physical,-97.408785,30.564661,source_crosschecked_datum_undeclared
5762,physical,-97.396928,30.564753,source_crosschecked_datum_undeclared
5763,physical,-97.408453,30.548757,source_crosschecked_datum_undeclared
5764,physical,-97.409184,30.568483,source_crosschecked_datum_undeclared
5765,physical,-97.394416,30.557954,source_crosschecked_datum_undeclared
5766,physical,-97.411482,30.553509,source_crosschecked_datum_undeclared
5767,physical,-97.413451,30.568175,source_crosschecked_datum_undeclared
5768,physical,-97.41163,30.568413,source_crosschecked_datum_undeclared
5769,physical,-97.408312,30.560711,source_crosschecked_datum_undeclared
5770,physical,-97.390925,30.564342,source_crosschecked_datum_undeclared
5771,physical,-97.388992,30.563846,source_crosschecked_datum_undeclared
5772,physical,-97.388966,30.563014,source_crosschecked_datum_undeclared
5773,physical,-97.388509,30.563458,source_crosschecked_datum_undeclared
5774,physical,-97.387907,30.563024,source_crosschecked_datum_undeclared
5775,physical,-97.411499,30.588027,source_crosschecked_datum_undeclared
5776,physical,-97.412811,30.592425,source_crosschecked_datum_undeclared
5777,physical,-97.410716,30.583139,source_crosschecked_datum_undeclared
5778,physical,-97.410062,30.576981,source_crosschecked_datum_undeclared
5779,physical,-97.434196,30.6353,source_crosschecked_datum_undeclared
5780,physical,-97.421296,30.639174,source_crosschecked_datum_undeclared
5781,physical,-97.408342,30.618199,source_crosschecked_datum_undeclared
5782,physical,-97.397963,30.635541,source_crosschecked_datum_undeclared
5783,physical,-97.4033,30.606074,source_crosschecked_datum_undeclared
5784,physical,-97.335322,30.476657,source_crosschecked_datum_undeclared
5785,physical,-97.347971,30.469994,source_crosschecked_datum_undeclared
5786,physical,-97.326034,30.50493,source_crosschecked_datum_undeclared
5787,physical,-97.283439,30.48948,source_crosschecked_datum_undeclared
5788,physical,-97.268354,30.458167,source_crosschecked_datum_undeclared
5789,physical,-97.360832,30.465499,source_crosschecked_datum_undeclared
5790,physical,-97.32962,30.570657,source_crosschecked_datum_undeclared
5791,physical,-97.310499,30.575209,source_crosschecked_datum_undeclared
5792,physical,-97.336918,30.583098,source_crosschecked_datum_undeclared
5793,physical,-97.319771,30.586328,source_crosschecked_datum_undeclared
5794,physical,-97.32757,30.605047,source_crosschecked_datum_undeclared
5795,physical,-97.33326,30.632659,source_crosschecked_datum_undeclared
5796,physical,-97.3541,30.597099,source_crosschecked_datum_undeclared
5797,physical,-97.323743,30.595862,source_crosschecked_datum_undeclared
5798,physical,-97.309366,30.614793,source_crosschecked_datum_undeclared
5799,physical,-97.2872,30.605051,source_crosschecked_datum_undeclared
5800,physical,-97.292911,30.620189,source_crosschecked_datum_undeclared
5801,physical,-97.302222,30.645128,source_crosschecked_datum_undeclared
5802,physical,-97.326018,30.650918,source_crosschecked_datum_undeclared
5803,physical,-97.380115,30.573805,source_crosschecked_datum_undeclared
5804,physical,-97.381219,30.57409,source_crosschecked_datum_undeclared
5805,physical,-97.370529,30.562745,source_crosschecked_datum_undeclared
5806,physical,-97.37499,30.57436,source_crosschecked_datum_undeclared
5807,physical,-97.348889,30.567339,source_crosschecked_datum_undeclared
5808,physical,-97.382181,30.574861,source_crosschecked_datum_undeclared
5809,physical,-97.377362,30.573658,source_crosschecked_datum_undeclared
5810,physical,-97.378162,30.581919,source_crosschecked_datum_undeclared
5811,physical,-97.381955,30.575565,source_crosschecked_datum_undeclared
5812,physical,-97.382884,30.574135,source_crosschecked_datum_undeclared
5813,physical,-97.30442,30.55764,source_crosschecked_datum_undeclared
5814,physical,-97.296832,30.591588,source_crosschecked_datum_undeclared
5815,physical,-97.290325,30.639784,source_crosschecked_datum_undeclared
5816,physical,-97.277782,30.659009,source_crosschecked_datum_undeclared
5817,physical,-97.355522,30.734598,source_crosschecked_datum_undeclared
5818,physical,-97.417948,30.722088,source_crosschecked_datum_undeclared
5819,physical,-97.473196,30.749692,source_crosschecked_datum_undeclared
5820,physical,-97.46741,30.740767,source_crosschecked_datum_undeclared
5821,physical,-97.46223,30.725625,source_crosschecked_datum_undeclared
5822,physical,-97.467927,30.763034,source_crosschecked_datum_undeclared
5823,physical,-97.437996,30.754321,source_crosschecked_datum_undeclared
5824,physical,-97.435181,30.771277,source_crosschecked_datum_undeclared
5825,physical,-97.443472,30.714268,source_crosschecked_datum_undeclared
5826,physical,-97.470214,30.704819,source_crosschecked_datum_undeclared
5827,physical,-97.440918,30.733141,source_crosschecked_datum_undeclared
5828,physical,-97.428033,30.718913,source_crosschecked_datum_undeclared
5829,physical,-97.431153,30.742549,source_crosschecked_datum_undeclared
5830,physical,-97.47725,30.71939,source_crosschecked_datum_undeclared
5831,physical,-97.486109,30.702761,source_crosschecked_datum_undeclared
5832,physical,-97.414603,30.691783,source_crosschecked_datum_undeclared
5833,physical,-97.426275,30.687888,source_crosschecked_datum_undeclared
5834,physical,-97.442871,30.717641,source_crosschecked_datum_undeclared
5835,physical,-97.442218,30.72287,source_crosschecked_datum_undeclared
5836,physical,-97.43482,30.716776,source_crosschecked_datum_undeclared
5837,physical,-97.44187,30.725492,source_crosschecked_datum_undeclared
5838,physical,-97.330846,30.698258,source_crosschecked_datum_undeclared
5839,physical,-97.320705,30.719198,source_crosschecked_datum_undeclared
5840,physical,-97.327195,30.723994,source_crosschecked_datum_undeclared
5841,physical,-97.339793,30.730477,source_crosschecked_datum_undeclared
5842,physical,-97.220281,30.509827,source_crosschecked_datum_undeclared
5843,physical,-97.216268,30.459642,source_crosschecked_datum_undeclared
5844,physical,-97.203126,30.492348,source_crosschecked_datum_undeclared
5845,physical,-97.234926,30.465162,source_crosschecked_datum_undeclared
5846,physical,-97.185137,30.487064,source_crosschecked_datum_undeclared
5847,physical,-97.180841,30.479534,source_crosschecked_datum_undeclared
5848,physical,-97.195357,30.511166,source_crosschecked_datum_undeclared
5849,physical,-97.191544,30.520289,source_crosschecked_datum_undeclared
5850,physical,-97.225714,30.462315,source_crosschecked_datum_undeclared
5851,physical,-97.804844,30.483009,source_crosschecked_datum_undeclared
5852,physical,-97.803908,30.486582,source_crosschecked_datum_undeclared
5853,physical,-97.805073,30.486254,source_crosschecked_datum_undeclared
5854,physical,-97.802732,30.489789,source_crosschecked_datum_undeclared
5855,physical,-97.803106,30.48987,source_crosschecked_datum_undeclared
5856,physical,-97.803199,30.488259,source_crosschecked_datum_undeclared
5857,physical,-97.804227,30.488565,source_crosschecked_datum_undeclared
5858,physical,-97.808189,30.502986,source_crosschecked_datum_undeclared
5859,physical,-97.808937,30.504891,source_crosschecked_datum_undeclared
5860,physical,-97.804862,30.498908,source_crosschecked_datum_undeclared
5861,physical,-97.806078,30.500392,source_crosschecked_datum_undeclared
5862,physical,-97.807015,30.499977,source_crosschecked_datum_undeclared
5863,physical,-97.805596,30.499148,source_crosschecked_datum_undeclared
5864,physical,-97.810288,30.506395,source_crosschecked_datum_undeclared
5865,physical,-97.809985,30.504671,source_crosschecked_datum_undeclared
5866,physical,-97.809775,30.505994,source_crosschecked_datum_undeclared
5867,physical,-97.814475,30.519892,source_crosschecked_datum_undeclared
5868,physical,-97.814932,30.52022,source_crosschecked_datum_undeclared
5869,physical,-97.8146,30.52169,source_crosschecked_datum_undeclared
5870,physical,-97.815663,30.521716,source_crosschecked_datum_undeclared
5871,physical,-97.816804,30.528361,source_crosschecked_datum_undeclared
5872,physical,-97.816116,30.52695,source_crosschecked_datum_undeclared
5873,physical,-97.817127,30.528465,source_crosschecked_datum_undeclared
5874,physical,-97.817147,30.526828,source_crosschecked_datum_undeclared
5875,physical,-97.815474,30.524838,source_crosschecked_datum_undeclared
5876,physical,-97.815924,30.538608,source_crosschecked_datum_undeclared
5877,physical,-97.816146,30.533011,source_crosschecked_datum_undeclared
5878,physical,-97.815345,30.534662,source_crosschecked_datum_undeclared
5879,physical,-97.816432,30.534834,source_crosschecked_datum_undeclared
5880,physical,-97.816432,30.533257,source_crosschecked_datum_undeclared
5881,physical,-97.815294,30.540632,source_crosschecked_datum_undeclared
5882,physical,-97.815954,30.541799,source_crosschecked_datum_undeclared
5883,physical,-97.816336,30.542008,source_crosschecked_datum_undeclared
5884,physical,-97.816301,30.540422,source_crosschecked_datum_undeclared
5885,physical,-97.825478,30.56346,source_crosschecked_datum_undeclared
5886,physical,-97.821886,30.558524,source_crosschecked_datum_undeclared
5887,physical,-97.822467,30.560225,source_crosschecked_datum_undeclared
5888,physical,-97.825239,30.565069,source_crosschecked_datum_undeclared
5889,physical,-97.826284,30.566084,source_crosschecked_datum_undeclared
5890,physical,-97.826849,30.566484,source_crosschecked_datum_undeclared
5891,physical,-97.826268,30.564769,source_crosschecked_datum_undeclared
5892,physical,-97.823463,30.559925,source_crosschecked_datum_undeclared
5893,physical,-97.822451,30.558882,source_crosschecked_datum_undeclared
5894,physical,-97.836598,30.582455,source_crosschecked_datum_undeclared
5895,physical,-97.832884,30.577588,source_crosschecked_datum_undeclared
5896,physical,-97.837592,30.58521,source_crosschecked_datum_undeclared
5897,physical,-97.837995,30.585279,source_crosschecked_datum_undeclared
5898,physical,-97.833488,30.5779,source_crosschecked_datum_undeclared
5899,physical,-97.833448,30.579181,source_crosschecked_datum_undeclared
5900,physical,-97.834574,30.579077,source_crosschecked_datum_undeclared
5901,physical,-97.836345,30.584136,source_crosschecked_datum_undeclared
5902,physical,-97.837472,30.583997,source_crosschecked_datum_undeclared
5903,physical,-97.859094,30.60608,source_crosschecked_datum_undeclared
5904,physical,-97.859398,30.606005,source_crosschecked_datum_undeclared
5905,physical,-97.703336,30.422732,source_crosschecked_datum_undeclared
5906,physical,-97.825529,30.455204,source_crosschecked_datum_undeclared
5907,physical,-97.821478,30.459214,source_crosschecked_datum_undeclared
5908,physical,-97.815819,30.461729,source_crosschecked_datum_undeclared
5909,physical,-97.805943,30.464817,source_crosschecked_datum_undeclared
5910,physical,-97.789873,30.469868,source_crosschecked_datum_undeclared
5911,physical,-97.780361,30.472848,source_crosschecked_datum_undeclared
5912,physical,-97.660208,30.482846,source_crosschecked_datum_undeclared
5913,physical,-97.650956,30.484895,source_crosschecked_datum_undeclared
5914,physical,-97.656984,30.688667,source_crosschecked_datum_undeclared
5915,physical,-97.656154,30.688268,source_crosschecked_datum_undeclared
5916,physical,-97.656395,30.685338,source_crosschecked_datum_undeclared
5917,physical,-97.658683,30.686135,source_crosschecked_datum_undeclared
5918,physical,-97.658862,30.685597,source_crosschecked_datum_undeclared
5919,physical,-97.656614,30.684819,source_crosschecked_datum_undeclared
5920,physical,-97.654274,30.683791,source_crosschecked_datum_undeclared
5921,physical,-97.653233,30.681191,source_crosschecked_datum_undeclared
5922,physical,-97.65132,30.67912,source_crosschecked_datum_undeclared
5923,physical,-97.651149,30.679385,source_crosschecked_datum_undeclared
5924,physical,-97.652584,30.681573,source_crosschecked_datum_undeclared
5925,physical,-97.648126,30.67461,source_crosschecked_datum_undeclared
5926,physical,-97.648284,30.67432,source_crosschecked_datum_undeclared
5927,physical,-97.648036,30.675693,source_crosschecked_datum_undeclared
5928,physical,-97.649611,30.67521,source_crosschecked_datum_undeclared
5929,physical,-97.645595,30.671911,source_crosschecked_datum_undeclared
5930,physical,-97.646967,30.671253,source_crosschecked_datum_undeclared
5931,physical,-97.64208,30.666555,source_crosschecked_datum_undeclared
5932,physical,-97.643756,30.66607,source_crosschecked_datum_undeclared
5933,physical,-97.639743,30.661955,source_crosschecked_datum_undeclared
5934,physical,-97.640347,30.661981,source_crosschecked_datum_undeclared
5935,physical,-97.632816,30.648186,source_crosschecked_datum_undeclared
5936,physical,-97.632309,30.6482,source_crosschecked_datum_undeclared
5937,physical,-97.629082,30.642342,source_crosschecked_datum_undeclared
5938,physical,-97.628174,30.636992,source_crosschecked_datum_undeclared
5939,physical,-97.627749,30.637048,source_crosschecked_datum_undeclared
5940,physical,-97.631742,30.641476,source_crosschecked_datum_undeclared
5941,physical,-97.63058,30.599674,source_crosschecked_datum_undeclared
5942,physical,-97.632599,30.599089,source_crosschecked_datum_undeclared
5943,physical,-97.639342,30.559386,source_crosschecked_datum_undeclared
5944,physical,-97.6411,30.558836,source_crosschecked_datum_undeclared
5945,physical,-97.64096,30.546267,source_crosschecked_datum_undeclared
5946,physical,-97.642832,30.545682,source_crosschecked_datum_undeclared
5947,physical,-97.636275,30.522964,source_crosschecked_datum_undeclared
5948,physical,-97.638151,30.508417,source_crosschecked_datum_undeclared
5949,physical,-97.642424,30.520437,source_crosschecked_datum_undeclared
5950,physical,-97.652769,30.518205,source_crosschecked_datum_undeclared
5951,physical,-97.631084,30.496142,source_crosschecked_datum_undeclared
5952,physical,-97.632518,30.496132,source_crosschecked_datum_undeclared
5953,physical,-97.643269,30.487576,source_crosschecked_datum_undeclared
5954,physical,-97.642852,30.48637,source_crosschecked_datum_undeclared
5955,physical,-97.634796,30.488599,source_crosschecked_datum_undeclared
5956,physical,-97.634759,30.488246,source_crosschecked_datum_undeclared
5957,physical,-97.648102,30.485521,source_crosschecked_datum_undeclared
5958,physical,-97.648211,30.485963,source_crosschecked_datum_undeclared
5959,physical,-97.63175,30.48886,source_crosschecked_datum_undeclared
5960,physical,-97.63177,30.487792,source_crosschecked_datum_undeclared
5961,physical,-97.632541,30.488563,source_crosschecked_datum_undeclared
5962,physical,-97.6323,30.488111,source_crosschecked_datum_undeclared
5963,physical,-97.627568,30.488572,source_crosschecked_datum_undeclared
5964,physical,-97.629141,30.488722,source_crosschecked_datum_undeclared
5965,physical,-97.62866,30.487442,source_crosschecked_datum_undeclared
5966,physical,-97.62689,30.487159,source_crosschecked_datum_undeclared
5967,physical,-97.630696,30.487739,source_crosschecked_datum_undeclared
5968,physical,-97.635109,30.488941,source_crosschecked_datum_undeclared
5969,physical,-97.635168,30.487989,source_crosschecked_datum_undeclared
5970,physical,-97.597717,30.461982,source_crosschecked_datum_undeclared
5971,physical,-97.598686,30.460458,source_crosschecked_datum_undeclared
5972,physical,-97.593993,30.453979,source_crosschecked_datum_undeclared
5973,physical,-97.593483,30.453847,source_crosschecked_datum_undeclared
5974,physical,-97.592719,30.450987,source_crosschecked_datum_undeclared
5975,physical,-97.594529,30.451919,source_crosschecked_datum_undeclared
5976,physical,-97.59328,30.446855,source_crosschecked_datum_undeclared
5977,physical,-97.59379,30.447163,source_crosschecked_datum_undeclared
5978,physical,-97.593076,30.430628,source_crosschecked_datum_undeclared
5979,physical,-97.593484,30.430936,source_crosschecked_datum_undeclared
5980,physical,-97.594135,30.426166,source_crosschecked_datum_undeclared
5981,physical,-97.592646,30.438736,source_crosschecked_datum_undeclared
5982,physical,-97.594112,30.438496,source_crosschecked_datum_undeclared
5983,physical,-97.607354,30.404393,source_crosschecked_datum_undeclared
5984,physical,-97.611378,30.41233,source_crosschecked_datum_undeclared
5985,physical,-97.628423,30.393899,source_crosschecked_datum_undeclared
5986,physical,-97.629831,30.394808,source_crosschecked_datum_undeclared
5987,physical,-97.625057,30.371366,source_crosschecked_datum_undeclared
5988,physical,-97.639769,30.38162,source_crosschecked_datum_undeclared
5989,physical,-97.638521,30.380633,source_crosschecked_datum_undeclared
5990,physical,-97.641517,30.352705,source_crosschecked_datum_undeclared
5991,physical,-97.643979,30.352768,source_crosschecked_datum_undeclared
5992,physical,-97.640901,30.33006,source_crosschecked_datum_undeclared
5993,physical,-97.642367,30.329965,source_crosschecked_datum_undeclared
5994,physical,-97.642347,30.328656,source_crosschecked_datum_undeclared
5995,physical,-97.640841,30.328734,source_crosschecked_datum_undeclared
5996,physical,-97.650921,30.32832,source_crosschecked_datum_undeclared
5997,physical,-97.650959,30.329549,source_crosschecked_datum_undeclared
5998,physical,-97.647492,30.329717,source_crosschecked_datum_undeclared
5999,physical,-97.634576,30.315554,source_crosschecked_datum_undeclared
6000,physical,-97.63529,30.314471,source_crosschecked_datum_undeclared
6001,physical,-97.62801,30.290576,source_crosschecked_datum_undeclared
6002,physical,-97.628676,30.289525,source_crosschecked_datum_undeclared
6003,physical,-97.613629,30.259098,source_crosschecked_datum_undeclared
6004,physical,-97.614735,30.259416,source_crosschecked_datum_undeclared
6005,physical,-97.614488,30.232521,source_crosschecked_datum_undeclared
6006,physical,-97.614704,30.233608,source_crosschecked_datum_undeclared
6007,physical,-97.615745,30.230947,source_crosschecked_datum_undeclared
6008,physical,-97.614921,30.229673,source_crosschecked_datum_undeclared
6009,physical,-97.616267,30.227088,source_crosschecked_datum_undeclared
6010,physical,-97.617394,30.227688,source_crosschecked_datum_undeclared
6011,physical,-97.619303,30.223865,source_crosschecked_datum_undeclared
6012,physical,-97.618696,30.223828,source_crosschecked_datum_undeclared
6013,physical,-97.623736,30.20002,source_crosschecked_datum_undeclared
6014,physical,-97.623286,30.199804,source_crosschecked_datum_undeclared
6015,physical,-97.624984,30.195775,source_crosschecked_datum_undeclared
6016,physical,-97.625539,30.194889,source_crosschecked_datum_undeclared
6017,physical,-97.62618,30.196809,source_crosschecked_datum_undeclared
6018,physical,-97.626736,30.195923,source_crosschecked_datum_undeclared
6019,physical,-97.628145,30.192305,source_crosschecked_datum_undeclared
6020,physical,-97.627633,30.191935,source_crosschecked_datum_undeclared
6021,physical,-97.630416,30.172862,source_crosschecked_datum_undeclared
6022,physical,-97.627823,30.171685,source_crosschecked_datum_undeclared
6023,physical,-97.62883,30.180308,source_crosschecked_datum_undeclared
6024,physical,-97.629384,30.184097,source_crosschecked_datum_undeclared
6025,physical,-97.630291,30.184097,source_crosschecked_datum_undeclared
6026,physical,-97.630996,30.179829,source_crosschecked_datum_undeclared
6027,physical,-97.630745,30.16389,source_crosschecked_datum_undeclared
6028,physical,-97.631198,30.164587,source_crosschecked_datum_undeclared
6029,physical,-97.628837,30.167774,source_crosschecked_datum_undeclared
6030,physical,-97.630971,30.167549,source_crosschecked_datum_undeclared
6031,physical,-97.63704,30.152612,source_crosschecked_datum_undeclared
6032,physical,-97.638904,30.15357,source_crosschecked_datum_undeclared
6033,physical,-97.640666,30.148779,source_crosschecked_datum_undeclared
6034,physical,-97.641321,30.149476,source_crosschecked_datum_undeclared
6035,physical,-97.650461,30.133494,source_crosschecked_datum_undeclared
6036,physical,-97.652878,30.134757,source_crosschecked_datum_undeclared
6037,physical,-97.654036,30.129792,source_crosschecked_datum_undeclared
6038,physical,-97.648396,30.137762,source_crosschecked_datum_undeclared
6039,physical,-97.64895,30.13811,source_crosschecked_datum_undeclared
6040,physical,-97.65459,30.13062,source_crosschecked_datum_undeclared
6041,physical,-97.6633,30.11947,source_crosschecked_datum_undeclared
6042,physical,-97.660733,30.118382,source_crosschecked_datum_undeclared
6043,physical,-97.659323,30.122475,source_crosschecked_datum_undeclared
6044,physical,-97.660505,30.122345,source_crosschecked_datum_undeclared
6045,physical,-97.664861,30.113809,source_crosschecked_datum_undeclared
6046,physical,-97.664684,30.115595,source_crosschecked_datum_undeclared
6047,physical,-97.670422,30.103904,source_crosschecked_datum_undeclared
6048,physical,-97.671659,30.104882,source_crosschecked_datum_undeclared
6049,physical,-97.668284,30.107364,source_crosschecked_datum_undeclared
6050,physical,-97.669342,30.107887,source_crosschecked_datum_undeclared
6051,physical,-97.674622,30.101297,source_crosschecked_datum_undeclared
6052,physical,-97.674669,30.10023,source_crosschecked_datum_undeclared
6053,physical,-97.678336,30.098239,source_crosschecked_datum_undeclared
6054,physical,-97.677823,30.097664,source_crosschecked_datum_undeclared
6055,physical,-97.681508,30.094597,source_crosschecked_datum_undeclared
6056,physical,-97.680446,30.09376,source_crosschecked_datum_undeclared
6057,physical,-97.684361,30.090227,source_crosschecked_datum_undeclared
6058,physical,-97.683472,30.090248,source_crosschecked_datum_undeclared
6059,physical,-97.687546,30.085761,source_crosschecked_datum_undeclared
6060,physical,-97.687024,30.084985,source_crosschecked_datum_undeclared
6061,physical,-97.689699,30.083809,source_crosschecked_datum_undeclared
6062,physical,-97.688551,30.082843,source_crosschecked_datum_undeclared
6063,physical,-97.691642,30.081789,source_crosschecked_datum_undeclared
6064,physical,-97.690257,30.080898,source_crosschecked_datum_undeclared
6065,physical,-97.692055,30.074468,source_crosschecked_datum_undeclared
6066,physical,-97.692306,30.077636,source_crosschecked_datum_undeclared
6067,physical,-97.692053,30.079998,source_crosschecked_datum_undeclared
6068,physical,-97.691073,30.079508,source_crosschecked_datum_undeclared
6069,physical,-97.693539,30.077898,source_crosschecked_datum_undeclared
6070,physical,-97.69251,30.073714,source_crosschecked_datum_undeclared
6071,physical,-97.693138,30.074078,source_crosschecked_datum_undeclared
6072,physical,-97.693694,30.082518,source_crosschecked_datum_undeclared
6073,physical,-97.690933,30.058237,source_crosschecked_datum_undeclared
6074,physical,-97.691764,30.060984,source_crosschecked_datum_undeclared
6075,physical,-97.69261,30.063282,source_crosschecked_datum_undeclared
6076,physical,-97.692622,30.059246,source_crosschecked_datum_undeclared
6077,physical,-97.691515,30.048895,source_crosschecked_datum_undeclared
6078,physical,-97.68957,30.047917,source_crosschecked_datum_undeclared
6079,physical,-97.690118,30.055686,source_crosschecked_datum_undeclared
6080,physical,-97.692126,30.054219,source_crosschecked_datum_undeclared
6081,physical,-97.689033,30.035459,source_crosschecked_datum_undeclared
6082,physical,-97.689859,30.037575,source_crosschecked_datum_undeclared
6083,physical,-97.690878,30.042,source_crosschecked_datum_undeclared
6084,physical,-97.689019,30.040994,source_crosschecked_datum_undeclared
6085,physical,-97.688715,30.032469,source_crosschecked_datum_undeclared
6086,physical,-97.689394,30.032809,source_crosschecked_datum_undeclared
6087,physical,-97.689573,30.029653,source_crosschecked_datum_undeclared
6088,physical,-97.687822,30.02925,source_crosschecked_datum_undeclared
6089,physical,-97.68765,30.027541,source_crosschecked_datum_undeclared
6090,physical,-97.689323,30.027332,source_crosschecked_datum_undeclared
6091,physical,-97.687979,30.023983,source_crosschecked_datum_undeclared
6092,physical,-97.75785,30.219965,source_crosschecked_datum_undeclared
6093,physical,-97.760622,30.221766,source_crosschecked_datum_undeclared
6094,physical,-97.849713,30.541417,source_crosschecked_datum_undeclared
6095,physical,-97.668592,30.465619,source_crosschecked_datum_undeclared
6096,physical,-97.669424,30.46538,source_crosschecked_datum_undeclared
6097,physical,-97.668083,30.466572,source_crosschecked_datum_undeclared
6098,physical,-97.670377,30.465867,source_crosschecked_datum_undeclared
6099,physical,-97.671769,30.470225,source_crosschecked_datum_undeclared
6100,physical,-97.672039,30.473708,source_crosschecked_datum_undeclared
6101,physical,-97.675777,30.482837,source_crosschecked_datum_undeclared
6102,physical,-97.674712,30.482002,source_crosschecked_datum_undeclared
6103,physical,-97.819766,30.460499,source_crosschecked_datum_undeclared
6104,physical,-97.832635,30.190477,source_crosschecked_datum_undeclared
6105,physical,-97.869258,30.516128,source_crosschecked_datum_undeclared
6106,physical,-97.86524,30.523829,source_crosschecked_datum_undeclared
6107,physical,-97.847334,30.502457,source_crosschecked_datum_undeclared
6108,physical,-97.83847,30.48711,source_crosschecked_datum_undeclared
6109,physical,-97.840251,30.493786,source_crosschecked_datum_undeclared
6110,physical,-97.847197,30.497393,source_crosschecked_datum_undeclared
6111,physical,-97.828469,30.480514,source_crosschecked_datum_undeclared
6112,physical,-97.803013,30.514524,source_crosschecked_datum_undeclared
6113,physical,-97.794348,30.516629,source_crosschecked_datum_undeclared
6114,physical,-97.79809,30.529592,source_crosschecked_datum_undeclared
6115,physical,-97.794274,30.506985,source_crosschecked_datum_undeclared
6116,physical,-97.795001,30.489661,source_crosschecked_datum_undeclared
6117,physical,-97.985256,29.827578,source_crosschecked_datum_undeclared
6118,physical,-97.985734,29.827977,source_crosschecked_datum_undeclared
6119,physical,-97.531901,30.51323,source_crosschecked_datum_undeclared
6120,physical,-97.536642,30.485326,source_crosschecked_datum_undeclared
6121,physical,-97.793933,30.480956,source_crosschecked_datum_undeclared
6122,physical,-97.797985,30.480673,source_crosschecked_datum_undeclared
6123,physical,-97.806953,30.485625,source_crosschecked_datum_undeclared
6124,physical,-97.781133,30.493896,source_crosschecked_datum_undeclared
6125,physical,-97.77416,30.496184,source_crosschecked_datum_undeclared
6126,physical,-97.798955,30.488294,source_crosschecked_datum_undeclared
6127,physical,-97.812259,30.513704,source_crosschecked_datum_undeclared
6128,physical,-97.796082,30.522606,source_crosschecked_datum_undeclared
6129,physical,-97.79451,30.511416,source_crosschecked_datum_undeclared
6130,physical,-97.708593,30.313073,source_crosschecked_datum_undeclared
6131,physical,-97.707102,30.315803,source_crosschecked_datum_undeclared
6132,physical,-97.743531,30.216373,source_crosschecked_datum_undeclared
6133,physical,-97.744266,30.216113,source_crosschecked_datum_undeclared
6134,physical,-97.746437,30.216502,source_crosschecked_datum_undeclared
6135,physical,-97.746806,30.215771,source_crosschecked_datum_undeclared
6136,physical,-97.748333,30.219495,source_crosschecked_datum_undeclared
6137,physical,-97.750194,30.219367,source_crosschecked_datum_undeclared
6138,physical,-97.756098,30.218671,source_crosschecked_datum_undeclared
6139,physical,-97.75614,30.219069,source_crosschecked_datum_undeclared
6140,physical,-97.754822,30.217522,source_crosschecked_datum_undeclared
6141,physical,-97.75463,30.218186,source_crosschecked_datum_undeclared
6142,physical,-97.742536,30.230046,source_crosschecked_datum_undeclared
6143,physical,-97.739022,30.239097,source_crosschecked_datum_undeclared
6144,physical,-97.729393,30.277214,source_crosschecked_datum_undeclared
6145,physical,-97.733875,30.267797,source_crosschecked_datum_undeclared
6146,physical,-97.733048,30.267552,source_crosschecked_datum_undeclared
6147,physical,-97.730613,30.274014,source_crosschecked_datum_undeclared
6148,physical,-97.730489,30.27644,source_crosschecked_datum_undeclared
6149,physical,-97.710557,30.306273,source_crosschecked_datum_undeclared
6150,physical,-97.707531,30.311545,source_crosschecked_datum_undeclared
6151,physical,-97.712749,30.319822,source_crosschecked_datum_undeclared
6152,physical,-97.709991,30.320179,source_crosschecked_datum_undeclared
6153,physical,-97.707719,30.318695,source_crosschecked_datum_undeclared
6154,physical,-97.707768,30.316872,source_crosschecked_datum_undeclared
6155,physical,-97.697977,30.321714,source_crosschecked_datum_undeclared
6156,physical,-97.70327,30.322545,source_crosschecked_datum_undeclared
6157,physical,-97.706356,30.318017,source_crosschecked_datum_undeclared
6158,physical,-97.703099,30.321192,source_crosschecked_datum_undeclared
6159,physical,-97.699794,30.321204,source_crosschecked_datum_undeclared
6160,physical,-97.693688,30.34784,source_crosschecked_datum_undeclared
6161,physical,-97.694252,30.348448,source_crosschecked_datum_undeclared
6162,physical,-97.69138,30.334378,source_crosschecked_datum_undeclared
6163,physical,-97.693998,30.336239,source_crosschecked_datum_undeclared
6164,physical,-97.694327,30.335769,source_crosschecked_datum_undeclared
6165,physical,-97.670309,30.39082,source_crosschecked_datum_undeclared
6166,physical,-97.672808,30.390736,source_crosschecked_datum_undeclared
6167,physical,-97.668159,30.441891,source_crosschecked_datum_undeclared
6168,physical,-97.667405,30.441739,source_crosschecked_datum_undeclared
6169,physical,-97.666609,30.459577,source_crosschecked_datum_undeclared
6170,physical,-97.681902,30.501748,source_crosschecked_datum_undeclared
6171,physical,-97.682575,30.501227,source_crosschecked_datum_undeclared
6172,physical,-97.692015,30.563268,source_crosschecked_datum_undeclared
6173,physical,-97.692814,30.563078,source_crosschecked_datum_undeclared
6174,physical,-97.808566,30.254089,source_crosschecked_datum_undeclared
6175,physical,-97.80922,30.253683,source_crosschecked_datum_undeclared
6176,physical,-97.812577,30.257784,source_crosschecked_datum_undeclared
6177,physical,-97.811886,30.258221,source_crosschecked_datum_undeclared
6178,physical,-97.814645,30.260719,source_crosschecked_datum_undeclared
6179,physical,-97.819241,30.277664,source_crosschecked_datum_undeclared
6180,physical,-97.81816,30.27597,source_crosschecked_datum_undeclared
6181,physical,-97.818425,30.27583,source_crosschecked_datum_undeclared
6182,physical,-97.819882,30.277397,source_crosschecked_datum_undeclared
6183,physical,-97.827108,30.287559,source_crosschecked_datum_undeclared
6184,physical,-97.825282,30.28511,source_crosschecked_datum_undeclared
6185,physical,-97.825145,30.285199,source_crosschecked_datum_undeclared
6186,physical,-97.824403,30.283708,source_crosschecked_datum_undeclared
6187,physical,-97.823918,30.284031,source_crosschecked_datum_undeclared
6188,physical,-97.805752,30.335009,source_crosschecked_datum_undeclared
6189,physical,-97.808899,30.330321,source_crosschecked_datum_undeclared
6190,physical,-97.80736,30.332983,source_crosschecked_datum_undeclared
6191,physical,-97.807836,30.333062,source_crosschecked_datum_undeclared
6192,physical,-97.806646,30.335365,source_crosschecked_datum_undeclared
6193,physical,-97.796373,30.350477,source_crosschecked_datum_undeclared
6194,physical,-97.796759,30.350693,source_crosschecked_datum_undeclared
6195,physical,-97.79738,30.348257,source_crosschecked_datum_undeclared
6196,physical,-97.798305,30.348712,source_crosschecked_datum_undeclared
6197,physical,-97.8039,30.3398,source_crosschecked_datum_undeclared
6198,physical,-97.794354,30.353781,source_crosschecked_datum_undeclared
6199,physical,-97.785878,30.37193,source_crosschecked_datum_undeclared
6200,physical,-97.785562,30.371615,source_crosschecked_datum_undeclared
6201,physical,-97.771188,30.382833,source_crosschecked_datum_undeclared
6202,physical,-97.766459,30.384604,source_crosschecked_datum_undeclared
6203,physical,-97.770828,30.382216,source_crosschecked_datum_undeclared
6204,physical,-97.766864,30.385161,source_crosschecked_datum_undeclared
6205,physical,-97.772458,30.381948,source_crosschecked_datum_undeclared
6206,physical,-97.772339,30.381712,source_crosschecked_datum_undeclared
6207,physical,-97.765406,30.385734,source_crosschecked_datum_undeclared
6208,physical,-97.765593,30.385969,source_crosschecked_datum_undeclared
6209,physical,-97.759726,30.388404,source_crosschecked_datum_undeclared
6210,physical,-97.759734,30.387908,source_crosschecked_datum_undeclared
6211,physical,-97.758013,30.38823,source_crosschecked_datum_undeclared
6212,physical,-97.761301,30.38826,source_crosschecked_datum_undeclared
6213,physical,-97.761301,30.388054,source_crosschecked_datum_undeclared
6214,physical,-97.758013,30.388044,source_crosschecked_datum_undeclared
6215,physical,-97.747739,30.388591,source_crosschecked_datum_undeclared
6216,physical,-97.745683,30.389129,source_crosschecked_datum_undeclared
6217,physical,-97.74582,30.389365,source_crosschecked_datum_undeclared
6218,physical,-97.744175,30.389671,source_crosschecked_datum_undeclared
6219,physical,-97.751972,30.388262,source_crosschecked_datum_undeclared
6220,physical,-97.751989,30.388457,source_crosschecked_datum_undeclared
6221,physical,-97.711585,30.424077,source_crosschecked_datum_undeclared
6222,physical,-97.71355,30.424195,source_crosschecked_datum_undeclared
6223,physical,-97.711722,30.423781,source_crosschecked_datum_undeclared
6224,physical,-97.716268,30.426204,source_crosschecked_datum_undeclared
6225,physical,-97.716473,30.425928,source_crosschecked_datum_undeclared
6226,physical,-97.736324,30.437076,source_crosschecked_datum_undeclared
6227,physical,-97.736129,30.437275,source_crosschecked_datum_undeclared
6228,physical,-97.741828,30.443701,source_crosschecked_datum_undeclared
6229,physical,-97.742458,30.443483,source_crosschecked_datum_undeclared
6230,physical,-97.742876,30.44534,source_crosschecked_datum_undeclared
6231,physical,-97.743061,30.445279,source_crosschecked_datum_undeclared
6232,physical,-97.741509,30.44204,source_crosschecked_datum_undeclared
6233,physical,-97.741332,30.442093,source_crosschecked_datum_undeclared
6234,physical,-97.752718,30.455964,source_crosschecked_datum_undeclared
6235,physical,-97.745639,30.448969,source_crosschecked_datum_undeclared
6236,physical,-97.75412,30.458875,source_crosschecked_datum_undeclared
6237,physical,-97.752845,30.456328,source_crosschecked_datum_undeclared
6238,physical,-97.75259,30.456389,source_crosschecked_datum_undeclared
6239,physical,-97.753354,30.459047,source_crosschecked_datum_undeclared
6240,physical,-97.754411,30.461148,source_crosschecked_datum_undeclared
6241,physical,-97.754675,30.461089,source_crosschecked_datum_undeclared
6242,physical,-97.764119,30.475684,source_crosschecked_datum_undeclared
6243,physical,-97.764561,30.475536,source_crosschecked_datum_undeclared
6244,physical,-97.764719,30.476891,source_crosschecked_datum_undeclared
6245,physical,-97.765108,30.476764,source_crosschecked_datum_undeclared
6246,physical,-97.774559,30.496053,source_crosschecked_datum_undeclared
6247,physical,-97.770898,30.486722,source_crosschecked_datum_undeclared
6248,physical,-97.769827,30.486989,source_crosschecked_datum_undeclared
6249,physical,-97.768197,30.484087,source_crosschecked_datum_undeclared
6250,physical,-97.768571,30.4839,source_crosschecked_datum_undeclared
6251,physical,-97.775511,30.499297,source_crosschecked_datum_undeclared
6252,physical,-97.771692,30.491752,source_crosschecked_datum_undeclared
6253,physical,-97.773523,30.496395,source_crosschecked_datum_undeclared
6254,physical,-97.772763,30.491305,source_crosschecked_datum_undeclared
6255,physical,-97.775875,30.499183,source_crosschecked_datum_undeclared
6256,physical,-97.766647,30.480136,source_crosschecked_datum_undeclared
6257,physical,-97.816414,30.239695,source_crosschecked_datum_undeclared
6258,physical,-97.814921,30.241185,source_crosschecked_datum_undeclared
6259,physical,-97.756333,30.315322,source_crosschecked_datum_undeclared
6260,physical,-97.754263,30.339116,source_crosschecked_datum_undeclared
6261,physical,-97.746479,30.39649,source_crosschecked_datum_undeclared
6262,physical,-97.745974,30.397615,source_crosschecked_datum_undeclared
6263,physical,-97.764169,30.431771,source_crosschecked_datum_undeclared
6264,physical,-97.764244,30.431551,source_crosschecked_datum_undeclared
6265,physical,-97.793393,30.459768,source_crosschecked_datum_undeclared
6266,physical,-97.793514,30.459733,source_crosschecked_datum_undeclared
6267,physical,-97.864697,30.23441,source_crosschecked_datum_undeclared
6268,physical,-97.864461,30.233618,source_crosschecked_datum_undeclared
6269,physical,-97.871062,30.234142,source_crosschecked_datum_undeclared
6270,physical,-97.861569,30.235117,source_crosschecked_datum_undeclared
6271,physical,-97.861587,30.234158,source_crosschecked_datum_undeclared
6272,physical,-97.858114,30.235546,source_crosschecked_datum_undeclared
6273,physical,-97.858078,30.235156,source_crosschecked_datum_undeclared
6274,physical,-97.874244,30.233545,source_crosschecked_datum_undeclared
6275,physical,-97.874662,30.233325,source_crosschecked_datum_undeclared
6276,physical,-97.874259,30.232762,source_crosschecked_datum_undeclared
6277,physical,-97.873868,30.232965,source_crosschecked_datum_undeclared
6278,physical,-97.877357,30.231899,source_crosschecked_datum_undeclared
6279,physical,-97.87719,30.231191,source_crosschecked_datum_undeclared
6280,physical,-97.879015,30.230198,source_crosschecked_datum_undeclared
6281,physical,-97.888093,30.228679,source_crosschecked_datum_undeclared
6282,physical,-97.884071,30.228341,source_crosschecked_datum_undeclared
6283,physical,-97.884888,30.229019,source_crosschecked_datum_undeclared
6284,physical,-97.888014,30.229333,source_crosschecked_datum_undeclared
6285,physical,-97.678087,30.323938,source_crosschecked_datum_undeclared
6286,physical,-97.679194,30.322761,source_crosschecked_datum_undeclared
6287,physical,-97.66955,30.322466,source_crosschecked_datum_undeclared
6288,physical,-97.669016,30.322355,source_crosschecked_datum_undeclared
6289,physical,-97.670144,30.323392,source_crosschecked_datum_undeclared
6290,physical,-97.671051,30.323373,source_crosschecked_datum_undeclared
6291,physical,-97.663458,30.315355,source_crosschecked_datum_undeclared
6292,physical,-97.662921,30.316162,source_crosschecked_datum_undeclared
6293,physical,-97.660735,30.307681,source_crosschecked_datum_undeclared
6294,physical,-97.660667,30.305292,source_crosschecked_datum_undeclared
6295,physical,-97.661616,30.311526,source_crosschecked_datum_undeclared
6296,physical,-97.662508,30.313731,source_crosschecked_datum_undeclared
6297,physical,-97.662266,30.312175,source_crosschecked_datum_undeclared
6298,physical,-97.660761,30.301102,source_crosschecked_datum_undeclared
6299,physical,-97.661192,30.301218,source_crosschecked_datum_undeclared
6300,physical,-97.665361,30.285615,source_crosschecked_datum_undeclared
6301,physical,-97.664682,30.285498,source_crosschecked_datum_undeclared
6302,physical,-97.664816,30.286848,source_crosschecked_datum_undeclared
6303,physical,-97.664574,30.286788,source_crosschecked_datum_undeclared
6304,physical,-97.665955,30.281164,source_crosschecked_datum_undeclared
6305,physical,-97.665855,30.282615,source_crosschecked_datum_undeclared
6306,physical,-97.667238,30.275481,source_crosschecked_datum_undeclared
6307,physical,-97.667803,30.275811,source_crosschecked_datum_undeclared
6308,physical,-97.667761,30.274226,source_crosschecked_datum_undeclared
6309,physical,-97.668027,30.274355,source_crosschecked_datum_undeclared
6310,physical,-97.675048,30.260089,source_crosschecked_datum_undeclared
6311,physical,-97.676281,30.258544,source_crosschecked_datum_undeclared
6312,physical,-97.677006,30.256436,source_crosschecked_datum_undeclared
6313,physical,-97.674105,30.261971,source_crosschecked_datum_undeclared
6314,physical,-97.679533,30.253314,source_crosschecked_datum_undeclared
6315,physical,-97.679747,30.253347,source_crosschecked_datum_undeclared
6316,physical,-97.67899,30.252945,source_crosschecked_datum_undeclared
6317,physical,-97.688873,30.250224,source_crosschecked_datum_undeclared
6318,physical,-97.680694,30.252222,source_crosschecked_datum_undeclared
6319,physical,-97.686436,30.250723,source_crosschecked_datum_undeclared
6320,physical,-97.688228,30.249697,source_crosschecked_datum_undeclared
6321,physical,-97.667117,30.328316,source_crosschecked_datum_undeclared
6322,physical,-97.666114,30.326901,source_crosschecked_datum_undeclared
6323,physical,-97.666176,30.328526,source_crosschecked_datum_undeclared
6324,physical,-97.654467,30.329384,source_crosschecked_datum_undeclared
6325,physical,-97.655206,30.327959,source_crosschecked_datum_undeclared
6326,physical,-97.663498,30.327193,source_crosschecked_datum_undeclared
6327,physical,-97.647331,30.328461,source_crosschecked_datum_undeclared
6328,physical,-97.622968,30.331476,source_crosschecked_datum_undeclared
6329,physical,-97.623569,30.330283,source_crosschecked_datum_undeclared
6330,physical,-97.632814,30.329467,source_crosschecked_datum_undeclared
6331,physical,-97.632857,30.330706,source_crosschecked_datum_undeclared
6332,physical,-97.628011,30.348818,source_crosschecked_datum_undeclared
6333,physical,-97.607185,30.334909,source_crosschecked_datum_undeclared
6334,physical,-97.599376,30.336535,source_crosschecked_datum_undeclared
6335,physical,-97.599841,30.337456,source_crosschecked_datum_undeclared
6336,physical,-97.602645,30.336464,source_crosschecked_datum_undeclared
6337,physical,-97.606848,30.333983,source_crosschecked_datum_undeclared
6338,physical,-97.602213,30.335409,source_crosschecked_datum_undeclared
6339,physical,-97.617231,30.332184,source_crosschecked_datum_undeclared
6340,physical,-97.585201,30.348483,source_crosschecked_datum_undeclared
6341,physical,-97.817142,30.233369,source_crosschecked_datum_undeclared
6342,physical,-97.817475,30.233027,source_crosschecked_datum_undeclared
6343,physical,-97.82873,30.229139,source_crosschecked_datum_undeclared
6344,physical,-97.828522,30.228863,source_crosschecked_datum_undeclared
6345,physical,-97.825712,30.232968,source_crosschecked_datum_undeclared
6346,physical,-97.826417,30.233375,source_crosschecked_datum_undeclared
6347,physical,-97.820456,30.234053,source_crosschecked_datum_undeclared
6348,physical,-97.820809,30.233426,source_crosschecked_datum_undeclared
6349,physical,-97.681121,30.463476,source_crosschecked_datum_undeclared
6350,physical,-97.386364,30.584596,source_crosschecked_datum_undeclared
6351,physical,-97.381911,30.574948,source_crosschecked_datum_undeclared
6352,physical,-97.382255,30.574311,source_crosschecked_datum_undeclared
6353,physical,-97.379794,30.575992,source_crosschecked_datum_undeclared
6354,physical,-97.382371,30.573454,source_crosschecked_datum_undeclared
6355,physical,-97.382833,30.573937,source_crosschecked_datum_undeclared
6356,physical,-97.381476,30.573871,source_crosschecked_datum_undeclared
6357,physical,-97.382106,30.573421,source_crosschecked_datum_undeclared
6358,physical,-97.625676,30.610813,source_crosschecked_datum_undeclared
6359,physical,-97.613219,30.583257,source_crosschecked_datum_undeclared
6360,physical,-97.628181,30.580882,source_crosschecked_datum_undeclared
6361,physical,-97.657118,30.402435,source_crosschecked_datum_undeclared
6362,physical,-98.101147,30.026858,source_crosschecked_datum_undeclared
6363,physical,-98.081408,30.005201,source_crosschecked_datum_undeclared
6364,physical,-97.774199,30.523006,source_crosschecked_datum_undeclared
6365,physical,-97.754466,30.513998,source_crosschecked_datum_undeclared
6366,physical,-97.763741,30.521688,source_crosschecked_datum_undeclared
6367,physical,-97.785532,30.508193,source_crosschecked_datum_undeclared
6368,physical,-97.790032,30.531868,source_crosschecked_datum_undeclared
6369,physical,-97.786954,30.521843,source_crosschecked_datum_undeclared
6370,physical,-97.786762,30.515049,source_crosschecked_datum_undeclared
6371,physical,-97.788979,30.528612,source_crosschecked_datum_undeclared
6372,physical,-97.790415,30.540793,source_crosschecked_datum_undeclared
6373,physical,-97.781167,30.545679,source_crosschecked_datum_undeclared
6374,physical,-97.765839,30.553424,source_crosschecked_datum_undeclared
6375,physical,-97.785364,30.543386,source_crosschecked_datum_undeclared
6376,physical,-97.865456,30.545637,source_crosschecked_datum_undeclared
6377,physical,-97.862925,30.536401,source_crosschecked_datum_undeclared
6378,physical,-97.786954,30.518272,source_crosschecked_datum_undeclared
6379,physical,-97.73016,30.146025,source_crosschecked_datum_undeclared
6380,physical,-97.70388,30.138344,source_crosschecked_datum_undeclared
6381,physical,-97.696024,30.135389,source_crosschecked_datum_undeclared
6382,physical,-97.729342,30.157334,source_crosschecked_datum_undeclared
6383,physical,-97.731083,30.149401,source_crosschecked_datum_undeclared
6384,physical,-97.761653,30.156624,source_crosschecked_datum_undeclared
6385,physical,-97.755158,30.158199,source_crosschecked_datum_undeclared
6386,physical,-97.696766,30.165848,source_crosschecked_datum_undeclared
6387,physical,-97.559222,30.333462,source_crosschecked_datum_undeclared
6388,physical,-97.577631,30.341842,source_crosschecked_datum_undeclared
6389,physical,-97.693328,30.467416,source_crosschecked_datum_undeclared
6390,physical,-97.704027,30.468086,source_crosschecked_datum_undeclared
6391,physical,-97.687933,30.466983,source_crosschecked_datum_undeclared
6392,physical,-97.632278,30.358196,source_crosschecked_datum_undeclared
6393,physical,-97.629356,30.466123,source_crosschecked_datum_undeclared
6394,physical,-97.622313,30.469124,source_crosschecked_datum_undeclared
6395,physical,-97.859955,30.127119,source_crosschecked_datum_undeclared
6396,physical,-97.850378,30.137135,source_crosschecked_datum_undeclared
6397,physical,-97.846914,30.149191,source_crosschecked_datum_undeclared
6398,physical,-97.860066,30.161805,source_crosschecked_datum_undeclared
6399,physical,-97.855858,30.132033,source_crosschecked_datum_undeclared
6400,physical,-97.891435,29.925849,source_crosschecked_datum_undeclared
6401,physical,-97.893346,29.922036,source_crosschecked_datum_undeclared
6402,physical,-97.893013,29.921921,source_crosschecked_datum_undeclared
6403,physical,-97.892725,29.924241,source_crosschecked_datum_undeclared
6404,physical,-97.89152,29.92377,source_crosschecked_datum_undeclared
6405,physical,-97.894079,29.883238,source_crosschecked_datum_undeclared
6406,physical,-97.894471,29.881555,source_crosschecked_datum_undeclared
6407,physical,-97.895371,29.876158,source_crosschecked_datum_undeclared
6408,physical,-97.896813,29.863694,source_crosschecked_datum_undeclared
6409,physical,-97.935092,29.83148,source_crosschecked_datum_undeclared
6410,physical,-97.80913,30.276716,source_crosschecked_datum_undeclared
6411,physical,-97.644343,30.651104,source_crosschecked_datum_undeclared
6412,physical,-97.657317,30.659281,source_crosschecked_datum_undeclared
6413,physical,-97.659261,30.6656,source_crosschecked_datum_undeclared
6414,physical,-97.617324,30.331096,source_crosschecked_datum_undeclared
6415,physical,-97.669042,30.327726,source_crosschecked_datum_undeclared
6416,physical,-97.677605,30.256562,source_crosschecked_datum_undeclared
6417,physical,-97.687969,30.250386,source_crosschecked_datum_undeclared
6418,physical,-97.684306,30.198005,source_crosschecked_datum_undeclared
6419,physical,-97.683302,30.197906,source_crosschecked_datum_undeclared
6420,physical,-97.687804,30.18304,source_crosschecked_datum_undeclared
6421,physical,-97.687031,30.182452,source_crosschecked_datum_undeclared
6422,physical,-97.693067,30.164116,source_crosschecked_datum_undeclared
6423,physical,-97.692503,30.16385,source_crosschecked_datum_undeclared
6424,physical,-97.705409,30.11623,source_crosschecked_datum_undeclared
6425,physical,-97.69715,30.14907,source_crosschecked_datum_undeclared
6426,physical,-97.696975,30.144143,source_crosschecked_datum_undeclared
6427,physical,-97.694428,30.11511,source_crosschecked_datum_undeclared
6428,physical,-97.694117,30.093237,source_crosschecked_datum_undeclared
6429,physical,-97.695057,30.11189,source_crosschecked_datum_undeclared
6430,physical,-97.694182,30.106826,source_crosschecked_datum_undeclared
6431,physical,-97.68886,30.176262,source_crosschecked_datum_undeclared
6432,physical,-97.689641,30.176458,source_crosschecked_datum_undeclared
6433,physical,-97.70774,30.175929,source_crosschecked_datum_undeclared
6434,physical,-97.691615,30.197576,source_crosschecked_datum_undeclared
6435,physical,-97.662533,30.139307,source_crosschecked_datum_undeclared
6436,physical,-97.721963,30.047053,source_crosschecked_datum_undeclared
6437,physical,-97.737802,30.001733,source_crosschecked_datum_undeclared
6438,physical,-97.714631,30.018687,source_crosschecked_datum_undeclared
6439,physical,-97.761506,30.041147,source_crosschecked_datum_undeclared
6440,physical,-97.783867,30.169035,source_crosschecked_datum_undeclared
6441,physical,-97.784922,30.169014,source_crosschecked_datum_undeclared
6442,physical,-97.691772,30.586599,source_crosschecked_datum_undeclared
6443,physical,-97.692665,30.586651,source_crosschecked_datum_undeclared
6444,physical,-97.579504,30.343402,source_crosschecked_datum_undeclared
6445,physical,-97.580286,30.344321,source_crosschecked_datum_undeclared
6446,physical,-97.58375,30.342337,source_crosschecked_datum_undeclared
6447,physical,-97.592137,30.352021,source_crosschecked_datum_undeclared
6448,physical,-97.557452,30.380625,source_crosschecked_datum_undeclared
6449,physical,-97.559336,30.348954,source_crosschecked_datum_undeclared
6450,physical,-97.558751,30.348164,source_crosschecked_datum_undeclared
6451,physical,-97.569036,30.345771,source_crosschecked_datum_undeclared
6452,physical,-97.564928,30.34769,source_crosschecked_datum_undeclared
6453,physical,-97.537993,30.349435,source_crosschecked_datum_undeclared
6454,physical,-97.538543,30.348645,source_crosschecked_datum_undeclared
6455,physical,-97.5368,30.348917,source_crosschecked_datum_undeclared
6456,physical,-97.53651,30.349157,source_crosschecked_datum_undeclared
6457,physical,-97.548422,30.348373,source_crosschecked_datum_undeclared
6458,physical,-97.555105,30.349086,source_crosschecked_datum_undeclared
6459,physical,-97.519563,30.349871,source_crosschecked_datum_undeclared
6460,physical,-97.519527,30.348946,source_crosschecked_datum_undeclared
6461,physical,-97.521539,30.349516,source_crosschecked_datum_undeclared
6462,physical,-97.521536,30.34922,source_crosschecked_datum_undeclared
6463,physical,-97.517799,30.349374,source_crosschecked_datum_undeclared
6464,physical,-97.517736,30.349683,source_crosschecked_datum_undeclared
6465,physical,-97.482049,30.356521,source_crosschecked_datum_undeclared
6466,physical,-97.500042,30.350761,source_crosschecked_datum_undeclared
6467,physical,-97.50059,30.349806,source_crosschecked_datum_undeclared
6468,physical,-97.502097,30.350352,source_crosschecked_datum_undeclared
6469,physical,-97.502384,30.350015,source_crosschecked_datum_undeclared
6470,physical,-97.499019,30.350112,source_crosschecked_datum_undeclared
6471,physical,-97.498496,30.350483,source_crosschecked_datum_undeclared
6472,physical,-97.484022,30.350266,source_crosschecked_datum_undeclared
6473,physical,-97.483825,30.351242,source_crosschecked_datum_undeclared
6474,physical,-97.485482,30.350931,source_crosschecked_datum_undeclared
6475,physical,-97.485766,30.350542,source_crosschecked_datum_undeclared
6476,physical,-97.474877,30.351432,source_crosschecked_datum_undeclared
6477,physical,-97.47482,30.350504,source_crosschecked_datum_undeclared
6478,physical,-97.473066,30.350821,source_crosschecked_datum_undeclared
6479,physical,-97.473021,30.351161,source_crosschecked_datum_undeclared
6480,physical,-97.461951,30.350981,source_crosschecked_datum_undeclared
6481,physical,-97.44826,30.351058,source_crosschecked_datum_undeclared
6482,physical,-97.448238,30.351525,source_crosschecked_datum_undeclared
6483,physical,-97.451719,30.35158,source_crosschecked_datum_undeclared
6484,physical,-97.451827,30.351114,source_crosschecked_datum_undeclared
6485,physical,-97.41145,30.352275,source_crosschecked_datum_undeclared
6486,physical,-97.412147,30.351162,source_crosschecked_datum_undeclared
6487,physical,-97.410305,30.351473,source_crosschecked_datum_undeclared
6488,physical,-97.409778,30.351951,source_crosschecked_datum_undeclared
6489,physical,-97.413103,30.351951,source_crosschecked_datum_undeclared
6490,physical,-97.413921,30.351496,source_crosschecked_datum_undeclared
6491,physical,-97.405983,30.351824,source_crosschecked_datum_undeclared
6492,physical,-97.442616,30.377096,source_crosschecked_datum_undeclared
6493,physical,-97.397909,30.373892,source_crosschecked_datum_undeclared
6494,physical,-97.537426,30.417458,source_crosschecked_datum_undeclared
6495,physical,-97.910859,30.234545,source_crosschecked_datum_undeclared
6496,physical,-97.946325,30.233132,source_crosschecked_datum_undeclared
6497,physical,-97.952889,30.223573,source_crosschecked_datum_undeclared
6498,physical,-97.95601,30.221987,source_crosschecked_datum_undeclared
6499,physical,-97.753456,30.132632,source_crosschecked_datum_undeclared
6500,physical,-97.753429,30.125125,source_crosschecked_datum_undeclared
6501,physical,-97.663328,30.170031,source_crosschecked_datum_undeclared
6502,physical,-97.643716,30.158663,source_crosschecked_datum_undeclared
6503,physical,-97.613023,30.370507,source_crosschecked_datum_undeclared
6504,physical,-97.549175,30.394323,source_crosschecked_datum_undeclared
6505,physical,-97.638821,30.203259,source_crosschecked_datum_undeclared
6506,physical,-97.637889,30.201793,source_crosschecked_datum_undeclared
6507,physical,-97.639325,30.20263,source_crosschecked_datum_undeclared
6508,physical,-97.637296,30.202375,source_crosschecked_datum_undeclared
6509,physical,-97.64066,30.203888,source_crosschecked_datum_undeclared
6510,physical,-97.640833,30.203708,source_crosschecked_datum_undeclared
6511,physical,-97.631339,30.198346,source_crosschecked_datum_undeclared
6512,physical,-97.621126,30.19243,source_crosschecked_datum_undeclared
6513,physical,-97.611935,30.185545,source_crosschecked_datum_undeclared
6514,physical,-97.611697,30.186403,source_crosschecked_datum_undeclared
6515,physical,-97.556311,30.186951,source_crosschecked_datum_undeclared
6516,physical,-97.556569,30.18602,source_crosschecked_datum_undeclared
6517,physical,-97.58265,30.189352,source_crosschecked_datum_undeclared
6518,physical,-97.582676,30.188508,source_crosschecked_datum_undeclared
6519,physical,-97.541159,30.18218,source_crosschecked_datum_undeclared
6520,physical,-97.540815,30.182798,source_crosschecked_datum_undeclared
6521,physical,-97.528057,30.175664,source_crosschecked_datum_undeclared
6522,physical,-97.529717,30.176075,source_crosschecked_datum_undeclared
6523,physical,-97.529042,30.176636,source_crosschecked_datum_undeclared
6524,physical,-97.936888,30.170653,source_crosschecked_datum_undeclared
6525,physical,-97.876027,30.235242,source_crosschecked_datum_undeclared
6526,physical,-97.876511,30.23481,source_crosschecked_datum_undeclared
6527,physical,-97.6623,30.405637,source_crosschecked_datum_undeclared
6528,physical,-97.649487,30.387325,source_crosschecked_datum_undeclared
6529,physical,-97.648215,30.387182,source_crosschecked_datum_undeclared
6530,physical,-97.64854,30.386468,source_crosschecked_datum_undeclared
6531,physical,-97.612646,30.366534,source_crosschecked_datum_undeclared
6532,physical,-97.599937,30.355866,source_crosschecked_datum_undeclared
6533,physical,-97.612617,30.366228,source_crosschecked_datum_undeclared
6534,physical,-97.615005,30.367443,source_crosschecked_datum_undeclared
6535,physical,-97.615349,30.366887,source_crosschecked_datum_undeclared
6536,physical,-97.614736,30.366735,source_crosschecked_datum_undeclared
6537,physical,-97.599464,30.355633,source_crosschecked_datum_undeclared
6538,physical,-97.600483,30.356133,source_crosschecked_datum_undeclared
6539,physical,-97.57914,30.343487,source_crosschecked_datum_undeclared
6540,physical,-97.579821,30.34332,source_crosschecked_datum_undeclared
6541,physical,-97.579975,30.344396,source_crosschecked_datum_undeclared
6542,physical,-97.580604,30.34424,source_crosschecked_datum_undeclared
6543,physical,-97.882179,30.389115,source_crosschecked_datum_undeclared
6544,physical,-97.883505,30.389671,source_crosschecked_datum_undeclared
6545,physical,-97.776896,30.507029,source_crosschecked_datum_undeclared
6546,physical,-97.775555,30.507563,source_crosschecked_datum_undeclared
6547,physical,-97.774544,30.507992,source_crosschecked_datum_undeclared
6548,physical,-97.775661,30.505701,source_crosschecked_datum_undeclared
6549,physical,-97.775958,30.505719,source_crosschecked_datum_undeclared
6550,physical,-97.774219,30.509627,source_crosschecked_datum_undeclared
6551,physical,-97.774622,30.509444,source_crosschecked_datum_undeclared
6552,physical,-97.773649,30.523132,source_crosschecked_datum_undeclared
6553,physical,-97.774744,30.522886,source_crosschecked_datum_undeclared
6554,physical,-97.774714,30.524709,source_crosschecked_datum_undeclared
6555,physical,-97.775105,30.52467,source_crosschecked_datum_undeclared
6556,physical,-97.773889,30.521412,source_crosschecked_datum_undeclared
6557,physical,-97.773529,30.521425,source_crosschecked_datum_undeclared
6558,physical,-97.780731,30.53116,source_crosschecked_datum_undeclared
6559,physical,-97.78209,30.534433,source_crosschecked_datum_undeclared
6560,physical,-97.782482,30.5343,source_crosschecked_datum_undeclared
6561,physical,-97.934953,30.304988,source_crosschecked_datum_undeclared
6562,physical,-97.945282,30.308998,source_crosschecked_datum_undeclared
6563,physical,-97.947002,30.312372,source_crosschecked_datum_undeclared
6564,physical,-97.950019,30.308097,source_crosschecked_datum_undeclared
6565,physical,-97.913174,30.275587,source_crosschecked_datum_undeclared
6566,physical,-97.906248,30.260125,source_crosschecked_datum_undeclared
6567,physical,-97.907605,30.259944,source_crosschecked_datum_undeclared
6568,physical,-97.888687,30.246958,source_crosschecked_datum_undeclared
6569,physical,-97.878215,30.23685,source_crosschecked_datum_undeclared
6570,physical,-97.643279,30.307674,source_crosschecked_datum_undeclared
6571,physical,-97.684539,30.43062,source_crosschecked_datum_undeclared
6572,physical,-97.792457,30.472936,source_crosschecked_datum_undeclared
6573,physical,-97.714063,30.247525,source_crosschecked_datum_undeclared
6574,physical,-97.73433,30.216217,source_crosschecked_datum_undeclared
6575,physical,-97.730339,30.222336,source_crosschecked_datum_undeclared
6576,physical,-97.767159,30.147911,source_crosschecked_datum_undeclared
6577,physical,-97.778358,30.129313,source_crosschecked_datum_undeclared
6578,physical,-97.836835,30.185773,source_crosschecked_datum_undeclared
6579,physical,-97.840814,30.179085,source_crosschecked_datum_undeclared
6580,physical,-97.732013,30.551627,source_crosschecked_datum_undeclared
6581,physical,-97.72323,30.530997,source_crosschecked_datum_undeclared
6582,physical,-97.724646,30.540828,source_crosschecked_datum_undeclared
6583,physical,-97.714996,30.507056,source_crosschecked_datum_undeclared
6584,physical,-97.71653,30.513947,source_crosschecked_datum_undeclared
6585,physical,-97.832969,30.236922,source_crosschecked_datum_undeclared
6586,physical,-97.833348,30.236646,source_crosschecked_datum_undeclared
6587,physical,-97.838738,30.218705,source_crosschecked_datum_undeclared
6588,physical,-97.837748,30.217647,source_crosschecked_datum_undeclared
6589,physical,-97.865144,30.201237,source_crosschecked_datum_undeclared
6590,physical,-97.86574,30.201352,source_crosschecked_datum_undeclared
6591,physical,-97.867286,30.197458,source_crosschecked_datum_undeclared
6592,physical,-97.867993,30.197382,source_crosschecked_datum_undeclared
6593,physical,-97.698266,30.468204,source_crosschecked_datum_undeclared
6594,physical,-97.699592,30.468204,source_crosschecked_datum_undeclared
6595,physical,-97.698732,30.469974,source_crosschecked_datum_undeclared
6596,physical,-97.699959,30.47007,source_crosschecked_datum_undeclared
6597,physical,-97.70005,30.475496,source_crosschecked_datum_undeclared
6598,physical,-97.718603,30.479092,source_crosschecked_datum_undeclared
6599,physical,-97.718603,30.480434,source_crosschecked_datum_undeclared
6600,physical,-97.801554,30.493577,source_crosschecked_datum_undeclared
6601,physical,-97.802666,30.493724,source_crosschecked_datum_undeclared
6602,physical,-97.804338,30.498808,source_crosschecked_datum_undeclared
6603,physical,-97.805031,30.498171,source_crosschecked_datum_undeclared
6604,physical,-97.813313,30.513432,source_crosschecked_datum_undeclared
6605,physical,-97.875492,30.186109,source_crosschecked_datum_undeclared
6606,physical,-97.871959,30.190028,source_crosschecked_datum_undeclared
6607,physical,-97.872553,30.190314,source_crosschecked_datum_undeclared
6608,physical,-97.949825,30.113569,source_crosschecked_datum_undeclared
6609,physical,-97.886466,30.17281,source_crosschecked_datum_undeclared
6610,physical,-97.885851,30.171464,source_crosschecked_datum_undeclared
6611,physical,-97.879227,30.178159,source_crosschecked_datum_undeclared
6612,physical,-97.880566,30.179098,source_crosschecked_datum_undeclared
6613,physical,-97.888239,30.171652,source_crosschecked_datum_undeclared
6614,physical,-97.887588,30.170557,source_crosschecked_datum_undeclared
6615,physical,-97.889235,30.172798,source_crosschecked_datum_undeclared
6616,physical,-97.727255,30.071171,source_crosschecked_datum_undeclared
6617,physical,-97.718386,30.070519,source_crosschecked_datum_undeclared
6618,physical,-97.743557,30.074325,source_crosschecked_datum_undeclared
6619,physical,-97.726727,30.261997,source_crosschecked_datum_undeclared
6620,physical,-97.727775,30.262367,source_crosschecked_datum_undeclared
6621,physical,-97.724769,30.261347,source_crosschecked_datum_undeclared
6622,physical,-97.607713,30.561158,source_crosschecked_datum_undeclared
6623,physical,-97.60942,30.558551,source_crosschecked_datum_undeclared
6624,physical,-97.892095,30.538408,source_crosschecked_datum_undeclared
6625,physical,-97.881373,30.51248,source_crosschecked_datum_undeclared
6626,physical,-97.859395,30.546096,source_crosschecked_datum_undeclared
6627,physical,-97.737085,30.466367,source_crosschecked_datum_undeclared
6628,physical,-97.733499,30.468034,source_crosschecked_datum_undeclared
6629,physical,-97.715297,30.468595,source_crosschecked_datum_undeclared
6630,physical,-97.869116,30.207815,source_crosschecked_datum_undeclared
6631,physical,-97.89344,30.217303,source_crosschecked_datum_undeclared
6632,physical,-97.876247,30.211877,source_crosschecked_datum_undeclared
6633,physical,-97.872184,30.210873,source_crosschecked_datum_undeclared
6634,physical,-97.877408,30.207247,source_crosschecked_datum_undeclared
6635,physical,-97.875712,30.214616,source_crosschecked_datum_undeclared
6636,physical,-97.864505,30.208481,source_crosschecked_datum_undeclared
6637,physical,-97.777327,30.181841,source_crosschecked_datum_undeclared
6638,physical,-97.497682,30.494898,source_crosschecked_datum_undeclared
6639,physical,-97.501189,30.477516,source_crosschecked_datum_undeclared
6640,physical,-97.503768,30.462424,source_crosschecked_datum_undeclared
6641,physical,-97.591153,30.352063,source_crosschecked_datum_undeclared
6642,physical,-97.561742,30.320335,source_crosschecked_datum_undeclared
6643,physical,-97.549335,30.333247,source_crosschecked_datum_undeclared
6644,physical,-97.547187,30.329771,source_crosschecked_datum_undeclared
6645,physical,-97.537075,30.312647,source_crosschecked_datum_undeclared
6646,physical,-97.603987,30.328079,source_crosschecked_datum_undeclared
6647,physical,-97.535343,30.289047,source_crosschecked_datum_undeclared
6648,physical,-97.843518,30.467055,source_crosschecked_datum_undeclared
6649,physical,-97.857845,30.495014,source_crosschecked_datum_undeclared
6650,physical,-97.616036,30.357634,source_crosschecked_datum_undeclared
6651,physical,-97.613012,30.340957,source_crosschecked_datum_undeclared
6652,physical,-97.612919,30.341855,source_crosschecked_datum_undeclared
6653,physical,-97.762725,30.499691,source_crosschecked_datum_undeclared
6654,physical,-97.752276,30.503411,source_crosschecked_datum_undeclared
6655,physical,-97.748649,30.494409,source_crosschecked_datum_undeclared
6656,physical,-97.720594,30.455006,source_crosschecked_datum_undeclared
6657,physical,-97.716146,30.447472,source_crosschecked_datum_undeclared
6658,physical,-97.724282,30.46922,source_crosschecked_datum_undeclared
6659,physical,-97.781931,30.483881,source_crosschecked_datum_undeclared
6660,physical,-97.790151,30.481878,source_crosschecked_datum_undeclared
6661,physical,-97.758097,30.488238,source_crosschecked_datum_undeclared
6662,physical,-97.738149,30.49638,source_crosschecked_datum_undeclared
6663,physical,-97.673839,30.397672,source_crosschecked_datum_undeclared
6664,physical,-97.630988,30.414132,source_crosschecked_datum_undeclared
6665,physical,-97.619536,30.430033,source_crosschecked_datum_undeclared
6666,physical,-97.539139,30.449059,source_crosschecked_datum_undeclared
6667,physical,-97.519717,30.439846,source_crosschecked_datum_undeclared
6668,physical,-97.498451,30.430285,source_crosschecked_datum_undeclared
6669,physical,-97.541125,30.47881,source_crosschecked_datum_undeclared
6670,physical,-97.50215,30.471894,source_crosschecked_datum_undeclared
6671,physical,-97.571712,30.482849,source_crosschecked_datum_undeclared
6672,physical,-97.527509,30.476395,source_crosschecked_datum_undeclared
6673,physical,-97.724299,30.381276,source_crosschecked_datum_undeclared
6674,physical,-97.670297,30.345116,source_crosschecked_datum_undeclared
6675,physical,-97.655319,30.338017,source_crosschecked_datum_undeclared
6676,physical,-97.649429,30.338002,source_crosschecked_datum_undeclared
6677,physical,-97.661959,30.328859,source_crosschecked_datum_undeclared
6678,physical,-97.661678,30.337594,source_crosschecked_datum_undeclared
6679,physical,-97.62523,30.371034,source_crosschecked_datum_undeclared
6680,physical,-97.624862,30.371741,source_crosschecked_datum_undeclared
6681,physical,-97.888752,30.571112,source_crosschecked_datum_undeclared
6682,physical,-97.883193,30.563081,source_crosschecked_datum_undeclared
6683,physical,-97.866828,30.5509,source_crosschecked_datum_undeclared
6684,physical,-97.987451,30.389098,source_crosschecked_datum_undeclared
6685,physical,-97.623957,30.16979,source_crosschecked_datum_undeclared
6686,physical,-97.621686,30.168706,source_crosschecked_datum_undeclared
6687,physical,-97.617035,30.176707,source_crosschecked_datum_undeclared
6688,physical,-97.581045,30.272976,source_crosschecked_datum_undeclared
6689,physical,-97.552669,30.255715,source_crosschecked_datum_undeclared
6690,physical,-97.604751,30.267495,source_crosschecked_datum_undeclared
6691,physical,-97.790697,30.042234,source_crosschecked_datum_undeclared
6692,physical,-97.817689,30.511963,source_crosschecked_datum_undeclared
6693,physical,-97.616753,30.459104,source_crosschecked_datum_undeclared
6694,physical,-97.570088,30.439292,source_crosschecked_datum_undeclared
6695,physical,-97.588983,30.449063,source_crosschecked_datum_undeclared
6696,physical,-97.568945,30.434861,source_crosschecked_datum_undeclared
6697,physical,-97.534771,30.421656,source_crosschecked_datum_undeclared
6698,physical,-97.519409,30.414325,source_crosschecked_datum_undeclared
6699,physical,-97.520817,30.387592,source_crosschecked_datum_undeclared
6700,physical,-97.919886,30.338148,source_crosschecked_datum_undeclared
6701,physical,-97.926668,30.327907,source_crosschecked_datum_undeclared
6702,physical,-97.790588,30.594222,source_crosschecked_datum_undeclared
6703,physical,-97.78056,30.572291,source_crosschecked_datum_undeclared
6704,physical,-97.510482,30.333671,source_crosschecked_datum_undeclared
6705,physical,-97.519516,30.3235,source_crosschecked_datum_undeclared
6706,physical,-97.967036,30.342613,source_crosschecked_datum_undeclared
6707,physical,-97.974974,30.344271,source_crosschecked_datum_undeclared
6708,physical,-97.602058,30.401309,source_crosschecked_datum_undeclared
6709,physical,-97.58467,30.391974,source_crosschecked_datum_undeclared
6710,physical,-97.975909,30.045735,source_crosschecked_datum_undeclared
6711,physical,-97.942191,30.105469,source_crosschecked_datum_undeclared
6712,physical,-97.922736,30.09504,source_crosschecked_datum_undeclared
6713,physical,-98.006621,29.892687,source_crosschecked_datum_undeclared
6714,physical,-97.900794,29.933982,source_crosschecked_datum_undeclared
6715,physical,-97.902503,29.85124,source_crosschecked_datum_undeclared
6716,physical,-97.783535,30.53623,source_crosschecked_datum_undeclared
6717,physical,-97.787567,30.537763,source_crosschecked_datum_undeclared
6718,physical,-97.79936,30.562828,source_crosschecked_datum_undeclared
6719,physical,-97.802456,30.570244,source_crosschecked_datum_undeclared
6720,physical,-97.795273,30.551799,source_crosschecked_datum_undeclared
6721,physical,-97.806715,30.577657,source_crosschecked_datum_undeclared
6722,physical,-97.794312,30.571081,source_crosschecked_datum_undeclared
6723,physical,-97.824491,30.633043,source_crosschecked_datum_undeclared
6724,physical,-97.823336,30.637901,source_crosschecked_datum_undeclared
6725,physical,-97.782304,30.732529,source_crosschecked_datum_undeclared
6726,physical,-97.739076,30.761485,source_crosschecked_datum_undeclared
6727,physical,-97.660227,30.804112,source_crosschecked_datum_undeclared
6728,physical,-97.671487,30.800034,source_crosschecked_datum_undeclared
6729,physical,-97.572197,30.596499,source_crosschecked_datum_undeclared
6730,physical,-97.540181,30.606128,source_crosschecked_datum_undeclared
6731,physical,-97.557217,30.603666,source_crosschecked_datum_undeclared
6732,physical,-97.508455,30.612772,source_crosschecked_datum_undeclared
6733,physical,-97.468504,30.62556,source_crosschecked_datum_undeclared
6734,physical,-97.638813,30.734758,source_crosschecked_datum_undeclared
6735,physical,-97.641224,30.735114,source_crosschecked_datum_undeclared
6736,physical,-97.720317,30.656012,source_crosschecked_datum_undeclared
6737,physical,-97.723898,30.667576,source_crosschecked_datum_undeclared
6738,physical,-97.702439,30.614046,source_crosschecked_datum_undeclared
6739,physical,-97.710216,30.62678,source_crosschecked_datum_undeclared
6740,physical,-97.712627,30.617803,source_crosschecked_datum_undeclared
6741,physical,-97.710042,30.609498,source_crosschecked_datum_undeclared
6742,physical,-97.692337,30.59155,source_crosschecked_datum_undeclared
6743,physical,-97.718731,30.604981,source_crosschecked_datum_undeclared
6744,physical,-97.641384,30.630232,source_crosschecked_datum_undeclared
6745,physical,-97.64241,30.625277,source_crosschecked_datum_undeclared
6746,physical,-97.641575,30.633263,source_crosschecked_datum_undeclared
6747,physical,-97.956946,30.323795,source_crosschecked_datum_undeclared
6748,physical,-97.949739,30.31743,source_crosschecked_datum_undeclared
6749,physical,-97.523849,30.34917,source_crosschecked_datum_undeclared
6750,physical,-97.466963,30.351281,source_crosschecked_datum_undeclared
6751,physical,-97.859344,30.127813,source_crosschecked_datum_undeclared
6752,physical,-97.860206,30.126876,source_crosschecked_datum_undeclared
6753,physical,-97.805207,30.113058,source_crosschecked_datum_undeclared
6754,physical,-97.807874,30.113142,source_crosschecked_datum_undeclared
6755,physical,-97.808647,30.111172,source_crosschecked_datum_undeclared
6756,physical,-97.805876,30.111261,source_crosschecked_datum_undeclared
6757,physical,-97.80369,30.112008,source_crosschecked_datum_undeclared
6758,physical,-97.803083,30.112507,source_crosschecked_datum_undeclared
6759,physical,-97.80864,30.107258,source_crosschecked_datum_undeclared
6760,physical,-97.80957,30.107034,source_crosschecked_datum_undeclared
6761,physical,-97.799548,30.112205,source_crosschecked_datum_undeclared
6762,physical,-97.799563,30.112717,source_crosschecked_datum_undeclared
6763,physical,-97.782154,30.113679,source_crosschecked_datum_undeclared
6764,physical,-97.782154,30.112407,source_crosschecked_datum_undeclared
6765,physical,-97.759866,30.101144,source_crosschecked_datum_undeclared
6766,physical,-97.73372,30.090731,source_crosschecked_datum_undeclared
6767,physical,-97.734376,30.088953,source_crosschecked_datum_undeclared
6768,physical,-97.731838,30.089875,source_crosschecked_datum_undeclared
6769,physical,-97.708192,30.08996,source_crosschecked_datum_undeclared
6770,physical,-97.68937,30.083311,source_crosschecked_datum_undeclared
6771,physical,-97.689126,30.082959,source_crosschecked_datum_undeclared
6772,physical,-97.699551,30.078089,source_crosschecked_datum_undeclared
6773,physical,-97.699499,30.078558,source_crosschecked_datum_undeclared
6774,physical,-97.702452,30.078712,source_crosschecked_datum_undeclared
6775,physical,-97.70235,30.07915,source_crosschecked_datum_undeclared
6776,physical,-97.70079,30.077917,source_crosschecked_datum_undeclared
6777,physical,-97.700441,30.079072,source_crosschecked_datum_undeclared
6778,physical,-97.691711,30.077915,source_crosschecked_datum_undeclared
6779,physical,-97.693621,30.080353,source_crosschecked_datum_undeclared
6780,physical,-97.692975,30.085261,source_crosschecked_datum_undeclared
6781,physical,-97.692969,30.089377,source_crosschecked_datum_undeclared
6782,physical,-97.972826,30.207964,source_crosschecked_datum_undeclared
6783,physical,-97.99733,30.195638,source_crosschecked_datum_undeclared
6784,physical,-98.013607,30.197255,source_crosschecked_datum_undeclared
6785,physical,-98.087341,30.192119,source_crosschecked_datum_undeclared
6786,physical,-98.087434,30.190558,source_crosschecked_datum_undeclared
6787,physical,-97.89127,29.924237,source_crosschecked_datum_undeclared
6788,physical,-97.891791,29.923258,source_crosschecked_datum_undeclared
6789,physical,-97.892489,29.924708,source_crosschecked_datum_undeclared
6790,physical,-97.892966,29.923768,source_crosschecked_datum_undeclared
6791,physical,-97.88193,29.894229,source_crosschecked_datum_undeclared
6792,physical,-97.882143,29.892204,source_crosschecked_datum_undeclared
6793,physical,-97.89889,29.857428,source_crosschecked_datum_undeclared
6794,physical,-97.90605,29.836529,source_crosschecked_datum_undeclared
6795,physical,-97.913185,29.841851,source_crosschecked_datum_undeclared
6796,physical,-97.941957,29.828142,source_crosschecked_datum_undeclared
6797,physical,-97.941762,29.830315,source_crosschecked_datum_undeclared
6798,physical,-97.94526,29.827805,source_crosschecked_datum_undeclared
6799,physical,-97.965667,29.834296,source_crosschecked_datum_undeclared
6800,physical,-97.960602,29.829786,source_crosschecked_datum_undeclared
6801,physical,-97.977166,29.835802,source_crosschecked_datum_undeclared
6802,physical,-97.976611,29.835329,source_crosschecked_datum_undeclared
6803,physical,-97.975961,29.8359,source_crosschecked_datum_undeclared
6804,physical,-97.976513,29.836393,source_crosschecked_datum_undeclared
6805,physical,-97.983427,29.841924,source_crosschecked_datum_undeclared
6806,physical,-97.984104,29.841425,source_crosschecked_datum_undeclared
6807,physical,-97.995181,29.905089,source_crosschecked_datum_undeclared
6808,physical,-97.993896,29.90446,source_crosschecked_datum_undeclared
6809,physical,-97.950285,29.930375,source_crosschecked_datum_undeclared
6810,physical,-97.94941,29.929002,source_crosschecked_datum_undeclared
6811,physical,-97.936415,29.930084,source_crosschecked_datum_undeclared
6812,physical,-97.935906,29.93177,source_crosschecked_datum_undeclared
6813,physical,-97.904346,29.928867,source_crosschecked_datum_undeclared
6814,physical,-97.905354,29.927671,source_crosschecked_datum_undeclared
6815,physical,-97.812843,30.502185,source_crosschecked_datum_undeclared
6816,physical,-97.8136,30.497605,source_crosschecked_datum_undeclared
6817,physical,-97.830759,30.507128,source_crosschecked_datum_undeclared
6818,physical,-97.822037,30.506964,source_crosschecked_datum_undeclared
6819,physical,-97.649876,30.387165,source_crosschecked_datum_undeclared
6820,physical,-97.616619,30.619497,source_crosschecked_datum_undeclared
6821,physical,-97.615487,30.62144,source_crosschecked_datum_undeclared
6822,physical,-97.614617,30.622938,source_crosschecked_datum_undeclared
6823,physical,-97.619363,30.625116,source_crosschecked_datum_undeclared
6824,physical,-97.61968,30.624707,source_crosschecked_datum_undeclared
6825,physical,-97.611453,30.62001,source_crosschecked_datum_undeclared
6826,physical,-97.610978,30.620487,source_crosschecked_datum_undeclared
6827,physical,-97.596762,30.599563,source_crosschecked_datum_undeclared
6828,physical,-97.595796,30.59435,source_crosschecked_datum_undeclared
6829,physical,-97.597392,30.599443,source_crosschecked_datum_undeclared
6830,physical,-97.59284,30.590308,source_crosschecked_datum_undeclared
6831,physical,-97.59319,30.590226,source_crosschecked_datum_undeclared
6832,physical,-97.580235,30.561384,source_crosschecked_datum_undeclared
6833,physical,-97.57868,30.561905,source_crosschecked_datum_undeclared
6834,physical,-97.581533,30.56708,source_crosschecked_datum_undeclared
6835,physical,-97.581921,30.566984,source_crosschecked_datum_undeclared
6836,physical,-97.577871,30.557214,source_crosschecked_datum_undeclared
6837,physical,-97.577455,30.557262,source_crosschecked_datum_undeclared
6838,physical,-97.57641,30.538146,source_crosschecked_datum_undeclared
6839,physical,-97.574228,30.543807,source_crosschecked_datum_undeclared
6840,physical,-97.574852,30.543431,source_crosschecked_datum_undeclared
6841,physical,-97.5766,30.532838,source_crosschecked_datum_undeclared
6842,physical,-97.576163,30.532516,source_crosschecked_datum_undeclared
6843,physical,-97.582941,30.50182,source_crosschecked_datum_undeclared
6844,physical,-97.580921,30.506316,source_crosschecked_datum_undeclared
6845,physical,-97.581482,30.506413,source_crosschecked_datum_undeclared
6846,physical,-97.582941,30.49771,source_crosschecked_datum_undeclared
6847,physical,-97.58238,30.497565,source_crosschecked_datum_undeclared
6848,physical,-97.584262,30.493739,source_crosschecked_datum_undeclared
6849,physical,-97.586644,30.482371,source_crosschecked_datum_undeclared
6850,physical,-97.584312,30.483934,source_crosschecked_datum_undeclared
6851,physical,-97.584182,30.487674,source_crosschecked_datum_undeclared
6852,physical,-97.58483,30.485832,source_crosschecked_datum_undeclared
6853,physical,-97.623612,30.486847,source_crosschecked_datum_undeclared
6854,physical,-97.624064,30.487529,source_crosschecked_datum_undeclared
6855,physical,-97.623818,30.487763,source_crosschecked_datum_undeclared
6856,physical,-97.624016,30.486589,source_crosschecked_datum_undeclared
6857,physical,-97.613056,30.483876,source_crosschecked_datum_undeclared
6858,physical,-97.613787,30.482609,source_crosschecked_datum_undeclared
6859,physical,-97.610773,30.481612,source_crosschecked_datum_undeclared
6860,physical,-97.610513,30.482092,source_crosschecked_datum_undeclared
6861,physical,-97.600424,30.476753,source_crosschecked_datum_undeclared
6862,physical,-97.60009,30.477264,source_crosschecked_datum_undeclared
6863,physical,-97.596901,30.475089,source_crosschecked_datum_undeclared
6864,physical,-97.596566,30.475538,source_crosschecked_datum_undeclared
6865,physical,-97.605172,30.480013,source_crosschecked_datum_undeclared
6866,physical,-97.605691,30.478894,source_crosschecked_datum_undeclared
6867,physical,-97.594675,30.473491,source_crosschecked_datum_undeclared
6868,physical,-97.593785,30.47477,source_crosschecked_datum_undeclared
6869,physical,-97.594564,30.473747,source_crosschecked_datum_undeclared
6870,physical,-97.593913,30.474628,source_crosschecked_datum_undeclared
6871,physical,-97.586888,30.480087,source_crosschecked_datum_undeclared
6872,physical,-97.587402,30.480197,source_crosschecked_datum_undeclared
6873,physical,-97.591776,30.473935,source_crosschecked_datum_undeclared
6874,physical,-97.592612,30.472577,source_crosschecked_datum_undeclared
6875,physical,-97.592053,30.469464,source_crosschecked_datum_undeclared
6876,physical,-97.594099,30.46854,source_crosschecked_datum_undeclared
6877,physical,-97.593417,30.467308,source_crosschecked_datum_undeclared
6878,physical,-97.593872,30.467336,source_crosschecked_datum_undeclared
6879,physical,-97.591209,30.471927,source_crosschecked_datum_undeclared
6880,physical,-97.590397,30.473327,source_crosschecked_datum_undeclared
6881,physical,-97.593548,30.460073,source_crosschecked_datum_undeclared
6882,physical,-97.592898,30.464663,source_crosschecked_datum_undeclared
6883,physical,-97.594457,30.464635,source_crosschecked_datum_undeclared
6884,physical,-97.59397,30.46094,source_crosschecked_datum_undeclared
6885,physical,-97.630531,30.488796,source_crosschecked_datum_undeclared
6886,physical,-97.602547,30.252891,source_crosschecked_datum_undeclared
6887,physical,-97.604347,30.253642,source_crosschecked_datum_undeclared
6888,physical,-97.605147,30.250001,source_crosschecked_datum_undeclared
6889,physical,-97.605432,30.250288,source_crosschecked_datum_undeclared
6890,physical,-97.590156,30.419624,source_crosschecked_datum_undeclared
6891,physical,-97.592718,30.421331,source_crosschecked_datum_undeclared
6892,physical,-97.579518,30.391135,source_crosschecked_datum_undeclared
6893,physical,-97.581299,30.391138,source_crosschecked_datum_undeclared
6894,physical,-97.580302,30.394826,source_crosschecked_datum_undeclared
6895,physical,-97.580919,30.394874,source_crosschecked_datum_undeclared
6896,physical,-97.580694,30.387571,source_crosschecked_datum_undeclared
6897,physical,-97.580077,30.387571,source_crosschecked_datum_undeclared
6898,physical,-97.581195,30.370448,source_crosschecked_datum_undeclared
6899,physical,-97.582899,30.370834,source_crosschecked_datum_undeclared
6900,physical,-97.581503,30.374754,source_crosschecked_datum_undeclared
6901,physical,-97.582244,30.374754,source_crosschecked_datum_undeclared
6902,physical,-97.582811,30.366298,source_crosschecked_datum_undeclared
6903,physical,-97.583354,30.366128,source_crosschecked_datum_undeclared
6904,physical,-97.592346,30.352652,source_crosschecked_datum_undeclared
6905,physical,-97.59289,30.351813,source_crosschecked_datum_undeclared
6906,physical,-97.591594,30.35121,source_crosschecked_datum_undeclared
6907,physical,-97.589975,30.35472,source_crosschecked_datum_undeclared
6908,physical,-97.590299,30.354888,source_crosschecked_datum_undeclared
6909,physical,-97.592177,30.351176,source_crosschecked_datum_undeclared
6910,physical,-97.59289,30.35083,source_crosschecked_datum_undeclared
6911,physical,-97.593154,30.347941,source_crosschecked_datum_undeclared
6912,physical,-97.593634,30.347236,source_crosschecked_datum_undeclared
6913,physical,-97.592604,30.347068,source_crosschecked_datum_undeclared
6914,physical,-97.592569,30.350438,source_crosschecked_datum_undeclared
6915,physical,-97.594166,30.347221,source_crosschecked_datum_undeclared
6916,physical,-97.591624,30.342967,source_crosschecked_datum_undeclared
6917,physical,-97.592243,30.345564,source_crosschecked_datum_undeclared
6918,physical,-97.593801,30.345656,source_crosschecked_datum_undeclared
6919,physical,-97.592051,30.342875,source_crosschecked_datum_undeclared
6920,physical,-97.590096,30.341063,source_crosschecked_datum_undeclared
6921,physical,-97.591528,30.340533,source_crosschecked_datum_undeclared
6922,physical,-97.591045,30.339629,source_crosschecked_datum_undeclared
6923,physical,-97.589596,30.340167,source_crosschecked_datum_undeclared
6924,physical,-97.587765,30.335385,source_crosschecked_datum_undeclared
6925,physical,-97.588616,30.338462,source_crosschecked_datum_undeclared
6926,physical,-97.590035,30.337895,source_crosschecked_datum_undeclared
6927,physical,-97.588102,30.335217,source_crosschecked_datum_undeclared
6928,physical,-97.577407,30.2884,source_crosschecked_datum_undeclared
6929,physical,-97.574522,30.287756,source_crosschecked_datum_undeclared
6930,physical,-97.572984,30.286892,source_crosschecked_datum_undeclared
6931,physical,-97.576214,30.284269,source_crosschecked_datum_undeclared
6932,physical,-97.575868,30.283937,source_crosschecked_datum_undeclared
6933,physical,-97.571099,30.289649,source_crosschecked_datum_undeclared
6934,physical,-97.569484,30.29277,source_crosschecked_datum_undeclared
6935,physical,-97.570022,30.293003,source_crosschecked_datum_undeclared
6936,physical,-97.572573,30.290163,source_crosschecked_datum_undeclared
6937,physical,-97.576736,30.31879,source_crosschecked_datum_undeclared
6938,physical,-97.582044,30.32696,source_crosschecked_datum_undeclared
6939,physical,-97.577197,30.318657,source_crosschecked_datum_undeclared
6940,physical,-97.58241,30.326777,source_crosschecked_datum_undeclared
6941,physical,-97.567921,30.297637,source_crosschecked_datum_undeclared
6942,physical,-97.566134,30.296727,source_crosschecked_datum_undeclared
6943,physical,-97.570163,30.293765,source_crosschecked_datum_undeclared
6944,physical,-97.564053,30.300794,source_crosschecked_datum_undeclared
6945,physical,-97.601009,30.256608,source_crosschecked_datum_undeclared
6946,physical,-97.601372,30.256804,source_crosschecked_datum_undeclared
6947,physical,-97.800894,30.24218,source_crosschecked_datum_undeclared
6948,physical,-97.803793,30.248003,source_crosschecked_datum_undeclared
6949,physical,-97.804326,30.247329,source_crosschecked_datum_undeclared
6950,physical,-97.806536,30.251437,source_crosschecked_datum_undeclared
6951,physical,-97.806792,30.250611,source_crosschecked_datum_undeclared
6952,physical,-97.803173,30.246162,source_crosschecked_datum_undeclared
6953,physical,-97.802971,30.246425,source_crosschecked_datum_undeclared
6954,physical,-97.80285,30.245537,source_crosschecked_datum_undeclared
6955,physical,-97.801181,30.24199,source_crosschecked_datum_undeclared
6956,physical,-97.823149,30.458281,source_crosschecked_datum_undeclared
6957,physical,-97.822401,30.457613,source_crosschecked_datum_undeclared
6958,physical,-97.640967,30.12964,source_crosschecked_datum_undeclared
6959,physical,-97.631492,30.149977,source_crosschecked_datum_undeclared
6960,physical,-97.722926,30.480169,source_crosschecked_datum_undeclared
6961,physical,-97.722983,30.478887,source_crosschecked_datum_undeclared
6962,physical,-97.710816,30.502214,source_crosschecked_datum_undeclared
6963,physical,-97.981346,30.367302,source_crosschecked_datum_undeclared
6964,physical,-97.661949,30.327336,source_crosschecked_datum_undeclared
6965,physical,-97.536244,30.352148,source_crosschecked_datum_undeclared
6966,physical,-98.088111,30.311282,source_crosschecked_datum_undeclared
6967,physical,-98.145034,30.338124,source_crosschecked_datum_undeclared
6968,physical,-98.164399,30.356862,source_crosschecked_datum_undeclared
6969,physical,-97.793279,30.479343,source_crosschecked_datum_undeclared
6970,physical,-97.995169,30.356704,source_crosschecked_datum_undeclared
6971,physical,-97.734601,30.064123,source_crosschecked_datum_undeclared
6972,physical,-97.734224,30.058686,source_crosschecked_datum_undeclared
6973,physical,-97.843244,30.228739,source_crosschecked_datum_undeclared
6974,physical,-97.840938,30.225875,source_crosschecked_datum_undeclared
6975,physical,-97.810043,30.243861,source_crosschecked_datum_undeclared
6976,physical,-97.817515,30.24053,source_crosschecked_datum_undeclared
6977,physical,-97.81644,30.239165,source_crosschecked_datum_undeclared
6978,physical,-97.809573,30.242835,source_crosschecked_datum_undeclared
6979,physical,-97.666166,30.279468,source_crosschecked_datum_undeclared
6980,physical,-97.637386,30.576342,source_crosschecked_datum_undeclared
6981,physical,-97.643685,30.574538,source_crosschecked_datum_undeclared
6982,physical,-97.633481,30.56115,source_crosschecked_datum_undeclared
6983,physical,-97.645259,30.532678,source_crosschecked_datum_undeclared
6984,physical,-97.644217,30.528303,source_crosschecked_datum_undeclared
6985,physical,-97.634309,30.508417,source_crosschecked_datum_undeclared
6986,physical,-97.642447,30.352589,source_crosschecked_datum_undeclared
6987,physical,-97.575847,30.442032,source_crosschecked_datum_undeclared
6988,physical,-97.565788,30.458768,source_crosschecked_datum_undeclared
6989,physical,-97.552125,30.480331,source_crosschecked_datum_undeclared
6990,physical,-97.590115,30.35099,source_crosschecked_datum_undeclared
6991,physical,-97.594097,30.352987,source_crosschecked_datum_undeclared
6992,physical,-97.759247,30.42921,source_crosschecked_datum_undeclared
6993,physical,-97.746755,30.418669,source_crosschecked_datum_undeclared
6994,physical,-97.745134,30.407904,source_crosschecked_datum_undeclared
6995,physical,-97.745326,30.408125,source_crosschecked_datum_undeclared
6996,physical,-97.691044,30.24485,source_crosschecked_datum_undeclared
6997,physical,-97.968834,30.210701,source_crosschecked_datum_undeclared
6998,physical,-97.730484,30.095962,source_crosschecked_datum_undeclared
6999,physical,-97.79333,30.839077,source_crosschecked_datum_undeclared
7000,physical,-97.936347,30.737999,source_crosschecked_datum_undeclared
7001,physical,-97.753708,30.458967,source_crosschecked_datum_undeclared
7002,physical,-97.856013,30.206592,source_crosschecked_datum_undeclared
7003,physical,-97.780152,30.183049,source_crosschecked_datum_undeclared
7004,physical,-97.712189,30.211863,source_crosschecked_datum_undeclared
7005,physical,-97.611815,30.185978,source_crosschecked_datum_undeclared
7006,physical,-97.671194,30.620736,source_crosschecked_datum_undeclared
7007,physical,-97.676225,30.621818,source_crosschecked_datum_undeclared
7008,physical,-97.864335,30.317908,source_crosschecked_datum_undeclared
7009,physical,-97.80543,30.278146,source_crosschecked_datum_undeclared
7010,physical,-97.693928,30.482076,source_crosschecked_datum_undeclared
7011,physical,-97.684915,30.485338,source_crosschecked_datum_undeclared
7012,physical,-97.769522,30.434303,source_crosschecked_datum_undeclared
7013,physical,-97.864687,30.513149,source_crosschecked_datum_undeclared
7014,physical,-97.541548,30.837259,source_crosschecked_datum_undeclared
7015,physical,-97.426208,30.792845,source_crosschecked_datum_undeclared
7016,physical,-97.500176,30.810491,source_crosschecked_datum_undeclared
7017,physical,-97.691026,30.250878,source_crosschecked_datum_undeclared
7018,physical,-97.690202,30.247612,source_crosschecked_datum_undeclared
7019,physical,-97.809564,30.33023,source_crosschecked_datum_undeclared
7020,physical,-97.745699,30.449363,source_crosschecked_datum_undeclared
7021,physical,-97.720638,30.428419,source_crosschecked_datum_undeclared
7022,physical,-97.721068,30.428272,source_crosschecked_datum_undeclared
7023,physical,-97.683807,30.654254,source_crosschecked_datum_undeclared
7024,physical,-97.80317,30.465685,source_crosschecked_datum_undeclared
7025,physical,-97.673061,30.486396,source_crosschecked_datum_undeclared
7026,physical,-97.462219,30.351374,source_crosschecked_datum_undeclared
7027,physical,-97.58648,30.342401,source_crosschecked_datum_undeclared
7028,physical,-97.974465,30.207641,source_crosschecked_datum_undeclared
7029,physical,-97.572831,30.132056,source_crosschecked_datum_undeclared
7030,physical,-97.649801,30.475562,source_crosschecked_datum_undeclared
7031,physical,-97.82817,30.452427,source_crosschecked_datum_undeclared
7032,physical,-97.832707,30.463754,source_crosschecked_datum_undeclared
7033,physical,-97.801081,30.470736,source_crosschecked_datum_undeclared
7034,physical,-97.798097,30.47141,source_crosschecked_datum_undeclared
7035,physical,-97.776844,30.477821,source_crosschecked_datum_undeclared
7036,physical,-97.76625,30.480251,source_crosschecked_datum_undeclared
7037,physical,-97.822767,30.457934,source_crosschecked_datum_undeclared
7038,physical,-97.684979,30.250307,source_crosschecked_datum_undeclared
7039,physical,-97.674676,30.479583,source_crosschecked_datum_undeclared
7040,physical,-97.672259,30.47988,source_crosschecked_datum_undeclared
7041,physical,-97.914126,30.669427,source_crosschecked_datum_undeclared
7042,physical,-97.910087,30.695989,source_crosschecked_datum_undeclared
7043,physical,-97.858148,30.59126,source_crosschecked_datum_undeclared
7044,physical,-97.883234,30.593884,source_crosschecked_datum_undeclared
7045,physical,-97.920107,30.779992,source_crosschecked_datum_undeclared
7046,physical,-97.901905,30.762865,source_crosschecked_datum_undeclared
7047,physical,-97.928942,30.741427,source_crosschecked_datum_undeclared
7048,physical,-97.924777,30.778449,source_crosschecked_datum_undeclared
7049,physical,-97.885221,30.795717,source_crosschecked_datum_undeclared
7050,physical,-97.867794,30.799574,source_crosschecked_datum_undeclared
7051,physical,-97.885558,30.842139,source_crosschecked_datum_undeclared
7052,physical,-97.858218,30.762024,source_crosschecked_datum_undeclared
7053,physical,-97.855733,30.754192,source_crosschecked_datum_undeclared
7054,physical,-97.807921,30.75532,source_crosschecked_datum_undeclared
7055,physical,-97.815851,30.840134,source_crosschecked_datum_undeclared
7056,physical,-97.796248,30.84769,source_crosschecked_datum_undeclared
7057,physical,-97.74559,30.858854,source_crosschecked_datum_undeclared
7058,physical,-97.767488,30.85645,source_crosschecked_datum_undeclared
7059,physical,-97.790239,30.849521,source_crosschecked_datum_undeclared
7060,physical,-97.780651,30.75141,source_crosschecked_datum_undeclared
7061,physical,-97.860061,30.716159,source_crosschecked_datum_undeclared
7062,physical,-97.94087,30.659929,source_crosschecked_datum_undeclared
7063,physical,-97.903366,30.62233,source_crosschecked_datum_undeclared
7064,physical,-97.911674,30.621782,source_crosschecked_datum_undeclared
7065,physical,-97.944869,30.64746,source_crosschecked_datum_undeclared
7066,physical,-97.987369,30.632857,source_crosschecked_datum_undeclared
7067,physical,-98.016372,30.654362,source_crosschecked_datum_undeclared
7068,physical,-97.958937,30.656798,source_crosschecked_datum_undeclared
7069,physical,-97.905648,30.67025,source_crosschecked_datum_undeclared
7070,physical,-97.905751,30.665448,source_crosschecked_datum_undeclared
7071,physical,-97.872958,30.675385,source_crosschecked_datum_undeclared
7072,physical,-97.879278,30.672574,source_crosschecked_datum_undeclared
7073,physical,-97.8295,30.635606,source_crosschecked_datum_undeclared
7074,physical,-97.84435,30.614623,source_crosschecked_datum_undeclared
7075,physical,-97.858048,30.654477,source_crosschecked_datum_undeclared
7076,physical,-97.856209,30.64393,source_crosschecked_datum_undeclared
7077,physical,-97.852532,30.62811,source_crosschecked_datum_undeclared
7078,physical,-97.84777,30.615094,source_crosschecked_datum_undeclared
7079,physical,-97.860176,30.619328,source_crosschecked_datum_undeclared
7080,physical,-97.852284,30.618272,source_crosschecked_datum_undeclared
7081,physical,-97.849275,30.614034,source_crosschecked_datum_undeclared
7082,physical,-97.846812,30.602967,source_crosschecked_datum_undeclared
7083,physical,-97.812928,30.596366,source_crosschecked_datum_undeclared
7084,physical,-97.833643,30.582575,source_crosschecked_datum_undeclared
7085,physical,-97.860812,30.580002,source_crosschecked_datum_undeclared
7086,physical,-97.854368,30.582755,source_crosschecked_datum_undeclared
7087,physical,-97.860978,30.600357,source_crosschecked_datum_undeclared
7088,physical,-97.873064,30.598848,source_crosschecked_datum_undeclared
7089,physical,-97.865171,30.578565,source_crosschecked_datum_undeclared
7090,physical,-97.870186,30.592173,source_crosschecked_datum_undeclared
7091,physical,-97.845987,30.580601,source_crosschecked_datum_undeclared
7092,physical,-97.848969,30.579599,source_crosschecked_datum_undeclared
7093,physical,-97.838477,30.559553,source_crosschecked_datum_undeclared
7094,physical,-97.843258,30.571181,source_crosschecked_datum_undeclared
7095,physical,-97.792711,30.58304,source_crosschecked_datum_undeclared
7096,physical,-97.83477,30.590137,source_crosschecked_datum_undeclared
7097,physical,-97.857462,30.553844,source_crosschecked_datum_undeclared
7098,physical,-97.84744,30.535911,source_crosschecked_datum_undeclared
7099,physical,-97.836581,30.536207,source_crosschecked_datum_undeclared
7100,physical,-97.818027,30.502739,source_crosschecked_datum_undeclared
7101,physical,-97.854604,30.5131,source_crosschecked_datum_undeclared
7102,physical,-97.78753,30.474478,source_crosschecked_datum_undeclared
7103,physical,-97.792741,30.473948,source_crosschecked_datum_undeclared
7104,physical,-97.791021,30.471042,source_crosschecked_datum_undeclared
7105,physical,-97.784205,30.530137,source_crosschecked_datum_undeclared
7106,physical,-97.787383,30.532518,source_crosschecked_datum_undeclared
7107,physical,-97.808782,30.536497,source_crosschecked_datum_undeclared
7108,physical,-97.806271,30.527589,source_crosschecked_datum_undeclared
7109,physical,-97.807631,30.532414,source_crosschecked_datum_undeclared
7110,physical,-97.779875,30.535213,source_crosschecked_datum_undeclared
7111,physical,-97.793478,30.539922,source_crosschecked_datum_undeclared
7112,physical,-97.798638,30.560879,source_crosschecked_datum_undeclared
7113,physical,-97.77802,30.569254,source_crosschecked_datum_undeclared
7114,physical,-97.788633,30.564426,source_crosschecked_datum_undeclared
7115,physical,-97.758068,30.598356,source_crosschecked_datum_undeclared
7116,physical,-97.771342,30.540557,source_crosschecked_datum_undeclared
7117,physical,-97.619815,30.797612,source_crosschecked_datum_undeclared
7118,physical,-97.634678,30.812231,source_crosschecked_datum_undeclared
7119,physical,-97.622291,30.816166,source_crosschecked_datum_undeclared
7120,physical,-97.633225,30.836006,source_crosschecked_datum_undeclared
7121,physical,-97.562261,30.830661,source_crosschecked_datum_undeclared
7122,physical,-97.547882,30.801098,source_crosschecked_datum_undeclared
7123,physical,-97.549092,30.809306,source_crosschecked_datum_undeclared
7124,physical,-97.533557,30.826595,source_crosschecked_datum_undeclared
7125,physical,-97.623794,30.778367,source_crosschecked_datum_undeclared
7126,physical,-97.598068,30.780291,source_crosschecked_datum_undeclared
7127,physical,-97.603915,30.759316,source_crosschecked_datum_undeclared
7128,physical,-97.633097,30.752319,source_crosschecked_datum_undeclared
7129,physical,-97.612771,30.755462,source_crosschecked_datum_undeclared
7130,physical,-97.536638,30.787696,source_crosschecked_datum_undeclared
7131,physical,-97.562321,30.78882,source_crosschecked_datum_undeclared
7132,physical,-97.545547,30.78477,source_crosschecked_datum_undeclared
7133,physical,-97.543111,30.763747,source_crosschecked_datum_undeclared
7134,physical,-97.452087,30.799024,source_crosschecked_datum_undeclared
7135,physical,-97.455899,30.790366,source_crosschecked_datum_undeclared
7136,physical,-97.494025,30.761821,source_crosschecked_datum_undeclared
7137,physical,-97.487775,30.753661,source_crosschecked_datum_undeclared
7138,physical,-97.448104,30.735276,source_crosschecked_datum_undeclared
7139,physical,-97.464609,30.73258,source_crosschecked_datum_undeclared
7140,physical,-97.450239,30.719282,source_crosschecked_datum_undeclared
7141,physical,-97.504814,30.706557,source_crosschecked_datum_undeclared
7142,physical,-97.469039,30.722799,source_crosschecked_datum_undeclared
7143,physical,-97.473808,30.712262,source_crosschecked_datum_undeclared
7144,physical,-97.456914,30.709134,source_crosschecked_datum_undeclared
7145,physical,-97.486394,30.716348,source_crosschecked_datum_undeclared
7146,physical,-97.492809,30.735756,source_crosschecked_datum_undeclared
7147,physical,-97.491715,30.727206,source_crosschecked_datum_undeclared
7148,physical,-97.534306,30.703303,source_crosschecked_datum_undeclared
7149,physical,-97.53191,30.72177,source_crosschecked_datum_undeclared
7150,physical,-97.514827,30.704189,source_crosschecked_datum_undeclared
7151,physical,-97.614436,30.699165,source_crosschecked_datum_undeclared
7152,physical,-97.441135,30.649131,source_crosschecked_datum_undeclared
7153,physical,-97.419748,30.672918,source_crosschecked_datum_undeclared
7154,physical,-97.282918,30.673606,source_crosschecked_datum_undeclared
7155,physical,-97.280058,30.685749,source_crosschecked_datum_undeclared
7156,physical,-97.303448,30.643249,source_crosschecked_datum_undeclared
7157,physical,-97.304636,30.616344,source_crosschecked_datum_undeclared
7158,physical,-97.304221,30.630489,source_crosschecked_datum_undeclared
7159,physical,-97.318995,30.607593,source_crosschecked_datum_undeclared
7160,physical,-97.371083,30.660248,source_crosschecked_datum_undeclared
7161,physical,-97.366213,30.641278,source_crosschecked_datum_undeclared
7162,physical,-97.368068,30.653836,source_crosschecked_datum_undeclared
7163,physical,-97.349552,30.598462,source_crosschecked_datum_undeclared
7164,physical,-97.362426,30.631549,source_crosschecked_datum_undeclared
7165,physical,-97.394426,30.623191,source_crosschecked_datum_undeclared
7166,physical,-97.359752,30.624678,source_crosschecked_datum_undeclared
7167,physical,-97.372002,30.629049,source_crosschecked_datum_undeclared
7168,physical,-97.257052,30.637115,source_crosschecked_datum_undeclared
7169,physical,-97.265147,30.539773,source_crosschecked_datum_undeclared
7170,physical,-97.285197,30.5629,source_crosschecked_datum_undeclared
7171,physical,-97.288903,30.572039,source_crosschecked_datum_undeclared
7172,physical,-97.236646,30.605108,source_crosschecked_datum_undeclared
7173,physical,-97.230771,30.576649,source_crosschecked_datum_undeclared
7174,physical,-97.234691,30.547076,source_crosschecked_datum_undeclared
7175,physical,-97.357151,30.529689,source_crosschecked_datum_undeclared
7176,physical,-97.356753,30.520885,source_crosschecked_datum_undeclared
7177,physical,-97.348564,30.503991,source_crosschecked_datum_undeclared
7178,physical,-97.381702,30.471857,source_crosschecked_datum_undeclared
7179,physical,-97.270295,30.4626,source_crosschecked_datum_undeclared
7180,physical,-97.329647,30.433226,source_crosschecked_datum_undeclared
7181,physical,-97.347097,30.433644,source_crosschecked_datum_undeclared
7182,physical,-97.319315,30.445164,source_crosschecked_datum_undeclared
7183,physical,-97.335899,30.473843,source_crosschecked_datum_undeclared
7184,physical,-97.381898,30.425578,source_crosschecked_datum_undeclared
7185,physical,-97.365509,30.425158,source_crosschecked_datum_undeclared
7186,physical,-97.354343,30.450452,source_crosschecked_datum_undeclared
7187,physical,-97.325924,30.458775,source_crosschecked_datum_undeclared
7188,physical,-97.321001,30.481276,source_crosschecked_datum_undeclared
7189,physical,-97.298518,30.452564,source_crosschecked_datum_undeclared
7190,physical,-97.460888,30.471719,source_crosschecked_datum_undeclared
7191,physical,-97.411356,30.472891,source_crosschecked_datum_undeclared
7192,physical,-97.424007,30.484205,source_crosschecked_datum_undeclared
7193,physical,-97.409357,30.501187,source_crosschecked_datum_undeclared
7194,physical,-97.582445,30.628721,source_crosschecked_datum_undeclared
7195,physical,-97.578627,30.630489,source_crosschecked_datum_undeclared
7196,physical,-97.565469,30.619446,source_crosschecked_datum_undeclared
7197,physical,-97.544171,30.626963,source_crosschecked_datum_undeclared
7198,physical,-97.548976,30.585497,source_crosschecked_datum_undeclared
7199,physical,-97.576202,30.67681,source_crosschecked_datum_undeclared
7200,physical,-97.601771,30.69988,source_crosschecked_datum_undeclared
7201,physical,-97.595344,30.673463,source_crosschecked_datum_undeclared
7202,physical,-97.491618,30.63348,source_crosschecked_datum_undeclared
7203,physical,-97.567419,30.602481,source_crosschecked_datum_undeclared
7204,physical,-97.48939,30.567886,source_crosschecked_datum_undeclared
7205,physical,-97.438887,30.57913,source_crosschecked_datum_undeclared
7206,physical,-97.6604,30.568312,source_crosschecked_datum_undeclared
7207,physical,-97.512533,30.812862,source_crosschecked_datum_undeclared
7208,physical,-97.856489,30.82,source_crosschecked_datum_undeclared
7209,physical,-97.855031,30.816036,source_crosschecked_datum_undeclared
7210,physical,-97.826897,30.822921,source_crosschecked_datum_undeclared
7211,physical,-97.873774,30.811356,source_crosschecked_datum_undeclared
7212,physical,-97.894708,30.818978,source_crosschecked_datum_undeclared
7213,physical,-97.788271,30.850121,source_crosschecked_datum_undeclared
7214,physical,-97.783551,30.825954,source_crosschecked_datum_undeclared
7215,physical,-97.802719,30.862218,source_crosschecked_datum_undeclared
7216,physical,-97.826607,30.633795,source_crosschecked_datum_undeclared
7217,physical,-97.827323,30.638072,source_crosschecked_datum_undeclared
7218,physical,-97.852185,30.704594,source_crosschecked_datum_undeclared
7219,physical,-97.832975,30.727045,source_crosschecked_datum_undeclared
7220,physical,-97.801233,30.739416,source_crosschecked_datum_undeclared
7221,physical,-97.776573,30.74397,source_crosschecked_datum_undeclared
7222,physical,-97.665833,30.764983,source_crosschecked_datum_undeclared
7223,physical,-97.721356,30.754825,source_crosschecked_datum_undeclared
7224,physical,-97.626269,30.778888,source_crosschecked_datum_undeclared
7225,physical,-97.825317,30.698542,source_crosschecked_datum_undeclared
7226,physical,-97.835778,30.654901,source_crosschecked_datum_undeclared
7227,physical,-97.84736,30.645148,source_crosschecked_datum_undeclared
7228,physical,-97.858493,30.678939,source_crosschecked_datum_undeclared
7229,physical,-97.85456,30.694007,source_crosschecked_datum_undeclared
7230,physical,-97.846004,30.714988,source_crosschecked_datum_undeclared
7231,physical,-97.81409,30.707939,source_crosschecked_datum_undeclared
7232,physical,-97.904203,30.675452,source_crosschecked_datum_undeclared
7233,physical,-97.910354,30.674536,source_crosschecked_datum_undeclared
7234,physical,-97.696225,30.668359,source_crosschecked_datum_undeclared
7235,physical,-97.835945,30.595035,source_crosschecked_datum_undeclared
7236,physical,-97.450413,30.606813,source_crosschecked_datum_undeclared
7237,physical,-97.704566,30.477897,source_crosschecked_datum_undeclared
7238,physical,-97.718957,30.492758,source_crosschecked_datum_undeclared
7239,physical,-97.720869,30.49044,source_crosschecked_datum_undeclared
7240,physical,-97.800695,30.476696,source_crosschecked_datum_undeclared
7241,physical,-97.800939,30.47654,source_crosschecked_datum_undeclared
7242,physical,-97.664871,30.318799,source_crosschecked_datum_undeclared
7243,physical,-97.666129,30.319693,source_crosschecked_datum_undeclared
7244,physical,-97.667031,30.320026,source_crosschecked_datum_undeclared
7245,physical,-97.686905,30.250414,source_crosschecked_datum_undeclared
7246,physical,-97.663248,30.31563,source_crosschecked_datum_undeclared
7247,physical,-97.663048,30.315925,source_crosschecked_datum_undeclared
7248,physical,-97.660886,30.302584,source_crosschecked_datum_undeclared
7249,physical,-97.660488,30.302524,source_crosschecked_datum_undeclared
7250,physical,-97.663439,30.292329,source_crosschecked_datum_undeclared
7251,physical,-97.663111,30.292299,source_crosschecked_datum_undeclared
7252,physical,-97.66512,30.285602,source_crosschecked_datum_undeclared
7253,physical,-97.664874,30.28556,source_crosschecked_datum_undeclared
7254,physical,-97.679183,30.253109,source_crosschecked_datum_undeclared
7255,physical,-97.689364,30.240981,source_crosschecked_datum_undeclared
7256,physical,-97.690252,30.242025,source_crosschecked_datum_undeclared
7257,physical,-97.542984,30.564129,source_crosschecked_datum_undeclared
7258,physical,-97.569916,30.558687,source_crosschecked_datum_undeclared
7259,physical,-97.559113,30.556922,source_crosschecked_datum_undeclared
7260,physical,-97.576524,30.562627,source_crosschecked_datum_undeclared
7261,physical,-97.879464,30.23075,source_crosschecked_datum_undeclared
7262,physical,-97.747668,30.441522,source_crosschecked_datum_undeclared
7263,physical,-97.77311,30.44113,source_crosschecked_datum_undeclared
7264,physical,-97.682491,30.092301,source_crosschecked_datum_undeclared
7265,physical,-97.683191,30.092852,source_crosschecked_datum_undeclared
7266,physical,-97.970426,30.336108,source_crosschecked_datum_undeclared
7267,physical,-98.006688,30.319976,source_crosschecked_datum_undeclared
7268,physical,-97.750839,30.075351,source_crosschecked_datum_undeclared
7269,physical,-97.73221,30.072067,source_crosschecked_datum_undeclared
7270,physical,-97.73285,30.0727,source_crosschecked_datum_undeclared
7271,physical,-97.78289,30.098971,source_crosschecked_datum_undeclared
7272,physical,-97.780599,30.096113,source_crosschecked_datum_undeclared
7273,physical,-97.780472,30.09433,source_crosschecked_datum_undeclared
7274,physical,-97.782749,30.096885,source_crosschecked_datum_undeclared
7275,physical,-97.781551,30.093959,source_crosschecked_datum_undeclared
7276,physical,-97.781687,30.098863,source_crosschecked_datum_undeclared
7277,physical,-97.750473,30.076142,source_crosschecked_datum_undeclared
7278,physical,-97.747273,30.074718,source_crosschecked_datum_undeclared
7279,physical,-97.747685,30.073847,source_crosschecked_datum_undeclared
7280,physical,-97.727455,30.072859,source_crosschecked_datum_undeclared
7281,physical,-97.727638,30.073571,source_crosschecked_datum_undeclared
7282,physical,-97.748536,30.075896,source_crosschecked_datum_undeclared
7283,physical,-97.749857,30.073758,source_crosschecked_datum_undeclared
7284,physical,-97.732522,30.073656,source_crosschecked_datum_undeclared
7285,physical,-97.80439,30.117374,source_crosschecked_datum_undeclared
7286,physical,-97.805627,30.116134,source_crosschecked_datum_undeclared
7287,physical,-97.930203,30.420686,source_crosschecked_datum_undeclared
7288,physical,-97.888119,30.229017,source_crosschecked_datum_undeclared
7289,physical,-97.68266,30.21803,source_crosschecked_datum_undeclared
7290,physical,-97.673949,30.507604,source_crosschecked_datum_undeclared
7291,physical,-97.72133,30.449558,source_crosschecked_datum_undeclared
7292,physical,-97.753861,30.268269,source_crosschecked_datum_undeclared
7293,physical,-97.712183,30.34765,source_crosschecked_datum_undeclared
7294,physical,-97.73184,30.316597,source_crosschecked_datum_undeclared
7295,physical,-97.737777,30.302643,source_crosschecked_datum_undeclared
7296,physical,-97.70856,30.281554,source_crosschecked_datum_undeclared
7297,physical,-97.742983,30.361274,source_crosschecked_datum_undeclared
7298,physical,-97.75348,30.269783,source_crosschecked_datum_undeclared
7299,physical,-97.801723,30.20127,source_crosschecked_datum_undeclared
7300,physical,-97.866025,30.028153,source_crosschecked_datum_undeclared
7301,physical,-97.768647,30.245677,source_crosschecked_datum_undeclared
7302,physical,-97.775669,30.228134,source_crosschecked_datum_undeclared
7303,physical,-97.793052,30.213142,source_crosschecked_datum_undeclared
7304,physical,-97.801208,30.201092,source_crosschecked_datum_undeclared
7305,physical,-97.81977,30.173574,source_crosschecked_datum_undeclared
7306,physical,-97.743288,30.265596,source_crosschecked_datum_undeclared
7307,physical,-97.87517,29.942808,source_crosschecked_datum_undeclared
7308,physical,-97.520277,30.306289,source_crosschecked_datum_undeclared
7309,physical,-97.508433,30.32595,source_crosschecked_datum_undeclared
7310,physical,-97.494741,30.268203,source_crosschecked_datum_undeclared
7311,physical,-97.519374,30.284362,source_crosschecked_datum_undeclared
7312,physical,-97.531984,30.252924,source_crosschecked_datum_undeclared
7313,physical,-97.709844,30.036818,source_crosschecked_datum_undeclared
7314,physical,-97.614224,30.102734,source_crosschecked_datum_undeclared
7315,physical,-97.687229,30.013965,source_crosschecked_datum_undeclared
7316,physical,-97.674346,30.030184,source_crosschecked_datum_undeclared
7317,physical,-97.740808,30.063756,source_crosschecked_datum_undeclared
7318,physical,-97.746291,30.075631,source_crosschecked_datum_undeclared
7319,physical,-97.76634,30.105148,source_crosschecked_datum_undeclared
7320,physical,-97.598501,30.136381,source_crosschecked_datum_undeclared
7321,physical,-97.586275,30.151669,source_crosschecked_datum_undeclared
7322,physical,-97.591679,30.140966,source_crosschecked_datum_undeclared
7323,physical,-97.629105,30.172267,source_crosschecked_datum_undeclared
7324,physical,-97.563502,30.311881,source_crosschecked_datum_undeclared
7325,physical,-97.51669,30.309644,source_crosschecked_datum_undeclared
7326,physical,-97.464057,30.384698,source_crosschecked_datum_undeclared
7327,physical,-97.46795,30.40252,source_crosschecked_datum_undeclared
7328,physical,-97.441091,30.449467,source_crosschecked_datum_undeclared
7329,physical,-97.469466,30.453961,source_crosschecked_datum_undeclared
7330,physical,-97.392594,30.382322,source_crosschecked_datum_undeclared
7331,physical,-97.592532,30.431448,source_crosschecked_datum_undeclared
7332,physical,-98.093687,30.315166,source_crosschecked_datum_undeclared
7333,physical,-98.104885,30.406825,source_crosschecked_datum_undeclared
7334,physical,-98.098789,30.445402,source_crosschecked_datum_undeclared
7335,physical,-97.584212,30.40546,source_crosschecked_datum_undeclared
7336,physical,-97.584014,30.404023,source_crosschecked_datum_undeclared
7337,physical,-97.582878,30.402939,source_crosschecked_datum_undeclared
7338,physical,-97.582413,30.403257,source_crosschecked_datum_undeclared
7339,physical,-97.583028,30.405578,source_crosschecked_datum_undeclared
7340,physical,-97.583997,30.406365,source_crosschecked_datum_undeclared
7341,physical,-97.597729,30.390101,source_crosschecked_datum_undeclared
7342,physical,-98.009868,29.864424,source_crosschecked_datum_undeclared
7343,physical,-98.014392,29.862152,source_crosschecked_datum_undeclared
7344,physical,-97.683307,30.560488,source_crosschecked_datum_undeclared
7345,physical,-97.686534,30.577057,source_crosschecked_datum_undeclared
7346,physical,-97.929315,30.397364,source_crosschecked_datum_undeclared
7347,physical,-97.784497,30.346377,source_crosschecked_datum_undeclared
7348,physical,-97.868632,30.418653,source_crosschecked_datum_undeclared
7349,physical,-97.847379,30.40432,source_crosschecked_datum_undeclared
7350,physical,-97.894353,30.366422,source_crosschecked_datum_undeclared
7351,physical,-97.913636,30.257357,source_crosschecked_datum_undeclared
7352,physical,-97.896425,30.43402,source_crosschecked_datum_undeclared
7353,physical,-98.037949,30.363207,source_crosschecked_datum_undeclared
7354,physical,-97.662369,30.48942,source_crosschecked_datum_undeclared
7355,physical,-97.784719,30.576209,source_crosschecked_datum_undeclared
7356,physical,-97.817829,30.726215,source_crosschecked_datum_undeclared
7357,physical,-97.815372,30.735675,source_crosschecked_datum_undeclared
7358,physical,-97.727502,30.634316,source_crosschecked_datum_undeclared
7359,physical,-97.570283,30.63463,source_crosschecked_datum_undeclared
7360,physical,-97.56754,30.638409,source_crosschecked_datum_undeclared
7361,physical,-97.585786,30.422334,source_crosschecked_datum_undeclared
7362,physical,-97.695348,30.051055,source_crosschecked_datum_undeclared
7363,physical,-97.850854,30.382586,source_crosschecked_datum_undeclared
7364,physical,-97.947505,29.883408,source_crosschecked_datum_undeclared
7365,physical,-98.010439,29.8043,source_crosschecked_datum_undeclared
7366,physical,-98.011374,29.80524,source_crosschecked_datum_undeclared
7367,physical,-97.963588,29.863751,source_crosschecked_datum_undeclared
7368,physical,-97.994487,29.877384,source_crosschecked_datum_undeclared
7369,physical,-97.877972,29.940105,source_crosschecked_datum_undeclared
7370,physical,-97.939874,29.849957,source_crosschecked_datum_undeclared
7371,physical,-97.975514,29.819746,source_crosschecked_datum_undeclared
7372,physical,-97.987707,29.80906,source_crosschecked_datum_undeclared
7373,physical,-97.87454,29.897971,source_crosschecked_datum_undeclared
7374,physical,-97.969506,30.334174,source_crosschecked_datum_undeclared
7375,physical,-97.74555,30.388924,source_crosschecked_datum_undeclared
7376,physical,-97.744502,30.390235,source_crosschecked_datum_undeclared
7377,physical,-97.746005,30.389727,source_crosschecked_datum_undeclared
7378,physical,-97.747355,30.388502,source_crosschecked_datum_undeclared
7379,physical,-97.786244,30.372322,source_crosschecked_datum_undeclared
7380,physical,-97.788143,30.372769,source_crosschecked_datum_undeclared
7381,physical,-97.798261,30.235268,source_crosschecked_datum_undeclared
7382,physical,-97.796916,30.235161,source_crosschecked_datum_undeclared
7383,physical,-97.783377,30.53401,source_crosschecked_datum_undeclared
7384,physical,-97.781484,30.530938,source_crosschecked_datum_undeclared
7385,physical,-97.781213,30.534742,source_crosschecked_datum_undeclared
7386,physical,-97.765886,30.476513,source_crosschecked_datum_undeclared
7387,physical,-97.763945,30.477147,source_crosschecked_datum_undeclared
7388,physical,-97.763363,30.475956,source_crosschecked_datum_undeclared
7389,physical,-97.765331,30.4753,source_crosschecked_datum_undeclared
7390,physical,-97.67305,30.407844,source_crosschecked_datum_undeclared
7391,physical,-97.673215,30.406961,source_crosschecked_datum_undeclared
7392,physical,-97.937011,29.884441,source_crosschecked_datum_undeclared
7393,physical,-97.939961,29.884167,source_crosschecked_datum_undeclared
7394,physical,-97.941364,29.883945,source_crosschecked_datum_undeclared
7395,physical,-97.893832,29.9038,source_crosschecked_datum_undeclared
7396,physical,-97.957981,29.870844,source_crosschecked_datum_undeclared
7397,physical,-97.697451,30.337244,source_crosschecked_datum_undeclared
7398,physical,-97.695711,30.335858,source_crosschecked_datum_undeclared
7399,physical,-97.694252,30.336889,source_crosschecked_datum_undeclared
7400,physical,-97.695763,30.337158,source_crosschecked_datum_undeclared
7401,physical,-97.666808,30.285805,source_crosschecked_datum_undeclared
7402,physical,-97.663601,30.285284,source_crosschecked_datum_undeclared
7403,physical,-97.678432,30.253782,source_crosschecked_datum_undeclared
7404,physical,-97.679296,30.254024,source_crosschecked_datum_undeclared
7405,physical,-97.682326,30.250833,source_crosschecked_datum_undeclared
7406,physical,-97.680029,30.252848,source_crosschecked_datum_undeclared
7407,physical,-97.680744,30.252526,source_crosschecked_datum_undeclared
7408,physical,-97.684021,30.250716,source_crosschecked_datum_undeclared
7409,physical,-97.683467,30.250607,source_crosschecked_datum_undeclared
7410,physical,-97.683205,30.25099,source_crosschecked_datum_undeclared
7411,physical,-97.683482,30.251368,source_crosschecked_datum_undeclared
7412,physical,-97.684211,30.250952,source_crosschecked_datum_undeclared
7413,physical,-97.683498,30.251094,source_crosschecked_datum_undeclared
7414,physical,-97.683968,30.251262,source_crosschecked_datum_undeclared
7415,physical,-97.687911,30.220013,source_crosschecked_datum_undeclared
7416,physical,-97.670164,30.21783,source_crosschecked_datum_undeclared
7417,physical,-97.668482,30.216947,source_crosschecked_datum_undeclared
7418,physical,-97.668257,30.217253,source_crosschecked_datum_undeclared
7419,physical,-97.669018,30.218239,source_crosschecked_datum_undeclared
7420,physical,-97.838527,30.236884,source_crosschecked_datum_undeclared
7421,physical,-97.837737,30.236539,source_crosschecked_datum_undeclared
7422,physical,-97.832183,30.236591,source_crosschecked_datum_undeclared
7423,physical,-97.641552,30.330018,source_crosschecked_datum_undeclared
7424,physical,-97.641585,30.328695,source_crosschecked_datum_undeclared
7425,physical,-97.637782,30.330311,source_crosschecked_datum_undeclared
7426,physical,-97.638192,30.328976,source_crosschecked_datum_undeclared
7427,physical,-97.614212,30.333003,source_crosschecked_datum_undeclared
7428,physical,-97.613662,30.332105,source_crosschecked_datum_undeclared
7429,physical,-97.608625,30.333493,source_crosschecked_datum_undeclared
7430,physical,-97.593971,30.339629,source_crosschecked_datum_undeclared
7431,physical,-97.784967,30.372642,source_crosschecked_datum_undeclared
7432,physical,-97.784794,30.372234,source_crosschecked_datum_undeclared
7433,physical,-97.788405,30.369521,source_crosschecked_datum_undeclared
7434,physical,-97.788199,30.369162,source_crosschecked_datum_undeclared
7435,physical,-97.790286,30.362221,source_crosschecked_datum_undeclared
7436,physical,-97.790996,30.361193,source_crosschecked_datum_undeclared
7437,physical,-97.812667,30.325652,source_crosschecked_datum_undeclared
7438,physical,-97.812413,30.325254,source_crosschecked_datum_undeclared
7439,physical,-97.817677,30.320936,source_crosschecked_datum_undeclared
7440,physical,-97.817577,30.320413,source_crosschecked_datum_undeclared
7441,physical,-97.817679,30.274944,source_crosschecked_datum_undeclared
7442,physical,-97.817871,30.274627,source_crosschecked_datum_undeclared
7443,physical,-97.814602,30.261191,source_crosschecked_datum_undeclared
7444,physical,-97.814952,30.261126,source_crosschecked_datum_undeclared
7445,physical,-97.522124,30.284944,source_crosschecked_datum_undeclared
7446,physical,-97.739096,30.260108,source_crosschecked_datum_undeclared
7447,physical,-97.522808,30.51025,source_crosschecked_datum_undeclared
7448,physical,-97.519678,30.538173,source_crosschecked_datum_undeclared
7449,physical,-97.518955,30.547441,source_crosschecked_datum_undeclared
7450,physical,-97.518413,30.552871,source_crosschecked_datum_undeclared
7451,physical,-97.535393,30.592391,source_crosschecked_datum_undeclared
7452,physical,-97.667409,30.464436,source_crosschecked_datum_undeclared
7453,physical,-97.642391,30.468915,source_crosschecked_datum_undeclared
7454,physical,-97.477443,30.323708,source_crosschecked_datum_undeclared
7455,physical,-97.72452,30.622793,source_crosschecked_datum_undeclared
7456,physical,-97.466557,30.465315,source_crosschecked_datum_undeclared
7457,physical,-97.439574,30.461758,source_crosschecked_datum_undeclared
7458,physical,-97.810927,30.088791,source_crosschecked_datum_undeclared
7459,physical,-97.888951,30.247466,source_crosschecked_datum_undeclared
7460,physical,-97.860309,30.014988,source_crosschecked_datum_undeclared
7461,physical,-97.684962,30.505574,source_crosschecked_datum_undeclared
7462,physical,-97.684186,30.505916,source_crosschecked_datum_undeclared
7463,physical,-97.579577,30.503925,source_crosschecked_datum_undeclared
7464,physical,-97.82723,30.072423,source_crosschecked_datum_undeclared
7465,physical,-97.66156,30.309415,source_crosschecked_datum_undeclared
7466,physical,-97.922855,30.293874,source_crosschecked_datum_undeclared
