row_kind,experiment_id,source_experiment_id,rule_type,rule_label,description,objective,objective_value,triangle_area,var_restore,gini_restore,p90_restore,min_time_avg_cri,p90_access_restore,share_access_initial,share_access_final,time_avg_share_access,cri_w_e,cri_w_a,cri_threshold,critical_access_threshold,is_primary_setting,is_pareto,session_dir,run_dir,sequence,power_sequence,road_sequence,scenario_id,scenario_seed,broken_bus_count,broken_link_count,mean_remaining_capacity_factor,mean_capacity_drop_fraction,study_result_dir
optimized,baseline_reference,,baseline,Baseline sequence,Baseline repair sequence used as the reference point.,triangle,4949.902515122518,4949.902515122518,2953565.2869222197,0.1953840248488754,5358.734427999999,0.30181208785079794,5338.734427999999,0.20833333333333334,1.0,0.3129546819059743,0.133,0.867,0.9,0.9,1,0,,results/batch_tradeoff_20260325_235335/scenario_runs/tradeoff_20260325_235335/reference,"[8, 7, 6, 17, 20, 32, 29, 30, 1, 3, 25, 18, 26, 21, (14, 15), (7, 18), (10, 11), (17, 10), (18, 20), (21, 24), (18, 16)]","[8, 7, 6, 17, 20, 32, 29, 30, 1, 3, 25, 18, 26, 21]","[(14, 15), (7, 18), (10, 11), (17, 10), (18, 20), (21, 24), (18, 16)]",scenario_001,20260325,14,7,0.22129422736141782,0.7787057726385822,results/batch_tradeoff_20260325_235335/scenario_runs/tradeoff_20260325_235335
optimized,single_triangle,,single,Single objective: triangle,Pure efficiency objective that minimizes resilience-triangle loss.,triangle,2945.0668269167786,2945.0668269167786,1100098.073595333,0.2176940768652551,3189.0932100000005,0.3404528406741458,3169.0932100000005,0.20833333333333334,1.0,0.35760495151849137,0.133,0.867,0.9,0.9,1,0,results/batch_tradeoff_20260325_235335/scenario_runs/tradeoff_20260325_235335/single_triangle_20260325_235336,results/batch_tradeoff_20260325_235335/scenario_runs/tradeoff_20260325_235335/single_triangle_20260325_235336/best,"[1, 29, 3, 30, 20, 32, 18, 6, 8, 25, 26, 7, 17, 21, (10, 11), (14, 15), (17, 10), (21, 24), (18, 20), (7, 18), (18, 16)]","[1, 29, 3, 30, 20, 32, 18, 6, 8, 25, 26, 7, 17, 21]","[(10, 11), (14, 15), (17, 10), (21, 24), (18, 20), (7, 18), (18, 16)]",scenario_001,20260325,14,7,0.22129422736141782,0.7787057726385822,results/batch_tradeoff_20260325_235335/scenario_runs/tradeoff_20260325_235335
optimized,single_gini_restore,,single,Single objective: gini_restore,Equity objective that reduces restoration-time inequality using Gini.,equity:gini_restore,0.08907668379452183,4041.6602263114683,526710.9622873338,0.08907668379452183,3312.6862360000005,0.19122448983018336,3312.6862360000005,0.20833333333333334,1.0,0.27244482725991964,0.133,0.867,0.9,0.9,1,1,results/batch_tradeoff_20260325_235335/scenario_runs/tradeoff_20260325_235335/single_gini_restore_20260325_235438,results/batch_tradeoff_20260325_235335/scenario_runs/tradeoff_20260325_235335/single_gini_restore_20260325_235438/best,"[25, 8, 1, 26, 20, 32, 29, 17, 3, 7, 21, 18, 6, 30, (18, 20), (17, 10), (14, 15), (18, 16), (7, 18), (10, 11), (21, 24)]","[25, 8, 1, 26, 20, 32, 29, 17, 3, 7, 21, 18, 6, 30]","[(18, 20), (17, 10), (14, 15), (18, 16), (7, 18), (10, 11), (21, 24)]",scenario_001,20260325,14,7,0.22129422736141782,0.7787057726385822,results/batch_tradeoff_20260325_235335/scenario_runs/tradeoff_20260325_235335
optimized,single_maximin_time_avg_cri,,single,Single objective: maximize minimum time-avg CRI,Equity via maximin: improve the worst-served zone by maximizing the minimum time-averaged CRI.,equity:maximin_time_avg_cri_loss,0.5688852860940534,4779.493604030911,3005375.8082175883,0.24934783400552663,5619.299065,0.43111471390594663,5380.297064,0.20833333333333334,1.0,0.4483188484796072,0.133,0.867,0.9,0.9,1,0,results/batch_tradeoff_20260325_235335/scenario_runs/tradeoff_20260325_235335/single_maximin_time_avg_cri_20260325_235541,results/batch_tradeoff_20260325_235335/scenario_runs/tradeoff_20260325_235335/single_maximin_time_avg_cri_20260325_235541/best,"[8, 18, 6, 26, 17, 32, 29, 1, 7, 3, 25, 20, 30, 21, (10, 11), (14, 15), (7, 18), (17, 10), (21, 24), (18, 20), (18, 16)]","[8, 18, 6, 26, 17, 32, 29, 1, 7, 3, 25, 20, 30, 21]","[(10, 11), (14, 15), (7, 18), (17, 10), (21, 24), (18, 20), (18, 16)]",scenario_001,20260325,14,7,0.22129422736141782,0.7787057726385822,results/batch_tradeoff_20260325_235335/scenario_runs/tradeoff_20260325_235335
optimized,single_p90_access_restore,,single,Single objective: p90_access_restore,Critical-access objective that shortens the time by which 90% of zones regain access.,critical_access:p90_access_restore,2546.103246,2933.2368140572303,480881.17423687916,0.14859366496029636,2546.103246,0.18861158333095626,2546.103246,0.20833333333333334,1.0,0.2667265843664849,0.133,0.867,0.9,0.9,1,0,results/batch_tradeoff_20260325_235335/scenario_runs/tradeoff_20260325_235335/single_p90_access_restore_20260325_235645,results/batch_tradeoff_20260325_235335/scenario_runs/tradeoff_20260325_235335/single_p90_access_restore_20260325_235645/best,"[17, 8, 26, 18, 6, 29, 32, 20, 30, 3, 21, 1, 7, 25, (18, 20), (7, 18), (17, 10), (18, 16), (10, 11), (14, 15), (21, 24)]","[17, 8, 26, 18, 6, 29, 32, 20, 30, 3, 21, 1, 7, 25]","[(18, 20), (7, 18), (17, 10), (18, 16), (10, 11), (14, 15), (21, 24)]",scenario_001,20260325,14,7,0.22129422736141782,0.7787057726385822,results/batch_tradeoff_20260325_235335/scenario_runs/tradeoff_20260325_235335
optimized,weighted_gini_restore_l050,,weighted_sum,Weighted sum: triangle + 0.5 * equity:gini_restore,Weighted trade-off objective. triangle + 0.5 * equity:gini_restore.,weighted_sum,1.1909661494708534,4318.196500649252,1014715.2619691052,0.12449324530358297,3815.3619360000007,0.18520173290965206,3815.3619360000007,0.20833333333333334,1.0,0.294149512176189,0.133,0.867,0.9,0.9,1,0,results/batch_tradeoff_20260325_235335/scenario_runs/tradeoff_20260325_235335/weighted_gini_restore_l050_20260325_235749,results/batch_tradeoff_20260325_235335/scenario_runs/tradeoff_20260325_235335/weighted_gini_restore_l050_20260325_235749/best,"[26, 30, 7, 21, 20, 32, 17, 18, 25, 1, 29, 3, 6, 8, (21, 24), (18, 20), (10, 11), (14, 15), (7, 18), (18, 16), (17, 10)]","[26, 30, 7, 21, 20, 32, 17, 18, 25, 1, 29, 3, 6, 8]","[(21, 24), (18, 20), (10, 11), (14, 15), (7, 18), (18, 16), (17, 10)]",scenario_001,20260325,14,7,0.22129422736141782,0.7787057726385822,results/batch_tradeoff_20260325_235335/scenario_runs/tradeoff_20260325_235335
optimized,guardrail_gini_restore,,guardrail,Guardrail on equity:gini_restore,Triangle minimization with a fairness guardrail. Guardrail on equity:gini_restore.,guardrail,1918.382974654867,1918.382974654867,175077.4269485393,0.125426449166943,1811.587178,0.3059707950543925,1572.585177,0.20833333333333334,1.0,0.4042354348725322,0.133,0.867,0.9,0.9,1,1,results/batch_tradeoff_20260325_235335/scenario_runs/tradeoff_20260325_235335/guardrail_gini_restore_20260325_235852,results/batch_tradeoff_20260325_235335/scenario_runs/tradeoff_20260325_235335/guardrail_gini_restore_20260325_235852/best,"[25, 26, 1, 7, 8, 32, 29, 3, 17, 6, 18, 20, 30, 21, (10, 11), (14, 15), (21, 24), (17, 10), (7, 18), (18, 20), (18, 16)]","[25, 26, 1, 7, 8, 32, 29, 3, 17, 6, 18, 20, 30, 21]","[(10, 11), (14, 15), (21, 24), (17, 10), (7, 18), (18, 20), (18, 16)]",scenario_001,20260325,14,7,0.22129422736141782,0.7787057726385822,results/batch_tradeoff_20260325_235335/scenario_runs/tradeoff_20260325_235335
optimized,weighted_maximin_time_avg_cri_l050,,weighted_sum,Weighted sum: triangle + 0.5 * equity:maximin_time_avg_cri_loss,Weighted trade-off objective. triangle + 0.5 * equity:maximin_time_avg_cri_loss.,weighted_sum,1.223459617982583,3685.408326291396,1423136.7106327014,0.20532405731430026,3876.6031041999995,0.3312504544373071,3716.3802749999995,0.20833333333333334,1.0,0.3396537807224177,0.133,0.867,0.9,0.9,1,0,results/batch_tradeoff_20260325_235335/scenario_runs/tradeoff_20260325_235335/weighted_maximin_time_avg_cri_l050_20260325_235952,results/batch_tradeoff_20260325_235335/scenario_runs/tradeoff_20260325_235335/weighted_maximin_time_avg_cri_l050_20260325_235952/best,"[21, 29, 6, 26, 3, 17, 30, 18, 1, 25, 7, 20, 8, 32, (10, 11), (17, 10), (7, 18), (18, 16), (18, 20), (21, 24), (14, 15)]","[21, 29, 6, 26, 3, 17, 30, 18, 1, 25, 7, 20, 8, 32]","[(10, 11), (17, 10), (7, 18), (18, 16), (18, 20), (21, 24), (14, 15)]",scenario_001,20260325,14,7,0.22129422736141782,0.7787057726385822,results/batch_tradeoff_20260325_235335/scenario_runs/tradeoff_20260325_235335
optimized,baseline_reference,,baseline,Baseline sequence,Baseline repair sequence used as the reference point.,triangle,976.7080797185793,976.7080797185793,216093.8142347415,0.2516229856726042,1239.1513479999999,0.412392746438142,1239.1513479999999,0.25,1.0,0.35338208447264935,0.133,0.867,0.9,0.9,1,0,,results/batch_tradeoff_20260325_235335/scenario_runs/tradeoff_20260326_000053/reference,"[23, 13, 16, 32, 7, 26, 5, 20, 8, 15, 33, (1, 2), (18, 16), (9, 8), (20, 18)]","[23, 13, 16, 32, 7, 26, 5, 20, 8, 15, 33]","[(1, 2), (18, 16), (9, 8), (20, 18)]",scenario_002,20260326,11,4,0.2174824145084496,0.7825175854915504,results/batch_tradeoff_20260325_235335/scenario_runs/tradeoff_20260326_000053
optimized,single_triangle,,single,Single objective: triangle,Pure efficiency objective that minimizes resilience-triangle loss.,triangle,549.8830634199321,549.8830634199321,95614.04562323102,0.28445007097619346,766.6463819999999,0.45873294398622055,766.6463819999999,0.25,1.0,0.3753002323457996,0.133,0.867,0.9,0.9,1,1,results/batch_tradeoff_20260325_235335/scenario_runs/tradeoff_20260326_000053/single_triangle_20260326_000054,results/batch_tradeoff_20260325_235335/scenario_runs/tradeoff_20260326_000053/single_triangle_20260326_000054/best,"[16, 13, 7, 23, 5, 8, 26, 20, 33, 32, 15, (1, 2), (9, 8), (18, 16), (20, 18)]","[16, 13, 7, 23, 5, 8, 26, 20, 33, 32, 15]","[(1, 2), (9, 8), (18, 16), (20, 18)]",scenario_002,20260326,11,4,0.2174824145084496,0.7825175854915504,results/batch_tradeoff_20260325_235335/scenario_runs/tradeoff_20260326_000053
optimized,single_gini_restore,,single,Single objective: gini_restore,Equity objective that reduces restoration-time inequality using Gini.,equity:gini_restore,0.20176988397036077,917.7541328565882,136671.31076657787,0.20176988397036077,1075.5792299999998,0.3352916749020038,1075.5792299999998,0.25,1.0,0.2897458006959965,0.133,0.867,0.9,0.9,1,1,results/batch_tradeoff_20260325_235335/scenario_runs/tradeoff_20260326_000053/single_gini_restore_20260326_000137,results/batch_tradeoff_20260325_235335/scenario_runs/tradeoff_20260326_000053/single_gini_restore_20260326_000137/best,"[23, 13, 8, 32, 7, 33, 5, 20, 16, 15, 26, (18, 16), (1, 2), (9, 8), (20, 18)]","[23, 13, 8, 32, 7, 33, 5, 20, 16, 15, 26]","[(18, 16), (1, 2), (9, 8), (20, 18)]",scenario_002,20260326,11,4,0.2174824145084496,0.7825175854915504,results/batch_tradeoff_20260325_235335/scenario_runs/tradeoff_20260326_000053
optimized,single_maximin_time_avg_cri,,single,Single objective: maximize minimum time-avg CRI,Equity via maximin: improve the worst-served zone by maximizing the minimum time-averaged CRI.,equity:maximin_time_avg_cri_loss,0.47731117006928725,942.4130335978648,225425.2240458638,0.24028382196002274,1338.4735369999999,0.5226888299307128,1338.4735369999999,0.25,1.0,0.375764249140325,0.133,0.867,0.9,0.9,1,0,results/batch_tradeoff_20260325_235335/scenario_runs/tradeoff_20260326_000053/single_maximin_time_avg_cri_20260326_000219,results/batch_tradeoff_20260325_235335/scenario_runs/tradeoff_20260326_000053/single_maximin_time_avg_cri_20260326_000219/best,"[23, 26, 8, 32, 7, 13, 5, 16, 20, 15, 33, (20, 18), (1, 2), (9, 8), (18, 16)]","[23, 26, 8, 32, 7, 13, 5, 16, 20, 15, 33]","[(20, 18), (1, 2), (9, 8), (18, 16)]",scenario_002,20260326,11,4,0.2174824145084496,0.7825175854915504,results/batch_tradeoff_20260325_235335/scenario_runs/tradeoff_20260326_000053
optimized,single_p90_access_restore,,single,Single objective: p90_access_restore,Critical-access objective that shortens the time by which 90% of zones regain access.,critical_access:p90_access_restore,603.4482669999999,557.2148461458136,53435.056446885596,0.24809741042910116,647.0371710999998,0.3883757636175072,603.4482669999999,0.25,1.0,0.37293258997868456,0.133,0.867,0.9,0.9,1,1,results/batch_tradeoff_20260325_235335/scenario_runs/tradeoff_20260326_000053/single_p90_access_restore_20260326_000302,results/batch_tradeoff_20260325_235335/scenario_runs/tradeoff_20260326_000053/single_p90_access_restore_20260326_000302/best,"[15, 7, 13, 16, 33, 8, 5, 23, 32, 26, 20, (18, 16), (20, 18), (9, 8), (1, 2)]","[15, 7, 13, 16, 33, 8, 5, 23, 32, 26, 20]","[(18, 16), (20, 18), (9, 8), (1, 2)]",scenario_002,20260326,11,4,0.2174824145084496,0.7825175854915504,results/batch_tradeoff_20260325_235335/scenario_runs/tradeoff_20260326_000053
optimized,weighted_gini_restore_l050,,weighted_sum,Weighted sum: triangle + 0.5 * equity:gini_restore,Weighted trade-off objective. triangle + 0.5 * equity:gini_restore.,weighted_sum,1.2134488207467804,743.4090723565946,141825.1449857509,0.2276238879180048,992.102445,0.41252248206788905,992.102445,0.25,1.0,0.3164272348238526,0.133,0.867,0.9,0.9,1,0,results/batch_tradeoff_20260325_235335/scenario_runs/tradeoff_20260326_000053/weighted_gini_restore_l050_20260326_000345,results/batch_tradeoff_20260325_235335/scenario_runs/tradeoff_20260326_000053/weighted_gini_restore_l050_20260326_000345/best,"[5, 23, 20, 33, 7, 26, 13, 16, 32, 15, 8, (9, 8), (20, 18), (18, 16), (1, 2)]","[5, 23, 20, 33, 7, 26, 13, 16, 32, 15, 8]","[(9, 8), (20, 18), (18, 16), (1, 2)]",scenario_002,20260326,11,4,0.2174824145084496,0.7825175854915504,results/batch_tradeoff_20260325_235335/scenario_runs/tradeoff_20260326_000053
optimized,guardrail_gini_restore,,guardrail,Guardrail on equity:gini_restore,Triangle minimization with a fairness guardrail. Guardrail on equity:gini_restore.,guardrail,650.2113628420493,650.2113628420493,91685.038456521,0.22507565847555955,836.3691039999999,0.38840244759719156,836.3691039999999,0.25,1.0,0.3065925937865984,0.133,0.867,0.9,0.9,1,0,results/batch_tradeoff_20260325_235335/scenario_runs/tradeoff_20260326_000053/guardrail_gini_restore_20260326_000432,results/batch_tradeoff_20260325_235335/scenario_runs/tradeoff_20260326_000053/guardrail_gini_restore_20260326_000432/best,"[15, 16, 23, 33, 26, 5, 32, 20, 8, 7, 13, (9, 8), (18, 16), (20, 18), (1, 2)]","[15, 16, 23, 33, 26, 5, 32, 20, 8, 7, 13]","[(9, 8), (18, 16), (20, 18), (1, 2)]",scenario_002,20260326,11,4,0.2174824145084496,0.7825175854915504,results/batch_tradeoff_20260325_235335/scenario_runs/tradeoff_20260326_000053
optimized,weighted_maximin_time_avg_cri_l050,,weighted_sum,Weighted sum: triangle + 0.5 * equity:maximin_time_avg_cri_loss,Weighted trade-off objective. triangle + 0.5 * equity:maximin_time_avg_cri_loss.,weighted_sum,1.1285419923831816,612.233859067733,64871.369474597865,0.21121346494380733,721.646088,0.41038552104814446,721.646088,0.25,1.0,0.30797134234124285,0.133,0.867,0.9,0.9,1,1,results/batch_tradeoff_20260325_235335/scenario_runs/tradeoff_20260326_000053/weighted_maximin_time_avg_cri_l050_20260326_000517,results/batch_tradeoff_20260325_235335/scenario_runs/tradeoff_20260326_000053/weighted_maximin_time_avg_cri_l050_20260326_000517/best,"[15, 26, 16, 33, 20, 23, 5, 32, 7, 8, 13, (18, 16), (9, 8), (20, 18), (1, 2)]","[15, 26, 16, 33, 20, 23, 5, 32, 7, 8, 13]","[(18, 16), (9, 8), (20, 18), (1, 2)]",scenario_002,20260326,11,4,0.2174824145084496,0.7825175854915504,results/batch_tradeoff_20260325_235335/scenario_runs/tradeoff_20260326_000053
optimized,baseline_reference,,baseline,Baseline sequence,Baseline repair sequence used as the reference point.,triangle,6856.396198271049,6856.396198271049,4076648.4810717027,0.17300868265054836,6886.591793000001,0.30317246050621643,6886.591793000001,0.125,1.0,0.2953064962991768,0.133,0.867,0.9,0.9,1,0,,results/batch_tradeoff_20260325_235335/scenario_runs/tradeoff_20260326_000559/reference,"[7, 4, 11, 23, 30, 17, 22, 27, 5, (20, 18), (12, 3), (12, 11), (12, 13), (14, 15), (10, 11), (9, 10), (22, 21), (21, 20), (1, 3), (10, 16)]","[7, 4, 11, 23, 30, 17, 22, 27, 5]","[(20, 18), (12, 3), (12, 11), (12, 13), (14, 15), (10, 11), (9, 10), (22, 21), (21, 20), (1, 3), (10, 16)]",scenario_003,20260327,9,11,0.17114069387723527,0.8288593061227647,results/batch_tradeoff_20260325_235335/scenario_runs/tradeoff_20260326_000559
optimized,single_triangle,,single,Single objective: triangle,Pure efficiency objective that minimizes resilience-triangle loss.,triangle,3380.3332440989147,3380.3332440989147,3100045.3584525236,0.2601464794348012,4842.247406,0.2983659858303438,4842.247406,0.125,1.0,0.31791246161355957,0.133,0.867,0.9,0.9,1,1,results/batch_tradeoff_20260325_235335/scenario_runs/tradeoff_20260326_000559/single_triangle_20260326_000600,results/batch_tradeoff_20260325_235335/scenario_runs/tradeoff_20260326_000559/single_triangle_20260326_000600/best,"[7, 11, 17, 23, 5, 30, 4, 27, 22, (12, 3), (9, 10), (1, 3), (10, 16), (22, 21), (14, 15), (20, 18), (21, 20), (10, 11), (12, 11), (12, 13)]","[7, 11, 17, 23, 5, 30, 4, 27, 22]","[(12, 3), (9, 10), (1, 3), (10, 16), (22, 21), (14, 15), (20, 18), (21, 20), (10, 11), (12, 11), (12, 13)]",scenario_003,20260327,9,11,0.17114069387723527,0.8288593061227647,results/batch_tradeoff_20260325_235335/scenario_runs/tradeoff_20260326_000559
optimized,single_gini_restore,,single,Single objective: gini_restore,Equity objective that reduces restoration-time inequality using Gini.,equity:gini_restore,0.13461161869281724,6438.715225854116,4106658.2117424593,0.13461161869281724,7458.6177429,0.3341766069201919,7458.6177429,0.125,1.0,0.2521235017191602,0.133,0.867,0.9,0.9,1,0,results/batch_tradeoff_20260325_235335/scenario_runs/tradeoff_20260326_000559/single_gini_restore_20260326_000656,results/batch_tradeoff_20260325_235335/scenario_runs/tradeoff_20260326_000559/single_gini_restore_20260326_000656/best,"[7, 4, 11, 23, 30, 17, 22, 27, 5, (9, 10), (12, 3), (12, 11), (12, 13), (14, 15), (10, 11), (20, 18), (22, 21), (21, 20), (1, 3), (10, 16)]","[7, 4, 11, 23, 30, 17, 22, 27, 5]","[(9, 10), (12, 3), (12, 11), (12, 13), (14, 15), (10, 11), (20, 18), (22, 21), (21, 20), (1, 3), (10, 16)]",scenario_003,20260327,9,11,0.17114069387723527,0.8288593061227647,results/batch_tradeoff_20260325_235335/scenario_runs/tradeoff_20260326_000559
optimized,single_maximin_time_avg_cri,,single,Single objective: maximize minimum time-avg CRI,Equity via maximin: improve the worst-served zone by maximizing the minimum time-averaged CRI.,equity:maximin_time_avg_cri_loss,0.5381467725772928,7255.360215102571,6947619.812232558,0.24386304303382422,7674.825654999999,0.46185322742270724,7674.825654999999,0.125,1.0,0.4504393098889244,0.133,0.867,0.9,0.9,1,0,results/batch_tradeoff_20260325_235335/scenario_runs/tradeoff_20260326_000559/single_maximin_time_avg_cri_20260326_000756,results/batch_tradeoff_20260325_235335/scenario_runs/tradeoff_20260326_000559/single_maximin_time_avg_cri_20260326_000756/best,"[7, 4, 11, 23, 30, 22, 27, 17, 5, (9, 10), (12, 3), (12, 11), (1, 3), (21, 20), (10, 11), (20, 18), (22, 21), (14, 15), (12, 13), (10, 16)]","[7, 4, 11, 23, 30, 22, 27, 17, 5]","[(9, 10), (12, 3), (12, 11), (1, 3), (21, 20), (10, 11), (20, 18), (22, 21), (14, 15), (12, 13), (10, 16)]",scenario_003,20260327,9,11,0.17114069387723527,0.8288593061227647,results/batch_tradeoff_20260325_235335/scenario_runs/tradeoff_20260326_000559
optimized,single_p90_access_restore,,single,Single objective: p90_access_restore,Critical-access objective that shortens the time by which 90% of zones regain access.,critical_access:p90_access_restore,6741.674724,6753.995193665658,4058853.7402975163,0.15824625464611342,6741.674724,0.31496215935394994,6741.674724,0.125,1.0,0.273190390724969,0.133,0.867,0.9,0.9,1,0,results/batch_tradeoff_20260325_235335/scenario_runs/tradeoff_20260326_000559/single_p90_access_restore_20260326_000852,results/batch_tradeoff_20260325_235335/scenario_runs/tradeoff_20260326_000559/single_p90_access_restore_20260326_000852/best,"[4, 5, 23, 27, 17, 22, 30, 11, 7, (12, 3), (12, 13), (14, 15), (12, 11), (20, 18), (10, 11), (9, 10), (22, 21), (21, 20), (1, 3), (10, 16)]","[4, 5, 23, 27, 17, 22, 30, 11, 7]","[(12, 3), (12, 13), (14, 15), (12, 11), (20, 18), (10, 11), (9, 10), (22, 21), (21, 20), (1, 3), (10, 16)]",scenario_003,20260327,9,11,0.17114069387723527,0.8288593061227647,results/batch_tradeoff_20260325_235335/scenario_runs/tradeoff_20260326_000559
optimized,weighted_gini_restore_l050,,weighted_sum,Weighted sum: triangle + 0.5 * equity:gini_restore,Weighted trade-off objective. triangle + 0.5 * equity:gini_restore.,weighted_sum,1.3281129543355705,6438.715225854116,4106658.2117424593,0.13461161869281724,7458.6177429,0.3341766069201919,7458.6177429,0.125,1.0,0.2521235017191602,0.133,0.867,0.9,0.9,1,0,results/batch_tradeoff_20260325_235335/scenario_runs/tradeoff_20260326_000559/weighted_gini_restore_l050_20260326_000948,results/batch_tradeoff_20260325_235335/scenario_runs/tradeoff_20260326_000559/weighted_gini_restore_l050_20260326_000948/best,"[7, 4, 11, 23, 30, 17, 22, 27, 5, (9, 10), (12, 3), (12, 11), (12, 13), (14, 15), (10, 11), (20, 18), (22, 21), (21, 20), (1, 3), (10, 16)]","[7, 4, 11, 23, 30, 17, 22, 27, 5]","[(9, 10), (12, 3), (12, 11), (12, 13), (14, 15), (10, 11), (20, 18), (22, 21), (21, 20), (1, 3), (10, 16)]",scenario_003,20260327,9,11,0.17114069387723527,0.8288593061227647,results/batch_tradeoff_20260325_235335/scenario_runs/tradeoff_20260326_000559
optimized,guardrail_gini_restore,,guardrail,Guardrail on equity:gini_restore,Triangle minimization with a fairness guardrail. Guardrail on equity:gini_restore.,guardrail,5200.925604087845,5200.925604087845,3760219.582621719,0.13191877640930882,6592.095531000001,0.34866956788719183,6592.095531000001,0.125,1.0,0.2662449807972243,0.133,0.867,0.9,0.9,1,1,results/batch_tradeoff_20260325_235335/scenario_runs/tradeoff_20260326_000559/guardrail_gini_restore_20260326_001039,results/batch_tradeoff_20260325_235335/scenario_runs/tradeoff_20260326_000559/guardrail_gini_restore_20260326_001039/best,"[11, 22, 17, 23, 5, 30, 4, 27, 7, (12, 3), (9, 10), (12, 11), (12, 13), (14, 15), (10, 11), (20, 18), (21, 20), (22, 21), (10, 16), (1, 3)]","[11, 22, 17, 23, 5, 30, 4, 27, 7]","[(12, 3), (9, 10), (12, 11), (12, 13), (14, 15), (10, 11), (20, 18), (21, 20), (22, 21), (10, 16), (1, 3)]",scenario_003,20260327,9,11,0.17114069387723527,0.8288593061227647,results/batch_tradeoff_20260325_235335/scenario_runs/tradeoff_20260326_000559
optimized,weighted_maximin_time_avg_cri_l050,,weighted_sum,Weighted sum: triangle + 0.5 * equity:maximin_time_avg_cri_loss,Weighted trade-off objective. triangle + 0.5 * equity:maximin_time_avg_cri_loss.,weighted_sum,1.035224632876312,4855.730213283335,7796158.049965404,0.2707592884436727,9223.284592699998,0.5442466438655629,10511.912822,0.125,1.0,0.4710077127538733,0.133,0.867,0.9,0.9,1,0,results/batch_tradeoff_20260325_235335/scenario_runs/tradeoff_20260326_000559/weighted_maximin_time_avg_cri_l050_20260326_001135,results/batch_tradeoff_20260325_235335/scenario_runs/tradeoff_20260326_000559/weighted_maximin_time_avg_cri_l050_20260326_001135/best,"[22, 4, 17, 27, 5, 30, 7, 11, 23, (9, 10), (10, 16), (12, 3), (22, 21), (21, 20), (10, 11), (20, 18), (14, 15), (12, 13), (1, 3), (12, 11)]","[22, 4, 17, 27, 5, 30, 7, 11, 23]","[(9, 10), (10, 16), (12, 3), (22, 21), (21, 20), (10, 11), (20, 18), (14, 15), (12, 13), (1, 3), (12, 11)]",scenario_003,20260327,9,11,0.17114069387723527,0.8288593061227647,results/batch_tradeoff_20260325_235335/scenario_runs/tradeoff_20260326_000559
optimized,baseline_reference,,baseline,Baseline sequence,Baseline repair sequence used as the reference point.,triangle,1987.2387412580774,1987.2387412580774,605053.8006605859,0.19441436978761373,2109.493956,0.25575875679584414,2109.493956,0.20833333333333334,1.0,0.2894483497317654,0.133,0.867,0.9,0.9,1,0,,results/batch_tradeoff_20260325_235335/scenario_runs/tradeoff_20260326_001230/reference,"[23, 29, 16, 25, 5, 24, 31, 3, (4, 11), (6, 8), (2, 6), (16, 17), (22, 21), (9, 8), (15, 14)]","[23, 29, 16, 25, 5, 24, 31, 3]","[(4, 11), (6, 8), (2, 6), (16, 17), (22, 21), (9, 8), (15, 14)]",scenario_004,20260328,8,7,0.23061292789362137,0.7693870721063786,results/batch_tradeoff_20260325_235335/scenario_runs/tradeoff_20260326_001230
optimized,single_triangle,,single,Single objective: triangle,Pure efficiency objective that minimizes resilience-triangle loss.,triangle,667.4137157936195,667.4137157936195,81603.24362335149,0.26935734927937793,963.3342132999999,0.538397038960528,963.3342132999999,0.20833333333333334,1.0,0.44536478327662704,0.133,0.867,0.9,0.9,1,1,results/batch_tradeoff_20260325_235335/scenario_runs/tradeoff_20260326_001230/single_triangle_20260326_001230,results/batch_tradeoff_20260325_235335/scenario_runs/tradeoff_20260326_001230/single_triangle_20260326_001230/best,"[16, 5, 3, 29, 23, 25, 24, 31, (4, 11), (6, 8), (2, 6), (15, 14), (16, 17), (9, 8), (22, 21)]","[16, 5, 3, 29, 23, 25, 24, 31]","[(4, 11), (6, 8), (2, 6), (15, 14), (16, 17), (9, 8), (22, 21)]",scenario_004,20260328,8,7,0.23061292789362137,0.7693870721063786,results/batch_tradeoff_20260325_235335/scenario_runs/tradeoff_20260326_001230
optimized,single_gini_restore,,single,Single objective: gini_restore,Equity objective that reduces restoration-time inequality using Gini.,equity:gini_restore,0.1515258168993887,1524.179359134765,238026.77419685153,0.1515258168993887,1508.2958330000001,0.2536678395853376,1508.2958330000001,0.20833333333333334,1.0,0.19085477485702237,0.133,0.867,0.9,0.9,1,1,results/batch_tradeoff_20260325_235335/scenario_runs/tradeoff_20260326_001230/single_gini_restore_20260326_001314,results/batch_tradeoff_20260325_235335/scenario_runs/tradeoff_20260326_001230/single_gini_restore_20260326_001314/best,"[23, 31, 25, 16, 29, 24, 5, 3, (6, 8), (22, 21), (4, 11), (15, 14), (16, 17), (2, 6), (9, 8)]","[23, 31, 25, 16, 29, 24, 5, 3]","[(6, 8), (22, 21), (4, 11), (15, 14), (16, 17), (2, 6), (9, 8)]",scenario_004,20260328,8,7,0.23061292789362137,0.7693870721063786,results/batch_tradeoff_20260325_235335/scenario_runs/tradeoff_20260326_001230
optimized,single_maximin_time_avg_cri,,single,Single objective: maximize minimum time-avg CRI,Equity via maximin: improve the worst-served zone by maximizing the minimum time-averaged CRI.,equity:maximin_time_avg_cri_loss,0.5658766295653098,1539.0807901593266,293907.63806265994,0.216749963749451,1847.122769,0.4341233704346902,1847.122769,0.20833333333333334,1.0,0.36090954723648905,0.133,0.867,0.9,0.9,1,0,results/batch_tradeoff_20260325_235335/scenario_runs/tradeoff_20260326_001230/single_maximin_time_avg_cri_20260326_001357,results/batch_tradeoff_20260325_235335/scenario_runs/tradeoff_20260326_001230/single_maximin_time_avg_cri_20260326_001357/best,"[3, 25, 16, 5, 23, 29, 31, 24, (6, 8), (4, 11), (15, 14), (9, 8), (22, 21), (2, 6), (16, 17)]","[3, 25, 16, 5, 23, 29, 31, 24]","[(6, 8), (4, 11), (15, 14), (9, 8), (22, 21), (2, 6), (16, 17)]",scenario_004,20260328,8,7,0.23061292789362137,0.7693870721063786,results/batch_tradeoff_20260325_235335/scenario_runs/tradeoff_20260326_001230
optimized,single_p90_access_restore,,single,Single objective: p90_access_restore,Critical-access objective that shortens the time by which 90% of zones regain access.,critical_access:p90_access_restore,1021.033173,829.4567576373098,168856.21274365849,0.3231180249774044,1021.033173,0.3861046313337485,1021.033173,0.20833333333333334,1.0,0.35690984392401,0.133,0.867,0.9,0.9,1,0,results/batch_tradeoff_20260325_235335/scenario_runs/tradeoff_20260326_001230/single_p90_access_restore_20260326_001440,results/batch_tradeoff_20260325_235335/scenario_runs/tradeoff_20260326_001230/single_p90_access_restore_20260326_001440/best,"[5, 23, 3, 29, 25, 24, 31, 16, (2, 6), (9, 8), (15, 14), (16, 17), (6, 8), (22, 21), (4, 11)]","[5, 23, 3, 29, 25, 24, 31, 16]","[(2, 6), (9, 8), (15, 14), (16, 17), (6, 8), (22, 21), (4, 11)]",scenario_004,20260328,8,7,0.23061292789362137,0.7693870721063786,results/batch_tradeoff_20260325_235335/scenario_runs/tradeoff_20260326_001230
optimized,weighted_gini_restore_l050,,weighted_sum,Weighted sum: triangle + 0.5 * equity:gini_restore,Weighted trade-off objective. triangle + 0.5 * equity:gini_restore.,weighted_sum,0.953453209994254,1080.8082929718164,129813.74992886155,0.15925600952880425,1165.539833,0.3855708219110272,1165.539833,0.20833333333333334,1.0,0.3492218274058785,0.133,0.867,0.9,0.9,1,1,results/batch_tradeoff_20260325_235335/scenario_runs/tradeoff_20260326_001230/weighted_gini_restore_l050_20260326_001521,results/batch_tradeoff_20260325_235335/scenario_runs/tradeoff_20260326_001230/weighted_gini_restore_l050_20260326_001521/best,"[29, 5, 3, 25, 23, 24, 31, 16, (4, 11), (6, 8), (22, 21), (2, 6), (15, 14), (9, 8), (16, 17)]","[29, 5, 3, 25, 23, 24, 31, 16]","[(4, 11), (6, 8), (22, 21), (2, 6), (15, 14), (9, 8), (16, 17)]",scenario_004,20260328,8,7,0.23061292789362137,0.7693870721063786,results/batch_tradeoff_20260325_235335/scenario_runs/tradeoff_20260326_001230
optimized,guardrail_gini_restore,,guardrail,Guardrail on equity:gini_restore,Triangle minimization with a fairness guardrail. Guardrail on equity:gini_restore.,guardrail,848.3982744643229,848.3982744643229,110925.00812486558,0.17940572157772405,1041.8717580000002,0.31872004313523555,1041.8717580000002,0.20833333333333334,1.0,0.24430340718894253,0.133,0.867,0.9,0.9,1,1,results/batch_tradeoff_20260325_235335/scenario_runs/tradeoff_20260326_001230/guardrail_gini_restore_20260326_001603,results/batch_tradeoff_20260325_235335/scenario_runs/tradeoff_20260326_001230/guardrail_gini_restore_20260326_001603/best,"[24, 5, 29, 3, 25, 23, 31, 16, (4, 11), (6, 8), (15, 14), (16, 17), (9, 8), (22, 21), (2, 6)]","[24, 5, 29, 3, 25, 23, 31, 16]","[(4, 11), (6, 8), (15, 14), (16, 17), (9, 8), (22, 21), (2, 6)]",scenario_004,20260328,8,7,0.23061292789362137,0.7693870721063786,results/batch_tradeoff_20260325_235335/scenario_runs/tradeoff_20260326_001230
optimized,weighted_maximin_time_avg_cri_l050,,weighted_sum,Weighted sum: triangle + 0.5 * equity:maximin_time_avg_cri_loss,Weighted trade-off objective. triangle + 0.5 * equity:maximin_time_avg_cri_loss.,weighted_sum,0.7095256577750626,857.9753882102259,92906.08327701422,0.2548082041650155,1031.7583393999998,0.586524609137921,1031.7583393999998,0.20833333333333334,1.0,0.4949192519652551,0.133,0.867,0.9,0.9,1,0,results/batch_tradeoff_20260325_235335/scenario_runs/tradeoff_20260326_001230/weighted_maximin_time_avg_cri_l050_20260326_001647,results/batch_tradeoff_20260325_235335/scenario_runs/tradeoff_20260326_001230/weighted_maximin_time_avg_cri_l050_20260326_001647/best,"[16, 25, 23, 24, 5, 3, 29, 31, (15, 14), (2, 6), (6, 8), (22, 21), (4, 11), (9, 8), (16, 17)]","[16, 25, 23, 24, 5, 3, 29, 31]","[(15, 14), (2, 6), (6, 8), (22, 21), (4, 11), (9, 8), (16, 17)]",scenario_004,20260328,8,7,0.23061292789362137,0.7693870721063786,results/batch_tradeoff_20260325_235335/scenario_runs/tradeoff_20260326_001230
optimized,baseline_reference,,baseline,Baseline sequence,Baseline repair sequence used as the reference point.,triangle,10759.055461412758,10759.055461412758,6892347.744956221,0.15891317234845115,9157.035877,0.3174198324442713,9157.035877,0.16666666666666666,1.0,0.3098121174843747,0.133,0.867,0.9,0.9,1,0,,results/batch_tradeoff_20260325_235335/scenario_runs/tradeoff_20260326_001730/reference,"[18, 28, 23, 26, 14, 8, 31, 9, 30, 29, 1, 16, 11, 25, 15, (22, 20), (15, 10), (18, 16), (23, 14), (10, 16), (13, 12), (3, 12), (19, 17), (14, 11), (24, 23), (10, 17), (24, 13), (1, 2)]","[18, 28, 23, 26, 14, 8, 31, 9, 30, 29, 1, 16, 11, 25, 15]","[(22, 20), (15, 10), (18, 16), (23, 14), (10, 16), (13, 12), (3, 12), (19, 17), (14, 11), (24, 23), (10, 17), (24, 13), (1, 2)]",scenario_005,20260329,15,13,0.27561846499918674,0.7243815350008133,results/batch_tradeoff_20260325_235335/scenario_runs/tradeoff_20260326_001730
optimized,single_triangle,,single,Single objective: triangle,Pure efficiency objective that minimizes resilience-triangle loss.,triangle,5853.087027581515,5853.087027581515,5430339.482760613,0.23506080672304197,8613.844305999999,0.44817731334491584,8613.844305999999,0.16666666666666666,1.0,0.5387341610655254,0.133,0.867,0.9,0.9,1,1,results/batch_tradeoff_20260325_235335/scenario_runs/tradeoff_20260326_001730/single_triangle_20260326_001731,results/batch_tradeoff_20260325_235335/scenario_runs/tradeoff_20260326_001730/single_triangle_20260326_001731/best,"[15, 31, 23, 25, 14, 9, 28, 29, 8, 30, 26, 11, 16, 1, 18, (3, 12), (24, 13), (18, 16), (10, 16), (14, 11), (23, 14), (22, 20), (15, 10), (19, 17), (10, 17), (13, 12), (24, 23), (1, 2)]","[15, 31, 23, 25, 14, 9, 28, 29, 8, 30, 26, 11, 16, 1, 18]","[(3, 12), (24, 13), (18, 16), (10, 16), (14, 11), (23, 14), (22, 20), (15, 10), (19, 17), (10, 17), (13, 12), (24, 23), (1, 2)]",scenario_005,20260329,15,13,0.27561846499918674,0.7243815350008133,results/batch_tradeoff_20260325_235335/scenario_runs/tradeoff_20260326_001730
optimized,single_gini_restore,,single,Single objective: gini_restore,Equity objective that reduces restoration-time inequality using Gini.,equity:gini_restore,0.0967546590842907,16790.18665692148,12498289.675347218,0.0967546590842907,12940.161612,0.07147979804635578,12940.161612,0.16666666666666666,1.0,0.18754840095397923,0.133,0.867,0.9,0.9,1,1,results/batch_tradeoff_20260325_235335/scenario_runs/tradeoff_20260326_001730/single_gini_restore_20260326_001851,results/batch_tradeoff_20260325_235335/scenario_runs/tradeoff_20260326_001730/single_gini_restore_20260326_001851/best,"[9, 16, 15, 25, 28, 26, 8, 23, 31, 18, 30, 14, 29, 11, 1, (22, 20), (10, 17), (15, 10), (13, 12), (23, 14), (18, 16), (1, 2), (14, 11), (19, 17), (24, 13), (24, 23), (10, 16), (3, 12)]","[9, 16, 15, 25, 28, 26, 8, 23, 31, 18, 30, 14, 29, 11, 1]","[(22, 20), (10, 17), (15, 10), (13, 12), (23, 14), (18, 16), (1, 2), (14, 11), (19, 17), (24, 13), (24, 23), (10, 16), (3, 12)]",scenario_005,20260329,15,13,0.27561846499918674,0.7243815350008133,results/batch_tradeoff_20260325_235335/scenario_runs/tradeoff_20260326_001730
optimized,single_maximin_time_avg_cri,,single,Single objective: maximize minimum time-avg CRI,Equity via maximin: improve the worst-served zone by maximizing the minimum time-averaged CRI.,equity:maximin_time_avg_cri_loss,0.43022609765704334,8358.470520481646,5253402.639197487,0.21378963534028395,7299.595896499998,0.5697739023429567,7775.8748264,0.16666666666666666,1.0,0.5494045572332009,0.133,0.867,0.9,0.9,1,0,results/batch_tradeoff_20260325_235335/scenario_runs/tradeoff_20260326_001730/single_maximin_time_avg_cri_20260326_002007,results/batch_tradeoff_20260325_235335/scenario_runs/tradeoff_20260326_001730/single_maximin_time_avg_cri_20260326_002007/best,"[18, 28, 25, 9, 14, 30, 11, 15, 8, 16, 1, 26, 31, 23, 29, (10, 17), (22, 20), (24, 13), (19, 17), (24, 23), (3, 12), (23, 14), (14, 11), (10, 16), (1, 2), (15, 10), (18, 16), (13, 12)]","[18, 28, 25, 9, 14, 30, 11, 15, 8, 16, 1, 26, 31, 23, 29]","[(10, 17), (22, 20), (24, 13), (19, 17), (24, 23), (3, 12), (23, 14), (14, 11), (10, 16), (1, 2), (15, 10), (18, 16), (13, 12)]",scenario_005,20260329,15,13,0.27561846499918674,0.7243815350008133,results/batch_tradeoff_20260325_235335/scenario_runs/tradeoff_20260326_001730
optimized,single_p90_access_restore,,single,Single objective: p90_access_restore,Critical-access objective that shortens the time by which 90% of zones regain access.,critical_access:p90_access_restore,6644.650728599999,6835.513141796517,3067815.3625325114,0.17044060578592402,6582.909864799999,0.3814086391944941,6644.650728599999,0.16666666666666666,1.0,0.40978370592515956,0.133,0.867,0.9,0.9,1,1,results/batch_tradeoff_20260325_235335/scenario_runs/tradeoff_20260326_001730/single_p90_access_restore_20260326_002128,results/batch_tradeoff_20260325_235335/scenario_runs/tradeoff_20260326_001730/single_p90_access_restore_20260326_002128/best,"[11, 29, 28, 30, 25, 14, 9, 8, 23, 31, 18, 26, 15, 16, 1, (15, 10), (3, 12), (10, 16), (1, 2), (23, 14), (14, 11), (18, 16), (22, 20), (13, 12), (24, 13), (19, 17), (24, 23), (10, 17)]","[11, 29, 28, 30, 25, 14, 9, 8, 23, 31, 18, 26, 15, 16, 1]","[(15, 10), (3, 12), (10, 16), (1, 2), (23, 14), (14, 11), (18, 16), (22, 20), (13, 12), (24, 13), (19, 17), (24, 23), (10, 17)]",scenario_005,20260329,15,13,0.27561846499918674,0.7243815350008133,results/batch_tradeoff_20260325_235335/scenario_runs/tradeoff_20260326_001730
optimized,weighted_gini_restore_l050,,weighted_sum,Weighted sum: triangle + 0.5 * equity:gini_restore,Weighted trade-off objective. triangle + 0.5 * equity:gini_restore.,weighted_sum,1.2260871243258968,7899.043660804711,4169502.9648323096,0.15634221535289505,7109.475947000001,0.27576863689497394,7109.475947000001,0.16666666666666666,1.0,0.23899613894424784,0.133,0.867,0.9,0.9,1,1,results/batch_tradeoff_20260325_235335/scenario_runs/tradeoff_20260326_001730/weighted_gini_restore_l050_20260326_002249,results/batch_tradeoff_20260325_235335/scenario_runs/tradeoff_20260326_001730/weighted_gini_restore_l050_20260326_002249/best,"[16, 25, 14, 31, 11, 26, 8, 29, 9, 15, 1, 18, 23, 30, 28, (24, 23), (19, 17), (23, 14), (13, 12), (24, 13), (10, 17), (3, 12), (14, 11), (15, 10), (10, 16), (1, 2), (22, 20), (18, 16)]","[16, 25, 14, 31, 11, 26, 8, 29, 9, 15, 1, 18, 23, 30, 28]","[(24, 23), (19, 17), (23, 14), (13, 12), (24, 13), (10, 17), (3, 12), (14, 11), (15, 10), (10, 16), (1, 2), (22, 20), (18, 16)]",scenario_005,20260329,15,13,0.27561846499918674,0.7243815350008133,results/batch_tradeoff_20260325_235335/scenario_runs/tradeoff_20260326_001730
optimized,guardrail_gini_restore,,guardrail,Guardrail on equity:gini_restore,Triangle minimization with a fairness guardrail. Guardrail on equity:gini_restore.,guardrail,8630.001435698203,8630.001435698203,5320798.629572387,0.1261802137295034,7651.153378000001,0.2579661053051157,7651.153378000001,0.16666666666666666,1.0,0.2790620192764267,0.133,0.867,0.9,0.9,1,1,results/batch_tradeoff_20260325_235335/scenario_runs/tradeoff_20260326_001730/guardrail_gini_restore_20260326_002411,results/batch_tradeoff_20260325_235335/scenario_runs/tradeoff_20260326_001730/guardrail_gini_restore_20260326_002411/best,"[11, 26, 23, 28, 9, 8, 31, 29, 14, 30, 25, 16, 18, 1, 15, (1, 2), (3, 12), (18, 16), (24, 13), (15, 10), (19, 17), (22, 20), (14, 11), (23, 14), (24, 23), (10, 16), (13, 12), (10, 17)]","[11, 26, 23, 28, 9, 8, 31, 29, 14, 30, 25, 16, 18, 1, 15]","[(1, 2), (3, 12), (18, 16), (24, 13), (15, 10), (19, 17), (22, 20), (14, 11), (23, 14), (24, 23), (10, 16), (13, 12), (10, 17)]",scenario_005,20260329,15,13,0.27561846499918674,0.7243815350008133,results/batch_tradeoff_20260325_235335/scenario_runs/tradeoff_20260326_001730
optimized,weighted_maximin_time_avg_cri_l050,,weighted_sum,Weighted sum: triangle + 0.5 * equity:maximin_time_avg_cri_loss,Weighted trade-off objective. triangle + 0.5 * equity:maximin_time_avg_cri_loss.,weighted_sum,1.5,10759.055461412758,6892347.744956221,0.15891317234845115,9157.035877,0.3174198324442713,9157.035877,0.16666666666666666,1.0,0.3098121174843747,0.133,0.867,0.9,0.9,1,0,results/batch_tradeoff_20260325_235335/scenario_runs/tradeoff_20260326_001730/weighted_maximin_time_avg_cri_l050_20260326_002533,results/batch_tradeoff_20260325_235335/scenario_runs/tradeoff_20260326_001730/weighted_maximin_time_avg_cri_l050_20260326_002533/best,"[18, 28, 23, 26, 14, 8, 31, 9, 30, 29, 1, 16, 11, 25, 15, (22, 20), (15, 10), (18, 16), (23, 14), (10, 16), (13, 12), (3, 12), (19, 17), (14, 11), (24, 23), (10, 17), (24, 13), (1, 2)]","[18, 28, 23, 26, 14, 8, 31, 9, 30, 29, 1, 16, 11, 25, 15]","[(22, 20), (15, 10), (18, 16), (23, 14), (10, 16), (13, 12), (3, 12), (19, 17), (14, 11), (24, 23), (10, 17), (24, 13), (1, 2)]",scenario_005,20260329,15,13,0.27561846499918674,0.7243815350008133,results/batch_tradeoff_20260325_235335/scenario_runs/tradeoff_20260326_001730
optimized,baseline_reference,,baseline,Baseline sequence,Baseline repair sequence used as the reference point.,triangle,2299.7061873934035,2299.7061873934035,430305.5064039787,0.1219096850255299,2147.019335,0.20830683604428216,2147.019335,0.16666666666666666,1.0,0.20061551960906718,0.133,0.867,0.9,0.9,1,1,,results/batch_tradeoff_20260325_235335/scenario_runs/tradeoff_20260326_002655/reference,"[14, 26, 12, 25, 17, 8, 30, 32, 33, 2, (6, 5), (16, 18), (15, 10), (18, 20), (15, 22), (6, 2), (10, 15)]","[14, 26, 12, 25, 17, 8, 30, 32, 33, 2]","[(6, 5), (16, 18), (15, 10), (18, 20), (15, 22), (6, 2), (10, 15)]",scenario_006,20260330,10,7,0.24743326934318624,0.7525667306568138,results/batch_tradeoff_20260325_235335/scenario_runs/tradeoff_20260326_002655
optimized,single_triangle,,single,Single objective: triangle,Pure efficiency objective that minimizes resilience-triangle loss.,triangle,661.8418207418855,661.8418207418855,214662.28946317817,0.2829819585894344,1180.438531,0.6383052022949017,1180.438531,0.16666666666666666,1.0,0.5906349500591564,0.133,0.867,0.9,0.9,1,0,results/batch_tradeoff_20260325_235335/scenario_runs/tradeoff_20260326_002655/single_triangle_20260326_002655,results/batch_tradeoff_20260325_235335/scenario_runs/tradeoff_20260326_002655/single_triangle_20260326_002655/best,"[2, 25, 14, 12, 26, 8, 30, 17, 33, 32, (15, 10), (10, 15), (16, 18), (18, 20), (6, 2), (15, 22), (6, 5)]","[2, 25, 14, 12, 26, 8, 30, 17, 33, 32]","[(15, 10), (10, 15), (16, 18), (18, 20), (6, 2), (15, 22), (6, 5)]",scenario_006,20260330,10,7,0.24743326934318624,0.7525667306568138,results/batch_tradeoff_20260325_235335/scenario_runs/tradeoff_20260326_002655
optimized,single_gini_restore,,single,Single objective: gini_restore,Equity objective that reduces restoration-time inequality using Gini.,equity:gini_restore,0.1219096850255299,2299.7061873934035,430305.5064039787,0.1219096850255299,2147.019335,0.20830683604428216,2147.019335,0.16666666666666666,1.0,0.20061551960906718,0.133,0.867,0.9,0.9,1,1,results/batch_tradeoff_20260325_235335/scenario_runs/tradeoff_20260326_002655/single_gini_restore_20260326_002741,results/batch_tradeoff_20260325_235335/scenario_runs/tradeoff_20260326_002655/single_gini_restore_20260326_002741/best,"[14, 26, 12, 25, 17, 8, 30, 32, 33, 2, (6, 5), (16, 18), (15, 10), (18, 20), (15, 22), (6, 2), (10, 15)]","[14, 26, 12, 25, 17, 8, 30, 32, 33, 2]","[(6, 5), (16, 18), (15, 10), (18, 20), (15, 22), (6, 2), (10, 15)]",scenario_006,20260330,10,7,0.24743326934318624,0.7525667306568138,results/batch_tradeoff_20260325_235335/scenario_runs/tradeoff_20260326_002655
optimized,single_maximin_time_avg_cri,,single,Single objective: maximize minimum time-avg CRI,Equity via maximin: improve the worst-served zone by maximizing the minimum time-averaged CRI.,equity:maximin_time_avg_cri_loss,0.4198629793424675,2367.646487214655,1939552.4525560234,0.3337160456649846,3679.7841960000005,0.5801370206575325,3679.7841960000005,0.16666666666666666,1.0,0.39825737992362786,0.133,0.867,0.9,0.9,1,0,results/batch_tradeoff_20260325_235335/scenario_runs/tradeoff_20260326_002655/single_maximin_time_avg_cri_20260326_002833,results/batch_tradeoff_20260325_235335/scenario_runs/tradeoff_20260326_002655/single_maximin_time_avg_cri_20260326_002833/best,"[17, 8, 2, 33, 14, 30, 12, 32, 25, 26, (15, 10), (10, 15), (6, 5), (18, 20), (6, 2), (15, 22), (16, 18)]","[17, 8, 2, 33, 14, 30, 12, 32, 25, 26]","[(15, 10), (10, 15), (6, 5), (18, 20), (6, 2), (15, 22), (16, 18)]",scenario_006,20260330,10,7,0.24743326934318624,0.7525667306568138,results/batch_tradeoff_20260325_235335/scenario_runs/tradeoff_20260326_002655
optimized,single_p90_access_restore,,single,Single objective: p90_access_restore,Critical-access objective that shortens the time by which 90% of zones regain access.,critical_access:p90_access_restore,888.2066239999999,632.6918734956275,101029.09288296185,0.2215183579858937,917.5844787999999,0.4151356934554648,888.2066239999999,0.16666666666666666,1.0,0.3020719804067662,0.133,0.867,0.9,0.9,1,1,results/batch_tradeoff_20260325_235335/scenario_runs/tradeoff_20260326_002655/single_p90_access_restore_20260326_002921,results/batch_tradeoff_20260325_235335/scenario_runs/tradeoff_20260326_002655/single_p90_access_restore_20260326_002921/best,"[25, 14, 12, 2, 17, 8, 26, 33, 30, 32, (15, 10), (10, 15), (16, 18), (6, 5), (6, 2), (18, 20), (15, 22)]","[25, 14, 12, 2, 17, 8, 26, 33, 30, 32]","[(15, 10), (10, 15), (16, 18), (6, 5), (6, 2), (18, 20), (15, 22)]",scenario_006,20260330,10,7,0.24743326934318624,0.7525667306568138,results/batch_tradeoff_20260325_235335/scenario_runs/tradeoff_20260326_002655
optimized,weighted_gini_restore_l050,,weighted_sum,Weighted sum: triangle + 0.5 * equity:gini_restore,Weighted trade-off objective. triangle + 0.5 * equity:gini_restore.,weighted_sum,1.493692970682428,1776.4182893619225,546397.6228628651,0.17585192058006194,2226.847542,0.3963449832933023,2226.847542,0.16666666666666666,1.0,0.20744035850943465,0.133,0.867,0.9,0.9,1,1,results/batch_tradeoff_20260325_235335/scenario_runs/tradeoff_20260326_002655/weighted_gini_restore_l050_20260326_003008,results/batch_tradeoff_20260325_235335/scenario_runs/tradeoff_20260326_002655/weighted_gini_restore_l050_20260326_003008/best,"[25, 2, 33, 32, 30, 17, 12, 8, 26, 14, (15, 10), (10, 15), (6, 5), (18, 20), (15, 22), (16, 18), (6, 2)]","[25, 2, 33, 32, 30, 17, 12, 8, 26, 14]","[(15, 10), (10, 15), (6, 5), (18, 20), (15, 22), (16, 18), (6, 2)]",scenario_006,20260330,10,7,0.24743326934318624,0.7525667306568138,results/batch_tradeoff_20260325_235335/scenario_runs/tradeoff_20260326_002655
optimized,guardrail_gini_restore,,guardrail,Guardrail on equity:gini_restore,Triangle minimization with a fairness guardrail. Guardrail on equity:gini_restore.,guardrail,2417.0005506414223,2417.0005506414223,376706.5158317832,0.11090736134255907,2198.294873,0.10990206726236451,2198.294873,0.16666666666666666,1.0,0.2163568523646676,0.133,0.867,0.9,0.9,1,1,results/batch_tradeoff_20260325_235335/scenario_runs/tradeoff_20260326_002655/guardrail_gini_restore_20260326_003100,results/batch_tradeoff_20260325_235335/scenario_runs/tradeoff_20260326_002655/guardrail_gini_restore_20260326_003100/best,"[14, 12, 25, 32, 33, 17, 30, 26, 8, 2, (15, 22), (18, 20), (15, 10), (16, 18), (10, 15), (6, 2), (6, 5)]","[14, 12, 25, 32, 33, 17, 30, 26, 8, 2]","[(15, 22), (18, 20), (15, 10), (16, 18), (10, 15), (6, 2), (6, 5)]",scenario_006,20260330,10,7,0.24743326934318624,0.7525667306568138,results/batch_tradeoff_20260325_235335/scenario_runs/tradeoff_20260326_002655
optimized,weighted_maximin_time_avg_cri_l050,,weighted_sum,Weighted sum: triangle + 0.5 * equity:maximin_time_avg_cri_loss,Weighted trade-off objective. triangle + 0.5 * equity:maximin_time_avg_cri_loss.,weighted_sum,1.072818556934506,1752.5970662078373,1189043.3426719229,0.3036884599003018,2751.18039,0.5080062752476577,2751.18039,0.16666666666666666,1.0,0.3446526960257473,0.133,0.867,0.9,0.9,1,0,results/batch_tradeoff_20260325_235335/scenario_runs/tradeoff_20260326_002655/weighted_maximin_time_avg_cri_l050_20260326_003150,results/batch_tradeoff_20260325_235335/scenario_runs/tradeoff_20260326_002655/weighted_maximin_time_avg_cri_l050_20260326_003150/best,"[14, 2, 17, 25, 26, 32, 30, 12, 8, 33, (6, 5), (16, 18), (15, 10), (10, 15), (18, 20), (6, 2), (15, 22)]","[14, 2, 17, 25, 26, 32, 30, 12, 8, 33]","[(6, 5), (16, 18), (15, 10), (10, 15), (18, 20), (6, 2), (15, 22)]",scenario_006,20260330,10,7,0.24743326934318624,0.7525667306568138,results/batch_tradeoff_20260325_235335/scenario_runs/tradeoff_20260326_002655
optimized,baseline_reference,,baseline,Baseline sequence,Baseline repair sequence used as the reference point.,triangle,2862.481255774086,2862.481255774086,411587.86216152087,0.12692793766959065,2721.6325640000005,0.271224837538478,2721.6325640000005,0.2916666666666667,1.0,0.32440006386671577,0.133,0.867,0.9,0.9,1,0,,results/batch_tradeoff_20260325_235335/scenario_runs/tradeoff_20260326_003242/reference,"[15, 17, 5, 12, 14, 29, 1, 30, 33, 22, 20, 28, 18, 3, 31, (22, 21), (5, 6), (11, 10)]","[15, 17, 5, 12, 14, 29, 1, 30, 33, 22, 20, 28, 18, 3, 31]","[(22, 21), (5, 6), (11, 10)]",scenario_007,20260331,15,3,0.2250375179616775,0.7749624820383225,results/batch_tradeoff_20260325_235335/scenario_runs/tradeoff_20260326_003242
optimized,single_triangle,,single,Single objective: triangle,Pure efficiency objective that minimizes resilience-triangle loss.,triangle,1034.399741213792,1034.399741213792,147013.90191494863,0.17671087788395035,1287.9640140000001,0.4435685447480518,1287.9640140000001,0.2916666666666667,1.0,0.3150126211846682,0.133,0.867,0.9,0.9,1,0,results/batch_tradeoff_20260325_235335/scenario_runs/tradeoff_20260326_003242/single_triangle_20260326_003242,results/batch_tradeoff_20260325_235335/scenario_runs/tradeoff_20260326_003242/single_triangle_20260326_003242/best,"[12, 1, 3, 33, 29, 5, 20, 30, 18, 22, 28, 14, 17, 15, 31, (11, 10), (5, 6), (22, 21)]","[12, 1, 3, 33, 29, 5, 20, 30, 18, 22, 28, 14, 17, 15, 31]","[(11, 10), (5, 6), (22, 21)]",scenario_007,20260331,15,3,0.2250375179616775,0.7749624820383225,results/batch_tradeoff_20260325_235335/scenario_runs/tradeoff_20260326_003242
optimized,single_gini_restore,,single,Single objective: gini_restore,Equity objective that reduces restoration-time inequality using Gini.,equity:gini_restore,0.064941010176087,3265.885105570609,286979.3609483385,0.064941010176087,2859.06752,0.22115647462503651,2859.06752,0.2916666666666667,1.0,0.2968742464034801,0.133,0.867,0.9,0.9,1,1,results/batch_tradeoff_20260325_235335/scenario_runs/tradeoff_20260326_003242/single_gini_restore_20260326_003331,results/batch_tradeoff_20260325_235335/scenario_runs/tradeoff_20260326_003242/single_gini_restore_20260326_003331/best,"[15, 18, 12, 22, 14, 20, 31, 30, 1, 28, 33, 29, 3, 5, 17, (11, 10), (22, 21), (5, 6)]","[15, 18, 12, 22, 14, 20, 31, 30, 1, 28, 33, 29, 3, 5, 17]","[(11, 10), (22, 21), (5, 6)]",scenario_007,20260331,15,3,0.2250375179616775,0.7749624820383225,results/batch_tradeoff_20260325_235335/scenario_runs/tradeoff_20260326_003242
optimized,single_maximin_time_avg_cri,,single,Single objective: maximize minimum time-avg CRI,Equity via maximin: improve the worst-served zone by maximizing the minimum time-averaged CRI.,equity:maximin_time_avg_cri_loss,0.5539251754118262,2619.444677407365,636824.0898428678,0.14474537829226475,2914.380165,0.44607482458817377,2914.380165,0.2916666666666667,1.0,0.3272660608635228,0.133,0.867,0.9,0.9,1,0,results/batch_tradeoff_20260325_235335/scenario_runs/tradeoff_20260326_003242/single_maximin_time_avg_cri_20260326_003420,results/batch_tradeoff_20260325_235335/scenario_runs/tradeoff_20260326_003242/single_maximin_time_avg_cri_20260326_003420/best,"[5, 1, 3, 29, 14, 22, 15, 28, 18, 31, 12, 30, 33, 20, 17, (5, 6), (11, 10), (22, 21)]","[5, 1, 3, 29, 14, 22, 15, 28, 18, 31, 12, 30, 33, 20, 17]","[(5, 6), (11, 10), (22, 21)]",scenario_007,20260331,15,3,0.2250375179616775,0.7749624820383225,results/batch_tradeoff_20260325_235335/scenario_runs/tradeoff_20260326_003242
optimized,single_p90_access_restore,,single,Single objective: p90_access_restore,Critical-access objective that shortens the time by which 90% of zones regain access.,critical_access:p90_access_restore,975.3172939999998,1061.7035851851338,46154.869688745006,0.10791118818653445,975.3172939999998,0.24560733407796484,975.3172939999998,0.2916666666666667,1.0,0.31822147921433247,0.133,0.867,0.9,0.9,1,0,results/batch_tradeoff_20260325_235335/scenario_runs/tradeoff_20260326_003242/single_p90_access_restore_20260326_003513,results/batch_tradeoff_20260325_235335/scenario_runs/tradeoff_20260326_003242/single_p90_access_restore_20260326_003513/best,"[12, 1, 15, 31, 14, 22, 29, 33, 28, 18, 3, 5, 20, 17, 30, (5, 6), (22, 21), (11, 10)]","[12, 1, 15, 31, 14, 22, 29, 33, 28, 18, 3, 5, 20, 17, 30]","[(5, 6), (22, 21), (11, 10)]",scenario_007,20260331,15,3,0.2250375179616775,0.7749624820383225,results/batch_tradeoff_20260325_235335/scenario_runs/tradeoff_20260326_003242
optimized,weighted_gini_restore_l050,,weighted_sum,Weighted sum: triangle + 0.5 * equity:gini_restore,Weighted trade-off objective. triangle + 0.5 * equity:gini_restore.,weighted_sum,1.1362445908725556,2091.7853536291195,175333.9719259915,0.10293477424125141,1942.1430070000001,0.33626651233253135,1942.1430070000001,0.2916666666666667,1.0,0.29590067671142756,0.133,0.867,0.9,0.9,1,0,results/batch_tradeoff_20260325_235335/scenario_runs/tradeoff_20260326_003242/weighted_gini_restore_l050_20260326_003604,results/batch_tradeoff_20260325_235335/scenario_runs/tradeoff_20260326_003242/weighted_gini_restore_l050_20260326_003604/best,"[28, 1, 22, 18, 30, 29, 33, 3, 14, 5, 20, 17, 12, 15, 31, (11, 10), (22, 21), (5, 6)]","[28, 1, 22, 18, 30, 29, 33, 3, 14, 5, 20, 17, 12, 15, 31]","[(11, 10), (22, 21), (5, 6)]",scenario_007,20260331,15,3,0.2250375179616775,0.7749624820383225,results/batch_tradeoff_20260325_235335/scenario_runs/tradeoff_20260326_003242
optimized,guardrail_gini_restore,,guardrail,Guardrail on equity:gini_restore,Triangle minimization with a fairness guardrail. Guardrail on equity:gini_restore.,guardrail,970.0030540574119,970.0030540574119,41672.100493272774,0.09985131095544508,911.9042600000001,0.23764688246695012,911.9042600000001,0.2916666666666667,1.0,0.3058992860537063,0.133,0.867,0.9,0.9,1,1,results/batch_tradeoff_20260325_235335/scenario_runs/tradeoff_20260326_003242/guardrail_gini_restore_20260326_003657,results/batch_tradeoff_20260325_235335/scenario_runs/tradeoff_20260326_003242/guardrail_gini_restore_20260326_003657/best,"[15, 12, 31, 33, 14, 1, 29, 3, 18, 22, 30, 20, 5, 28, 17, (11, 10), (5, 6), (22, 21)]","[15, 12, 31, 33, 14, 1, 29, 3, 18, 22, 30, 20, 5, 28, 17]","[(11, 10), (5, 6), (22, 21)]",scenario_007,20260331,15,3,0.2250375179616775,0.7749624820383225,results/batch_tradeoff_20260325_235335/scenario_runs/tradeoff_20260326_003242
optimized,weighted_maximin_time_avg_cri_l050,,weighted_sum,Weighted sum: triangle + 0.5 * equity:maximin_time_avg_cri_loss,Weighted trade-off objective. triangle + 0.5 * equity:maximin_time_avg_cri_loss.,weighted_sum,1.0266455587717696,1794.1671973599903,459279.97404034383,0.1916387019134238,2184.417057,0.41718661763550907,2184.417057,0.2916666666666667,1.0,0.3185770687172399,0.133,0.867,0.9,0.9,1,0,results/batch_tradeoff_20260325_235335/scenario_runs/tradeoff_20260326_003242/weighted_maximin_time_avg_cri_l050_20260326_003746,results/batch_tradeoff_20260325_235335/scenario_runs/tradeoff_20260326_003242/weighted_maximin_time_avg_cri_l050_20260326_003746/best,"[5, 29, 17, 3, 1, 14, 18, 20, 30, 22, 31, 12, 15, 28, 33, (11, 10), (22, 21), (5, 6)]","[5, 29, 17, 3, 1, 14, 18, 20, 30, 22, 31, 12, 15, 28, 33]","[(11, 10), (22, 21), (5, 6)]",scenario_007,20260331,15,3,0.2250375179616775,0.7749624820383225,results/batch_tradeoff_20260325_235335/scenario_runs/tradeoff_20260326_003242
optimized,baseline_reference,,baseline,Baseline sequence,Baseline repair sequence used as the reference point.,triangle,1415.2045347606206,1415.2045347606206,647166.4868619434,0.2863789846928835,1964.783512,0.5702119431034912,1851.721296,0.3333333333333333,1.0,0.3723089800304337,0.133,0.867,0.9,0.9,1,0,,results/batch_tradeoff_20260325_235335/scenario_runs/tradeoff_20260326_003839/reference,"[24, 13, 15, 12, 23, 26, 28, 31, 18, 10, 25, 22, (8, 7), (16, 8), (10, 11)]","[24, 13, 15, 12, 23, 26, 28, 31, 18, 10, 25, 22]","[(8, 7), (16, 8), (10, 11)]",scenario_008,20260332,12,3,0.14886370343984998,0.8511362965601501,results/batch_tradeoff_20260325_235335/scenario_runs/tradeoff_20260326_003839
optimized,single_triangle,,single,Single objective: triangle,Pure efficiency objective that minimizes resilience-triangle loss.,triangle,621.1183777835456,621.1183777835456,153727.0549489855,0.36767634819143913,974.932417,0.6148563229854251,965.0491144,0.3333333333333333,1.0,0.4915087094100254,0.133,0.867,0.9,0.9,1,0,results/batch_tradeoff_20260325_235335/scenario_runs/tradeoff_20260326_003839/single_triangle_20260326_003839,results/batch_tradeoff_20260325_235335/scenario_runs/tradeoff_20260326_003839/single_triangle_20260326_003839/best,"[15, 13, 12, 10, 23, 25, 28, 18, 22, 26, 24, 31, (10, 11), (8, 7), (16, 8)]","[15, 13, 12, 10, 23, 25, 28, 18, 22, 26, 24, 31]","[(10, 11), (8, 7), (16, 8)]",scenario_008,20260332,12,3,0.14886370343984998,0.8511362965601501,results/batch_tradeoff_20260325_235335/scenario_runs/tradeoff_20260326_003839
optimized,single_gini_restore,,single,Single objective: gini_restore,Equity objective that reduces restoration-time inequality using Gini.,equity:gini_restore,0.2750426853113681,895.3841689576952,279014.9642791342,0.2750426853113681,1250.751239,0.39410849070876636,1250.751239,0.3333333333333333,1.0,0.3279891215908948,0.133,0.867,0.9,0.9,1,1,results/batch_tradeoff_20260325_235335/scenario_runs/tradeoff_20260326_003839/single_gini_restore_20260326_003921,results/batch_tradeoff_20260325_235335/scenario_runs/tradeoff_20260326_003839/single_gini_restore_20260326_003921/best,"[10, 12, 25, 24, 22, 28, 31, 15, 26, 13, 18, 23, (8, 7), (16, 8), (10, 11)]","[10, 12, 25, 24, 22, 28, 31, 15, 26, 13, 18, 23]","[(8, 7), (16, 8), (10, 11)]",scenario_008,20260332,12,3,0.14886370343984998,0.8511362965601501,results/batch_tradeoff_20260325_235335/scenario_runs/tradeoff_20260326_003839
optimized,single_maximin_time_avg_cri,,single,Single objective: maximize minimum time-avg CRI,Equity via maximin: improve the worst-served zone by maximizing the minimum time-averaged CRI.,equity:maximin_time_avg_cri_loss,0.41731653220977716,1125.894649109114,520640.2506252126,0.30578238066440244,1835.9116360000003,0.5826834677902228,1835.9116360000003,0.3333333333333333,1.0,0.39923312248219045,0.133,0.867,0.9,0.9,1,0,results/batch_tradeoff_20260325_235335/scenario_runs/tradeoff_20260326_003839/single_maximin_time_avg_cri_20260326_004002,results/batch_tradeoff_20260325_235335/scenario_runs/tradeoff_20260326_003839/single_maximin_time_avg_cri_20260326_004002/best,"[10, 22, 13, 24, 23, 26, 12, 25, 18, 15, 31, 28, (10, 11), (16, 8), (8, 7)]","[10, 22, 13, 24, 23, 26, 12, 25, 18, 15, 31, 28]","[(10, 11), (16, 8), (8, 7)]",scenario_008,20260332,12,3,0.14886370343984998,0.8511362965601501,results/batch_tradeoff_20260325_235335/scenario_runs/tradeoff_20260326_003839
optimized,single_p90_access_restore,,single,Single objective: p90_access_restore,Critical-access objective that shortens the time by which 90% of zones regain access.,critical_access:p90_access_restore,889.515243,753.6500822673847,156009.65248177157,0.28955003653380107,989.633117,0.4240756063953231,889.515243,0.3333333333333333,1.0,0.3701677053332348,0.133,0.867,0.9,0.9,1,0,results/batch_tradeoff_20260325_235335/scenario_runs/tradeoff_20260326_003839/single_p90_access_restore_20260326_004043,results/batch_tradeoff_20260325_235335/scenario_runs/tradeoff_20260326_003839/single_p90_access_restore_20260326_004043/best,"[25, 10, 24, 15, 18, 23, 28, 13, 26, 12, 31, 22, (16, 8), (10, 11), (8, 7)]","[25, 10, 24, 15, 18, 23, 28, 13, 26, 12, 31, 22]","[(16, 8), (10, 11), (8, 7)]",scenario_008,20260332,12,3,0.14886370343984998,0.8511362965601501,results/batch_tradeoff_20260325_235335/scenario_runs/tradeoff_20260326_003839
optimized,weighted_gini_restore_l050,,weighted_sum,Weighted sum: triangle + 0.5 * equity:gini_restore,Weighted trade-off objective. triangle + 0.5 * equity:gini_restore.,weighted_sum,0.8155811679717857,464.93002862480614,92800.50957271451,0.27896531840146177,720.7235430000001,0.43598232724437513,720.7235430000001,0.3333333333333333,1.0,0.36128555004989854,0.133,0.867,0.9,0.9,1,1,results/batch_tradeoff_20260325_235335/scenario_runs/tradeoff_20260326_003839/weighted_gini_restore_l050_20260326_004124,results/batch_tradeoff_20260325_235335/scenario_runs/tradeoff_20260326_003839/weighted_gini_restore_l050_20260326_004124/best,"[10, 26, 31, 15, 12, 24, 25, 13, 22, 23, 28, 18, (10, 11), (8, 7), (16, 8)]","[10, 26, 31, 15, 12, 24, 25, 13, 22, 23, 28, 18]","[(10, 11), (8, 7), (16, 8)]",scenario_008,20260332,12,3,0.14886370343984998,0.8511362965601501,results/batch_tradeoff_20260325_235335/scenario_runs/tradeoff_20260326_003839
optimized,guardrail_gini_restore,,guardrail,Guardrail on equity:gini_restore,Triangle minimization with a fairness guardrail. Guardrail on equity:gini_restore.,guardrail,958.1779901998931,958.1779901998931,400359.968679356,0.26984707360693694,1537.1872509999998,0.4710659019781991,1458.075871,0.3333333333333333,1.0,0.33321588190819573,0.133,0.867,0.9,0.9,1,1,results/batch_tradeoff_20260325_235335/scenario_runs/tradeoff_20260326_003839/guardrail_gini_restore_20260326_004209,results/batch_tradeoff_20260325_235335/scenario_runs/tradeoff_20260326_003839/guardrail_gini_restore_20260326_004209/best,"[12, 31, 10, 24, 23, 25, 28, 13, 18, 15, 26, 22, (10, 11), (8, 7), (16, 8)]","[12, 31, 10, 24, 23, 25, 28, 13, 18, 15, 26, 22]","[(10, 11), (8, 7), (16, 8)]",scenario_008,20260332,12,3,0.14886370343984998,0.8511362965601501,results/batch_tradeoff_20260325_235335/scenario_runs/tradeoff_20260326_003839
optimized,weighted_maximin_time_avg_cri_l050,,weighted_sum,Weighted sum: triangle + 0.5 * equity:maximin_time_avg_cri_loss,Weighted trade-off objective. triangle + 0.5 * equity:maximin_time_avg_cri_loss.,weighted_sum,1.149493277971497,851.390355483481,202133.28740882783,0.33489991640757744,1115.418648,0.5290460342007017,1115.418648,0.3333333333333333,1.0,0.4262553225142661,0.133,0.867,0.9,0.9,1,0,results/batch_tradeoff_20260325_235335/scenario_runs/tradeoff_20260326_003839/weighted_maximin_time_avg_cri_l050_20260326_004250,results/batch_tradeoff_20260325_235335/scenario_runs/tradeoff_20260326_003839/weighted_maximin_time_avg_cri_l050_20260326_004250/best,"[26, 18, 23, 28, 15, 13, 12, 31, 25, 10, 22, 24, (10, 11), (8, 7), (16, 8)]","[26, 18, 23, 28, 15, 13, 12, 31, 25, 10, 22, 24]","[(10, 11), (8, 7), (16, 8)]",scenario_008,20260332,12,3,0.14886370343984998,0.8511362965601501,results/batch_tradeoff_20260325_235335/scenario_runs/tradeoff_20260326_003839
optimized,baseline_reference,,baseline,Baseline sequence,Baseline repair sequence used as the reference point.,triangle,2945.23801266411,2945.23801266411,692716.9942546374,0.16903660332337633,2542.9799929999995,0.12079213136473047,2542.9799929999995,0.16666666666666666,1.0,0.21908707998435278,0.133,0.867,0.9,0.9,1,0,,results/batch_tradeoff_20260325_235335/scenario_runs/tradeoff_20260326_004332/reference,"[32, 10, 13, 22, 28, 17, 5, 26, (19, 15), (22, 20), (14, 15), (4, 3), (21, 24), (3, 12), (6, 8)]","[32, 10, 13, 22, 28, 17, 5, 26]","[(19, 15), (22, 20), (14, 15), (4, 3), (21, 24), (3, 12), (6, 8)]",scenario_009,20260333,8,7,0.1830400725938148,0.8169599274061853,results/batch_tradeoff_20260325_235335/scenario_runs/tradeoff_20260326_004332
optimized,single_triangle,,single,Single objective: triangle,Pure efficiency objective that minimizes resilience-triangle loss.,triangle,1983.1337648319386,1983.1337648319386,472993.87058955285,0.21833124407758264,1955.8800494999996,0.2230602310793215,1955.8800494999996,0.16666666666666666,1.0,0.28928272904930524,0.133,0.867,0.9,0.9,1,1,results/batch_tradeoff_20260325_235335/scenario_runs/tradeoff_20260326_004332/single_triangle_20260326_004332,results/batch_tradeoff_20260325_235335/scenario_runs/tradeoff_20260326_004332/single_triangle_20260326_004332/best,"[26, 13, 22, 5, 28, 10, 17, 32, (4, 3), (6, 8), (19, 15), (22, 20), (14, 15), (3, 12), (21, 24)]","[26, 13, 22, 5, 28, 10, 17, 32]","[(4, 3), (6, 8), (19, 15), (22, 20), (14, 15), (3, 12), (21, 24)]",scenario_009,20260333,8,7,0.1830400725938148,0.8169599274061853,results/batch_tradeoff_20260325_235335/scenario_runs/tradeoff_20260326_004332
optimized,single_gini_restore,,single,Single objective: gini_restore,Equity objective that reduces restoration-time inequality using Gini.,equity:gini_restore,0.13628246229192098,2951.414355596464,644373.4697099252,0.13628246229192098,2434.9810029999994,0.09621529007400023,2434.9810029999994,0.16666666666666666,1.0,0.18647889760353908,0.133,0.867,0.9,0.9,1,1,results/batch_tradeoff_20260325_235335/scenario_runs/tradeoff_20260326_004332/single_gini_restore_20260326_004414,results/batch_tradeoff_20260325_235335/scenario_runs/tradeoff_20260326_004332/single_gini_restore_20260326_004414/best,"[26, 10, 22, 13, 17, 32, 28, 5, (14, 15), (3, 12), (21, 24), (6, 8), (19, 15), (22, 20), (4, 3)]","[26, 10, 22, 13, 17, 32, 28, 5]","[(14, 15), (3, 12), (21, 24), (6, 8), (19, 15), (22, 20), (4, 3)]",scenario_009,20260333,8,7,0.1830400725938148,0.8169599274061853,results/batch_tradeoff_20260325_235335/scenario_runs/tradeoff_20260326_004332
optimized,single_maximin_time_avg_cri,,single,Single objective: maximize minimum time-avg CRI,Equity via maximin: improve the worst-served zone by maximizing the minimum time-averaged CRI.,equity:maximin_time_avg_cri_loss,0.7260654326999565,2967.7311058650835,1148807.0087523086,0.20260287741584837,3107.4689610000005,0.27393456730004356,3107.4689610000005,0.16666666666666666,1.0,0.2563020108687955,0.133,0.867,0.9,0.9,1,0,results/batch_tradeoff_20260325_235335/scenario_runs/tradeoff_20260326_004332/single_maximin_time_avg_cri_20260326_004500,results/batch_tradeoff_20260325_235335/scenario_runs/tradeoff_20260326_004332/single_maximin_time_avg_cri_20260326_004500/best,"[17, 22, 28, 5, 26, 13, 32, 10, (6, 8), (3, 12), (19, 15), (22, 20), (4, 3), (14, 15), (21, 24)]","[17, 22, 28, 5, 26, 13, 32, 10]","[(6, 8), (3, 12), (19, 15), (22, 20), (4, 3), (14, 15), (21, 24)]",scenario_009,20260333,8,7,0.1830400725938148,0.8169599274061853,results/batch_tradeoff_20260325_235335/scenario_runs/tradeoff_20260326_004332
optimized,single_p90_access_restore,,single,Single objective: p90_access_restore,Critical-access objective that shortens the time by which 90% of zones regain access.,critical_access:p90_access_restore,1987.4288889999998,2048.2466228219537,412797.8896809271,0.18633798015395686,1987.4288889999998,0.21098650682585887,1987.4288889999998,0.16666666666666666,1.0,0.250897689539925,0.133,0.867,0.9,0.9,1,1,results/batch_tradeoff_20260325_235335/scenario_runs/tradeoff_20260326_004332/single_p90_access_restore_20260326_004543,results/batch_tradeoff_20260325_235335/scenario_runs/tradeoff_20260326_004332/single_p90_access_restore_20260326_004543/best,"[13, 26, 28, 5, 10, 32, 22, 17, (6, 8), (4, 3), (21, 24), (19, 15), (3, 12), (14, 15), (22, 20)]","[13, 26, 28, 5, 10, 32, 22, 17]","[(6, 8), (4, 3), (21, 24), (19, 15), (3, 12), (14, 15), (22, 20)]",scenario_009,20260333,8,7,0.1830400725938148,0.8169599274061853,results/batch_tradeoff_20260325_235335/scenario_runs/tradeoff_20260326_004332
optimized,weighted_gini_restore_l050,,weighted_sum,Weighted sum: triangle + 0.5 * equity:gini_restore,Weighted trade-off objective. triangle + 0.5 * equity:gini_restore.,weighted_sum,1.2333031807171349,2325.89835895618,468613.85976666416,0.1499653106209171,2239.728008,0.21615412822229163,2021.124091,0.16666666666666666,1.0,0.255635586961117,0.133,0.867,0.9,0.9,1,1,results/batch_tradeoff_20260325_235335/scenario_runs/tradeoff_20260326_004332/weighted_gini_restore_l050_20260326_004624,results/batch_tradeoff_20260325_235335/scenario_runs/tradeoff_20260326_004332/weighted_gini_restore_l050_20260326_004624/best,"[13, 28, 10, 5, 17, 32, 26, 22, (6, 8), (22, 20), (21, 24), (3, 12), (14, 15), (19, 15), (4, 3)]","[13, 28, 10, 5, 17, 32, 26, 22]","[(6, 8), (22, 20), (21, 24), (3, 12), (14, 15), (19, 15), (4, 3)]",scenario_009,20260333,8,7,0.1830400725938148,0.8169599274061853,results/batch_tradeoff_20260325_235335/scenario_runs/tradeoff_20260326_004332
optimized,guardrail_gini_restore,,guardrail,Guardrail on equity:gini_restore,Triangle minimization with a fairness guardrail. Guardrail on equity:gini_restore.,guardrail,2349.4889797313676,2349.4889797313676,458710.4792909692,0.14391937026935597,2073.260615,0.14440951451671608,2073.260615,0.16666666666666666,1.0,0.18866244936200013,0.133,0.867,0.9,0.9,1,1,results/batch_tradeoff_20260325_235335/scenario_runs/tradeoff_20260326_004332/guardrail_gini_restore_20260326_004707,results/batch_tradeoff_20260325_235335/scenario_runs/tradeoff_20260326_004332/guardrail_gini_restore_20260326_004707/best,"[13, 17, 26, 32, 5, 22, 28, 10, (6, 8), (21, 24), (22, 20), (19, 15), (14, 15), (3, 12), (4, 3)]","[13, 17, 26, 32, 5, 22, 28, 10]","[(6, 8), (21, 24), (22, 20), (19, 15), (14, 15), (3, 12), (4, 3)]",scenario_009,20260333,8,7,0.1830400725938148,0.8169599274061853,results/batch_tradeoff_20260325_235335/scenario_runs/tradeoff_20260326_004332
optimized,weighted_maximin_time_avg_cri_l050,,weighted_sum,Weighted sum: triangle + 0.5 * equity:maximin_time_avg_cri_loss,Weighted trade-off objective. triangle + 0.5 * equity:maximin_time_avg_cri_loss.,weighted_sum,1.207109918629651,2264.0186209683684,743360.7604249204,0.19803304712574277,2451.380705,0.22910155412666156,2451.380705,0.16666666666666666,1.0,0.2343109796226722,0.133,0.867,0.9,0.9,1,0,results/batch_tradeoff_20260325_235335/scenario_runs/tradeoff_20260326_004332/weighted_maximin_time_avg_cri_l050_20260326_004748,results/batch_tradeoff_20260325_235335/scenario_runs/tradeoff_20260326_004332/weighted_maximin_time_avg_cri_l050_20260326_004748/best,"[13, 32, 28, 5, 22, 26, 17, 10, (3, 12), (21, 24), (19, 15), (14, 15), (6, 8), (4, 3), (22, 20)]","[13, 32, 28, 5, 22, 26, 17, 10]","[(3, 12), (21, 24), (19, 15), (14, 15), (6, 8), (4, 3), (22, 20)]",scenario_009,20260333,8,7,0.1830400725938148,0.8169599274061853,results/batch_tradeoff_20260325_235335/scenario_runs/tradeoff_20260326_004332
optimized,baseline_reference,,baseline,Baseline sequence,Baseline repair sequence used as the reference point.,triangle,998.3531248125563,998.3531248125563,173861.3962017247,0.23860090319354454,1029.6086269999998,0.29022639417066454,1029.6086269999998,0.20833333333333334,1.0,0.2890389780034998,0.133,0.867,0.9,0.9,1,0,,results/batch_tradeoff_20260325_235335/scenario_runs/tradeoff_20260326_004835/reference,"[1, 5, 27, 6, 16, 8, 26, 7, 11, 14, 25, 10, 4, (5, 4), (3, 12), (15, 14)]","[1, 5, 27, 6, 16, 8, 26, 7, 11, 14, 25, 10, 4]","[(5, 4), (3, 12), (15, 14)]",scenario_010,20260334,13,3,0.40663644346369177,0.5933635565363082,results/batch_tradeoff_20260325_235335/scenario_runs/tradeoff_20260326_004835
optimized,single_triangle,,single,Single objective: triangle,Pure efficiency objective that minimizes resilience-triangle loss.,triangle,671.5830288053871,671.5830288053871,54892.98587582895,0.14490675518373264,764.440902,0.3341678712948825,764.440902,0.20833333333333334,1.0,0.2711318357522075,0.133,0.867,0.9,0.9,1,1,results/batch_tradeoff_20260325_235335/scenario_runs/tradeoff_20260326_004835/single_triangle_20260326_004835,results/batch_tradeoff_20260325_235335/scenario_runs/tradeoff_20260326_004835/single_triangle_20260326_004835/best,"[25, 10, 27, 1, 16, 26, 8, 7, 11, 14, 5, 4, 6, (5, 4), (15, 14), (3, 12)]","[25, 10, 27, 1, 16, 26, 8, 7, 11, 14, 5, 4, 6]","[(5, 4), (15, 14), (3, 12)]",scenario_010,20260334,13,3,0.40663644346369177,0.5933635565363082,results/batch_tradeoff_20260325_235335/scenario_runs/tradeoff_20260326_004835
optimized,single_gini_restore,,single,Single objective: gini_restore,Equity objective that reduces restoration-time inequality using Gini.,equity:gini_restore,0.13968483798034725,1255.1760883953332,146692.11515107637,0.13968483798034725,1249.9149659999998,0.2215248345380574,1249.9149659999998,0.20833333333333334,1.0,0.2791076805806751,0.133,0.867,0.9,0.9,1,1,results/batch_tradeoff_20260325_235335/scenario_runs/tradeoff_20260326_004835/single_gini_restore_20260326_004920,results/batch_tradeoff_20260325_235335/scenario_runs/tradeoff_20260326_004835/single_gini_restore_20260326_004920/best,"[8, 10, 7, 25, 5, 4, 27, 11, 26, 6, 16, 14, 1, (5, 4), (15, 14), (3, 12)]","[8, 10, 7, 25, 5, 4, 27, 11, 26, 6, 16, 14, 1]","[(5, 4), (15, 14), (3, 12)]",scenario_010,20260334,13,3,0.40663644346369177,0.5933635565363082,results/batch_tradeoff_20260325_235335/scenario_runs/tradeoff_20260326_004835
optimized,single_maximin_time_avg_cri,,single,Single objective: maximize minimum time-avg CRI,Equity via maximin: improve the worst-served zone by maximizing the minimum time-averaged CRI.,equity:maximin_time_avg_cri_loss,0.5615803559962916,872.1078347586358,153869.74559553896,0.2218855981187784,1069.041608,0.43841964400370836,1069.041608,0.20833333333333334,1.0,0.29883452448684616,0.133,0.867,0.9,0.9,1,0,results/batch_tradeoff_20260325_235335/scenario_runs/tradeoff_20260326_004835/single_maximin_time_avg_cri_20260326_005006,results/batch_tradeoff_20260325_235335/scenario_runs/tradeoff_20260326_004835/single_maximin_time_avg_cri_20260326_005006/best,"[1, 10, 27, 16, 5, 26, 25, 7, 4, 6, 8, 14, 11, (5, 4), (15, 14), (3, 12)]","[1, 10, 27, 16, 5, 26, 25, 7, 4, 6, 8, 14, 11]","[(5, 4), (15, 14), (3, 12)]",scenario_010,20260334,13,3,0.40663644346369177,0.5933635565363082,results/batch_tradeoff_20260325_235335/scenario_runs/tradeoff_20260326_004835
optimized,single_p90_access_restore,,single,Single objective: p90_access_restore,Critical-access objective that shortens the time by which 90% of zones regain access.,critical_access:p90_access_restore,654.4004550000001,556.9229825331528,61116.22506204561,0.2450510150902343,654.4004550000001,0.4490291432237912,654.4004550000001,0.20833333333333334,1.0,0.3091599580387415,0.133,0.867,0.9,0.9,1,1,results/batch_tradeoff_20260325_235335/scenario_runs/tradeoff_20260326_004835/single_p90_access_restore_20260326_005054,results/batch_tradeoff_20260325_235335/scenario_runs/tradeoff_20260326_004835/single_p90_access_restore_20260326_005054/best,"[16, 1, 7, 27, 4, 26, 8, 6, 5, 14, 10, 25, 11, (3, 12), (15, 14), (5, 4)]","[16, 1, 7, 27, 4, 26, 8, 6, 5, 14, 10, 25, 11]","[(3, 12), (15, 14), (5, 4)]",scenario_010,20260334,13,3,0.40663644346369177,0.5933635565363082,results/batch_tradeoff_20260325_235335/scenario_runs/tradeoff_20260326_004835
optimized,weighted_gini_restore_l050,,weighted_sum,Weighted sum: triangle + 0.5 * equity:gini_restore,Weighted trade-off objective. triangle + 0.5 * equity:gini_restore.,weighted_sum,1.1697297592586455,829.184314519189,92381.70163608713,0.1618561772660434,1000.773805,0.2980088900010112,1000.773805,0.20833333333333334,1.0,0.288773658124475,0.133,0.867,0.9,0.9,1,0,results/batch_tradeoff_20260325_235335/scenario_runs/tradeoff_20260326_004835/weighted_gini_restore_l050_20260326_005139,results/batch_tradeoff_20260325_235335/scenario_runs/tradeoff_20260326_004835/weighted_gini_restore_l050_20260326_005139/best,"[14, 10, 7, 16, 27, 5, 6, 8, 25, 1, 4, 26, 11, (15, 14), (5, 4), (3, 12)]","[14, 10, 7, 16, 27, 5, 6, 8, 25, 1, 4, 26, 11]","[(15, 14), (5, 4), (3, 12)]",scenario_010,20260334,13,3,0.40663644346369177,0.5933635565363082,results/batch_tradeoff_20260325_235335/scenario_runs/tradeoff_20260326_004835
optimized,guardrail_gini_restore,,guardrail,Guardrail on equity:gini_restore,Triangle minimization with a fairness guardrail. Guardrail on equity:gini_restore.,guardrail,671.5830288053871,671.5830288053871,54892.98587582895,0.14490675518373264,764.440902,0.3341678712948825,764.440902,0.20833333333333334,1.0,0.2711318357522075,0.133,0.867,0.9,0.9,1,1,results/batch_tradeoff_20260325_235335/scenario_runs/tradeoff_20260326_004835/guardrail_gini_restore_20260326_005224,results/batch_tradeoff_20260325_235335/scenario_runs/tradeoff_20260326_004835/guardrail_gini_restore_20260326_005224/best,"[25, 10, 27, 1, 16, 26, 8, 7, 11, 14, 5, 4, 6, (5, 4), (15, 14), (3, 12)]","[25, 10, 27, 1, 16, 26, 8, 7, 11, 14, 5, 4, 6]","[(5, 4), (15, 14), (3, 12)]",scenario_010,20260334,13,3,0.40663644346369177,0.5933635565363082,results/batch_tradeoff_20260325_235335/scenario_runs/tradeoff_20260326_004835
optimized,weighted_maximin_time_avg_cri_l050,,weighted_sum,Weighted sum: triangle + 0.5 * equity:maximin_time_avg_cri_loss,Weighted trade-off objective. triangle + 0.5 * equity:maximin_time_avg_cri_loss.,weighted_sum,1.1825312453911798,718.7852800512005,120139.81896161208,0.24356558095483183,876.9907900000001,0.34337386844363305,876.9907900000001,0.20833333333333334,1.0,0.2965512184379192,0.133,0.867,0.9,0.9,1,0,results/batch_tradeoff_20260325_235335/scenario_runs/tradeoff_20260326_004835/weighted_maximin_time_avg_cri_l050_20260326_005309,results/batch_tradeoff_20260325_235335/scenario_runs/tradeoff_20260326_004835/weighted_maximin_time_avg_cri_l050_20260326_005309/best,"[10, 1, 25, 4, 7, 5, 6, 26, 8, 14, 11, 27, 16, (5, 4), (3, 12), (15, 14)]","[10, 1, 25, 4, 7, 5, 6, 26, 8, 14, 11, 27, 16]","[(5, 4), (3, 12), (15, 14)]",scenario_010,20260334,13,3,0.40663644346369177,0.5933635565363082,results/batch_tradeoff_20260325_235335/scenario_runs/tradeoff_20260326_004835
optimized,baseline_reference,,baseline,Baseline sequence,Baseline repair sequence used as the reference point.,triangle,948.8287396699425,948.8287396699425,320309.5630408817,0.2956131955437058,1412.5228969999998,0.519198077200943,1412.5228969999998,0.2916666666666667,1.0,0.3534557073212999,0.133,0.867,0.9,0.9,1,0,,results/batch_tradeoff_20260325_235335/scenario_runs/tradeoff_20260326_005357/reference,"[10, 31, 23, 6, 33, 24, 30, 15, (11, 10), (20, 18), (12, 13), (14, 23)]","[10, 31, 23, 6, 33, 24, 30, 15]","[(11, 10), (20, 18), (12, 13), (14, 23)]",scenario_011,20260335,8,4,0.23611466887731325,0.7638853311226868,results/batch_tradeoff_20260325_235335/scenario_runs/tradeoff_20260326_005357
optimized,single_triangle,,single,Single objective: triangle,Pure efficiency objective that minimizes resilience-triangle loss.,triangle,624.165914106809,624.165914106809,104493.2173745318,0.3047280123383065,999.903251,0.4740649156062005,999.903251,0.2916666666666667,1.0,0.3816308277759565,0.133,0.867,0.9,0.9,1,0,results/batch_tradeoff_20260325_235335/scenario_runs/tradeoff_20260326_005357/single_triangle_20260326_005358,results/batch_tradeoff_20260325_235335/scenario_runs/tradeoff_20260326_005357/single_triangle_20260326_005358/best,"[15, 10, 33, 24, 23, 6, 30, 31, (11, 10), (14, 23), (20, 18), (12, 13)]","[15, 10, 33, 24, 23, 6, 30, 31]","[(11, 10), (14, 23), (20, 18), (12, 13)]",scenario_011,20260335,8,4,0.23611466887731325,0.7638853311226868,results/batch_tradeoff_20260325_235335/scenario_runs/tradeoff_20260326_005357
optimized,single_gini_restore,,single,Single objective: gini_restore,Equity objective that reduces restoration-time inequality using Gini.,equity:gini_restore,0.2676015365794233,893.4726368619722,195287.10535738055,0.2676015365794233,1107.444137,0.44840281471696214,1107.444137,0.2916666666666667,1.0,0.3049515366886628,0.133,0.867,0.9,0.9,1,0,results/batch_tradeoff_20260325_235335/scenario_runs/tradeoff_20260326_005357/single_gini_restore_20260326_005432,results/batch_tradeoff_20260325_235335/scenario_runs/tradeoff_20260326_005357/single_gini_restore_20260326_005432/best,"[31, 15, 23, 6, 30, 24, 33, 10, (11, 10), (20, 18), (12, 13), (14, 23)]","[31, 15, 23, 6, 30, 24, 33, 10]","[(11, 10), (20, 18), (12, 13), (14, 23)]",scenario_011,20260335,8,4,0.23611466887731325,0.7638853311226868,results/batch_tradeoff_20260325_235335/scenario_runs/tradeoff_20260326_005357
optimized,single_maximin_time_avg_cri,,single,Single objective: maximize minimum time-avg CRI,Equity via maximin: improve the worst-served zone by maximizing the minimum time-averaged CRI.,equity:maximin_time_avg_cri_loss,0.44407996567495733,1199.1581449928963,411961.90343449474,0.33622504538272024,1714.9742300000003,0.5559200343250427,1714.9742300000003,0.2916666666666667,1.0,0.432864285055953,0.133,0.867,0.9,0.9,1,0,results/batch_tradeoff_20260325_235335/scenario_runs/tradeoff_20260326_005357/single_maximin_time_avg_cri_20260326_005506,results/batch_tradeoff_20260325_235335/scenario_runs/tradeoff_20260326_005357/single_maximin_time_avg_cri_20260326_005506/best,"[23, 6, 15, 10, 30, 33, 31, 24, (20, 18), (11, 10), (12, 13), (14, 23)]","[23, 6, 15, 10, 30, 33, 31, 24]","[(20, 18), (11, 10), (12, 13), (14, 23)]",scenario_011,20260335,8,4,0.23611466887731325,0.7638853311226868,results/batch_tradeoff_20260325_235335/scenario_runs/tradeoff_20260326_005357
optimized,single_p90_access_restore,,single,Single objective: p90_access_restore,Critical-access objective that shortens the time by which 90% of zones regain access.,critical_access:p90_access_restore,689.691541,593.4239256251917,86835.52489854515,0.26762040115588337,689.691541,0.26253671564025255,689.691541,0.2916666666666667,1.0,0.2911261345067495,0.133,0.867,0.9,0.9,1,1,results/batch_tradeoff_20260325_235335/scenario_runs/tradeoff_20260326_005357/single_p90_access_restore_20260326_005540,results/batch_tradeoff_20260325_235335/scenario_runs/tradeoff_20260326_005357/single_p90_access_restore_20260326_005540/best,"[10, 31, 15, 24, 33, 23, 30, 6, (12, 13), (11, 10), (14, 23), (20, 18)]","[10, 31, 15, 24, 33, 23, 30, 6]","[(12, 13), (11, 10), (14, 23), (20, 18)]",scenario_011,20260335,8,4,0.23611466887731325,0.7638853311226868,results/batch_tradeoff_20260325_235335/scenario_runs/tradeoff_20260326_005357
optimized,weighted_gini_restore_l050,,weighted_sum,Weighted sum: triangle + 0.5 * equity:gini_restore,Weighted trade-off objective. triangle + 0.5 * equity:gini_restore.,weighted_sum,1.2621556804929308,790.5832780062309,131778.90329106504,0.25359797254414684,921.0484210000001,0.23957910567576532,921.0484210000001,0.2916666666666667,1.0,0.3027859058219191,0.133,0.867,0.9,0.9,1,0,results/batch_tradeoff_20260325_235335/scenario_runs/tradeoff_20260326_005357/weighted_gini_restore_l050_20260326_005614,results/batch_tradeoff_20260325_235335/scenario_runs/tradeoff_20260326_005357/weighted_gini_restore_l050_20260326_005614/best,"[10, 24, 31, 15, 6, 30, 33, 23, (20, 18), (12, 13), (14, 23), (11, 10)]","[10, 24, 31, 15, 6, 30, 33, 23]","[(20, 18), (12, 13), (14, 23), (11, 10)]",scenario_011,20260335,8,4,0.23611466887731325,0.7638853311226868,results/batch_tradeoff_20260325_235335/scenario_runs/tradeoff_20260326_005357
optimized,guardrail_gini_restore,,guardrail,Guardrail on equity:gini_restore,Triangle minimization with a fairness guardrail. Guardrail on equity:gini_restore.,guardrail,599.1715684181687,599.1715684181687,77058.66451667096,0.23578128830754141,684.5973530000001,0.2761650028704273,684.5973530000001,0.2916666666666667,1.0,0.2643397642161202,0.133,0.867,0.9,0.9,1,1,results/batch_tradeoff_20260325_235335/scenario_runs/tradeoff_20260326_005357/guardrail_gini_restore_20260326_005645,results/batch_tradeoff_20260325_235335/scenario_runs/tradeoff_20260326_005357/guardrail_gini_restore_20260326_005645/best,"[15, 31, 24, 10, 23, 33, 30, 6, (11, 10), (14, 23), (20, 18), (12, 13)]","[15, 31, 24, 10, 23, 33, 30, 6]","[(11, 10), (14, 23), (20, 18), (12, 13)]",scenario_011,20260335,8,4,0.23611466887731325,0.7638853311226868,results/batch_tradeoff_20260325_235335/scenario_runs/tradeoff_20260326_005357
optimized,weighted_maximin_time_avg_cri_l050,,weighted_sum,Weighted sum: triangle + 0.5 * equity:maximin_time_avg_cri_loss,Weighted trade-off objective. triangle + 0.5 * equity:maximin_time_avg_cri_loss.,weighted_sum,1.3028030514020195,666.390947098033,164189.74145673375,0.3018958718621778,1032.002113,0.4225828637452662,1032.002113,0.2916666666666667,1.0,0.36259733111127845,0.133,0.867,0.9,0.9,1,0,results/batch_tradeoff_20260325_235335/scenario_runs/tradeoff_20260326_005357/weighted_maximin_time_avg_cri_l050_20260326_005720,results/batch_tradeoff_20260325_235335/scenario_runs/tradeoff_20260326_005357/weighted_maximin_time_avg_cri_l050_20260326_005720/best,"[10, 31, 15, 6, 33, 24, 30, 23, (14, 23), (11, 10), (20, 18), (12, 13)]","[10, 31, 15, 6, 33, 24, 30, 23]","[(14, 23), (11, 10), (20, 18), (12, 13)]",scenario_011,20260335,8,4,0.23611466887731325,0.7638853311226868,results/batch_tradeoff_20260325_235335/scenario_runs/tradeoff_20260326_005357
optimized,baseline_reference,,baseline,Baseline sequence,Baseline repair sequence used as the reference point.,triangle,812.2460105827339,812.2460105827339,112021.46796431135,0.23271855972823663,1019.1433589999999,0.38107925308358515,1019.1433589999999,0.2916666666666667,1.0,0.367803786163251,0.133,0.867,0.9,0.9,1,0,,results/batch_tradeoff_20260325_235335/scenario_runs/tradeoff_20260326_005754/reference,"[16, 28, 12, 4, 6, 19, 1, 29, (2, 1), (16, 8), (21, 22), (24, 13)]","[16, 28, 12, 4, 6, 19, 1, 29]","[(2, 1), (16, 8), (21, 22), (24, 13)]",scenario_012,20260336,8,4,0.25429683615085785,0.7457031638491421,results/batch_tradeoff_20260325_235335/scenario_runs/tradeoff_20260326_005754
optimized,single_triangle,,single,Single objective: triangle,Pure efficiency objective that minimizes resilience-triangle loss.,triangle,398.1105854118494,398.1105854118494,63750.56518705012,0.27085685772489043,661.145648,0.4778614866046218,661.145648,0.2916666666666667,1.0,0.37393268071546015,0.133,0.867,0.9,0.9,1,0,results/batch_tradeoff_20260325_235335/scenario_runs/tradeoff_20260326_005754/single_triangle_20260326_005754,results/batch_tradeoff_20260325_235335/scenario_runs/tradeoff_20260326_005754/single_triangle_20260326_005754/best,"[1, 4, 6, 29, 28, 12, 19, 16, (24, 13), (16, 8), (21, 22), (2, 1)]","[1, 4, 6, 29, 28, 12, 19, 16]","[(24, 13), (16, 8), (21, 22), (2, 1)]",scenario_012,20260336,8,4,0.25429683615085785,0.7457031638491421,results/batch_tradeoff_20260325_235335/scenario_runs/tradeoff_20260326_005754
optimized,single_gini_restore,,single,Single objective: gini_restore,Equity objective that reduces restoration-time inequality using Gini.,equity:gini_restore,0.1548905869646402,1098.605505451003,161818.04192822555,0.1548905869646402,1212.466922,0.2701131523906839,1212.466922,0.2916666666666667,1.0,0.2916666666666667,0.133,0.867,0.9,0.9,1,1,results/batch_tradeoff_20260325_235335/scenario_runs/tradeoff_20260326_005754/single_gini_restore_20260326_005829,results/batch_tradeoff_20260325_235335/scenario_runs/tradeoff_20260326_005754/single_gini_restore_20260326_005829/best,"[29, 19, 16, 6, 28, 1, 12, 4, (24, 13), (21, 22), (16, 8), (2, 1)]","[29, 19, 16, 6, 28, 1, 12, 4]","[(24, 13), (21, 22), (16, 8), (2, 1)]",scenario_012,20260336,8,4,0.25429683615085785,0.7457031638491421,results/batch_tradeoff_20260325_235335/scenario_runs/tradeoff_20260326_005754
optimized,single_maximin_time_avg_cri,,single,Single objective: maximize minimum time-avg CRI,Equity via maximin: improve the worst-served zone by maximizing the minimum time-averaged CRI.,equity:maximin_time_avg_cri_loss,0.4992887816807662,726.0889682534921,158433.35740134786,0.2681275021348879,1139.365447,0.5007112183192338,1139.365447,0.2916666666666667,1.0,0.3910642885752997,0.133,0.867,0.9,0.9,1,0,results/batch_tradeoff_20260325_235335/scenario_runs/tradeoff_20260326_005754/single_maximin_time_avg_cri_20260326_005905,results/batch_tradeoff_20260325_235335/scenario_runs/tradeoff_20260326_005754/single_maximin_time_avg_cri_20260326_005905/best,"[12, 4, 6, 1, 19, 29, 16, 28, (16, 8), (21, 22), (2, 1), (24, 13)]","[12, 4, 6, 1, 19, 29, 16, 28]","[(16, 8), (21, 22), (2, 1), (24, 13)]",scenario_012,20260336,8,4,0.25429683615085785,0.7457031638491421,results/batch_tradeoff_20260325_235335/scenario_runs/tradeoff_20260326_005754
optimized,single_p90_access_restore,,single,Single objective: p90_access_restore,Critical-access objective that shortens the time by which 90% of zones regain access.,critical_access:p90_access_restore,489.05007500000005,498.6917797793498,39691.762320801645,0.250674296352432,655.520918,0.41501917123985665,489.05007500000005,0.2916666666666667,1.0,0.37972955902682576,0.133,0.867,0.9,0.9,1,0,results/batch_tradeoff_20260325_235335/scenario_runs/tradeoff_20260326_005754/single_p90_access_restore_20260326_005941,results/batch_tradeoff_20260325_235335/scenario_runs/tradeoff_20260326_005754/single_p90_access_restore_20260326_005941/best,"[12, 1, 4, 28, 19, 6, 29, 16, (16, 8), (21, 22), (2, 1), (24, 13)]","[12, 1, 4, 28, 19, 6, 29, 16]","[(16, 8), (21, 22), (2, 1), (24, 13)]",scenario_012,20260336,8,4,0.25429683615085785,0.7457031638491421,results/batch_tradeoff_20260325_235335/scenario_runs/tradeoff_20260326_005754
optimized,weighted_gini_restore_l050,,weighted_sum,Weighted sum: triangle + 0.5 * equity:gini_restore,Weighted trade-off objective. triangle + 0.5 * equity:gini_restore.,weighted_sum,0.987168964472557,397.7018957602609,24767.288015040165,0.23157202423875378,479.12885800000004,0.6166022067238367,479.12885800000004,0.2916666666666667,1.0,0.5385194945290828,0.133,0.867,0.9,0.9,1,0,results/batch_tradeoff_20260325_235335/scenario_runs/tradeoff_20260326_005754/weighted_gini_restore_l050_20260326_010015,results/batch_tradeoff_20260325_235335/scenario_runs/tradeoff_20260326_005754/weighted_gini_restore_l050_20260326_010015/best,"[12, 16, 1, 4, 28, 6, 19, 29, (21, 22), (24, 13), (2, 1), (16, 8)]","[12, 16, 1, 4, 28, 6, 19, 29]","[(21, 22), (24, 13), (2, 1), (16, 8)]",scenario_012,20260336,8,4,0.25429683615085785,0.7457031638491421,results/batch_tradeoff_20260325_235335/scenario_runs/tradeoff_20260326_005754
optimized,guardrail_gini_restore,,guardrail,Guardrail on equity:gini_restore,Triangle minimization with a fairness guardrail. Guardrail on equity:gini_restore.,guardrail,373.2050083235584,373.2050083235584,28777.52113020515,0.21541087183624374,497.5811439,0.3996777481167986,458.88543300000003,0.2916666666666667,1.0,0.38174495936473213,0.133,0.867,0.9,0.9,1,1,results/batch_tradeoff_20260325_235335/scenario_runs/tradeoff_20260326_005754/guardrail_gini_restore_20260326_010051,results/batch_tradeoff_20260325_235335/scenario_runs/tradeoff_20260326_005754/guardrail_gini_restore_20260326_010051/best,"[16, 1, 29, 6, 28, 4, 12, 19, (24, 13), (16, 8), (21, 22), (2, 1)]","[16, 1, 29, 6, 28, 4, 12, 19]","[(24, 13), (16, 8), (21, 22), (2, 1)]",scenario_012,20260336,8,4,0.25429683615085785,0.7457031638491421,results/batch_tradeoff_20260325_235335/scenario_runs/tradeoff_20260326_005754
optimized,weighted_maximin_time_avg_cri_l050,,weighted_sum,Weighted sum: triangle + 0.5 * equity:maximin_time_avg_cri_loss,Weighted trade-off objective. triangle + 0.5 * equity:maximin_time_avg_cri_loss.,weighted_sum,0.9338338438779186,501.5085639002219,71851.01543610431,0.28255154779665825,767.2141006,0.6083475417563818,723.464991,0.2916666666666667,1.0,0.4685892755142132,0.133,0.867,0.9,0.9,1,0,results/batch_tradeoff_20260325_235335/scenario_runs/tradeoff_20260326_005754/weighted_maximin_time_avg_cri_l050_20260326_010126,results/batch_tradeoff_20260325_235335/scenario_runs/tradeoff_20260326_005754/weighted_maximin_time_avg_cri_l050_20260326_010126/best,"[1, 12, 6, 4, 16, 28, 29, 19, (16, 8), (21, 22), (24, 13), (2, 1)]","[1, 12, 6, 4, 16, 28, 29, 19]","[(16, 8), (21, 22), (24, 13), (2, 1)]",scenario_012,20260336,8,4,0.25429683615085785,0.7457031638491421,results/batch_tradeoff_20260325_235335/scenario_runs/tradeoff_20260326_005754
optimized,baseline_reference,,baseline,Baseline sequence,Baseline repair sequence used as the reference point.,triangle,800.8521729212607,800.8521729212607,105213.62322028982,0.2046252857594002,875.308543,0.18569876457156498,875.308543,0.2916666666666667,1.0,0.27298365682313086,0.133,0.867,0.9,0.9,1,1,,results/batch_tradeoff_20260325_235335/scenario_runs/tradeoff_20260326_010202/reference,"[11, 27, 21, 14, 4, 6, 29, 26, 7, (24, 21), (10, 15), (20, 21), (14, 15), (23, 24), (7, 8)]","[11, 27, 21, 14, 4, 6, 29, 26, 7]","[(24, 21), (10, 15), (20, 21), (14, 15), (23, 24), (7, 8)]",scenario_013,20260337,9,6,0.19099951257296388,0.8090004874270361,results/batch_tradeoff_20260325_235335/scenario_runs/tradeoff_20260326_010202
optimized,single_triangle,,single,Single objective: triangle,Pure efficiency objective that minimizes resilience-triangle loss.,triangle,514.3008444222411,514.3008444222411,53506.679992772355,0.2755495096677658,636.913592,0.3476144756847181,636.913592,0.2916666666666667,1.0,0.3233056262834472,0.133,0.867,0.9,0.9,1,1,results/batch_tradeoff_20260325_235335/scenario_runs/tradeoff_20260326_010202/single_triangle_20260326_010202,results/batch_tradeoff_20260325_235335/scenario_runs/tradeoff_20260326_010202/single_triangle_20260326_010202/best,"[11, 14, 7, 21, 6, 4, 29, 26, 27, (24, 21), (23, 24), (20, 21), (14, 15), (10, 15), (7, 8)]","[11, 14, 7, 21, 6, 4, 29, 26, 27]","[(24, 21), (23, 24), (20, 21), (14, 15), (10, 15), (7, 8)]",scenario_013,20260337,9,6,0.19099951257296388,0.8090004874270361,results/batch_tradeoff_20260325_235335/scenario_runs/tradeoff_20260326_010202
optimized,single_gini_restore,,single,Single objective: gini_restore,Equity objective that reduces restoration-time inequality using Gini.,equity:gini_restore,0.18016706252792858,1014.1999853175748,160547.10678018478,0.18016706252792858,1078.140537,0.26236866587560687,1078.140537,0.2916666666666667,1.0,0.2843678416867343,0.133,0.867,0.9,0.9,1,1,results/batch_tradeoff_20260325_235335/scenario_runs/tradeoff_20260326_010202/single_gini_restore_20260326_010247,results/batch_tradeoff_20260325_235335/scenario_runs/tradeoff_20260326_010202/single_gini_restore_20260326_010247/best,"[27, 21, 29, 26, 7, 11, 14, 4, 6, (14, 15), (23, 24), (20, 21), (24, 21), (7, 8), (10, 15)]","[27, 21, 29, 26, 7, 11, 14, 4, 6]","[(14, 15), (23, 24), (20, 21), (24, 21), (7, 8), (10, 15)]",scenario_013,20260337,9,6,0.19099951257296388,0.8090004874270361,results/batch_tradeoff_20260325_235335/scenario_runs/tradeoff_20260326_010202
optimized,single_maximin_time_avg_cri,,single,Single objective: maximize minimum time-avg CRI,Equity via maximin: improve the worst-served zone by maximizing the minimum time-averaged CRI.,equity:maximin_time_avg_cri_loss,0.6117787840112137,848.604780866847,168035.49179831723,0.27751238906979525,1168.933063,0.38822121598878634,1168.933063,0.2916666666666667,1.0,0.3777928475789892,0.133,0.867,0.9,0.9,1,0,results/batch_tradeoff_20260325_235335/scenario_runs/tradeoff_20260326_010202/single_maximin_time_avg_cri_20260326_010330,results/batch_tradeoff_20260325_235335/scenario_runs/tradeoff_20260326_010202/single_maximin_time_avg_cri_20260326_010330/best,"[27, 7, 4, 6, 14, 26, 21, 11, 29, (24, 21), (20, 21), (10, 15), (23, 24), (7, 8), (14, 15)]","[27, 7, 4, 6, 14, 26, 21, 11, 29]","[(24, 21), (20, 21), (10, 15), (23, 24), (7, 8), (14, 15)]",scenario_013,20260337,9,6,0.19099951257296388,0.8090004874270361,results/batch_tradeoff_20260325_235335/scenario_runs/tradeoff_20260326_010202
optimized,single_p90_access_restore,,single,Single objective: p90_access_restore,Critical-access objective that shortens the time by which 90% of zones regain access.,critical_access:p90_access_restore,520.836065,565.7703146476266,50616.67159258137,0.23846088922082798,742.7483709999999,0.34677807478231526,520.836065,0.2916666666666667,1.0,0.48523669706125366,0.133,0.867,0.9,0.9,1,1,results/batch_tradeoff_20260325_235335/scenario_runs/tradeoff_20260326_010202/single_p90_access_restore_20260326_010412,results/batch_tradeoff_20260325_235335/scenario_runs/tradeoff_20260326_010202/single_p90_access_restore_20260326_010412/best,"[11, 27, 26, 7, 4, 29, 6, 14, 21, (7, 8), (14, 15), (10, 15), (24, 21), (20, 21), (23, 24)]","[11, 27, 26, 7, 4, 29, 6, 14, 21]","[(7, 8), (14, 15), (10, 15), (24, 21), (20, 21), (23, 24)]",scenario_013,20260337,9,6,0.19099951257296388,0.8090004874270361,results/batch_tradeoff_20260325_235335/scenario_runs/tradeoff_20260326_010202
optimized,weighted_gini_restore_l050,,weighted_sum,Weighted sum: triangle + 0.5 * equity:gini_restore,Weighted trade-off objective. triangle + 0.5 * equity:gini_restore.,weighted_sum,1.4131916496817767,701.0092780312109,86410.88317214932,0.2201205219880511,780.2237550000002,0.31895171135799033,780.2237550000002,0.2916666666666667,1.0,0.2986778910728415,0.133,0.867,0.9,0.9,1,1,results/batch_tradeoff_20260325_235335/scenario_runs/tradeoff_20260326_010202/weighted_gini_restore_l050_20260326_010455,results/batch_tradeoff_20260325_235335/scenario_runs/tradeoff_20260326_010202/weighted_gini_restore_l050_20260326_010455/best,"[7, 29, 6, 4, 27, 26, 21, 11, 14, (24, 21), (14, 15), (23, 24), (7, 8), (10, 15), (20, 21)]","[7, 29, 6, 4, 27, 26, 21, 11, 14]","[(24, 21), (14, 15), (23, 24), (7, 8), (10, 15), (20, 21)]",scenario_013,20260337,9,6,0.19099951257296388,0.8090004874270361,results/batch_tradeoff_20260325_235335/scenario_runs/tradeoff_20260326_010202
optimized,guardrail_gini_restore,,guardrail,Guardrail on equity:gini_restore,Triangle minimization with a fairness guardrail. Guardrail on equity:gini_restore.,guardrail,1137.074560001222,1137.074560001222,213252.2094259309,0.19003159391834656,1272.287513,0.31131662946787236,1252.287513,0.2916666666666667,1.0,0.2959544193255004,0.133,0.867,0.9,0.9,1,0,results/batch_tradeoff_20260325_235335/scenario_runs/tradeoff_20260326_010202/guardrail_gini_restore_20260326_010541,results/batch_tradeoff_20260325_235335/scenario_runs/tradeoff_20260326_010202/guardrail_gini_restore_20260326_010541/best,"[11, 29, 27, 14, 26, 6, 4, 7, 21, (24, 21), (14, 15), (23, 24), (10, 15), (20, 21), (7, 8)]","[11, 29, 27, 14, 26, 6, 4, 7, 21]","[(24, 21), (14, 15), (23, 24), (10, 15), (20, 21), (7, 8)]",scenario_013,20260337,9,6,0.19099951257296388,0.8090004874270361,results/batch_tradeoff_20260325_235335/scenario_runs/tradeoff_20260326_010202
optimized,weighted_maximin_time_avg_cri_l050,,weighted_sum,Weighted sum: triangle + 0.5 * equity:maximin_time_avg_cri_loss,Weighted trade-off objective. triangle + 0.5 * equity:maximin_time_avg_cri_loss.,weighted_sum,1.2842365880568436,717.6180433970329,131418.2295066412,0.29254627796845867,1063.8392370000001,0.3678277566987431,1063.8392370000001,0.2916666666666667,1.0,0.3994947335261709,0.133,0.867,0.9,0.9,1,0,results/batch_tradeoff_20260325_235335/scenario_runs/tradeoff_20260326_010202/weighted_maximin_time_avg_cri_l050_20260326_010623,results/batch_tradeoff_20260325_235335/scenario_runs/tradeoff_20260326_010202/weighted_maximin_time_avg_cri_l050_20260326_010623/best,"[11, 21, 7, 4, 6, 26, 14, 27, 29, (7, 8), (14, 15), (24, 21), (20, 21), (10, 15), (23, 24)]","[11, 21, 7, 4, 6, 26, 14, 27, 29]","[(7, 8), (14, 15), (24, 21), (20, 21), (10, 15), (23, 24)]",scenario_013,20260337,9,6,0.19099951257296388,0.8090004874270361,results/batch_tradeoff_20260325_235335/scenario_runs/tradeoff_20260326_010202
optimized,baseline_reference,,baseline,Baseline sequence,Baseline repair sequence used as the reference point.,triangle,3259.1533165784135,3259.1533165784135,1125188.7869044698,0.16004120353920293,3558.750834,0.24845353387139138,3558.750834,0.08333333333333333,1.0,0.2401744849978633,0.133,0.867,0.9,0.9,1,0,,results/batch_tradeoff_20260325_235335/scenario_runs/tradeoff_20260326_010705/reference,"[23, 3, 8, 19, 20, 6, 1, 7, 25, (6, 5), (4, 5), (16, 18), (7, 8), (23, 24), (22, 23), (2, 1), (19, 17), (13, 12), (11, 10)]","[23, 3, 8, 19, 20, 6, 1, 7, 25]","[(6, 5), (4, 5), (16, 18), (7, 8), (23, 24), (22, 23), (2, 1), (19, 17), (13, 12), (11, 10)]",scenario_014,20260338,9,10,0.19644765007314915,0.8035523499268509,results/batch_tradeoff_20260325_235335/scenario_runs/tradeoff_20260326_010705
optimized,single_triangle,,single,Single objective: triangle,Pure efficiency objective that minimizes resilience-triangle loss.,triangle,1728.3573413183321,1728.3573413183321,334105.41278704576,0.18955664221288626,2169.5583210000004,0.3829122921549984,2169.5583210000004,0.08333333333333333,1.0,0.2738434456524881,0.133,0.867,0.9,0.9,1,1,results/batch_tradeoff_20260325_235335/scenario_runs/tradeoff_20260326_010705/single_triangle_20260326_010706,results/batch_tradeoff_20260325_235335/scenario_runs/tradeoff_20260326_010705/single_triangle_20260326_010706/best,"[1, 6, 3, 19, 8, 7, 20, 23, 25, (11, 10), (22, 23), (7, 8), (16, 18), (19, 17), (4, 5), (6, 5), (13, 12), (2, 1), (23, 24)]","[1, 6, 3, 19, 8, 7, 20, 23, 25]","[(11, 10), (22, 23), (7, 8), (16, 18), (19, 17), (4, 5), (6, 5), (13, 12), (2, 1), (23, 24)]",scenario_014,20260338,9,10,0.19644765007314915,0.8035523499268509,results/batch_tradeoff_20260325_235335/scenario_runs/tradeoff_20260326_010705
optimized,single_gini_restore,,single,Single objective: gini_restore,Equity objective that reduces restoration-time inequality using Gini.,equity:gini_restore,0.10802054544453399,3834.9945879706856,959961.3214054756,0.10802054544453399,3713.6854022999996,0.282354183411034,3645.6132660000003,0.08333333333333333,1.0,0.25027483913194964,0.133,0.867,0.9,0.9,1,1,results/batch_tradeoff_20260325_235335/scenario_runs/tradeoff_20260326_010705/single_gini_restore_20260326_010757,results/batch_tradeoff_20260325_235335/scenario_runs/tradeoff_20260326_010705/single_gini_restore_20260326_010757/best,"[20, 25, 23, 7, 1, 3, 8, 6, 19, (6, 5), (2, 1), (11, 10), (23, 24), (7, 8), (19, 17), (22, 23), (4, 5), (16, 18), (13, 12)]","[20, 25, 23, 7, 1, 3, 8, 6, 19]","[(6, 5), (2, 1), (11, 10), (23, 24), (7, 8), (19, 17), (22, 23), (4, 5), (16, 18), (13, 12)]",scenario_014,20260338,9,10,0.19644765007314915,0.8035523499268509,results/batch_tradeoff_20260325_235335/scenario_runs/tradeoff_20260326_010705
optimized,single_maximin_time_avg_cri,,single,Single objective: maximize minimum time-avg CRI,Equity via maximin: improve the worst-served zone by maximizing the minimum time-averaged CRI.,equity:maximin_time_avg_cri_loss,0.6217716335319163,2972.022092343573,938960.4794337265,0.16930122396351632,3284.891376,0.37822836646808367,3284.891376,0.08333333333333333,1.0,0.3668327836022872,0.133,0.867,0.9,0.9,1,0,results/batch_tradeoff_20260325_235335/scenario_runs/tradeoff_20260326_010705/single_maximin_time_avg_cri_20260326_010853,results/batch_tradeoff_20260325_235335/scenario_runs/tradeoff_20260326_010705/single_maximin_time_avg_cri_20260326_010853/best,"[1, 3, 19, 8, 6, 7, 25, 20, 23, (13, 12), (16, 18), (6, 5), (23, 24), (19, 17), (7, 8), (11, 10), (4, 5), (22, 23), (2, 1)]","[1, 3, 19, 8, 6, 7, 25, 20, 23]","[(13, 12), (16, 18), (6, 5), (23, 24), (19, 17), (7, 8), (11, 10), (4, 5), (22, 23), (2, 1)]",scenario_014,20260338,9,10,0.19644765007314915,0.8035523499268509,results/batch_tradeoff_20260325_235335/scenario_runs/tradeoff_20260326_010705
optimized,single_p90_access_restore,,single,Single objective: p90_access_restore,Critical-access objective that shortens the time by which 90% of zones regain access.,critical_access:p90_access_restore,2426.472169,2361.833883948582,855291.3262886811,0.2619241700659587,2426.472169,0.48959512060621363,2426.472169,0.08333333333333333,1.0,0.4938660912430689,0.133,0.867,0.9,0.9,1,0,results/batch_tradeoff_20260325_235335/scenario_runs/tradeoff_20260326_010705/single_p90_access_restore_20260326_010949,results/batch_tradeoff_20260325_235335/scenario_runs/tradeoff_20260326_010705/single_p90_access_restore_20260326_010949/best,"[1, 7, 19, 3, 23, 8, 20, 6, 25, (13, 12), (4, 5), (11, 10), (6, 5), (19, 17), (23, 24), (7, 8), (22, 23), (2, 1), (16, 18)]","[1, 7, 19, 3, 23, 8, 20, 6, 25]","[(13, 12), (4, 5), (11, 10), (6, 5), (19, 17), (23, 24), (7, 8), (22, 23), (2, 1), (16, 18)]",scenario_014,20260338,9,10,0.19644765007314915,0.8035523499268509,results/batch_tradeoff_20260325_235335/scenario_runs/tradeoff_20260326_010705
optimized,weighted_gini_restore_l050,,weighted_sum,Weighted sum: triangle + 0.5 * equity:gini_restore,Weighted trade-off objective. triangle + 0.5 * equity:gini_restore.,weighted_sum,1.0774184109141036,2166.405463217582,333226.1618805461,0.13209935982264898,2751.4389959,0.3519484926457705,2812.890197,0.08333333333333333,1.0,0.2980255628246978,0.133,0.867,0.9,0.9,1,1,results/batch_tradeoff_20260325_235335/scenario_runs/tradeoff_20260326_010705/weighted_gini_restore_l050_20260326_011041,results/batch_tradeoff_20260325_235335/scenario_runs/tradeoff_20260326_010705/weighted_gini_restore_l050_20260326_011041/best,"[23, 25, 1, 3, 8, 7, 19, 6, 20, (22, 23), (7, 8), (16, 18), (11, 10), (19, 17), (2, 1), (4, 5), (6, 5), (13, 12), (23, 24)]","[23, 25, 1, 3, 8, 7, 19, 6, 20]","[(22, 23), (7, 8), (16, 18), (11, 10), (19, 17), (2, 1), (4, 5), (6, 5), (13, 12), (23, 24)]",scenario_014,20260338,9,10,0.19644765007314915,0.8035523499268509,results/batch_tradeoff_20260325_235335/scenario_runs/tradeoff_20260326_010705
optimized,guardrail_gini_restore,,guardrail,Guardrail on equity:gini_restore,Triangle minimization with a fairness guardrail. Guardrail on equity:gini_restore.,guardrail,2758.298416359757,2758.298416359757,516624.4349754459,0.1429258524901189,3054.0138325,0.23359310020422885,3054.0138325,0.08333333333333333,1.0,0.31090091071184506,0.133,0.867,0.9,0.9,1,0,results/batch_tradeoff_20260325_235335/scenario_runs/tradeoff_20260326_010705/guardrail_gini_restore_20260326_011136,results/batch_tradeoff_20260325_235335/scenario_runs/tradeoff_20260326_010705/guardrail_gini_restore_20260326_011136/best,"[25, 3, 6, 23, 19, 8, 1, 7, 20, (4, 5), (2, 1), (7, 8), (16, 18), (13, 12), (6, 5), (22, 23), (19, 17), (11, 10), (23, 24)]","[25, 3, 6, 23, 19, 8, 1, 7, 20]","[(4, 5), (2, 1), (7, 8), (16, 18), (13, 12), (6, 5), (22, 23), (19, 17), (11, 10), (23, 24)]",scenario_014,20260338,9,10,0.19644765007314915,0.8035523499268509,results/batch_tradeoff_20260325_235335/scenario_runs/tradeoff_20260326_010705
optimized,weighted_maximin_time_avg_cri_l050,,weighted_sum,Weighted sum: triangle + 0.5 * equity:maximin_time_avg_cri_loss,Weighted trade-off objective. triangle + 0.5 * equity:maximin_time_avg_cri_loss.,weighted_sum,1.199030425129699,2668.299922941178,984616.835771914,0.1982487671664479,2981.887716,0.42834237033851646,2981.887716,0.08333333333333333,1.0,0.3685358767967866,0.133,0.867,0.9,0.9,1,0,results/batch_tradeoff_20260325_235335/scenario_runs/tradeoff_20260326_010705/weighted_maximin_time_avg_cri_l050_20260326_011229,results/batch_tradeoff_20260325_235335/scenario_runs/tradeoff_20260326_010705/weighted_maximin_time_avg_cri_l050_20260326_011229/best,"[7, 19, 8, 6, 3, 25, 23, 1, 20, (13, 12), (11, 10), (7, 8), (6, 5), (19, 17), (23, 24), (2, 1), (22, 23), (4, 5), (16, 18)]","[7, 19, 8, 6, 3, 25, 23, 1, 20]","[(13, 12), (11, 10), (7, 8), (6, 5), (19, 17), (23, 24), (2, 1), (22, 23), (4, 5), (16, 18)]",scenario_014,20260338,9,10,0.19644765007314915,0.8035523499268509,results/batch_tradeoff_20260325_235335/scenario_runs/tradeoff_20260326_010705
optimized,baseline_reference,,baseline,Baseline sequence,Baseline repair sequence used as the reference point.,triangle,36528.24361342825,36528.24361342825,54515593.127022564,0.11585985572133173,31728.643655999993,0.3211725835843566,31728.643655999993,0.125,1.0,0.2652906646071393,0.133,0.867,0.9,0.9,1,0,,results/batch_tradeoff_20260325_235335/scenario_runs/tradeoff_20260326_011326/reference,"[18, 30, 29, 12, 4, 19, 9, 2, 25, 17, 15, 16, 27, 22, 33, (4, 11), (22, 21), (1, 3), (3, 12), (6, 2), (10, 9)]","[18, 30, 29, 12, 4, 19, 9, 2, 25, 17, 15, 16, 27, 22, 33]","[(4, 11), (22, 21), (1, 3), (3, 12), (6, 2), (10, 9)]",scenario_015,20260339,15,6,0.29342494233143723,0.7065750576685628,results/batch_tradeoff_20260325_235335/scenario_runs/tradeoff_20260326_011326
optimized,single_triangle,,single,Single objective: triangle,Pure efficiency objective that minimizes resilience-triangle loss.,triangle,14788.185178048314,14788.185178048314,9142820.475106793,0.09282757521791418,11102.248345999997,0.30754487003835784,11102.248345999997,0.125,1.0,0.22335766798924392,0.133,0.867,0.9,0.9,1,1,results/batch_tradeoff_20260325_235335/scenario_runs/tradeoff_20260326_011326/single_triangle_20260326_011326,results/batch_tradeoff_20260325_235335/scenario_runs/tradeoff_20260326_011326/single_triangle_20260326_011326/best,"[2, 12, 25, 9, 22, 19, 4, 29, 30, 17, 18, 16, 27, 15, 33, (1, 3), (6, 2), (3, 12), (4, 11), (10, 9), (22, 21)]","[2, 12, 25, 9, 22, 19, 4, 29, 30, 17, 18, 16, 27, 15, 33]","[(1, 3), (6, 2), (3, 12), (4, 11), (10, 9), (22, 21)]",scenario_015,20260339,15,6,0.29342494233143723,0.7065750576685628,results/batch_tradeoff_20260325_235335/scenario_runs/tradeoff_20260326_011326
optimized,single_gini_restore,,single,Single objective: gini_restore,Equity objective that reduces restoration-time inequality using Gini.,equity:gini_restore,0.044389269064140535,44552.81129516895,21015161.07639062,0.044389269064140535,31467.898421000005,0.25749699339758325,31467.898421000005,0.125,1.0,0.23790542753973645,0.133,0.867,0.9,0.9,1,1,results/batch_tradeoff_20260325_235335/scenario_runs/tradeoff_20260326_011326/single_gini_restore_20260326_011424,results/batch_tradeoff_20260325_235335/scenario_runs/tradeoff_20260326_011326/single_gini_restore_20260326_011424/best,"[16, 18, 2, 12, 27, 19, 9, 29, 4, 17, 25, 30, 22, 33, 15, (22, 21), (6, 2), (10, 9), (1, 3), (4, 11), (3, 12)]","[16, 18, 2, 12, 27, 19, 9, 29, 4, 17, 25, 30, 22, 33, 15]","[(22, 21), (6, 2), (10, 9), (1, 3), (4, 11), (3, 12)]",scenario_015,20260339,15,6,0.29342494233143723,0.7065750576685628,results/batch_tradeoff_20260325_235335/scenario_runs/tradeoff_20260326_011326
optimized,single_maximin_time_avg_cri,,single,Single objective: maximize minimum time-avg CRI,Equity via maximin: improve the worst-served zone by maximizing the minimum time-averaged CRI.,equity:maximin_time_avg_cri_loss,0.541567882420618,27662.116974976718,41583793.510927774,0.15477729080869906,31453.466608000002,0.458432117579382,21384.654467000004,0.125,1.0,0.4385342646086921,0.133,0.867,0.9,0.9,1,0,results/batch_tradeoff_20260325_235335/scenario_runs/tradeoff_20260326_011326/single_maximin_time_avg_cri_20260326_011527,results/batch_tradeoff_20260325_235335/scenario_runs/tradeoff_20260326_011326/single_maximin_time_avg_cri_20260326_011527/best,"[18, 4, 29, 17, 30, 19, 9, 25, 27, 12, 15, 33, 2, 16, 22, (3, 12), (1, 3), (6, 2), (10, 9), (4, 11), (22, 21)]","[18, 4, 29, 17, 30, 19, 9, 25, 27, 12, 15, 33, 2, 16, 22]","[(3, 12), (1, 3), (6, 2), (10, 9), (4, 11), (22, 21)]",scenario_015,20260339,15,6,0.29342494233143723,0.7065750576685628,results/batch_tradeoff_20260325_235335/scenario_runs/tradeoff_20260326_011326
optimized,single_p90_access_restore,,single,Single objective: p90_access_restore,Critical-access objective that shortens the time by which 90% of zones regain access.,critical_access:p90_access_restore,31016.993513,34955.945616374964,79822169.15641774,0.15492864305717302,31120.160551,0.31386940842766264,31016.993513,0.125,1.0,0.2946839251135756,0.133,0.867,0.9,0.9,1,0,results/batch_tradeoff_20260325_235335/scenario_runs/tradeoff_20260326_011326/single_p90_access_restore_20260326_011630,results/batch_tradeoff_20260325_235335/scenario_runs/tradeoff_20260326_011326/single_p90_access_restore_20260326_011630/best,"[18, 29, 4, 17, 30, 9, 19, 2, 27, 12, 16, 15, 25, 33, 22, (1, 3), (4, 11), (3, 12), (22, 21), (10, 9), (6, 2)]","[18, 29, 4, 17, 30, 9, 19, 2, 27, 12, 16, 15, 25, 33, 22]","[(1, 3), (4, 11), (3, 12), (22, 21), (10, 9), (6, 2)]",scenario_015,20260339,15,6,0.29342494233143723,0.7065750576685628,results/batch_tradeoff_20260325_235335/scenario_runs/tradeoff_20260326_011326
optimized,weighted_gini_restore_l050,,weighted_sum,Weighted sum: triangle + 0.5 * equity:gini_restore,Weighted trade-off objective. triangle + 0.5 * equity:gini_restore.,weighted_sum,0.6873280212023187,16938.481186473604,4956013.949711646,0.051816897837325904,11280.560435000001,0.09431700996576738,11280.560435000001,0.125,1.0,0.138745588825289,0.133,0.867,0.9,0.9,1,1,results/batch_tradeoff_20260325_235335/scenario_runs/tradeoff_20260326_011326/weighted_gini_restore_l050_20260326_011728,results/batch_tradeoff_20260325_235335/scenario_runs/tradeoff_20260326_011326/weighted_gini_restore_l050_20260326_011728/best,"[15, 2, 4, 9, 25, 19, 22, 17, 16, 27, 12, 30, 18, 29, 33, (10, 9), (6, 2), (22, 21), (4, 11), (1, 3), (3, 12)]","[15, 2, 4, 9, 25, 19, 22, 17, 16, 27, 12, 30, 18, 29, 33]","[(10, 9), (6, 2), (22, 21), (4, 11), (1, 3), (3, 12)]",scenario_015,20260339,15,6,0.29342494233143723,0.7065750576685628,results/batch_tradeoff_20260325_235335/scenario_runs/tradeoff_20260326_011326
optimized,guardrail_gini_restore,,guardrail,Guardrail on equity:gini_restore,Triangle minimization with a fairness guardrail. Guardrail on equity:gini_restore.,guardrail,14849.011417136326,14849.011417136326,9362703.137843294,0.09574832675835565,11262.127239999996,0.3108031558311943,11262.127239999996,0.125,1.0,0.2314173599306034,0.133,0.867,0.9,0.9,1,0,results/batch_tradeoff_20260325_235335/scenario_runs/tradeoff_20260326_011326/guardrail_gini_restore_20260326_011829,results/batch_tradeoff_20260325_235335/scenario_runs/tradeoff_20260326_011326/guardrail_gini_restore_20260326_011829/best,"[2, 25, 12, 9, 30, 27, 4, 22, 19, 29, 16, 15, 17, 18, 33, (1, 3), (3, 12), (10, 9), (6, 2), (4, 11), (22, 21)]","[2, 25, 12, 9, 30, 27, 4, 22, 19, 29, 16, 15, 17, 18, 33]","[(1, 3), (3, 12), (10, 9), (6, 2), (4, 11), (22, 21)]",scenario_015,20260339,15,6,0.29342494233143723,0.7065750576685628,results/batch_tradeoff_20260325_235335/scenario_runs/tradeoff_20260326_011326
optimized,weighted_maximin_time_avg_cri_l050,,weighted_sum,Weighted sum: triangle + 0.5 * equity:maximin_time_avg_cri_loss,Weighted trade-off objective. triangle + 0.5 * equity:maximin_time_avg_cri_loss.,weighted_sum,0.9034938035064591,14694.768525724667,9574294.820148127,0.0971598151820523,11363.836268999998,0.31953159595500674,11363.836268999998,0.125,1.0,0.22329190760433454,0.133,0.867,0.9,0.9,1,1,results/batch_tradeoff_20260325_235335/scenario_runs/tradeoff_20260326_011326/weighted_maximin_time_avg_cri_l050_20260326_011930,results/batch_tradeoff_20260325_235335/scenario_runs/tradeoff_20260326_011326/weighted_maximin_time_avg_cri_l050_20260326_011930/best,"[2, 15, 27, 30, 9, 18, 4, 25, 22, 33, 29, 19, 16, 17, 12, (1, 3), (6, 2), (4, 11), (3, 12), (22, 21), (10, 9)]","[2, 15, 27, 30, 9, 18, 4, 25, 22, 33, 29, 19, 16, 17, 12]","[(1, 3), (6, 2), (4, 11), (3, 12), (22, 21), (10, 9)]",scenario_015,20260339,15,6,0.29342494233143723,0.7065750576685628,results/batch_tradeoff_20260325_235335/scenario_runs/tradeoff_20260326_011326
optimized,baseline_reference,,baseline,Baseline sequence,Baseline repair sequence used as the reference point.,triangle,8139.514151499349,8139.514151499349,4002262.183905141,0.13442154173725052,6944.064560000001,0.22425259545268977,6944.064560000001,0.25,1.0,0.28254614555551694,0.133,0.867,0.9,0.9,1,0,,results/batch_tradeoff_20260325_235335/scenario_runs/tradeoff_20260326_012032/reference,"[9, 28, 13, 4, 17, 16, 10, 29, 33, 7, 19, 5, 2, 8, (9, 8), (19, 20), (10, 16), (24, 13), (1, 2), (16, 8), (21, 20), (15, 10)]","[9, 28, 13, 4, 17, 16, 10, 29, 33, 7, 19, 5, 2, 8]","[(9, 8), (19, 20), (10, 16), (24, 13), (1, 2), (16, 8), (21, 20), (15, 10)]",scenario_016,20260340,14,8,0.23412280832140475,0.7658771916785952,results/batch_tradeoff_20260325_235335/scenario_runs/tradeoff_20260326_012032
optimized,single_triangle,,single,Single objective: triangle,Pure efficiency objective that minimizes resilience-triangle loss.,triangle,3257.3844230842815,3257.3844230842815,1095591.9491735755,0.18465272819534517,3591.49622,0.41461417243331444,3591.49622,0.25,1.0,0.33506963254115113,0.133,0.867,0.9,0.9,1,1,results/batch_tradeoff_20260325_235335/scenario_runs/tradeoff_20260326_012032/single_triangle_20260326_012033,results/batch_tradeoff_20260325_235335/scenario_runs/tradeoff_20260326_012032/single_triangle_20260326_012033/best,"[5, 28, 29, 4, 13, 16, 2, 7, 10, 8, 19, 9, 33, 17, (10, 16), (15, 10), (9, 8), (24, 13), (19, 20), (21, 20), (16, 8), (1, 2)]","[5, 28, 29, 4, 13, 16, 2, 7, 10, 8, 19, 9, 33, 17]","[(10, 16), (15, 10), (9, 8), (24, 13), (19, 20), (21, 20), (16, 8), (1, 2)]",scenario_016,20260340,14,8,0.23412280832140475,0.7658771916785952,results/batch_tradeoff_20260325_235335/scenario_runs/tradeoff_20260326_012032
optimized,single_gini_restore,,single,Single objective: gini_restore,Equity objective that reduces restoration-time inequality using Gini.,equity:gini_restore,0.09268394173104322,6619.939511520504,1783271.6652132338,0.09268394173104322,5993.676264,0.26095787051647057,5993.676264,0.25,1.0,0.2796994615367946,0.133,0.867,0.9,0.9,1,1,results/batch_tradeoff_20260325_235335/scenario_runs/tradeoff_20260326_012032/single_gini_restore_20260326_012131,results/batch_tradeoff_20260325_235335/scenario_runs/tradeoff_20260326_012032/single_gini_restore_20260326_012131/best,"[9, 10, 28, 8, 13, 16, 7, 29, 4, 17, 2, 19, 5, 33, (24, 13), (10, 16), (15, 10), (19, 20), (21, 20), (9, 8), (16, 8), (1, 2)]","[9, 10, 28, 8, 13, 16, 7, 29, 4, 17, 2, 19, 5, 33]","[(24, 13), (10, 16), (15, 10), (19, 20), (21, 20), (9, 8), (16, 8), (1, 2)]",scenario_016,20260340,14,8,0.23412280832140475,0.7658771916785952,results/batch_tradeoff_20260325_235335/scenario_runs/tradeoff_20260326_012032
optimized,single_maximin_time_avg_cri,,single,Single objective: maximize minimum time-avg CRI,Equity via maximin: improve the worst-served zone by maximizing the minimum time-averaged CRI.,equity:maximin_time_avg_cri_loss,0.6156085179715082,5272.196470078391,2873030.324717937,0.16408955511099754,5540.558694,0.3843914820284918,5540.558694,0.25,1.0,0.31035641072992726,0.133,0.867,0.9,0.9,1,0,results/batch_tradeoff_20260325_235335/scenario_runs/tradeoff_20260326_012032/single_maximin_time_avg_cri_20260326_012234,results/batch_tradeoff_20260325_235335/scenario_runs/tradeoff_20260326_012032/single_maximin_time_avg_cri_20260326_012234/best,"[7, 10, 17, 29, 28, 13, 16, 4, 19, 5, 2, 33, 8, 9, (1, 2), (15, 10), (9, 8), (21, 20), (10, 16), (24, 13), (19, 20), (16, 8)]","[7, 10, 17, 29, 28, 13, 16, 4, 19, 5, 2, 33, 8, 9]","[(1, 2), (15, 10), (9, 8), (21, 20), (10, 16), (24, 13), (19, 20), (16, 8)]",scenario_016,20260340,14,8,0.23412280832140475,0.7658771916785952,results/batch_tradeoff_20260325_235335/scenario_runs/tradeoff_20260326_012032
optimized,single_p90_access_restore,,single,Single objective: p90_access_restore,Critical-access objective that shortens the time by which 90% of zones regain access.,critical_access:p90_access_restore,3435.6842100000003,4477.87820742172,949746.1654915226,0.1387693241846295,3690.6020732,0.20108765577737356,3435.6842100000003,0.25,1.0,0.3397646846020744,0.133,0.867,0.9,0.9,1,0,results/batch_tradeoff_20260325_235335/scenario_runs/tradeoff_20260326_012032/single_p90_access_restore_20260326_012337,results/batch_tradeoff_20260325_235335/scenario_runs/tradeoff_20260326_012032/single_p90_access_restore_20260326_012337/best,"[9, 5, 33, 8, 17, 13, 16, 10, 2, 7, 4, 28, 29, 19, (16, 8), (9, 8), (19, 20), (15, 10), (1, 2), (24, 13), (21, 20), (10, 16)]","[9, 5, 33, 8, 17, 13, 16, 10, 2, 7, 4, 28, 29, 19]","[(16, 8), (9, 8), (19, 20), (15, 10), (1, 2), (24, 13), (21, 20), (10, 16)]",scenario_016,20260340,14,8,0.23412280832140475,0.7658771916785952,results/batch_tradeoff_20260325_235335/scenario_runs/tradeoff_20260326_012032
optimized,weighted_gini_restore_l050,,weighted_sum,Weighted sum: triangle + 0.5 * equity:gini_restore,Weighted trade-off objective. triangle + 0.5 * equity:gini_restore.,weighted_sum,1.2245819810624947,6201.618604076808,2272718.575379774,0.12438479537259561,6117.453181000001,0.34918512761995596,6117.453181000001,0.25,1.0,0.33499167001362185,0.133,0.867,0.9,0.9,1,0,results/batch_tradeoff_20260325_235335/scenario_runs/tradeoff_20260326_012032/weighted_gini_restore_l050_20260326_012437,results/batch_tradeoff_20260325_235335/scenario_runs/tradeoff_20260326_012032/weighted_gini_restore_l050_20260326_012437/best,"[4, 10, 19, 7, 5, 28, 29, 2, 16, 13, 9, 17, 8, 33, (1, 2), (10, 16), (21, 20), (16, 8), (9, 8), (24, 13), (15, 10), (19, 20)]","[4, 10, 19, 7, 5, 28, 29, 2, 16, 13, 9, 17, 8, 33]","[(1, 2), (10, 16), (21, 20), (16, 8), (9, 8), (24, 13), (15, 10), (19, 20)]",scenario_016,20260340,14,8,0.23412280832140475,0.7658771916785952,results/batch_tradeoff_20260325_235335/scenario_runs/tradeoff_20260326_012032
optimized,guardrail_gini_restore,,guardrail,Guardrail on equity:gini_restore,Triangle minimization with a fairness guardrail. Guardrail on equity:gini_restore.,guardrail,3633.295811853147,3633.295811853147,777596.3711961508,0.12105156871691714,3282.9721170000003,0.26171007258614076,3282.9721170000003,0.25,1.0,0.25634090696116624,0.133,0.867,0.9,0.9,1,1,results/batch_tradeoff_20260325_235335/scenario_runs/tradeoff_20260326_012032/guardrail_gini_restore_20260326_012541,results/batch_tradeoff_20260325_235335/scenario_runs/tradeoff_20260326_012032/guardrail_gini_restore_20260326_012541/best,"[10, 28, 33, 9, 17, 29, 4, 13, 16, 7, 8, 19, 2, 5, (24, 13), (21, 20), (15, 10), (19, 20), (10, 16), (9, 8), (16, 8), (1, 2)]","[10, 28, 33, 9, 17, 29, 4, 13, 16, 7, 8, 19, 2, 5]","[(24, 13), (21, 20), (15, 10), (19, 20), (10, 16), (9, 8), (16, 8), (1, 2)]",scenario_016,20260340,14,8,0.23412280832140475,0.7658771916785952,results/batch_tradeoff_20260325_235335/scenario_runs/tradeoff_20260326_012032
optimized,weighted_maximin_time_avg_cri_l050,,weighted_sum,Weighted sum: triangle + 0.5 * equity:maximin_time_avg_cri_loss,Weighted trade-off objective. triangle + 0.5 * equity:maximin_time_avg_cri_loss.,weighted_sum,1.0055890415346636,5021.748472808723,3961728.5628626547,0.22648166233898737,5666.669566999999,0.39704288177113956,5666.669566999999,0.25,1.0,0.33155841972707,0.133,0.867,0.9,0.9,1,0,results/batch_tradeoff_20260325_235335/scenario_runs/tradeoff_20260326_012032/weighted_maximin_time_avg_cri_l050_20260326_012645,results/batch_tradeoff_20260325_235335/scenario_runs/tradeoff_20260326_012032/weighted_maximin_time_avg_cri_l050_20260326_012645/best,"[7, 13, 2, 4, 17, 9, 33, 10, 29, 19, 5, 16, 8, 28, (1, 2), (15, 10), (19, 20), (16, 8), (21, 20), (9, 8), (10, 16), (24, 13)]","[7, 13, 2, 4, 17, 9, 33, 10, 29, 19, 5, 16, 8, 28]","[(1, 2), (15, 10), (19, 20), (16, 8), (21, 20), (9, 8), (10, 16), (24, 13)]",scenario_016,20260340,14,8,0.23412280832140475,0.7658771916785952,results/batch_tradeoff_20260325_235335/scenario_runs/tradeoff_20260326_012032
optimized,baseline_reference,,baseline,Baseline sequence,Baseline repair sequence used as the reference point.,triangle,1329.174435911821,1329.174435911821,138620.34652299108,0.14142693862026845,1345.3458520000001,0.32788566212545034,1345.3458520000001,0.2916666666666667,1.0,0.2964610710128883,0.133,0.867,0.9,0.9,1,0,,results/batch_tradeoff_20260325_235335/scenario_runs/tradeoff_20260326_012750/reference,"[6, 30, 1, 4, 14, 33, 29, 22, 8, 20, 17, 11, 27, (23, 22), (10, 17), (22, 21)]","[6, 30, 1, 4, 14, 33, 29, 22, 8, 20, 17, 11, 27]","[(23, 22), (10, 17), (22, 21)]",scenario_017,20260341,13,3,0.1931129737846152,0.8068870262153848,results/batch_tradeoff_20260325_235335/scenario_runs/tradeoff_20260326_012750
optimized,single_triangle,,single,Single objective: triangle,Pure efficiency objective that minimizes resilience-triangle loss.,triangle,642.4788688687297,642.4788688687297,78968.67815597162,0.21854089716011993,917.4485030000002,0.5272246243857381,815.0941290000002,0.2916666666666667,1.0,0.40152549607644483,0.133,0.867,0.9,0.9,1,0,results/batch_tradeoff_20260325_235335/scenario_runs/tradeoff_20260326_012750/single_triangle_20260326_012751,results/batch_tradeoff_20260325_235335/scenario_runs/tradeoff_20260326_012750/single_triangle_20260326_012751/best,"[1, 4, 6, 17, 27, 29, 30, 20, 14, 8, 33, 11, 22, (10, 17), (23, 22), (22, 21)]","[1, 4, 6, 17, 27, 29, 30, 20, 14, 8, 33, 11, 22]","[(10, 17), (23, 22), (22, 21)]",scenario_017,20260341,13,3,0.1931129737846152,0.8068870262153848,results/batch_tradeoff_20260325_235335/scenario_runs/tradeoff_20260326_012750
optimized,single_gini_restore,,single,Single objective: gini_restore,Equity objective that reduces restoration-time inequality using Gini.,equity:gini_restore,0.11037716068444814,1470.9553947090726,119464.87329086063,0.11037716068444814,1434.8975889999997,0.27334440041521874,1349.1193239999998,0.2916666666666667,1.0,0.3332381464588736,0.133,0.867,0.9,0.9,1,0,results/batch_tradeoff_20260325_235335/scenario_runs/tradeoff_20260326_012750/single_gini_restore_20260326_012835,results/batch_tradeoff_20260325_235335/scenario_runs/tradeoff_20260326_012750/single_gini_restore_20260326_012835/best,"[6, 30, 8, 14, 27, 33, 11, 20, 1, 4, 17, 29, 22, (10, 17), (22, 21), (23, 22)]","[6, 30, 8, 14, 27, 33, 11, 20, 1, 4, 17, 29, 22]","[(10, 17), (22, 21), (23, 22)]",scenario_017,20260341,13,3,0.1931129737846152,0.8068870262153848,results/batch_tradeoff_20260325_235335/scenario_runs/tradeoff_20260326_012750
optimized,single_maximin_time_avg_cri,,single,Single objective: maximize minimum time-avg CRI,Equity via maximin: improve the worst-served zone by maximizing the minimum time-averaged CRI.,equity:maximin_time_avg_cri_loss,0.6259499108605822,1390.0037817702162,79420.77852847203,0.10468925991707723,1371.463046,0.3740500891394178,1299.7875050000002,0.2916666666666667,1.0,0.3466789137707709,0.133,0.867,0.9,0.9,1,0,results/batch_tradeoff_20260325_235335/scenario_runs/tradeoff_20260326_012750/single_maximin_time_avg_cri_20260326_012919,results/batch_tradeoff_20260325_235335/scenario_runs/tradeoff_20260326_012750/single_maximin_time_avg_cri_20260326_012919/best,"[27, 30, 29, 11, 4, 14, 17, 22, 6, 33, 1, 8, 20, (10, 17), (22, 21), (23, 22)]","[27, 30, 29, 11, 4, 14, 17, 22, 6, 33, 1, 8, 20]","[(10, 17), (22, 21), (23, 22)]",scenario_017,20260341,13,3,0.1931129737846152,0.8068870262153848,results/batch_tradeoff_20260325_235335/scenario_runs/tradeoff_20260326_012750
optimized,single_p90_access_restore,,single,Single objective: p90_access_restore,Critical-access objective that shortens the time by which 90% of zones regain access.,critical_access:p90_access_restore,632.8970589999999,702.8763321321586,28952.975657856896,0.14205607876187432,739.2724639999999,0.36367208781401084,632.8970589999999,0.2916666666666667,1.0,0.38770658687980925,0.133,0.867,0.9,0.9,1,0,results/batch_tradeoff_20260325_235335/scenario_runs/tradeoff_20260326_012750/single_p90_access_restore_20260326_013008,results/batch_tradeoff_20260325_235335/scenario_runs/tradeoff_20260326_012750/single_p90_access_restore_20260326_013008/best,"[33, 30, 20, 4, 29, 17, 6, 8, 27, 1, 11, 14, 22, (10, 17), (22, 21), (23, 22)]","[33, 30, 20, 4, 29, 17, 6, 8, 27, 1, 11, 14, 22]","[(10, 17), (22, 21), (23, 22)]",scenario_017,20260341,13,3,0.1931129737846152,0.8068870262153848,results/batch_tradeoff_20260325_235335/scenario_runs/tradeoff_20260326_012750
optimized,weighted_gini_restore_l050,,weighted_sum,Weighted sum: triangle + 0.5 * equity:gini_restore,Weighted trade-off objective. triangle + 0.5 * equity:gini_restore.,weighted_sum,1.1339955408014004,905.265271261754,59950.67728433204,0.12811080085042925,954.074183,0.3414610533765348,954.074183,0.2916666666666667,1.0,0.30292942854074345,0.133,0.867,0.9,0.9,1,0,results/batch_tradeoff_20260325_235335/scenario_runs/tradeoff_20260326_012750/weighted_gini_restore_l050_20260326_013053,results/batch_tradeoff_20260325_235335/scenario_runs/tradeoff_20260326_012750/weighted_gini_restore_l050_20260326_013053/best,"[11, 27, 29, 6, 30, 20, 17, 22, 14, 1, 4, 33, 8, (10, 17), (22, 21), (23, 22)]","[11, 27, 29, 6, 30, 20, 17, 22, 14, 1, 4, 33, 8]","[(10, 17), (22, 21), (23, 22)]",scenario_017,20260341,13,3,0.1931129737846152,0.8068870262153848,results/batch_tradeoff_20260325_235335/scenario_runs/tradeoff_20260326_012750
optimized,guardrail_gini_restore,,guardrail,Guardrail on equity:gini_restore,Triangle minimization with a fairness guardrail. Guardrail on equity:gini_restore.,guardrail,1060.3683816870632,1060.3683816870632,67071.9048790682,0.12392988134344085,1088.9969279999998,0.3606446056233436,1088.9969279999998,0.2916666666666667,1.0,0.310402913544001,0.133,0.867,0.9,0.9,1,0,results/batch_tradeoff_20260325_235335/scenario_runs/tradeoff_20260326_012750/guardrail_gini_restore_20260326_013138,results/batch_tradeoff_20260325_235335/scenario_runs/tradeoff_20260326_012750/guardrail_gini_restore_20260326_013138/best,"[4, 1, 20, 6, 8, 29, 17, 33, 30, 27, 22, 11, 14, (10, 17), (23, 22), (22, 21)]","[4, 1, 20, 6, 8, 29, 17, 33, 30, 27, 22, 11, 14]","[(10, 17), (23, 22), (22, 21)]",scenario_017,20260341,13,3,0.1931129737846152,0.8068870262153848,results/batch_tradeoff_20260325_235335/scenario_runs/tradeoff_20260326_012750
optimized,weighted_maximin_time_avg_cri_l050,,weighted_sum,Weighted sum: triangle + 0.5 * equity:maximin_time_avg_cri_loss,Weighted trade-off objective. triangle + 0.5 * equity:maximin_time_avg_cri_loss.,weighted_sum,1.0380855328487835,642.1468953348838,13370.090522012375,0.07563233733893782,605.5328400000001,0.2539955148520958,605.5328400000001,0.2916666666666667,1.0,0.2916666666666667,0.133,0.867,0.9,0.9,1,1,results/batch_tradeoff_20260325_235335/scenario_runs/tradeoff_20260326_012750/weighted_maximin_time_avg_cri_l050_20260326_013222,results/batch_tradeoff_20260325_235335/scenario_runs/tradeoff_20260326_012750/weighted_maximin_time_avg_cri_l050_20260326_013222/best,"[27, 11, 1, 22, 14, 30, 20, 29, 8, 6, 17, 33, 4, (22, 21), (10, 17), (23, 22)]","[27, 11, 1, 22, 14, 30, 20, 29, 8, 6, 17, 33, 4]","[(22, 21), (10, 17), (23, 22)]",scenario_017,20260341,13,3,0.1931129737846152,0.8068870262153848,results/batch_tradeoff_20260325_235335/scenario_runs/tradeoff_20260326_012750
optimized,baseline_reference,,baseline,Baseline sequence,Baseline repair sequence used as the reference point.,triangle,1187.8952660676796,1187.8952660676796,160571.8377347648,0.16776669857136906,1274.8769320000001,0.27159047717861395,1274.8769320000001,0.25,1.0,0.30170724843737307,0.133,0.867,0.9,0.9,1,0,,results/batch_tradeoff_20260325_235335/scenario_runs/tradeoff_20260326_013311/reference,"[23, 14, 4, 10, 32, 11, 2, 31, 22, 18, 26, (16, 10), (10, 17), (10, 16), (21, 22), (20, 22), (3, 4)]","[23, 14, 4, 10, 32, 11, 2, 31, 22, 18, 26]","[(16, 10), (10, 17), (10, 16), (21, 22), (20, 22), (3, 4)]",scenario_018,20260342,11,6,0.3047303962058658,0.6952696037941343,results/batch_tradeoff_20260325_235335/scenario_runs/tradeoff_20260326_013311
optimized,single_triangle,,single,Single objective: triangle,Pure efficiency objective that minimizes resilience-triangle loss.,triangle,662.5843190391495,662.5843190391495,76442.5570776041,0.18624120342289774,779.4056499999999,0.240894039063028,779.4056499999999,0.25,1.0,0.28179203195836894,0.133,0.867,0.9,0.9,1,1,results/batch_tradeoff_20260325_235335/scenario_runs/tradeoff_20260326_013311/single_triangle_20260326_013311,results/batch_tradeoff_20260325_235335/scenario_runs/tradeoff_20260326_013311/single_triangle_20260326_013311/best,"[2, 14, 10, 18, 32, 23, 22, 31, 11, 4, 26, (10, 17), (10, 16), (16, 10), (21, 22), (20, 22), (3, 4)]","[2, 14, 10, 18, 32, 23, 22, 31, 11, 4, 26]","[(10, 17), (10, 16), (16, 10), (21, 22), (20, 22), (3, 4)]",scenario_018,20260342,11,6,0.3047303962058658,0.6952696037941343,results/batch_tradeoff_20260325_235335/scenario_runs/tradeoff_20260326_013311
optimized,single_gini_restore,,single,Single objective: gini_restore,Equity objective that reduces restoration-time inequality using Gini.,equity:gini_restore,0.14370202052605996,1176.7531327637955,126915.76482728742,0.14370202052605996,1163.5559289999999,0.23782983241418548,1163.5559289999999,0.25,1.0,0.28326637726238596,0.133,0.867,0.9,0.9,1,0,results/batch_tradeoff_20260325_235335/scenario_runs/tradeoff_20260326_013311/single_gini_restore_20260326_013358,results/batch_tradeoff_20260325_235335/scenario_runs/tradeoff_20260326_013311/single_gini_restore_20260326_013358/best,"[23, 10, 26, 22, 31, 32, 18, 4, 11, 2, 14, (21, 22), (10, 16), (10, 17), (20, 22), (3, 4), (16, 10)]","[23, 10, 26, 22, 31, 32, 18, 4, 11, 2, 14]","[(21, 22), (10, 16), (10, 17), (20, 22), (3, 4), (16, 10)]",scenario_018,20260342,11,6,0.3047303962058658,0.6952696037941343,results/batch_tradeoff_20260325_235335/scenario_runs/tradeoff_20260326_013311
optimized,single_maximin_time_avg_cri,,single,Single objective: maximize minimum time-avg CRI,Equity via maximin: improve the worst-served zone by maximizing the minimum time-averaged CRI.,equity:maximin_time_avg_cri_loss,0.5822816612487143,825.2920143936204,144507.9579843421,0.23667665322172993,1037.448841,0.4177183387512857,1037.448841,0.25,1.0,0.34483971633418276,0.133,0.867,0.9,0.9,1,0,results/batch_tradeoff_20260325_235335/scenario_runs/tradeoff_20260326_013311/single_maximin_time_avg_cri_20260326_013445,results/batch_tradeoff_20260325_235335/scenario_runs/tradeoff_20260326_013311/single_maximin_time_avg_cri_20260326_013445/best,"[2, 31, 4, 26, 32, 22, 10, 11, 23, 18, 14, (20, 22), (3, 4), (10, 16), (16, 10), (10, 17), (21, 22)]","[2, 31, 4, 26, 32, 22, 10, 11, 23, 18, 14]","[(20, 22), (3, 4), (10, 16), (16, 10), (10, 17), (21, 22)]",scenario_018,20260342,11,6,0.3047303962058658,0.6952696037941343,results/batch_tradeoff_20260325_235335/scenario_runs/tradeoff_20260326_013311
optimized,single_p90_access_restore,,single,Single objective: p90_access_restore,Critical-access objective that shortens the time by which 90% of zones regain access.,critical_access:p90_access_restore,791.6130571000001,754.0524983320533,60562.3997267874,0.15307814928969465,800.9242630000001,0.2881146826333926,791.6130571000001,0.25,1.0,0.3034826481880889,0.133,0.867,0.9,0.9,1,1,results/batch_tradeoff_20260325_235335/scenario_runs/tradeoff_20260326_013311/single_p90_access_restore_20260326_013536,results/batch_tradeoff_20260325_235335/scenario_runs/tradeoff_20260326_013311/single_p90_access_restore_20260326_013536/best,"[26, 23, 31, 10, 14, 2, 11, 18, 22, 4, 32, (10, 16), (16, 10), (3, 4), (21, 22), (20, 22), (10, 17)]","[26, 23, 31, 10, 14, 2, 11, 18, 22, 4, 32]","[(10, 16), (16, 10), (3, 4), (21, 22), (20, 22), (10, 17)]",scenario_018,20260342,11,6,0.3047303962058658,0.6952696037941343,results/batch_tradeoff_20260325_235335/scenario_runs/tradeoff_20260326_013311
optimized,weighted_gini_restore_l050,,weighted_sum,Weighted sum: triangle + 0.5 * equity:gini_restore,Weighted trade-off objective. triangle + 0.5 * equity:gini_restore.,weighted_sum,1.2988702567306576,1056.0401264904488,96693.67903664582,0.13752481080233236,1066.568085,0.273391422468395,1066.568085,0.25,1.0,0.2893742462457675,0.133,0.867,0.9,0.9,1,1,results/batch_tradeoff_20260325_235335/scenario_runs/tradeoff_20260326_013311/weighted_gini_restore_l050_20260326_013624,results/batch_tradeoff_20260325_235335/scenario_runs/tradeoff_20260326_013311/weighted_gini_restore_l050_20260326_013624/best,"[11, 22, 14, 32, 26, 4, 23, 18, 10, 2, 31, (21, 22), (10, 17), (10, 16), (20, 22), (16, 10), (3, 4)]","[11, 22, 14, 32, 26, 4, 23, 18, 10, 2, 31]","[(21, 22), (10, 17), (10, 16), (20, 22), (16, 10), (3, 4)]",scenario_018,20260342,11,6,0.3047303962058658,0.6952696037941343,results/batch_tradeoff_20260325_235335/scenario_runs/tradeoff_20260326_013311
optimized,guardrail_gini_restore,,guardrail,Guardrail on equity:gini_restore,Triangle minimization with a fairness guardrail. Guardrail on equity:gini_restore.,guardrail,718.3326413685813,718.3326413685813,60908.2071779664,0.15773300355756525,788.163651,0.2295072083480578,788.163651,0.25,1.0,0.2819017579785174,0.133,0.867,0.9,0.9,1,1,results/batch_tradeoff_20260325_235335/scenario_runs/tradeoff_20260326_013311/guardrail_gini_restore_20260326_013716,results/batch_tradeoff_20260325_235335/scenario_runs/tradeoff_20260326_013311/guardrail_gini_restore_20260326_013716/best,"[14, 10, 32, 23, 18, 31, 2, 11, 22, 4, 26, (10, 17), (21, 22), (20, 22), (10, 16), (16, 10), (3, 4)]","[14, 10, 32, 23, 18, 31, 2, 11, 22, 4, 26]","[(10, 17), (21, 22), (20, 22), (10, 16), (16, 10), (3, 4)]",scenario_018,20260342,11,6,0.3047303962058658,0.6952696037941343,results/batch_tradeoff_20260325_235335/scenario_runs/tradeoff_20260326_013311
optimized,weighted_maximin_time_avg_cri_l050,,weighted_sum,Weighted sum: triangle + 0.5 * equity:maximin_time_avg_cri_loss,Weighted trade-off objective. triangle + 0.5 * equity:maximin_time_avg_cri_loss.,weighted_sum,1.159028114548248,810.7458010368573,142407.24691371096,0.21018343363318848,1038.05051,0.3057936974237406,1038.05051,0.25,1.0,0.29012902400417234,0.133,0.867,0.9,0.9,1,0,results/batch_tradeoff_20260325_235335/scenario_runs/tradeoff_20260326_013311/weighted_maximin_time_avg_cri_l050_20260326_013804,results/batch_tradeoff_20260325_235335/scenario_runs/tradeoff_20260326_013311/weighted_maximin_time_avg_cri_l050_20260326_013804/best,"[2, 14, 18, 22, 31, 11, 23, 4, 32, 10, 26, (10, 17), (10, 16), (21, 22), (16, 10), (3, 4), (20, 22)]","[2, 14, 18, 22, 31, 11, 23, 4, 32, 10, 26]","[(10, 17), (10, 16), (21, 22), (16, 10), (3, 4), (20, 22)]",scenario_018,20260342,11,6,0.3047303962058658,0.6952696037941343,results/batch_tradeoff_20260325_235335/scenario_runs/tradeoff_20260326_013311
optimized,baseline_reference,,baseline,Baseline sequence,Baseline repair sequence used as the reference point.,triangle,1629.1708967095492,1629.1708967095492,350534.86726419296,0.18210624599857828,1832.6444779999997,0.3708278183527679,1832.6444779999997,0.2916666666666667,1.0,0.3255666162545248,0.133,0.867,0.9,0.9,1,0,,results/batch_tradeoff_20260325_235335/scenario_runs/tradeoff_20260326_013852/reference,"[26, 15, 1, 7, 33, 16, 5, 17, 4, 24, (13, 24), (4, 5), (5, 9), (16, 8), (8, 9), (10, 15), (15, 19)]","[26, 15, 1, 7, 33, 16, 5, 17, 4, 24]","[(13, 24), (4, 5), (5, 9), (16, 8), (8, 9), (10, 15), (15, 19)]",scenario_019,20260343,10,7,0.28126730760076174,0.7187326923992383,results/batch_tradeoff_20260325_235335/scenario_runs/tradeoff_20260326_013852
optimized,single_triangle,,single,Single objective: triangle,Pure efficiency objective that minimizes resilience-triangle loss.,triangle,728.6272769204481,728.6272769204481,55163.2928428636,0.17104021523113921,829.9159290000002,0.35433780637021384,829.9159290000002,0.2916666666666667,1.0,0.3527945294143162,0.133,0.867,0.9,0.9,1,1,results/batch_tradeoff_20260325_235335/scenario_runs/tradeoff_20260326_013852/single_triangle_20260326_013852,results/batch_tradeoff_20260325_235335/scenario_runs/tradeoff_20260326_013852/single_triangle_20260326_013852/best,"[1, 15, 26, 16, 7, 17, 4, 5, 33, 24, (13, 24), (5, 9), (4, 5), (10, 15), (8, 9), (15, 19), (16, 8)]","[1, 15, 26, 16, 7, 17, 4, 5, 33, 24]","[(13, 24), (5, 9), (4, 5), (10, 15), (8, 9), (15, 19), (16, 8)]",scenario_019,20260343,10,7,0.28126730760076174,0.7187326923992383,results/batch_tradeoff_20260325_235335/scenario_runs/tradeoff_20260326_013852
optimized,single_gini_restore,,single,Single objective: gini_restore,Equity objective that reduces restoration-time inequality using Gini.,equity:gini_restore,0.11773940240547676,2113.158974576124,294177.1331769246,0.11773940240547676,2080.8583880000006,0.3199429800150118,2080.8583880000006,0.2916666666666667,1.0,0.2964338659743529,0.133,0.867,0.9,0.9,1,1,results/batch_tradeoff_20260325_235335/scenario_runs/tradeoff_20260326_013852/single_gini_restore_20260326_013944,results/batch_tradeoff_20260325_235335/scenario_runs/tradeoff_20260326_013852/single_gini_restore_20260326_013944/best,"[17, 24, 26, 16, 15, 1, 5, 4, 33, 7, (10, 15), (5, 9), (4, 5), (8, 9), (16, 8), (13, 24), (15, 19)]","[17, 24, 26, 16, 15, 1, 5, 4, 33, 7]","[(10, 15), (5, 9), (4, 5), (8, 9), (16, 8), (13, 24), (15, 19)]",scenario_019,20260343,10,7,0.28126730760076174,0.7187326923992383,results/batch_tradeoff_20260325_235335/scenario_runs/tradeoff_20260326_013852
optimized,single_maximin_time_avg_cri,,single,Single objective: maximize minimum time-avg CRI,Equity via maximin: improve the worst-served zone by maximizing the minimum time-averaged CRI.,equity:maximin_time_avg_cri_loss,0.46992168279119506,1201.7494453077845,155652.66357592,0.21653881148799403,1335.603845,0.5300783172088049,1335.603845,0.2916666666666667,1.0,0.49016189092208856,0.133,0.867,0.9,0.9,1,0,results/batch_tradeoff_20260325_235335/scenario_runs/tradeoff_20260326_013852/single_maximin_time_avg_cri_20260326_014035,results/batch_tradeoff_20260325_235335/scenario_runs/tradeoff_20260326_013852/single_maximin_time_avg_cri_20260326_014035/best,"[26, 15, 1, 7, 16, 4, 33, 17, 5, 24, (16, 8), (13, 24), (8, 9), (15, 19), (5, 9), (4, 5), (10, 15)]","[26, 15, 1, 7, 16, 4, 33, 17, 5, 24]","[(16, 8), (13, 24), (8, 9), (15, 19), (5, 9), (4, 5), (10, 15)]",scenario_019,20260343,10,7,0.28126730760076174,0.7187326923992383,results/batch_tradeoff_20260325_235335/scenario_runs/tradeoff_20260326_013852
optimized,single_p90_access_restore,,single,Single objective: p90_access_restore,Critical-access objective that shortens the time by which 90% of zones regain access.,critical_access:p90_access_restore,799.188508,736.9468606290745,63042.47978130273,0.14861971463095514,799.188508,0.3346569921262857,799.188508,0.2916666666666667,1.0,0.301685660155914,0.133,0.867,0.9,0.9,1,1,results/batch_tradeoff_20260325_235335/scenario_runs/tradeoff_20260326_013852/single_p90_access_restore_20260326_014128,results/batch_tradeoff_20260325_235335/scenario_runs/tradeoff_20260326_013852/single_p90_access_restore_20260326_014128/best,"[15, 24, 1, 26, 16, 7, 5, 33, 4, 17, (13, 24), (4, 5), (8, 9), (5, 9), (10, 15), (15, 19), (16, 8)]","[15, 24, 1, 26, 16, 7, 5, 33, 4, 17]","[(13, 24), (4, 5), (8, 9), (5, 9), (10, 15), (15, 19), (16, 8)]",scenario_019,20260343,10,7,0.28126730760076174,0.7187326923992383,results/batch_tradeoff_20260325_235335/scenario_runs/tradeoff_20260326_013852
optimized,weighted_gini_restore_l050,,weighted_sum,Weighted sum: triangle + 0.5 * equity:gini_restore,Weighted trade-off objective. triangle + 0.5 * equity:gini_restore.,weighted_sum,1.2500487171281647,1390.8418646154375,120224.71970221664,0.14435098013556802,1245.6647899999998,0.17816056755821955,1245.6647899999998,0.2916666666666667,1.0,0.29031675892650594,0.133,0.867,0.9,0.9,1,1,results/batch_tradeoff_20260325_235335/scenario_runs/tradeoff_20260326_013852/weighted_gini_restore_l050_20260326_014217,results/batch_tradeoff_20260325_235335/scenario_runs/tradeoff_20260326_013852/weighted_gini_restore_l050_20260326_014217/best,"[5, 33, 4, 26, 17, 16, 24, 1, 15, 7, (16, 8), (13, 24), (15, 19), (5, 9), (8, 9), (10, 15), (4, 5)]","[5, 33, 4, 26, 17, 16, 24, 1, 15, 7]","[(16, 8), (13, 24), (15, 19), (5, 9), (8, 9), (10, 15), (4, 5)]",scenario_019,20260343,10,7,0.28126730760076174,0.7187326923992383,results/batch_tradeoff_20260325_235335/scenario_runs/tradeoff_20260326_013852
optimized,guardrail_gini_restore,,guardrail,Guardrail on equity:gini_restore,Triangle minimization with a fairness guardrail. Guardrail on equity:gini_restore.,guardrail,1948.885951933997,1948.885951933997,441300.1468253131,0.17004061735930276,2072.994762,0.271646834299428,2072.994762,0.2916666666666667,1.0,0.298197421389979,0.133,0.867,0.9,0.9,1,0,results/batch_tradeoff_20260325_235335/scenario_runs/tradeoff_20260326_013852/guardrail_gini_restore_20260326_014308,results/batch_tradeoff_20260325_235335/scenario_runs/tradeoff_20260326_013852/guardrail_gini_restore_20260326_014308/best,"[4, 33, 5, 7, 15, 16, 26, 17, 1, 24, (13, 24), (5, 9), (4, 5), (15, 19), (10, 15), (8, 9), (16, 8)]","[4, 33, 5, 7, 15, 16, 26, 17, 1, 24]","[(13, 24), (5, 9), (4, 5), (15, 19), (10, 15), (8, 9), (16, 8)]",scenario_019,20260343,10,7,0.28126730760076174,0.7187326923992383,results/batch_tradeoff_20260325_235335/scenario_runs/tradeoff_20260326_013852
optimized,weighted_maximin_time_avg_cri_l050,,weighted_sum,Weighted sum: triangle + 0.5 * equity:maximin_time_avg_cri_loss,Weighted trade-off objective. triangle + 0.5 * equity:maximin_time_avg_cri_loss.,weighted_sum,1.194700119403365,1093.9258247837936,134818.16062963023,0.19026456579466755,1237.339579,0.3415858571652706,1237.339579,0.2916666666666667,1.0,0.3460485238318451,0.133,0.867,0.9,0.9,1,0,results/batch_tradeoff_20260325_235335/scenario_runs/tradeoff_20260326_013852/weighted_maximin_time_avg_cri_l050_20260326_014401,results/batch_tradeoff_20260325_235335/scenario_runs/tradeoff_20260326_013852/weighted_maximin_time_avg_cri_l050_20260326_014401/best,"[26, 16, 1, 7, 15, 5, 33, 4, 17, 24, (8, 9), (13, 24), (15, 19), (10, 15), (16, 8), (4, 5), (5, 9)]","[26, 16, 1, 7, 15, 5, 33, 4, 17, 24]","[(8, 9), (13, 24), (15, 19), (10, 15), (16, 8), (4, 5), (5, 9)]",scenario_019,20260343,10,7,0.28126730760076174,0.7187326923992383,results/batch_tradeoff_20260325_235335/scenario_runs/tradeoff_20260326_013852
optimized,baseline_reference,,baseline,Baseline sequence,Baseline repair sequence used as the reference point.,triangle,2406.3131396040144,2406.3131396040144,864569.8413714202,0.18726266307342376,2805.9947610000004,0.37808990001151266,2805.9947610000004,0.3333333333333333,1.0,0.3255532747203396,0.133,0.867,0.9,0.9,1,0,,results/batch_tradeoff_20260325_235335/scenario_runs/tradeoff_20260326_014452/reference,"[7, 24, 32, 18, 12, 28, 1, 17, 8, 10, 14, 5, 15, 6, 16, (14, 15), (17, 19), (9, 5), (16, 18)]","[7, 24, 32, 18, 12, 28, 1, 17, 8, 10, 14, 5, 15, 6, 16]","[(14, 15), (17, 19), (9, 5), (16, 18)]",scenario_020,20260344,15,4,0.26647940239632284,0.7335205976036772,results/batch_tradeoff_20260325_235335/scenario_runs/tradeoff_20260326_014452
optimized,single_triangle,,single,Single objective: triangle,Pure efficiency objective that minimizes resilience-triangle loss.,triangle,1593.3833997605227,1593.3833997605227,227956.31665497946,0.15973939196387188,1517.675131,0.24344852661866279,1517.675131,0.3333333333333333,1.0,0.2922549498451699,0.133,0.867,0.9,0.9,1,0,results/batch_tradeoff_20260325_235335/scenario_runs/tradeoff_20260326_014452/single_triangle_20260326_014453,results/batch_tradeoff_20260325_235335/scenario_runs/tradeoff_20260326_014452/single_triangle_20260326_014453/best,"[24, 17, 12, 18, 8, 1, 16, 7, 15, 10, 14, 28, 32, 5, 6, (9, 5), (16, 18), (17, 19), (14, 15)]","[24, 17, 12, 18, 8, 1, 16, 7, 15, 10, 14, 28, 32, 5, 6]","[(9, 5), (16, 18), (17, 19), (14, 15)]",scenario_020,20260344,15,4,0.26647940239632284,0.7335205976036772,results/batch_tradeoff_20260325_235335/scenario_runs/tradeoff_20260326_014452
optimized,single_gini_restore,,single,Single objective: gini_restore,Equity objective that reduces restoration-time inequality using Gini.,equity:gini_restore,0.11284617861073909,1996.9458820599946,261978.74070704204,0.11284617861073909,1796.9216140000003,0.2645840943344717,1796.9216140000003,0.3333333333333333,1.0,0.30193902098428804,0.133,0.867,0.9,0.9,1,1,results/batch_tradeoff_20260325_235335/scenario_runs/tradeoff_20260326_014452/single_gini_restore_20260326_014548,results/batch_tradeoff_20260325_235335/scenario_runs/tradeoff_20260326_014452/single_gini_restore_20260326_014548/best,"[5, 32, 15, 28, 8, 18, 10, 16, 7, 14, 24, 12, 1, 6, 17, (14, 15), (17, 19), (9, 5), (16, 18)]","[5, 32, 15, 28, 8, 18, 10, 16, 7, 14, 24, 12, 1, 6, 17]","[(14, 15), (17, 19), (9, 5), (16, 18)]",scenario_020,20260344,15,4,0.26647940239632284,0.7335205976036772,results/batch_tradeoff_20260325_235335/scenario_runs/tradeoff_20260326_014452
optimized,single_maximin_time_avg_cri,,single,Single objective: maximize minimum time-avg CRI,Equity via maximin: improve the worst-served zone by maximizing the minimum time-averaged CRI.,equity:maximin_time_avg_cri_loss,0.5745013028858403,1705.7035898855377,512206.59985508426,0.2083905040878058,2150.24786,0.4254986971141597,2150.24786,0.3333333333333333,1.0,0.3507297139378775,0.133,0.867,0.9,0.9,1,0,results/batch_tradeoff_20260325_235335/scenario_runs/tradeoff_20260326_014452/single_maximin_time_avg_cri_20260326_014641,results/batch_tradeoff_20260325_235335/scenario_runs/tradeoff_20260326_014452/single_maximin_time_avg_cri_20260326_014641/best,"[16, 12, 32, 18, 8, 14, 5, 28, 1, 24, 6, 7, 10, 17, 15, (9, 5), (17, 19), (16, 18), (14, 15)]","[16, 12, 32, 18, 8, 14, 5, 28, 1, 24, 6, 7, 10, 17, 15]","[(9, 5), (17, 19), (16, 18), (14, 15)]",scenario_020,20260344,15,4,0.26647940239632284,0.7335205976036772,results/batch_tradeoff_20260325_235335/scenario_runs/tradeoff_20260326_014452
optimized,single_p90_access_restore,,single,Single objective: p90_access_restore,Critical-access objective that shortens the time by which 90% of zones regain access.,critical_access:p90_access_restore,1439.2238860000002,1473.753617045836,263102.1778121383,0.20500719593646433,1439.2238860000002,0.3915329858130311,1439.2238860000002,0.3333333333333333,1.0,0.3127608140079187,0.133,0.867,0.9,0.9,1,1,results/batch_tradeoff_20260325_235335/scenario_runs/tradeoff_20260326_014452/single_p90_access_restore_20260326_014736,results/batch_tradeoff_20260325_235335/scenario_runs/tradeoff_20260326_014452/single_p90_access_restore_20260326_014736/best,"[1, 15, 6, 28, 14, 32, 5, 17, 16, 10, 24, 12, 18, 8, 7, (9, 5), (16, 18), (14, 15), (17, 19)]","[1, 15, 6, 28, 14, 32, 5, 17, 16, 10, 24, 12, 18, 8, 7]","[(9, 5), (16, 18), (14, 15), (17, 19)]",scenario_020,20260344,15,4,0.26647940239632284,0.7335205976036772,results/batch_tradeoff_20260325_235335/scenario_runs/tradeoff_20260326_014452
optimized,weighted_gini_restore_l050,,weighted_sum,Weighted sum: triangle + 0.5 * equity:gini_restore,Weighted trade-off objective. triangle + 0.5 * equity:gini_restore.,weighted_sum,1.1719121594077353,1891.317626733889,299205.3865226837,0.1445408036258713,1822.580782,0.23094163905796675,1822.580782,0.3333333333333333,1.0,0.29215653397944513,0.133,0.867,0.9,0.9,1,1,results/batch_tradeoff_20260325_235335/scenario_runs/tradeoff_20260326_014452/weighted_gini_restore_l050_20260326_014829,results/batch_tradeoff_20260325_235335/scenario_runs/tradeoff_20260326_014452/weighted_gini_restore_l050_20260326_014829/best,"[8, 16, 7, 24, 12, 15, 18, 14, 17, 5, 10, 1, 32, 28, 6, (9, 5), (16, 18), (17, 19), (14, 15)]","[8, 16, 7, 24, 12, 15, 18, 14, 17, 5, 10, 1, 32, 28, 6]","[(9, 5), (16, 18), (17, 19), (14, 15)]",scenario_020,20260344,15,4,0.26647940239632284,0.7335205976036772,results/batch_tradeoff_20260325_235335/scenario_runs/tradeoff_20260326_014452
optimized,guardrail_gini_restore,,guardrail,Guardrail on equity:gini_restore,Triangle minimization with a fairness guardrail. Guardrail on equity:gini_restore.,guardrail,1593.3803082207085,1593.3803082207085,253303.62077932913,0.15556885241919205,1577.2846980000002,0.28570703601073394,1577.2846980000002,0.3333333333333333,1.0,0.2922327171400733,0.133,0.867,0.9,0.9,1,1,results/batch_tradeoff_20260325_235335/scenario_runs/tradeoff_20260326_014452/guardrail_gini_restore_20260326_014925,results/batch_tradeoff_20260325_235335/scenario_runs/tradeoff_20260326_014452/guardrail_gini_restore_20260326_014925/best,"[7, 18, 32, 5, 28, 12, 24, 8, 17, 10, 14, 1, 15, 16, 6, (9, 5), (16, 18), (17, 19), (14, 15)]","[7, 18, 32, 5, 28, 12, 24, 8, 17, 10, 14, 1, 15, 16, 6]","[(9, 5), (16, 18), (17, 19), (14, 15)]",scenario_020,20260344,15,4,0.26647940239632284,0.7335205976036772,results/batch_tradeoff_20260325_235335/scenario_runs/tradeoff_20260326_014452
optimized,weighted_maximin_time_avg_cri_l050,,weighted_sum,Weighted sum: triangle + 0.5 * equity:maximin_time_avg_cri_loss,Weighted trade-off objective. triangle + 0.5 * equity:maximin_time_avg_cri_loss.,weighted_sum,1.0851214337612711,1547.4366281020816,651290.239527791,0.2470606941168758,2179.499602,0.4501720653085124,2179.499602,0.3333333333333333,1.0,0.37019529315029137,0.133,0.867,0.9,0.9,1,0,results/batch_tradeoff_20260325_235335/scenario_runs/tradeoff_20260326_014452/weighted_maximin_time_avg_cri_l050_20260326_015017,results/batch_tradeoff_20260325_235335/scenario_runs/tradeoff_20260326_014452/weighted_maximin_time_avg_cri_l050_20260326_015017/best,"[24, 1, 8, 32, 5, 18, 6, 10, 28, 7, 14, 12, 15, 17, 16, (9, 5), (16, 18), (14, 15), (17, 19)]","[24, 1, 8, 32, 5, 18, 6, 10, 28, 7, 14, 12, 15, 17, 16]","[(9, 5), (16, 18), (14, 15), (17, 19)]",scenario_020,20260344,15,4,0.26647940239632284,0.7335205976036772,results/batch_tradeoff_20260325_235335/scenario_runs/tradeoff_20260326_014452
optimized,baseline_reference,,baseline,Baseline sequence,Baseline repair sequence used as the reference point.,triangle,2319.761161332239,2319.761161332239,992334.5061640508,0.22463788165521548,2614.952861,0.3746726507434449,2614.952861,0.25,1.0,0.3070946473746014,0.133,0.867,0.9,0.9,1,0,,results/batch_tradeoff_20260325_235335/scenario_runs/tradeoff_20260326_015113/reference,"[9, 3, 32, 19, 1, 22, 17, 20, 7, (12, 3), (7, 8), (9, 5), (13, 24), (21, 20), (2, 6)]","[9, 3, 32, 19, 1, 22, 17, 20, 7]","[(12, 3), (7, 8), (9, 5), (13, 24), (21, 20), (2, 6)]",scenario_021,20260345,9,6,0.26524170886521264,0.7347582911347873,results/batch_tradeoff_20260325_235335/scenario_runs/tradeoff_20260326_015113
optimized,single_triangle,,single,Single objective: triangle,Pure efficiency objective that minimizes resilience-triangle loss.,triangle,1060.8613399965225,1060.8613399965225,226208.3941937041,0.2617344379140101,1130.1549679999998,0.5016023853346683,1130.1549679999998,0.25,1.0,0.48613493883471914,0.133,0.867,0.9,0.9,1,1,results/batch_tradeoff_20260325_235335/scenario_runs/tradeoff_20260326_015113/single_triangle_20260326_015113,results/batch_tradeoff_20260325_235335/scenario_runs/tradeoff_20260326_015113/single_triangle_20260326_015113/best,"[1, 3, 32, 20, 9, 7, 19, 22, 17, (12, 3), (9, 5), (7, 8), (21, 20), (13, 24), (2, 6)]","[1, 3, 32, 20, 9, 7, 19, 22, 17]","[(12, 3), (9, 5), (7, 8), (21, 20), (13, 24), (2, 6)]",scenario_021,20260345,9,6,0.26524170886521264,0.7347582911347873,results/batch_tradeoff_20260325_235335/scenario_runs/tradeoff_20260326_015113
optimized,single_gini_restore,,single,Single objective: gini_restore,Equity objective that reduces restoration-time inequality using Gini.,equity:gini_restore,0.14157457986611077,2841.0489570108857,637790.6077794934,0.14157457986611077,2741.568457,0.26606521081688,2660.642581,0.25,1.0,0.2703751669592785,0.133,0.867,0.9,0.9,1,1,results/batch_tradeoff_20260325_235335/scenario_runs/tradeoff_20260326_015113/single_gini_restore_20260326_015155,results/batch_tradeoff_20260325_235335/scenario_runs/tradeoff_20260326_015113/single_gini_restore_20260326_015155/best,"[9, 32, 17, 19, 1, 20, 7, 3, 22, (13, 24), (9, 5), (7, 8), (12, 3), (21, 20), (2, 6)]","[9, 32, 17, 19, 1, 20, 7, 3, 22]","[(13, 24), (9, 5), (7, 8), (12, 3), (21, 20), (2, 6)]",scenario_021,20260345,9,6,0.26524170886521264,0.7347582911347873,results/batch_tradeoff_20260325_235335/scenario_runs/tradeoff_20260326_015113
optimized,single_maximin_time_avg_cri,,single,Single objective: maximize minimum time-avg CRI,Equity via maximin: improve the worst-served zone by maximizing the minimum time-averaged CRI.,equity:maximin_time_avg_cri_loss,0.5889630209821373,2076.506086109566,519832.0337423728,0.22882774157497776,2618.599115,0.41103697901786274,2618.599115,0.25,1.0,0.3984120068495734,0.133,0.867,0.9,0.9,1,0,results/batch_tradeoff_20260325_235335/scenario_runs/tradeoff_20260326_015113/single_maximin_time_avg_cri_20260326_015237,results/batch_tradeoff_20260325_235335/scenario_runs/tradeoff_20260326_015113/single_maximin_time_avg_cri_20260326_015237/best,"[19, 7, 17, 32, 9, 20, 3, 22, 1, (9, 5), (13, 24), (12, 3), (2, 6), (7, 8), (21, 20)]","[19, 7, 17, 32, 9, 20, 3, 22, 1]","[(9, 5), (13, 24), (12, 3), (2, 6), (7, 8), (21, 20)]",scenario_021,20260345,9,6,0.26524170886521264,0.7347582911347873,results/batch_tradeoff_20260325_235335/scenario_runs/tradeoff_20260326_015113
optimized,single_p90_access_restore,,single,Single objective: p90_access_restore,Critical-access objective that shortens the time by which 90% of zones regain access.,critical_access:p90_access_restore,1113.396576,1348.819302011248,221324.98266871888,0.23607157701412373,1113.396576,0.5437317348306643,1113.396576,0.25,1.0,0.5795156482309982,0.133,0.867,0.9,0.9,1,0,results/batch_tradeoff_20260325_235335/scenario_runs/tradeoff_20260326_015113/single_p90_access_restore_20260326_015323,results/batch_tradeoff_20260325_235335/scenario_runs/tradeoff_20260326_015113/single_p90_access_restore_20260326_015323/best,"[1, 22, 7, 9, 20, 3, 17, 19, 32, (9, 5), (21, 20), (12, 3), (7, 8), (13, 24), (2, 6)]","[1, 22, 7, 9, 20, 3, 17, 19, 32]","[(9, 5), (21, 20), (12, 3), (7, 8), (13, 24), (2, 6)]",scenario_021,20260345,9,6,0.26524170886521264,0.7347582911347873,results/batch_tradeoff_20260325_235335/scenario_runs/tradeoff_20260326_015113
optimized,weighted_gini_restore_l050,,weighted_sum,Weighted sum: triangle + 0.5 * equity:gini_restore,Weighted trade-off objective. triangle + 0.5 * equity:gini_restore.,weighted_sum,1.096198957095839,1149.2804728313245,200273.74161895248,0.26991069923425925,1301.4060351999997,0.6573583905721578,1301.4060351999997,0.25,1.0,0.6281783960600924,0.133,0.867,0.9,0.9,1,0,results/batch_tradeoff_20260325_235335/scenario_runs/tradeoff_20260326_015113/weighted_gini_restore_l050_20260326_015404,results/batch_tradeoff_20260325_235335/scenario_runs/tradeoff_20260326_015113/weighted_gini_restore_l050_20260326_015404/best,"[7, 1, 17, 19, 22, 32, 3, 9, 20, (12, 3), (9, 5), (21, 20), (7, 8), (2, 6), (13, 24)]","[7, 1, 17, 19, 22, 32, 3, 9, 20]","[(12, 3), (9, 5), (21, 20), (7, 8), (2, 6), (13, 24)]",scenario_021,20260345,9,6,0.26524170886521264,0.7347582911347873,results/batch_tradeoff_20260325_235335/scenario_runs/tradeoff_20260326_015113
optimized,guardrail_gini_restore,,guardrail,Guardrail on equity:gini_restore,Triangle minimization with a fairness guardrail. Guardrail on equity:gini_restore.,guardrail,1245.3645595540977,1245.3645595540977,177787.35000829477,0.20522792165420634,1429.1432050999995,0.4628730604739125,1648.1949189999998,0.25,1.0,0.4431032380470933,0.133,0.867,0.9,0.9,1,1,results/batch_tradeoff_20260325_235335/scenario_runs/tradeoff_20260326_015113/guardrail_gini_restore_20260326_015446,results/batch_tradeoff_20260325_235335/scenario_runs/tradeoff_20260326_015113/guardrail_gini_restore_20260326_015446/best,"[1, 19, 22, 9, 32, 17, 3, 20, 7, (9, 5), (7, 8), (2, 6), (12, 3), (13, 24), (21, 20)]","[1, 19, 22, 9, 32, 17, 3, 20, 7]","[(9, 5), (7, 8), (2, 6), (12, 3), (13, 24), (21, 20)]",scenario_021,20260345,9,6,0.26524170886521264,0.7347582911347873,results/batch_tradeoff_20260325_235335/scenario_runs/tradeoff_20260326_015113
optimized,weighted_maximin_time_avg_cri_l050,,weighted_sum,Weighted sum: triangle + 0.5 * equity:maximin_time_avg_cri_loss,Weighted trade-off objective. triangle + 0.5 * equity:maximin_time_avg_cri_loss.,weighted_sum,0.9631104003454543,1295.779274080655,188430.00902557114,0.21955479499357122,1479.1895156999997,0.4940759736338661,1677.9936019999998,0.25,1.0,0.4746943073664155,0.133,0.867,0.9,0.9,1,0,results/batch_tradeoff_20260325_235335/scenario_runs/tradeoff_20260326_015113/weighted_maximin_time_avg_cri_l050_20260326_015528,results/batch_tradeoff_20260325_235335/scenario_runs/tradeoff_20260326_015113/weighted_maximin_time_avg_cri_l050_20260326_015528/best,"[1, 3, 17, 32, 19, 9, 22, 7, 20, (7, 8), (12, 3), (2, 6), (9, 5), (13, 24), (21, 20)]","[1, 3, 17, 32, 19, 9, 22, 7, 20]","[(7, 8), (12, 3), (2, 6), (9, 5), (13, 24), (21, 20)]",scenario_021,20260345,9,6,0.26524170886521264,0.7347582911347873,results/batch_tradeoff_20260325_235335/scenario_runs/tradeoff_20260326_015113
optimized,baseline_reference,,baseline,Baseline sequence,Baseline repair sequence used as the reference point.,triangle,2195.6567373113985,2195.6567373113985,598190.3886513076,0.19495091258076136,2280.0579319999997,0.3771868623959118,2280.0579319999997,0.125,1.0,0.21895948665454057,0.133,0.867,0.9,0.9,1,0,,results/batch_tradeoff_20260325_235335/scenario_runs/tradeoff_20260326_015610/reference,"[8, 19, 26, 11, 24, 10, 21, 31, 13, 5, (18, 16), (11, 10), (13, 24), (12, 13), (1, 3), (14, 11)]","[8, 19, 26, 11, 24, 10, 21, 31, 13, 5]","[(18, 16), (11, 10), (13, 24), (12, 13), (1, 3), (14, 11)]",scenario_022,20260346,10,6,0.3566761278367611,0.6433238721632389,results/batch_tradeoff_20260325_235335/scenario_runs/tradeoff_20260326_015610
optimized,single_triangle,,single,Single objective: triangle,Pure efficiency objective that minimizes resilience-triangle loss.,triangle,995.6353604245336,995.6353604245336,211668.56811492052,0.2796606210800614,1206.188197,0.4479494880303435,1206.188197,0.125,1.0,0.349914978172349,0.133,0.867,0.9,0.9,1,0,results/batch_tradeoff_20260325_235335/scenario_runs/tradeoff_20260326_015610/single_triangle_20260326_015611,results/batch_tradeoff_20260325_235335/scenario_runs/tradeoff_20260326_015610/single_triangle_20260326_015611/best,"[31, 8, 21, 19, 5, 10, 11, 13, 26, 24, (11, 10), (14, 11), (13, 24), (12, 13), (1, 3), (18, 16)]","[31, 8, 21, 19, 5, 10, 11, 13, 26, 24]","[(11, 10), (14, 11), (13, 24), (12, 13), (1, 3), (18, 16)]",scenario_022,20260346,10,6,0.3566761278367611,0.6433238721632389,results/batch_tradeoff_20260325_235335/scenario_runs/tradeoff_20260326_015610
optimized,single_gini_restore,,single,Single objective: gini_restore,Equity objective that reduces restoration-time inequality using Gini.,equity:gini_restore,0.10670017631804063,809.3761518165479,53009.14188588169,0.10670017631804063,774.0788719999998,0.4398816786147025,1022.1904869999998,0.125,1.0,0.3019964381189625,0.133,0.867,0.9,0.9,1,1,results/batch_tradeoff_20260325_235335/scenario_runs/tradeoff_20260326_015610/single_gini_restore_20260326_015658,results/batch_tradeoff_20260325_235335/scenario_runs/tradeoff_20260326_015610/single_gini_restore_20260326_015658/best,"[26, 13, 10, 31, 24, 11, 21, 8, 19, 5, (18, 16), (13, 24), (14, 11), (11, 10), (12, 13), (1, 3)]","[26, 13, 10, 31, 24, 11, 21, 8, 19, 5]","[(18, 16), (13, 24), (14, 11), (11, 10), (12, 13), (1, 3)]",scenario_022,20260346,10,6,0.3566761278367611,0.6433238721632389,results/batch_tradeoff_20260325_235335/scenario_runs/tradeoff_20260326_015610
optimized,single_maximin_time_avg_cri,,single,Single objective: maximize minimum time-avg CRI,Equity via maximin: improve the worst-served zone by maximizing the minimum time-averaged CRI.,equity:maximin_time_avg_cri_loss,0.43301675577718635,2157.04448011624,1150130.9293070391,0.2985376821674288,2707.3069240000004,0.5669832442228137,2707.3069240000004,0.125,1.0,0.4014275051001446,0.133,0.867,0.9,0.9,1,0,results/batch_tradeoff_20260325_235335/scenario_runs/tradeoff_20260326_015610/single_maximin_time_avg_cri_20260326_015743,results/batch_tradeoff_20260325_235335/scenario_runs/tradeoff_20260326_015610/single_maximin_time_avg_cri_20260326_015743/best,"[8, 5, 13, 11, 19, 10, 21, 31, 26, 24, (12, 13), (11, 10), (1, 3), (13, 24), (18, 16), (14, 11)]","[8, 5, 13, 11, 19, 10, 21, 31, 26, 24]","[(12, 13), (11, 10), (1, 3), (13, 24), (18, 16), (14, 11)]",scenario_022,20260346,10,6,0.3566761278367611,0.6433238721632389,results/batch_tradeoff_20260325_235335/scenario_runs/tradeoff_20260326_015610
optimized,single_p90_access_restore,,single,Single objective: p90_access_restore,Critical-access objective that shortens the time by which 90% of zones regain access.,critical_access:p90_access_restore,1126.0849869999997,1257.107670380583,155465.97171403078,0.1761668927080291,1536.1002283999999,0.5463163500502133,1126.0849869999997,0.125,1.0,0.39722753531937477,0.133,0.867,0.9,0.9,1,0,results/batch_tradeoff_20260325_235335/scenario_runs/tradeoff_20260326_015610/single_p90_access_restore_20260326_015828,results/batch_tradeoff_20260325_235335/scenario_runs/tradeoff_20260326_015610/single_p90_access_restore_20260326_015828/best,"[31, 8, 5, 10, 24, 11, 26, 13, 21, 19, (11, 10), (18, 16), (13, 24), (1, 3), (12, 13), (14, 11)]","[31, 8, 5, 10, 24, 11, 26, 13, 21, 19]","[(11, 10), (18, 16), (13, 24), (1, 3), (12, 13), (14, 11)]",scenario_022,20260346,10,6,0.3566761278367611,0.6433238721632389,results/batch_tradeoff_20260325_235335/scenario_runs/tradeoff_20260326_015610
optimized,weighted_gini_restore_l050,,weighted_sum,Weighted sum: triangle + 0.5 * equity:gini_restore,Weighted trade-off objective. triangle + 0.5 * equity:gini_restore.,weighted_sum,0.7804910450875466,1068.682963873949,120499.6413604105,0.11453957293052741,1291.381415,0.39003836516388457,1291.381415,0.125,1.0,0.16719833666131342,0.133,0.867,0.9,0.9,1,0,results/batch_tradeoff_20260325_235335/scenario_runs/tradeoff_20260326_015610/weighted_gini_restore_l050_20260326_015913,results/batch_tradeoff_20260325_235335/scenario_runs/tradeoff_20260326_015610/weighted_gini_restore_l050_20260326_015913/best,"[24, 8, 19, 21, 5, 11, 10, 26, 13, 31, (11, 10), (13, 24), (12, 13), (14, 11), (18, 16), (1, 3)]","[24, 8, 19, 21, 5, 11, 10, 26, 13, 31]","[(11, 10), (13, 24), (12, 13), (14, 11), (18, 16), (1, 3)]",scenario_022,20260346,10,6,0.3566761278367611,0.6433238721632389,results/batch_tradeoff_20260325_235335/scenario_runs/tradeoff_20260326_015610
optimized,guardrail_gini_restore,,guardrail,Guardrail on equity:gini_restore,Triangle minimization with a fairness guardrail. Guardrail on equity:gini_restore.,guardrail,1002.0340264471492,1002.0340264471492,115643.969817663,0.15142535756416464,1206.188197,0.42101828015635095,1206.188197,0.125,1.0,0.22866517373573672,0.133,0.867,0.9,0.9,1,0,results/batch_tradeoff_20260325_235335/scenario_runs/tradeoff_20260326_015610/guardrail_gini_restore_20260326_020001,results/batch_tradeoff_20260325_235335/scenario_runs/tradeoff_20260326_015610/guardrail_gini_restore_20260326_020001/best,"[31, 21, 8, 19, 5, 10, 11, 13, 26, 24, (11, 10), (14, 11), (13, 24), (12, 13), (18, 16), (1, 3)]","[31, 21, 8, 19, 5, 10, 11, 13, 26, 24]","[(11, 10), (14, 11), (13, 24), (12, 13), (18, 16), (1, 3)]",scenario_022,20260346,10,6,0.3566761278367611,0.6433238721632389,results/batch_tradeoff_20260325_235335/scenario_runs/tradeoff_20260326_015610
optimized,weighted_maximin_time_avg_cri_l050,,weighted_sum,Weighted sum: triangle + 0.5 * equity:maximin_time_avg_cri_loss,Weighted trade-off objective. triangle + 0.5 * equity:maximin_time_avg_cri_loss.,weighted_sum,0.8558608487526915,1031.7106791344368,427682.0297274227,0.28475492175324746,1515.0376390000001,0.5192209015545668,1515.0376390000001,0.125,1.0,0.3056274400366014,0.133,0.867,0.9,0.9,1,0,results/batch_tradeoff_20260325_235335/scenario_runs/tradeoff_20260326_015610/weighted_maximin_time_avg_cri_l050_20260326_020045,results/batch_tradeoff_20260325_235335/scenario_runs/tradeoff_20260326_015610/weighted_maximin_time_avg_cri_l050_20260326_020045/best,"[10, 11, 13, 26, 21, 5, 24, 19, 31, 8, (12, 13), (11, 10), (1, 3), (14, 11), (13, 24), (18, 16)]","[10, 11, 13, 26, 21, 5, 24, 19, 31, 8]","[(12, 13), (11, 10), (1, 3), (14, 11), (13, 24), (18, 16)]",scenario_022,20260346,10,6,0.3566761278367611,0.6433238721632389,results/batch_tradeoff_20260325_235335/scenario_runs/tradeoff_20260326_015610
optimized,baseline_reference,,baseline,Baseline sequence,Baseline repair sequence used as the reference point.,triangle,1432.826794748319,1432.826794748319,344919.92055707425,0.2812714119291253,1615.0385047,0.370031034561317,1570.323715,0.2916666666666667,1.0,0.40645600904828016,0.133,0.867,0.9,0.9,1,0,,results/batch_tradeoff_20260325_235335/scenario_runs/tradeoff_20260326_020130/reference,"[17, 25, 6, 21, 12, 27, 5, 22, 28, 31, 32, 19, (22, 23), (20, 19), (8, 16), (24, 23), (20, 21), (14, 11)]","[17, 25, 6, 21, 12, 27, 5, 22, 28, 31, 32, 19]","[(22, 23), (20, 19), (8, 16), (24, 23), (20, 21), (14, 11)]",scenario_023,20260347,12,6,0.23555143077317253,0.7644485692268276,results/batch_tradeoff_20260325_235335/scenario_runs/tradeoff_20260326_020130
optimized,single_triangle,,single,Single objective: triangle,Pure efficiency objective that minimizes resilience-triangle loss.,triangle,692.6816035259544,692.6816035259544,106035.91602660314,0.3173668371995797,887.264461,0.5526452149785018,873.264461,0.2916666666666667,1.0,0.48069003865996934,0.133,0.867,0.9,0.9,1,1,results/batch_tradeoff_20260325_235335/scenario_runs/tradeoff_20260326_020130/single_triangle_20260326_020131,results/batch_tradeoff_20260325_235335/scenario_runs/tradeoff_20260326_020130/single_triangle_20260326_020131/best,"[12, 5, 6, 19, 17, 27, 25, 31, 21, 22, 28, 32, (24, 23), (22, 23), (20, 21), (20, 19), (14, 11), (8, 16)]","[12, 5, 6, 19, 17, 27, 25, 31, 21, 22, 28, 32]","[(24, 23), (22, 23), (20, 21), (20, 19), (14, 11), (8, 16)]",scenario_023,20260347,12,6,0.23555143077317253,0.7644485692268276,results/batch_tradeoff_20260325_235335/scenario_runs/tradeoff_20260326_020130
optimized,single_gini_restore,,single,Single objective: gini_restore,Equity objective that reduces restoration-time inequality using Gini.,equity:gini_restore,0.16812070673002077,1023.2357653356275,147837.77380778012,0.16812070673002077,1033.608439,0.29117160778297924,1033.608439,0.2916666666666667,1.0,0.2990885692320346,0.133,0.867,0.9,0.9,1,1,results/batch_tradeoff_20260325_235335/scenario_runs/tradeoff_20260326_020130/single_gini_restore_20260326_020221,results/batch_tradeoff_20260325_235335/scenario_runs/tradeoff_20260326_020130/single_gini_restore_20260326_020221/best,"[12, 22, 5, 31, 19, 27, 25, 21, 32, 28, 17, 6, (24, 23), (20, 21), (20, 19), (22, 23), (14, 11), (8, 16)]","[12, 22, 5, 31, 19, 27, 25, 21, 32, 28, 17, 6]","[(24, 23), (20, 21), (20, 19), (22, 23), (14, 11), (8, 16)]",scenario_023,20260347,12,6,0.23555143077317253,0.7644485692268276,results/batch_tradeoff_20260325_235335/scenario_runs/tradeoff_20260326_020130
optimized,single_maximin_time_avg_cri,,single,Single objective: maximize minimum time-avg CRI,Equity via maximin: improve the worst-served zone by maximizing the minimum time-averaged CRI.,equity:maximin_time_avg_cri_loss,0.5408804403727343,1055.457424017109,218407.30580544993,0.3073785181986677,1276.6424907,0.45911955962726564,1231.927701,0.2916666666666667,1.0,0.4392093603372692,0.133,0.867,0.9,0.9,1,0,results/batch_tradeoff_20260325_235335/scenario_runs/tradeoff_20260326_020130/single_maximin_time_avg_cri_20260326_020310,results/batch_tradeoff_20260325_235335/scenario_runs/tradeoff_20260326_020130/single_maximin_time_avg_cri_20260326_020310/best,"[17, 6, 12, 21, 25, 27, 5, 22, 28, 31, 32, 19, (24, 23), (22, 23), (20, 21), (8, 16), (20, 19), (14, 11)]","[17, 6, 12, 21, 25, 27, 5, 22, 28, 31, 32, 19]","[(24, 23), (22, 23), (20, 21), (8, 16), (20, 19), (14, 11)]",scenario_023,20260347,12,6,0.23555143077317253,0.7644485692268276,results/batch_tradeoff_20260325_235335/scenario_runs/tradeoff_20260326_020130
optimized,single_p90_access_restore,,single,Single objective: p90_access_restore,Critical-access objective that shortens the time by which 90% of zones regain access.,critical_access:p90_access_restore,742.149202,747.8580395802198,74580.42643726616,0.19623691771784912,790.662519,0.28032357164489863,742.149202,0.2916666666666667,1.0,0.3478863001156123,0.133,0.867,0.9,0.9,1,0,results/batch_tradeoff_20260325_235335/scenario_runs/tradeoff_20260326_020130/single_p90_access_restore_20260326_020358,results/batch_tradeoff_20260325_235335/scenario_runs/tradeoff_20260326_020130/single_p90_access_restore_20260326_020358/best,"[25, 19, 12, 27, 31, 22, 5, 6, 17, 32, 28, 21, (14, 11), (20, 21), (20, 19), (24, 23), (22, 23), (8, 16)]","[25, 19, 12, 27, 31, 22, 5, 6, 17, 32, 28, 21]","[(14, 11), (20, 21), (20, 19), (24, 23), (22, 23), (8, 16)]",scenario_023,20260347,12,6,0.23555143077317253,0.7644485692268276,results/batch_tradeoff_20260325_235335/scenario_runs/tradeoff_20260326_020130
optimized,weighted_gini_restore_l050,,weighted_sum,Weighted sum: triangle + 0.5 * equity:gini_restore,Weighted trade-off objective. triangle + 0.5 * equity:gini_restore.,weighted_sum,1.0135045996105294,854.8960702192347,129505.91334208754,0.2344985780777158,980.5974400000001,0.24318925294416271,980.5974400000001,0.2916666666666667,1.0,0.33324426675537727,0.133,0.867,0.9,0.9,1,0,results/batch_tradeoff_20260325_235335/scenario_runs/tradeoff_20260326_020130/weighted_gini_restore_l050_20260326_020450,results/batch_tradeoff_20260325_235335/scenario_runs/tradeoff_20260326_020130/weighted_gini_restore_l050_20260326_020450/best,"[21, 22, 19, 32, 6, 5, 25, 12, 27, 31, 17, 28, (8, 16), (20, 19), (20, 21), (14, 11), (22, 23), (24, 23)]","[21, 22, 19, 32, 6, 5, 25, 12, 27, 31, 17, 28]","[(8, 16), (20, 19), (20, 21), (14, 11), (22, 23), (24, 23)]",scenario_023,20260347,12,6,0.23555143077317253,0.7644485692268276,results/batch_tradeoff_20260325_235335/scenario_runs/tradeoff_20260326_020130
optimized,guardrail_gini_restore,,guardrail,Guardrail on equity:gini_restore,Triangle minimization with a fairness guardrail. Guardrail on equity:gini_restore.,guardrail,702.1568702625214,702.1568702625214,74526.0321572389,0.19577289803780418,794.7446699999999,0.34032502364945383,746.2313529999999,0.2916666666666667,1.0,0.3518762152671416,0.133,0.867,0.9,0.9,1,1,results/batch_tradeoff_20260325_235335/scenario_runs/tradeoff_20260326_020130/guardrail_gini_restore_20260326_020538,results/batch_tradeoff_20260325_235335/scenario_runs/tradeoff_20260326_020130/guardrail_gini_restore_20260326_020538/best,"[12, 25, 27, 19, 22, 31, 5, 6, 17, 28, 32, 21, (24, 23), (20, 21), (22, 23), (20, 19), (14, 11), (8, 16)]","[12, 25, 27, 19, 22, 31, 5, 6, 17, 28, 32, 21]","[(24, 23), (20, 21), (22, 23), (20, 19), (14, 11), (8, 16)]",scenario_023,20260347,12,6,0.23555143077317253,0.7644485692268276,results/batch_tradeoff_20260325_235335/scenario_runs/tradeoff_20260326_020130
optimized,weighted_maximin_time_avg_cri_l050,,weighted_sum,Weighted sum: triangle + 0.5 * equity:maximin_time_avg_cri_loss,Weighted trade-off objective. triangle + 0.5 * equity:maximin_time_avg_cri_loss.,weighted_sum,1.1671107857897414,935.2187665700118,123652.7924241177,0.2747156407950837,997.0828377,0.35188552202333107,952.368048,0.2916666666666667,1.0,0.40969112971517696,0.133,0.867,0.9,0.9,1,0,results/batch_tradeoff_20260325_235335/scenario_runs/tradeoff_20260326_020130/weighted_maximin_time_avg_cri_l050_20260326_020630,results/batch_tradeoff_20260325_235335/scenario_runs/tradeoff_20260326_020130/weighted_maximin_time_avg_cri_l050_20260326_020630/best,"[17, 27, 6, 28, 12, 5, 25, 31, 22, 21, 32, 19, (20, 19), (8, 16), (24, 23), (20, 21), (14, 11), (22, 23)]","[17, 27, 6, 28, 12, 5, 25, 31, 22, 21, 32, 19]","[(20, 19), (8, 16), (24, 23), (20, 21), (14, 11), (22, 23)]",scenario_023,20260347,12,6,0.23555143077317253,0.7644485692268276,results/batch_tradeoff_20260325_235335/scenario_runs/tradeoff_20260326_020130
optimized,baseline_reference,,baseline,Baseline sequence,Baseline repair sequence used as the reference point.,triangle,5623.286701738211,5623.286701738211,4521593.7985766595,0.2243523297247716,5358.290961999999,0.2093535396434579,5358.290961999999,0.25,1.0,0.2621207355032767,0.133,0.867,0.9,0.9,1,0,,results/batch_tradeoff_20260325_235335/scenario_runs/tradeoff_20260326_020719/reference,"[28, 23, 32, 27, 4, 31, 22, 13, 33, 26, 2, 11, (9, 8), (6, 8), (15, 19), (10, 9), (10, 16), (10, 15), (16, 10), (1, 2), (4, 11)]","[28, 23, 32, 27, 4, 31, 22, 13, 33, 26, 2, 11]","[(9, 8), (6, 8), (15, 19), (10, 9), (10, 16), (10, 15), (16, 10), (1, 2), (4, 11)]",scenario_024,20260348,12,9,0.26000778400189445,0.7399922159981055,results/batch_tradeoff_20260325_235335/scenario_runs/tradeoff_20260326_020719
optimized,single_triangle,,single,Single objective: triangle,Pure efficiency objective that minimizes resilience-triangle loss.,triangle,2944.5980787667218,2944.5980787667218,2703696.02776092,0.3201412411590481,3998.5045820000005,0.4439679925592465,3998.5045820000005,0.25,1.0,0.36840204894088907,0.133,0.867,0.9,0.9,1,1,results/batch_tradeoff_20260325_235335/scenario_runs/tradeoff_20260326_020719/single_triangle_20260326_020719,results/batch_tradeoff_20260325_235335/scenario_runs/tradeoff_20260326_020719/single_triangle_20260326_020719/best,"[2, 27, 23, 28, 4, 22, 31, 26, 13, 11, 32, 33, (4, 11), (9, 8), (10, 9), (6, 8), (1, 2), (10, 15), (10, 16), (16, 10), (15, 19)]","[2, 27, 23, 28, 4, 22, 31, 26, 13, 11, 32, 33]","[(4, 11), (9, 8), (10, 9), (6, 8), (1, 2), (10, 15), (10, 16), (16, 10), (15, 19)]",scenario_024,20260348,12,9,0.26000778400189445,0.7399922159981055,results/batch_tradeoff_20260325_235335/scenario_runs/tradeoff_20260326_020719
optimized,single_gini_restore,,single,Single objective: gini_restore,Equity objective that reduces restoration-time inequality using Gini.,equity:gini_restore,0.19818423968528376,6136.719890321078,4052883.224068941,0.19818423968528376,5343.745438,0.20833751626721483,5343.745438,0.25,1.0,0.24397459978394526,0.133,0.867,0.9,0.9,1,1,results/batch_tradeoff_20260325_235335/scenario_runs/tradeoff_20260326_020719/single_gini_restore_20260326_020823,results/batch_tradeoff_20260325_235335/scenario_runs/tradeoff_20260326_020719/single_gini_restore_20260326_020823/best,"[28, 23, 32, 27, 26, 31, 22, 13, 33, 4, 2, 11, (16, 10), (6, 8), (10, 9), (15, 19), (4, 11), (10, 15), (9, 8), (10, 16), (1, 2)]","[28, 23, 32, 27, 26, 31, 22, 13, 33, 4, 2, 11]","[(16, 10), (6, 8), (10, 9), (15, 19), (4, 11), (10, 15), (9, 8), (10, 16), (1, 2)]",scenario_024,20260348,12,9,0.26000778400189445,0.7399922159981055,results/batch_tradeoff_20260325_235335/scenario_runs/tradeoff_20260326_020719
optimized,single_maximin_time_avg_cri,,single,Single objective: maximize minimum time-avg CRI,Equity via maximin: improve the worst-served zone by maximizing the minimum time-averaged CRI.,equity:maximin_time_avg_cri_loss,0.6139083502660825,5612.094759941208,6106434.72794689,0.33098001718298864,6459.649375999999,0.38609164973391746,5949.3684862,0.25,1.0,0.37802297275053626,0.133,0.867,0.9,0.9,1,0,results/batch_tradeoff_20260325_235335/scenario_runs/tradeoff_20260326_020719/single_maximin_time_avg_cri_20260326_020928,results/batch_tradeoff_20260325_235335/scenario_runs/tradeoff_20260326_020719/single_maximin_time_avg_cri_20260326_020928/best,"[13, 23, 28, 2, 4, 31, 11, 26, 27, 33, 32, 22, (16, 10), (15, 19), (4, 11), (10, 15), (10, 16), (1, 2), (6, 8), (9, 8), (10, 9)]","[13, 23, 28, 2, 4, 31, 11, 26, 27, 33, 32, 22]","[(16, 10), (15, 19), (4, 11), (10, 15), (10, 16), (1, 2), (6, 8), (9, 8), (10, 9)]",scenario_024,20260348,12,9,0.26000778400189445,0.7399922159981055,results/batch_tradeoff_20260325_235335/scenario_runs/tradeoff_20260326_020719
optimized,single_p90_access_restore,,single,Single objective: p90_access_restore,Critical-access objective that shortens the time by which 90% of zones regain access.,critical_access:p90_access_restore,3572.900123,3831.5440972811584,1929842.472898053,0.23918747002380747,3778.7757779999997,0.28840768453234394,3572.900123,0.25,1.0,0.3389133928302286,0.133,0.867,0.9,0.9,1,1,results/batch_tradeoff_20260325_235335/scenario_runs/tradeoff_20260326_020719/single_p90_access_restore_20260326_021030,results/batch_tradeoff_20260325_235335/scenario_runs/tradeoff_20260326_020719/single_p90_access_restore_20260326_021030/best,"[32, 28, 23, 26, 4, 13, 27, 31, 2, 11, 33, 22, (1, 2), (10, 16), (6, 8), (4, 11), (9, 8), (10, 9), (16, 10), (15, 19), (10, 15)]","[32, 28, 23, 26, 4, 13, 27, 31, 2, 11, 33, 22]","[(1, 2), (10, 16), (6, 8), (4, 11), (9, 8), (10, 9), (16, 10), (15, 19), (10, 15)]",scenario_024,20260348,12,9,0.26000778400189445,0.7399922159981055,results/batch_tradeoff_20260325_235335/scenario_runs/tradeoff_20260326_020719
optimized,weighted_gini_restore_l050,,weighted_sum,Weighted sum: triangle + 0.5 * equity:gini_restore,Weighted trade-off objective. triangle + 0.5 * equity:gini_restore.,weighted_sum,1.4012988734751217,4541.02273046024,4464692.6817284385,0.2664228688510384,4973.809861,0.29587400286444254,4973.809861,0.25,1.0,0.3206604576414868,0.133,0.867,0.9,0.9,1,0,results/batch_tradeoff_20260325_235335/scenario_runs/tradeoff_20260326_020719/weighted_gini_restore_l050_20260326_021134,results/batch_tradeoff_20260325_235335/scenario_runs/tradeoff_20260326_020719/weighted_gini_restore_l050_20260326_021134/best,"[26, 13, 2, 22, 32, 28, 31, 27, 23, 33, 4, 11, (10, 9), (4, 11), (16, 10), (6, 8), (10, 16), (15, 19), (10, 15), (9, 8), (1, 2)]","[26, 13, 2, 22, 32, 28, 31, 27, 23, 33, 4, 11]","[(10, 9), (4, 11), (16, 10), (6, 8), (10, 16), (15, 19), (10, 15), (9, 8), (1, 2)]",scenario_024,20260348,12,9,0.26000778400189445,0.7399922159981055,results/batch_tradeoff_20260325_235335/scenario_runs/tradeoff_20260326_020719
optimized,guardrail_gini_restore,,guardrail,Guardrail on equity:gini_restore,Triangle minimization with a fairness guardrail. Guardrail on equity:gini_restore.,guardrail,5162.8022184100855,5162.8022184100855,3778072.0489563034,0.21279029663531057,4946.970819,0.19873926437221703,4946.970819,0.25,1.0,0.2820019895846085,0.133,0.867,0.9,0.9,1,1,results/batch_tradeoff_20260325_235335/scenario_runs/tradeoff_20260326_020719/guardrail_gini_restore_20260326_021240,results/batch_tradeoff_20260325_235335/scenario_runs/tradeoff_20260326_020719/guardrail_gini_restore_20260326_021240/best,"[23, 32, 28, 22, 27, 31, 11, 13, 33, 4, 2, 26, (1, 2), (6, 8), (10, 15), (4, 11), (10, 9), (15, 19), (9, 8), (10, 16), (16, 10)]","[23, 32, 28, 22, 27, 31, 11, 13, 33, 4, 2, 26]","[(1, 2), (6, 8), (10, 15), (4, 11), (10, 9), (15, 19), (9, 8), (10, 16), (16, 10)]",scenario_024,20260348,12,9,0.26000778400189445,0.7399922159981055,results/batch_tradeoff_20260325_235335/scenario_runs/tradeoff_20260326_020719
optimized,weighted_maximin_time_avg_cri_l050,,weighted_sum,Weighted sum: triangle + 0.5 * equity:maximin_time_avg_cri_loss,Weighted trade-off objective. triangle + 0.5 * equity:maximin_time_avg_cri_loss.,weighted_sum,0.9839936799926183,3436.0179843029023,1774961.2485075274,0.2765893629014482,4020.25335,0.41024110963357463,3669.6529436999995,0.25,1.0,0.4226233649449812,0.133,0.867,0.9,0.9,1,1,results/batch_tradeoff_20260325_235335/scenario_runs/tradeoff_20260326_020719/weighted_maximin_time_avg_cri_l050_20260326_021344,results/batch_tradeoff_20260325_235335/scenario_runs/tradeoff_20260326_020719/weighted_maximin_time_avg_cri_l050_20260326_021344/best,"[31, 26, 22, 33, 4, 27, 28, 23, 11, 2, 13, 32, (10, 9), (9, 8), (6, 8), (15, 19), (10, 16), (16, 10), (10, 15), (1, 2), (4, 11)]","[31, 26, 22, 33, 4, 27, 28, 23, 11, 2, 13, 32]","[(10, 9), (9, 8), (6, 8), (15, 19), (10, 16), (16, 10), (10, 15), (1, 2), (4, 11)]",scenario_024,20260348,12,9,0.26000778400189445,0.7399922159981055,results/batch_tradeoff_20260325_235335/scenario_runs/tradeoff_20260326_020719
optimized,baseline_reference,,baseline,Baseline sequence,Baseline repair sequence used as the reference point.,triangle,3380.128939776141,3380.128939776141,880433.1284930053,0.15378096003172037,2991.247193,0.1910445054730844,2991.247193,0.125,1.0,0.23690491420546403,0.133,0.867,0.9,0.9,1,0,,results/batch_tradeoff_20260325_235335/scenario_runs/tradeoff_20260326_021446/reference,"[32, 29, 21, 5, 16, 10, 31, 23, 22, 27, 28, 4, 9, (10, 11), (12, 11), (6, 8), (6, 5)]","[32, 29, 21, 5, 16, 10, 31, 23, 22, 27, 28, 4, 9]","[(10, 11), (12, 11), (6, 8), (6, 5)]",scenario_025,20260349,13,4,0.13782769619871935,0.8621723038012806,results/batch_tradeoff_20260325_235335/scenario_runs/tradeoff_20260326_021446
optimized,single_triangle,,single,Single objective: triangle,Pure efficiency objective that minimizes resilience-triangle loss.,triangle,2640.8647470813007,2640.8647470813007,1105506.4115321415,0.21558809741040097,2871.485279,0.42690792128641764,2871.485279,0.125,1.0,0.39856574864869204,0.133,0.867,0.9,0.9,1,0,results/batch_tradeoff_20260325_235335/scenario_runs/tradeoff_20260326_021446/single_triangle_20260326_021451,results/batch_tradeoff_20260325_235335/scenario_runs/tradeoff_20260326_021446/single_triangle_20260326_021451/best,"[16, 5, 27, 4, 9, 10, 31, 22, 23, 21, 32, 28, 29, (6, 8), (6, 5), (12, 11), (10, 11)]","[16, 5, 27, 4, 9, 10, 31, 22, 23, 21, 32, 28, 29]","[(6, 8), (6, 5), (12, 11), (10, 11)]",scenario_025,20260349,13,4,0.13782769619871935,0.8621723038012806,results/batch_tradeoff_20260325_235335/scenario_runs/tradeoff_20260326_021446
optimized,single_gini_restore,,single,Single objective: gini_restore,Equity objective that reduces restoration-time inequality using Gini.,equity:gini_restore,0.1409565210157484,3915.9363042844398,1003664.7382173542,0.1409565210157484,3662.3784130000004,0.3180327027671028,3662.3784130000004,0.125,1.0,0.23682014708793375,0.133,0.867,0.9,0.9,1,0,results/batch_tradeoff_20260325_235335/scenario_runs/tradeoff_20260326_021446/single_gini_restore_20260326_021538,results/batch_tradeoff_20260325_235335/scenario_runs/tradeoff_20260326_021446/single_gini_restore_20260326_021538/best,"[28, 5, 10, 9, 23, 22, 29, 21, 4, 32, 27, 31, 16, (10, 11), (6, 8), (6, 5), (12, 11)]","[28, 5, 10, 9, 23, 22, 29, 21, 4, 32, 27, 31, 16]","[(10, 11), (6, 8), (6, 5), (12, 11)]",scenario_025,20260349,13,4,0.13782769619871935,0.8621723038012806,results/batch_tradeoff_20260325_235335/scenario_runs/tradeoff_20260326_021446
optimized,single_maximin_time_avg_cri,,single,Single objective: maximize minimum time-avg CRI,Equity via maximin: improve the worst-served zone by maximizing the minimum time-averaged CRI.,equity:maximin_time_avg_cri_loss,0.5113613167095418,4443.354685041519,4249600.418815008,0.2781272378888364,6092.559198999999,0.48863868329045823,6092.559198999999,0.125,1.0,0.454345823200374,0.133,0.867,0.9,0.9,1,0,results/batch_tradeoff_20260325_235335/scenario_runs/tradeoff_20260326_021446/single_maximin_time_avg_cri_20260326_021626,results/batch_tradeoff_20260325_235335/scenario_runs/tradeoff_20260326_021446/single_maximin_time_avg_cri_20260326_021626/best,"[5, 27, 22, 10, 23, 28, 4, 9, 16, 21, 32, 31, 29, (6, 8), (6, 5), (12, 11), (10, 11)]","[5, 27, 22, 10, 23, 28, 4, 9, 16, 21, 32, 31, 29]","[(6, 8), (6, 5), (12, 11), (10, 11)]",scenario_025,20260349,13,4,0.13782769619871935,0.8621723038012806,results/batch_tradeoff_20260325_235335/scenario_runs/tradeoff_20260326_021446
optimized,single_p90_access_restore,,single,Single objective: p90_access_restore,Critical-access objective that shortens the time by which 90% of zones regain access.,critical_access:p90_access_restore,2834.8916230000004,3261.095393373243,1107907.6143144502,0.1982288088279347,2867.2421790000003,0.21854438770752183,2834.8916230000004,0.125,1.0,0.3073264756504314,0.133,0.867,0.9,0.9,1,0,results/batch_tradeoff_20260325_235335/scenario_runs/tradeoff_20260326_021446/single_p90_access_restore_20260326_021719,results/batch_tradeoff_20260325_235335/scenario_runs/tradeoff_20260326_021446/single_p90_access_restore_20260326_021719/best,"[31, 22, 4, 9, 16, 10, 5, 28, 23, 27, 29, 21, 32, (6, 8), (12, 11), (6, 5), (10, 11)]","[31, 22, 4, 9, 16, 10, 5, 28, 23, 27, 29, 21, 32]","[(6, 8), (12, 11), (6, 5), (10, 11)]",scenario_025,20260349,13,4,0.13782769619871935,0.8621723038012806,results/batch_tradeoff_20260325_235335/scenario_runs/tradeoff_20260326_021446
optimized,weighted_gini_restore_l050,,weighted_sum,Weighted sum: triangle + 0.5 * equity:gini_restore,Weighted trade-off objective. triangle + 0.5 * equity:gini_restore.,weighted_sum,1.2835683563422904,1996.540079370609,649104.2081286496,0.2131092108947399,2561.786193,0.42857707498202285,2561.786193,0.125,1.0,0.29558777482840465,0.133,0.867,0.9,0.9,1,1,results/batch_tradeoff_20260325_235335/scenario_runs/tradeoff_20260326_021446/weighted_gini_restore_l050_20260326_021807,results/batch_tradeoff_20260325_235335/scenario_runs/tradeoff_20260326_021446/weighted_gini_restore_l050_20260326_021807/best,"[31, 10, 22, 5, 9, 32, 27, 21, 29, 28, 4, 16, 23, (6, 8), (10, 11), (6, 5), (12, 11)]","[31, 10, 22, 5, 9, 32, 27, 21, 29, 28, 4, 16, 23]","[(6, 8), (10, 11), (6, 5), (12, 11)]",scenario_025,20260349,13,4,0.13782769619871935,0.8621723038012806,results/batch_tradeoff_20260325_235335/scenario_runs/tradeoff_20260326_021446
optimized,guardrail_gini_restore,,guardrail,Guardrail on equity:gini_restore,Triangle minimization with a fairness guardrail. Guardrail on equity:gini_restore.,guardrail,3306.2164502892583,3306.2164502892583,674937.7800970819,0.13837456385716052,2847.9133839999995,0.24386794785157617,2840.5464405999996,0.125,1.0,0.23214164582366387,0.133,0.867,0.9,0.9,1,1,results/batch_tradeoff_20260325_235335/scenario_runs/tradeoff_20260326_021446/guardrail_gini_restore_20260326_021856,results/batch_tradeoff_20260325_235335/scenario_runs/tradeoff_20260326_021446/guardrail_gini_restore_20260326_021856/best,"[16, 28, 27, 21, 29, 10, 31, 22, 23, 5, 9, 4, 32, (10, 11), (6, 5), (6, 8), (12, 11)]","[16, 28, 27, 21, 29, 10, 31, 22, 23, 5, 9, 4, 32]","[(10, 11), (6, 5), (6, 8), (12, 11)]",scenario_025,20260349,13,4,0.13782769619871935,0.8621723038012806,results/batch_tradeoff_20260325_235335/scenario_runs/tradeoff_20260326_021446
optimized,weighted_maximin_time_avg_cri_l050,,weighted_sum,Weighted sum: triangle + 0.5 * equity:maximin_time_avg_cri_loss,Weighted trade-off objective. triangle + 0.5 * equity:maximin_time_avg_cri_loss.,weighted_sum,1.3691319354979021,3067.3627942165654,786284.6354217556,0.1496568525860198,2873.869862,0.2530707340339897,2873.869862,0.125,1.0,0.24063893006926979,0.133,0.867,0.9,0.9,1,1,results/batch_tradeoff_20260325_235335/scenario_runs/tradeoff_20260326_021446/weighted_maximin_time_avg_cri_l050_20260326_021949,results/batch_tradeoff_20260325_235335/scenario_runs/tradeoff_20260326_021446/weighted_maximin_time_avg_cri_l050_20260326_021949/best,"[10, 31, 22, 27, 29, 28, 21, 16, 23, 9, 32, 5, 4, (12, 11), (10, 11), (6, 8), (6, 5)]","[10, 31, 22, 27, 29, 28, 21, 16, 23, 9, 32, 5, 4]","[(12, 11), (10, 11), (6, 8), (6, 5)]",scenario_025,20260349,13,4,0.13782769619871935,0.8621723038012806,results/batch_tradeoff_20260325_235335/scenario_runs/tradeoff_20260326_021446
optimized,baseline_reference,,baseline,Baseline sequence,Baseline repair sequence used as the reference point.,triangle,5814.198553586332,5814.198553586332,1358734.370572077,0.11409898526524076,5346.84573,0.48510863245665564,5346.84573,0.08333333333333333,1.0,0.4272935461246478,0.133,0.867,0.9,0.9,1,0,,results/batch_tradeoff_20260325_235335/scenario_runs/tradeoff_20260326_022038/reference,"[6, 25, 30, 14, 20, 32, 3, 17, 7, 26, 19, (15, 19), (23, 24), (10, 9), (3, 4), (5, 6), (19, 15), (3, 12), (11, 12), (15, 14), (1, 2), (20, 19)]","[6, 25, 30, 14, 20, 32, 3, 17, 7, 26, 19]","[(15, 19), (23, 24), (10, 9), (3, 4), (5, 6), (19, 15), (3, 12), (11, 12), (15, 14), (1, 2), (20, 19)]",scenario_026,20260350,11,11,0.21304767751993403,0.786952322480066,results/batch_tradeoff_20260325_235335/scenario_runs/tradeoff_20260326_022038
optimized,single_triangle,,single,Single objective: triangle,Pure efficiency objective that minimizes resilience-triangle loss.,triangle,2526.4924414887046,2526.4924414887046,964238.0971170041,0.26525426216567194,3352.034149,0.5233735260221847,3352.034149,0.08333333333333333,1.0,0.46612460443343773,0.133,0.867,0.9,0.9,1,1,results/batch_tradeoff_20260325_235335/scenario_runs/tradeoff_20260326_022038/single_triangle_20260326_022039,results/batch_tradeoff_20260325_235335/scenario_runs/tradeoff_20260326_022038/single_triangle_20260326_022039/best,"[7, 26, 3, 32, 6, 14, 30, 17, 19, 20, 25, (1, 2), (11, 12), (3, 12), (3, 4), (5, 6), (10, 9), (19, 15), (15, 14), (15, 19), (20, 19), (23, 24)]","[7, 26, 3, 32, 6, 14, 30, 17, 19, 20, 25]","[(1, 2), (11, 12), (3, 12), (3, 4), (5, 6), (10, 9), (19, 15), (15, 14), (15, 19), (20, 19), (23, 24)]",scenario_026,20260350,11,11,0.21304767751993403,0.786952322480066,results/batch_tradeoff_20260325_235335/scenario_runs/tradeoff_20260326_022038
optimized,single_gini_restore,,single,Single objective: gini_restore,Equity objective that reduces restoration-time inequality using Gini.,equity:gini_restore,0.11409898526524076,5814.198553586332,1358734.370572077,0.11409898526524076,5346.84573,0.48510863245665564,5346.84573,0.08333333333333333,1.0,0.4272935461246478,0.133,0.867,0.9,0.9,1,0,results/batch_tradeoff_20260325_235335/scenario_runs/tradeoff_20260326_022038/single_gini_restore_20260326_022142,results/batch_tradeoff_20260325_235335/scenario_runs/tradeoff_20260326_022038/single_gini_restore_20260326_022142/best,"[6, 25, 30, 14, 20, 32, 3, 17, 7, 26, 19, (15, 19), (23, 24), (10, 9), (3, 4), (5, 6), (19, 15), (3, 12), (11, 12), (15, 14), (1, 2), (20, 19)]","[6, 25, 30, 14, 20, 32, 3, 17, 7, 26, 19]","[(15, 19), (23, 24), (10, 9), (3, 4), (5, 6), (19, 15), (3, 12), (11, 12), (15, 14), (1, 2), (20, 19)]",scenario_026,20260350,11,11,0.21304767751993403,0.786952322480066,results/batch_tradeoff_20260325_235335/scenario_runs/tradeoff_20260326_022038
optimized,single_maximin_time_avg_cri,,single,Single objective: maximize minimum time-avg CRI,Equity via maximin: improve the worst-served zone by maximizing the minimum time-averaged CRI.,equity:maximin_time_avg_cri_loss,0.4454708432250368,5170.919608865077,3631948.637434061,0.24021747451704,6638.413819,0.5545291567749632,6638.413819,0.08333333333333333,1.0,0.5090546273264087,0.133,0.867,0.9,0.9,1,0,results/batch_tradeoff_20260325_235335/scenario_runs/tradeoff_20260326_022038/single_maximin_time_avg_cri_20260326_022246,results/batch_tradeoff_20260325_235335/scenario_runs/tradeoff_20260326_022038/single_maximin_time_avg_cri_20260326_022246/best,"[17, 14, 7, 26, 3, 6, 19, 20, 30, 32, 25, (15, 19), (10, 9), (11, 12), (3, 4), (23, 24), (1, 2), (19, 15), (5, 6), (15, 14), (3, 12), (20, 19)]","[17, 14, 7, 26, 3, 6, 19, 20, 30, 32, 25]","[(15, 19), (10, 9), (11, 12), (3, 4), (23, 24), (1, 2), (19, 15), (5, 6), (15, 14), (3, 12), (20, 19)]",scenario_026,20260350,11,11,0.21304767751993403,0.786952322480066,results/batch_tradeoff_20260325_235335/scenario_runs/tradeoff_20260326_022038
optimized,single_p90_access_restore,,single,Single objective: p90_access_restore,Critical-access objective that shortens the time by which 90% of zones regain access.,critical_access:p90_access_restore,2728.835300999999,3065.334208148247,718857.7188571924,0.1571136424155808,3171.1347928999985,0.3052635696345876,2728.835300999999,0.08333333333333333,1.0,0.2897251734769205,0.133,0.867,0.9,0.9,1,1,results/batch_tradeoff_20260325_235335/scenario_runs/tradeoff_20260326_022038/single_p90_access_restore_20260326_022349,results/batch_tradeoff_20260325_235335/scenario_runs/tradeoff_20260326_022038/single_p90_access_restore_20260326_022349/best,"[25, 20, 30, 6, 3, 19, 14, 17, 7, 26, 32, (11, 12), (1, 2), (19, 15), (10, 9), (20, 19), (15, 19), (23, 24), (15, 14), (5, 6), (3, 4), (3, 12)]","[25, 20, 30, 6, 3, 19, 14, 17, 7, 26, 32]","[(11, 12), (1, 2), (19, 15), (10, 9), (20, 19), (15, 19), (23, 24), (15, 14), (5, 6), (3, 4), (3, 12)]",scenario_026,20260350,11,11,0.21304767751993403,0.786952322480066,results/batch_tradeoff_20260325_235335/scenario_runs/tradeoff_20260326_022038
optimized,weighted_gini_restore_l050,,weighted_sum,Weighted sum: triangle + 0.5 * equity:gini_restore,Weighted trade-off objective. triangle + 0.5 * equity:gini_restore.,weighted_sum,1.3548109000748068,5088.273529543553,962046.0971047805,0.10945852053821326,4943.567395,0.300212582349235,4943.567395,0.08333333333333333,1.0,0.25942238244149374,0.133,0.867,0.9,0.9,1,0,results/batch_tradeoff_20260325_235335/scenario_runs/tradeoff_20260326_022038/weighted_gini_restore_l050_20260326_022449,results/batch_tradeoff_20260325_235335/scenario_runs/tradeoff_20260326_022038/weighted_gini_restore_l050_20260326_022449/best,"[7, 6, 14, 20, 25, 17, 30, 26, 3, 32, 19, (15, 19), (19, 15), (23, 24), (3, 4), (1, 2), (10, 9), (3, 12), (11, 12), (5, 6), (15, 14), (20, 19)]","[7, 6, 14, 20, 25, 17, 30, 26, 3, 32, 19]","[(15, 19), (19, 15), (23, 24), (3, 4), (1, 2), (10, 9), (3, 12), (11, 12), (5, 6), (15, 14), (20, 19)]",scenario_026,20260350,11,11,0.21304767751993403,0.786952322480066,results/batch_tradeoff_20260325_235335/scenario_runs/tradeoff_20260326_022038
optimized,guardrail_gini_restore,,guardrail,Guardrail on equity:gini_restore,Triangle minimization with a fairness guardrail. Guardrail on equity:gini_restore.,guardrail,3914.542030943872,3914.542030943872,497227.674685417,0.07644745917586793,3493.54454,0.27754800386176265,3483.0419722999995,0.08333333333333333,1.0,0.2624773999338665,0.133,0.867,0.9,0.9,1,1,results/batch_tradeoff_20260325_235335/scenario_runs/tradeoff_20260326_022038/guardrail_gini_restore_20260326_022554,results/batch_tradeoff_20260325_235335/scenario_runs/tradeoff_20260326_022038/guardrail_gini_restore_20260326_022554/best,"[7, 6, 30, 20, 25, 26, 3, 19, 17, 14, 32, (10, 9), (15, 19), (19, 15), (23, 24), (11, 12), (15, 14), (20, 19), (1, 2), (3, 4), (5, 6), (3, 12)]","[7, 6, 30, 20, 25, 26, 3, 19, 17, 14, 32]","[(10, 9), (15, 19), (19, 15), (23, 24), (11, 12), (15, 14), (20, 19), (1, 2), (3, 4), (5, 6), (3, 12)]",scenario_026,20260350,11,11,0.21304767751993403,0.786952322480066,results/batch_tradeoff_20260325_235335/scenario_runs/tradeoff_20260326_022038
optimized,weighted_maximin_time_avg_cri_l050,,weighted_sum,Weighted sum: triangle + 0.5 * equity:maximin_time_avg_cri_loss,Weighted trade-off objective. triangle + 0.5 * equity:maximin_time_avg_cri_loss.,weighted_sum,1.3375935103080656,5195.995589813294,2061497.812609404,0.16268667318551278,5253.945521,0.5428589117895426,5253.945521,0.08333333333333333,1.0,0.47260615823759294,0.133,0.867,0.9,0.9,1,0,results/batch_tradeoff_20260325_235335/scenario_runs/tradeoff_20260326_022038/weighted_maximin_time_avg_cri_l050_20260326_022658,results/batch_tradeoff_20260325_235335/scenario_runs/tradeoff_20260326_022038/weighted_maximin_time_avg_cri_l050_20260326_022658/best,"[6, 26, 7, 14, 25, 32, 3, 17, 30, 20, 19, (3, 12), (23, 24), (10, 9), (3, 4), (15, 19), (19, 15), (5, 6), (11, 12), (15, 14), (1, 2), (20, 19)]","[6, 26, 7, 14, 25, 32, 3, 17, 30, 20, 19]","[(3, 12), (23, 24), (10, 9), (3, 4), (15, 19), (19, 15), (5, 6), (11, 12), (15, 14), (1, 2), (20, 19)]",scenario_026,20260350,11,11,0.21304767751993403,0.786952322480066,results/batch_tradeoff_20260325_235335/scenario_runs/tradeoff_20260326_022038
optimized,baseline_reference,,baseline,Baseline sequence,Baseline repair sequence used as the reference point.,triangle,1773.0197588386536,1773.0197588386536,468399.68812643253,0.20656657070490225,1820.625125,0.26556445301420856,1820.625125,0.3333333333333333,1.0,0.29345075376239244,0.133,0.867,0.9,0.9,1,0,,results/batch_tradeoff_20260325_235335/scenario_runs/tradeoff_20260326_022802/reference,"[6, 24, 15, 28, 4, 10, 22, 5, 1, 3, (2, 1), (24, 13), (8, 16), (8, 9), (16, 8), (22, 15), (17, 19)]","[6, 24, 15, 28, 4, 10, 22, 5, 1, 3]","[(2, 1), (24, 13), (8, 16), (8, 9), (16, 8), (22, 15), (17, 19)]",scenario_027,20260351,10,7,0.2637171339132885,0.7362828660867116,results/batch_tradeoff_20260325_235335/scenario_runs/tradeoff_20260326_022802
optimized,single_triangle,,single,Single objective: triangle,Pure efficiency objective that minimizes resilience-triangle loss.,triangle,659.2042667923442,659.2042667923442,112386.64491175227,0.2671934768844846,978.2756240000001,0.47877874277514654,978.2756240000001,0.3333333333333333,1.0,0.3844430675841243,0.133,0.867,0.9,0.9,1,1,results/batch_tradeoff_20260325_235335/scenario_runs/tradeoff_20260326_022802/single_triangle_20260326_022802,results/batch_tradeoff_20260325_235335/scenario_runs/tradeoff_20260326_022802/single_triangle_20260326_022802/best,"[1, 24, 6, 4, 3, 5, 22, 10, 15, 28, (2, 1), (24, 13), (8, 9), (17, 19), (16, 8), (8, 16), (22, 15)]","[1, 24, 6, 4, 3, 5, 22, 10, 15, 28]","[(2, 1), (24, 13), (8, 9), (17, 19), (16, 8), (8, 16), (22, 15)]",scenario_027,20260351,10,7,0.2637171339132885,0.7362828660867116,results/batch_tradeoff_20260325_235335/scenario_runs/tradeoff_20260326_022802
optimized,single_gini_restore,,single,Single objective: gini_restore,Equity objective that reduces restoration-time inequality using Gini.,equity:gini_restore,0.14292533882143532,1225.0783480308296,150549.0523709961,0.14292533882143532,1177.942149,0.2573993098040037,1177.942149,0.3333333333333333,1.0,0.29103084409340263,0.133,0.867,0.9,0.9,1,1,results/batch_tradeoff_20260325_235335/scenario_runs/tradeoff_20260326_022802/single_gini_restore_20260326_022850,results/batch_tradeoff_20260325_235335/scenario_runs/tradeoff_20260326_022802/single_gini_restore_20260326_022850/best,"[22, 10, 5, 28, 24, 1, 15, 3, 6, 4, (17, 19), (24, 13), (8, 16), (8, 9), (2, 1), (22, 15), (16, 8)]","[22, 10, 5, 28, 24, 1, 15, 3, 6, 4]","[(17, 19), (24, 13), (8, 16), (8, 9), (2, 1), (22, 15), (16, 8)]",scenario_027,20260351,10,7,0.2637171339132885,0.7362828660867116,results/batch_tradeoff_20260325_235335/scenario_runs/tradeoff_20260326_022802
optimized,single_maximin_time_avg_cri,,single,Single objective: maximize minimum time-avg CRI,Equity via maximin: improve the worst-served zone by maximizing the minimum time-averaged CRI.,equity:maximin_time_avg_cri_loss,0.586997616783894,1154.218917151098,243937.27678697568,0.24632016731628603,1456.148807,0.4130023832161061,1456.148807,0.3333333333333333,1.0,0.37618869072653327,0.133,0.867,0.9,0.9,1,0,results/batch_tradeoff_20260325_235335/scenario_runs/tradeoff_20260326_022802/single_maximin_time_avg_cri_20260326_022938,results/batch_tradeoff_20260325_235335/scenario_runs/tradeoff_20260326_022802/single_maximin_time_avg_cri_20260326_022938/best,"[6, 22, 1, 15, 24, 5, 3, 4, 10, 28, (2, 1), (22, 15), (8, 16), (16, 8), (8, 9), (24, 13), (17, 19)]","[6, 22, 1, 15, 24, 5, 3, 4, 10, 28]","[(2, 1), (22, 15), (8, 16), (16, 8), (8, 9), (24, 13), (17, 19)]",scenario_027,20260351,10,7,0.2637171339132885,0.7362828660867116,results/batch_tradeoff_20260325_235335/scenario_runs/tradeoff_20260326_022802
optimized,single_p90_access_restore,,single,Single objective: p90_access_restore,Critical-access objective that shortens the time by which 90% of zones regain access.,critical_access:p90_access_restore,876.5423969999999,835.7178090184653,111098.67028507804,0.21623270182922472,876.5423969999999,0.3692087584645656,876.5423969999999,0.3333333333333333,1.0,0.42609806578533194,0.133,0.867,0.9,0.9,1,0,results/batch_tradeoff_20260325_235335/scenario_runs/tradeoff_20260326_022802/single_p90_access_restore_20260326_023031,results/batch_tradeoff_20260325_235335/scenario_runs/tradeoff_20260326_022802/single_p90_access_restore_20260326_023031/best,"[1, 15, 10, 3, 28, 4, 24, 5, 22, 6, (17, 19), (16, 8), (8, 9), (24, 13), (22, 15), (2, 1), (8, 16)]","[1, 15, 10, 3, 28, 4, 24, 5, 22, 6]","[(17, 19), (16, 8), (8, 9), (24, 13), (22, 15), (2, 1), (8, 16)]",scenario_027,20260351,10,7,0.2637171339132885,0.7362828660867116,results/batch_tradeoff_20260325_235335/scenario_runs/tradeoff_20260326_022802
optimized,weighted_gini_restore_l050,,weighted_sum,Weighted sum: triangle + 0.5 * equity:gini_restore,Weighted trade-off objective. triangle + 0.5 * equity:gini_restore.,weighted_sum,0.8738378008146797,755.3863352111529,69551.52996355183,0.18499801573058816,736.315184,0.2012260305690745,736.315184,0.3333333333333333,1.0,0.31854291258465567,0.133,0.867,0.9,0.9,1,1,results/batch_tradeoff_20260325_235335/scenario_runs/tradeoff_20260326_022802/weighted_gini_restore_l050_20260326_023120,results/batch_tradeoff_20260325_235335/scenario_runs/tradeoff_20260326_022802/weighted_gini_restore_l050_20260326_023120/best,"[24, 15, 10, 1, 4, 5, 22, 6, 28, 3, (2, 1), (8, 9), (16, 8), (8, 16), (24, 13), (22, 15), (17, 19)]","[24, 15, 10, 1, 4, 5, 22, 6, 28, 3]","[(2, 1), (8, 9), (16, 8), (8, 16), (24, 13), (22, 15), (17, 19)]",scenario_027,20260351,10,7,0.2637171339132885,0.7362828660867116,results/batch_tradeoff_20260325_235335/scenario_runs/tradeoff_20260326_022802
optimized,guardrail_gini_restore,,guardrail,Guardrail on equity:gini_restore,Triangle minimization with a fairness guardrail. Guardrail on equity:gini_restore.,guardrail,933.7686293081707,933.7686293081707,130742.19175041576,0.18994112186446155,1014.0916789999999,0.28417775587183514,1014.0916789999999,0.3333333333333333,1.0,0.28688391869909685,0.133,0.867,0.9,0.9,1,0,results/batch_tradeoff_20260325_235335/scenario_runs/tradeoff_20260326_022802/guardrail_gini_restore_20260326_023213,results/batch_tradeoff_20260325_235335/scenario_runs/tradeoff_20260326_022802/guardrail_gini_restore_20260326_023213/best,"[24, 28, 6, 3, 4, 1, 22, 10, 15, 5, (24, 13), (8, 9), (17, 19), (22, 15), (2, 1), (16, 8), (8, 16)]","[24, 28, 6, 3, 4, 1, 22, 10, 15, 5]","[(24, 13), (8, 9), (17, 19), (22, 15), (2, 1), (16, 8), (8, 16)]",scenario_027,20260351,10,7,0.2637171339132885,0.7362828660867116,results/batch_tradeoff_20260325_235335/scenario_runs/tradeoff_20260326_022802
optimized,weighted_maximin_time_avg_cri_l050,,weighted_sum,Weighted sum: triangle + 0.5 * equity:maximin_time_avg_cri_loss,Weighted trade-off objective. triangle + 0.5 * equity:maximin_time_avg_cri_loss.,weighted_sum,1.00049345947877,938.5667223724057,135350.50125022736,0.20840971263677277,1110.685471,0.3079664942044155,960.3597490000001,0.3333333333333333,1.0,0.3751434159392186,0.133,0.867,0.9,0.9,1,0,results/batch_tradeoff_20260325_235335/scenario_runs/tradeoff_20260326_022802/weighted_maximin_time_avg_cri_l050_20260326_023301,results/batch_tradeoff_20260325_235335/scenario_runs/tradeoff_20260326_022802/weighted_maximin_time_avg_cri_l050_20260326_023301/best,"[10, 24, 1, 6, 4, 5, 15, 3, 28, 22, (24, 13), (17, 19), (8, 9), (16, 8), (22, 15), (8, 16), (2, 1)]","[10, 24, 1, 6, 4, 5, 15, 3, 28, 22]","[(24, 13), (17, 19), (8, 9), (16, 8), (22, 15), (8, 16), (2, 1)]",scenario_027,20260351,10,7,0.2637171339132885,0.7362828660867116,results/batch_tradeoff_20260325_235335/scenario_runs/tradeoff_20260326_022802
optimized,baseline_reference,,baseline,Baseline sequence,Baseline repair sequence used as the reference point.,triangle,753.9947938450583,753.9947938450583,71395.13270714822,0.1625658703474513,843.7250199999997,0.3123684519648734,843.7250199999997,0.25,1.0,0.3255723538833383,0.133,0.867,0.9,0.9,1,0,,results/batch_tradeoff_20260325_235335/scenario_runs/tradeoff_20260326_023351/reference,"[7, 29, 25, 19, 17, 18, 3, 14, 33, (12, 13), (11, 12), (11, 4), (19, 15)]","[7, 29, 25, 19, 17, 18, 3, 14, 33]","[(12, 13), (11, 12), (11, 4), (19, 15)]",scenario_028,20260352,9,4,0.38154786488073067,0.6184521351192693,results/batch_tradeoff_20260325_235335/scenario_runs/tradeoff_20260326_023351
optimized,single_triangle,,single,Single objective: triangle,Pure efficiency objective that minimizes resilience-triangle loss.,triangle,542.8779595518889,542.8779595518889,52129.819771756826,0.22545121121982192,707.090781,0.4740593133487804,707.090781,0.25,1.0,0.3712946490459193,0.133,0.867,0.9,0.9,1,1,results/batch_tradeoff_20260325_235335/scenario_runs/tradeoff_20260326_023351/single_triangle_20260326_023352,results/batch_tradeoff_20260325_235335/scenario_runs/tradeoff_20260326_023351/single_triangle_20260326_023352/best,"[7, 3, 17, 19, 29, 14, 18, 33, 25, (11, 12), (12, 13), (11, 4), (19, 15)]","[7, 3, 17, 19, 29, 14, 18, 33, 25]","[(11, 12), (12, 13), (11, 4), (19, 15)]",scenario_028,20260352,9,4,0.38154786488073067,0.6184521351192693,results/batch_tradeoff_20260325_235335/scenario_runs/tradeoff_20260326_023351
optimized,single_gini_restore,,single,Single objective: gini_restore,Equity objective that reduces restoration-time inequality using Gini.,equity:gini_restore,0.11244952911247208,881.4076852403643,55140.81967523498,0.11244952911247208,842.7922359999999,0.26919841901273,842.7922359999999,0.25,1.0,0.243579698804914,0.133,0.867,0.9,0.9,1,1,results/batch_tradeoff_20260325_235335/scenario_runs/tradeoff_20260326_023351/single_gini_restore_20260326_023429,results/batch_tradeoff_20260325_235335/scenario_runs/tradeoff_20260326_023351/single_gini_restore_20260326_023429/best,"[33, 18, 14, 25, 29, 7, 19, 3, 17, (11, 4), (19, 15), (12, 13), (11, 12)]","[33, 18, 14, 25, 29, 7, 19, 3, 17]","[(11, 4), (19, 15), (12, 13), (11, 12)]",scenario_028,20260352,9,4,0.38154786488073067,0.6184521351192693,results/batch_tradeoff_20260325_235335/scenario_runs/tradeoff_20260326_023351
optimized,single_maximin_time_avg_cri,,single,Single objective: maximize minimum time-avg CRI,Equity via maximin: improve the worst-served zone by maximizing the minimum time-averaged CRI.,equity:maximin_time_avg_cri_loss,0.4952052428212891,768.9458370801675,110802.41290863197,0.2354555458671883,1009.720247,0.5047947571787109,1009.720247,0.25,1.0,0.3430324660344593,0.133,0.867,0.9,0.9,1,0,results/batch_tradeoff_20260325_235335/scenario_runs/tradeoff_20260326_023351/single_maximin_time_avg_cri_20260326_023510,results/batch_tradeoff_20260325_235335/scenario_runs/tradeoff_20260326_023351/single_maximin_time_avg_cri_20260326_023510/best,"[3, 7, 17, 19, 25, 14, 29, 33, 18, (19, 15), (11, 12), (11, 4), (12, 13)]","[3, 7, 17, 19, 25, 14, 29, 33, 18]","[(19, 15), (11, 12), (11, 4), (12, 13)]",scenario_028,20260352,9,4,0.38154786488073067,0.6184521351192693,results/batch_tradeoff_20260325_235335/scenario_runs/tradeoff_20260326_023351
optimized,single_p90_access_restore,,single,Single objective: p90_access_restore,Critical-access objective that shortens the time by which 90% of zones regain access.,critical_access:p90_access_restore,571.3551269999999,546.5862234627763,32632.336151028197,0.17183970937258586,585.3551269999999,0.3583359996964165,571.3551269999999,0.25,1.0,0.32476531885213533,0.133,0.867,0.9,0.9,1,1,results/batch_tradeoff_20260325_235335/scenario_runs/tradeoff_20260326_023351/single_p90_access_restore_20260326_023547,results/batch_tradeoff_20260325_235335/scenario_runs/tradeoff_20260326_023351/single_p90_access_restore_20260326_023547/best,"[7, 14, 25, 33, 3, 29, 17, 18, 19, (19, 15), (11, 12), (11, 4), (12, 13)]","[7, 14, 25, 33, 3, 29, 17, 18, 19]","[(19, 15), (11, 12), (11, 4), (12, 13)]",scenario_028,20260352,9,4,0.38154786488073067,0.6184521351192693,results/batch_tradeoff_20260325_235335/scenario_runs/tradeoff_20260326_023351
optimized,weighted_gini_restore_l050,,weighted_sum,Weighted sum: triangle + 0.5 * equity:gini_restore,Weighted trade-off objective. triangle + 0.5 * equity:gini_restore.,weighted_sum,1.3324377848864941,632.0563852971632,36236.19848939551,0.1606674029610735,688.5805799999999,0.31484220197389345,688.5805799999999,0.25,1.0,0.32578599273498726,0.133,0.867,0.9,0.9,1,1,results/batch_tradeoff_20260325_235335/scenario_runs/tradeoff_20260326_023351/weighted_gini_restore_l050_20260326_023625,results/batch_tradeoff_20260325_235335/scenario_runs/tradeoff_20260326_023351/weighted_gini_restore_l050_20260326_023625/best,"[7, 18, 33, 19, 17, 29, 3, 14, 25, (11, 4), (12, 13), (19, 15), (11, 12)]","[7, 18, 33, 19, 17, 29, 3, 14, 25]","[(11, 4), (12, 13), (19, 15), (11, 12)]",scenario_028,20260352,9,4,0.38154786488073067,0.6184521351192693,results/batch_tradeoff_20260325_235335/scenario_runs/tradeoff_20260326_023351
optimized,guardrail_gini_restore,,guardrail,Guardrail on equity:gini_restore,Triangle minimization with a fairness guardrail. Guardrail on equity:gini_restore.,guardrail,766.9380395796491,766.9380395796491,69044.68635075324,0.14930955648264743,831.3786629999998,0.2925123429738567,831.3786629999998,0.25,1.0,0.31508748869987935,0.133,0.867,0.9,0.9,1,1,results/batch_tradeoff_20260325_235335/scenario_runs/tradeoff_20260326_023351/guardrail_gini_restore_20260326_023702,results/batch_tradeoff_20260325_235335/scenario_runs/tradeoff_20260326_023351/guardrail_gini_restore_20260326_023702/best,"[7, 29, 19, 25, 18, 17, 3, 33, 14, (11, 4), (12, 13), (11, 12), (19, 15)]","[7, 29, 19, 25, 18, 17, 3, 33, 14]","[(11, 4), (12, 13), (11, 12), (19, 15)]",scenario_028,20260352,9,4,0.38154786488073067,0.6184521351192693,results/batch_tradeoff_20260325_235335/scenario_runs/tradeoff_20260326_023351
optimized,weighted_maximin_time_avg_cri_l050,,weighted_sum,Weighted sum: triangle + 0.5 * equity:maximin_time_avg_cri_loss,Weighted trade-off objective. triangle + 0.5 * equity:maximin_time_avg_cri_loss.,weighted_sum,1.147509669344956,566.6280266193461,59272.50441970926,0.22860676622068943,757.8249020000001,0.4553842288514331,757.8249020000001,0.25,1.0,0.38266841668789603,0.133,0.867,0.9,0.9,1,0,results/batch_tradeoff_20260325_235335/scenario_runs/tradeoff_20260326_023351/weighted_maximin_time_avg_cri_l050_20260326_023740,results/batch_tradeoff_20260325_235335/scenario_runs/tradeoff_20260326_023351/weighted_maximin_time_avg_cri_l050_20260326_023740/best,"[14, 7, 18, 3, 19, 29, 25, 33, 17, (12, 13), (11, 12), (11, 4), (19, 15)]","[14, 7, 18, 3, 19, 29, 25, 33, 17]","[(12, 13), (11, 12), (11, 4), (19, 15)]",scenario_028,20260352,9,4,0.38154786488073067,0.6184521351192693,results/batch_tradeoff_20260325_235335/scenario_runs/tradeoff_20260326_023351
optimized,baseline_reference,,baseline,Baseline sequence,Baseline repair sequence used as the reference point.,triangle,8664.758006023585,8664.758006023585,4190871.1680086236,0.16215204825310647,7835.987313,0.24408499907273143,7835.987313,0.125,1.0,0.2814287059281086,0.133,0.867,0.9,0.9,1,0,,results/batch_tradeoff_20260325_235335/scenario_runs/tradeoff_20260326_023818/reference,"[3, 27, 14, 23, 6, 7, 24, 12, 18, 30, 13, 19, 29, (19, 17), (17, 10), (1, 3), (9, 10), (8, 9), (19, 15), (14, 23), (1, 2), (8, 7), (4, 5), (2, 6)]","[3, 27, 14, 23, 6, 7, 24, 12, 18, 30, 13, 19, 29]","[(19, 17), (17, 10), (1, 3), (9, 10), (8, 9), (19, 15), (14, 23), (1, 2), (8, 7), (4, 5), (2, 6)]",scenario_029,20260353,13,11,0.23424018606048413,0.7657598139395159,results/batch_tradeoff_20260325_235335/scenario_runs/tradeoff_20260326_023818
optimized,single_triangle,,single,Single objective: triangle,Pure efficiency objective that minimizes resilience-triangle loss.,triangle,5156.986949737007,5156.986949737007,1326838.346757903,0.12389661693306597,4100.2120350000005,0.15385653670934657,4100.2120350000005,0.125,1.0,0.24564148503846825,0.133,0.867,0.9,0.9,1,0,results/batch_tradeoff_20260325_235335/scenario_runs/tradeoff_20260326_023818/single_triangle_20260326_023819,results/batch_tradeoff_20260325_235335/scenario_runs/tradeoff_20260326_023818/single_triangle_20260326_023819/best,"[13, 14, 18, 30, 27, 7, 24, 12, 19, 23, 6, 3, 29, (14, 23), (1, 3), (4, 5), (17, 10), (19, 15), (9, 10), (19, 17), (8, 7), (2, 6), (1, 2), (8, 9)]","[13, 14, 18, 30, 27, 7, 24, 12, 19, 23, 6, 3, 29]","[(14, 23), (1, 3), (4, 5), (17, 10), (19, 15), (9, 10), (19, 17), (8, 7), (2, 6), (1, 2), (8, 9)]",scenario_029,20260353,13,11,0.23424018606048413,0.7657598139395159,results/batch_tradeoff_20260325_235335/scenario_runs/tradeoff_20260326_023818
optimized,single_gini_restore,,single,Single objective: gini_restore,Equity objective that reduces restoration-time inequality using Gini.,equity:gini_restore,0.09824596754221426,7257.246423337553,1965376.5176130228,0.09824596754221426,5999.087506000001,0.2563540689437672,5999.087506000001,0.125,1.0,0.28358063782436094,0.133,0.867,0.9,0.9,1,1,results/batch_tradeoff_20260325_235335/scenario_runs/tradeoff_20260326_023818/single_gini_restore_20260326_023932,results/batch_tradeoff_20260325_235335/scenario_runs/tradeoff_20260326_023818/single_gini_restore_20260326_023932/best,"[23, 18, 14, 12, 13, 24, 19, 30, 6, 27, 7, 3, 29, (8, 7), (2, 6), (17, 10), (9, 10), (4, 5), (19, 17), (1, 3), (14, 23), (8, 9), (19, 15), (1, 2)]","[23, 18, 14, 12, 13, 24, 19, 30, 6, 27, 7, 3, 29]","[(8, 7), (2, 6), (17, 10), (9, 10), (4, 5), (19, 17), (1, 3), (14, 23), (8, 9), (19, 15), (1, 2)]",scenario_029,20260353,13,11,0.23424018606048413,0.7657598139395159,results/batch_tradeoff_20260325_235335/scenario_runs/tradeoff_20260326_023818
optimized,single_maximin_time_avg_cri,,single,Single objective: maximize minimum time-avg CRI,Equity via maximin: improve the worst-served zone by maximizing the minimum time-averaged CRI.,equity:maximin_time_avg_cri_loss,0.5687950610409149,6867.564777418093,3982674.8845076542,0.21481756020155096,6421.473259,0.431204938959085,6421.473259,0.125,1.0,0.42746785436024676,0.133,0.867,0.9,0.9,1,0,results/batch_tradeoff_20260325_235335/scenario_runs/tradeoff_20260326_023818/single_maximin_time_avg_cri_20260326_024046,results/batch_tradeoff_20260325_235335/scenario_runs/tradeoff_20260326_023818/single_maximin_time_avg_cri_20260326_024046/best,"[27, 29, 19, 30, 3, 13, 6, 18, 14, 23, 12, 7, 24, (14, 23), (2, 6), (1, 3), (8, 7), (4, 5), (19, 17), (8, 9), (9, 10), (17, 10), (1, 2), (19, 15)]","[27, 29, 19, 30, 3, 13, 6, 18, 14, 23, 12, 7, 24]","[(14, 23), (2, 6), (1, 3), (8, 7), (4, 5), (19, 17), (8, 9), (9, 10), (17, 10), (1, 2), (19, 15)]",scenario_029,20260353,13,11,0.23424018606048413,0.7657598139395159,results/batch_tradeoff_20260325_235335/scenario_runs/tradeoff_20260326_023818
optimized,single_p90_access_restore,,single,Single objective: p90_access_restore,Critical-access objective that shortens the time by which 90% of zones regain access.,critical_access:p90_access_restore,4383.799412,5315.194559515788,1233228.5410273715,0.1077249210609843,4383.799412,0.12197789240429181,4383.799412,0.125,1.0,0.16888834264177474,0.133,0.867,0.9,0.9,1,0,results/batch_tradeoff_20260325_235335/scenario_runs/tradeoff_20260326_023818/single_p90_access_restore_20260326_024158,results/batch_tradeoff_20260325_235335/scenario_runs/tradeoff_20260326_023818/single_p90_access_restore_20260326_024158/best,"[18, 29, 30, 3, 27, 13, 7, 12, 24, 19, 6, 14, 23, (2, 6), (1, 2), (14, 23), (17, 10), (19, 17), (8, 7), (9, 10), (8, 9), (19, 15), (1, 3), (4, 5)]","[18, 29, 30, 3, 27, 13, 7, 12, 24, 19, 6, 14, 23]","[(2, 6), (1, 2), (14, 23), (17, 10), (19, 17), (8, 7), (9, 10), (8, 9), (19, 15), (1, 3), (4, 5)]",scenario_029,20260353,13,11,0.23424018606048413,0.7657598139395159,results/batch_tradeoff_20260325_235335/scenario_runs/tradeoff_20260326_023818
optimized,weighted_gini_restore_l050,,weighted_sum,Weighted sum: triangle + 0.5 * equity:gini_restore,Weighted trade-off objective. triangle + 0.5 * equity:gini_restore.,weighted_sum,1.0783935220690186,6630.627464162254,1506922.7086884833,0.10155666883596526,4953.080929999999,0.22161914793034468,4953.080929999999,0.125,1.0,0.2925477830120102,0.133,0.867,0.9,0.9,1,1,results/batch_tradeoff_20260325_235335/scenario_runs/tradeoff_20260326_023818/weighted_gini_restore_l050_20260326_024309,results/batch_tradeoff_20260325_235335/scenario_runs/tradeoff_20260326_023818/weighted_gini_restore_l050_20260326_024309/best,"[27, 12, 14, 29, 7, 13, 18, 30, 24, 23, 19, 3, 6, (8, 9), (19, 17), (1, 3), (19, 15), (9, 10), (8, 7), (14, 23), (1, 2), (2, 6), (4, 5), (17, 10)]","[27, 12, 14, 29, 7, 13, 18, 30, 24, 23, 19, 3, 6]","[(8, 9), (19, 17), (1, 3), (19, 15), (9, 10), (8, 7), (14, 23), (1, 2), (2, 6), (4, 5), (17, 10)]",scenario_029,20260353,13,11,0.23424018606048413,0.7657598139395159,results/batch_tradeoff_20260325_235335/scenario_runs/tradeoff_20260326_023818
optimized,guardrail_gini_restore,,guardrail,Guardrail on equity:gini_restore,Triangle minimization with a fairness guardrail. Guardrail on equity:gini_restore.,guardrail,5289.710146636542,5289.710146636542,1241355.866589169,0.10383331212372693,5533.846073000001,0.3302823430173333,5533.846073000001,0.125,1.0,0.22949062162141567,0.133,0.867,0.9,0.9,1,0,results/batch_tradeoff_20260325_235335/scenario_runs/tradeoff_20260326_023818/guardrail_gini_restore_20260326_024420,results/batch_tradeoff_20260325_235335/scenario_runs/tradeoff_20260326_023818/guardrail_gini_restore_20260326_024420/best,"[18, 19, 14, 23, 6, 3, 24, 12, 27, 29, 13, 7, 30, (2, 6), (1, 2), (4, 5), (17, 10), (8, 9), (9, 10), (19, 17), (8, 7), (14, 23), (1, 3), (19, 15)]","[18, 19, 14, 23, 6, 3, 24, 12, 27, 29, 13, 7, 30]","[(2, 6), (1, 2), (4, 5), (17, 10), (8, 9), (9, 10), (19, 17), (8, 7), (14, 23), (1, 3), (19, 15)]",scenario_029,20260353,13,11,0.23424018606048413,0.7657598139395159,results/batch_tradeoff_20260325_235335/scenario_runs/tradeoff_20260326_023818
optimized,weighted_maximin_time_avg_cri_l050,,weighted_sum,Weighted sum: triangle + 0.5 * equity:maximin_time_avg_cri_loss,Weighted trade-off objective. triangle + 0.5 * equity:maximin_time_avg_cri_loss.,weighted_sum,0.9622323586161448,4700.810084002847,891832.1205004477,0.10260736584979058,3880.289741,0.3654672360508405,3993.066643000001,0.125,1.0,0.3356021930535241,0.133,0.867,0.9,0.9,1,1,results/batch_tradeoff_20260325_235335/scenario_runs/tradeoff_20260326_023818/weighted_maximin_time_avg_cri_l050_20260326_024531,results/batch_tradeoff_20260325_235335/scenario_runs/tradeoff_20260326_023818/weighted_maximin_time_avg_cri_l050_20260326_024531/best,"[7, 13, 29, 3, 6, 30, 27, 12, 24, 19, 23, 18, 14, (1, 2), (9, 10), (2, 6), (17, 10), (4, 5), (19, 17), (1, 3), (8, 7), (19, 15), (14, 23), (8, 9)]","[7, 13, 29, 3, 6, 30, 27, 12, 24, 19, 23, 18, 14]","[(1, 2), (9, 10), (2, 6), (17, 10), (4, 5), (19, 17), (1, 3), (8, 7), (19, 15), (14, 23), (8, 9)]",scenario_029,20260353,13,11,0.23424018606048413,0.7657598139395159,results/batch_tradeoff_20260325_235335/scenario_runs/tradeoff_20260326_023818
optimized,baseline_reference,,baseline,Baseline sequence,Baseline repair sequence used as the reference point.,triangle,527.7867712285571,527.7867712285571,49523.01994555008,0.19027718335538402,793.128646,0.4828913524777734,682.166653,0.125,1.0,0.3503988566166772,0.133,0.867,0.9,0.9,1,0,,results/batch_tradeoff_20260325_235335/scenario_runs/tradeoff_20260326_024643/reference,"[27, 11, 14, 32, 19, 17, 6, 5, 33, 16, 22, (21, 24), (12, 3), (23, 22), (4, 11), (3, 1), (8, 16)]","[27, 11, 14, 32, 19, 17, 6, 5, 33, 16, 22]","[(21, 24), (12, 3), (23, 22), (4, 11), (3, 1), (8, 16)]",scenario_030,20260354,11,6,0.3177851932878899,0.6822148067121101,results/batch_tradeoff_20260325_235335/scenario_runs/tradeoff_20260326_024643
optimized,single_triangle,,single,Single objective: triangle,Pure efficiency objective that minimizes resilience-triangle loss.,triangle,431.9551552938775,431.9551552938775,26736.68531680027,0.1913617361158979,530.5307247,0.40163321446513645,530.5307247,0.125,1.0,0.35779045177425195,0.133,0.867,0.9,0.9,1,0,results/batch_tradeoff_20260325_235335/scenario_runs/tradeoff_20260326_024643/single_triangle_20260326_024644,results/batch_tradeoff_20260325_235335/scenario_runs/tradeoff_20260326_024643/single_triangle_20260326_024644/best,"[11, 16, 27, 33, 19, 17, 6, 5, 14, 22, 32, (4, 11), (3, 1), (23, 22), (21, 24), (12, 3), (8, 16)]","[11, 16, 27, 33, 19, 17, 6, 5, 14, 22, 32]","[(4, 11), (3, 1), (23, 22), (21, 24), (12, 3), (8, 16)]",scenario_030,20260354,11,6,0.3177851932878899,0.6822148067121101,results/batch_tradeoff_20260325_235335/scenario_runs/tradeoff_20260326_024643
optimized,single_gini_restore,,single,Single objective: gini_restore,Equity objective that reduces restoration-time inequality using Gini.,equity:gini_restore,0.1212671795400504,741.0443123619365,51866.11421990633,0.1212671795400504,778.4500190000001,0.2621165201131197,778.4500190000001,0.125,1.0,0.20135806502134168,0.133,0.867,0.9,0.9,1,1,results/batch_tradeoff_20260325_235335/scenario_runs/tradeoff_20260326_024643/single_gini_restore_20260326_024730,results/batch_tradeoff_20260325_235335/scenario_runs/tradeoff_20260326_024643/single_gini_restore_20260326_024730/best,"[27, 22, 19, 5, 33, 11, 16, 14, 32, 17, 6, (4, 11), (8, 16), (12, 3), (23, 22), (3, 1), (21, 24)]","[27, 22, 19, 5, 33, 11, 16, 14, 32, 17, 6]","[(4, 11), (8, 16), (12, 3), (23, 22), (3, 1), (21, 24)]",scenario_030,20260354,11,6,0.3177851932878899,0.6822148067121101,results/batch_tradeoff_20260325_235335/scenario_runs/tradeoff_20260326_024643
optimized,single_maximin_time_avg_cri,,single,Single objective: maximize minimum time-avg CRI,Equity via maximin: improve the worst-served zone by maximizing the minimum time-averaged CRI.,equity:maximin_time_avg_cri_loss,0.49376048981560916,717.8728134926242,121249.16758634131,0.21751085807753778,1111.371255,0.5062395101843908,1000.052637,0.125,1.0,0.3302301795856687,0.133,0.867,0.9,0.9,1,0,results/batch_tradeoff_20260325_235335/scenario_runs/tradeoff_20260326_024643/single_maximin_time_avg_cri_20260326_024820,results/batch_tradeoff_20260325_235335/scenario_runs/tradeoff_20260326_024643/single_maximin_time_avg_cri_20260326_024820/best,"[5, 17, 27, 33, 6, 14, 19, 16, 32, 11, 22, (23, 22), (21, 24), (4, 11), (12, 3), (8, 16), (3, 1)]","[5, 17, 27, 33, 6, 14, 19, 16, 32, 11, 22]","[(23, 22), (21, 24), (4, 11), (12, 3), (8, 16), (3, 1)]",scenario_030,20260354,11,6,0.3177851932878899,0.6822148067121101,results/batch_tradeoff_20260325_235335/scenario_runs/tradeoff_20260326_024643
optimized,single_p90_access_restore,,single,Single objective: p90_access_restore,Critical-access objective that shortens the time by which 90% of zones regain access.,critical_access:p90_access_restore,505.07887000000005,488.9902442721758,26750.01040594441,0.18678552883433852,568.9050841999999,0.41570389684832015,505.07887000000005,0.125,1.0,0.3731051823399248,0.133,0.867,0.9,0.9,1,0,results/batch_tradeoff_20260325_235335/scenario_runs/tradeoff_20260326_024643/single_p90_access_restore_20260326_024906,results/batch_tradeoff_20260325_235335/scenario_runs/tradeoff_20260326_024643/single_p90_access_restore_20260326_024906/best,"[16, 11, 22, 33, 14, 6, 17, 32, 5, 27, 19, (23, 22), (3, 1), (21, 24), (4, 11), (12, 3), (8, 16)]","[16, 11, 22, 33, 14, 6, 17, 32, 5, 27, 19]","[(23, 22), (3, 1), (21, 24), (4, 11), (12, 3), (8, 16)]",scenario_030,20260354,11,6,0.3177851932878899,0.6822148067121101,results/batch_tradeoff_20260325_235335/scenario_runs/tradeoff_20260326_024643
optimized,weighted_gini_restore_l050,,weighted_sum,Weighted sum: triangle + 0.5 * equity:gini_restore,Weighted trade-off objective. triangle + 0.5 * equity:gini_restore.,weighted_sum,1.3552753220255707,483.87503413999434,33023.06318715598,0.16686361032489527,698.6919260000001,0.44336534190762145,587.7299330000001,0.125,1.0,0.306446186782375,0.133,0.867,0.9,0.9,1,0,results/batch_tradeoff_20260325_235335/scenario_runs/tradeoff_20260326_024643/weighted_gini_restore_l050_20260326_024953,results/batch_tradeoff_20260325_235335/scenario_runs/tradeoff_20260326_024643/weighted_gini_restore_l050_20260326_024953/best,"[27, 11, 19, 14, 5, 33, 32, 6, 17, 16, 22, (23, 22), (12, 3), (8, 16), (4, 11), (21, 24), (3, 1)]","[27, 11, 19, 14, 5, 33, 32, 6, 17, 16, 22]","[(23, 22), (12, 3), (8, 16), (4, 11), (21, 24), (3, 1)]",scenario_030,20260354,11,6,0.3177851932878899,0.6822148067121101,results/batch_tradeoff_20260325_235335/scenario_runs/tradeoff_20260326_024643
optimized,guardrail_gini_restore,,guardrail,Guardrail on equity:gini_restore,Triangle minimization with a fairness guardrail. Guardrail on equity:gini_restore.,guardrail,405.6117897973381,405.6117897973381,20758.626317556696,0.16347126555209157,519.7262229999999,0.4024495007355454,464.7444649999999,0.125,1.0,0.3245468460003668,0.133,0.867,0.9,0.9,1,1,results/batch_tradeoff_20260325_235335/scenario_runs/tradeoff_20260326_024643/guardrail_gini_restore_20260326_025042,results/batch_tradeoff_20260325_235335/scenario_runs/tradeoff_20260326_024643/guardrail_gini_restore_20260326_025042/best,"[11, 16, 27, 14, 19, 17, 6, 5, 32, 33, 22, (21, 24), (23, 22), (12, 3), (4, 11), (3, 1), (8, 16)]","[11, 16, 27, 14, 19, 17, 6, 5, 32, 33, 22]","[(21, 24), (23, 22), (12, 3), (4, 11), (3, 1), (8, 16)]",scenario_030,20260354,11,6,0.3177851932878899,0.6822148067121101,results/batch_tradeoff_20260325_235335/scenario_runs/tradeoff_20260326_024643
optimized,weighted_maximin_time_avg_cri_l050,,weighted_sum,Weighted sum: triangle + 0.5 * equity:maximin_time_avg_cri_loss,Weighted trade-off objective. triangle + 0.5 * equity:maximin_time_avg_cri_loss.,weighted_sum,1.3152455235756335,437.92949879117293,32174.65368215936,0.15682324018448024,633.922738,0.49788904729568545,633.922738,0.125,1.0,0.24396957405714637,0.133,0.867,0.9,0.9,1,1,results/batch_tradeoff_20260325_235335/scenario_runs/tradeoff_20260326_024643/weighted_maximin_time_avg_cri_l050_20260326_025128,results/batch_tradeoff_20260325_235335/scenario_runs/tradeoff_20260326_024643/weighted_maximin_time_avg_cri_l050_20260326_025128/best,"[11, 27, 22, 5, 19, 6, 17, 33, 32, 14, 16, (12, 3), (23, 22), (21, 24), (4, 11), (8, 16), (3, 1)]","[11, 27, 22, 5, 19, 6, 17, 33, 32, 14, 16]","[(12, 3), (23, 22), (21, 24), (4, 11), (8, 16), (3, 1)]",scenario_030,20260354,11,6,0.3177851932878899,0.6822148067121101,results/batch_tradeoff_20260325_235335/scenario_runs/tradeoff_20260326_024643
optimized,baseline_reference,,baseline,Baseline sequence,Baseline repair sequence used as the reference point.,triangle,3269.7370881782285,3269.7370881782285,1579211.5417168925,0.23376407125563303,3793.244294,0.2762846826322395,3793.244294,0.25,1.0,0.38803615287229215,0.133,0.867,0.9,0.9,1,0,,results/batch_tradeoff_20260325_235335/scenario_runs/tradeoff_20260326_025214/reference,"[10, 25, 29, 7, 11, 18, 19, 8, 13, 3, 21, (16, 8), (14, 11), (7, 8), (9, 5), (23, 22), (12, 13), (20, 18), (5, 9), (6, 2), (23, 24), (20, 21), (2, 6), (15, 22)]","[10, 25, 29, 7, 11, 18, 19, 8, 13, 3, 21]","[(16, 8), (14, 11), (7, 8), (9, 5), (23, 22), (12, 13), (20, 18), (5, 9), (6, 2), (23, 24), (20, 21), (2, 6), (15, 22)]",scenario_031,20260355,11,13,0.27206827311632753,0.7279317268836725,results/batch_tradeoff_20260325_235335/scenario_runs/tradeoff_20260326_025214
optimized,single_triangle,,single,Single objective: triangle,Pure efficiency objective that minimizes resilience-triangle loss.,triangle,1893.7028643983472,1893.7028643983472,403402.2710099689,0.2080970040834349,1705.762931,0.37598381057371005,1705.762931,0.25,1.0,0.42021044474299024,0.133,0.867,0.9,0.9,1,1,results/batch_tradeoff_20260325_235335/scenario_runs/tradeoff_20260326_025214/single_triangle_20260326_025215,results/batch_tradeoff_20260325_235335/scenario_runs/tradeoff_20260326_025214/single_triangle_20260326_025215/best,"[13, 11, 7, 10, 25, 21, 19, 3, 29, 8, 18, (2, 6), (9, 5), (5, 9), (14, 11), (12, 13), (23, 24), (23, 22), (20, 21), (20, 18), (16, 8), (15, 22), (6, 2), (7, 8)]","[13, 11, 7, 10, 25, 21, 19, 3, 29, 8, 18]","[(2, 6), (9, 5), (5, 9), (14, 11), (12, 13), (23, 24), (23, 22), (20, 21), (20, 18), (16, 8), (15, 22), (6, 2), (7, 8)]",scenario_031,20260355,11,13,0.27206827311632753,0.7279317268836725,results/batch_tradeoff_20260325_235335/scenario_runs/tradeoff_20260326_025214
optimized,single_gini_restore,,single,Single objective: gini_restore,Equity objective that reduces restoration-time inequality using Gini.,equity:gini_restore,0.1903421471414446,3404.1214271458743,1192000.1006832374,0.1903421471414446,2932.283654,0.20021159056248547,2932.283654,0.25,1.0,0.2826176320060941,0.133,0.867,0.9,0.9,1,1,results/batch_tradeoff_20260325_235335/scenario_runs/tradeoff_20260326_025214/single_gini_restore_20260326_025318,results/batch_tradeoff_20260325_235335/scenario_runs/tradeoff_20260326_025214/single_gini_restore_20260326_025318/best,"[29, 19, 25, 7, 18, 10, 13, 3, 11, 21, 8, (16, 8), (20, 18), (14, 11), (20, 21), (12, 13), (23, 24), (23, 22), (15, 22), (6, 2), (9, 5), (5, 9), (7, 8), (2, 6)]","[29, 19, 25, 7, 18, 10, 13, 3, 11, 21, 8]","[(16, 8), (20, 18), (14, 11), (20, 21), (12, 13), (23, 24), (23, 22), (15, 22), (6, 2), (9, 5), (5, 9), (7, 8), (2, 6)]",scenario_031,20260355,11,13,0.27206827311632753,0.7279317268836725,results/batch_tradeoff_20260325_235335/scenario_runs/tradeoff_20260326_025214
optimized,single_maximin_time_avg_cri,,single,Single objective: maximize minimum time-avg CRI,Equity via maximin: improve the worst-served zone by maximizing the minimum time-averaged CRI.,equity:maximin_time_avg_cri_loss,0.6085445235756868,3467.4644752089293,1495245.5660941356,0.22918196292033644,3324.436418000001,0.3914554764243132,3324.436418000001,0.25,1.0,0.40848374102925944,0.133,0.867,0.9,0.9,1,0,results/batch_tradeoff_20260325_235335/scenario_runs/tradeoff_20260326_025214/single_maximin_time_avg_cri_20260326_025421,results/batch_tradeoff_20260325_235335/scenario_runs/tradeoff_20260326_025214/single_maximin_time_avg_cri_20260326_025421/best,"[3, 7, 19, 29, 10, 25, 21, 13, 18, 11, 8, (9, 5), (23, 22), (16, 8), (6, 2), (2, 6), (15, 22), (23, 24), (5, 9), (20, 18), (14, 11), (20, 21), (7, 8), (12, 13)]","[3, 7, 19, 29, 10, 25, 21, 13, 18, 11, 8]","[(9, 5), (23, 22), (16, 8), (6, 2), (2, 6), (15, 22), (23, 24), (5, 9), (20, 18), (14, 11), (20, 21), (7, 8), (12, 13)]",scenario_031,20260355,11,13,0.27206827311632753,0.7279317268836725,results/batch_tradeoff_20260325_235335/scenario_runs/tradeoff_20260326_025214
optimized,single_p90_access_restore,,single,Single objective: p90_access_restore,Critical-access objective that shortens the time by which 90% of zones regain access.,critical_access:p90_access_restore,1648.4039049999997,1636.3246020729543,428069.0159909038,0.2727548037944625,1648.4039049999997,0.34230045652119145,1648.4039049999997,0.25,1.0,0.3858891527460425,0.133,0.867,0.9,0.9,1,1,results/batch_tradeoff_20260325_235335/scenario_runs/tradeoff_20260326_025214/single_p90_access_restore_20260326_025521,results/batch_tradeoff_20260325_235335/scenario_runs/tradeoff_20260326_025214/single_p90_access_restore_20260326_025521/best,"[19, 3, 18, 8, 21, 29, 10, 11, 13, 7, 25, (12, 13), (5, 9), (14, 11), (15, 22), (20, 21), (23, 22), (23, 24), (7, 8), (20, 18), (16, 8), (9, 5), (6, 2), (2, 6)]","[19, 3, 18, 8, 21, 29, 10, 11, 13, 7, 25]","[(12, 13), (5, 9), (14, 11), (15, 22), (20, 21), (23, 22), (23, 24), (7, 8), (20, 18), (16, 8), (9, 5), (6, 2), (2, 6)]",scenario_031,20260355,11,13,0.27206827311632753,0.7279317268836725,results/batch_tradeoff_20260325_235335/scenario_runs/tradeoff_20260326_025214
optimized,weighted_gini_restore_l050,,weighted_sum,Weighted sum: triangle + 0.5 * equity:gini_restore,Weighted trade-off objective. triangle + 0.5 * equity:gini_restore.,weighted_sum,1.257520415807572,2443.153865435585,1029022.1873450121,0.23858825339326928,2937.729301,0.32170559914006147,2937.729301,0.25,1.0,0.35313737438192916,0.133,0.867,0.9,0.9,1,0,results/batch_tradeoff_20260325_235335/scenario_runs/tradeoff_20260326_025214/weighted_gini_restore_l050_20260326_025625,results/batch_tradeoff_20260325_235335/scenario_runs/tradeoff_20260326_025214/weighted_gini_restore_l050_20260326_025625/best,"[21, 13, 8, 3, 29, 7, 18, 25, 10, 11, 19, (14, 11), (15, 22), (2, 6), (23, 24), (23, 22), (16, 8), (20, 18), (12, 13), (7, 8), (6, 2), (5, 9), (9, 5), (20, 21)]","[21, 13, 8, 3, 29, 7, 18, 25, 10, 11, 19]","[(14, 11), (15, 22), (2, 6), (23, 24), (23, 22), (16, 8), (20, 18), (12, 13), (7, 8), (6, 2), (5, 9), (9, 5), (20, 21)]",scenario_031,20260355,11,13,0.27206827311632753,0.7279317268836725,results/batch_tradeoff_20260325_235335/scenario_runs/tradeoff_20260326_025214
optimized,guardrail_gini_restore,,guardrail,Guardrail on equity:gini_restore,Triangle minimization with a fairness guardrail. Guardrail on equity:gini_restore.,guardrail,2387.2907128724,2387.2907128724,793628.1050346441,0.21958211228620583,2678.361693,0.3223996823587845,2678.361693,0.25,1.0,0.39250333464100107,0.133,0.867,0.9,0.9,1,0,results/batch_tradeoff_20260325_235335/scenario_runs/tradeoff_20260326_025214/guardrail_gini_restore_20260326_025728,results/batch_tradeoff_20260325_235335/scenario_runs/tradeoff_20260326_025214/guardrail_gini_restore_20260326_025728/best,"[21, 7, 18, 19, 13, 8, 11, 10, 25, 3, 29, (12, 13), (7, 8), (16, 8), (6, 2), (9, 5), (5, 9), (23, 22), (14, 11), (20, 21), (20, 18), (23, 24), (2, 6), (15, 22)]","[21, 7, 18, 19, 13, 8, 11, 10, 25, 3, 29]","[(12, 13), (7, 8), (16, 8), (6, 2), (9, 5), (5, 9), (23, 22), (14, 11), (20, 21), (20, 18), (23, 24), (2, 6), (15, 22)]",scenario_031,20260355,11,13,0.27206827311632753,0.7279317268836725,results/batch_tradeoff_20260325_235335/scenario_runs/tradeoff_20260326_025214
optimized,weighted_maximin_time_avg_cri_l050,,weighted_sum,Weighted sum: triangle + 0.5 * equity:maximin_time_avg_cri_loss,Weighted trade-off objective. triangle + 0.5 * equity:maximin_time_avg_cri_loss.,weighted_sum,1.0566186875780184,2086.5152116398585,811365.030924576,0.2502522188551799,2210.659201,0.39426571641468944,2210.659201,0.25,1.0,0.4237244518840508,0.133,0.867,0.9,0.9,1,0,results/batch_tradeoff_20260325_235335/scenario_runs/tradeoff_20260326_025214/weighted_maximin_time_avg_cri_l050_20260326_025832,results/batch_tradeoff_20260325_235335/scenario_runs/tradeoff_20260326_025214/weighted_maximin_time_avg_cri_l050_20260326_025832/best,"[13, 8, 7, 21, 29, 3, 25, 11, 19, 18, 10, (9, 5), (12, 13), (20, 21), (20, 18), (16, 8), (23, 24), (23, 22), (5, 9), (7, 8), (15, 22), (6, 2), (14, 11), (2, 6)]","[13, 8, 7, 21, 29, 3, 25, 11, 19, 18, 10]","[(9, 5), (12, 13), (20, 21), (20, 18), (16, 8), (23, 24), (23, 22), (5, 9), (7, 8), (15, 22), (6, 2), (14, 11), (2, 6)]",scenario_031,20260355,11,13,0.27206827311632753,0.7279317268836725,results/batch_tradeoff_20260325_235335/scenario_runs/tradeoff_20260326_025214
optimized,baseline_reference,,baseline,Baseline sequence,Baseline repair sequence used as the reference point.,triangle,1701.8502479333242,1701.8502479333242,282104.75592614495,0.15308629027999943,1569.7007020000003,0.22796067023229444,1569.7007020000003,0.2916666666666667,1.0,0.2916666666666667,0.133,0.867,0.9,0.9,1,0,,results/batch_tradeoff_20260325_235335/scenario_runs/tradeoff_20260326_025932/reference,"[6, 2, 24, 7, 22, 15, 13, 12, 30, 4, 23, 25, 27, 18, 3, (24, 23), (24, 21), (22, 20)]","[6, 2, 24, 7, 22, 15, 13, 12, 30, 4, 23, 25, 27, 18, 3]","[(24, 23), (24, 21), (22, 20)]",scenario_032,20260356,15,3,0.2621356626529815,0.7378643373470185,results/batch_tradeoff_20260325_235335/scenario_runs/tradeoff_20260326_025932
optimized,single_triangle,,single,Single objective: triangle,Pure efficiency objective that minimizes resilience-triangle loss.,triangle,919.9369168340664,919.9369168340664,84090.65315991009,0.16214379097648113,941.54979,0.3285199575802305,892.057317,0.2916666666666667,1.0,0.33857772163948263,0.133,0.867,0.9,0.9,1,0,results/batch_tradeoff_20260325_235335/scenario_runs/tradeoff_20260326_025932/single_triangle_20260326_025933,results/batch_tradeoff_20260325_235335/scenario_runs/tradeoff_20260326_025932/single_triangle_20260326_025933/best,"[13, 25, 24, 7, 2, 15, 18, 12, 27, 30, 4, 6, 3, 23, 22, (24, 21), (24, 23), (22, 20)]","[13, 25, 24, 7, 2, 15, 18, 12, 27, 30, 4, 6, 3, 23, 22]","[(24, 21), (24, 23), (22, 20)]",scenario_032,20260356,15,3,0.2621356626529815,0.7378643373470185,results/batch_tradeoff_20260325_235335/scenario_runs/tradeoff_20260326_025932
optimized,single_gini_restore,,single,Single objective: gini_restore,Equity objective that reduces restoration-time inequality using Gini.,equity:gini_restore,0.11889674835925645,1793.6300886265628,232113.79130886335,0.11889674835925645,1730.5184880000002,0.30584567181165334,1730.5184880000002,0.2916666666666667,1.0,0.29928628886357983,0.133,0.867,0.9,0.9,1,0,results/batch_tradeoff_20260325_235335/scenario_runs/tradeoff_20260326_025932/single_gini_restore_20260326_030026,results/batch_tradeoff_20260325_235335/scenario_runs/tradeoff_20260326_025932/single_gini_restore_20260326_030026/best,"[30, 27, 25, 4, 24, 13, 15, 18, 7, 2, 23, 6, 3, 22, 12, (24, 23), (24, 21), (22, 20)]","[30, 27, 25, 4, 24, 13, 15, 18, 7, 2, 23, 6, 3, 22, 12]","[(24, 23), (24, 21), (22, 20)]",scenario_032,20260356,15,3,0.2621356626529815,0.7378643373470185,results/batch_tradeoff_20260325_235335/scenario_runs/tradeoff_20260326_025932
optimized,single_maximin_time_avg_cri,,single,Single objective: maximize minimum time-avg CRI,Equity via maximin: improve the worst-served zone by maximizing the minimum time-averaged CRI.,equity:maximin_time_avg_cri_loss,0.597905027249154,1632.5647335779045,293328.6045436942,0.1922082100689615,1878.603447,0.40209497275084605,1878.603447,0.2916666666666667,1.0,0.37906846588824905,0.133,0.867,0.9,0.9,1,0,results/batch_tradeoff_20260325_235335/scenario_runs/tradeoff_20260326_025932/single_maximin_time_avg_cri_20260326_030115,results/batch_tradeoff_20260325_235335/scenario_runs/tradeoff_20260326_025932/single_maximin_time_avg_cri_20260326_030115/best,"[27, 3, 18, 7, 22, 15, 13, 6, 12, 24, 23, 2, 4, 25, 30, (24, 21), (24, 23), (22, 20)]","[27, 3, 18, 7, 22, 15, 13, 6, 12, 24, 23, 2, 4, 25, 30]","[(24, 21), (24, 23), (22, 20)]",scenario_032,20260356,15,3,0.2621356626529815,0.7378643373470185,results/batch_tradeoff_20260325_235335/scenario_runs/tradeoff_20260326_025932
optimized,single_p90_access_restore,,single,Single objective: p90_access_restore,Critical-access objective that shortens the time by which 90% of zones regain access.,critical_access:p90_access_restore,938.4036660000002,927.6522897995137,88082.95503972577,0.16777103596571252,938.4036660000002,0.32073872327078834,938.4036660000002,0.2916666666666667,1.0,0.3128314085962519,0.133,0.867,0.9,0.9,1,0,results/batch_tradeoff_20260325_235335/scenario_runs/tradeoff_20260326_025932/single_p90_access_restore_20260326_030209,results/batch_tradeoff_20260325_235335/scenario_runs/tradeoff_20260326_025932/single_p90_access_restore_20260326_030209/best,"[25, 2, 22, 7, 24, 15, 13, 4, 27, 6, 3, 30, 23, 18, 12, (24, 21), (24, 23), (22, 20)]","[25, 2, 22, 7, 24, 15, 13, 4, 27, 6, 3, 30, 23, 18, 12]","[(24, 21), (24, 23), (22, 20)]",scenario_032,20260356,15,3,0.2621356626529815,0.7378643373470185,results/batch_tradeoff_20260325_235335/scenario_runs/tradeoff_20260326_025932
optimized,weighted_gini_restore_l050,,weighted_sum,Weighted sum: triangle + 0.5 * equity:gini_restore,Weighted trade-off objective. triangle + 0.5 * equity:gini_restore.,weighted_sum,1.2153774241380717,1445.4084819772042,155037.67874932618,0.11207800023181047,1406.0707260000001,0.27979297222518307,1406.0707260000001,0.2916666666666667,1.0,0.2916666666666667,0.133,0.867,0.9,0.9,1,1,results/batch_tradeoff_20260325_235335/scenario_runs/tradeoff_20260326_025932/weighted_gini_restore_l050_20260326_030257,results/batch_tradeoff_20260325_235335/scenario_runs/tradeoff_20260326_025932/weighted_gini_restore_l050_20260326_030257/best,"[12, 25, 30, 27, 22, 4, 13, 24, 15, 6, 23, 18, 7, 3, 2, (22, 20), (24, 21), (24, 23)]","[12, 25, 30, 27, 22, 4, 13, 24, 15, 6, 23, 18, 7, 3, 2]","[(22, 20), (24, 21), (24, 23)]",scenario_032,20260356,15,3,0.2621356626529815,0.7378643373470185,results/batch_tradeoff_20260325_235335/scenario_runs/tradeoff_20260326_025932
optimized,guardrail_gini_restore,,guardrail,Guardrail on equity:gini_restore,Triangle minimization with a fairness guardrail. Guardrail on equity:gini_restore.,guardrail,854.8167194083699,854.8167194083699,55786.07127130917,0.14464206322064932,833.2578410000001,0.31762399470563596,833.2578410000001,0.2916666666666667,1.0,0.31753064370503775,0.133,0.867,0.9,0.9,1,1,results/batch_tradeoff_20260325_235335/scenario_runs/tradeoff_20260326_025932/guardrail_gini_restore_20260326_030351,results/batch_tradeoff_20260325_235335/scenario_runs/tradeoff_20260326_025932/guardrail_gini_restore_20260326_030351/best,"[22, 7, 24, 25, 2, 15, 13, 12, 27, 18, 6, 3, 4, 30, 23, (24, 21), (24, 23), (22, 20)]","[22, 7, 24, 25, 2, 15, 13, 12, 27, 18, 6, 3, 4, 30, 23]","[(24, 21), (24, 23), (22, 20)]",scenario_032,20260356,15,3,0.2621356626529815,0.7378643373470185,results/batch_tradeoff_20260325_235335/scenario_runs/tradeoff_20260326_025932
optimized,weighted_maximin_time_avg_cri_l050,,weighted_sum,Weighted sum: triangle + 0.5 * equity:maximin_time_avg_cri_loss,Weighted trade-off objective. triangle + 0.5 * equity:maximin_time_avg_cri_loss.,weighted_sum,1.1395743190922583,1157.1363902557446,166046.04741307083,0.1749179045878091,1216.8759180000002,0.2902706126528312,1216.8759180000002,0.2916666666666667,1.0,0.3025439452269063,0.133,0.867,0.9,0.9,1,0,results/batch_tradeoff_20260325_235335/scenario_runs/tradeoff_20260326_025932/weighted_maximin_time_avg_cri_l050_20260326_030440,results/batch_tradeoff_20260325_235335/scenario_runs/tradeoff_20260326_025932/weighted_maximin_time_avg_cri_l050_20260326_030440/best,"[7, 13, 2, 12, 24, 15, 6, 30, 22, 27, 18, 25, 3, 4, 23, (24, 21), (24, 23), (22, 20)]","[7, 13, 2, 12, 24, 15, 6, 30, 22, 27, 18, 25, 3, 4, 23]","[(24, 21), (24, 23), (22, 20)]",scenario_032,20260356,15,3,0.2621356626529815,0.7378643373470185,results/batch_tradeoff_20260325_235335/scenario_runs/tradeoff_20260326_025932
optimized,baseline_reference,,baseline,Baseline sequence,Baseline repair sequence used as the reference point.,triangle,2044.6357272323426,2044.6357272323426,214097.26403437482,0.11853186781454594,1906.2932570000003,0.17763666076464496,1906.2932570000003,0.125,1.0,0.18773600081948638,0.133,0.867,0.9,0.9,1,0,,results/batch_tradeoff_20260325_235335/scenario_runs/tradeoff_20260326_030530/reference,"[17, 16, 23, 20, 24, 22, 8, 9, 29, 31, 21, 11, (18, 16), (3, 1), (5, 4), (3, 12), (16, 10), (8, 16), (17, 10), (2, 6), (20, 18), (22, 15), (4, 5)]","[17, 16, 23, 20, 24, 22, 8, 9, 29, 31, 21, 11]","[(18, 16), (3, 1), (5, 4), (3, 12), (16, 10), (8, 16), (17, 10), (2, 6), (20, 18), (22, 15), (4, 5)]",scenario_033,20260357,12,11,0.26261244818552676,0.7373875518144732,results/batch_tradeoff_20260325_235335/scenario_runs/tradeoff_20260326_030530
optimized,single_triangle,,single,Single objective: triangle,Pure efficiency objective that minimizes resilience-triangle loss.,triangle,819.2877945357742,819.2877945357742,43496.617161599104,0.12820718010393684,784.8706349999999,0.5122117808044923,784.8706349999999,0.125,1.0,0.4905487702288917,0.133,0.867,0.9,0.9,1,1,results/batch_tradeoff_20260325_235335/scenario_runs/tradeoff_20260326_030530/single_triangle_20260326_030531,results/batch_tradeoff_20260325_235335/scenario_runs/tradeoff_20260326_030530/single_triangle_20260326_030531/best,"[31, 24, 11, 21, 22, 9, 20, 16, 17, 8, 29, 23, (17, 10), (4, 5), (5, 4), (22, 15), (16, 10), (18, 16), (20, 18), (8, 16), (2, 6), (3, 1), (3, 12)]","[31, 24, 11, 21, 22, 9, 20, 16, 17, 8, 29, 23]","[(17, 10), (4, 5), (5, 4), (22, 15), (16, 10), (18, 16), (20, 18), (8, 16), (2, 6), (3, 1), (3, 12)]",scenario_033,20260357,12,11,0.26261244818552676,0.7373875518144732,results/batch_tradeoff_20260325_235335/scenario_runs/tradeoff_20260326_030530
optimized,single_gini_restore,,single,Single objective: gini_restore,Equity objective that reduces restoration-time inequality using Gini.,equity:gini_restore,0.07446790339438936,1813.8342805608565,211199.66815712812,0.07446790339438936,1839.99545,0.3738433734099331,1839.99545,0.125,1.0,0.29472464103299373,0.133,0.867,0.9,0.9,1,0,results/batch_tradeoff_20260325_235335/scenario_runs/tradeoff_20260326_030530/single_gini_restore_20260326_030634,results/batch_tradeoff_20260325_235335/scenario_runs/tradeoff_20260326_030530/single_gini_restore_20260326_030634/best,"[22, 29, 17, 16, 31, 23, 8, 21, 9, 24, 20, 11, (17, 10), (8, 16), (22, 15), (3, 12), (20, 18), (16, 10), (2, 6), (4, 5), (5, 4), (18, 16), (3, 1)]","[22, 29, 17, 16, 31, 23, 8, 21, 9, 24, 20, 11]","[(17, 10), (8, 16), (22, 15), (3, 12), (20, 18), (16, 10), (2, 6), (4, 5), (5, 4), (18, 16), (3, 1)]",scenario_033,20260357,12,11,0.26261244818552676,0.7373875518144732,results/batch_tradeoff_20260325_235335/scenario_runs/tradeoff_20260326_030530
optimized,single_maximin_time_avg_cri,,single,Single objective: maximize minimum time-avg CRI,Equity via maximin: improve the worst-served zone by maximizing the minimum time-averaged CRI.,equity:maximin_time_avg_cri_loss,0.5139490821694604,1415.0253149309674,428196.24296016246,0.2208820169182868,1854.4856,0.48605091783053955,1854.4856,0.125,1.0,0.28897181737350774,0.133,0.867,0.9,0.9,1,0,results/batch_tradeoff_20260325_235335/scenario_runs/tradeoff_20260326_030530/single_maximin_time_avg_cri_20260326_030739,results/batch_tradeoff_20260325_235335/scenario_runs/tradeoff_20260326_030530/single_maximin_time_avg_cri_20260326_030739/best,"[8, 29, 23, 16, 17, 24, 9, 22, 21, 31, 20, 11, (4, 5), (3, 1), (3, 12), (16, 10), (5, 4), (22, 15), (18, 16), (20, 18), (8, 16), (17, 10), (2, 6)]","[8, 29, 23, 16, 17, 24, 9, 22, 21, 31, 20, 11]","[(4, 5), (3, 1), (3, 12), (16, 10), (5, 4), (22, 15), (18, 16), (20, 18), (8, 16), (17, 10), (2, 6)]",scenario_033,20260357,12,11,0.26261244818552676,0.7373875518144732,results/batch_tradeoff_20260325_235335/scenario_runs/tradeoff_20260326_030530
optimized,single_p90_access_restore,,single,Single objective: p90_access_restore,Critical-access objective that shortens the time by which 90% of zones regain access.,critical_access:p90_access_restore,841.6665249999999,946.3868153332944,61860.28291986479,0.15081941010099809,893.1060959999998,0.26591548656398617,841.6665249999999,0.125,1.0,0.24642969391959008,0.133,0.867,0.9,0.9,1,0,results/batch_tradeoff_20260325_235335/scenario_runs/tradeoff_20260326_030530/single_p90_access_restore_20260326_030844,results/batch_tradeoff_20260325_235335/scenario_runs/tradeoff_20260326_030530/single_p90_access_restore_20260326_030844/best,"[11, 24, 17, 23, 21, 29, 8, 16, 31, 20, 9, 22, (4, 5), (3, 1), (3, 12), (22, 15), (18, 16), (5, 4), (8, 16), (16, 10), (17, 10), (2, 6), (20, 18)]","[11, 24, 17, 23, 21, 29, 8, 16, 31, 20, 9, 22]","[(4, 5), (3, 1), (3, 12), (22, 15), (18, 16), (5, 4), (8, 16), (16, 10), (17, 10), (2, 6), (20, 18)]",scenario_033,20260357,12,11,0.26261244818552676,0.7373875518144732,results/batch_tradeoff_20260325_235335/scenario_runs/tradeoff_20260326_030530
optimized,weighted_gini_restore_l050,,weighted_sum,Weighted sum: triangle + 0.5 * equity:gini_restore,Weighted trade-off objective. triangle + 0.5 * equity:gini_restore.,weighted_sum,0.7785389570267774,891.6542628707891,58231.48029690975,0.08118117756520138,894.9506130000002,0.49582490153270486,894.9506130000002,0.125,1.0,0.39674457019448656,0.133,0.867,0.9,0.9,1,1,results/batch_tradeoff_20260325_235335/scenario_runs/tradeoff_20260326_030530/weighted_gini_restore_l050_20260326_030948,results/batch_tradeoff_20260325_235335/scenario_runs/tradeoff_20260326_030530/weighted_gini_restore_l050_20260326_030948/best,"[31, 16, 11, 23, 24, 8, 20, 29, 21, 17, 22, 9, (2, 6), (3, 12), (20, 18), (18, 16), (22, 15), (16, 10), (5, 4), (4, 5), (8, 16), (17, 10), (3, 1)]","[31, 16, 11, 23, 24, 8, 20, 29, 21, 17, 22, 9]","[(2, 6), (3, 12), (20, 18), (18, 16), (22, 15), (16, 10), (5, 4), (4, 5), (8, 16), (17, 10), (3, 1)]",scenario_033,20260357,12,11,0.26261244818552676,0.7373875518144732,results/batch_tradeoff_20260325_235335/scenario_runs/tradeoff_20260326_030530
optimized,guardrail_gini_restore,,guardrail,Guardrail on equity:gini_restore,Triangle minimization with a fairness guardrail. Guardrail on equity:gini_restore.,guardrail,856.2857197194296,856.2857197194296,32576.03600806811,0.09080685361213403,842.1318439999999,0.5434699385383283,842.1318439999999,0.125,1.0,0.49236779228552663,0.133,0.867,0.9,0.9,1,1,results/batch_tradeoff_20260325_235335/scenario_runs/tradeoff_20260326_030530/guardrail_gini_restore_20260326_031050,results/batch_tradeoff_20260325_235335/scenario_runs/tradeoff_20260326_030530/guardrail_gini_restore_20260326_031050/best,"[11, 24, 23, 17, 8, 29, 22, 21, 9, 20, 31, 16, (18, 16), (4, 5), (5, 4), (22, 15), (16, 10), (17, 10), (8, 16), (2, 6), (20, 18), (3, 1), (3, 12)]","[11, 24, 23, 17, 8, 29, 22, 21, 9, 20, 31, 16]","[(18, 16), (4, 5), (5, 4), (22, 15), (16, 10), (17, 10), (8, 16), (2, 6), (20, 18), (3, 1), (3, 12)]",scenario_033,20260357,12,11,0.26261244818552676,0.7373875518144732,results/batch_tradeoff_20260325_235335/scenario_runs/tradeoff_20260326_030530
optimized,weighted_maximin_time_avg_cri_l050,,weighted_sum,Weighted sum: triangle + 0.5 * equity:maximin_time_avg_cri_loss,Weighted trade-off objective. triangle + 0.5 * equity:maximin_time_avg_cri_loss.,weighted_sum,1.1202083340836821,1525.3003307735542,127681.1724799038,0.06790457321329035,1536.763962,0.3845312413994616,1536.763962,0.125,1.0,0.3678301038187491,0.133,0.867,0.9,0.9,1,1,results/batch_tradeoff_20260325_235335/scenario_runs/tradeoff_20260326_030530/weighted_maximin_time_avg_cri_l050_20260326_031152,results/batch_tradeoff_20260325_235335/scenario_runs/tradeoff_20260326_030530/weighted_maximin_time_avg_cri_l050_20260326_031152/best,"[24, 8, 16, 23, 29, 17, 31, 22, 9, 20, 21, 11, (5, 4), (16, 10), (22, 15), (8, 16), (17, 10), (3, 12), (2, 6), (18, 16), (20, 18), (4, 5), (3, 1)]","[24, 8, 16, 23, 29, 17, 31, 22, 9, 20, 21, 11]","[(5, 4), (16, 10), (22, 15), (8, 16), (17, 10), (3, 12), (2, 6), (18, 16), (20, 18), (4, 5), (3, 1)]",scenario_033,20260357,12,11,0.26261244818552676,0.7373875518144732,results/batch_tradeoff_20260325_235335/scenario_runs/tradeoff_20260326_030530
optimized,baseline_reference,,baseline,Baseline sequence,Baseline repair sequence used as the reference point.,triangle,1407.413672414721,1407.413672414721,209019.80402339378,0.12783662446757815,1386.922511,0.2425542907387454,1386.922511,0.20833333333333334,1.0,0.21931019361518367,0.133,0.867,0.9,0.9,1,1,,results/batch_tradeoff_20260325_235335/scenario_runs/tradeoff_20260326_031257/reference,"[16, 11, 23, 28, 9, 20, 26, 3, 10, 17, 4, (13, 12), (4, 11), (24, 21), (17, 10), (8, 16), (3, 12), (10, 15), (14, 23)]","[16, 11, 23, 28, 9, 20, 26, 3, 10, 17, 4]","[(13, 12), (4, 11), (24, 21), (17, 10), (8, 16), (3, 12), (10, 15), (14, 23)]",scenario_034,20260358,11,8,0.2709771254787898,0.7290228745212102,results/batch_tradeoff_20260325_235335/scenario_runs/tradeoff_20260326_031257
optimized,single_triangle,,single,Single objective: triangle,Pure efficiency objective that minimizes resilience-triangle loss.,triangle,757.8123216216867,757.8123216216867,57315.5015681118,0.15948165219453903,739.0289540000001,0.3604871554866045,739.0289540000001,0.20833333333333334,1.0,0.39971280744321164,0.133,0.867,0.9,0.9,1,1,results/batch_tradeoff_20260325_235335/scenario_runs/tradeoff_20260326_031257/single_triangle_20260326_031258,results/batch_tradeoff_20260325_235335/scenario_runs/tradeoff_20260326_031257/single_triangle_20260326_031258/best,"[11, 16, 10, 28, 9, 20, 26, 4, 3, 17, 23, (4, 11), (10, 15), (17, 10), (24, 21), (14, 23), (13, 12), (3, 12), (8, 16)]","[11, 16, 10, 28, 9, 20, 26, 4, 3, 17, 23]","[(4, 11), (10, 15), (17, 10), (24, 21), (14, 23), (13, 12), (3, 12), (8, 16)]",scenario_034,20260358,11,8,0.2709771254787898,0.7290228745212102,results/batch_tradeoff_20260325_235335/scenario_runs/tradeoff_20260326_031257
optimized,single_gini_restore,,single,Single objective: gini_restore,Equity objective that reduces restoration-time inequality using Gini.,equity:gini_restore,0.12783662446757815,1407.413672414721,209019.80402339378,0.12783662446757815,1386.922511,0.2425542907387454,1386.922511,0.20833333333333334,1.0,0.21931019361518367,0.133,0.867,0.9,0.9,1,1,results/batch_tradeoff_20260325_235335/scenario_runs/tradeoff_20260326_031257/single_gini_restore_20260326_031348,results/batch_tradeoff_20260325_235335/scenario_runs/tradeoff_20260326_031257/single_gini_restore_20260326_031348/best,"[16, 11, 23, 28, 9, 20, 26, 3, 10, 17, 4, (13, 12), (4, 11), (24, 21), (17, 10), (8, 16), (3, 12), (10, 15), (14, 23)]","[16, 11, 23, 28, 9, 20, 26, 3, 10, 17, 4]","[(13, 12), (4, 11), (24, 21), (17, 10), (8, 16), (3, 12), (10, 15), (14, 23)]",scenario_034,20260358,11,8,0.2709771254787898,0.7290228745212102,results/batch_tradeoff_20260325_235335/scenario_runs/tradeoff_20260326_031257
optimized,single_maximin_time_avg_cri,,single,Single objective: maximize minimum time-avg CRI,Equity via maximin: improve the worst-served zone by maximizing the minimum time-averaged CRI.,equity:maximin_time_avg_cri_loss,0.6437624176889969,2121.282710692977,685444.3107609466,0.18274620569444844,2545.494235,0.3562375823110031,2545.494235,0.20833333333333334,1.0,0.3094349366761252,0.133,0.867,0.9,0.9,1,0,results/batch_tradeoff_20260325_235335/scenario_runs/tradeoff_20260326_031257/single_maximin_time_avg_cri_20260326_031443,results/batch_tradeoff_20260325_235335/scenario_runs/tradeoff_20260326_031257/single_maximin_time_avg_cri_20260326_031443/best,"[3, 20, 9, 16, 23, 26, 28, 11, 4, 10, 17, (10, 15), (14, 23), (24, 21), (3, 12), (4, 11), (8, 16), (13, 12), (17, 10)]","[3, 20, 9, 16, 23, 26, 28, 11, 4, 10, 17]","[(10, 15), (14, 23), (24, 21), (3, 12), (4, 11), (8, 16), (13, 12), (17, 10)]",scenario_034,20260358,11,8,0.2709771254787898,0.7290228745212102,results/batch_tradeoff_20260325_235335/scenario_runs/tradeoff_20260326_031257
optimized,single_p90_access_restore,,single,Single objective: p90_access_restore,Critical-access objective that shortens the time by which 90% of zones regain access.,critical_access:p90_access_restore,748.78362,857.3114899094276,75185.1943509988,0.18122269934311763,748.78362,0.23811368107186193,748.78362,0.20833333333333334,1.0,0.39693950619662927,0.133,0.867,0.9,0.9,1,0,results/batch_tradeoff_20260325_235335/scenario_runs/tradeoff_20260326_031257/single_p90_access_restore_20260326_031534,results/batch_tradeoff_20260325_235335/scenario_runs/tradeoff_20260326_031257/single_p90_access_restore_20260326_031534/best,"[11, 16, 10, 28, 20, 3, 23, 9, 17, 4, 26, (13, 12), (3, 12), (24, 21), (8, 16), (4, 11), (17, 10), (10, 15), (14, 23)]","[11, 16, 10, 28, 20, 3, 23, 9, 17, 4, 26]","[(13, 12), (3, 12), (24, 21), (8, 16), (4, 11), (17, 10), (10, 15), (14, 23)]",scenario_034,20260358,11,8,0.2709771254787898,0.7290228745212102,results/batch_tradeoff_20260325_235335/scenario_runs/tradeoff_20260326_031257
optimized,weighted_gini_restore_l050,,weighted_sum,Weighted sum: triangle + 0.5 * equity:gini_restore,Weighted trade-off objective. triangle + 0.5 * equity:gini_restore.,weighted_sum,1.16006155689329,870.4713430218749,71007.58962439779,0.13846534844217584,805.040168,0.42445495905554476,805.040168,0.20833333333333334,1.0,0.45398116460985194,0.133,0.867,0.9,0.9,1,1,results/batch_tradeoff_20260325_235335/scenario_runs/tradeoff_20260326_031257/weighted_gini_restore_l050_20260326_031629,results/batch_tradeoff_20260325_235335/scenario_runs/tradeoff_20260326_031257/weighted_gini_restore_l050_20260326_031629/best,"[16, 11, 10, 28, 17, 26, 20, 3, 23, 9, 4, (10, 15), (4, 11), (14, 23), (17, 10), (24, 21), (3, 12), (13, 12), (8, 16)]","[16, 11, 10, 28, 17, 26, 20, 3, 23, 9, 4]","[(10, 15), (4, 11), (14, 23), (17, 10), (24, 21), (3, 12), (13, 12), (8, 16)]",scenario_034,20260358,11,8,0.2709771254787898,0.7290228745212102,results/batch_tradeoff_20260325_235335/scenario_runs/tradeoff_20260326_031257
optimized,guardrail_gini_restore,,guardrail,Guardrail on equity:gini_restore,Triangle minimization with a fairness guardrail. Guardrail on equity:gini_restore.,guardrail,6456.777634197924,1451.8001405815603,218819.15782489954,0.1264497707378156,1416.920775,0.23200551231828828,1416.920775,0.20833333333333334,1.0,0.2160842514877611,0.133,0.867,0.9,0.9,1,1,results/batch_tradeoff_20260325_235335/scenario_runs/tradeoff_20260326_031257/guardrail_gini_restore_20260326_031720,results/batch_tradeoff_20260325_235335/scenario_runs/tradeoff_20260326_031257/guardrail_gini_restore_20260326_031720/best,"[11, 16, 23, 20, 9, 28, 26, 3, 10, 17, 4, (13, 12), (4, 11), (24, 21), (8, 16), (17, 10), (3, 12), (10, 15), (14, 23)]","[11, 16, 23, 20, 9, 28, 26, 3, 10, 17, 4]","[(13, 12), (4, 11), (24, 21), (8, 16), (17, 10), (3, 12), (10, 15), (14, 23)]",scenario_034,20260358,11,8,0.2709771254787898,0.7290228745212102,results/batch_tradeoff_20260325_235335/scenario_runs/tradeoff_20260326_031257
optimized,weighted_maximin_time_avg_cri_l050,,weighted_sum,Weighted sum: triangle + 0.5 * equity:maximin_time_avg_cri_loss,Weighted trade-off objective. triangle + 0.5 * equity:maximin_time_avg_cri_loss.,weighted_sum,0.9945914938849094,892.6915380206474,96541.57529213012,0.19867764898075357,990.4674650000002,0.45416418950972104,990.4674650000002,0.20833333333333334,1.0,0.4754932808185604,0.133,0.867,0.9,0.9,1,0,results/batch_tradeoff_20260325_235335/scenario_runs/tradeoff_20260326_031257/weighted_maximin_time_avg_cri_l050_20260326_031814,results/batch_tradeoff_20260325_235335/scenario_runs/tradeoff_20260326_031257/weighted_maximin_time_avg_cri_l050_20260326_031814/best,"[16, 11, 10, 28, 9, 20, 26, 3, 23, 17, 4, (10, 15), (4, 11), (24, 21), (14, 23), (8, 16), (3, 12), (17, 10), (13, 12)]","[16, 11, 10, 28, 9, 20, 26, 3, 23, 17, 4]","[(10, 15), (4, 11), (24, 21), (14, 23), (8, 16), (3, 12), (17, 10), (13, 12)]",scenario_034,20260358,11,8,0.2709771254787898,0.7290228745212102,results/batch_tradeoff_20260325_235335/scenario_runs/tradeoff_20260326_031257
optimized,baseline_reference,,baseline,Baseline sequence,Baseline repair sequence used as the reference point.,triangle,5888.214935022937,5888.214935022937,5026850.9052567175,0.24636751948112345,6085.670025,0.1758829866550564,6085.670025,0.25,1.0,0.29939895929947336,0.133,0.867,0.9,0.9,1,0,,results/batch_tradeoff_20260325_235335/scenario_runs/tradeoff_20260326_031906/reference,"[6, 33, 16, 30, 5, 1, 21, 26, (10, 11), (16, 8), (16, 17), (14, 15), (1, 2), (17, 16), (24, 23), (9, 8), (10, 16), (16, 18), (9, 5)]","[6, 33, 16, 30, 5, 1, 21, 26]","[(10, 11), (16, 8), (16, 17), (14, 15), (1, 2), (17, 16), (24, 23), (9, 8), (10, 16), (16, 18), (9, 5)]",scenario_035,20260359,8,11,0.2527492890089631,0.747250710991037,results/batch_tradeoff_20260325_235335/scenario_runs/tradeoff_20260326_031906
optimized,single_triangle,,single,Single objective: triangle,Pure efficiency objective that minimizes resilience-triangle loss.,triangle,2331.4645563597996,2331.4645563597996,1185651.6042951832,0.24101133869041846,2992.7328503000003,0.2269771750008494,2992.7328503000003,0.25,1.0,0.31004483816792144,0.133,0.867,0.9,0.9,1,0,results/batch_tradeoff_20260325_235335/scenario_runs/tradeoff_20260326_031906/single_triangle_20260326_031906,results/batch_tradeoff_20260325_235335/scenario_runs/tradeoff_20260326_031906/single_triangle_20260326_031906/best,"[16, 26, 1, 30, 5, 21, 6, 33, (16, 8), (17, 16), (16, 17), (16, 18), (14, 15), (10, 11), (10, 16), (9, 8), (9, 5), (24, 23), (1, 2)]","[16, 26, 1, 30, 5, 21, 6, 33]","[(16, 8), (17, 16), (16, 17), (16, 18), (14, 15), (10, 11), (10, 16), (9, 8), (9, 5), (24, 23), (1, 2)]",scenario_035,20260359,8,11,0.2527492890089631,0.747250710991037,results/batch_tradeoff_20260325_235335/scenario_runs/tradeoff_20260326_031906
optimized,single_gini_restore,,single,Single objective: gini_restore,Equity objective that reduces restoration-time inequality using Gini.,equity:gini_restore,0.1936158071011218,3781.6056148788184,1486730.3616846844,0.1936158071011218,3552.4184070000006,0.15717342834543183,3552.4184070000006,0.25,1.0,0.3054748497754771,0.133,0.867,0.9,0.9,1,0,results/batch_tradeoff_20260325_235335/scenario_runs/tradeoff_20260326_031906/single_gini_restore_20260326_032004,results/batch_tradeoff_20260325_235335/scenario_runs/tradeoff_20260326_031906/single_gini_restore_20260326_032004/best,"[5, 30, 6, 33, 1, 21, 26, 16, (16, 17), (17, 16), (10, 16), (16, 18), (24, 23), (10, 11), (1, 2), (14, 15), (9, 5), (9, 8), (16, 8)]","[5, 30, 6, 33, 1, 21, 26, 16]","[(16, 17), (17, 16), (10, 16), (16, 18), (24, 23), (10, 11), (1, 2), (14, 15), (9, 5), (9, 8), (16, 8)]",scenario_035,20260359,8,11,0.2527492890089631,0.747250710991037,results/batch_tradeoff_20260325_235335/scenario_runs/tradeoff_20260326_031906
optimized,single_maximin_time_avg_cri,,single,Single objective: maximize minimum time-avg CRI,Equity via maximin: improve the worst-served zone by maximizing the minimum time-averaged CRI.,equity:maximin_time_avg_cri_loss,0.5317415375768719,3731.525976912897,2294399.347111201,0.24584956619920373,4157.140515,0.4682584624231281,4437.721116,0.25,1.0,0.4860097735099802,0.133,0.867,0.9,0.9,1,0,results/batch_tradeoff_20260325_235335/scenario_runs/tradeoff_20260326_031906/single_maximin_time_avg_cri_20260326_032101,results/batch_tradeoff_20260325_235335/scenario_runs/tradeoff_20260326_031906/single_maximin_time_avg_cri_20260326_032101/best,"[33, 30, 26, 16, 21, 5, 1, 6, (9, 5), (16, 8), (24, 23), (10, 16), (14, 15), (1, 2), (16, 17), (10, 11), (16, 18), (17, 16), (9, 8)]","[33, 30, 26, 16, 21, 5, 1, 6]","[(9, 5), (16, 8), (24, 23), (10, 16), (14, 15), (1, 2), (16, 17), (10, 11), (16, 18), (17, 16), (9, 8)]",scenario_035,20260359,8,11,0.2527492890089631,0.747250710991037,results/batch_tradeoff_20260325_235335/scenario_runs/tradeoff_20260326_031906
optimized,single_p90_access_restore,,single,Single objective: p90_access_restore,Critical-access objective that shortens the time by which 90% of zones regain access.,critical_access:p90_access_restore,2477.4175889999997,3132.9624813735727,712329.6515686549,0.18882168664585275,2477.4175889999997,0.4743216293134478,2477.4175889999997,0.25,1.0,0.5570079136482682,0.133,0.867,0.9,0.9,1,0,results/batch_tradeoff_20260325_235335/scenario_runs/tradeoff_20260326_031906/single_p90_access_restore_20260326_032207,results/batch_tradeoff_20260325_235335/scenario_runs/tradeoff_20260326_031906/single_p90_access_restore_20260326_032207/best,"[21, 1, 16, 5, 26, 33, 6, 30, (9, 5), (1, 2), (24, 23), (17, 16), (9, 8), (16, 18), (14, 15), (10, 11), (10, 16), (16, 17), (16, 8)]","[21, 1, 16, 5, 26, 33, 6, 30]","[(9, 5), (1, 2), (24, 23), (17, 16), (9, 8), (16, 18), (14, 15), (10, 11), (10, 16), (16, 17), (16, 8)]",scenario_035,20260359,8,11,0.2527492890089631,0.747250710991037,results/batch_tradeoff_20260325_235335/scenario_runs/tradeoff_20260326_031906
optimized,weighted_gini_restore_l050,,weighted_sum,Weighted sum: triangle + 0.5 * equity:gini_restore,Weighted trade-off objective. triangle + 0.5 * equity:gini_restore.,weighted_sum,0.7554534930766443,2275.8494936034535,525524.3926587853,0.18179175973377948,2085.569646,0.24563893498220044,2085.569646,0.25,1.0,0.29106908345593263,0.133,0.867,0.9,0.9,1,1,results/batch_tradeoff_20260325_235335/scenario_runs/tradeoff_20260326_031906/weighted_gini_restore_l050_20260326_032310,results/batch_tradeoff_20260325_235335/scenario_runs/tradeoff_20260326_031906/weighted_gini_restore_l050_20260326_032310/best,"[26, 1, 5, 33, 16, 21, 6, 30, (9, 5), (9, 8), (16, 8), (14, 15), (16, 18), (1, 2), (10, 11), (24, 23), (10, 16), (17, 16), (16, 17)]","[26, 1, 5, 33, 16, 21, 6, 30]","[(9, 5), (9, 8), (16, 8), (14, 15), (16, 18), (1, 2), (10, 11), (24, 23), (10, 16), (17, 16), (16, 17)]",scenario_035,20260359,8,11,0.2527492890089631,0.747250710991037,results/batch_tradeoff_20260325_235335/scenario_runs/tradeoff_20260326_031906
optimized,guardrail_gini_restore,,guardrail,Guardrail on equity:gini_restore,Triangle minimization with a fairness guardrail. Guardrail on equity:gini_restore.,guardrail,2676.83030965905,2676.83030965905,1274406.4658562932,0.21454824052741772,3154.7234750000002,0.40969375341228337,3154.7234750000002,0.25,1.0,0.38862452057725533,0.133,0.867,0.9,0.9,1,0,results/batch_tradeoff_20260325_235335/scenario_runs/tradeoff_20260326_031906/guardrail_gini_restore_20260326_032409,results/batch_tradeoff_20260325_235335/scenario_runs/tradeoff_20260326_031906/guardrail_gini_restore_20260326_032409/best,"[21, 5, 26, 16, 1, 33, 30, 6, (10, 16), (10, 11), (16, 18), (16, 8), (16, 17), (9, 8), (1, 2), (14, 15), (24, 23), (9, 5), (17, 16)]","[21, 5, 26, 16, 1, 33, 30, 6]","[(10, 16), (10, 11), (16, 18), (16, 8), (16, 17), (9, 8), (1, 2), (14, 15), (24, 23), (9, 5), (17, 16)]",scenario_035,20260359,8,11,0.2527492890089631,0.747250710991037,results/batch_tradeoff_20260325_235335/scenario_runs/tradeoff_20260326_031906
optimized,weighted_maximin_time_avg_cri_l050,,weighted_sum,Weighted sum: triangle + 0.5 * equity:maximin_time_avg_cri_loss,Weighted trade-off objective. triangle + 0.5 * equity:maximin_time_avg_cri_loss.,weighted_sum,0.9666995513506143,3507.1585048550496,3593505.900542444,0.2675911965990079,5697.6676289,0.38837963434954054,5728.182428,0.25,1.0,0.34667879949312724,0.133,0.867,0.9,0.9,1,0,results/batch_tradeoff_20260325_235335/scenario_runs/tradeoff_20260326_031906/weighted_maximin_time_avg_cri_l050_20260326_032502,results/batch_tradeoff_20260325_235335/scenario_runs/tradeoff_20260326_031906/weighted_maximin_time_avg_cri_l050_20260326_032502/best,"[30, 5, 1, 33, 21, 26, 6, 16, (16, 18), (10, 16), (10, 11), (17, 16), (1, 2), (9, 5), (16, 17), (24, 23), (16, 8), (9, 8), (14, 15)]","[30, 5, 1, 33, 21, 26, 6, 16]","[(16, 18), (10, 16), (10, 11), (17, 16), (1, 2), (9, 5), (16, 17), (24, 23), (16, 8), (9, 8), (14, 15)]",scenario_035,20260359,8,11,0.2527492890089631,0.747250710991037,results/batch_tradeoff_20260325_235335/scenario_runs/tradeoff_20260326_031906
optimized,baseline_reference,,baseline,Baseline sequence,Baseline repair sequence used as the reference point.,triangle,1876.068133653617,1876.068133653617,140078.8734972564,0.13071687914028374,1429.911558,0.3458343083010719,1429.911558,0.16666666666666666,1.0,0.32554448567625555,0.133,0.867,0.9,0.9,1,0,,results/batch_tradeoff_20260325_235335/scenario_runs/tradeoff_20260326_032559/reference,"[32, 8, 20, 5, 31, 7, 13, 1, (18, 16), (12, 3), (11, 14), (13, 24), (12, 11), (3, 12)]","[32, 8, 20, 5, 31, 7, 13, 1]","[(18, 16), (12, 3), (11, 14), (13, 24), (12, 11), (3, 12)]",scenario_036,20260360,8,6,0.14461070216412486,0.8553892978358751,results/batch_tradeoff_20260325_235335/scenario_runs/tradeoff_20260326_032559
optimized,single_triangle,,single,Single objective: triangle,Pure efficiency objective that minimizes resilience-triangle loss.,triangle,869.3995469460432,869.3995469460432,129208.2273596271,0.2672600277412336,1028.3758309999998,0.43275437383986765,1028.3758309999998,0.16666666666666666,1.0,0.3552488927481092,0.133,0.867,0.9,0.9,1,1,results/batch_tradeoff_20260325_235335/scenario_runs/tradeoff_20260326_032559/single_triangle_20260326_032600,results/batch_tradeoff_20260325_235335/scenario_runs/tradeoff_20260326_032559/single_triangle_20260326_032600/best,"[1, 13, 20, 5, 32, 8, 7, 31, (12, 3), (3, 12), (12, 11), (11, 14), (13, 24), (18, 16)]","[1, 13, 20, 5, 32, 8, 7, 31]","[(12, 3), (3, 12), (12, 11), (11, 14), (13, 24), (18, 16)]",scenario_036,20260360,8,6,0.14461070216412486,0.8553892978358751,results/batch_tradeoff_20260325_235335/scenario_runs/tradeoff_20260326_032559
optimized,single_gini_restore,,single,Single objective: gini_restore,Equity objective that reduces restoration-time inequality using Gini.,equity:gini_restore,0.12434537013205049,2097.6657575064537,280780.4264294483,0.12434537013205049,1852.252638,0.2604521096492712,1852.252638,0.16666666666666666,1.0,0.21211818336648164,0.133,0.867,0.9,0.9,1,0,results/batch_tradeoff_20260325_235335/scenario_runs/tradeoff_20260326_032559/single_gini_restore_20260326_032644,results/batch_tradeoff_20260325_235335/scenario_runs/tradeoff_20260326_032559/single_gini_restore_20260326_032644/best,"[8, 32, 31, 13, 7, 20, 5, 1, (13, 24), (11, 14), (18, 16), (12, 3), (12, 11), (3, 12)]","[8, 32, 31, 13, 7, 20, 5, 1]","[(13, 24), (11, 14), (18, 16), (12, 3), (12, 11), (3, 12)]",scenario_036,20260360,8,6,0.14461070216412486,0.8553892978358751,results/batch_tradeoff_20260325_235335/scenario_runs/tradeoff_20260326_032559
optimized,single_maximin_time_avg_cri,,single,Single objective: maximize minimum time-avg CRI,Equity via maximin: improve the worst-served zone by maximizing the minimum time-averaged CRI.,equity:maximin_time_avg_cri_loss,0.43983873813846497,1532.4362587408605,401023.5646506955,0.28321480102812213,2337.538201,0.560161261861535,1862.132623,0.16666666666666666,1.0,0.4599763739504622,0.133,0.867,0.9,0.9,1,0,results/batch_tradeoff_20260325_235335/scenario_runs/tradeoff_20260326_032559/single_maximin_time_avg_cri_20260326_032730,results/batch_tradeoff_20260325_235335/scenario_runs/tradeoff_20260326_032559/single_maximin_time_avg_cri_20260326_032730/best,"[8, 7, 5, 1, 13, 20, 31, 32, (18, 16), (13, 24), (3, 12), (12, 3), (12, 11), (11, 14)]","[8, 7, 5, 1, 13, 20, 31, 32]","[(18, 16), (13, 24), (3, 12), (12, 3), (12, 11), (11, 14)]",scenario_036,20260360,8,6,0.14461070216412486,0.8553892978358751,results/batch_tradeoff_20260325_235335/scenario_runs/tradeoff_20260326_032559
optimized,single_p90_access_restore,,single,Single objective: p90_access_restore,Critical-access objective that shortens the time by which 90% of zones regain access.,critical_access:p90_access_restore,1063.8904593000002,1295.6782229873888,88156.26137352436,0.10712968847790716,1064.8819230000001,0.4283691387890237,1063.8904593000002,0.16666666666666666,1.0,0.37598103120271675,0.133,0.867,0.9,0.9,1,1,results/batch_tradeoff_20260325_235335/scenario_runs/tradeoff_20260326_032559/single_p90_access_restore_20260326_032820,results/batch_tradeoff_20260325_235335/scenario_runs/tradeoff_20260326_032559/single_p90_access_restore_20260326_032820/best,"[7, 8, 32, 20, 5, 13, 1, 31, (3, 12), (11, 14), (13, 24), (18, 16), (12, 3), (12, 11)]","[7, 8, 32, 20, 5, 13, 1, 31]","[(3, 12), (11, 14), (13, 24), (18, 16), (12, 3), (12, 11)]",scenario_036,20260360,8,6,0.14461070216412486,0.8553892978358751,results/batch_tradeoff_20260325_235335/scenario_runs/tradeoff_20260326_032559
optimized,weighted_gini_restore_l050,,weighted_sum,Weighted sum: triangle + 0.5 * equity:gini_restore,Weighted trade-off objective. triangle + 0.5 * equity:gini_restore.,weighted_sum,1.2948684607357848,1409.7347779296472,127598.32071657032,0.14207303373160918,1264.440601,0.2566780429144046,1264.440601,0.16666666666666666,1.0,0.24502359416618158,0.133,0.867,0.9,0.9,1,0,results/batch_tradeoff_20260325_235335/scenario_runs/tradeoff_20260326_032559/weighted_gini_restore_l050_20260326_032906,results/batch_tradeoff_20260325_235335/scenario_runs/tradeoff_20260326_032559/weighted_gini_restore_l050_20260326_032906/best,"[32, 8, 20, 5, 31, 7, 13, 1, (13, 24), (12, 11), (11, 14), (18, 16), (12, 3), (3, 12)]","[32, 8, 20, 5, 31, 7, 13, 1]","[(13, 24), (12, 11), (11, 14), (18, 16), (12, 3), (3, 12)]",scenario_036,20260360,8,6,0.14461070216412486,0.8553892978358751,results/batch_tradeoff_20260325_235335/scenario_runs/tradeoff_20260326_032559
optimized,guardrail_gini_restore,,guardrail,Guardrail on equity:gini_restore,Triangle minimization with a fairness guardrail. Guardrail on equity:gini_restore.,guardrail,1583.8379299182002,1583.8379299182002,117304.46118764572,0.12301778142023334,1279.7624436999997,0.4384565826112204,1279.7624436999997,0.16666666666666666,1.0,0.3473823195231351,0.133,0.867,0.9,0.9,1,0,results/batch_tradeoff_20260325_235335/scenario_runs/tradeoff_20260326_032559/guardrail_gini_restore_20260326_032953,results/batch_tradeoff_20260325_235335/scenario_runs/tradeoff_20260326_032559/guardrail_gini_restore_20260326_032953/best,"[32, 8, 5, 20, 7, 1, 13, 31, (12, 11), (3, 12), (18, 16), (11, 14), (13, 24), (12, 3)]","[32, 8, 5, 20, 7, 1, 13, 31]","[(12, 11), (3, 12), (18, 16), (11, 14), (13, 24), (12, 3)]",scenario_036,20260360,8,6,0.14461070216412486,0.8553892978358751,results/batch_tradeoff_20260325_235335/scenario_runs/tradeoff_20260326_032559
optimized,weighted_maximin_time_avg_cri_l050,,weighted_sum,Weighted sum: triangle + 0.5 * equity:maximin_time_avg_cri_loss,Weighted trade-off objective. triangle + 0.5 * equity:maximin_time_avg_cri_loss.,weighted_sum,0.8277680035218704,950.2410115826185,218457.80836267662,0.3072215664576956,1348.5287645999992,0.5796837070700214,1015.7448599999998,0.16666666666666666,1.0,0.49196380057552136,0.133,0.867,0.9,0.9,1,0,results/batch_tradeoff_20260325_235335/scenario_runs/tradeoff_20260326_032559/weighted_maximin_time_avg_cri_l050_20260326_033041,results/batch_tradeoff_20260325_235335/scenario_runs/tradeoff_20260326_032559/weighted_maximin_time_avg_cri_l050_20260326_033041/best,"[1, 7, 5, 20, 8, 13, 31, 32, (12, 3), (3, 12), (12, 11), (11, 14), (13, 24), (18, 16)]","[1, 7, 5, 20, 8, 13, 31, 32]","[(12, 3), (3, 12), (12, 11), (11, 14), (13, 24), (18, 16)]",scenario_036,20260360,8,6,0.14461070216412486,0.8553892978358751,results/batch_tradeoff_20260325_235335/scenario_runs/tradeoff_20260326_032559
optimized,baseline_reference,,baseline,Baseline sequence,Baseline repair sequence used as the reference point.,triangle,893.4442886902189,893.4442886902189,180594.180379022,0.21515695517614386,1129.897845,0.3168527573889165,1129.897845,0.20833333333333334,1.0,0.29412623448272884,0.133,0.867,0.9,0.9,1,0,,results/batch_tradeoff_20260325_235335/scenario_runs/tradeoff_20260326_033127/reference,"[2, 16, 31, 27, 17, 10, 19, 15, 8, 7, 1, 26, 9, (15, 10), (12, 3), (20, 18)]","[2, 16, 31, 27, 17, 10, 19, 15, 8, 7, 1, 26, 9]","[(15, 10), (12, 3), (20, 18)]",scenario_037,20260361,13,3,0.21805102670339163,0.7819489732966084,results/batch_tradeoff_20260325_235335/scenario_runs/tradeoff_20260326_033127
optimized,single_triangle,,single,Single objective: triangle,Pure efficiency objective that minimizes resilience-triangle loss.,triangle,561.114111048327,561.114111048327,151945.61105351054,0.2427353526339613,965.729284,0.5193736218451391,965.729284,0.20833333333333334,1.0,0.30247544697353645,0.133,0.867,0.9,0.9,1,0,results/batch_tradeoff_20260325_235335/scenario_runs/tradeoff_20260326_033127/single_triangle_20260326_033128,results/batch_tradeoff_20260325_235335/scenario_runs/tradeoff_20260326_033127/single_triangle_20260326_033128/best,"[2, 16, 1, 27, 26, 7, 19, 17, 8, 15, 10, 31, 9, (12, 3), (15, 10), (20, 18)]","[2, 16, 1, 27, 26, 7, 19, 17, 8, 15, 10, 31, 9]","[(12, 3), (15, 10), (20, 18)]",scenario_037,20260361,13,3,0.21805102670339163,0.7819489732966084,results/batch_tradeoff_20260325_235335/scenario_runs/tradeoff_20260326_033127
optimized,single_gini_restore,,single,Single objective: gini_restore,Equity objective that reduces restoration-time inequality using Gini.,equity:gini_restore,0.16702778896598747,1284.9017567605865,220813.20808981275,0.16702778896598747,1354.809546,0.22717423172676207,1354.809546,0.20833333333333334,1.0,0.27136846220843897,0.133,0.867,0.9,0.9,1,1,results/batch_tradeoff_20260325_235335/scenario_runs/tradeoff_20260326_033127/single_gini_restore_20260326_033213,results/batch_tradeoff_20260325_235335/scenario_runs/tradeoff_20260326_033127/single_gini_restore_20260326_033213/best,"[1, 7, 27, 15, 19, 16, 10, 9, 17, 31, 2, 26, 8, (15, 10), (20, 18), (12, 3)]","[1, 7, 27, 15, 19, 16, 10, 9, 17, 31, 2, 26, 8]","[(15, 10), (20, 18), (12, 3)]",scenario_037,20260361,13,3,0.21805102670339163,0.7819489732966084,results/batch_tradeoff_20260325_235335/scenario_runs/tradeoff_20260326_033127
optimized,single_maximin_time_avg_cri,,single,Single objective: maximize minimum time-avg CRI,Equity via maximin: improve the worst-served zone by maximizing the minimum time-averaged CRI.,equity:maximin_time_avg_cri_loss,0.5172231489828243,816.8077208716135,248407.02370124796,0.22184473872940735,1340.9151859999997,0.48277685101717577,1340.9151859999997,0.20833333333333334,1.0,0.28544930565926685,0.133,0.867,0.9,0.9,1,0,results/batch_tradeoff_20260325_235335/scenario_runs/tradeoff_20260326_033127/single_maximin_time_avg_cri_20260326_033259,results/batch_tradeoff_20260325_235335/scenario_runs/tradeoff_20260326_033127/single_maximin_time_avg_cri_20260326_033259/best,"[27, 1, 26, 16, 7, 19, 10, 2, 17, 8, 9, 31, 15, (15, 10), (20, 18), (12, 3)]","[27, 1, 26, 16, 7, 19, 10, 2, 17, 8, 9, 31, 15]","[(15, 10), (20, 18), (12, 3)]",scenario_037,20260361,13,3,0.21805102670339163,0.7819489732966084,results/batch_tradeoff_20260325_235335/scenario_runs/tradeoff_20260326_033127
optimized,single_p90_access_restore,,single,Single objective: p90_access_restore,Critical-access objective that shortens the time by which 90% of zones regain access.,critical_access:p90_access_restore,846.254872,495.2604705570765,101091.98765484062,0.24019939457722206,846.254872,0.4768928355464585,846.254872,0.20833333333333334,1.0,0.2926845349080602,0.133,0.867,0.9,0.9,1,1,results/batch_tradeoff_20260325_235335/scenario_runs/tradeoff_20260326_033127/single_p90_access_restore_20260326_033348,results/batch_tradeoff_20260325_235335/scenario_runs/tradeoff_20260326_033127/single_p90_access_restore_20260326_033348/best,"[31, 15, 27, 7, 26, 1, 16, 2, 10, 8, 19, 17, 9, (15, 10), (20, 18), (12, 3)]","[31, 15, 27, 7, 26, 1, 16, 2, 10, 8, 19, 17, 9]","[(15, 10), (20, 18), (12, 3)]",scenario_037,20260361,13,3,0.21805102670339163,0.7819489732966084,results/batch_tradeoff_20260325_235335/scenario_runs/tradeoff_20260326_033127
optimized,weighted_gini_restore_l050,,weighted_sum,Weighted sum: triangle + 0.5 * equity:gini_restore,Weighted trade-off objective. triangle + 0.5 * equity:gini_restore.,weighted_sum,1.3118936213950287,668.1259270123435,244800.25197470098,0.24273334027141202,1247.881308,0.510168540141852,1247.881308,0.20833333333333334,1.0,0.32693131207101417,0.133,0.867,0.9,0.9,1,0,results/batch_tradeoff_20260325_235335/scenario_runs/tradeoff_20260326_033127/weighted_gini_restore_l050_20260326_033434,results/batch_tradeoff_20260325_235335/scenario_runs/tradeoff_20260326_033127/weighted_gini_restore_l050_20260326_033434/best,"[2, 1, 7, 15, 27, 19, 26, 16, 31, 10, 17, 9, 8, (15, 10), (20, 18), (12, 3)]","[2, 1, 7, 15, 27, 19, 26, 16, 31, 10, 17, 9, 8]","[(15, 10), (20, 18), (12, 3)]",scenario_037,20260361,13,3,0.21805102670339163,0.7819489732966084,results/batch_tradeoff_20260325_235335/scenario_runs/tradeoff_20260326_033127
optimized,guardrail_gini_restore,,guardrail,Guardrail on equity:gini_restore,Triangle minimization with a fairness guardrail. Guardrail on equity:gini_restore.,guardrail,604.4343672394494,604.4343672394494,106208.31078892715,0.20304218609233327,918.9836559999999,0.45285011259504443,918.9836559999999,0.20833333333333334,1.0,0.2798340932899029,0.133,0.867,0.9,0.9,1,1,results/batch_tradeoff_20260325_235335/scenario_runs/tradeoff_20260326_033127/guardrail_gini_restore_20260326_033520,results/batch_tradeoff_20260325_235335/scenario_runs/tradeoff_20260326_033127/guardrail_gini_restore_20260326_033520/best,"[31, 27, 26, 16, 10, 7, 19, 8, 15, 2, 1, 17, 9, (15, 10), (20, 18), (12, 3)]","[31, 27, 26, 16, 10, 7, 19, 8, 15, 2, 1, 17, 9]","[(15, 10), (20, 18), (12, 3)]",scenario_037,20260361,13,3,0.21805102670339163,0.7819489732966084,results/batch_tradeoff_20260325_235335/scenario_runs/tradeoff_20260326_033127
optimized,weighted_maximin_time_avg_cri_l050,,weighted_sum,Weighted sum: triangle + 0.5 * equity:maximin_time_avg_cri_loss,Weighted trade-off objective. triangle + 0.5 * equity:maximin_time_avg_cri_loss.,weighted_sum,1.0487736525848368,644.602845470483,283027.56117380294,0.27504149780430476,1333.1682839999999,0.5528214968276149,1333.1682839999999,0.20833333333333334,1.0,0.3953173239893347,0.133,0.867,0.9,0.9,1,0,results/batch_tradeoff_20260325_235335/scenario_runs/tradeoff_20260326_033127/weighted_maximin_time_avg_cri_l050_20260326_033610,results/batch_tradeoff_20260325_235335/scenario_runs/tradeoff_20260326_033127/weighted_maximin_time_avg_cri_l050_20260326_033610/best,"[31, 27, 7, 1, 2, 10, 8, 19, 26, 16, 9, 17, 15, (12, 3), (15, 10), (20, 18)]","[31, 27, 7, 1, 2, 10, 8, 19, 26, 16, 9, 17, 15]","[(12, 3), (15, 10), (20, 18)]",scenario_037,20260361,13,3,0.21805102670339163,0.7819489732966084,results/batch_tradeoff_20260325_235335/scenario_runs/tradeoff_20260326_033127
optimized,baseline_reference,,baseline,Baseline sequence,Baseline repair sequence used as the reference point.,triangle,5021.05309141391,5021.05309141391,5661619.291275199,0.2429984426520475,6242.806259,0.4484196188729763,6242.806259,0.125,1.0,0.3018129631259473,0.133,0.867,0.9,0.9,1,0,,results/batch_tradeoff_20260325_235335/scenario_runs/tradeoff_20260326_033656/reference,"[6, 5, 14, 26, 24, 15, 27, 20, 10, (24, 13), (4, 11), (14, 11), (7, 8), (3, 1), (23, 14), (15, 19), (22, 23), (15, 10)]","[6, 5, 14, 26, 24, 15, 27, 20, 10]","[(24, 13), (4, 11), (14, 11), (7, 8), (3, 1), (23, 14), (15, 19), (22, 23), (15, 10)]",scenario_038,20260362,9,9,0.20878367591728134,0.7912163240827187,results/batch_tradeoff_20260325_235335/scenario_runs/tradeoff_20260326_033656
optimized,single_triangle,,single,Single objective: triangle,Pure efficiency objective that minimizes resilience-triangle loss.,triangle,2847.4735539783524,2847.4735539783524,1017180.0929613273,0.16575458796234832,4079.736464,0.3925204628373647,4079.736464,0.125,1.0,0.33408954767108706,0.133,0.867,0.9,0.9,1,1,results/batch_tradeoff_20260325_235335/scenario_runs/tradeoff_20260326_033656/single_triangle_20260326_033656,results/batch_tradeoff_20260325_235335/scenario_runs/tradeoff_20260326_033656/single_triangle_20260326_033656/best,"[20, 6, 5, 10, 24, 15, 27, 26, 14, (24, 13), (4, 11), (7, 8), (14, 11), (15, 10), (15, 19), (23, 14), (22, 23), (3, 1)]","[20, 6, 5, 10, 24, 15, 27, 26, 14]","[(24, 13), (4, 11), (7, 8), (14, 11), (15, 10), (15, 19), (23, 14), (22, 23), (3, 1)]",scenario_038,20260362,9,9,0.20878367591728134,0.7912163240827187,results/batch_tradeoff_20260325_235335/scenario_runs/tradeoff_20260326_033656
optimized,single_gini_restore,,single,Single objective: gini_restore,Equity objective that reduces restoration-time inequality using Gini.,equity:gini_restore,0.13171278653524388,5268.992741458407,1748183.8534565682,0.13171278653524388,5151.276938499999,0.3609956608081002,4680.730817,0.125,1.0,0.2765782900486382,0.133,0.867,0.9,0.9,1,1,results/batch_tradeoff_20260325_235335/scenario_runs/tradeoff_20260326_033656/single_gini_restore_20260326_033746,results/batch_tradeoff_20260325_235335/scenario_runs/tradeoff_20260326_033656/single_gini_restore_20260326_033746/best,"[5, 26, 27, 10, 15, 6, 14, 24, 20, (4, 11), (24, 13), (7, 8), (22, 23), (15, 19), (23, 14), (14, 11), (3, 1), (15, 10)]","[5, 26, 27, 10, 15, 6, 14, 24, 20]","[(4, 11), (24, 13), (7, 8), (22, 23), (15, 19), (23, 14), (14, 11), (3, 1), (15, 10)]",scenario_038,20260362,9,9,0.20878367591728134,0.7912163240827187,results/batch_tradeoff_20260325_235335/scenario_runs/tradeoff_20260326_033656
optimized,single_maximin_time_avg_cri,,single,Single objective: maximize minimum time-avg CRI,Equity via maximin: improve the worst-served zone by maximizing the minimum time-averaged CRI.,equity:maximin_time_avg_cri_loss,0.42098923413762035,2949.8297967284348,2308608.724825996,0.2252826670474246,5540.828435799999,0.5790107658623797,6041.076607,0.125,1.0,0.35187417709125124,0.133,0.867,0.9,0.9,1,0,results/batch_tradeoff_20260325_235335/scenario_runs/tradeoff_20260326_033656/single_maximin_time_avg_cri_20260326_033841,results/batch_tradeoff_20260325_235335/scenario_runs/tradeoff_20260326_033656/single_maximin_time_avg_cri_20260326_033841/best,"[26, 15, 14, 27, 24, 6, 5, 20, 10, (4, 11), (7, 8), (23, 14), (24, 13), (14, 11), (15, 19), (15, 10), (3, 1), (22, 23)]","[26, 15, 14, 27, 24, 6, 5, 20, 10]","[(4, 11), (7, 8), (23, 14), (24, 13), (14, 11), (15, 19), (15, 10), (3, 1), (22, 23)]",scenario_038,20260362,9,9,0.20878367591728134,0.7912163240827187,results/batch_tradeoff_20260325_235335/scenario_runs/tradeoff_20260326_033656
optimized,single_p90_access_restore,,single,Single objective: p90_access_restore,Critical-access objective that shortens the time by which 90% of zones regain access.,critical_access:p90_access_restore,2750.3063280000006,2981.6615248264857,1055187.94703104,0.20180880647041732,2750.3063280000006,0.20317022257356254,2750.3063280000006,0.125,1.0,0.2503661018706956,0.133,0.867,0.9,0.9,1,0,results/batch_tradeoff_20260325_235335/scenario_runs/tradeoff_20260326_033656/single_p90_access_restore_20260326_033932,results/batch_tradeoff_20260325_235335/scenario_runs/tradeoff_20260326_033656/single_p90_access_restore_20260326_033932/best,"[10, 20, 5, 6, 26, 27, 24, 14, 15, (14, 11), (4, 11), (3, 1), (7, 8), (24, 13), (15, 19), (22, 23), (15, 10), (23, 14)]","[10, 20, 5, 6, 26, 27, 24, 14, 15]","[(14, 11), (4, 11), (3, 1), (7, 8), (24, 13), (15, 19), (22, 23), (15, 10), (23, 14)]",scenario_038,20260362,9,9,0.20878367591728134,0.7912163240827187,results/batch_tradeoff_20260325_235335/scenario_runs/tradeoff_20260326_033656
optimized,weighted_gini_restore_l050,,weighted_sum,Weighted sum: triangle + 0.5 * equity:gini_restore,Weighted trade-off objective. triangle + 0.5 * equity:gini_restore.,weighted_sum,1.1951100289047885,4332.866316535824,1944454.129839949,0.16143371928372385,4776.153548,0.17679850055969737,4779.153548,0.125,1.0,0.22649378122995392,0.133,0.867,0.9,0.9,1,1,results/batch_tradeoff_20260325_235335/scenario_runs/tradeoff_20260326_033656/weighted_gini_restore_l050_20260326_034027,results/batch_tradeoff_20260325_235335/scenario_runs/tradeoff_20260326_033656/weighted_gini_restore_l050_20260326_034027/best,"[10, 27, 26, 24, 14, 20, 6, 15, 5, (15, 19), (3, 1), (7, 8), (24, 13), (15, 10), (4, 11), (23, 14), (14, 11), (22, 23)]","[10, 27, 26, 24, 14, 20, 6, 15, 5]","[(15, 19), (3, 1), (7, 8), (24, 13), (15, 10), (4, 11), (23, 14), (14, 11), (22, 23)]",scenario_038,20260362,9,9,0.20878367591728134,0.7912163240827187,results/batch_tradeoff_20260325_235335/scenario_runs/tradeoff_20260326_033656
optimized,guardrail_gini_restore,,guardrail,Guardrail on equity:gini_restore,Triangle minimization with a fairness guardrail. Guardrail on equity:gini_restore.,guardrail,3215.140114115681,3215.140114115681,1814425.6839632317,0.18288448394054835,4592.351292,0.306538743922114,4602.351292,0.125,1.0,0.2185399788741289,0.133,0.867,0.9,0.9,1,0,results/batch_tradeoff_20260325_235335/scenario_runs/tradeoff_20260326_033656/guardrail_gini_restore_20260326_034118,results/batch_tradeoff_20260325_235335/scenario_runs/tradeoff_20260326_033656/guardrail_gini_restore_20260326_034118/best,"[20, 6, 5, 15, 10, 26, 27, 14, 24, (24, 13), (4, 11), (15, 10), (7, 8), (14, 11), (15, 19), (3, 1), (22, 23), (23, 14)]","[20, 6, 5, 15, 10, 26, 27, 14, 24]","[(24, 13), (4, 11), (15, 10), (7, 8), (14, 11), (15, 19), (3, 1), (22, 23), (23, 14)]",scenario_038,20260362,9,9,0.20878367591728134,0.7912163240827187,results/batch_tradeoff_20260325_235335/scenario_runs/tradeoff_20260326_033656
optimized,weighted_maximin_time_avg_cri_l050,,weighted_sum,Weighted sum: triangle + 0.5 * equity:maximin_time_avg_cri_loss,Weighted trade-off objective. triangle + 0.5 * equity:maximin_time_avg_cri_loss.,weighted_sum,1.1232202825640754,3401.385603854958,1554993.0047417246,0.1618425157394725,4685.756963799999,0.5082158536031204,4365.353675,0.125,1.0,0.3191570340370579,0.133,0.867,0.9,0.9,1,1,results/batch_tradeoff_20260325_235335/scenario_runs/tradeoff_20260326_033656/weighted_maximin_time_avg_cri_l050_20260326_034211,results/batch_tradeoff_20260325_235335/scenario_runs/tradeoff_20260326_033656/weighted_maximin_time_avg_cri_l050_20260326_034211/best,"[10, 15, 24, 6, 14, 5, 27, 26, 20, (14, 11), (4, 11), (7, 8), (23, 14), (22, 23), (15, 10), (24, 13), (15, 19), (3, 1)]","[10, 15, 24, 6, 14, 5, 27, 26, 20]","[(14, 11), (4, 11), (7, 8), (23, 14), (22, 23), (15, 10), (24, 13), (15, 19), (3, 1)]",scenario_038,20260362,9,9,0.20878367591728134,0.7912163240827187,results/batch_tradeoff_20260325_235335/scenario_runs/tradeoff_20260326_033656
optimized,baseline_reference,,baseline,Baseline sequence,Baseline repair sequence used as the reference point.,triangle,901.0115700237393,901.0115700237393,73511.02295974868,0.13953398530687,941.88804,0.2665933284436341,941.88804,0.25,1.0,0.28731237539124077,0.133,0.867,0.9,0.9,1,0,,results/batch_tradeoff_20260325_235335/scenario_runs/tradeoff_20260326_034301/reference,"[26, 32, 28, 24, 21, 2, 17, 3, 5, 27, (21, 22), (10, 9), (4, 3)]","[26, 32, 28, 24, 21, 2, 17, 3, 5, 27]","[(21, 22), (10, 9), (4, 3)]",scenario_039,20260363,10,3,0.3227681843696089,0.677231815630391,results/batch_tradeoff_20260325_235335/scenario_runs/tradeoff_20260326_034301
optimized,single_triangle,,single,Single objective: triangle,Pure efficiency objective that minimizes resilience-triangle loss.,triangle,454.05987793734295,454.05987793734295,32261.226309918155,0.20612626597208616,523.7837450000001,0.2964643054690493,523.7837450000001,0.25,1.0,0.319116001299353,0.133,0.867,0.9,0.9,1,0,results/batch_tradeoff_20260325_235335/scenario_runs/tradeoff_20260326_034301/single_triangle_20260326_034302,results/batch_tradeoff_20260325_235335/scenario_runs/tradeoff_20260326_034301/single_triangle_20260326_034302/best,"[24, 2, 21, 32, 28, 17, 3, 5, 26, 27, (4, 3), (10, 9), (21, 22)]","[24, 2, 21, 32, 28, 17, 3, 5, 26, 27]","[(4, 3), (10, 9), (21, 22)]",scenario_039,20260363,10,3,0.3227681843696089,0.677231815630391,results/batch_tradeoff_20260325_235335/scenario_runs/tradeoff_20260326_034301
optimized,single_gini_restore,,single,Single objective: gini_restore,Equity objective that reduces restoration-time inequality using Gini.,equity:gini_restore,0.13292653976833657,958.0116987136157,79450.97425182893,0.13292653976833657,972.921165,0.24666456584047802,972.921165,0.25,1.0,0.2915919443569031,0.133,0.867,0.9,0.9,1,0,results/batch_tradeoff_20260325_235335/scenario_runs/tradeoff_20260326_034301/single_gini_restore_20260326_034340,results/batch_tradeoff_20260325_235335/scenario_runs/tradeoff_20260326_034301/single_gini_restore_20260326_034340/best,"[26, 32, 21, 24, 27, 2, 17, 3, 5, 28, (21, 22), (4, 3), (10, 9)]","[26, 32, 21, 24, 27, 2, 17, 3, 5, 28]","[(21, 22), (4, 3), (10, 9)]",scenario_039,20260363,10,3,0.3227681843696089,0.677231815630391,results/batch_tradeoff_20260325_235335/scenario_runs/tradeoff_20260326_034301
optimized,single_maximin_time_avg_cri,,single,Single objective: maximize minimum time-avg CRI,Equity via maximin: improve the worst-served zone by maximizing the minimum time-averaged CRI.,equity:maximin_time_avg_cri_loss,0.46185322365586357,512.3159302517685,45227.16032337202,0.2631378533031248,663.808495,0.5381467763441364,663.808495,0.25,1.0,0.43638935616513913,0.133,0.867,0.9,0.9,1,0,results/batch_tradeoff_20260325_235335/scenario_runs/tradeoff_20260326_034301/single_maximin_time_avg_cri_20260326_034420,results/batch_tradeoff_20260325_235335/scenario_runs/tradeoff_20260326_034301/single_maximin_time_avg_cri_20260326_034420/best,"[2, 3, 17, 26, 5, 21, 28, 27, 32, 24, (21, 22), (10, 9), (4, 3)]","[2, 3, 17, 26, 5, 21, 28, 27, 32, 24]","[(21, 22), (10, 9), (4, 3)]",scenario_039,20260363,10,3,0.3227681843696089,0.677231815630391,results/batch_tradeoff_20260325_235335/scenario_runs/tradeoff_20260326_034301
optimized,single_p90_access_restore,,single,Single objective: p90_access_restore,Critical-access objective that shortens the time by which 90% of zones regain access.,critical_access:p90_access_restore,560.6950929999999,422.238104209641,34487.25814324905,0.2693448535354528,560.6950929999999,0.5275401158795006,560.6950929999999,0.25,1.0,0.45522537950942976,0.133,0.867,0.9,0.9,1,1,results/batch_tradeoff_20260325_235335/scenario_runs/tradeoff_20260326_034301/single_p90_access_restore_20260326_034502,results/batch_tradeoff_20260325_235335/scenario_runs/tradeoff_20260326_034301/single_p90_access_restore_20260326_034502/best,"[2, 26, 27, 3, 5, 32, 17, 21, 28, 24, (4, 3), (10, 9), (21, 22)]","[2, 26, 27, 3, 5, 32, 17, 21, 28, 24]","[(4, 3), (10, 9), (21, 22)]",scenario_039,20260363,10,3,0.3227681843696089,0.677231815630391,results/batch_tradeoff_20260325_235335/scenario_runs/tradeoff_20260326_034301
optimized,weighted_gini_restore_l050,,weighted_sum,Weighted sum: triangle + 0.5 * equity:gini_restore,Weighted trade-off objective. triangle + 0.5 * equity:gini_restore.,weighted_sum,1.1238220326095723,449.41916374577386,28004.36316997622,0.17442530504361464,510.155422,0.2787132188629303,510.155422,0.25,1.0,0.2887178476693063,0.133,0.867,0.9,0.9,1,1,results/batch_tradeoff_20260325_235335/scenario_runs/tradeoff_20260326_034301/weighted_gini_restore_l050_20260326_034541,results/batch_tradeoff_20260325_235335/scenario_runs/tradeoff_20260326_034301/weighted_gini_restore_l050_20260326_034541/best,"[2, 24, 3, 28, 26, 21, 5, 32, 27, 17, (10, 9), (21, 22), (4, 3)]","[2, 24, 3, 28, 26, 21, 5, 32, 27, 17]","[(10, 9), (21, 22), (4, 3)]",scenario_039,20260363,10,3,0.3227681843696089,0.677231815630391,results/batch_tradeoff_20260325_235335/scenario_runs/tradeoff_20260326_034301
optimized,guardrail_gini_restore,,guardrail,Guardrail on equity:gini_restore,Triangle minimization with a fairness guardrail. Guardrail on equity:gini_restore.,guardrail,696.7268235113488,696.7268235113488,46218.15565525318,0.13094968033345777,751.6239989999999,0.24243836340755054,751.6239989999999,0.25,1.0,0.2809350726860794,0.133,0.867,0.9,0.9,1,1,results/batch_tradeoff_20260325_235335/scenario_runs/tradeoff_20260326_034301/guardrail_gini_restore_20260326_034619,results/batch_tradeoff_20260325_235335/scenario_runs/tradeoff_20260326_034301/guardrail_gini_restore_20260326_034619/best,"[21, 32, 28, 5, 24, 2, 17, 26, 3, 27, (10, 9), (21, 22), (4, 3)]","[21, 32, 28, 5, 24, 2, 17, 26, 3, 27]","[(10, 9), (21, 22), (4, 3)]",scenario_039,20260363,10,3,0.3227681843696089,0.677231815630391,results/batch_tradeoff_20260325_235335/scenario_runs/tradeoff_20260326_034301
optimized,weighted_maximin_time_avg_cri_l050,,weighted_sum,Weighted sum: triangle + 0.5 * equity:maximin_time_avg_cri_loss,Weighted trade-off objective. triangle + 0.5 * equity:maximin_time_avg_cri_loss.,weighted_sum,1.015445081380985,594.1662065785725,50484.61356683661,0.22263924427292392,635.380284,0.4778121030768008,635.380284,0.25,1.0,0.4686920496886038,0.133,0.867,0.9,0.9,1,0,results/batch_tradeoff_20260325_235335/scenario_runs/tradeoff_20260326_034301/weighted_maximin_time_avg_cri_l050_20260326_034658,results/batch_tradeoff_20260325_235335/scenario_runs/tradeoff_20260326_034301/weighted_maximin_time_avg_cri_l050_20260326_034658/best,"[21, 17, 26, 3, 28, 5, 2, 27, 24, 32, (4, 3), (10, 9), (21, 22)]","[21, 17, 26, 3, 28, 5, 2, 27, 24, 32]","[(4, 3), (10, 9), (21, 22)]",scenario_039,20260363,10,3,0.3227681843696089,0.677231815630391,results/batch_tradeoff_20260325_235335/scenario_runs/tradeoff_20260326_034301
optimized,baseline_reference,,baseline,Baseline sequence,Baseline repair sequence used as the reference point.,triangle,3535.9749306388658,3535.9749306388658,520855.0280337753,0.10683044970152045,3188.9079810000003,0.24802446761433572,3188.9079810000003,0.20833333333333334,1.0,0.28176114308413047,0.133,0.867,0.9,0.9,1,0,,results/batch_tradeoff_20260325_235335/scenario_runs/tradeoff_20260326_034738/reference,"[10, 7, 8, 24, 27, 9, 3, 1, 29, 21, 30, 11, 5, 17, (6, 5), (5, 4), (16, 10), (14, 23), (14, 11), (12, 3)]","[10, 7, 8, 24, 27, 9, 3, 1, 29, 21, 30, 11, 5, 17]","[(6, 5), (5, 4), (16, 10), (14, 23), (14, 11), (12, 3)]",scenario_040,20260364,14,6,0.21910439313637675,0.7808956068636231,results/batch_tradeoff_20260325_235335/scenario_runs/tradeoff_20260326_034738
optimized,single_triangle,,single,Single objective: triangle,Pure efficiency objective that minimizes resilience-triangle loss.,triangle,1309.1936533473538,1309.1936533473538,195034.61838213544,0.18710808290824943,1422.107577,0.47537151035348696,1422.107577,0.20833333333333334,1.0,0.3101228839033181,0.133,0.867,0.9,0.9,1,1,results/batch_tradeoff_20260325_235335/scenario_runs/tradeoff_20260326_034738/single_triangle_20260326_034738,results/batch_tradeoff_20260325_235335/scenario_runs/tradeoff_20260326_034738/single_triangle_20260326_034738/best,"[1, 11, 5, 9, 27, 3, 7, 8, 29, 17, 21, 30, 10, 24, (12, 3), (5, 4), (14, 11), (16, 10), (6, 5), (14, 23)]","[1, 11, 5, 9, 27, 3, 7, 8, 29, 17, 21, 30, 10, 24]","[(12, 3), (5, 4), (14, 11), (16, 10), (6, 5), (14, 23)]",scenario_040,20260364,14,6,0.21910439313637675,0.7808956068636231,results/batch_tradeoff_20260325_235335/scenario_runs/tradeoff_20260326_034738
optimized,single_gini_restore,,single,Single objective: gini_restore,Equity objective that reduces restoration-time inequality using Gini.,equity:gini_restore,0.07584233326541612,3231.3544300128146,228156.05142214173,0.07584233326541612,2676.0650619999997,0.1682562800778801,2676.0650619999997,0.20833333333333334,1.0,0.2501149792361314,0.133,0.867,0.9,0.9,1,1,results/batch_tradeoff_20260325_235335/scenario_runs/tradeoff_20260326_034738/single_gini_restore_20260326_034835,results/batch_tradeoff_20260325_235335/scenario_runs/tradeoff_20260326_034738/single_gini_restore_20260326_034835/best,"[24, 29, 21, 8, 10, 11, 7, 30, 27, 5, 3, 17, 9, 1, (14, 23), (5, 4), (16, 10), (6, 5), (12, 3), (14, 11)]","[24, 29, 21, 8, 10, 11, 7, 30, 27, 5, 3, 17, 9, 1]","[(14, 23), (5, 4), (16, 10), (6, 5), (12, 3), (14, 11)]",scenario_040,20260364,14,6,0.21910439313637675,0.7808956068636231,results/batch_tradeoff_20260325_235335/scenario_runs/tradeoff_20260326_034738
optimized,single_maximin_time_avg_cri,,single,Single objective: maximize minimum time-avg CRI,Equity via maximin: improve the worst-served zone by maximizing the minimum time-averaged CRI.,equity:maximin_time_avg_cri_loss,0.5336891498430005,2481.0304752431316,1120691.3773001914,0.2384947951468568,3230.031702,0.4663108501569994,2904.0346210000002,0.20833333333333334,1.0,0.3772783372875598,0.133,0.867,0.9,0.9,1,0,results/batch_tradeoff_20260325_235335/scenario_runs/tradeoff_20260326_034738/single_maximin_time_avg_cri_20260326_034931,results/batch_tradeoff_20260325_235335/scenario_runs/tradeoff_20260326_034738/single_maximin_time_avg_cri_20260326_034931/best,"[3, 29, 5, 27, 7, 8, 30, 1, 24, 17, 11, 9, 10, 21, (6, 5), (16, 10), (14, 11), (5, 4), (14, 23), (12, 3)]","[3, 29, 5, 27, 7, 8, 30, 1, 24, 17, 11, 9, 10, 21]","[(6, 5), (16, 10), (14, 11), (5, 4), (14, 23), (12, 3)]",scenario_040,20260364,14,6,0.21910439313637675,0.7808956068636231,results/batch_tradeoff_20260325_235335/scenario_runs/tradeoff_20260326_034738
optimized,single_p90_access_restore,,single,Single objective: p90_access_restore,Critical-access objective that shortens the time by which 90% of zones regain access.,critical_access:p90_access_restore,2228.0027389999996,2628.115382383981,282923.6460786688,0.10140293824197144,2228.0027389999996,0.1766506933977877,2228.0027389999996,0.20833333333333334,1.0,0.24161510192604838,0.133,0.867,0.9,0.9,1,0,results/batch_tradeoff_20260325_235335/scenario_runs/tradeoff_20260326_034738/single_p90_access_restore_20260326_035030,results/batch_tradeoff_20260325_235335/scenario_runs/tradeoff_20260326_034738/single_p90_access_restore_20260326_035030/best,"[11, 1, 24, 27, 17, 8, 10, 3, 9, 30, 5, 29, 21, 7, (16, 10), (12, 3), (14, 23), (14, 11), (5, 4), (6, 5)]","[11, 1, 24, 27, 17, 8, 10, 3, 9, 30, 5, 29, 21, 7]","[(16, 10), (12, 3), (14, 23), (14, 11), (5, 4), (6, 5)]",scenario_040,20260364,14,6,0.21910439313637675,0.7808956068636231,results/batch_tradeoff_20260325_235335/scenario_runs/tradeoff_20260326_034738
optimized,weighted_gini_restore_l050,,weighted_sum,Weighted sum: triangle + 0.5 * equity:gini_restore,Weighted trade-off objective. triangle + 0.5 * equity:gini_restore.,weighted_sum,1.2545235995762574,2630.804128809597,267286.9797706397,0.10907658814963916,2480.7443620000004,0.2786701901349144,2480.7443620000004,0.20833333333333334,1.0,0.29291392355754015,0.133,0.867,0.9,0.9,1,0,results/batch_tradeoff_20260325_235335/scenario_runs/tradeoff_20260326_034738/weighted_gini_restore_l050_20260326_035125,results/batch_tradeoff_20260325_235335/scenario_runs/tradeoff_20260326_034738/weighted_gini_restore_l050_20260326_035125/best,"[10, 11, 27, 5, 8, 21, 3, 29, 9, 24, 30, 7, 1, 17, (14, 11), (16, 10), (14, 23), (12, 3), (5, 4), (6, 5)]","[10, 11, 27, 5, 8, 21, 3, 29, 9, 24, 30, 7, 1, 17]","[(14, 11), (16, 10), (14, 23), (12, 3), (5, 4), (6, 5)]",scenario_040,20260364,14,6,0.21910439313637675,0.7808956068636231,results/batch_tradeoff_20260325_235335/scenario_runs/tradeoff_20260326_034738
optimized,guardrail_gini_restore,,guardrail,Guardrail on equity:gini_restore,Triangle minimization with a fairness guardrail. Guardrail on equity:gini_restore.,guardrail,2549.7063044379147,2549.7063044379147,277838.9940630621,0.09996570286995299,2259.5307279999997,0.2520688434686628,2259.5307279999997,0.20833333333333334,1.0,0.29502683458674933,0.133,0.867,0.9,0.9,1,1,results/batch_tradeoff_20260325_235335/scenario_runs/tradeoff_20260326_034738/guardrail_gini_restore_20260326_035223,results/batch_tradeoff_20260325_235335/scenario_runs/tradeoff_20260326_034738/guardrail_gini_restore_20260326_035223/best,"[10, 21, 8, 7, 27, 9, 11, 1, 29, 24, 3, 30, 5, 17, (12, 3), (5, 4), (14, 11), (16, 10), (14, 23), (6, 5)]","[10, 21, 8, 7, 27, 9, 11, 1, 29, 24, 3, 30, 5, 17]","[(12, 3), (5, 4), (14, 11), (16, 10), (14, 23), (6, 5)]",scenario_040,20260364,14,6,0.21910439313637675,0.7808956068636231,results/batch_tradeoff_20260325_235335/scenario_runs/tradeoff_20260326_034738
optimized,weighted_maximin_time_avg_cri_l050,,weighted_sum,Weighted sum: triangle + 0.5 * equity:maximin_time_avg_cri_loss,Weighted trade-off objective. triangle + 0.5 * equity:maximin_time_avg_cri_loss.,weighted_sum,0.9154401034271071,2001.0359679318108,641013.0253427896,0.24036255619208835,2458.185027,0.47432059412951705,2458.185027,0.20833333333333334,1.0,0.35002657691180655,0.133,0.867,0.9,0.9,1,0,results/batch_tradeoff_20260325_235335/scenario_runs/tradeoff_20260326_034738/weighted_maximin_time_avg_cri_l050_20260326_035318,results/batch_tradeoff_20260325_235335/scenario_runs/tradeoff_20260326_034738/weighted_maximin_time_avg_cri_l050_20260326_035318/best,"[27, 11, 1, 8, 29, 9, 3, 21, 5, 30, 10, 7, 24, 17, (14, 11), (5, 4), (12, 3), (16, 10), (6, 5), (14, 23)]","[27, 11, 1, 8, 29, 9, 3, 21, 5, 30, 10, 7, 24, 17]","[(14, 11), (5, 4), (12, 3), (16, 10), (6, 5), (14, 23)]",scenario_040,20260364,14,6,0.21910439313637675,0.7808956068636231,results/batch_tradeoff_20260325_235335/scenario_runs/tradeoff_20260326_034738
optimized,baseline_reference,,baseline,Baseline sequence,Baseline repair sequence used as the reference point.,triangle,1017.6521343506856,1017.6521343506856,168780.7909778191,0.21396413177393803,1023.238028,0.22269091033073776,1023.238028,0.125,1.0,0.29003785047624,0.133,0.867,0.9,0.9,1,0,,results/batch_tradeoff_20260325_235335/scenario_runs/tradeoff_20260326_035417/reference,"[21, 27, 22, 16, 10, 23, 12, 15, 14, 26, 3, (1, 3), (11, 4), (22, 23), (18, 20), (16, 18), (19, 15)]","[21, 27, 22, 16, 10, 23, 12, 15, 14, 26, 3]","[(1, 3), (11, 4), (22, 23), (18, 20), (16, 18), (19, 15)]",scenario_041,20260365,11,6,0.28005992918641975,0.7199400708135802,results/batch_tradeoff_20260325_235335/scenario_runs/tradeoff_20260326_035417
optimized,single_triangle,,single,Single objective: triangle,Pure efficiency objective that minimizes resilience-triangle loss.,triangle,626.0319714034263,626.0319714034263,90638.03834295516,0.29020962661012195,763.594432,0.38863474421905697,763.594432,0.125,1.0,0.3281023981239996,0.133,0.867,0.9,0.9,1,0,results/batch_tradeoff_20260325_235335/scenario_runs/tradeoff_20260326_035417/single_triangle_20260326_035417,results/batch_tradeoff_20260325_235335/scenario_runs/tradeoff_20260326_035417/single_triangle_20260326_035417/best,"[21, 22, 3, 27, 10, 14, 12, 26, 16, 15, 23, (11, 4), (1, 3), (22, 23), (19, 15), (18, 20), (16, 18)]","[21, 22, 3, 27, 10, 14, 12, 26, 16, 15, 23]","[(11, 4), (1, 3), (22, 23), (19, 15), (18, 20), (16, 18)]",scenario_041,20260365,11,6,0.28005992918641975,0.7199400708135802,results/batch_tradeoff_20260325_235335/scenario_runs/tradeoff_20260326_035417
optimized,single_gini_restore,,single,Single objective: gini_restore,Equity objective that reduces restoration-time inequality using Gini.,equity:gini_restore,0.09731341033843588,932.6205224039178,80738.3652131086,0.09731341033843588,1045.838902,0.2555119936313759,1045.838902,0.125,1.0,0.1482981821611374,0.133,0.867,0.9,0.9,1,1,results/batch_tradeoff_20260325_235335/scenario_runs/tradeoff_20260326_035417/single_gini_restore_20260326_035503,results/batch_tradeoff_20260325_235335/scenario_runs/tradeoff_20260326_035417/single_gini_restore_20260326_035503/best,"[23, 27, 15, 12, 22, 3, 10, 26, 16, 21, 14, (18, 20), (19, 15), (11, 4), (16, 18), (22, 23), (1, 3)]","[23, 27, 15, 12, 22, 3, 10, 26, 16, 21, 14]","[(18, 20), (19, 15), (11, 4), (16, 18), (22, 23), (1, 3)]",scenario_041,20260365,11,6,0.28005992918641975,0.7199400708135802,results/batch_tradeoff_20260325_235335/scenario_runs/tradeoff_20260326_035417
optimized,single_maximin_time_avg_cri,,single,Single objective: maximize minimum time-avg CRI,Equity via maximin: improve the worst-served zone by maximizing the minimum time-averaged CRI.,equity:maximin_time_avg_cri_loss,0.5237560338091574,750.9369916249434,72327.3903707639,0.1848784390489151,1053.366659,0.47624396619084264,864.96662,0.125,1.0,0.3600264354468555,0.133,0.867,0.9,0.9,1,0,results/batch_tradeoff_20260325_235335/scenario_runs/tradeoff_20260326_035417/single_maximin_time_avg_cri_20260326_035551,results/batch_tradeoff_20260325_235335/scenario_runs/tradeoff_20260326_035417/single_maximin_time_avg_cri_20260326_035551/best,"[15, 16, 10, 22, 3, 14, 12, 27, 26, 23, 21, (22, 23), (18, 20), (16, 18), (19, 15), (11, 4), (1, 3)]","[15, 16, 10, 22, 3, 14, 12, 27, 26, 23, 21]","[(22, 23), (18, 20), (16, 18), (19, 15), (11, 4), (1, 3)]",scenario_041,20260365,11,6,0.28005992918641975,0.7199400708135802,results/batch_tradeoff_20260325_235335/scenario_runs/tradeoff_20260326_035417
optimized,single_p90_access_restore,,single,Single objective: p90_access_restore,Critical-access objective that shortens the time by which 90% of zones regain access.,critical_access:p90_access_restore,668.684924,706.2731932016741,37484.91511405439,0.12153265360599153,747.2734801999999,0.2768560811499442,668.684924,0.125,1.0,0.27121714628991495,0.133,0.867,0.9,0.9,1,1,results/batch_tradeoff_20260325_235335/scenario_runs/tradeoff_20260326_035417/single_p90_access_restore_20260326_035636,results/batch_tradeoff_20260325_235335/scenario_runs/tradeoff_20260326_035417/single_p90_access_restore_20260326_035636/best,"[10, 15, 22, 16, 27, 26, 12, 14, 23, 3, 21, (19, 15), (22, 23), (18, 20), (11, 4), (1, 3), (16, 18)]","[10, 15, 22, 16, 27, 26, 12, 14, 23, 3, 21]","[(19, 15), (22, 23), (18, 20), (11, 4), (1, 3), (16, 18)]",scenario_041,20260365,11,6,0.28005992918641975,0.7199400708135802,results/batch_tradeoff_20260325_235335/scenario_runs/tradeoff_20260326_035417
optimized,weighted_gini_restore_l050,,weighted_sum,Weighted sum: triangle + 0.5 * equity:gini_restore,Weighted trade-off objective. triangle + 0.5 * equity:gini_restore.,weighted_sum,0.9340027981099843,635.6242104300261,41492.98485393441,0.13240275412342295,752.0788340000001,0.42293500371569137,752.0788340000001,0.125,1.0,0.27290738007798737,0.133,0.867,0.9,0.9,1,1,results/batch_tradeoff_20260325_235335/scenario_runs/tradeoff_20260326_035417/weighted_gini_restore_l050_20260326_035722,results/batch_tradeoff_20260325_235335/scenario_runs/tradeoff_20260326_035417/weighted_gini_restore_l050_20260326_035722/best,"[27, 26, 22, 3, 21, 12, 15, 14, 10, 16, 23, (11, 4), (18, 20), (22, 23), (16, 18), (19, 15), (1, 3)]","[27, 26, 22, 3, 21, 12, 15, 14, 10, 16, 23]","[(11, 4), (18, 20), (22, 23), (16, 18), (19, 15), (1, 3)]",scenario_041,20260365,11,6,0.28005992918641975,0.7199400708135802,results/batch_tradeoff_20260325_235335/scenario_runs/tradeoff_20260326_035417
optimized,guardrail_gini_restore,,guardrail,Guardrail on equity:gini_restore,Triangle minimization with a fairness guardrail. Guardrail on equity:gini_restore.,guardrail,663.1942551719407,663.1942551719407,69468.90950879606,0.18950076424017537,847.7794039999999,0.3981054414846244,847.7794039999999,0.125,1.0,0.2258141964919292,0.133,0.867,0.9,0.9,1,0,results/batch_tradeoff_20260325_235335/scenario_runs/tradeoff_20260326_035417/guardrail_gini_restore_20260326_035810,results/batch_tradeoff_20260325_235335/scenario_runs/tradeoff_20260326_035417/guardrail_gini_restore_20260326_035810/best,"[3, 27, 21, 22, 12, 15, 14, 26, 10, 23, 16, (11, 4), (19, 15), (22, 23), (18, 20), (16, 18), (1, 3)]","[3, 27, 21, 22, 12, 15, 14, 26, 10, 23, 16]","[(11, 4), (19, 15), (22, 23), (18, 20), (16, 18), (1, 3)]",scenario_041,20260365,11,6,0.28005992918641975,0.7199400708135802,results/batch_tradeoff_20260325_235335/scenario_runs/tradeoff_20260326_035417
optimized,weighted_maximin_time_avg_cri_l050,,weighted_sum,Weighted sum: triangle + 0.5 * equity:maximin_time_avg_cri_loss,Weighted trade-off objective. triangle + 0.5 * equity:maximin_time_avg_cri_loss.,weighted_sum,1.0124278099451287,616.3671872662932,95731.01533360011,0.250734881537231,789.9537730000001,0.3676558035602379,789.9537730000001,0.125,1.0,0.3303420815591615,0.133,0.867,0.9,0.9,1,1,results/batch_tradeoff_20260325_235335/scenario_runs/tradeoff_20260326_035417/weighted_maximin_time_avg_cri_l050_20260326_035856,results/batch_tradeoff_20260325_235335/scenario_runs/tradeoff_20260326_035417/weighted_maximin_time_avg_cri_l050_20260326_035856/best,"[16, 14, 10, 12, 26, 21, 23, 3, 27, 22, 15, (1, 3), (11, 4), (22, 23), (16, 18), (19, 15), (18, 20)]","[16, 14, 10, 12, 26, 21, 23, 3, 27, 22, 15]","[(1, 3), (11, 4), (22, 23), (16, 18), (19, 15), (18, 20)]",scenario_041,20260365,11,6,0.28005992918641975,0.7199400708135802,results/batch_tradeoff_20260325_235335/scenario_runs/tradeoff_20260326_035417
optimized,baseline_reference,,baseline,Baseline sequence,Baseline repair sequence used as the reference point.,triangle,3871.9707730311675,3871.9707730311675,929285.7139464249,0.13470245876390874,3481.35783,0.2282659133713349,3481.35783,0.20833333333333334,1.0,0.3053699665823588,0.133,0.867,0.9,0.9,1,0,,results/batch_tradeoff_20260325_235335/scenario_runs/tradeoff_20260326_035941/reference,"[16, 4, 3, 20, 31, 15, 28, 11, 32, 10, 19, 6, 2, 29, (8, 9), (16, 18), (14, 15), (10, 17), (23, 14), (15, 19), (16, 17), (20, 19), (15, 14), (6, 5), (18, 20)]","[16, 4, 3, 20, 31, 15, 28, 11, 32, 10, 19, 6, 2, 29]","[(8, 9), (16, 18), (14, 15), (10, 17), (23, 14), (15, 19), (16, 17), (20, 19), (15, 14), (6, 5), (18, 20)]",scenario_042,20260366,14,11,0.3197315164053778,0.6802684835946221,results/batch_tradeoff_20260325_235335/scenario_runs/tradeoff_20260326_035941
optimized,single_triangle,,single,Single objective: triangle,Pure efficiency objective that minimizes resilience-triangle loss.,triangle,1534.2857302233579,1534.2857302233579,255627.1089021162,0.2286939673940458,1730.5356063999993,0.5156430070938995,1210.204983,0.20833333333333334,1.0,0.5366229679960075,0.133,0.867,0.9,0.9,1,1,results/batch_tradeoff_20260325_235335/scenario_runs/tradeoff_20260326_035941/single_triangle_20260326_035942,results/batch_tradeoff_20260325_235335/scenario_runs/tradeoff_20260326_035941/single_triangle_20260326_035942/best,"[4, 3, 29, 6, 19, 15, 28, 32, 2, 11, 31, 16, 10, 20, (20, 19), (18, 20), (14, 15), (15, 19), (15, 14), (10, 17), (8, 9), (23, 14), (6, 5), (16, 18), (16, 17)]","[4, 3, 29, 6, 19, 15, 28, 32, 2, 11, 31, 16, 10, 20]","[(20, 19), (18, 20), (14, 15), (15, 19), (15, 14), (10, 17), (8, 9), (23, 14), (6, 5), (16, 18), (16, 17)]",scenario_042,20260366,14,11,0.3197315164053778,0.6802684835946221,results/batch_tradeoff_20260325_235335/scenario_runs/tradeoff_20260326_035941
optimized,single_gini_restore,,single,Single objective: gini_restore,Equity objective that reduces restoration-time inequality using Gini.,equity:gini_restore,0.10392009070614883,4085.469288120073,838287.211258582,0.10392009070614883,3407.2750720000004,0.20483050233277558,3407.2750720000004,0.20833333333333334,1.0,0.2901558339461241,0.133,0.867,0.9,0.9,1,1,results/batch_tradeoff_20260325_235335/scenario_runs/tradeoff_20260326_035941/single_gini_restore_20260326_040054,results/batch_tradeoff_20260325_235335/scenario_runs/tradeoff_20260326_035941/single_gini_restore_20260326_040054/best,"[19, 20, 16, 31, 4, 15, 28, 10, 2, 29, 6, 11, 32, 3, (10, 17), (6, 5), (16, 18), (15, 19), (20, 19), (15, 14), (8, 9), (16, 17), (14, 15), (23, 14), (18, 20)]","[19, 20, 16, 31, 4, 15, 28, 10, 2, 29, 6, 11, 32, 3]","[(10, 17), (6, 5), (16, 18), (15, 19), (20, 19), (15, 14), (8, 9), (16, 17), (14, 15), (23, 14), (18, 20)]",scenario_042,20260366,14,11,0.3197315164053778,0.6802684835946221,results/batch_tradeoff_20260325_235335/scenario_runs/tradeoff_20260326_035941
optimized,single_maximin_time_avg_cri,,single,Single objective: maximize minimum time-avg CRI,Equity via maximin: improve the worst-served zone by maximizing the minimum time-averaged CRI.,equity:maximin_time_avg_cri_loss,0.5020709374209272,1944.2154453052003,472842.6921111602,0.206281321082457,2381.8861793999995,0.49792906257907277,1861.555556,0.20833333333333334,1.0,0.48221159820370496,0.133,0.867,0.9,0.9,1,0,results/batch_tradeoff_20260325_235335/scenario_runs/tradeoff_20260326_035941/single_maximin_time_avg_cri_20260326_040203,results/batch_tradeoff_20260325_235335/scenario_runs/tradeoff_20260326_035941/single_maximin_time_avg_cri_20260326_040203/best,"[11, 15, 32, 3, 4, 2, 29, 6, 28, 16, 19, 31, 10, 20, (6, 5), (23, 14), (15, 14), (16, 17), (16, 18), (10, 17), (8, 9), (14, 15), (18, 20), (20, 19), (15, 19)]","[11, 15, 32, 3, 4, 2, 29, 6, 28, 16, 19, 31, 10, 20]","[(6, 5), (23, 14), (15, 14), (16, 17), (16, 18), (10, 17), (8, 9), (14, 15), (18, 20), (20, 19), (15, 19)]",scenario_042,20260366,14,11,0.3197315164053778,0.6802684835946221,results/batch_tradeoff_20260325_235335/scenario_runs/tradeoff_20260326_035941
optimized,single_p90_access_restore,,single,Single objective: p90_access_restore,Critical-access objective that shortens the time by which 90% of zones regain access.,critical_access:p90_access_restore,1173.28853,1589.51680698823,203566.47383963925,0.1996276688739751,1751.0773071999995,0.47708492006469355,1173.28853,0.20833333333333334,1.0,0.5508743160764097,0.133,0.867,0.9,0.9,1,1,results/batch_tradeoff_20260325_235335/scenario_runs/tradeoff_20260326_035941/single_p90_access_restore_20260326_040312,results/batch_tradeoff_20260325_235335/scenario_runs/tradeoff_20260326_035941/single_p90_access_restore_20260326_040312/best,"[32, 4, 29, 3, 6, 28, 15, 31, 11, 10, 16, 2, 19, 20, (10, 17), (16, 17), (8, 9), (16, 18), (20, 19), (15, 19), (18, 20), (6, 5), (15, 14), (23, 14), (14, 15)]","[32, 4, 29, 3, 6, 28, 15, 31, 11, 10, 16, 2, 19, 20]","[(10, 17), (16, 17), (8, 9), (16, 18), (20, 19), (15, 19), (18, 20), (6, 5), (15, 14), (23, 14), (14, 15)]",scenario_042,20260366,14,11,0.3197315164053778,0.6802684835946221,results/batch_tradeoff_20260325_235335/scenario_runs/tradeoff_20260326_035941
optimized,weighted_gini_restore_l050,,weighted_sum,Weighted sum: triangle + 0.5 * equity:gini_restore,Weighted trade-off objective. triangle + 0.5 * equity:gini_restore.,weighted_sum,1.286847344865613,3210.5478857705884,664052.178346657,0.1232987266701937,3032.7005440000003,0.282042685533764,3032.7005440000003,0.20833333333333334,1.0,0.28881006062111664,0.133,0.867,0.9,0.9,1,1,results/batch_tradeoff_20260325_235335/scenario_runs/tradeoff_20260326_035941/weighted_gini_restore_l050_20260326_040421,results/batch_tradeoff_20260325_235335/scenario_runs/tradeoff_20260326_035941/weighted_gini_restore_l050_20260326_040421/best,"[16, 28, 32, 20, 3, 15, 11, 19, 2, 4, 6, 31, 29, 10, (15, 19), (18, 20), (16, 18), (6, 5), (20, 19), (23, 14), (8, 9), (10, 17), (14, 15), (15, 14), (16, 17)]","[16, 28, 32, 20, 3, 15, 11, 19, 2, 4, 6, 31, 29, 10]","[(15, 19), (18, 20), (16, 18), (6, 5), (20, 19), (23, 14), (8, 9), (10, 17), (14, 15), (15, 14), (16, 17)]",scenario_042,20260366,14,11,0.3197315164053778,0.6802684835946221,results/batch_tradeoff_20260325_235335/scenario_runs/tradeoff_20260326_035941
optimized,guardrail_gini_restore,,guardrail,Guardrail on equity:gini_restore,Triangle minimization with a fairness guardrail. Guardrail on equity:gini_restore.,guardrail,3383.43797771299,3383.43797771299,619589.5268933399,0.12207172647209474,2933.2675109,0.2357486870855531,2844.127812,0.20833333333333334,1.0,0.29819864430922205,0.133,0.867,0.9,0.9,1,1,results/batch_tradeoff_20260325_235335/scenario_runs/tradeoff_20260326_035941/guardrail_gini_restore_20260326_040541,results/batch_tradeoff_20260325_235335/scenario_runs/tradeoff_20260326_035941/guardrail_gini_restore_20260326_040541/best,"[16, 4, 3, 20, 31, 15, 28, 32, 11, 10, 29, 6, 2, 19, (20, 19), (16, 17), (16, 18), (10, 17), (14, 15), (15, 14), (8, 9), (15, 19), (23, 14), (18, 20), (6, 5)]","[16, 4, 3, 20, 31, 15, 28, 32, 11, 10, 29, 6, 2, 19]","[(20, 19), (16, 17), (16, 18), (10, 17), (14, 15), (15, 14), (8, 9), (15, 19), (23, 14), (18, 20), (6, 5)]",scenario_042,20260366,14,11,0.3197315164053778,0.6802684835946221,results/batch_tradeoff_20260325_235335/scenario_runs/tradeoff_20260326_035941
optimized,weighted_maximin_time_avg_cri_l050,,weighted_sum,Weighted sum: triangle + 0.5 * equity:maximin_time_avg_cri_loss,Weighted trade-off objective. triangle + 0.5 * equity:maximin_time_avg_cri_loss.,weighted_sum,0.9169373508025489,2274.2097022098937,1152228.1234534632,0.2849728162978755,3305.421073,0.4912954706592342,3305.421073,0.20833333333333334,1.0,0.4500441222480018,0.133,0.867,0.9,0.9,1,0,results/batch_tradeoff_20260325_235335/scenario_runs/tradeoff_20260326_035941/weighted_maximin_time_avg_cri_l050_20260326_040650,results/batch_tradeoff_20260325_235335/scenario_runs/tradeoff_20260326_035941/weighted_maximin_time_avg_cri_l050_20260326_040650/best,"[16, 6, 3, 10, 2, 28, 15, 11, 4, 32, 19, 31, 20, 29, (18, 20), (10, 17), (16, 18), (15, 19), (15, 14), (20, 19), (8, 9), (23, 14), (16, 17), (6, 5), (14, 15)]","[16, 6, 3, 10, 2, 28, 15, 11, 4, 32, 19, 31, 20, 29]","[(18, 20), (10, 17), (16, 18), (15, 19), (15, 14), (20, 19), (8, 9), (23, 14), (16, 17), (6, 5), (14, 15)]",scenario_042,20260366,14,11,0.3197315164053778,0.6802684835946221,results/batch_tradeoff_20260325_235335/scenario_runs/tradeoff_20260326_035941
optimized,baseline_reference,,baseline,Baseline sequence,Baseline repair sequence used as the reference point.,triangle,40624.23017396134,40624.23017396134,130136739.45189148,0.1646875055473731,39956.3439989,0.25070779486698636,39018.096817000005,0.08333333333333333,1.0,0.25819149153499793,0.133,0.867,0.9,0.9,1,0,,results/batch_tradeoff_20260325_235335/scenario_runs/tradeoff_20260326_040804/reference,"[14, 13, 15, 24, 18, 3, 23, 1, 10, 28, 19, 16, 27, 32, (12, 11), (9, 5), (23, 24), (15, 14), (10, 17), (7, 18), (14, 15), (16, 10), (4, 3), (5, 9), (18, 20), (24, 13), (22, 20)]","[14, 13, 15, 24, 18, 3, 23, 1, 10, 28, 19, 16, 27, 32]","[(12, 11), (9, 5), (23, 24), (15, 14), (10, 17), (7, 18), (14, 15), (16, 10), (4, 3), (5, 9), (18, 20), (24, 13), (22, 20)]",scenario_043,20260367,14,13,0.2702598572176821,0.7297401427823179,results/batch_tradeoff_20260325_235335/scenario_runs/tradeoff_20260326_040804
optimized,single_triangle,,single,Single objective: triangle,Pure efficiency objective that minimizes resilience-triangle loss.,triangle,17215.56822949238,17215.56822949238,21088144.62922942,0.18025276447913186,14202.744306999997,0.21184678691537326,14202.744306999997,0.08333333333333333,1.0,0.37684543120095043,0.133,0.867,0.9,0.9,1,0,results/batch_tradeoff_20260325_235335/scenario_runs/tradeoff_20260326_040804/single_triangle_20260326_040805,results/batch_tradeoff_20260325_235335/scenario_runs/tradeoff_20260326_040804/single_triangle_20260326_040805/best,"[1, 13, 10, 14, 15, 3, 16, 24, 23, 28, 18, 19, 27, 32, (12, 11), (4, 3), (23, 24), (24, 13), (18, 20), (5, 9), (10, 17), (16, 10), (15, 14), (9, 5), (22, 20), (14, 15), (7, 18)]","[1, 13, 10, 14, 15, 3, 16, 24, 23, 28, 18, 19, 27, 32]","[(12, 11), (4, 3), (23, 24), (24, 13), (18, 20), (5, 9), (10, 17), (16, 10), (15, 14), (9, 5), (22, 20), (14, 15), (7, 18)]",scenario_043,20260367,14,13,0.2702598572176821,0.7297401427823179,results/batch_tradeoff_20260325_235335/scenario_runs/tradeoff_20260326_040804
optimized,single_gini_restore,,single,Single objective: gini_restore,Equity objective that reduces restoration-time inequality using Gini.,equity:gini_restore,0.10212911019578663,40273.868622164315,78131315.04775031,0.10212911019578663,35199.556655399996,0.16101260275958715,35120.578888,0.08333333333333333,1.0,0.26360494967342163,0.133,0.867,0.9,0.9,1,1,results/batch_tradeoff_20260325_235335/scenario_runs/tradeoff_20260326_040804/single_gini_restore_20260326_040933,results/batch_tradeoff_20260325_235335/scenario_runs/tradeoff_20260326_040804/single_gini_restore_20260326_040933/best,"[14, 15, 10, 24, 13, 23, 16, 27, 1, 18, 32, 3, 28, 19, (4, 3), (9, 5), (23, 24), (5, 9), (22, 20), (7, 18), (10, 17), (16, 10), (12, 11), (18, 20), (15, 14), (24, 13), (14, 15)]","[14, 15, 10, 24, 13, 23, 16, 27, 1, 18, 32, 3, 28, 19]","[(4, 3), (9, 5), (23, 24), (5, 9), (22, 20), (7, 18), (10, 17), (16, 10), (12, 11), (18, 20), (15, 14), (24, 13), (14, 15)]",scenario_043,20260367,14,13,0.2702598572176821,0.7297401427823179,results/batch_tradeoff_20260325_235335/scenario_runs/tradeoff_20260326_040804
optimized,single_maximin_time_avg_cri,,single,Single objective: maximize minimum time-avg CRI,Equity via maximin: improve the worst-served zone by maximizing the minimum time-averaged CRI.,equity:maximin_time_avg_cri_loss,0.5845598412587669,57274.54340039563,542030150.5746171,0.2297006145522713,66128.95163799998,0.41544015874123313,66128.95163799998,0.08333333333333333,1.0,0.3139657068301025,0.133,0.867,0.9,0.9,1,0,results/batch_tradeoff_20260325_235335/scenario_runs/tradeoff_20260326_040804/single_maximin_time_avg_cri_20260326_041059,results/batch_tradeoff_20260325_235335/scenario_runs/tradeoff_20260326_040804/single_maximin_time_avg_cri_20260326_041059/best,"[16, 15, 18, 32, 1, 3, 23, 27, 24, 28, 10, 19, 14, 13, (7, 18), (4, 3), (10, 17), (12, 11), (5, 9), (22, 20), (23, 24), (16, 10), (24, 13), (18, 20), (14, 15), (15, 14), (9, 5)]","[16, 15, 18, 32, 1, 3, 23, 27, 24, 28, 10, 19, 14, 13]","[(7, 18), (4, 3), (10, 17), (12, 11), (5, 9), (22, 20), (23, 24), (16, 10), (24, 13), (18, 20), (14, 15), (15, 14), (9, 5)]",scenario_043,20260367,14,13,0.2702598572176821,0.7297401427823179,results/batch_tradeoff_20260325_235335/scenario_runs/tradeoff_20260326_040804
optimized,single_p90_access_restore,,single,Single objective: p90_access_restore,Critical-access objective that shortens the time by which 90% of zones regain access.,critical_access:p90_access_restore,17663.670658000006,21220.995053985545,23332048.824773844,0.1452164683942856,17663.670658000006,0.13481728868282047,17663.670658000006,0.08333333333333333,1.0,0.2081007857753822,0.133,0.867,0.9,0.9,1,0,results/batch_tradeoff_20260325_235335/scenario_runs/tradeoff_20260326_040804/single_p90_access_restore_20260326_041229,results/batch_tradeoff_20260325_235335/scenario_runs/tradeoff_20260326_040804/single_p90_access_restore_20260326_041229/best,"[14, 16, 15, 10, 1, 18, 24, 3, 23, 19, 28, 13, 27, 32, (12, 11), (5, 9), (15, 14), (16, 10), (9, 5), (4, 3), (10, 17), (7, 18), (22, 20), (23, 24), (24, 13), (18, 20), (14, 15)]","[14, 16, 15, 10, 1, 18, 24, 3, 23, 19, 28, 13, 27, 32]","[(12, 11), (5, 9), (15, 14), (16, 10), (9, 5), (4, 3), (10, 17), (7, 18), (22, 20), (23, 24), (24, 13), (18, 20), (14, 15)]",scenario_043,20260367,14,13,0.2702598572176821,0.7297401427823179,results/batch_tradeoff_20260325_235335/scenario_runs/tradeoff_20260326_040804
optimized,weighted_gini_restore_l050,,weighted_sum,Weighted sum: triangle + 0.5 * equity:gini_restore,Weighted trade-off objective. triangle + 0.5 * equity:gini_restore.,weighted_sum,1.2485497947033972,27977.13357165856,50152182.61490495,0.18440680578093338,29459.527679,0.36456912544466263,19036.125938,0.08333333333333333,1.0,0.29089189211555927,0.133,0.867,0.9,0.9,1,0,results/batch_tradeoff_20260325_235335/scenario_runs/tradeoff_20260326_040804/weighted_gini_restore_l050_20260326_041352,results/batch_tradeoff_20260325_235335/scenario_runs/tradeoff_20260326_040804/weighted_gini_restore_l050_20260326_041352/best,"[10, 1, 32, 24, 16, 27, 23, 14, 28, 18, 13, 3, 19, 15, (16, 10), (22, 20), (9, 5), (10, 17), (5, 9), (4, 3), (23, 24), (7, 18), (18, 20), (12, 11), (14, 15), (15, 14), (24, 13)]","[10, 1, 32, 24, 16, 27, 23, 14, 28, 18, 13, 3, 19, 15]","[(16, 10), (22, 20), (9, 5), (10, 17), (5, 9), (4, 3), (23, 24), (7, 18), (18, 20), (12, 11), (14, 15), (15, 14), (24, 13)]",scenario_043,20260367,14,13,0.2702598572176821,0.7297401427823179,results/batch_tradeoff_20260325_235335/scenario_runs/tradeoff_20260326_040804
optimized,guardrail_gini_restore,,guardrail,Guardrail on equity:gini_restore,Triangle minimization with a fairness guardrail. Guardrail on equity:gini_restore.,guardrail,17201.683801392854,17201.683801392854,15086340.409390144,0.10666038205958195,14148.981154000001,0.1287529984894599,14148.981154000001,0.08333333333333333,1.0,0.15114981354296317,0.133,0.867,0.9,0.9,1,1,results/batch_tradeoff_20260325_235335/scenario_runs/tradeoff_20260326_040804/guardrail_gini_restore_20260326_041521,results/batch_tradeoff_20260325_235335/scenario_runs/tradeoff_20260326_040804/guardrail_gini_restore_20260326_041521/best,"[10, 16, 1, 15, 13, 27, 3, 24, 23, 14, 19, 18, 28, 32, (12, 11), (14, 15), (24, 13), (15, 14), (22, 20), (18, 20), (10, 17), (16, 10), (23, 24), (7, 18), (9, 5), (4, 3), (5, 9)]","[10, 16, 1, 15, 13, 27, 3, 24, 23, 14, 19, 18, 28, 32]","[(12, 11), (14, 15), (24, 13), (15, 14), (22, 20), (18, 20), (10, 17), (16, 10), (23, 24), (7, 18), (9, 5), (4, 3), (5, 9)]",scenario_043,20260367,14,13,0.2702598572176821,0.7297401427823179,results/batch_tradeoff_20260325_235335/scenario_runs/tradeoff_20260326_040804
optimized,weighted_maximin_time_avg_cri_l050,,weighted_sum,Weighted sum: triangle + 0.5 * equity:maximin_time_avg_cri_loss,Weighted trade-off objective. triangle + 0.5 * equity:maximin_time_avg_cri_loss.,weighted_sum,1.3743809689573445,36679.512870939776,86341337.99578676,0.15096000592189873,35094.705065999995,0.29344211333024217,35094.705065999995,0.08333333333333333,1.0,0.2559877825461418,0.133,0.867,0.9,0.9,1,0,results/batch_tradeoff_20260325_235335/scenario_runs/tradeoff_20260326_040804/weighted_maximin_time_avg_cri_l050_20260326_041647,results/batch_tradeoff_20260325_235335/scenario_runs/tradeoff_20260326_040804/weighted_maximin_time_avg_cri_l050_20260326_041647/best,"[14, 13, 10, 24, 18, 3, 16, 15, 1, 28, 19, 23, 27, 32, (16, 10), (23, 24), (9, 5), (15, 14), (22, 20), (7, 18), (10, 17), (24, 13), (12, 11), (5, 9), (18, 20), (4, 3), (14, 15)]","[14, 13, 10, 24, 18, 3, 16, 15, 1, 28, 19, 23, 27, 32]","[(16, 10), (23, 24), (9, 5), (15, 14), (22, 20), (7, 18), (10, 17), (24, 13), (12, 11), (5, 9), (18, 20), (4, 3), (14, 15)]",scenario_043,20260367,14,13,0.2702598572176821,0.7297401427823179,results/batch_tradeoff_20260325_235335/scenario_runs/tradeoff_20260326_040804
optimized,baseline_reference,,baseline,Baseline sequence,Baseline repair sequence used as the reference point.,triangle,9133.699154924985,9133.699154924985,9721879.122761318,0.24420876824022075,8665.323779,0.23848846661228823,8665.323779,0.2916666666666667,1.0,0.29363601654058863,0.133,0.867,0.9,0.9,1,0,,results/batch_tradeoff_20260325_235335/scenario_runs/tradeoff_20260326_041815/reference,"[23, 33, 5, 26, 31, 27, 2, 21, 10, 25, 6, 12, 16, (6, 5), (19, 17), (9, 5), (16, 8), (19, 20), (11, 12), (22, 21), (12, 11), (12, 13), (11, 10), (23, 22)]","[23, 33, 5, 26, 31, 27, 2, 21, 10, 25, 6, 12, 16]","[(6, 5), (19, 17), (9, 5), (16, 8), (19, 20), (11, 12), (22, 21), (12, 11), (12, 13), (11, 10), (23, 22)]",scenario_044,20260368,13,11,0.278900837412962,0.721099162587038,results/batch_tradeoff_20260325_235335/scenario_runs/tradeoff_20260326_041815
optimized,single_triangle,,single,Single objective: triangle,Pure efficiency objective that minimizes resilience-triangle loss.,triangle,3674.945310008312,3674.945310008312,1007983.8060479295,0.14852549772650403,3173.8270839999996,0.1763515287527979,3173.8270839999996,0.2916666666666667,1.0,0.27130556332370964,0.133,0.867,0.9,0.9,1,1,results/batch_tradeoff_20260325_235335/scenario_runs/tradeoff_20260326_041815/single_triangle_20260326_041815,results/batch_tradeoff_20260325_235335/scenario_runs/tradeoff_20260326_041815/single_triangle_20260326_041815/best,"[25, 33, 23, 26, 31, 2, 12, 10, 16, 21, 6, 5, 27, (22, 21), (23, 22), (11, 10), (9, 5), (19, 20), (16, 8), (19, 17), (11, 12), (12, 11), (12, 13), (6, 5)]","[25, 33, 23, 26, 31, 2, 12, 10, 16, 21, 6, 5, 27]","[(22, 21), (23, 22), (11, 10), (9, 5), (19, 20), (16, 8), (19, 17), (11, 12), (12, 11), (12, 13), (6, 5)]",scenario_044,20260368,13,11,0.278900837412962,0.721099162587038,results/batch_tradeoff_20260325_235335/scenario_runs/tradeoff_20260326_041815
optimized,single_gini_restore,,single,Single objective: gini_restore,Equity objective that reduces restoration-time inequality using Gini.,equity:gini_restore,0.14103882588145655,10551.53556134571,5750634.893436831,0.14103882588145655,8194.580132000001,0.1058097892854378,8194.580132000001,0.2916666666666667,1.0,0.26781669799609775,0.133,0.867,0.9,0.9,1,1,results/batch_tradeoff_20260325_235335/scenario_runs/tradeoff_20260326_041815/single_gini_restore_20260326_041929,results/batch_tradeoff_20260325_235335/scenario_runs/tradeoff_20260326_041815/single_gini_restore_20260326_041929/best,"[26, 27, 6, 31, 5, 23, 12, 25, 21, 2, 10, 33, 16, (12, 11), (22, 21), (19, 17), (6, 5), (16, 8), (11, 12), (19, 20), (12, 13), (23, 22), (11, 10), (9, 5)]","[26, 27, 6, 31, 5, 23, 12, 25, 21, 2, 10, 33, 16]","[(12, 11), (22, 21), (19, 17), (6, 5), (16, 8), (11, 12), (19, 20), (12, 13), (23, 22), (11, 10), (9, 5)]",scenario_044,20260368,13,11,0.278900837412962,0.721099162587038,results/batch_tradeoff_20260325_235335/scenario_runs/tradeoff_20260326_041815
optimized,single_maximin_time_avg_cri,,single,Single objective: maximize minimum time-avg CRI,Equity via maximin: improve the worst-served zone by maximizing the minimum time-averaged CRI.,equity:maximin_time_avg_cri_loss,0.5383434367480466,4809.6036667202125,5065742.52809143,0.28166430077797244,7075.91226,0.4616565632519534,7075.91226,0.2916666666666667,1.0,0.34177503254070407,0.133,0.867,0.9,0.9,1,0,results/batch_tradeoff_20260325_235335/scenario_runs/tradeoff_20260326_041815/single_maximin_time_avg_cri_20260326_042045,results/batch_tradeoff_20260325_235335/scenario_runs/tradeoff_20260326_041815/single_maximin_time_avg_cri_20260326_042045/best,"[25, 26, 27, 33, 10, 2, 12, 31, 16, 23, 5, 6, 21, (12, 11), (22, 21), (9, 5), (12, 13), (19, 20), (11, 10), (6, 5), (11, 12), (19, 17), (16, 8), (23, 22)]","[25, 26, 27, 33, 10, 2, 12, 31, 16, 23, 5, 6, 21]","[(12, 11), (22, 21), (9, 5), (12, 13), (19, 20), (11, 10), (6, 5), (11, 12), (19, 17), (16, 8), (23, 22)]",scenario_044,20260368,13,11,0.278900837412962,0.721099162587038,results/batch_tradeoff_20260325_235335/scenario_runs/tradeoff_20260326_041815
optimized,single_p90_access_restore,,single,Single objective: p90_access_restore,Critical-access objective that shortens the time by which 90% of zones regain access.,critical_access:p90_access_restore,4298.332213000001,4270.888167427484,2797363.300872063,0.2417976140206224,4909.6009403,0.40426261739040925,4298.332213000001,0.2916666666666667,1.0,0.4276370230396316,0.133,0.867,0.9,0.9,1,0,results/batch_tradeoff_20260325_235335/scenario_runs/tradeoff_20260326_041815/single_p90_access_restore_20260326_042202,results/batch_tradeoff_20260325_235335/scenario_runs/tradeoff_20260326_041815/single_p90_access_restore_20260326_042202/best,"[25, 16, 27, 2, 26, 31, 23, 5, 6, 10, 12, 33, 21, (23, 22), (11, 10), (12, 11), (11, 12), (6, 5), (19, 17), (19, 20), (22, 21), (12, 13), (9, 5), (16, 8)]","[25, 16, 27, 2, 26, 31, 23, 5, 6, 10, 12, 33, 21]","[(23, 22), (11, 10), (12, 11), (11, 12), (6, 5), (19, 17), (19, 20), (22, 21), (12, 13), (9, 5), (16, 8)]",scenario_044,20260368,13,11,0.278900837412962,0.721099162587038,results/batch_tradeoff_20260325_235335/scenario_runs/tradeoff_20260326_041815
optimized,weighted_gini_restore_l050,,weighted_sum,Weighted sum: triangle + 0.5 * equity:gini_restore,Weighted trade-off objective. triangle + 0.5 * equity:gini_restore.,weighted_sum,0.8166315667710746,3994.2682929640105,1990792.5096927558,0.1852667535615311,4184.686889,0.2788134841516993,4184.686889,0.2916666666666667,1.0,0.2735440259004764,0.133,0.867,0.9,0.9,1,0,results/batch_tradeoff_20260325_235335/scenario_runs/tradeoff_20260326_041815/weighted_gini_restore_l050_20260326_042315,results/batch_tradeoff_20260325_235335/scenario_runs/tradeoff_20260326_041815/weighted_gini_restore_l050_20260326_042315/best,"[33, 12, 23, 10, 25, 2, 27, 21, 5, 26, 6, 31, 16, (23, 22), (11, 10), (19, 17), (19, 20), (9, 5), (16, 8), (6, 5), (11, 12), (12, 13), (12, 11), (22, 21)]","[33, 12, 23, 10, 25, 2, 27, 21, 5, 26, 6, 31, 16]","[(23, 22), (11, 10), (19, 17), (19, 20), (9, 5), (16, 8), (6, 5), (11, 12), (12, 13), (12, 11), (22, 21)]",scenario_044,20260368,13,11,0.278900837412962,0.721099162587038,results/batch_tradeoff_20260325_235335/scenario_runs/tradeoff_20260326_041815
optimized,guardrail_gini_restore,,guardrail,Guardrail on equity:gini_restore,Triangle minimization with a fairness guardrail. Guardrail on equity:gini_restore.,guardrail,3698.07386677344,3698.07386677344,2002457.585023106,0.20970925918635475,4235.662256,0.3792538074784909,4235.662256,0.2916666666666667,1.0,0.30184717657919574,0.133,0.867,0.9,0.9,1,0,results/batch_tradeoff_20260325_235335/scenario_runs/tradeoff_20260326_041815/guardrail_gini_restore_20260326_042429,results/batch_tradeoff_20260325_235335/scenario_runs/tradeoff_20260326_041815/guardrail_gini_restore_20260326_042429/best,"[25, 33, 23, 26, 27, 12, 2, 10, 31, 21, 6, 5, 16, (6, 5), (9, 5), (11, 10), (22, 21), (19, 17), (23, 22), (16, 8), (19, 20), (12, 11), (12, 13), (11, 12)]","[25, 33, 23, 26, 27, 12, 2, 10, 31, 21, 6, 5, 16]","[(6, 5), (9, 5), (11, 10), (22, 21), (19, 17), (23, 22), (16, 8), (19, 20), (12, 11), (12, 13), (11, 12)]",scenario_044,20260368,13,11,0.278900837412962,0.721099162587038,results/batch_tradeoff_20260325_235335/scenario_runs/tradeoff_20260326_041815
optimized,weighted_maximin_time_avg_cri_l050,,weighted_sum,Weighted sum: triangle + 0.5 * equity:maximin_time_avg_cri_loss,Weighted trade-off objective. triangle + 0.5 * equity:maximin_time_avg_cri_loss.,weighted_sum,0.6035641584732216,2853.2969662418254,2053436.3452640267,0.3033844145976847,4354.18519,0.5565384897445961,4354.18519,0.2916666666666667,1.0,0.5315400606766697,0.133,0.867,0.9,0.9,1,1,results/batch_tradeoff_20260325_235335/scenario_runs/tradeoff_20260326_041815/weighted_maximin_time_avg_cri_l050_20260326_042542,results/batch_tradeoff_20260325_235335/scenario_runs/tradeoff_20260326_041815/weighted_maximin_time_avg_cri_l050_20260326_042542/best,"[16, 12, 31, 10, 2, 21, 5, 6, 27, 26, 25, 23, 33, (11, 10), (12, 11), (16, 8), (9, 5), (19, 17), (23, 22), (6, 5), (11, 12), (19, 20), (22, 21), (12, 13)]","[16, 12, 31, 10, 2, 21, 5, 6, 27, 26, 25, 23, 33]","[(11, 10), (12, 11), (16, 8), (9, 5), (19, 17), (23, 22), (6, 5), (11, 12), (19, 20), (22, 21), (12, 13)]",scenario_044,20260368,13,11,0.278900837412962,0.721099162587038,results/batch_tradeoff_20260325_235335/scenario_runs/tradeoff_20260326_041815
optimized,baseline_reference,,baseline,Baseline sequence,Baseline repair sequence used as the reference point.,triangle,2350.484900883838,2350.484900883838,456626.19872714597,0.17280562268247057,2076.9776979999997,0.20698237821210708,2076.9776979999997,0.25,1.0,0.23959156964990516,0.133,0.867,0.9,0.9,1,0,,results/batch_tradeoff_20260325_235335/scenario_runs/tradeoff_20260326_042655/reference,"[6, 16, 17, 29, 30, 11, 1, 28, 32, 19, 21, 5, (9, 5), (15, 14), (10, 16), (23, 24), (19, 15), (12, 13), (3, 12), (17, 19), (13, 12)]","[6, 16, 17, 29, 30, 11, 1, 28, 32, 19, 21, 5]","[(9, 5), (15, 14), (10, 16), (23, 24), (19, 15), (12, 13), (3, 12), (17, 19), (13, 12)]",scenario_045,20260369,12,9,0.23930587169267703,0.760694128307323,results/batch_tradeoff_20260325_235335/scenario_runs/tradeoff_20260326_042655
optimized,single_triangle,,single,Single objective: triangle,Pure efficiency objective that minimizes resilience-triangle loss.,triangle,1264.7489171857285,1264.7489171857285,317671.66348519124,0.26964038564271364,1599.2029098999997,0.436873246344061,1456.1319829999998,0.25,1.0,0.38330957883370803,0.133,0.867,0.9,0.9,1,0,results/batch_tradeoff_20260325_235335/scenario_runs/tradeoff_20260326_042655/single_triangle_20260326_042656,results/batch_tradeoff_20260325_235335/scenario_runs/tradeoff_20260326_042655/single_triangle_20260326_042656/best,"[16, 1, 29, 6, 5, 28, 11, 32, 30, 17, 21, 19, (9, 5), (19, 15), (15, 14), (10, 16), (17, 19), (23, 24), (3, 12), (12, 13), (13, 12)]","[16, 1, 29, 6, 5, 28, 11, 32, 30, 17, 21, 19]","[(9, 5), (19, 15), (15, 14), (10, 16), (17, 19), (23, 24), (3, 12), (12, 13), (13, 12)]",scenario_045,20260369,12,9,0.23930587169267703,0.760694128307323,results/batch_tradeoff_20260325_235335/scenario_runs/tradeoff_20260326_042655
optimized,single_gini_restore,,single,Single objective: gini_restore,Equity objective that reduces restoration-time inequality using Gini.,equity:gini_restore,0.12542854653648838,2068.1737823348953,289759.4802472404,0.12542854653648838,1883.055688,0.22335423144372252,1883.055688,0.25,1.0,0.2741093914964806,0.133,0.867,0.9,0.9,1,1,results/batch_tradeoff_20260325_235335/scenario_runs/tradeoff_20260326_042655/single_gini_restore_20260326_042750,results/batch_tradeoff_20260325_235335/scenario_runs/tradeoff_20260326_042655/single_gini_restore_20260326_042750/best,"[19, 11, 30, 32, 29, 5, 28, 1, 16, 6, 21, 17, (15, 14), (3, 12), (13, 12), (23, 24), (9, 5), (19, 15), (10, 16), (17, 19), (12, 13)]","[19, 11, 30, 32, 29, 5, 28, 1, 16, 6, 21, 17]","[(15, 14), (3, 12), (13, 12), (23, 24), (9, 5), (19, 15), (10, 16), (17, 19), (12, 13)]",scenario_045,20260369,12,9,0.23930587169267703,0.760694128307323,results/batch_tradeoff_20260325_235335/scenario_runs/tradeoff_20260326_042655
optimized,single_maximin_time_avg_cri,,single,Single objective: maximize minimum time-avg CRI,Equity via maximin: improve the worst-served zone by maximizing the minimum time-averaged CRI.,equity:maximin_time_avg_cri_loss,0.6191520775657533,1808.9243075476866,433098.595534761,0.21214974102187512,2098.838035,0.38084792243424676,1904.9650550000001,0.25,1.0,0.361928040261255,0.133,0.867,0.9,0.9,1,0,results/batch_tradeoff_20260325_235335/scenario_runs/tradeoff_20260326_042655/single_maximin_time_avg_cri_20260326_042850,results/batch_tradeoff_20260325_235335/scenario_runs/tradeoff_20260326_042655/single_maximin_time_avg_cri_20260326_042850/best,"[16, 30, 17, 5, 6, 19, 29, 28, 1, 32, 11, 21, (12, 13), (19, 15), (9, 5), (15, 14), (10, 16), (3, 12), (13, 12), (23, 24), (17, 19)]","[16, 30, 17, 5, 6, 19, 29, 28, 1, 32, 11, 21]","[(12, 13), (19, 15), (9, 5), (15, 14), (10, 16), (3, 12), (13, 12), (23, 24), (17, 19)]",scenario_045,20260369,12,9,0.23930587169267703,0.760694128307323,results/batch_tradeoff_20260325_235335/scenario_runs/tradeoff_20260326_042655
optimized,single_p90_access_restore,,single,Single objective: p90_access_restore,Critical-access objective that shortens the time by which 90% of zones regain access.,critical_access:p90_access_restore,1368.134464,1702.0755133517584,189823.333234258,0.1652747671556658,1560.2637289,0.2725712414597301,1368.134464,0.25,1.0,0.3551126142164242,0.133,0.867,0.9,0.9,1,0,results/batch_tradeoff_20260325_235335/scenario_runs/tradeoff_20260326_042655/single_p90_access_restore_20260326_042949,results/batch_tradeoff_20260325_235335/scenario_runs/tradeoff_20260326_042655/single_p90_access_restore_20260326_042949/best,"[17, 30, 32, 28, 11, 16, 1, 29, 6, 5, 21, 19, (23, 24), (10, 16), (13, 12), (12, 13), (9, 5), (15, 14), (3, 12), (17, 19), (19, 15)]","[17, 30, 32, 28, 11, 16, 1, 29, 6, 5, 21, 19]","[(23, 24), (10, 16), (13, 12), (12, 13), (9, 5), (15, 14), (3, 12), (17, 19), (19, 15)]",scenario_045,20260369,12,9,0.23930587169267703,0.760694128307323,results/batch_tradeoff_20260325_235335/scenario_runs/tradeoff_20260326_042655
optimized,weighted_gini_restore_l050,,weighted_sum,Weighted sum: triangle + 0.5 * equity:gini_restore,Weighted trade-off objective. triangle + 0.5 * equity:gini_restore.,weighted_sum,1.236418564267664,1665.560902664852,250830.2163356232,0.18241895766471306,1461.1067119999998,0.1905701841596102,1461.1067119999998,0.25,1.0,0.26706538322055856,0.133,0.867,0.9,0.9,1,1,results/batch_tradeoff_20260325_235335/scenario_runs/tradeoff_20260326_042655/weighted_gini_restore_l050_20260326_043046,results/batch_tradeoff_20260325_235335/scenario_runs/tradeoff_20260326_042655/weighted_gini_restore_l050_20260326_043046/best,"[6, 17, 30, 29, 16, 11, 1, 28, 32, 19, 21, 5, (3, 12), (15, 14), (10, 16), (12, 13), (9, 5), (23, 24), (19, 15), (17, 19), (13, 12)]","[6, 17, 30, 29, 16, 11, 1, 28, 32, 19, 21, 5]","[(3, 12), (15, 14), (10, 16), (12, 13), (9, 5), (23, 24), (19, 15), (17, 19), (13, 12)]",scenario_045,20260369,12,9,0.23930587169267703,0.760694128307323,results/batch_tradeoff_20260325_235335/scenario_runs/tradeoff_20260326_042655
optimized,guardrail_gini_restore,,guardrail,Guardrail on equity:gini_restore,Triangle minimization with a fairness guardrail. Guardrail on equity:gini_restore.,guardrail,1679.3382479526153,1679.3382479526153,223035.64610377917,0.1450366030524448,1623.9217340000002,0.22746645668413862,1623.9217340000002,0.25,1.0,0.25257864682596826,0.133,0.867,0.9,0.9,1,1,results/batch_tradeoff_20260325_235335/scenario_runs/tradeoff_20260326_042655/guardrail_gini_restore_20260326_043145,results/batch_tradeoff_20260325_235335/scenario_runs/tradeoff_20260326_042655/guardrail_gini_restore_20260326_043145/best,"[21, 16, 11, 28, 32, 5, 30, 17, 29, 6, 19, 1, (13, 12), (12, 13), (23, 24), (15, 14), (10, 16), (9, 5), (19, 15), (17, 19), (3, 12)]","[21, 16, 11, 28, 32, 5, 30, 17, 29, 6, 19, 1]","[(13, 12), (12, 13), (23, 24), (15, 14), (10, 16), (9, 5), (19, 15), (17, 19), (3, 12)]",scenario_045,20260369,12,9,0.23930587169267703,0.760694128307323,results/batch_tradeoff_20260325_235335/scenario_runs/tradeoff_20260326_042655
optimized,weighted_maximin_time_avg_cri_l050,,weighted_sum,Weighted sum: triangle + 0.5 * equity:maximin_time_avg_cri_loss,Weighted trade-off objective. triangle + 0.5 * equity:maximin_time_avg_cri_loss.,weighted_sum,0.9425385612232922,1136.2727850034078,212153.20542209383,0.22908919897854463,1290.88535,0.27182270820037835,1290.88535,0.25,1.0,0.3682604050907129,0.133,0.867,0.9,0.9,1,1,results/batch_tradeoff_20260325_235335/scenario_runs/tradeoff_20260326_042655/weighted_maximin_time_avg_cri_l050_20260326_043243,results/batch_tradeoff_20260325_235335/scenario_runs/tradeoff_20260326_042655/weighted_maximin_time_avg_cri_l050_20260326_043243/best,"[11, 1, 28, 21, 19, 30, 6, 17, 29, 32, 5, 16, (3, 12), (13, 12), (12, 13), (10, 16), (17, 19), (9, 5), (19, 15), (15, 14), (23, 24)]","[11, 1, 28, 21, 19, 30, 6, 17, 29, 32, 5, 16]","[(3, 12), (13, 12), (12, 13), (10, 16), (17, 19), (9, 5), (19, 15), (15, 14), (23, 24)]",scenario_045,20260369,12,9,0.23930587169267703,0.760694128307323,results/batch_tradeoff_20260325_235335/scenario_runs/tradeoff_20260326_042655
optimized,baseline_reference,,baseline,Baseline sequence,Baseline repair sequence used as the reference point.,triangle,20096.258777096155,20096.258777096155,71622116.63553461,0.1926383291462661,25502.363018,0.38465655105936936,25502.363018,0.125,1.0,0.2612849092669127,0.133,0.867,0.9,0.9,1,0,,results/batch_tradeoff_20260325_235335/scenario_runs/tradeoff_20260326_043343/reference,"[10, 33, 4, 13, 25, 30, 20, 18, 5, 31, (10, 11), (15, 10), (8, 16), (17, 19), (2, 6), (1, 2), (23, 14), (9, 10), (11, 14), (9, 8), (13, 12), (16, 18), (1, 3)]","[10, 33, 4, 13, 25, 30, 20, 18, 5, 31]","[(10, 11), (15, 10), (8, 16), (17, 19), (2, 6), (1, 2), (23, 14), (9, 10), (11, 14), (9, 8), (13, 12), (16, 18), (1, 3)]",scenario_046,20260370,10,13,0.20769419254179333,0.7923058074582067,results/batch_tradeoff_20260325_235335/scenario_runs/tradeoff_20260326_043343
optimized,single_triangle,,single,Single objective: triangle,Pure efficiency objective that minimizes resilience-triangle loss.,triangle,5296.648977198691,5296.648977198691,32518601.102433357,0.36643350346459713,14251.613067999999,0.6236890243463857,14251.613067999999,0.125,1.0,0.46358279732801966,0.133,0.867,0.9,0.9,1,1,results/batch_tradeoff_20260325_235335/scenario_runs/tradeoff_20260326_043343/single_triangle_20260326_043344,results/batch_tradeoff_20260325_235335/scenario_runs/tradeoff_20260326_043343/single_triangle_20260326_043344/best,"[10, 13, 25, 20, 5, 30, 33, 4, 31, 18, (10, 11), (15, 10), (8, 16), (17, 19), (9, 10), (9, 8), (2, 6), (1, 3), (1, 2), (11, 14), (23, 14), (16, 18), (13, 12)]","[10, 13, 25, 20, 5, 30, 33, 4, 31, 18]","[(10, 11), (15, 10), (8, 16), (17, 19), (9, 10), (9, 8), (2, 6), (1, 3), (1, 2), (11, 14), (23, 14), (16, 18), (13, 12)]",scenario_046,20260370,10,13,0.20769419254179333,0.7923058074582067,results/batch_tradeoff_20260325_235335/scenario_runs/tradeoff_20260326_043343
optimized,single_gini_restore,,single,Single objective: gini_restore,Equity objective that reduces restoration-time inequality using Gini.,equity:gini_restore,0.15913678807151954,26726.88462049698,66019536.200028904,0.15913678807151954,25469.831947,0.31854491508004523,25469.831947,0.125,1.0,0.23959218650938566,0.133,0.867,0.9,0.9,1,1,results/batch_tradeoff_20260325_235335/scenario_runs/tradeoff_20260326_043343/single_gini_restore_20260326_043446,results/batch_tradeoff_20260325_235335/scenario_runs/tradeoff_20260326_043343/single_gini_restore_20260326_043446/best,"[13, 33, 31, 18, 4, 25, 20, 30, 5, 10, (13, 12), (9, 10), (15, 10), (11, 14), (1, 2), (9, 8), (2, 6), (16, 18), (10, 11), (8, 16), (17, 19), (1, 3), (23, 14)]","[13, 33, 31, 18, 4, 25, 20, 30, 5, 10]","[(13, 12), (9, 10), (15, 10), (11, 14), (1, 2), (9, 8), (2, 6), (16, 18), (10, 11), (8, 16), (17, 19), (1, 3), (23, 14)]",scenario_046,20260370,10,13,0.20769419254179333,0.7923058074582067,results/batch_tradeoff_20260325_235335/scenario_runs/tradeoff_20260326_043343
optimized,single_maximin_time_avg_cri,,single,Single objective: maximize minimum time-avg CRI,Equity via maximin: improve the worst-served zone by maximizing the minimum time-averaged CRI.,equity:maximin_time_avg_cri_loss,0.32582638893543525,12233.866987059131,85693551.96853556,0.3928121621379208,25301.920163,0.6741736110645647,25301.920163,0.125,1.0,0.5246175426405324,0.133,0.867,0.9,0.9,1,0,results/batch_tradeoff_20260325_235335/scenario_runs/tradeoff_20260326_043343/single_maximin_time_avg_cri_20260326_043552,results/batch_tradeoff_20260325_235335/scenario_runs/tradeoff_20260326_043343/single_maximin_time_avg_cri_20260326_043552/best,"[10, 33, 4, 13, 5, 30, 20, 18, 25, 31, (10, 11), (15, 10), (8, 16), (17, 19), (1, 3), (1, 2), (2, 6), (9, 10), (11, 14), (9, 8), (13, 12), (16, 18), (23, 14)]","[10, 33, 4, 13, 5, 30, 20, 18, 25, 31]","[(10, 11), (15, 10), (8, 16), (17, 19), (1, 3), (1, 2), (2, 6), (9, 10), (11, 14), (9, 8), (13, 12), (16, 18), (23, 14)]",scenario_046,20260370,10,13,0.20769419254179333,0.7923058074582067,results/batch_tradeoff_20260325_235335/scenario_runs/tradeoff_20260326_043343
optimized,single_p90_access_restore,,single,Single objective: p90_access_restore,Critical-access objective that shortens the time by which 90% of zones regain access.,critical_access:p90_access_restore,11765.970757,7368.693335133903,17705464.720562603,0.2989703748950159,11765.970757,0.4604537872811856,11765.970757,0.125,1.0,0.3540194094252867,0.133,0.867,0.9,0.9,1,1,results/batch_tradeoff_20260325_235335/scenario_runs/tradeoff_20260326_043343/single_p90_access_restore_20260326_043658,results/batch_tradeoff_20260325_235335/scenario_runs/tradeoff_20260326_043343/single_p90_access_restore_20260326_043658/best,"[13, 10, 31, 4, 30, 5, 20, 25, 33, 18, (2, 6), (16, 18), (8, 16), (9, 8), (13, 12), (15, 10), (9, 10), (1, 2), (10, 11), (17, 19), (23, 14), (11, 14), (1, 3)]","[13, 10, 31, 4, 30, 5, 20, 25, 33, 18]","[(2, 6), (16, 18), (8, 16), (9, 8), (13, 12), (15, 10), (9, 10), (1, 2), (10, 11), (17, 19), (23, 14), (11, 14), (1, 3)]",scenario_046,20260370,10,13,0.20769419254179333,0.7923058074582067,results/batch_tradeoff_20260325_235335/scenario_runs/tradeoff_20260326_043343
optimized,weighted_gini_restore_l050,,weighted_sum,Weighted sum: triangle + 0.5 * equity:gini_restore,Weighted trade-off objective. triangle + 0.5 * equity:gini_restore.,weighted_sum,1.440730884910155,20047.07167854886,72342900.20872028,0.17074631602251533,24353.782682000005,0.34941099086206734,24353.782682000005,0.125,1.0,0.2638144014823616,0.133,0.867,0.9,0.9,1,1,results/batch_tradeoff_20260325_235335/scenario_runs/tradeoff_20260326_043343/weighted_gini_restore_l050_20260326_043759,results/batch_tradeoff_20260325_235335/scenario_runs/tradeoff_20260326_043343/weighted_gini_restore_l050_20260326_043759/best,"[13, 5, 25, 30, 20, 10, 31, 18, 4, 33, (16, 18), (9, 8), (15, 10), (8, 16), (2, 6), (10, 11), (1, 2), (13, 12), (11, 14), (1, 3), (17, 19), (9, 10), (23, 14)]","[13, 5, 25, 30, 20, 10, 31, 18, 4, 33]","[(16, 18), (9, 8), (15, 10), (8, 16), (2, 6), (10, 11), (1, 2), (13, 12), (11, 14), (1, 3), (17, 19), (9, 10), (23, 14)]",scenario_046,20260370,10,13,0.20769419254179333,0.7923058074582067,results/batch_tradeoff_20260325_235335/scenario_runs/tradeoff_20260326_043343
optimized,guardrail_gini_restore,,guardrail,Guardrail on equity:gini_restore,Triangle minimization with a fairness guardrail. Guardrail on equity:gini_restore.,guardrail,15738.419729684985,15738.419729684985,50838939.746596165,0.17532527693166156,21423.868523999998,0.38293506721785875,21423.868523999998,0.125,1.0,0.24398921509643595,0.133,0.867,0.9,0.9,1,1,results/batch_tradeoff_20260325_235335/scenario_runs/tradeoff_20260326_043343/guardrail_gini_restore_20260326_043907,results/batch_tradeoff_20260325_235335/scenario_runs/tradeoff_20260326_043343/guardrail_gini_restore_20260326_043907/best,"[13, 31, 25, 10, 33, 20, 30, 5, 18, 4, (10, 11), (15, 10), (17, 19), (9, 8), (8, 16), (23, 14), (1, 2), (2, 6), (9, 10), (11, 14), (13, 12), (16, 18), (1, 3)]","[13, 31, 25, 10, 33, 20, 30, 5, 18, 4]","[(10, 11), (15, 10), (17, 19), (9, 8), (8, 16), (23, 14), (1, 2), (2, 6), (9, 10), (11, 14), (13, 12), (16, 18), (1, 3)]",scenario_046,20260370,10,13,0.20769419254179333,0.7923058074582067,results/batch_tradeoff_20260325_235335/scenario_runs/tradeoff_20260326_043343
optimized,weighted_maximin_time_avg_cri_l050,,weighted_sum,Weighted sum: triangle + 0.5 * equity:maximin_time_avg_cri_loss,Weighted trade-off objective. triangle + 0.5 * equity:maximin_time_avg_cri_loss.,weighted_sum,0.873515059988409,12233.866987059131,85693551.96853556,0.3928121621379208,25301.920163,0.6741736110645647,25301.920163,0.125,1.0,0.5246175426405324,0.133,0.867,0.9,0.9,1,0,results/batch_tradeoff_20260325_235335/scenario_runs/tradeoff_20260326_043343/weighted_maximin_time_avg_cri_l050_20260326_044012,results/batch_tradeoff_20260325_235335/scenario_runs/tradeoff_20260326_043343/weighted_maximin_time_avg_cri_l050_20260326_044012/best,"[10, 33, 4, 13, 5, 30, 20, 18, 25, 31, (10, 11), (15, 10), (8, 16), (17, 19), (1, 3), (1, 2), (2, 6), (9, 10), (11, 14), (9, 8), (13, 12), (16, 18), (23, 14)]","[10, 33, 4, 13, 5, 30, 20, 18, 25, 31]","[(10, 11), (15, 10), (8, 16), (17, 19), (1, 3), (1, 2), (2, 6), (9, 10), (11, 14), (9, 8), (13, 12), (16, 18), (23, 14)]",scenario_046,20260370,10,13,0.20769419254179333,0.7923058074582067,results/batch_tradeoff_20260325_235335/scenario_runs/tradeoff_20260326_043343
optimized,baseline_reference,,baseline,Baseline sequence,Baseline repair sequence used as the reference point.,triangle,5127.605452162385,5127.605452162385,4059156.244273659,0.2311673459582948,5056.301722,0.25506419951549075,5056.301722,0.2916666666666667,1.0,0.2915544477816271,0.133,0.867,0.9,0.9,1,0,,results/batch_tradeoff_20260325_235335/scenario_runs/tradeoff_20260326_044121/reference,"[19, 8, 12, 23, 20, 7, 25, 10, 22, 2, 26, 9, 1, (17, 16), (23, 24), (24, 13), (9, 5), (16, 18), (15, 19), (11, 12), (8, 7)]","[19, 8, 12, 23, 20, 7, 25, 10, 22, 2, 26, 9, 1]","[(17, 16), (23, 24), (24, 13), (9, 5), (16, 18), (15, 19), (11, 12), (8, 7)]",scenario_047,20260371,13,8,0.24984377100669758,0.7501562289933024,results/batch_tradeoff_20260325_235335/scenario_runs/tradeoff_20260326_044121
optimized,single_triangle,,single,Single objective: triangle,Pure efficiency objective that minimizes resilience-triangle loss.,triangle,2042.393153676689,2042.393153676689,637767.5970637222,0.2715713042558361,2347.608101499999,0.5242842757650317,1681.981983,0.2916666666666667,1.0,0.5400954980965701,0.133,0.867,0.9,0.9,1,1,results/batch_tradeoff_20260325_235335/scenario_runs/tradeoff_20260326_044121/single_triangle_20260326_044122,results/batch_tradeoff_20260325_235335/scenario_runs/tradeoff_20260326_044121/single_triangle_20260326_044122/best,"[22, 8, 19, 23, 12, 9, 1, 2, 26, 10, 7, 25, 20, (11, 12), (9, 5), (8, 7), (15, 19), (23, 24), (24, 13), (17, 16), (16, 18)]","[22, 8, 19, 23, 12, 9, 1, 2, 26, 10, 7, 25, 20]","[(11, 12), (9, 5), (8, 7), (15, 19), (23, 24), (24, 13), (17, 16), (16, 18)]",scenario_047,20260371,13,8,0.24984377100669758,0.7501562289933024,results/batch_tradeoff_20260325_235335/scenario_runs/tradeoff_20260326_044121
optimized,single_gini_restore,,single,Single objective: gini_restore,Equity objective that reduces restoration-time inequality using Gini.,equity:gini_restore,0.192184462381777,4159.15966578241,2321519.389803082,0.192184462381777,3993.7574130000003,0.2490590484248365,3993.7574130000003,0.2916666666666667,1.0,0.29166666666666674,0.133,0.867,0.9,0.9,1,1,results/batch_tradeoff_20260325_235335/scenario_runs/tradeoff_20260326_044121/single_gini_restore_20260326_044224,results/batch_tradeoff_20260325_235335/scenario_runs/tradeoff_20260326_044121/single_gini_restore_20260326_044224/best,"[19, 9, 22, 23, 8, 25, 7, 10, 12, 20, 26, 2, 1, (16, 18), (23, 24), (8, 7), (24, 13), (9, 5), (15, 19), (11, 12), (17, 16)]","[19, 9, 22, 23, 8, 25, 7, 10, 12, 20, 26, 2, 1]","[(16, 18), (23, 24), (8, 7), (24, 13), (9, 5), (15, 19), (11, 12), (17, 16)]",scenario_047,20260371,13,8,0.24984377100669758,0.7501562289933024,results/batch_tradeoff_20260325_235335/scenario_runs/tradeoff_20260326_044121
optimized,single_maximin_time_avg_cri,,single,Single objective: maximize minimum time-avg CRI,Equity via maximin: improve the worst-served zone by maximizing the minimum time-averaged CRI.,equity:maximin_time_avg_cri_loss,0.5651959209144073,4314.28531027263,2996201.103165955,0.25707217223170753,4848.083652799998,0.43480407908559277,4179.989761999999,0.2916666666666667,1.0,0.4252462861695963,0.133,0.867,0.9,0.9,1,0,results/batch_tradeoff_20260325_235335/scenario_runs/tradeoff_20260326_044121/single_maximin_time_avg_cri_20260326_044323,results/batch_tradeoff_20260325_235335/scenario_runs/tradeoff_20260326_044121/single_maximin_time_avg_cri_20260326_044323/best,"[22, 7, 25, 2, 19, 1, 9, 23, 12, 8, 26, 10, 20, (9, 5), (17, 16), (11, 12), (8, 7), (16, 18), (24, 13), (15, 19), (23, 24)]","[22, 7, 25, 2, 19, 1, 9, 23, 12, 8, 26, 10, 20]","[(9, 5), (17, 16), (11, 12), (8, 7), (16, 18), (24, 13), (15, 19), (23, 24)]",scenario_047,20260371,13,8,0.24984377100669758,0.7501562289933024,results/batch_tradeoff_20260325_235335/scenario_runs/tradeoff_20260326_044121
optimized,single_p90_access_restore,,single,Single objective: p90_access_restore,Critical-access objective that shortens the time by which 90% of zones regain access.,critical_access:p90_access_restore,2164.573049,2758.0752189482796,782762.7543382938,0.23670736729026998,2599.4751830999994,0.39456199464194136,2164.573049,0.2916666666666667,1.0,0.45046634259139146,0.133,0.867,0.9,0.9,1,0,results/batch_tradeoff_20260325_235335/scenario_runs/tradeoff_20260326_044121/single_p90_access_restore_20260326_044426,results/batch_tradeoff_20260325_235335/scenario_runs/tradeoff_20260326_044121/single_p90_access_restore_20260326_044426/best,"[1, 22, 23, 20, 9, 26, 8, 12, 7, 10, 2, 25, 19, (15, 19), (23, 24), (11, 12), (24, 13), (9, 5), (17, 16), (16, 18), (8, 7)]","[1, 22, 23, 20, 9, 26, 8, 12, 7, 10, 2, 25, 19]","[(15, 19), (23, 24), (11, 12), (24, 13), (9, 5), (17, 16), (16, 18), (8, 7)]",scenario_047,20260371,13,8,0.24984377100669758,0.7501562289933024,results/batch_tradeoff_20260325_235335/scenario_runs/tradeoff_20260326_044121
optimized,weighted_gini_restore_l050,,weighted_sum,Weighted sum: triangle + 0.5 * equity:gini_restore,Weighted trade-off objective. triangle + 0.5 * equity:gini_restore.,weighted_sum,1.096768275964278,2410.5227048714446,1090415.6971085542,0.2897272940723439,2797.2882179999997,0.46424401103140045,2797.2882179999997,0.2916666666666667,1.0,0.3954825720012143,0.133,0.867,0.9,0.9,1,0,results/batch_tradeoff_20260325_235335/scenario_runs/tradeoff_20260326_044121/weighted_gini_restore_l050_20260326_044529,results/batch_tradeoff_20260325_235335/scenario_runs/tradeoff_20260326_044121/weighted_gini_restore_l050_20260326_044529/best,"[8, 9, 19, 7, 22, 26, 25, 10, 1, 12, 2, 20, 23, (15, 19), (8, 7), (23, 24), (17, 16), (16, 18), (24, 13), (11, 12), (9, 5)]","[8, 9, 19, 7, 22, 26, 25, 10, 1, 12, 2, 20, 23]","[(15, 19), (8, 7), (23, 24), (17, 16), (16, 18), (24, 13), (11, 12), (9, 5)]",scenario_047,20260371,13,8,0.24984377100669758,0.7501562289933024,results/batch_tradeoff_20260325_235335/scenario_runs/tradeoff_20260326_044121
optimized,guardrail_gini_restore,,guardrail,Guardrail on equity:gini_restore,Triangle minimization with a fairness guardrail. Guardrail on equity:gini_restore.,guardrail,2677.459423238363,2677.459423238363,1057668.1304694822,0.20608593438806078,2747.669491,0.26492192360790895,2747.669491,0.2916666666666667,1.0,0.28261599351203287,0.133,0.867,0.9,0.9,1,1,results/batch_tradeoff_20260325_235335/scenario_runs/tradeoff_20260326_044121/guardrail_gini_restore_20260326_044633,results/batch_tradeoff_20260325_235335/scenario_runs/tradeoff_20260326_044121/guardrail_gini_restore_20260326_044633/best,"[22, 8, 19, 23, 20, 26, 25, 2, 1, 10, 7, 12, 9, (24, 13), (9, 5), (15, 19), (8, 7), (17, 16), (16, 18), (23, 24), (11, 12)]","[22, 8, 19, 23, 20, 26, 25, 2, 1, 10, 7, 12, 9]","[(24, 13), (9, 5), (15, 19), (8, 7), (17, 16), (16, 18), (23, 24), (11, 12)]",scenario_047,20260371,13,8,0.24984377100669758,0.7501562289933024,results/batch_tradeoff_20260325_235335/scenario_runs/tradeoff_20260326_044121
optimized,weighted_maximin_time_avg_cri_l050,,weighted_sum,Weighted sum: triangle + 0.5 * equity:maximin_time_avg_cri_loss,Weighted trade-off objective. triangle + 0.5 * equity:maximin_time_avg_cri_loss.,weighted_sum,0.9825004072638486,3014.092150984607,2210428.1971944417,0.27289822318016976,3778.396791,0.4119719634079198,3778.396791,0.2916666666666667,1.0,0.3263442673566644,0.133,0.867,0.9,0.9,1,0,results/batch_tradeoff_20260325_235335/scenario_runs/tradeoff_20260326_044121/weighted_maximin_time_avg_cri_l050_20260326_044731,results/batch_tradeoff_20260325_235335/scenario_runs/tradeoff_20260326_044121/weighted_maximin_time_avg_cri_l050_20260326_044731/best,"[2, 23, 7, 9, 22, 26, 25, 12, 1, 8, 19, 20, 10, (24, 13), (23, 24), (9, 5), (17, 16), (11, 12), (15, 19), (16, 18), (8, 7)]","[2, 23, 7, 9, 22, 26, 25, 12, 1, 8, 19, 20, 10]","[(24, 13), (23, 24), (9, 5), (17, 16), (11, 12), (15, 19), (16, 18), (8, 7)]",scenario_047,20260371,13,8,0.24984377100669758,0.7501562289933024,results/batch_tradeoff_20260325_235335/scenario_runs/tradeoff_20260326_044121
optimized,baseline_reference,,baseline,Baseline sequence,Baseline repair sequence used as the reference point.,triangle,21868.876683584007,21868.876683584007,30033357.092958126,0.14702704743856376,17335.237490999996,0.18079673405564917,17335.237490999996,0.16666666666666666,1.0,0.2372360693939223,0.133,0.867,0.9,0.9,1,0,,results/batch_tradeoff_20260325_235335/scenario_runs/tradeoff_20260326_044834/reference,"[17, 33, 1, 27, 4, 30, 26, 16, 3, 32, 8, 31, (6, 5), (11, 12), (2, 1), (12, 11), (4, 11), (4, 5), (13, 12)]","[17, 33, 1, 27, 4, 30, 26, 16, 3, 32, 8, 31]","[(6, 5), (11, 12), (2, 1), (12, 11), (4, 11), (4, 5), (13, 12)]",scenario_048,20260372,12,7,0.12691642611542595,0.873083573884574,results/batch_tradeoff_20260325_235335/scenario_runs/tradeoff_20260326_044834
optimized,single_triangle,,single,Single objective: triangle,Pure efficiency objective that minimizes resilience-triangle loss.,triangle,4755.988433174244,4755.988433174244,6566421.467385686,0.23527137459082637,7964.0788649999995,0.5278175024834125,7964.0788649999995,0.16666666666666666,1.0,0.34294172789330696,0.133,0.867,0.9,0.9,1,1,results/batch_tradeoff_20260325_235335/scenario_runs/tradeoff_20260326_044834/single_triangle_20260326_044835,results/batch_tradeoff_20260325_235335/scenario_runs/tradeoff_20260326_044834/single_triangle_20260326_044835/best,"[1, 26, 27, 8, 33, 32, 4, 3, 30, 17, 16, 31, (4, 5), (4, 11), (13, 12), (11, 12), (12, 11), (2, 1), (6, 5)]","[1, 26, 27, 8, 33, 32, 4, 3, 30, 17, 16, 31]","[(4, 5), (4, 11), (13, 12), (11, 12), (12, 11), (2, 1), (6, 5)]",scenario_048,20260372,12,7,0.12691642611542595,0.873083573884574,results/batch_tradeoff_20260325_235335/scenario_runs/tradeoff_20260326_044834
optimized,single_gini_restore,,single,Single objective: gini_restore,Equity objective that reduces restoration-time inequality using Gini.,equity:gini_restore,0.09656376999899718,15679.716820113721,12605402.33031056,0.09656376999899718,12853.358833000002,0.2442663254127056,12853.358833000002,0.16666666666666666,1.0,0.22623119601697966,0.133,0.867,0.9,0.9,1,1,results/batch_tradeoff_20260325_235335/scenario_runs/tradeoff_20260326_044834/single_gini_restore_20260326_044934,results/batch_tradeoff_20260325_235335/scenario_runs/tradeoff_20260326_044834/single_gini_restore_20260326_044934/best,"[16, 32, 1, 27, 17, 26, 31, 30, 8, 4, 33, 3, (13, 12), (4, 5), (11, 12), (6, 5), (2, 1), (12, 11), (4, 11)]","[16, 32, 1, 27, 17, 26, 31, 30, 8, 4, 33, 3]","[(13, 12), (4, 5), (11, 12), (6, 5), (2, 1), (12, 11), (4, 11)]",scenario_048,20260372,12,7,0.12691642611542595,0.873083573884574,results/batch_tradeoff_20260325_235335/scenario_runs/tradeoff_20260326_044834
optimized,single_maximin_time_avg_cri,,single,Single objective: maximize minimum time-avg CRI,Equity via maximin: improve the worst-served zone by maximizing the minimum time-averaged CRI.,equity:maximin_time_avg_cri_loss,0.597156859884489,13349.618444323054,27773548.63886793,0.190632977958632,16216.509074000001,0.402843140115511,16216.509074000001,0.16666666666666666,1.0,0.3088553548538943,0.133,0.867,0.9,0.9,1,0,results/batch_tradeoff_20260325_235335/scenario_runs/tradeoff_20260326_044834/single_maximin_time_avg_cri_20260326_045033,results/batch_tradeoff_20260325_235335/scenario_runs/tradeoff_20260326_044834/single_maximin_time_avg_cri_20260326_045033/best,"[3, 30, 27, 4, 32, 26, 33, 1, 17, 8, 31, 16, (2, 1), (4, 5), (6, 5), (13, 12), (11, 12), (4, 11), (12, 11)]","[3, 30, 27, 4, 32, 26, 33, 1, 17, 8, 31, 16]","[(2, 1), (4, 5), (6, 5), (13, 12), (11, 12), (4, 11), (12, 11)]",scenario_048,20260372,12,7,0.12691642611542595,0.873083573884574,results/batch_tradeoff_20260325_235335/scenario_runs/tradeoff_20260326_044834
optimized,single_p90_access_restore,,single,Single objective: p90_access_restore,Critical-access objective that shortens the time by which 90% of zones regain access.,critical_access:p90_access_restore,7964.333138000001,9028.62878054095,5937279.152964772,0.1401771903561273,7964.333138000001,0.4177845975371263,7964.333138000001,0.16666666666666666,1.0,0.4081486504266651,0.133,0.867,0.9,0.9,1,0,results/batch_tradeoff_20260325_235335/scenario_runs/tradeoff_20260326_044834/single_p90_access_restore_20260326_045132,results/batch_tradeoff_20260325_235335/scenario_runs/tradeoff_20260326_044834/single_p90_access_restore_20260326_045132/best,"[1, 27, 31, 4, 26, 17, 16, 8, 3, 32, 30, 33, (4, 11), (13, 12), (11, 12), (6, 5), (12, 11), (4, 5), (2, 1)]","[1, 27, 31, 4, 26, 17, 16, 8, 3, 32, 30, 33]","[(4, 11), (13, 12), (11, 12), (6, 5), (12, 11), (4, 5), (2, 1)]",scenario_048,20260372,12,7,0.12691642611542595,0.873083573884574,results/batch_tradeoff_20260325_235335/scenario_runs/tradeoff_20260326_044834
optimized,weighted_gini_restore_l050,,weighted_sum,Weighted sum: triangle + 0.5 * equity:gini_restore,Weighted trade-off objective. triangle + 0.5 * equity:gini_restore.,weighted_sum,0.9759964616851324,12408.922793777952,14906947.7638553,0.12014244157657217,12786.909965,0.28349770424918863,12786.909965,0.16666666666666666,1.0,0.2746584537485115,0.133,0.867,0.9,0.9,1,1,results/batch_tradeoff_20260325_235335/scenario_runs/tradeoff_20260326_044834/weighted_gini_restore_l050_20260326_045232,results/batch_tradeoff_20260325_235335/scenario_runs/tradeoff_20260326_044834/weighted_gini_restore_l050_20260326_045232/best,"[32, 30, 4, 26, 27, 33, 31, 8, 1, 16, 3, 17, (2, 1), (11, 12), (12, 11), (4, 5), (4, 11), (6, 5), (13, 12)]","[32, 30, 4, 26, 27, 33, 31, 8, 1, 16, 3, 17]","[(2, 1), (11, 12), (12, 11), (4, 5), (4, 11), (6, 5), (13, 12)]",scenario_048,20260372,12,7,0.12691642611542595,0.873083573884574,results/batch_tradeoff_20260325_235335/scenario_runs/tradeoff_20260326_044834
optimized,guardrail_gini_restore,,guardrail,Guardrail on equity:gini_restore,Triangle minimization with a fairness guardrail. Guardrail on equity:gini_restore.,guardrail,8818.93143572804,8818.93143572804,5319111.234297535,0.12755779831902725,7984.9979109999995,0.1779284050193473,7984.9979109999995,0.16666666666666666,1.0,0.22015864309055377,0.133,0.867,0.9,0.9,1,1,results/batch_tradeoff_20260325_235335/scenario_runs/tradeoff_20260326_044834/guardrail_gini_restore_20260326_045330,results/batch_tradeoff_20260325_235335/scenario_runs/tradeoff_20260326_044834/guardrail_gini_restore_20260326_045330/best,"[1, 8, 3, 32, 33, 27, 17, 26, 16, 4, 30, 31, (12, 11), (11, 12), (6, 5), (2, 1), (13, 12), (4, 5), (4, 11)]","[1, 8, 3, 32, 33, 27, 17, 26, 16, 4, 30, 31]","[(12, 11), (11, 12), (6, 5), (2, 1), (13, 12), (4, 5), (4, 11)]",scenario_048,20260372,12,7,0.12691642611542595,0.873083573884574,results/batch_tradeoff_20260325_235335/scenario_runs/tradeoff_20260326_044834
optimized,weighted_maximin_time_avg_cri_l050,,weighted_sum,Weighted sum: triangle + 0.5 * equity:maximin_time_avg_cri_loss,Weighted trade-off objective. triangle + 0.5 * equity:maximin_time_avg_cri_loss.,weighted_sum,0.7671482763555463,9228.861206394733,5755967.163969486,0.12834560148922436,7929.597189,0.4345214372867592,7929.597189,0.16666666666666666,1.0,0.48788580814026616,0.133,0.867,0.9,0.9,1,0,results/batch_tradeoff_20260325_235335/scenario_runs/tradeoff_20260326_044834/weighted_maximin_time_avg_cri_l050_20260326_045431,results/batch_tradeoff_20260325_235335/scenario_runs/tradeoff_20260326_044834/weighted_maximin_time_avg_cri_l050_20260326_045431/best,"[31, 1, 27, 32, 33, 16, 30, 17, 4, 3, 26, 8, (4, 11), (6, 5), (12, 11), (11, 12), (4, 5), (13, 12), (2, 1)]","[31, 1, 27, 32, 33, 16, 30, 17, 4, 3, 26, 8]","[(4, 11), (6, 5), (12, 11), (11, 12), (4, 5), (13, 12), (2, 1)]",scenario_048,20260372,12,7,0.12691642611542595,0.873083573884574,results/batch_tradeoff_20260325_235335/scenario_runs/tradeoff_20260326_044834
optimized,baseline_reference,,baseline,Baseline sequence,Baseline repair sequence used as the reference point.,triangle,2855.976236997601,2855.976236997601,1117504.5536733642,0.23160377682675848,3107.041926,0.28819454863886956,3107.041926,0.16666666666666666,1.0,0.27840451451957654,0.133,0.867,0.9,0.9,1,0,,results/batch_tradeoff_20260325_235335/scenario_runs/tradeoff_20260326_045534/reference,"[17, 25, 10, 11, 22, 15, 5, 31, (12, 3), (10, 9), (13, 12), (8, 6), (15, 19), (23, 22), (3, 4), (5, 9)]","[17, 25, 10, 11, 22, 15, 5, 31]","[(12, 3), (10, 9), (13, 12), (8, 6), (15, 19), (23, 22), (3, 4), (5, 9)]",scenario_049,20260373,8,8,0.23265476907578428,0.7673452309242157,results/batch_tradeoff_20260325_235335/scenario_runs/tradeoff_20260326_045534
optimized,single_triangle,,single,Single objective: triangle,Pure efficiency objective that minimizes resilience-triangle loss.,triangle,1464.5944394716837,1464.5944394716837,1323173.290150481,0.34913057156388416,2746.980794,0.5902827301559328,2746.980794,0.16666666666666666,1.0,0.3812080318461812,0.133,0.867,0.9,0.9,1,0,results/batch_tradeoff_20260325_235335/scenario_runs/tradeoff_20260326_045534/single_triangle_20260326_045535,results/batch_tradeoff_20260325_235335/scenario_runs/tradeoff_20260326_045534/single_triangle_20260326_045535/best,"[15, 31, 5, 25, 11, 22, 10, 17, (13, 12), (3, 4), (8, 6), (10, 9), (15, 19), (23, 22), (5, 9), (12, 3)]","[15, 31, 5, 25, 11, 22, 10, 17]","[(13, 12), (3, 4), (8, 6), (10, 9), (15, 19), (23, 22), (5, 9), (12, 3)]",scenario_049,20260373,8,8,0.23265476907578428,0.7673452309242157,results/batch_tradeoff_20260325_235335/scenario_runs/tradeoff_20260326_045534
optimized,single_gini_restore,,single,Single objective: gini_restore,Equity objective that reduces restoration-time inequality using Gini.,equity:gini_restore,0.15793142501713553,2371.213966194341,475945.6851880892,0.15793142501713553,2208.485585,0.1579691949416979,2208.485585,0.16666666666666666,1.0,0.21637410298816448,0.133,0.867,0.9,0.9,1,0,results/batch_tradeoff_20260325_235335/scenario_runs/tradeoff_20260326_045534/single_gini_restore_20260326_045619,results/batch_tradeoff_20260325_235335/scenario_runs/tradeoff_20260326_045534/single_gini_restore_20260326_045619/best,"[31, 17, 22, 15, 11, 10, 25, 5, (5, 9), (12, 3), (15, 19), (8, 6), (3, 4), (23, 22), (10, 9), (13, 12)]","[31, 17, 22, 15, 11, 10, 25, 5]","[(5, 9), (12, 3), (15, 19), (8, 6), (3, 4), (23, 22), (10, 9), (13, 12)]",scenario_049,20260373,8,8,0.23265476907578428,0.7673452309242157,results/batch_tradeoff_20260325_235335/scenario_runs/tradeoff_20260326_045534
optimized,single_maximin_time_avg_cri,,single,Single objective: maximize minimum time-avg CRI,Equity via maximin: improve the worst-served zone by maximizing the minimum time-averaged CRI.,equity:maximin_time_avg_cri_loss,0.4573626996438577,1525.52137747573,440875.0504871867,0.2563303990968646,2171.5250969999997,0.5426373003561423,2171.5250969999997,0.16666666666666666,1.0,0.3696807331518797,0.133,0.867,0.9,0.9,1,0,results/batch_tradeoff_20260325_235335/scenario_runs/tradeoff_20260326_045534/single_maximin_time_avg_cri_20260326_045702,results/batch_tradeoff_20260325_235335/scenario_runs/tradeoff_20260326_045534/single_maximin_time_avg_cri_20260326_045702/best,"[31, 11, 5, 22, 10, 15, 17, 25, (13, 12), (15, 19), (23, 22), (5, 9), (3, 4), (12, 3), (8, 6), (10, 9)]","[31, 11, 5, 22, 10, 15, 17, 25]","[(13, 12), (15, 19), (23, 22), (5, 9), (3, 4), (12, 3), (8, 6), (10, 9)]",scenario_049,20260373,8,8,0.23265476907578428,0.7673452309242157,results/batch_tradeoff_20260325_235335/scenario_runs/tradeoff_20260326_045534
optimized,single_p90_access_restore,,single,Single objective: p90_access_restore,Critical-access objective that shortens the time by which 90% of zones regain access.,critical_access:p90_access_restore,1251.5926519999998,907.1689706758957,201452.58620379775,0.32401173774049585,1251.5926519999998,0.4457688869816659,1251.5926519999998,0.16666666666666666,1.0,0.41767778194951133,0.133,0.867,0.9,0.9,1,1,results/batch_tradeoff_20260325_235335/scenario_runs/tradeoff_20260326_045534/single_p90_access_restore_20260326_045746,results/batch_tradeoff_20260325_235335/scenario_runs/tradeoff_20260326_045534/single_p90_access_restore_20260326_045746/best,"[10, 11, 15, 31, 5, 22, 17, 25, (13, 12), (3, 4), (23, 22), (5, 9), (10, 9), (15, 19), (12, 3), (8, 6)]","[10, 11, 15, 31, 5, 22, 17, 25]","[(13, 12), (3, 4), (23, 22), (5, 9), (10, 9), (15, 19), (12, 3), (8, 6)]",scenario_049,20260373,8,8,0.23265476907578428,0.7673452309242157,results/batch_tradeoff_20260325_235335/scenario_runs/tradeoff_20260326_045534
optimized,weighted_gini_restore_l050,,weighted_sum,Weighted sum: triangle + 0.5 * equity:gini_restore,Weighted trade-off objective. triangle + 0.5 * equity:gini_restore.,weighted_sum,0.9503161009873168,1822.0281366085528,340127.873985677,0.14468091492311008,2007.5342219999998,0.34009857403020155,2007.5342219999998,0.16666666666666666,1.0,0.21113281487562108,0.133,0.867,0.9,0.9,1,1,results/batch_tradeoff_20260325_235335/scenario_runs/tradeoff_20260326_045534/weighted_gini_restore_l050_20260326_045833,results/batch_tradeoff_20260325_235335/scenario_runs/tradeoff_20260326_045534/weighted_gini_restore_l050_20260326_045833/best,"[10, 15, 31, 22, 17, 25, 5, 11, (15, 19), (23, 22), (12, 3), (8, 6), (5, 9), (10, 9), (3, 4), (13, 12)]","[10, 15, 31, 22, 17, 25, 5, 11]","[(15, 19), (23, 22), (12, 3), (8, 6), (5, 9), (10, 9), (3, 4), (13, 12)]",scenario_049,20260373,8,8,0.23265476907578428,0.7673452309242157,results/batch_tradeoff_20260325_235335/scenario_runs/tradeoff_20260326_045534
optimized,guardrail_gini_restore,,guardrail,Guardrail on equity:gini_restore,Triangle minimization with a fairness guardrail. Guardrail on equity:gini_restore.,guardrail,1025.3705337676668,1025.3705337676668,227371.86123446297,0.2186680761303088,1485.2091169999999,0.43736027278080364,1485.2091169999999,0.16666666666666666,1.0,0.32863961674697956,0.133,0.867,0.9,0.9,1,1,results/batch_tradeoff_20260325_235335/scenario_runs/tradeoff_20260326_045534/guardrail_gini_restore_20260326_045917,results/batch_tradeoff_20260325_235335/scenario_runs/tradeoff_20260326_045534/guardrail_gini_restore_20260326_045917/best,"[15, 11, 10, 31, 22, 5, 25, 17, (8, 6), (13, 12), (12, 3), (15, 19), (23, 22), (10, 9), (5, 9), (3, 4)]","[15, 11, 10, 31, 22, 5, 25, 17]","[(8, 6), (13, 12), (12, 3), (15, 19), (23, 22), (10, 9), (5, 9), (3, 4)]",scenario_049,20260373,8,8,0.23265476907578428,0.7673452309242157,results/batch_tradeoff_20260325_235335/scenario_runs/tradeoff_20260326_045534
optimized,weighted_maximin_time_avg_cri_l050,,weighted_sum,Weighted sum: triangle + 0.5 * equity:maximin_time_avg_cri_loss,Weighted trade-off objective. triangle + 0.5 * equity:maximin_time_avg_cri_loss.,weighted_sum,0.9473675169489553,1528.4269688212923,759576.9420498979,0.31138092093398884,2042.470534,0.4131882127714513,2042.470534,0.16666666666666666,1.0,0.29923007408650987,0.133,0.867,0.9,0.9,1,0,results/batch_tradeoff_20260325_235335/scenario_runs/tradeoff_20260326_045534/weighted_maximin_time_avg_cri_l050_20260326_050002,results/batch_tradeoff_20260325_235335/scenario_runs/tradeoff_20260326_045534/weighted_maximin_time_avg_cri_l050_20260326_050002/best,"[5, 22, 25, 17, 31, 10, 15, 11, (13, 12), (3, 4), (12, 3), (8, 6), (23, 22), (5, 9), (10, 9), (15, 19)]","[5, 22, 25, 17, 31, 10, 15, 11]","[(13, 12), (3, 4), (12, 3), (8, 6), (23, 22), (5, 9), (10, 9), (15, 19)]",scenario_049,20260373,8,8,0.23265476907578428,0.7673452309242157,results/batch_tradeoff_20260325_235335/scenario_runs/tradeoff_20260326_045534
optimized,baseline_reference,,baseline,Baseline sequence,Baseline repair sequence used as the reference point.,triangle,3021.5994535561545,3021.5994535561545,594187.7483444117,0.16962778139822854,2289.899129,0.11050900249787861,2289.899129,0.16666666666666666,1.0,0.2514558058654702,0.133,0.867,0.9,0.9,1,0,,results/batch_tradeoff_20260325_235335/scenario_runs/tradeoff_20260326_050046/reference,"[23, 11, 6, 4, 32, 24, 18, 21, 27, 13, 12, 15, 5, (9, 8), (20, 18), (19, 15), (23, 14), (5, 4), (4, 3), (22, 20), (11, 10), (16, 17), (18, 7), (17, 10), (22, 21), (20, 22)]","[23, 11, 6, 4, 32, 24, 18, 21, 27, 13, 12, 15, 5]","[(9, 8), (20, 18), (19, 15), (23, 14), (5, 4), (4, 3), (22, 20), (11, 10), (16, 17), (18, 7), (17, 10), (22, 21), (20, 22)]",scenario_050,20260374,13,13,0.3055459072498926,0.6944540927501073,results/batch_tradeoff_20260325_235335/scenario_runs/tradeoff_20260326_050046
optimized,single_triangle,,single,Single objective: triangle,Pure efficiency objective that minimizes resilience-triangle loss.,triangle,2036.3666118050915,2036.3666118050915,527419.9181120394,0.21778096963935245,2255.581768,0.38648095241156466,2157.3910737999995,0.16666666666666666,1.0,0.3767593309767345,0.133,0.867,0.9,0.9,1,1,results/batch_tradeoff_20260325_235335/scenario_runs/tradeoff_20260326_050046/single_triangle_20260326_050047,results/batch_tradeoff_20260325_235335/scenario_runs/tradeoff_20260326_050046/single_triangle_20260326_050047/best,"[21, 5, 6, 4, 27, 24, 18, 23, 12, 13, 11, 15, 32, (4, 3), (19, 15), (11, 10), (22, 21), (5, 4), (17, 10), (16, 17), (20, 18), (9, 8), (18, 7), (22, 20), (23, 14), (20, 22)]","[21, 5, 6, 4, 27, 24, 18, 23, 12, 13, 11, 15, 32]","[(4, 3), (19, 15), (11, 10), (22, 21), (5, 4), (17, 10), (16, 17), (20, 18), (9, 8), (18, 7), (22, 20), (23, 14), (20, 22)]",scenario_050,20260374,13,13,0.3055459072498926,0.6944540927501073,results/batch_tradeoff_20260325_235335/scenario_runs/tradeoff_20260326_050046
optimized,single_gini_restore,,single,Single objective: gini_restore,Equity objective that reduces restoration-time inequality using Gini.,equity:gini_restore,0.16962778139822854,3021.5994535561545,594187.7483444117,0.16962778139822854,2289.899129,0.11050900249787861,2289.899129,0.16666666666666666,1.0,0.2514558058654702,0.133,0.867,0.9,0.9,1,0,results/batch_tradeoff_20260325_235335/scenario_runs/tradeoff_20260326_050046/single_gini_restore_20260326_050158,results/batch_tradeoff_20260325_235335/scenario_runs/tradeoff_20260326_050046/single_gini_restore_20260326_050158/best,"[23, 11, 6, 4, 32, 24, 18, 21, 27, 13, 12, 15, 5, (9, 8), (20, 18), (19, 15), (23, 14), (5, 4), (4, 3), (22, 20), (11, 10), (16, 17), (18, 7), (17, 10), (22, 21), (20, 22)]","[23, 11, 6, 4, 32, 24, 18, 21, 27, 13, 12, 15, 5]","[(9, 8), (20, 18), (19, 15), (23, 14), (5, 4), (4, 3), (22, 20), (11, 10), (16, 17), (18, 7), (17, 10), (22, 21), (20, 22)]",scenario_050,20260374,13,13,0.3055459072498926,0.6944540927501073,results/batch_tradeoff_20260325_235335/scenario_runs/tradeoff_20260326_050046
optimized,single_maximin_time_avg_cri,,single,Single objective: maximize minimum time-avg CRI,Equity via maximin: improve the worst-served zone by maximizing the minimum time-averaged CRI.,equity:maximin_time_avg_cri_loss,0.6443190597092798,2775.8684968584294,1103904.9977792276,0.24914085946114062,3159.7907709999995,0.35568094029072017,3159.7907709999995,0.16666666666666666,1.0,0.3215783025469399,0.133,0.867,0.9,0.9,1,0,results/batch_tradeoff_20260325_235335/scenario_runs/tradeoff_20260326_050046/single_maximin_time_avg_cri_20260326_050314,results/batch_tradeoff_20260325_235335/scenario_runs/tradeoff_20260326_050046/single_maximin_time_avg_cri_20260326_050314/best,"[27, 21, 18, 15, 11, 23, 12, 13, 5, 24, 4, 6, 32, (5, 4), (11, 10), (19, 15), (18, 7), (4, 3), (20, 22), (9, 8), (20, 18), (22, 20), (17, 10), (16, 17), (23, 14), (22, 21)]","[27, 21, 18, 15, 11, 23, 12, 13, 5, 24, 4, 6, 32]","[(5, 4), (11, 10), (19, 15), (18, 7), (4, 3), (20, 22), (9, 8), (20, 18), (22, 20), (17, 10), (16, 17), (23, 14), (22, 21)]",scenario_050,20260374,13,13,0.3055459072498926,0.6944540927501073,results/batch_tradeoff_20260325_235335/scenario_runs/tradeoff_20260326_050046
optimized,single_p90_access_restore,,single,Single objective: p90_access_restore,Critical-access objective that shortens the time by which 90% of zones regain access.,critical_access:p90_access_restore,1866.0034140000002,2475.954420529283,446493.7731917132,0.19464317532496112,2188.356603,0.32495648599363025,1866.0034140000002,0.16666666666666666,1.0,0.3580053169965592,0.133,0.867,0.9,0.9,1,1,results/batch_tradeoff_20260325_235335/scenario_runs/tradeoff_20260326_050046/single_p90_access_restore_20260326_050426,results/batch_tradeoff_20260325_235335/scenario_runs/tradeoff_20260326_050046/single_p90_access_restore_20260326_050426/best,"[13, 21, 6, 4, 15, 12, 18, 23, 5, 27, 11, 24, 32, (20, 22), (22, 21), (22, 20), (20, 18), (5, 4), (4, 3), (17, 10), (11, 10), (19, 15), (18, 7), (9, 8), (16, 17), (23, 14)]","[13, 21, 6, 4, 15, 12, 18, 23, 5, 27, 11, 24, 32]","[(20, 22), (22, 21), (22, 20), (20, 18), (5, 4), (4, 3), (17, 10), (11, 10), (19, 15), (18, 7), (9, 8), (16, 17), (23, 14)]",scenario_050,20260374,13,13,0.3055459072498926,0.6944540927501073,results/batch_tradeoff_20260325_235335/scenario_runs/tradeoff_20260326_050046
optimized,weighted_gini_restore_l050,,weighted_sum,Weighted sum: triangle + 0.5 * equity:gini_restore,Weighted trade-off objective. triangle + 0.5 * equity:gini_restore.,weighted_sum,1.3281662624502917,2733.3472633449796,605214.9179136384,0.14369626788686274,2367.554503,0.2519025015924858,2367.554503,0.16666666666666666,1.0,0.3204573631637857,0.133,0.867,0.9,0.9,1,1,results/batch_tradeoff_20260325_235335/scenario_runs/tradeoff_20260326_050046/weighted_gini_restore_l050_20260326_050539,results/batch_tradeoff_20260325_235335/scenario_runs/tradeoff_20260326_050046/weighted_gini_restore_l050_20260326_050539/best,"[15, 27, 5, 24, 11, 12, 23, 13, 32, 6, 21, 18, 4, (22, 21), (11, 10), (20, 22), (16, 17), (23, 14), (19, 15), (4, 3), (5, 4), (9, 8), (18, 7), (22, 20), (20, 18), (17, 10)]","[15, 27, 5, 24, 11, 12, 23, 13, 32, 6, 21, 18, 4]","[(22, 21), (11, 10), (20, 22), (16, 17), (23, 14), (19, 15), (4, 3), (5, 4), (9, 8), (18, 7), (22, 20), (20, 18), (17, 10)]",scenario_050,20260374,13,13,0.3055459072498926,0.6944540927501073,results/batch_tradeoff_20260325_235335/scenario_runs/tradeoff_20260326_050046
optimized,guardrail_gini_restore,,guardrail,Guardrail on equity:gini_restore,Triangle minimization with a fairness guardrail. Guardrail on equity:gini_restore.,guardrail,2520.4848280356205,2520.4848280356205,442273.35405425046,0.15991237972402006,1968.1112519999997,0.10302236882706871,1968.1112519999997,0.16666666666666666,1.0,0.23476749158470167,0.133,0.867,0.9,0.9,1,1,results/batch_tradeoff_20260325_235335/scenario_runs/tradeoff_20260326_050046/guardrail_gini_restore_20260326_050652,results/batch_tradeoff_20260325_235335/scenario_runs/tradeoff_20260326_050046/guardrail_gini_restore_20260326_050652/best,"[13, 32, 6, 4, 23, 24, 15, 12, 11, 21, 27, 18, 5, (23, 14), (19, 15), (20, 18), (9, 8), (5, 4), (4, 3), (17, 10), (11, 10), (16, 17), (18, 7), (20, 22), (22, 21), (22, 20)]","[13, 32, 6, 4, 23, 24, 15, 12, 11, 21, 27, 18, 5]","[(23, 14), (19, 15), (20, 18), (9, 8), (5, 4), (4, 3), (17, 10), (11, 10), (16, 17), (18, 7), (20, 22), (22, 21), (22, 20)]",scenario_050,20260374,13,13,0.3055459072498926,0.6944540927501073,results/batch_tradeoff_20260325_235335/scenario_runs/tradeoff_20260326_050046
optimized,weighted_maximin_time_avg_cri_l050,,weighted_sum,Weighted sum: triangle + 0.5 * equity:maximin_time_avg_cri_loss,Weighted trade-off objective. triangle + 0.5 * equity:maximin_time_avg_cri_loss.,weighted_sum,1.2623554996904458,2649.13485979698,771005.6042725121,0.21176434086460216,2748.4497800000004,0.31398387213259543,2748.4497800000004,0.16666666666666666,1.0,0.3099172373574654,0.133,0.867,0.9,0.9,1,0,results/batch_tradeoff_20260325_235335/scenario_runs/tradeoff_20260326_050046/weighted_maximin_time_avg_cri_l050_20260326_050805,results/batch_tradeoff_20260325_235335/scenario_runs/tradeoff_20260326_050046/weighted_maximin_time_avg_cri_l050_20260326_050805/best,"[12, 27, 23, 15, 11, 21, 6, 4, 18, 13, 5, 24, 32, (5, 4), (20, 18), (20, 22), (11, 10), (22, 20), (9, 8), (16, 17), (17, 10), (19, 15), (4, 3), (23, 14), (18, 7), (22, 21)]","[12, 27, 23, 15, 11, 21, 6, 4, 18, 13, 5, 24, 32]","[(5, 4), (20, 18), (20, 22), (11, 10), (22, 20), (9, 8), (16, 17), (17, 10), (19, 15), (4, 3), (23, 14), (18, 7), (22, 21)]",scenario_050,20260374,13,13,0.3055459072498926,0.6944540927501073,results/batch_tradeoff_20260325_235335/scenario_runs/tradeoff_20260326_050046
optimized,baseline_reference,,baseline,Baseline sequence,Baseline repair sequence used as the reference point.,triangle,2581.1147526752407,2581.1147526752407,522079.325964052,0.14785707294705763,2454.5409509999995,0.2712797165452311,2454.5409509999995,0.20833333333333334,1.0,0.29098093949801584,0.133,0.867,0.9,0.9,1,0,,results/batch_tradeoff_20260325_235335/scenario_runs/tradeoff_20260326_050918/reference,"[30, 28, 16, 23, 10, 2, 18, 11, 26, 4, 27, 9, 6, 5, 33, (8, 9), (21, 22), (11, 12), (19, 17)]","[30, 28, 16, 23, 10, 2, 18, 11, 26, 4, 27, 9, 6, 5, 33]","[(8, 9), (21, 22), (11, 12), (19, 17)]",scenario_051,20260375,15,4,0.2900546667761762,0.7099453332238238,results/batch_tradeoff_20260325_235335/scenario_runs/tradeoff_20260326_050918
optimized,single_triangle,,single,Single objective: triangle,Pure efficiency objective that minimizes resilience-triangle loss.,triangle,1370.6576876627905,1370.6576876627905,155759.43707265003,0.1590935618348277,1386.8677500000001,0.29375282090597293,1386.8677500000001,0.20833333333333334,1.0,0.30978745750390885,0.133,0.867,0.9,0.9,1,1,results/batch_tradeoff_20260325_235335/scenario_runs/tradeoff_20260326_050918/single_triangle_20260326_050919,results/batch_tradeoff_20260325_235335/scenario_runs/tradeoff_20260326_050918/single_triangle_20260326_050919/best,"[18, 9, 33, 23, 10, 2, 11, 16, 30, 4, 6, 5, 26, 28, 27, (11, 12), (8, 9), (19, 17), (21, 22)]","[18, 9, 33, 23, 10, 2, 11, 16, 30, 4, 6, 5, 26, 28, 27]","[(11, 12), (8, 9), (19, 17), (21, 22)]",scenario_051,20260375,15,4,0.2900546667761762,0.7099453332238238,results/batch_tradeoff_20260325_235335/scenario_runs/tradeoff_20260326_050918
optimized,single_gini_restore,,single,Single objective: gini_restore,Equity objective that reduces restoration-time inequality using Gini.,equity:gini_restore,0.0759313906961201,2157.09610503247,162855.3373061382,0.0759313906961201,1906.1535829999998,0.24876085015486502,1906.1535829999998,0.20833333333333334,1.0,0.27001824706849975,0.133,0.867,0.9,0.9,1,1,results/batch_tradeoff_20260325_235335/scenario_runs/tradeoff_20260326_050918/single_gini_restore_20260326_051011,results/batch_tradeoff_20260325_235335/scenario_runs/tradeoff_20260326_050918/single_gini_restore_20260326_051011/best,"[30, 9, 10, 23, 26, 16, 2, 11, 18, 6, 27, 28, 4, 33, 5, (21, 22), (19, 17), (8, 9), (11, 12)]","[30, 9, 10, 23, 26, 16, 2, 11, 18, 6, 27, 28, 4, 33, 5]","[(21, 22), (19, 17), (8, 9), (11, 12)]",scenario_051,20260375,15,4,0.2900546667761762,0.7099453332238238,results/batch_tradeoff_20260325_235335/scenario_runs/tradeoff_20260326_050918
optimized,single_maximin_time_avg_cri,,single,Single objective: maximize minimum time-avg CRI,Equity via maximin: improve the worst-served zone by maximizing the minimum time-averaged CRI.,equity:maximin_time_avg_cri_loss,0.6337506569016592,2385.737879656303,413466.7313003249,0.15311377203509946,2518.2434110000004,0.3662493430983408,2518.2434110000004,0.20833333333333334,1.0,0.3249361028342361,0.133,0.867,0.9,0.9,1,0,results/batch_tradeoff_20260325_235335/scenario_runs/tradeoff_20260326_050918/single_maximin_time_avg_cri_20260326_051107,results/batch_tradeoff_20260325_235335/scenario_runs/tradeoff_20260326_050918/single_maximin_time_avg_cri_20260326_051107/best,"[5, 9, 26, 33, 10, 6, 18, 4, 2, 30, 23, 11, 27, 16, 28, (8, 9), (19, 17), (21, 22), (11, 12)]","[5, 9, 26, 33, 10, 6, 18, 4, 2, 30, 23, 11, 27, 16, 28]","[(8, 9), (19, 17), (21, 22), (11, 12)]",scenario_051,20260375,15,4,0.2900546667761762,0.7099453332238238,results/batch_tradeoff_20260325_235335/scenario_runs/tradeoff_20260326_050918
optimized,single_p90_access_restore,,single,Single objective: p90_access_restore,Critical-access objective that shortens the time by which 90% of zones regain access.,critical_access:p90_access_restore,1387.4576480000003,1527.7239824875614,153594.5445773175,0.14159314064319517,1387.4576480000003,0.227816963930827,1387.4576480000003,0.20833333333333334,1.0,0.30016877651509166,0.133,0.867,0.9,0.9,1,0,results/batch_tradeoff_20260325_235335/scenario_runs/tradeoff_20260326_050918/single_p90_access_restore_20260326_051159,results/batch_tradeoff_20260325_235335/scenario_runs/tradeoff_20260326_050918/single_p90_access_restore_20260326_051159/best,"[18, 30, 26, 6, 10, 16, 2, 11, 33, 4, 27, 5, 23, 9, 28, (11, 12), (8, 9), (19, 17), (21, 22)]","[18, 30, 26, 6, 10, 16, 2, 11, 33, 4, 27, 5, 23, 9, 28]","[(11, 12), (8, 9), (19, 17), (21, 22)]",scenario_051,20260375,15,4,0.2900546667761762,0.7099453332238238,results/batch_tradeoff_20260325_235335/scenario_runs/tradeoff_20260326_050918
optimized,weighted_gini_restore_l050,,weighted_sum,Weighted sum: triangle + 0.5 * equity:gini_restore,Weighted trade-off objective. triangle + 0.5 * equity:gini_restore.,weighted_sum,0.9116064298735671,1594.9177923353557,103064.2119320773,0.08684776286827689,1444.3750799999998,0.25425550729614815,1444.3750799999998,0.20833333333333334,1.0,0.27754894620239506,0.133,0.867,0.9,0.9,1,1,results/batch_tradeoff_20260325_235335/scenario_runs/tradeoff_20260326_050918/weighted_gini_restore_l050_20260326_051255,results/batch_tradeoff_20260325_235335/scenario_runs/tradeoff_20260326_050918/weighted_gini_restore_l050_20260326_051255/best,"[30, 9, 26, 23, 10, 16, 2, 11, 18, 6, 27, 28, 4, 33, 5, (8, 9), (11, 12), (19, 17), (21, 22)]","[30, 9, 26, 23, 10, 16, 2, 11, 18, 6, 27, 28, 4, 33, 5]","[(8, 9), (11, 12), (19, 17), (21, 22)]",scenario_051,20260375,15,4,0.2900546667761762,0.7099453332238238,results/batch_tradeoff_20260325_235335/scenario_runs/tradeoff_20260326_050918
optimized,guardrail_gini_restore,,guardrail,Guardrail on equity:gini_restore,Triangle minimization with a fairness guardrail. Guardrail on equity:gini_restore.,guardrail,1431.9298706973002,1431.9298706973002,89252.38853989074,0.09357557184831489,1359.7405039999999,0.2845136557988721,1359.7405039999999,0.20833333333333334,1.0,0.30895574426211747,0.133,0.867,0.9,0.9,1,1,results/batch_tradeoff_20260325_235335/scenario_runs/tradeoff_20260326_050918/guardrail_gini_restore_20260326_051348,results/batch_tradeoff_20260325_235335/scenario_runs/tradeoff_20260326_050918/guardrail_gini_restore_20260326_051348/best,"[27, 9, 5, 23, 10, 2, 26, 11, 16, 4, 33, 28, 6, 18, 30, (11, 12), (8, 9), (19, 17), (21, 22)]","[27, 9, 5, 23, 10, 2, 26, 11, 16, 4, 33, 28, 6, 18, 30]","[(11, 12), (8, 9), (19, 17), (21, 22)]",scenario_051,20260375,15,4,0.2900546667761762,0.7099453332238238,results/batch_tradeoff_20260325_235335/scenario_runs/tradeoff_20260326_050918
optimized,weighted_maximin_time_avg_cri_l050,,weighted_sum,Weighted sum: triangle + 0.5 * equity:maximin_time_avg_cri_loss,Weighted trade-off objective. triangle + 0.5 * equity:maximin_time_avg_cri_loss.,weighted_sum,1.0943698669023685,1730.160787808301,452596.43916908227,0.19733551188238518,2103.3964049999995,0.38196571567576815,2103.3964049999995,0.20833333333333334,1.0,0.31429156746371834,0.133,0.867,0.9,0.9,1,0,results/batch_tradeoff_20260325_235335/scenario_runs/tradeoff_20260326_050918/weighted_maximin_time_avg_cri_l050_20260326_051443,results/batch_tradeoff_20260325_235335/scenario_runs/tradeoff_20260326_050918/weighted_maximin_time_avg_cri_l050_20260326_051443/best,"[5, 23, 33, 4, 28, 26, 2, 30, 18, 6, 27, 16, 11, 9, 10, (11, 12), (21, 22), (19, 17), (8, 9)]","[5, 23, 33, 4, 28, 26, 2, 30, 18, 6, 27, 16, 11, 9, 10]","[(11, 12), (21, 22), (19, 17), (8, 9)]",scenario_051,20260375,15,4,0.2900546667761762,0.7099453332238238,results/batch_tradeoff_20260325_235335/scenario_runs/tradeoff_20260326_050918
optimized,baseline_reference,,baseline,Baseline sequence,Baseline repair sequence used as the reference point.,triangle,1925.4515636169397,1925.4515636169397,422952.15983082796,0.2311881192997951,2104.327484,0.38366705389868966,2104.327484,0.16666666666666666,1.0,0.2841759027552259,0.133,0.867,0.9,0.9,1,0,,results/batch_tradeoff_20260325_235335/scenario_runs/tradeoff_20260326_051535/reference,"[9, 26, 32, 18, 7, 10, 5, 13, 15, (4, 3), (10, 9), (4, 11), (14, 23), (16, 17), (17, 16), (20, 21), (13, 12), (13, 24), (3, 4)]","[9, 26, 32, 18, 7, 10, 5, 13, 15]","[(4, 3), (10, 9), (4, 11), (14, 23), (16, 17), (17, 16), (20, 21), (13, 12), (13, 24), (3, 4)]",scenario_052,20260376,9,10,0.25381898167149725,0.7461810183285028,results/batch_tradeoff_20260325_235335/scenario_runs/tradeoff_20260326_051535
optimized,single_triangle,,single,Single objective: triangle,Pure efficiency objective that minimizes resilience-triangle loss.,triangle,1221.0286400152415,1221.0286400152415,190512.3859421298,0.19325187844835212,1340.9986804,0.4653055383744102,1391.9674278,0.16666666666666666,1.0,0.2508128766664664,0.133,0.867,0.9,0.9,1,1,results/batch_tradeoff_20260325_235335/scenario_runs/tradeoff_20260326_051535/single_triangle_20260326_051536,results/batch_tradeoff_20260325_235335/scenario_runs/tradeoff_20260326_051535/single_triangle_20260326_051536/best,"[13, 5, 9, 18, 10, 15, 26, 7, 32, (13, 12), (20, 21), (13, 24), (14, 23), (16, 17), (17, 16), (3, 4), (4, 11), (10, 9), (4, 3)]","[13, 5, 9, 18, 10, 15, 26, 7, 32]","[(13, 12), (20, 21), (13, 24), (14, 23), (16, 17), (17, 16), (3, 4), (4, 11), (10, 9), (4, 3)]",scenario_052,20260376,9,10,0.25381898167149725,0.7461810183285028,results/batch_tradeoff_20260325_235335/scenario_runs/tradeoff_20260326_051535
optimized,single_gini_restore,,single,Single objective: gini_restore,Equity objective that reduces restoration-time inequality using Gini.,equity:gini_restore,0.1432621452163676,2306.4295815957844,486978.3576439018,0.1432621452163676,2103.138506,0.37043668101305505,2103.138506,0.16666666666666666,1.0,0.28809120275113204,0.133,0.867,0.9,0.9,1,1,results/batch_tradeoff_20260325_235335/scenario_runs/tradeoff_20260326_051535/single_gini_restore_20260326_051629,results/batch_tradeoff_20260325_235335/scenario_runs/tradeoff_20260326_051535/single_gini_restore_20260326_051629/best,"[7, 9, 26, 15, 13, 32, 18, 10, 5, (16, 17), (20, 21), (13, 12), (4, 3), (13, 24), (3, 4), (10, 9), (4, 11), (14, 23), (17, 16)]","[7, 9, 26, 15, 13, 32, 18, 10, 5]","[(16, 17), (20, 21), (13, 12), (4, 3), (13, 24), (3, 4), (10, 9), (4, 11), (14, 23), (17, 16)]",scenario_052,20260376,9,10,0.25381898167149725,0.7461810183285028,results/batch_tradeoff_20260325_235335/scenario_runs/tradeoff_20260326_051535
optimized,single_maximin_time_avg_cri,,single,Single objective: maximize minimum time-avg CRI,Equity via maximin: improve the worst-served zone by maximizing the minimum time-averaged CRI.,equity:maximin_time_avg_cri_loss,0.5044634454471802,1832.52227666421,579574.8315862336,0.24012020021407565,2486.631307,0.49553655455281975,2486.631307,0.16666666666666666,1.0,0.40740475426795286,0.133,0.867,0.9,0.9,1,0,results/batch_tradeoff_20260325_235335/scenario_runs/tradeoff_20260326_051535/single_maximin_time_avg_cri_20260326_051719,results/batch_tradeoff_20260325_235335/scenario_runs/tradeoff_20260326_051535/single_maximin_time_avg_cri_20260326_051719/best,"[15, 13, 5, 10, 9, 26, 32, 7, 18, (10, 9), (4, 11), (17, 16), (13, 12), (16, 17), (20, 21), (4, 3), (14, 23), (13, 24), (3, 4)]","[15, 13, 5, 10, 9, 26, 32, 7, 18]","[(10, 9), (4, 11), (17, 16), (13, 12), (16, 17), (20, 21), (4, 3), (14, 23), (13, 24), (3, 4)]",scenario_052,20260376,9,10,0.25381898167149725,0.7461810183285028,results/batch_tradeoff_20260325_235335/scenario_runs/tradeoff_20260326_051535
optimized,single_p90_access_restore,,single,Single objective: p90_access_restore,Critical-access objective that shortens the time by which 90% of zones regain access.,critical_access:p90_access_restore,1327.6445449999999,1344.0527873416654,211962.31110674542,0.25317334254987856,1466.8131160000003,0.4060306766478914,1327.6445449999999,0.16666666666666666,1.0,0.44904989441467524,0.133,0.867,0.9,0.9,1,0,results/batch_tradeoff_20260325_235335/scenario_runs/tradeoff_20260326_051535/single_p90_access_restore_20260326_051812,results/batch_tradeoff_20260325_235335/scenario_runs/tradeoff_20260326_051535/single_p90_access_restore_20260326_051812/best,"[7, 5, 9, 26, 10, 13, 15, 32, 18, (10, 9), (16, 17), (20, 21), (14, 23), (4, 3), (3, 4), (13, 12), (17, 16), (4, 11), (13, 24)]","[7, 5, 9, 26, 10, 13, 15, 32, 18]","[(10, 9), (16, 17), (20, 21), (14, 23), (4, 3), (3, 4), (13, 12), (17, 16), (4, 11), (13, 24)]",scenario_052,20260376,9,10,0.25381898167149725,0.7461810183285028,results/batch_tradeoff_20260325_235335/scenario_runs/tradeoff_20260326_051535
optimized,weighted_gini_restore_l050,,weighted_sum,Weighted sum: triangle + 0.5 * equity:gini_restore,Weighted trade-off objective. triangle + 0.5 * equity:gini_restore.,weighted_sum,1.1631835880547499,1362.0883774857311,269668.06933883985,0.21073775179757748,1591.5957087000002,0.45734208836721635,1693.7142600000002,0.16666666666666666,1.0,0.4063765345486543,0.133,0.867,0.9,0.9,1,0,results/batch_tradeoff_20260325_235335/scenario_runs/tradeoff_20260326_051535/weighted_gini_restore_l050_20260326_051901,results/batch_tradeoff_20260325_235335/scenario_runs/tradeoff_20260326_051535/weighted_gini_restore_l050_20260326_051901/best,"[7, 15, 10, 18, 32, 9, 5, 26, 13, (14, 23), (4, 11), (13, 24), (20, 21), (4, 3), (10, 9), (13, 12), (17, 16), (16, 17), (3, 4)]","[7, 15, 10, 18, 32, 9, 5, 26, 13]","[(14, 23), (4, 11), (13, 24), (20, 21), (4, 3), (10, 9), (13, 12), (17, 16), (16, 17), (3, 4)]",scenario_052,20260376,9,10,0.25381898167149725,0.7461810183285028,results/batch_tradeoff_20260325_235335/scenario_runs/tradeoff_20260326_051535
optimized,guardrail_gini_restore,,guardrail,Guardrail on equity:gini_restore,Triangle minimization with a fairness guardrail. Guardrail on equity:gini_restore.,guardrail,1082.946643908482,1082.946643908482,149329.02269844405,0.20578462211858017,1271.072038,0.47059182761337043,1271.072038,0.16666666666666666,1.0,0.31448231647486424,0.133,0.867,0.9,0.9,1,1,results/batch_tradeoff_20260325_235335/scenario_runs/tradeoff_20260326_051535/guardrail_gini_restore_20260326_051951,results/batch_tradeoff_20260325_235335/scenario_runs/tradeoff_20260326_051535/guardrail_gini_restore_20260326_051951/best,"[32, 9, 5, 18, 26, 7, 15, 10, 13, (13, 12), (4, 3), (20, 21), (17, 16), (16, 17), (10, 9), (13, 24), (14, 23), (4, 11), (3, 4)]","[32, 9, 5, 18, 26, 7, 15, 10, 13]","[(13, 12), (4, 3), (20, 21), (17, 16), (16, 17), (10, 9), (13, 24), (14, 23), (4, 11), (3, 4)]",scenario_052,20260376,9,10,0.25381898167149725,0.7461810183285028,results/batch_tradeoff_20260325_235335/scenario_runs/tradeoff_20260326_051535
optimized,weighted_maximin_time_avg_cri_l050,,weighted_sum,Weighted sum: triangle + 0.5 * equity:maximin_time_avg_cri_loss,Weighted trade-off objective. triangle + 0.5 * equity:maximin_time_avg_cri_loss.,weighted_sum,1.0442553838616817,1386.9089075013255,341643.27585192915,0.2709320912779718,2030.054423,0.60067518250732,2030.054423,0.16666666666666666,1.0,0.5080461771769154,0.133,0.867,0.9,0.9,1,0,results/batch_tradeoff_20260325_235335/scenario_runs/tradeoff_20260326_051535/weighted_maximin_time_avg_cri_l050_20260326_052044,results/batch_tradeoff_20260325_235335/scenario_runs/tradeoff_20260326_051535/weighted_maximin_time_avg_cri_l050_20260326_052044/best,"[15, 13, 18, 9, 5, 32, 26, 10, 7, (14, 23), (10, 9), (20, 21), (16, 17), (13, 12), (4, 11), (4, 3), (13, 24), (3, 4), (17, 16)]","[15, 13, 18, 9, 5, 32, 26, 10, 7]","[(14, 23), (10, 9), (20, 21), (16, 17), (13, 12), (4, 11), (4, 3), (13, 24), (3, 4), (17, 16)]",scenario_052,20260376,9,10,0.25381898167149725,0.7461810183285028,results/batch_tradeoff_20260325_235335/scenario_runs/tradeoff_20260326_051535
optimized,baseline_reference,,baseline,Baseline sequence,Baseline repair sequence used as the reference point.,triangle,1241.8460527685459,1241.8460527685459,284448.07520345825,0.2271575614633452,1329.147358,0.2015304541719203,1329.147358,0.2916666666666667,1.0,0.2817823398178849,0.133,0.867,0.9,0.9,1,0,,results/batch_tradeoff_20260325_235335/scenario_runs/tradeoff_20260326_052133/reference,"[27, 25, 8, 10, 15, 29, 26, 5, 33, 9, (15, 10), (22, 21), (9, 10), (20, 22), (11, 12), (23, 24)]","[27, 25, 8, 10, 15, 29, 26, 5, 33, 9]","[(15, 10), (22, 21), (9, 10), (20, 22), (11, 12), (23, 24)]",scenario_053,20260377,10,6,0.20124673142748525,0.7987532685725148,results/batch_tradeoff_20260325_235335/scenario_runs/tradeoff_20260326_052133
optimized,single_triangle,,single,Single objective: triangle,Pure efficiency objective that minimizes resilience-triangle loss.,triangle,977.0338654456315,977.0338654456315,180646.2583969696,0.2514903994510431,987.40481,0.22758922620297684,987.40481,0.2916666666666667,1.0,0.2748299071904123,0.133,0.867,0.9,0.9,1,0,results/batch_tradeoff_20260325_235335/scenario_runs/tradeoff_20260326_052133/single_triangle_20260326_052134,results/batch_tradeoff_20260325_235335/scenario_runs/tradeoff_20260326_052133/single_triangle_20260326_052134/best,"[15, 26, 27, 10, 25, 29, 8, 33, 5, 9, (11, 12), (23, 24), (20, 22), (9, 10), (15, 10), (22, 21)]","[15, 26, 27, 10, 25, 29, 8, 33, 5, 9]","[(11, 12), (23, 24), (20, 22), (9, 10), (15, 10), (22, 21)]",scenario_053,20260377,10,6,0.20124673142748525,0.7987532685725148,results/batch_tradeoff_20260325_235335/scenario_runs/tradeoff_20260326_052133
optimized,single_gini_restore,,single,Single objective: gini_restore,Equity objective that reduces restoration-time inequality using Gini.,equity:gini_restore,0.2271575614633452,1241.8460527685459,284448.07520345825,0.2271575614633452,1329.147358,0.2015304541719203,1329.147358,0.2916666666666667,1.0,0.2817823398178849,0.133,0.867,0.9,0.9,1,0,results/batch_tradeoff_20260325_235335/scenario_runs/tradeoff_20260326_052133/single_gini_restore_20260326_052223,results/batch_tradeoff_20260325_235335/scenario_runs/tradeoff_20260326_052133/single_gini_restore_20260326_052223/best,"[27, 25, 8, 10, 15, 29, 26, 5, 33, 9, (15, 10), (22, 21), (9, 10), (20, 22), (11, 12), (23, 24)]","[27, 25, 8, 10, 15, 29, 26, 5, 33, 9]","[(15, 10), (22, 21), (9, 10), (20, 22), (11, 12), (23, 24)]",scenario_053,20260377,10,6,0.20124673142748525,0.7987532685725148,results/batch_tradeoff_20260325_235335/scenario_runs/tradeoff_20260326_052133
optimized,single_maximin_time_avg_cri,,single,Single objective: maximize minimum time-avg CRI,Equity via maximin: improve the worst-served zone by maximizing the minimum time-averaged CRI.,equity:maximin_time_avg_cri_loss,0.5305379179003233,1826.2165930405047,869137.6163660452,0.32325353904518894,2303.249132,0.46946208209967666,2303.249132,0.2916666666666667,1.0,0.3683560771843012,0.133,0.867,0.9,0.9,1,0,results/batch_tradeoff_20260325_235335/scenario_runs/tradeoff_20260326_052133/single_maximin_time_avg_cri_20260326_052308,results/batch_tradeoff_20260325_235335/scenario_runs/tradeoff_20260326_052133/single_maximin_time_avg_cri_20260326_052308/best,"[8, 26, 15, 5, 27, 9, 10, 33, 25, 29, (11, 12), (9, 10), (23, 24), (20, 22), (15, 10), (22, 21)]","[8, 26, 15, 5, 27, 9, 10, 33, 25, 29]","[(11, 12), (9, 10), (23, 24), (20, 22), (15, 10), (22, 21)]",scenario_053,20260377,10,6,0.20124673142748525,0.7987532685725148,results/batch_tradeoff_20260325_235335/scenario_runs/tradeoff_20260326_052133
optimized,single_p90_access_restore,,single,Single objective: p90_access_restore,Critical-access objective that shortens the time by which 90% of zones regain access.,critical_access:p90_access_restore,864.5140469999999,913.5204131741853,122075.15905378213,0.22048981199470785,864.5140469999999,0.1767618968338128,864.5140469999999,0.2916666666666667,1.0,0.25137665172026985,0.133,0.867,0.9,0.9,1,1,results/batch_tradeoff_20260325_235335/scenario_runs/tradeoff_20260326_052133/single_p90_access_restore_20260326_052352,results/batch_tradeoff_20260325_235335/scenario_runs/tradeoff_20260326_052133/single_p90_access_restore_20260326_052352/best,"[25, 10, 15, 26, 27, 8, 29, 33, 9, 5, (23, 24), (22, 21), (20, 22), (15, 10), (11, 12), (9, 10)]","[25, 10, 15, 26, 27, 8, 29, 33, 9, 5]","[(23, 24), (22, 21), (20, 22), (15, 10), (11, 12), (9, 10)]",scenario_053,20260377,10,6,0.20124673142748525,0.7987532685725148,results/batch_tradeoff_20260325_235335/scenario_runs/tradeoff_20260326_052133
optimized,weighted_gini_restore_l050,,weighted_sum,Weighted sum: triangle + 0.5 * equity:gini_restore,Weighted trade-off objective. triangle + 0.5 * equity:gini_restore.,weighted_sum,1.4827528100636358,1189.5939158932836,289106.01612939447,0.23843774670700713,1329.147358,0.2545442996528852,1329.147358,0.2916666666666667,1.0,0.28599325823084043,0.133,0.867,0.9,0.9,1,0,results/batch_tradeoff_20260325_235335/scenario_runs/tradeoff_20260326_052133/weighted_gini_restore_l050_20260326_052438,results/batch_tradeoff_20260325_235335/scenario_runs/tradeoff_20260326_052133/weighted_gini_restore_l050_20260326_052438/best,"[27, 25, 8, 10, 15, 29, 26, 5, 33, 9, (20, 22), (22, 21), (9, 10), (15, 10), (11, 12), (23, 24)]","[27, 25, 8, 10, 15, 29, 26, 5, 33, 9]","[(20, 22), (22, 21), (9, 10), (15, 10), (11, 12), (23, 24)]",scenario_053,20260377,10,6,0.20124673142748525,0.7987532685725148,results/batch_tradeoff_20260325_235335/scenario_runs/tradeoff_20260326_052133
optimized,guardrail_gini_restore,,guardrail,Guardrail on equity:gini_restore,Triangle minimization with a fairness guardrail. Guardrail on equity:gini_restore.,guardrail,1085.0711056953292,1085.0711056953292,233143.68568453324,0.21046347192001225,1192.29915,0.23708096356397507,1192.29915,0.2916666666666667,1.0,0.2557008336931773,0.133,0.867,0.9,0.9,1,1,results/batch_tradeoff_20260325_235335/scenario_runs/tradeoff_20260326_052133/guardrail_gini_restore_20260326_052526,results/batch_tradeoff_20260325_235335/scenario_runs/tradeoff_20260326_052133/guardrail_gini_restore_20260326_052526/best,"[15, 10, 25, 26, 27, 29, 8, 5, 33, 9, (9, 10), (22, 21), (15, 10), (20, 22), (23, 24), (11, 12)]","[15, 10, 25, 26, 27, 29, 8, 5, 33, 9]","[(9, 10), (22, 21), (15, 10), (20, 22), (23, 24), (11, 12)]",scenario_053,20260377,10,6,0.20124673142748525,0.7987532685725148,results/batch_tradeoff_20260325_235335/scenario_runs/tradeoff_20260326_052133
optimized,weighted_maximin_time_avg_cri_l050,,weighted_sum,Weighted sum: triangle + 0.5 * equity:maximin_time_avg_cri_loss,Weighted trade-off objective. triangle + 0.5 * equity:maximin_time_avg_cri_loss.,weighted_sum,1.3503471076224853,1112.3667014580046,277220.2166776802,0.244014299651647,1282.058945,0.2740143751056704,1282.058945,0.2916666666666667,1.0,0.28455328383906714,0.133,0.867,0.9,0.9,1,0,results/batch_tradeoff_20260325_235335/scenario_runs/tradeoff_20260326_052133/weighted_maximin_time_avg_cri_l050_20260326_052612,results/batch_tradeoff_20260325_235335/scenario_runs/tradeoff_20260326_052133/weighted_maximin_time_avg_cri_l050_20260326_052612/best,"[15, 25, 10, 5, 8, 27, 29, 26, 33, 9, (9, 10), (15, 10), (11, 12), (20, 22), (22, 21), (23, 24)]","[15, 25, 10, 5, 8, 27, 29, 26, 33, 9]","[(9, 10), (15, 10), (11, 12), (20, 22), (22, 21), (23, 24)]",scenario_053,20260377,10,6,0.20124673142748525,0.7987532685725148,results/batch_tradeoff_20260325_235335/scenario_runs/tradeoff_20260326_052133
optimized,baseline_reference,,baseline,Baseline sequence,Baseline repair sequence used as the reference point.,triangle,5476.314560944595,5476.314560944595,2818217.4297580007,0.18048786193329258,4588.161204999999,0.26601674896128896,4588.161204999999,0.125,1.0,0.29657882465356833,0.133,0.867,0.9,0.9,1,0,,results/batch_tradeoff_20260325_235335/scenario_runs/tradeoff_20260326_052657/reference,"[30, 33, 12, 15, 26, 16, 24, 5, 27, 32, 17, (1, 3), (2, 6), (21, 22), (18, 16)]","[30, 33, 12, 15, 26, 16, 24, 5, 27, 32, 17]","[(1, 3), (2, 6), (21, 22), (18, 16)]",scenario_054,20260378,11,4,0.10664475758294933,0.8933552424170507,results/batch_tradeoff_20260325_235335/scenario_runs/tradeoff_20260326_052657
optimized,single_triangle,,single,Single objective: triangle,Pure efficiency objective that minimizes resilience-triangle loss.,triangle,4997.872755614907,4997.872755614907,2462623.6180427396,0.1731437910747753,4274.23916,0.26832088488209815,4274.23916,0.125,1.0,0.301581078350328,0.133,0.867,0.9,0.9,1,1,results/batch_tradeoff_20260325_235335/scenario_runs/tradeoff_20260326_052657/single_triangle_20260326_052658,results/batch_tradeoff_20260325_235335/scenario_runs/tradeoff_20260326_052657/single_triangle_20260326_052658/best,"[15, 27, 24, 12, 26, 16, 32, 5, 30, 33, 17, (1, 3), (2, 6), (21, 22), (18, 16)]","[15, 27, 24, 12, 26, 16, 32, 5, 30, 33, 17]","[(1, 3), (2, 6), (21, 22), (18, 16)]",scenario_054,20260378,11,4,0.10664475758294933,0.8933552424170507,results/batch_tradeoff_20260325_235335/scenario_runs/tradeoff_20260326_052657
optimized,single_gini_restore,,single,Single objective: gini_restore,Equity objective that reduces restoration-time inequality using Gini.,equity:gini_restore,0.09608055731183329,6258.970802254554,1512848.0795415796,0.09608055731183329,4518.331009999999,0.14760746217622608,4518.331009999999,0.125,1.0,0.14363076851578432,0.133,0.867,0.9,0.9,1,1,results/batch_tradeoff_20260325_235335/scenario_runs/tradeoff_20260326_052657/single_gini_restore_20260326_052738,results/batch_tradeoff_20260325_235335/scenario_runs/tradeoff_20260326_052657/single_gini_restore_20260326_052738/best,"[30, 33, 12, 5, 17, 26, 32, 27, 16, 15, 24, (18, 16), (2, 6), (21, 22), (1, 3)]","[30, 33, 12, 5, 17, 26, 32, 27, 16, 15, 24]","[(18, 16), (2, 6), (21, 22), (1, 3)]",scenario_054,20260378,11,4,0.10664475758294933,0.8933552424170507,results/batch_tradeoff_20260325_235335/scenario_runs/tradeoff_20260326_052657
optimized,single_maximin_time_avg_cri,,single,Single objective: maximize minimum time-avg CRI,Equity via maximin: improve the worst-served zone by maximizing the minimum time-averaged CRI.,equity:maximin_time_avg_cri_loss,0.6946692486220621,5351.412057039224,2777041.049567136,0.18551296619944102,4600.566655999999,0.30533075137793786,4600.566655999999,0.125,1.0,0.3050431069822108,0.133,0.867,0.9,0.9,1,0,results/batch_tradeoff_20260325_235335/scenario_runs/tradeoff_20260326_052657/single_maximin_time_avg_cri_20260326_052823,results/batch_tradeoff_20260325_235335/scenario_runs/tradeoff_20260326_052657/single_maximin_time_avg_cri_20260326_052823/best,"[5, 33, 30, 12, 32, 17, 26, 15, 16, 27, 24, (2, 6), (1, 3), (18, 16), (21, 22)]","[5, 33, 30, 12, 32, 17, 26, 15, 16, 27, 24]","[(2, 6), (1, 3), (18, 16), (21, 22)]",scenario_054,20260378,11,4,0.10664475758294933,0.8933552424170507,results/batch_tradeoff_20260325_235335/scenario_runs/tradeoff_20260326_052657
optimized,single_p90_access_restore,,single,Single objective: p90_access_restore,Critical-access objective that shortens the time by which 90% of zones regain access.,critical_access:p90_access_restore,4188.651834,5110.776704746709,2402200.279678499,0.1706084287790559,4227.9934685,0.25700802839406384,4188.651834,0.125,1.0,0.2999004457377862,0.133,0.867,0.9,0.9,1,0,results/batch_tradeoff_20260325_235335/scenario_runs/tradeoff_20260326_052657/single_p90_access_restore_20260326_052904,results/batch_tradeoff_20260325_235335/scenario_runs/tradeoff_20260326_052657/single_p90_access_restore_20260326_052904/best,"[24, 12, 15, 27, 26, 16, 33, 17, 5, 30, 32, (2, 6), (1, 3), (18, 16), (21, 22)]","[24, 12, 15, 27, 26, 16, 33, 17, 5, 30, 32]","[(2, 6), (1, 3), (18, 16), (21, 22)]",scenario_054,20260378,11,4,0.10664475758294933,0.8933552424170507,results/batch_tradeoff_20260325_235335/scenario_runs/tradeoff_20260326_052657
optimized,weighted_gini_restore_l050,,weighted_sum,Weighted sum: triangle + 0.5 * equity:gini_restore,Weighted trade-off objective. triangle + 0.5 * equity:gini_restore.,weighted_sum,1.2475005615980364,5166.250005463332,1575919.144435442,0.10977985148655867,4692.166445000001,0.3028214761330975,4692.166445000001,0.125,1.0,0.200939316573697,0.133,0.867,0.9,0.9,1,0,results/batch_tradeoff_20260325_235335/scenario_runs/tradeoff_20260326_052657/weighted_gini_restore_l050_20260326_052945,results/batch_tradeoff_20260325_235335/scenario_runs/tradeoff_20260326_052657/weighted_gini_restore_l050_20260326_052945/best,"[15, 16, 32, 27, 33, 26, 5, 24, 17, 12, 30, (1, 3), (21, 22), (18, 16), (2, 6)]","[15, 16, 32, 27, 33, 26, 5, 24, 17, 12, 30]","[(1, 3), (21, 22), (18, 16), (2, 6)]",scenario_054,20260378,11,4,0.10664475758294933,0.8933552424170507,results/batch_tradeoff_20260325_235335/scenario_runs/tradeoff_20260326_052657
optimized,guardrail_gini_restore,,guardrail,Guardrail on equity:gini_restore,Triangle minimization with a fairness guardrail. Guardrail on equity:gini_restore.,guardrail,5068.7952071872305,5068.7952071872305,1451207.5992868545,0.09876112892917055,4413.993833,0.2697285705345535,4413.993833,0.125,1.0,0.1860754574805195,0.133,0.867,0.9,0.9,1,1,results/batch_tradeoff_20260325_235335/scenario_runs/tradeoff_20260326_052657/guardrail_gini_restore_20260326_053026,results/batch_tradeoff_20260325_235335/scenario_runs/tradeoff_20260326_052657/guardrail_gini_restore_20260326_053026/best,"[15, 24, 33, 32, 5, 16, 12, 27, 30, 26, 17, (1, 3), (21, 22), (18, 16), (2, 6)]","[15, 24, 33, 32, 5, 16, 12, 27, 30, 26, 17]","[(1, 3), (21, 22), (18, 16), (2, 6)]",scenario_054,20260378,11,4,0.10664475758294933,0.8933552424170507,results/batch_tradeoff_20260325_235335/scenario_runs/tradeoff_20260326_052657
optimized,weighted_maximin_time_avg_cri_l050,,weighted_sum,Weighted sum: triangle + 0.5 * equity:maximin_time_avg_cri_loss,Weighted trade-off objective. triangle + 0.5 * equity:maximin_time_avg_cri_loss.,weighted_sum,1.414794349517069,5133.537617309615,2703441.3271018113,0.18027109234126915,4503.317625,0.29921190217471433,4503.317625,0.125,1.0,0.30874382306089276,0.133,0.867,0.9,0.9,1,0,results/batch_tradeoff_20260325_235335/scenario_runs/tradeoff_20260326_052657/weighted_maximin_time_avg_cri_l050_20260326_053107,results/batch_tradeoff_20260325_235335/scenario_runs/tradeoff_20260326_052657/weighted_maximin_time_avg_cri_l050_20260326_053107/best,"[24, 30, 5, 32, 26, 27, 15, 12, 33, 17, 16, (1, 3), (2, 6), (21, 22), (18, 16)]","[24, 30, 5, 32, 26, 27, 15, 12, 33, 17, 16]","[(1, 3), (2, 6), (21, 22), (18, 16)]",scenario_054,20260378,11,4,0.10664475758294933,0.8933552424170507,results/batch_tradeoff_20260325_235335/scenario_runs/tradeoff_20260326_052657
optimized,baseline_reference,,baseline,Baseline sequence,Baseline repair sequence used as the reference point.,triangle,1283.4679237011644,1283.4679237011644,183121.0768003032,0.2153395544375527,1314.940357,0.3862252056589605,1314.940357,0.125,1.0,0.35944221413458377,0.133,0.867,0.9,0.9,1,0,,results/batch_tradeoff_20260325_235335/scenario_runs/tradeoff_20260326_053148/reference,"[3, 29, 19, 26, 15, 21, 27, 2, 11, 32, 5, 4, 24, 28, (3, 1), (7, 8), (15, 10)]","[3, 29, 19, 26, 15, 21, 27, 2, 11, 32, 5, 4, 24, 28]","[(3, 1), (7, 8), (15, 10)]",scenario_055,20260379,14,3,0.3742180506815696,0.6257819493184303,results/batch_tradeoff_20260325_235335/scenario_runs/tradeoff_20260326_053148
optimized,single_triangle,,single,Single objective: triangle,Pure efficiency objective that minimizes resilience-triangle loss.,triangle,1051.1024645425716,1051.1024645425716,102063.20158334963,0.16399132292457352,1038.292226,0.3480562262960039,974.7003680000003,0.125,1.0,0.3460004759135443,0.133,0.867,0.9,0.9,1,0,results/batch_tradeoff_20260325_235335/scenario_runs/tradeoff_20260326_053148/single_triangle_20260326_053148,results/batch_tradeoff_20260325_235335/scenario_runs/tradeoff_20260326_053148/single_triangle_20260326_053148/best,"[21, 3, 28, 26, 15, 2, 24, 11, 27, 29, 4, 5, 19, 32, (3, 1), (15, 10), (7, 8)]","[21, 3, 28, 26, 15, 2, 24, 11, 27, 29, 4, 5, 19, 32]","[(3, 1), (15, 10), (7, 8)]",scenario_055,20260379,14,3,0.3742180506815696,0.6257819493184303,results/batch_tradeoff_20260325_235335/scenario_runs/tradeoff_20260326_053148
optimized,single_gini_restore,,single,Single objective: gini_restore,Equity objective that reduces restoration-time inequality using Gini.,equity:gini_restore,0.12361335486709235,1595.3439456732333,153117.83291387765,0.12361335486709235,1417.9271800000004,0.20183784378826852,1417.9271800000004,0.125,1.0,0.2611127782551805,0.133,0.867,0.9,0.9,1,0,results/batch_tradeoff_20260325_235335/scenario_runs/tradeoff_20260326_053148/single_gini_restore_20260326_053239,results/batch_tradeoff_20260325_235335/scenario_runs/tradeoff_20260326_053148/single_gini_restore_20260326_053239/best,"[19, 3, 11, 21, 26, 4, 29, 24, 32, 5, 28, 15, 27, 2, (7, 8), (3, 1), (15, 10)]","[19, 3, 11, 21, 26, 4, 29, 24, 32, 5, 28, 15, 27, 2]","[(7, 8), (3, 1), (15, 10)]",scenario_055,20260379,14,3,0.3742180506815696,0.6257819493184303,results/batch_tradeoff_20260325_235335/scenario_runs/tradeoff_20260326_053148
optimized,single_maximin_time_avg_cri,,single,Single objective: maximize minimum time-avg CRI,Equity via maximin: improve the worst-served zone by maximizing the minimum time-averaged CRI.,equity:maximin_time_avg_cri_loss,0.5712602769944656,1265.9408716366868,185239.58449878186,0.1985836609060867,1494.8874243999996,0.4287397230055344,1494.8874243999996,0.125,1.0,0.3642119532709086,0.133,0.867,0.9,0.9,1,0,results/batch_tradeoff_20260325_235335/scenario_runs/tradeoff_20260326_053148/single_maximin_time_avg_cri_20260326_053327,results/batch_tradeoff_20260325_235335/scenario_runs/tradeoff_20260326_053148/single_maximin_time_avg_cri_20260326_053327/best,"[2, 11, 5, 27, 21, 28, 29, 19, 26, 3, 24, 4, 15, 32, (15, 10), (7, 8), (3, 1)]","[2, 11, 5, 27, 21, 28, 29, 19, 26, 3, 24, 4, 15, 32]","[(15, 10), (7, 8), (3, 1)]",scenario_055,20260379,14,3,0.3742180506815696,0.6257819493184303,results/batch_tradeoff_20260325_235335/scenario_runs/tradeoff_20260326_053148
optimized,single_p90_access_restore,,single,Single objective: p90_access_restore,Critical-access objective that shortens the time by which 90% of zones regain access.,critical_access:p90_access_restore,1032.919317,1096.0308347837954,152877.9385397986,0.23844088902954708,1139.7946401000002,0.4208324320175646,1032.919317,0.125,1.0,0.40698214703149693,0.133,0.867,0.9,0.9,1,0,results/batch_tradeoff_20260325_235335/scenario_runs/tradeoff_20260326_053148/single_p90_access_restore_20260326_053419,results/batch_tradeoff_20260325_235335/scenario_runs/tradeoff_20260326_053148/single_p90_access_restore_20260326_053419/best,"[2, 29, 32, 26, 15, 11, 27, 21, 4, 3, 28, 5, 24, 19, (3, 1), (15, 10), (7, 8)]","[2, 29, 32, 26, 15, 11, 27, 21, 4, 3, 28, 5, 24, 19]","[(3, 1), (15, 10), (7, 8)]",scenario_055,20260379,14,3,0.3742180506815696,0.6257819493184303,results/batch_tradeoff_20260325_235335/scenario_runs/tradeoff_20260326_053148
optimized,weighted_gini_restore_l050,,weighted_sum,Weighted sum: triangle + 0.5 * equity:gini_restore,Weighted trade-off objective. triangle + 0.5 * equity:gini_restore.,weighted_sum,1.2954202267881998,1242.1631829910712,144317.62361106827,0.14109149415350264,1189.4819719999998,0.2932344889410946,1179.4978961,0.125,1.0,0.30658645079770347,0.133,0.867,0.9,0.9,1,0,results/batch_tradeoff_20260325_235335/scenario_runs/tradeoff_20260326_053148/weighted_gini_restore_l050_20260326_053506,results/batch_tradeoff_20260325_235335/scenario_runs/tradeoff_20260326_053148/weighted_gini_restore_l050_20260326_053506/best,"[26, 11, 27, 19, 15, 21, 4, 28, 24, 2, 3, 29, 5, 32, (3, 1), (15, 10), (7, 8)]","[26, 11, 27, 19, 15, 21, 4, 28, 24, 2, 3, 29, 5, 32]","[(3, 1), (15, 10), (7, 8)]",scenario_055,20260379,14,3,0.3742180506815696,0.6257819493184303,results/batch_tradeoff_20260325_235335/scenario_runs/tradeoff_20260326_053148
optimized,guardrail_gini_restore,,guardrail,Guardrail on equity:gini_restore,Triangle minimization with a fairness guardrail. Guardrail on equity:gini_restore.,guardrail,1015.2555586934574,1015.2555586934574,44299.45782378467,0.11742580394217716,992.5397100000001,0.3247286347860337,992.5397100000001,0.125,1.0,0.271180239520761,0.133,0.867,0.9,0.9,1,1,results/batch_tradeoff_20260325_235335/scenario_runs/tradeoff_20260326_053148/guardrail_gini_restore_20260326_053554,results/batch_tradeoff_20260325_235335/scenario_runs/tradeoff_20260326_053148/guardrail_gini_restore_20260326_053554/best,"[21, 4, 3, 26, 15, 24, 27, 2, 11, 19, 5, 32, 28, 29, (15, 10), (7, 8), (3, 1)]","[21, 4, 3, 26, 15, 24, 27, 2, 11, 19, 5, 32, 28, 29]","[(15, 10), (7, 8), (3, 1)]",scenario_055,20260379,14,3,0.3742180506815696,0.6257819493184303,results/batch_tradeoff_20260325_235335/scenario_runs/tradeoff_20260326_053148
optimized,weighted_maximin_time_avg_cri_l050,,weighted_sum,Weighted sum: triangle + 0.5 * equity:maximin_time_avg_cri_loss,Weighted trade-off objective. triangle + 0.5 * equity:maximin_time_avg_cri_loss.,weighted_sum,1.3063414558353321,1172.6692294069924,224138.9181897081,0.22863198843152266,1375.6181360000003,0.5179792727675615,1375.6181360000003,0.125,1.0,0.36677845016770755,0.133,0.867,0.9,0.9,1,0,results/batch_tradeoff_20260325_235335/scenario_runs/tradeoff_20260326_053148/weighted_maximin_time_avg_cri_l050_20260326_053645,results/batch_tradeoff_20260325_235335/scenario_runs/tradeoff_20260326_053148/weighted_maximin_time_avg_cri_l050_20260326_053645/best,"[2, 3, 5, 4, 19, 27, 21, 28, 24, 11, 29, 15, 26, 32, (15, 10), (7, 8), (3, 1)]","[2, 3, 5, 4, 19, 27, 21, 28, 24, 11, 29, 15, 26, 32]","[(15, 10), (7, 8), (3, 1)]",scenario_055,20260379,14,3,0.3742180506815696,0.6257819493184303,results/batch_tradeoff_20260325_235335/scenario_runs/tradeoff_20260326_053148
optimized,baseline_reference,,baseline,Baseline sequence,Baseline repair sequence used as the reference point.,triangle,2999.390518128145,2999.390518128145,1371497.8117053842,0.20798588014621955,3360.8492050000004,0.3528342232184407,3360.8492050000004,0.25,1.0,0.3302354897681284,0.133,0.867,0.9,0.9,1,0,,results/batch_tradeoff_20260325_235335/scenario_runs/tradeoff_20260326_053733/reference,"[18, 17, 27, 7, 30, 21, 13, 3, 1, 12, 20, 15, (16, 18), (15, 14), (19, 17), (10, 15)]","[18, 17, 27, 7, 30, 21, 13, 3, 1, 12, 20, 15]","[(16, 18), (15, 14), (19, 17), (10, 15)]",scenario_056,20260380,12,4,0.22366955231820496,0.776330447681795,results/batch_tradeoff_20260325_235335/scenario_runs/tradeoff_20260326_053733
optimized,single_triangle,,single,Single objective: triangle,Pure efficiency objective that minimizes resilience-triangle loss.,triangle,879.8863034562768,879.8863034562768,97956.31499516068,0.20199474883685697,1040.212968,0.37502402394982864,1040.212968,0.25,1.0,0.39377105099372944,0.133,0.867,0.9,0.9,1,1,results/batch_tradeoff_20260325_235335/scenario_runs/tradeoff_20260326_053733/single_triangle_20260326_053734,results/batch_tradeoff_20260325_235335/scenario_runs/tradeoff_20260326_053733/single_triangle_20260326_053734/best,"[15, 1, 12, 7, 13, 20, 17, 3, 27, 18, 21, 30, (10, 15), (15, 14), (19, 17), (16, 18)]","[15, 1, 12, 7, 13, 20, 17, 3, 27, 18, 21, 30]","[(10, 15), (15, 14), (19, 17), (16, 18)]",scenario_056,20260380,12,4,0.22366955231820496,0.776330447681795,results/batch_tradeoff_20260325_235335/scenario_runs/tradeoff_20260326_053733
optimized,single_gini_restore,,single,Single objective: gini_restore,Equity objective that reduces restoration-time inequality using Gini.,equity:gini_restore,0.12256974557240619,2459.41181928055,459808.5120269088,0.12256974557240619,2339.047145,0.19620458271067892,2339.047145,0.25,1.0,0.30081738615405296,0.133,0.867,0.9,0.9,1,1,results/batch_tradeoff_20260325_235335/scenario_runs/tradeoff_20260326_053733/single_gini_restore_20260326_053818,results/batch_tradeoff_20260325_235335/scenario_runs/tradeoff_20260326_053733/single_gini_restore_20260326_053818/best,"[7, 30, 15, 1, 21, 12, 20, 13, 3, 27, 17, 18, (19, 17), (16, 18), (15, 14), (10, 15)]","[7, 30, 15, 1, 21, 12, 20, 13, 3, 27, 17, 18]","[(19, 17), (16, 18), (15, 14), (10, 15)]",scenario_056,20260380,12,4,0.22366955231820496,0.776330447681795,results/batch_tradeoff_20260325_235335/scenario_runs/tradeoff_20260326_053733
optimized,single_maximin_time_avg_cri,,single,Single objective: maximize minimum time-avg CRI,Equity via maximin: improve the worst-served zone by maximizing the minimum time-averaged CRI.,equity:maximin_time_avg_cri_loss,0.5678410812200758,1662.9877615943133,622344.3575127913,0.22781438474018811,2178.769553,0.43215891877992413,2178.769553,0.25,1.0,0.3580178148262383,0.133,0.867,0.9,0.9,1,0,results/batch_tradeoff_20260325_235335/scenario_runs/tradeoff_20260326_053733/single_maximin_time_avg_cri_20260326_053908,results/batch_tradeoff_20260325_235335/scenario_runs/tradeoff_20260326_053733/single_maximin_time_avg_cri_20260326_053908/best,"[18, 7, 1, 12, 3, 20, 13, 27, 17, 30, 21, 15, (19, 17), (16, 18), (10, 15), (15, 14)]","[18, 7, 1, 12, 3, 20, 13, 27, 17, 30, 21, 15]","[(19, 17), (16, 18), (10, 15), (15, 14)]",scenario_056,20260380,12,4,0.22366955231820496,0.776330447681795,results/batch_tradeoff_20260325_235335/scenario_runs/tradeoff_20260326_053733
optimized,single_p90_access_restore,,single,Single objective: p90_access_restore,Critical-access objective that shortens the time by which 90% of zones regain access.,critical_access:p90_access_restore,1630.3500999999999,1699.048564811369,298489.5233216117,0.16234934984388527,1630.3500999999999,0.24326750580132087,1630.3500999999999,0.25,1.0,0.2776486548809363,0.133,0.867,0.9,0.9,1,1,results/batch_tradeoff_20260325_235335/scenario_runs/tradeoff_20260326_053733/single_p90_access_restore_20260326_053953,results/batch_tradeoff_20260325_235335/scenario_runs/tradeoff_20260326_053733/single_p90_access_restore_20260326_053953/best,"[12, 18, 21, 27, 13, 7, 17, 1, 15, 30, 20, 3, (16, 18), (10, 15), (19, 17), (15, 14)]","[12, 18, 21, 27, 13, 7, 17, 1, 15, 30, 20, 3]","[(16, 18), (10, 15), (19, 17), (15, 14)]",scenario_056,20260380,12,4,0.22366955231820496,0.776330447681795,results/batch_tradeoff_20260325_235335/scenario_runs/tradeoff_20260326_053733
optimized,weighted_gini_restore_l050,,weighted_sum,Weighted sum: triangle + 0.5 * equity:gini_restore,Weighted trade-off objective. triangle + 0.5 * equity:gini_restore.,weighted_sum,1.0402641590741748,2026.5949417990585,382376.80379510974,0.15166132481245787,1982.5803290000003,0.2393558262775151,1921.0691940000002,0.25,1.0,0.3143720653079609,0.133,0.867,0.9,0.9,1,1,results/batch_tradeoff_20260325_235335/scenario_runs/tradeoff_20260326_053733/weighted_gini_restore_l050_20260326_054038,results/batch_tradeoff_20260325_235335/scenario_runs/tradeoff_20260326_053733/weighted_gini_restore_l050_20260326_054038/best,"[7, 13, 30, 20, 17, 18, 12, 3, 27, 15, 1, 21, (15, 14), (10, 15), (16, 18), (19, 17)]","[7, 13, 30, 20, 17, 18, 12, 3, 27, 15, 1, 21]","[(15, 14), (10, 15), (16, 18), (19, 17)]",scenario_056,20260380,12,4,0.22366955231820496,0.776330447681795,results/batch_tradeoff_20260325_235335/scenario_runs/tradeoff_20260326_053733
optimized,guardrail_gini_restore,,guardrail,Guardrail on equity:gini_restore,Triangle minimization with a fairness guardrail. Guardrail on equity:gini_restore.,guardrail,1228.1193284445978,1228.1193284445978,213272.06886976908,0.17611171848126705,1609.811237,0.4134427477433333,1609.811237,0.25,1.0,0.3838212604829767,0.133,0.867,0.9,0.9,1,1,results/batch_tradeoff_20260325_235335/scenario_runs/tradeoff_20260326_053733/guardrail_gini_restore_20260326_054124,results/batch_tradeoff_20260325_235335/scenario_runs/tradeoff_20260326_053733/guardrail_gini_restore_20260326_054124/best,"[13, 15, 12, 7, 27, 30, 20, 3, 1, 18, 21, 17, (10, 15), (15, 14), (19, 17), (16, 18)]","[13, 15, 12, 7, 27, 30, 20, 3, 1, 18, 21, 17]","[(10, 15), (15, 14), (19, 17), (16, 18)]",scenario_056,20260380,12,4,0.22366955231820496,0.776330447681795,results/batch_tradeoff_20260325_235335/scenario_runs/tradeoff_20260326_053733
optimized,weighted_maximin_time_avg_cri_l050,,weighted_sum,Weighted sum: triangle + 0.5 * equity:maximin_time_avg_cri_loss,Weighted trade-off objective. triangle + 0.5 * equity:maximin_time_avg_cri_loss.,weighted_sum,0.9014324010870213,1234.8632379593907,233590.89175404154,0.21738819215119487,1372.131613,0.3661300116674978,1372.131613,0.25,1.0,0.34729596058314366,0.133,0.867,0.9,0.9,1,0,results/batch_tradeoff_20260325_235335/scenario_runs/tradeoff_20260326_053733/weighted_maximin_time_avg_cri_l050_20260326_054212,results/batch_tradeoff_20260325_235335/scenario_runs/tradeoff_20260326_053733/weighted_maximin_time_avg_cri_l050_20260326_054212/best,"[18, 13, 1, 7, 30, 20, 17, 27, 3, 12, 21, 15, (10, 15), (15, 14), (16, 18), (19, 17)]","[18, 13, 1, 7, 30, 20, 17, 27, 3, 12, 21, 15]","[(10, 15), (15, 14), (16, 18), (19, 17)]",scenario_056,20260380,12,4,0.22366955231820496,0.776330447681795,results/batch_tradeoff_20260325_235335/scenario_runs/tradeoff_20260326_053733
optimized,baseline_reference,,baseline,Baseline sequence,Baseline repair sequence used as the reference point.,triangle,1219.7337894224586,1219.7337894224586,210078.34486542156,0.20875845015911398,1252.156973,0.2543538438815165,1252.156973,0.125,1.0,0.2927307266144711,0.133,0.867,0.9,0.9,1,0,,results/batch_tradeoff_20260325_235335/scenario_runs/tradeoff_20260326_054258/reference,"[9, 20, 11, 2, 19, 22, 7, 4, (3, 1), (17, 10), (18, 20), (15, 22), (24, 13)]","[9, 20, 11, 2, 19, 22, 7, 4]","[(3, 1), (17, 10), (18, 20), (15, 22), (24, 13)]",scenario_057,20260381,8,5,0.1557787646294668,0.8442212353705332,results/batch_tradeoff_20260325_235335/scenario_runs/tradeoff_20260326_054258
optimized,single_triangle,,single,Single objective: triangle,Pure efficiency objective that minimizes resilience-triangle loss.,triangle,875.3730078369316,875.3730078369316,98406.76170311414,0.12725998446776354,966.8926309999999,0.2442511447381578,966.8926309999999,0.125,1.0,0.13103253752932298,0.133,0.867,0.9,0.9,1,1,results/batch_tradeoff_20260325_235335/scenario_runs/tradeoff_20260326_054258/single_triangle_20260326_054259,results/batch_tradeoff_20260325_235335/scenario_runs/tradeoff_20260326_054258/single_triangle_20260326_054259/best,"[2, 11, 9, 20, 19, 7, 22, 4, (24, 13), (17, 10), (15, 22), (18, 20), (3, 1)]","[2, 11, 9, 20, 19, 7, 22, 4]","[(24, 13), (17, 10), (15, 22), (18, 20), (3, 1)]",scenario_057,20260381,8,5,0.1557787646294668,0.8442212353705332,results/batch_tradeoff_20260325_235335/scenario_runs/tradeoff_20260326_054258
optimized,single_gini_restore,,single,Single objective: gini_restore,Equity objective that reduces restoration-time inequality using Gini.,equity:gini_restore,0.06076560771336381,1296.0836766118916,73153.57413674647,0.06076560771336381,1252.156973,0.2027652065119311,1266.9162916999999,0.125,1.0,0.13741991648256643,0.133,0.867,0.9,0.9,1,1,results/batch_tradeoff_20260325_235335/scenario_runs/tradeoff_20260326_054258/single_gini_restore_20260326_054337,results/batch_tradeoff_20260325_235335/scenario_runs/tradeoff_20260326_054258/single_gini_restore_20260326_054337/best,"[9, 20, 11, 2, 19, 22, 7, 4, (15, 22), (17, 10), (24, 13), (18, 20), (3, 1)]","[9, 20, 11, 2, 19, 22, 7, 4]","[(15, 22), (17, 10), (24, 13), (18, 20), (3, 1)]",scenario_057,20260381,8,5,0.1557787646294668,0.8442212353705332,results/batch_tradeoff_20260325_235335/scenario_runs/tradeoff_20260326_054258
optimized,single_maximin_time_avg_cri,,single,Single objective: maximize minimum time-avg CRI,Equity via maximin: improve the worst-served zone by maximizing the minimum time-averaged CRI.,equity:maximin_time_avg_cri_loss,0.494697704506851,997.5697560563527,167719.7283159592,0.18791592529685763,1397.8485776,0.505302295493149,1172.928828,0.125,1.0,0.356250903305924,0.133,0.867,0.9,0.9,1,0,results/batch_tradeoff_20260325_235335/scenario_runs/tradeoff_20260326_054258/single_maximin_time_avg_cri_20260326_054415,results/batch_tradeoff_20260325_235335/scenario_runs/tradeoff_20260326_054258/single_maximin_time_avg_cri_20260326_054415/best,"[2, 7, 19, 22, 9, 4, 11, 20, (17, 10), (15, 22), (18, 20), (24, 13), (3, 1)]","[2, 7, 19, 22, 9, 4, 11, 20]","[(17, 10), (15, 22), (18, 20), (24, 13), (3, 1)]",scenario_057,20260381,8,5,0.1557787646294668,0.8442212353705332,results/batch_tradeoff_20260325_235335/scenario_runs/tradeoff_20260326_054258
optimized,single_p90_access_restore,,single,Single objective: p90_access_restore,Critical-access objective that shortens the time by which 90% of zones regain access.,critical_access:p90_access_restore,1022.526138,1035.7837681138694,77118.67608597882,0.1150242020217167,1131.9761696,0.327833361791369,1022.526138,0.125,1.0,0.25310257781184364,0.133,0.867,0.9,0.9,1,1,results/batch_tradeoff_20260325_235335/scenario_runs/tradeoff_20260326_054258/single_p90_access_restore_20260326_054453,results/batch_tradeoff_20260325_235335/scenario_runs/tradeoff_20260326_054258/single_p90_access_restore_20260326_054453/best,"[19, 9, 22, 7, 11, 2, 4, 20, (17, 10), (18, 20), (24, 13), (15, 22), (3, 1)]","[19, 9, 22, 7, 11, 2, 4, 20]","[(17, 10), (18, 20), (24, 13), (15, 22), (3, 1)]",scenario_057,20260381,8,5,0.1557787646294668,0.8442212353705332,results/batch_tradeoff_20260325_235335/scenario_runs/tradeoff_20260326_054258
optimized,weighted_gini_restore_l050,,weighted_sum,Weighted sum: triangle + 0.5 * equity:gini_restore,Weighted trade-off objective. triangle + 0.5 * equity:gini_restore.,weighted_sum,1.2081360077589272,1296.0836766118916,73153.57413674647,0.06076560771336381,1252.156973,0.2027652065119311,1266.9162916999999,0.125,1.0,0.13741991648256643,0.133,0.867,0.9,0.9,1,1,results/batch_tradeoff_20260325_235335/scenario_runs/tradeoff_20260326_054258/weighted_gini_restore_l050_20260326_054532,results/batch_tradeoff_20260325_235335/scenario_runs/tradeoff_20260326_054258/weighted_gini_restore_l050_20260326_054532/best,"[9, 20, 11, 2, 19, 22, 7, 4, (15, 22), (17, 10), (24, 13), (18, 20), (3, 1)]","[9, 20, 11, 2, 19, 22, 7, 4]","[(15, 22), (17, 10), (24, 13), (18, 20), (3, 1)]",scenario_057,20260381,8,5,0.1557787646294668,0.8442212353705332,results/batch_tradeoff_20260325_235335/scenario_runs/tradeoff_20260326_054258
optimized,guardrail_gini_restore,,guardrail,Guardrail on equity:gini_restore,Triangle minimization with a fairness guardrail. Guardrail on equity:gini_restore.,guardrail,875.3730078369316,875.3730078369316,98406.76170311414,0.12725998446776354,966.8926309999999,0.2442511447381578,966.8926309999999,0.125,1.0,0.13103253752932298,0.133,0.867,0.9,0.9,1,1,results/batch_tradeoff_20260325_235335/scenario_runs/tradeoff_20260326_054258/guardrail_gini_restore_20260326_054610,results/batch_tradeoff_20260325_235335/scenario_runs/tradeoff_20260326_054258/guardrail_gini_restore_20260326_054610/best,"[2, 11, 9, 20, 19, 7, 22, 4, (24, 13), (17, 10), (15, 22), (18, 20), (3, 1)]","[2, 11, 9, 20, 19, 7, 22, 4]","[(24, 13), (17, 10), (15, 22), (18, 20), (3, 1)]",scenario_057,20260381,8,5,0.1557787646294668,0.8442212353705332,results/batch_tradeoff_20260325_235335/scenario_runs/tradeoff_20260326_054258
optimized,weighted_maximin_time_avg_cri_l050,,weighted_sum,Weighted sum: triangle + 0.5 * equity:maximin_time_avg_cri_loss,Weighted trade-off objective. triangle + 0.5 * equity:maximin_time_avg_cri_loss.,weighted_sum,1.2213372446114135,1040.8279834285595,332223.1030890757,0.26060505063280925,1403.073139,0.45118451526980885,1403.073139,0.125,1.0,0.33134364494451346,0.133,0.867,0.9,0.9,1,0,results/batch_tradeoff_20260325_235335/scenario_runs/tradeoff_20260326_054258/weighted_maximin_time_avg_cri_l050_20260326_054652,results/batch_tradeoff_20260325_235335/scenario_runs/tradeoff_20260326_054258/weighted_maximin_time_avg_cri_l050_20260326_054652/best,"[2, 11, 19, 22, 4, 20, 7, 9, (3, 1), (17, 10), (18, 20), (15, 22), (24, 13)]","[2, 11, 19, 22, 4, 20, 7, 9]","[(3, 1), (17, 10), (18, 20), (15, 22), (24, 13)]",scenario_057,20260381,8,5,0.1557787646294668,0.8442212353705332,results/batch_tradeoff_20260325_235335/scenario_runs/tradeoff_20260326_054258
optimized,baseline_reference,,baseline,Baseline sequence,Baseline repair sequence used as the reference point.,triangle,1110.0327756243075,1110.0327756243075,241576.55044171467,0.2843683555253189,1525.269604,0.4722384403739102,1405.112017,0.2916666666666667,1.0,0.4732719543910437,0.133,0.867,0.9,0.9,1,0,,results/batch_tradeoff_20260325_235335/scenario_runs/tradeoff_20260326_054730/reference,"[25, 29, 6, 23, 5, 10, 19, 18, 32, 21, (22, 21), (20, 22), (20, 18), (10, 15)]","[25, 29, 6, 23, 5, 10, 19, 18, 32, 21]","[(22, 21), (20, 22), (20, 18), (10, 15)]",scenario_058,20260382,10,4,0.22293988130458509,0.7770601186954149,results/batch_tradeoff_20260325_235335/scenario_runs/tradeoff_20260326_054730
optimized,single_triangle,,single,Single objective: triangle,Pure efficiency objective that minimizes resilience-triangle loss.,triangle,805.7311294704707,805.7311294704707,134026.86945899398,0.28089721329593864,1134.9749060000001,0.5261567706817116,1134.9749060000001,0.2916666666666667,1.0,0.4600703699757981,0.133,0.867,0.9,0.9,1,0,results/batch_tradeoff_20260325_235335/scenario_runs/tradeoff_20260326_054730/single_triangle_20260326_054731,results/batch_tradeoff_20260325_235335/scenario_runs/tradeoff_20260326_054730/single_triangle_20260326_054731/best,"[10, 6, 29, 19, 5, 32, 23, 18, 21, 25, (10, 15), (20, 18), (20, 22), (22, 21)]","[10, 6, 29, 19, 5, 32, 23, 18, 21, 25]","[(10, 15), (20, 18), (20, 22), (22, 21)]",scenario_058,20260382,10,4,0.22293988130458509,0.7770601186954149,results/batch_tradeoff_20260325_235335/scenario_runs/tradeoff_20260326_054730
optimized,single_gini_restore,,single,Single objective: gini_restore,Equity objective that reduces restoration-time inequality using Gini.,equity:gini_restore,0.1614739647371808,1002.9473455959786,95123.90484201664,0.1614739647371808,983.5896710000001,0.24935719146475102,884.5916140000002,0.2916666666666667,1.0,0.3546065070715856,0.133,0.867,0.9,0.9,1,1,results/batch_tradeoff_20260325_235335/scenario_runs/tradeoff_20260326_054730/single_gini_restore_20260326_054810,results/batch_tradeoff_20260325_235335/scenario_runs/tradeoff_20260326_054730/single_gini_restore_20260326_054810/best,"[25, 10, 32, 23, 5, 29, 19, 18, 6, 21, (20, 22), (22, 21), (20, 18), (10, 15)]","[25, 10, 32, 23, 5, 29, 19, 18, 6, 21]","[(20, 22), (22, 21), (20, 18), (10, 15)]",scenario_058,20260382,10,4,0.22293988130458509,0.7770601186954149,results/batch_tradeoff_20260325_235335/scenario_runs/tradeoff_20260326_054730
optimized,single_maximin_time_avg_cri,,single,Single objective: maximize minimum time-avg CRI,Equity via maximin: improve the worst-served zone by maximizing the minimum time-averaged CRI.,equity:maximin_time_avg_cri_loss,0.4893365318415359,1032.4853718578472,241576.55044171467,0.2843683555253189,1525.269604,0.5106634681584641,1405.112017,0.2916666666666667,1.0,0.4772642579379253,0.133,0.867,0.9,0.9,1,0,results/batch_tradeoff_20260325_235335/scenario_runs/tradeoff_20260326_054730/single_maximin_time_avg_cri_20260326_054850,results/batch_tradeoff_20260325_235335/scenario_runs/tradeoff_20260326_054730/single_maximin_time_avg_cri_20260326_054850/best,"[25, 29, 6, 23, 5, 10, 19, 18, 32, 21, (10, 15), (20, 22), (20, 18), (22, 21)]","[25, 29, 6, 23, 5, 10, 19, 18, 32, 21]","[(10, 15), (20, 22), (20, 18), (22, 21)]",scenario_058,20260382,10,4,0.22293988130458509,0.7770601186954149,results/batch_tradeoff_20260325_235335/scenario_runs/tradeoff_20260326_054730
optimized,single_p90_access_restore,,single,Single objective: p90_access_restore,Critical-access objective that shortens the time by which 90% of zones regain access.,critical_access:p90_access_restore,739.1227440000001,791.9215936426102,71549.92623394822,0.1779358350354543,915.5908520000003,0.3666768838053938,739.1227440000001,0.2916666666666667,1.0,0.4201579082254381,0.133,0.867,0.9,0.9,1,1,results/batch_tradeoff_20260325_235335/scenario_runs/tradeoff_20260326_054730/single_p90_access_restore_20260326_054930,results/batch_tradeoff_20260325_235335/scenario_runs/tradeoff_20260326_054730/single_p90_access_restore_20260326_054930/best,"[25, 10, 23, 32, 5, 18, 29, 6, 19, 21, (10, 15), (22, 21), (20, 22), (20, 18)]","[25, 10, 23, 32, 5, 18, 29, 6, 19, 21]","[(10, 15), (22, 21), (20, 22), (20, 18)]",scenario_058,20260382,10,4,0.22293988130458509,0.7770601186954149,results/batch_tradeoff_20260325_235335/scenario_runs/tradeoff_20260326_054730
optimized,weighted_gini_restore_l050,,weighted_sum,Weighted sum: triangle + 0.5 * equity:gini_restore,Weighted trade-off objective. triangle + 0.5 * equity:gini_restore.,weighted_sum,1.281384870208132,1016.4308291137284,152098.39717617453,0.20799182576175612,1173.0551240000002,0.37749432651274223,1102.6210810000002,0.2916666666666667,1.0,0.3567338624489057,0.133,0.867,0.9,0.9,1,0,results/batch_tradeoff_20260325_235335/scenario_runs/tradeoff_20260326_054730/weighted_gini_restore_l050_20260326_055010,results/batch_tradeoff_20260325_235335/scenario_runs/tradeoff_20260326_054730/weighted_gini_restore_l050_20260326_055010/best,"[25, 29, 32, 23, 5, 18, 19, 6, 10, 21, (20, 18), (10, 15), (20, 22), (22, 21)]","[25, 29, 32, 23, 5, 18, 19, 6, 10, 21]","[(20, 18), (10, 15), (20, 22), (22, 21)]",scenario_058,20260382,10,4,0.22293988130458509,0.7770601186954149,results/batch_tradeoff_20260325_235335/scenario_runs/tradeoff_20260326_054730
optimized,guardrail_gini_restore,,guardrail,Guardrail on equity:gini_restore,Triangle minimization with a fairness guardrail. Guardrail on equity:gini_restore.,guardrail,794.0673765850917,794.0673765850917,77292.47319215834,0.16704393857614508,926.7009571000001,0.3712425023706763,855.33186,0.2916666666666667,1.0,0.39006392994063915,0.133,0.867,0.9,0.9,1,1,results/batch_tradeoff_20260325_235335/scenario_runs/tradeoff_20260326_054730/guardrail_gini_restore_20260326_055050,results/batch_tradeoff_20260325_235335/scenario_runs/tradeoff_20260326_054730/guardrail_gini_restore_20260326_055050/best,"[10, 21, 25, 23, 5, 6, 19, 18, 29, 32, (10, 15), (20, 18), (20, 22), (22, 21)]","[10, 21, 25, 23, 5, 6, 19, 18, 29, 32]","[(10, 15), (20, 18), (20, 22), (22, 21)]",scenario_058,20260382,10,4,0.22293988130458509,0.7770601186954149,results/batch_tradeoff_20260325_235335/scenario_runs/tradeoff_20260326_054730
optimized,weighted_maximin_time_avg_cri_l050,,weighted_sum,Weighted sum: triangle + 0.5 * equity:maximin_time_avg_cri_loss,Weighted trade-off objective. triangle + 0.5 * equity:maximin_time_avg_cri_loss.,weighted_sum,1.3937357603378235,1032.4853718578472,241576.55044171467,0.2843683555253189,1525.269604,0.5106634681584641,1405.112017,0.2916666666666667,1.0,0.4772642579379253,0.133,0.867,0.9,0.9,1,0,results/batch_tradeoff_20260325_235335/scenario_runs/tradeoff_20260326_054730/weighted_maximin_time_avg_cri_l050_20260326_055129,results/batch_tradeoff_20260325_235335/scenario_runs/tradeoff_20260326_054730/weighted_maximin_time_avg_cri_l050_20260326_055129/best,"[25, 29, 6, 23, 5, 10, 19, 18, 32, 21, (10, 15), (20, 22), (20, 18), (22, 21)]","[25, 29, 6, 23, 5, 10, 19, 18, 32, 21]","[(10, 15), (20, 22), (20, 18), (22, 21)]",scenario_058,20260382,10,4,0.22293988130458509,0.7770601186954149,results/batch_tradeoff_20260325_235335/scenario_runs/tradeoff_20260326_054730
optimized,baseline_reference,,baseline,Baseline sequence,Baseline repair sequence used as the reference point.,triangle,1705.5652514155527,1705.5652514155527,460024.90031682234,0.2841704315858178,1819.7644240999996,0.4667609500781731,1567.662544,0.3333333333333333,1.0,0.43754293435018665,0.133,0.867,0.9,0.9,1,0,,results/batch_tradeoff_20260325_235335/scenario_runs/tradeoff_20260326_055209/reference,"[10, 1, 5, 14, 7, 23, 27, 4, 9, 32, 31, 24, 11, 20, (8, 6), (16, 17), (21, 24), (10, 9)]","[10, 1, 5, 14, 7, 23, 27, 4, 9, 32, 31, 24, 11, 20]","[(8, 6), (16, 17), (21, 24), (10, 9)]",scenario_059,20260383,14,4,0.2988410416785167,0.7011589583214832,results/batch_tradeoff_20260325_235335/scenario_runs/tradeoff_20260326_055209
optimized,single_triangle,,single,Single objective: triangle,Pure efficiency objective that minimizes resilience-triangle loss.,triangle,983.5297862844847,983.5297862844847,217791.5672180066,0.29850657925900714,1112.8171340000001,0.4054084677701546,1112.8171340000001,0.3333333333333333,1.0,0.3148007322707764,0.133,0.867,0.9,0.9,1,1,results/batch_tradeoff_20260325_235335/scenario_runs/tradeoff_20260326_055209/single_triangle_20260326_055213,results/batch_tradeoff_20260325_235335/scenario_runs/tradeoff_20260326_055209/single_triangle_20260326_055213/best,"[1, 10, 7, 27, 20, 9, 5, 4, 23, 32, 14, 24, 31, 11, (8, 6), (10, 9), (21, 24), (16, 17)]","[1, 10, 7, 27, 20, 9, 5, 4, 23, 32, 14, 24, 31, 11]","[(8, 6), (10, 9), (21, 24), (16, 17)]",scenario_059,20260383,14,4,0.2988410416785167,0.7011589583214832,results/batch_tradeoff_20260325_235335/scenario_runs/tradeoff_20260326_055209
optimized,single_gini_restore,,single,Single objective: gini_restore,Equity objective that reduces restoration-time inequality using Gini.,equity:gini_restore,0.21173706000618653,2452.088271389627,716356.4145958782,0.21173706000618653,2208.0474322,0.2816255479816585,2171.573753,0.3333333333333333,1.0,0.3076983734038866,0.133,0.867,0.9,0.9,1,1,results/batch_tradeoff_20260325_235335/scenario_runs/tradeoff_20260326_055209/single_gini_restore_20260326_055302,results/batch_tradeoff_20260325_235335/scenario_runs/tradeoff_20260326_055209/single_gini_restore_20260326_055302/best,"[23, 7, 9, 31, 27, 32, 10, 1, 24, 11, 5, 14, 4, 20, (8, 6), (16, 17), (10, 9), (21, 24)]","[23, 7, 9, 31, 27, 32, 10, 1, 24, 11, 5, 14, 4, 20]","[(8, 6), (16, 17), (10, 9), (21, 24)]",scenario_059,20260383,14,4,0.2988410416785167,0.7011589583214832,results/batch_tradeoff_20260325_235335/scenario_runs/tradeoff_20260326_055209
optimized,single_maximin_time_avg_cri,,single,Single objective: maximize minimum time-avg CRI,Equity via maximin: improve the worst-served zone by maximizing the minimum time-averaged CRI.,equity:maximin_time_avg_cri_loss,0.5123555376819204,2481.3053735415638,1288482.4115761153,0.3117759554581139,3054.128114,0.4876444623180795,2989.8462754999996,0.3333333333333333,1.0,0.41797143521039604,0.133,0.867,0.9,0.9,1,0,results/batch_tradeoff_20260325_235335/scenario_runs/tradeoff_20260326_055209/single_maximin_time_avg_cri_20260326_055353,results/batch_tradeoff_20260325_235335/scenario_runs/tradeoff_20260326_055209/single_maximin_time_avg_cri_20260326_055353/best,"[5, 9, 1, 7, 27, 14, 4, 11, 32, 23, 10, 20, 24, 31, (10, 9), (16, 17), (21, 24), (8, 6)]","[5, 9, 1, 7, 27, 14, 4, 11, 32, 23, 10, 20, 24, 31]","[(10, 9), (16, 17), (21, 24), (8, 6)]",scenario_059,20260383,14,4,0.2988410416785167,0.7011589583214832,results/batch_tradeoff_20260325_235335/scenario_runs/tradeoff_20260326_055209
optimized,single_p90_access_restore,,single,Single objective: p90_access_restore,Critical-access objective that shortens the time by which 90% of zones regain access.,critical_access:p90_access_restore,1062.5666620000002,1212.6276299081292,214997.629613495,0.2581449654489638,1317.6930180999998,0.42175256122579097,1062.5666620000002,0.3333333333333333,1.0,0.4714655643984452,0.133,0.867,0.9,0.9,1,1,results/batch_tradeoff_20260325_235335/scenario_runs/tradeoff_20260326_055209/single_p90_access_restore_20260326_055448,results/batch_tradeoff_20260325_235335/scenario_runs/tradeoff_20260326_055209/single_p90_access_restore_20260326_055448/best,"[10, 24, 14, 7, 5, 9, 27, 4, 23, 32, 31, 1, 11, 20, (21, 24), (10, 9), (8, 6), (16, 17)]","[10, 24, 14, 7, 5, 9, 27, 4, 23, 32, 31, 1, 11, 20]","[(21, 24), (10, 9), (8, 6), (16, 17)]",scenario_059,20260383,14,4,0.2988410416785167,0.7011589583214832,results/batch_tradeoff_20260325_235335/scenario_runs/tradeoff_20260326_055209
optimized,weighted_gini_restore_l050,,weighted_sum,Weighted sum: triangle + 0.5 * equity:gini_restore,Weighted trade-off objective. triangle + 0.5 * equity:gini_restore.,weighted_sum,1.3714949750707186,1573.1157362484566,371513.92457680986,0.2552715659735014,1796.3333179999997,0.367589682022002,1690.7696182999994,0.3333333333333333,1.0,0.41141212183150083,0.133,0.867,0.9,0.9,1,1,results/batch_tradeoff_20260325_235335/scenario_runs/tradeoff_20260326_055209/weighted_gini_restore_l050_20260326_055540,results/batch_tradeoff_20260325_235335/scenario_runs/tradeoff_20260326_055209/weighted_gini_restore_l050_20260326_055540/best,"[10, 11, 9, 5, 23, 4, 24, 20, 27, 14, 7, 1, 31, 32, (8, 6), (16, 17), (10, 9), (21, 24)]","[10, 11, 9, 5, 23, 4, 24, 20, 27, 14, 7, 1, 31, 32]","[(8, 6), (16, 17), (10, 9), (21, 24)]",scenario_059,20260383,14,4,0.2988410416785167,0.7011589583214832,results/batch_tradeoff_20260325_235335/scenario_runs/tradeoff_20260326_055209
optimized,guardrail_gini_restore,,guardrail,Guardrail on equity:gini_restore,Triangle minimization with a fairness guardrail. Guardrail on equity:gini_restore.,guardrail,1387.7870977806856,1387.7870977806856,376925.59787185467,0.26329227267245936,1532.091202,0.35529343476554764,1532.091202,0.3333333333333333,1.0,0.3134032786080403,0.133,0.867,0.9,0.9,1,0,results/batch_tradeoff_20260325_235335/scenario_runs/tradeoff_20260326_055209/guardrail_gini_restore_20260326_055634,results/batch_tradeoff_20260325_235335/scenario_runs/tradeoff_20260326_055209/guardrail_gini_restore_20260326_055634/best,"[31, 1, 14, 9, 7, 27, 24, 4, 23, 32, 20, 5, 11, 10, (8, 6), (10, 9), (21, 24), (16, 17)]","[31, 1, 14, 9, 7, 27, 24, 4, 23, 32, 20, 5, 11, 10]","[(8, 6), (10, 9), (21, 24), (16, 17)]",scenario_059,20260383,14,4,0.2988410416785167,0.7011589583214832,results/batch_tradeoff_20260325_235335/scenario_runs/tradeoff_20260326_055209
optimized,weighted_maximin_time_avg_cri_l050,,weighted_sum,Weighted sum: triangle + 0.5 * equity:maximin_time_avg_cri_loss,Weighted trade-off objective. triangle + 0.5 * equity:maximin_time_avg_cri_loss.,weighted_sum,1.2553851821937396,1278.0746175232243,259191.91872798136,0.26909153801365426,1432.0810370999998,0.4603303733986586,1182.8519919999999,0.3333333333333333,1.0,0.46109457658468156,0.133,0.867,0.9,0.9,1,0,results/batch_tradeoff_20260325_235335/scenario_runs/tradeoff_20260326_055209/weighted_maximin_time_avg_cri_l050_20260326_055724,results/batch_tradeoff_20260325_235335/scenario_runs/tradeoff_20260326_055209/weighted_maximin_time_avg_cri_l050_20260326_055724/best,"[10, 24, 1, 32, 9, 27, 23, 4, 5, 11, 31, 7, 14, 20, (8, 6), (16, 17), (21, 24), (10, 9)]","[10, 24, 1, 32, 9, 27, 23, 4, 5, 11, 31, 7, 14, 20]","[(8, 6), (16, 17), (21, 24), (10, 9)]",scenario_059,20260383,14,4,0.2988410416785167,0.7011589583214832,results/batch_tradeoff_20260325_235335/scenario_runs/tradeoff_20260326_055209
optimized,baseline_reference,,baseline,Baseline sequence,Baseline repair sequence used as the reference point.,triangle,10521.83214245155,10521.83214245155,8229343.899326436,0.17378070845730798,9392.931015900002,0.2179920344994754,9603.110109000001,0.16666666666666666,1.0,0.23219488500156976,0.133,0.867,0.9,0.9,1,0,,results/batch_tradeoff_20260325_235335/scenario_runs/tradeoff_20260326_055819/reference,"[16, 12, 18, 20, 13, 10, 29, 22, 15, 1, 2, 3, (17, 16), (6, 2), (24, 13), (16, 10), (22, 23), (1, 3), (3, 1), (7, 8), (21, 20), (11, 12), (8, 6), (5, 4)]","[16, 12, 18, 20, 13, 10, 29, 22, 15, 1, 2, 3]","[(17, 16), (6, 2), (24, 13), (16, 10), (22, 23), (1, 3), (3, 1), (7, 8), (21, 20), (11, 12), (8, 6), (5, 4)]",scenario_060,20260384,12,12,0.2608915342194851,0.7391084657805149,results/batch_tradeoff_20260325_235335/scenario_runs/tradeoff_20260326_055819
optimized,single_triangle,,single,Single objective: triangle,Pure efficiency objective that minimizes resilience-triangle loss.,triangle,7098.667998197423,7098.667998197423,3330534.791377511,0.0834538021139064,6603.902345,0.24119386271021853,6603.902345,0.16666666666666666,1.0,0.1720308520593774,0.133,0.867,0.9,0.9,1,1,results/batch_tradeoff_20260325_235335/scenario_runs/tradeoff_20260326_055819/single_triangle_20260326_055820,results/batch_tradeoff_20260325_235335/scenario_runs/tradeoff_20260326_055819/single_triangle_20260326_055820/best,"[15, 16, 10, 3, 18, 29, 13, 22, 12, 20, 2, 1, (11, 12), (24, 13), (5, 4), (8, 6), (16, 10), (21, 20), (17, 16), (6, 2), (1, 3), (7, 8), (22, 23), (3, 1)]","[15, 16, 10, 3, 18, 29, 13, 22, 12, 20, 2, 1]","[(11, 12), (24, 13), (5, 4), (8, 6), (16, 10), (21, 20), (17, 16), (6, 2), (1, 3), (7, 8), (22, 23), (3, 1)]",scenario_060,20260384,12,12,0.2608915342194851,0.7391084657805149,results/batch_tradeoff_20260325_235335/scenario_runs/tradeoff_20260326_055819
optimized,single_gini_restore,,single,Single objective: gini_restore,Equity objective that reduces restoration-time inequality using Gini.,equity:gini_restore,0.10312833352101514,12312.271797663381,8431975.95290918,0.10312833352101514,10508.723047099997,0.1627327258683043,10513.051144999998,0.16666666666666666,1.0,0.1499090631425502,0.133,0.867,0.9,0.9,1,0,results/batch_tradeoff_20260325_235335/scenario_runs/tradeoff_20260326_055819/single_gini_restore_20260326_055934,results/batch_tradeoff_20260325_235335/scenario_runs/tradeoff_20260326_055819/single_gini_restore_20260326_055934/best,"[2, 16, 10, 18, 15, 29, 1, 22, 12, 13, 20, 3, (21, 20), (8, 6), (24, 13), (6, 2), (16, 10), (5, 4), (22, 23), (1, 3), (7, 8), (17, 16), (3, 1), (11, 12)]","[2, 16, 10, 18, 15, 29, 1, 22, 12, 13, 20, 3]","[(21, 20), (8, 6), (24, 13), (6, 2), (16, 10), (5, 4), (22, 23), (1, 3), (7, 8), (17, 16), (3, 1), (11, 12)]",scenario_060,20260384,12,12,0.2608915342194851,0.7391084657805149,results/batch_tradeoff_20260325_235335/scenario_runs/tradeoff_20260326_055819
optimized,single_maximin_time_avg_cri,,single,Single objective: maximize minimum time-avg CRI,Equity via maximin: improve the worst-served zone by maximizing the minimum time-averaged CRI.,equity:maximin_time_avg_cri_loss,0.5649782057975958,6267.658215485208,6776412.653100491,0.238638182810476,8923.788534000001,0.4350217942024041,8923.788534000001,0.16666666666666666,1.0,0.311901037950832,0.133,0.867,0.9,0.9,1,0,results/batch_tradeoff_20260325_235335/scenario_runs/tradeoff_20260326_055819/single_maximin_time_avg_cri_20260326_060049,results/batch_tradeoff_20260325_235335/scenario_runs/tradeoff_20260326_055819/single_maximin_time_avg_cri_20260326_060049/best,"[16, 15, 1, 2, 22, 12, 3, 29, 20, 13, 10, 18, (3, 1), (16, 10), (5, 4), (11, 12), (8, 6), (6, 2), (24, 13), (22, 23), (7, 8), (1, 3), (17, 16), (21, 20)]","[16, 15, 1, 2, 22, 12, 3, 29, 20, 13, 10, 18]","[(3, 1), (16, 10), (5, 4), (11, 12), (8, 6), (6, 2), (24, 13), (22, 23), (7, 8), (1, 3), (17, 16), (21, 20)]",scenario_060,20260384,12,12,0.2608915342194851,0.7391084657805149,results/batch_tradeoff_20260325_235335/scenario_runs/tradeoff_20260326_055819
optimized,single_p90_access_restore,,single,Single objective: p90_access_restore,Critical-access objective that shortens the time by which 90% of zones regain access.,critical_access:p90_access_restore,6181.950782700001,7050.151035536631,2671213.503321592,0.12338051584113674,6143.711791000001,0.13329272267602274,6181.950782700001,0.16666666666666666,1.0,0.22846272585877594,0.133,0.867,0.9,0.9,1,0,results/batch_tradeoff_20260325_235335/scenario_runs/tradeoff_20260326_055819/single_p90_access_restore_20260326_060204,results/batch_tradeoff_20260325_235335/scenario_runs/tradeoff_20260326_055819/single_p90_access_restore_20260326_060204/best,"[15, 18, 20, 3, 12, 29, 22, 16, 1, 10, 13, 2, (5, 4), (3, 1), (24, 13), (11, 12), (6, 2), (17, 16), (8, 6), (7, 8), (1, 3), (21, 20), (16, 10), (22, 23)]","[15, 18, 20, 3, 12, 29, 22, 16, 1, 10, 13, 2]","[(5, 4), (3, 1), (24, 13), (11, 12), (6, 2), (17, 16), (8, 6), (7, 8), (1, 3), (21, 20), (16, 10), (22, 23)]",scenario_060,20260384,12,12,0.2608915342194851,0.7391084657805149,results/batch_tradeoff_20260325_235335/scenario_runs/tradeoff_20260326_055819
optimized,weighted_gini_restore_l050,,weighted_sum,Weighted sum: triangle + 0.5 * equity:gini_restore,Weighted trade-off objective. triangle + 0.5 * equity:gini_restore.,weighted_sum,0.8569780164201928,6325.141000024306,2059674.927297503,0.0889178767151877,5358.566402,0.31050117775787855,5358.566402,0.16666666666666666,1.0,0.3445334197714405,0.133,0.867,0.9,0.9,1,1,results/batch_tradeoff_20260325_235335/scenario_runs/tradeoff_20260326_055819/weighted_gini_restore_l050_20260326_060319,results/batch_tradeoff_20260325_235335/scenario_runs/tradeoff_20260326_055819/weighted_gini_restore_l050_20260326_060319/best,"[1, 16, 15, 29, 12, 22, 3, 18, 20, 10, 13, 2, (11, 12), (8, 6), (6, 2), (5, 4), (16, 10), (1, 3), (17, 16), (7, 8), (21, 20), (24, 13), (22, 23), (3, 1)]","[1, 16, 15, 29, 12, 22, 3, 18, 20, 10, 13, 2]","[(11, 12), (8, 6), (6, 2), (5, 4), (16, 10), (1, 3), (17, 16), (7, 8), (21, 20), (24, 13), (22, 23), (3, 1)]",scenario_060,20260384,12,12,0.2608915342194851,0.7391084657805149,results/batch_tradeoff_20260325_235335/scenario_runs/tradeoff_20260326_055819
optimized,guardrail_gini_restore,,guardrail,Guardrail on equity:gini_restore,Triangle minimization with a fairness guardrail. Guardrail on equity:gini_restore.,guardrail,4525.682252283196,4525.682252283196,2069041.675240405,0.16054855858778705,4212.441736999999,0.5069264211103751,4212.441736999999,0.16666666666666666,1.0,0.44480464767932054,0.133,0.867,0.9,0.9,1,1,results/batch_tradeoff_20260325_235335/scenario_runs/tradeoff_20260326_055819/guardrail_gini_restore_20260326_060433,results/batch_tradeoff_20260325_235335/scenario_runs/tradeoff_20260326_055819/guardrail_gini_restore_20260326_060433/best,"[2, 16, 1, 12, 15, 10, 29, 20, 3, 18, 22, 13, (1, 3), (11, 12), (6, 2), (16, 10), (24, 13), (22, 23), (21, 20), (8, 6), (7, 8), (5, 4), (17, 16), (3, 1)]","[2, 16, 1, 12, 15, 10, 29, 20, 3, 18, 22, 13]","[(1, 3), (11, 12), (6, 2), (16, 10), (24, 13), (22, 23), (21, 20), (8, 6), (7, 8), (5, 4), (17, 16), (3, 1)]",scenario_060,20260384,12,12,0.2608915342194851,0.7391084657805149,results/batch_tradeoff_20260325_235335/scenario_runs/tradeoff_20260326_055819
optimized,weighted_maximin_time_avg_cri_l050,,weighted_sum,Weighted sum: triangle + 0.5 * equity:maximin_time_avg_cri_loss,Weighted trade-off objective. triangle + 0.5 * equity:maximin_time_avg_cri_loss.,weighted_sum,1.0748452548620704,7717.373513649772,6977491.421831663,0.20832471435903788,9167.988975899998,0.4660725580070589,9167.988975899998,0.16666666666666666,1.0,0.3597013956349436,0.133,0.867,0.9,0.9,1,0,results/batch_tradeoff_20260325_235335/scenario_runs/tradeoff_20260326_055819/weighted_maximin_time_avg_cri_l050_20260326_060547,results/batch_tradeoff_20260325_235335/scenario_runs/tradeoff_20260326_055819/weighted_maximin_time_avg_cri_l050_20260326_060547/best,"[16, 1, 2, 15, 12, 22, 13, 29, 20, 3, 10, 18, (11, 12), (3, 1), (22, 23), (8, 6), (16, 10), (6, 2), (17, 16), (1, 3), (21, 20), (5, 4), (7, 8), (24, 13)]","[16, 1, 2, 15, 12, 22, 13, 29, 20, 3, 10, 18]","[(11, 12), (3, 1), (22, 23), (8, 6), (16, 10), (6, 2), (17, 16), (1, 3), (21, 20), (5, 4), (7, 8), (24, 13)]",scenario_060,20260384,12,12,0.2608915342194851,0.7391084657805149,results/batch_tradeoff_20260325_235335/scenario_runs/tradeoff_20260326_055819
optimized,baseline_reference,,baseline,Baseline sequence,Baseline repair sequence used as the reference point.,triangle,6181.702886390953,6181.702886390953,4416083.2864566175,0.24603213393061085,5594.671302,0.1918694509954942,5594.671302,0.25,1.0,0.3091412459012651,0.133,0.867,0.9,0.9,1,0,,results/batch_tradeoff_20260325_235335/scenario_runs/tradeoff_20260326_060703/reference,"[17, 19, 5, 7, 4, 9, 13, 30, 27, 16, 3, 12, 8, 26, (16, 8), (16, 10), (18, 20), (2, 6), (11, 12), (22, 15), (13, 24), (22, 23), (6, 8), (8, 16), (19, 20), (20, 21)]","[17, 19, 5, 7, 4, 9, 13, 30, 27, 16, 3, 12, 8, 26]","[(16, 8), (16, 10), (18, 20), (2, 6), (11, 12), (22, 15), (13, 24), (22, 23), (6, 8), (8, 16), (19, 20), (20, 21)]",scenario_061,20260385,14,12,0.31298774289205294,0.6870122571079471,results/batch_tradeoff_20260325_235335/scenario_runs/tradeoff_20260326_060703
optimized,single_triangle,,single,Single objective: triangle,Pure efficiency objective that minimizes resilience-triangle loss.,triangle,2772.627860689582,2772.627860689582,998482.3451471037,0.21123538843490564,2925.241219,0.28213086244783575,2925.241219,0.25,1.0,0.3277957742499594,0.133,0.867,0.9,0.9,1,1,results/batch_tradeoff_20260325_235335/scenario_runs/tradeoff_20260326_060703/single_triangle_20260326_060704,results/batch_tradeoff_20260325_235335/scenario_runs/tradeoff_20260326_060703/single_triangle_20260326_060704/best,"[7, 4, 3, 30, 19, 9, 8, 13, 12, 27, 26, 16, 5, 17, (13, 24), (6, 8), (2, 6), (22, 15), (11, 12), (19, 20), (16, 8), (16, 10), (20, 21), (18, 20), (8, 16), (22, 23)]","[7, 4, 3, 30, 19, 9, 8, 13, 12, 27, 26, 16, 5, 17]","[(13, 24), (6, 8), (2, 6), (22, 15), (11, 12), (19, 20), (16, 8), (16, 10), (20, 21), (18, 20), (8, 16), (22, 23)]",scenario_061,20260385,14,12,0.31298774289205294,0.6870122571079471,results/batch_tradeoff_20260325_235335/scenario_runs/tradeoff_20260326_060703
optimized,single_gini_restore,,single,Single objective: gini_restore,Equity objective that reduces restoration-time inequality using Gini.,equity:gini_restore,0.17184239903372545,4324.592142402784,1772008.6992183768,0.17184239903372545,3811.3683359999995,0.1556946478657584,3811.3683359999995,0.25,1.0,0.27018465779250084,0.133,0.867,0.9,0.9,1,0,results/batch_tradeoff_20260325_235335/scenario_runs/tradeoff_20260326_060703/single_gini_restore_20260326_060816,results/batch_tradeoff_20260325_235335/scenario_runs/tradeoff_20260326_060703/single_gini_restore_20260326_060816/best,"[17, 4, 30, 8, 5, 13, 12, 16, 19, 27, 26, 9, 7, 3, (11, 12), (13, 24), (16, 10), (22, 15), (6, 8), (19, 20), (16, 8), (18, 20), (2, 6), (8, 16), (22, 23), (20, 21)]","[17, 4, 30, 8, 5, 13, 12, 16, 19, 27, 26, 9, 7, 3]","[(11, 12), (13, 24), (16, 10), (22, 15), (6, 8), (19, 20), (16, 8), (18, 20), (2, 6), (8, 16), (22, 23), (20, 21)]",scenario_061,20260385,14,12,0.31298774289205294,0.6870122571079471,results/batch_tradeoff_20260325_235335/scenario_runs/tradeoff_20260326_060703
optimized,single_maximin_time_avg_cri,,single,Single objective: maximize minimum time-avg CRI,Equity via maximin: improve the worst-served zone by maximizing the minimum time-averaged CRI.,equity:maximin_time_avg_cri_loss,0.6578023702128062,5824.580864249257,4342591.456306397,0.2126461040384402,6200.648141,0.34219762978719387,6200.648141,0.25,1.0,0.3003186640649066,0.133,0.867,0.9,0.9,1,0,results/batch_tradeoff_20260325_235335/scenario_runs/tradeoff_20260326_060703/single_maximin_time_avg_cri_20260326_060932,results/batch_tradeoff_20260325_235335/scenario_runs/tradeoff_20260326_060703/single_maximin_time_avg_cri_20260326_060932/best,"[3, 7, 16, 17, 13, 5, 4, 19, 8, 12, 9, 27, 30, 26, (13, 24), (22, 23), (11, 12), (19, 20), (8, 16), (20, 21), (18, 20), (16, 10), (6, 8), (22, 15), (2, 6), (16, 8)]","[3, 7, 16, 17, 13, 5, 4, 19, 8, 12, 9, 27, 30, 26]","[(13, 24), (22, 23), (11, 12), (19, 20), (8, 16), (20, 21), (18, 20), (16, 10), (6, 8), (22, 15), (2, 6), (16, 8)]",scenario_061,20260385,14,12,0.31298774289205294,0.6870122571079471,results/batch_tradeoff_20260325_235335/scenario_runs/tradeoff_20260326_060703
optimized,single_p90_access_restore,,single,Single objective: p90_access_restore,Critical-access objective that shortens the time by which 90% of zones regain access.,critical_access:p90_access_restore,3005.440933,3657.3137333412337,1052634.6261136231,0.17572850836919973,3005.440933,0.26799052922064187,3005.440933,0.25,1.0,0.3823919749405241,0.133,0.867,0.9,0.9,1,1,results/batch_tradeoff_20260325_235335/scenario_runs/tradeoff_20260326_060703/single_p90_access_restore_20260326_061045,results/batch_tradeoff_20260325_235335/scenario_runs/tradeoff_20260326_060703/single_p90_access_restore_20260326_061045/best,"[12, 5, 4, 30, 8, 9, 19, 16, 7, 27, 13, 17, 26, 3, (11, 12), (22, 15), (8, 16), (13, 24), (22, 23), (16, 10), (18, 20), (20, 21), (16, 8), (6, 8), (2, 6), (19, 20)]","[12, 5, 4, 30, 8, 9, 19, 16, 7, 27, 13, 17, 26, 3]","[(11, 12), (22, 15), (8, 16), (13, 24), (22, 23), (16, 10), (18, 20), (20, 21), (16, 8), (6, 8), (2, 6), (19, 20)]",scenario_061,20260385,14,12,0.31298774289205294,0.6870122571079471,results/batch_tradeoff_20260325_235335/scenario_runs/tradeoff_20260326_060703
optimized,weighted_gini_restore_l050,,weighted_sum,Weighted sum: triangle + 0.5 * equity:gini_restore,Weighted trade-off objective. triangle + 0.5 * equity:gini_restore.,weighted_sum,0.9292849290442753,3774.3217833064027,1338384.0112679664,0.15683145584509361,3560.661432,0.3248205858081253,3560.661432,0.25,1.0,0.35496392092629936,0.133,0.867,0.9,0.9,1,1,results/batch_tradeoff_20260325_235335/scenario_runs/tradeoff_20260326_060703/weighted_gini_restore_l050_20260326_061158,results/batch_tradeoff_20260325_235335/scenario_runs/tradeoff_20260326_060703/weighted_gini_restore_l050_20260326_061158/best,"[30, 19, 13, 26, 5, 12, 16, 7, 9, 4, 3, 27, 17, 8, (6, 8), (19, 20), (16, 8), (2, 6), (8, 16), (20, 21), (16, 10), (13, 24), (22, 15), (11, 12), (22, 23), (18, 20)]","[30, 19, 13, 26, 5, 12, 16, 7, 9, 4, 3, 27, 17, 8]","[(6, 8), (19, 20), (16, 8), (2, 6), (8, 16), (20, 21), (16, 10), (13, 24), (22, 15), (11, 12), (22, 23), (18, 20)]",scenario_061,20260385,14,12,0.31298774289205294,0.6870122571079471,results/batch_tradeoff_20260325_235335/scenario_runs/tradeoff_20260326_060703
optimized,guardrail_gini_restore,,guardrail,Guardrail on equity:gini_restore,Triangle minimization with a fairness guardrail. Guardrail on equity:gini_restore.,guardrail,2999.5947070465354,2999.5947070465354,1003648.4143894574,0.20734268464042582,2905.0266745999998,0.2430079702464561,2858.147739,0.25,1.0,0.32108150581735106,0.133,0.867,0.9,0.9,1,1,results/batch_tradeoff_20260325_235335/scenario_runs/tradeoff_20260326_060703/guardrail_gini_restore_20260326_061310,results/batch_tradeoff_20260325_235335/scenario_runs/tradeoff_20260326_060703/guardrail_gini_restore_20260326_061310/best,"[13, 16, 17, 4, 9, 12, 5, 3, 8, 27, 26, 7, 30, 19, (13, 24), (6, 8), (2, 6), (22, 15), (11, 12), (19, 20), (16, 8), (16, 10), (22, 23), (8, 16), (18, 20), (20, 21)]","[13, 16, 17, 4, 9, 12, 5, 3, 8, 27, 26, 7, 30, 19]","[(13, 24), (6, 8), (2, 6), (22, 15), (11, 12), (19, 20), (16, 8), (16, 10), (22, 23), (8, 16), (18, 20), (20, 21)]",scenario_061,20260385,14,12,0.31298774289205294,0.6870122571079471,results/batch_tradeoff_20260325_235335/scenario_runs/tradeoff_20260326_060703
optimized,weighted_maximin_time_avg_cri_l050,,weighted_sum,Weighted sum: triangle + 0.5 * equity:maximin_time_avg_cri_loss,Weighted trade-off objective. triangle + 0.5 * equity:maximin_time_avg_cri_loss.,weighted_sum,1.0517633203093593,3650.6771812799757,1599699.3508339524,0.19017322518293334,3631.0931920000003,0.25457781917756994,3631.0931920000003,0.25,1.0,0.2827236760989196,0.133,0.867,0.9,0.9,1,1,results/batch_tradeoff_20260325_235335/scenario_runs/tradeoff_20260326_060703/weighted_maximin_time_avg_cri_l050_20260326_061423,results/batch_tradeoff_20260325_235335/scenario_runs/tradeoff_20260326_060703/weighted_maximin_time_avg_cri_l050_20260326_061423/best,"[5, 19, 9, 12, 27, 13, 30, 17, 8, 26, 3, 7, 16, 4, (11, 12), (19, 20), (16, 10), (8, 16), (22, 23), (16, 8), (18, 20), (6, 8), (20, 21), (22, 15), (13, 24), (2, 6)]","[5, 19, 9, 12, 27, 13, 30, 17, 8, 26, 3, 7, 16, 4]","[(11, 12), (19, 20), (16, 10), (8, 16), (22, 23), (16, 8), (18, 20), (6, 8), (20, 21), (22, 15), (13, 24), (2, 6)]",scenario_061,20260385,14,12,0.31298774289205294,0.6870122571079471,results/batch_tradeoff_20260325_235335/scenario_runs/tradeoff_20260326_060703
optimized,baseline_reference,,baseline,Baseline sequence,Baseline repair sequence used as the reference point.,triangle,6531.351313924353,6531.351313924353,2323641.637295757,0.14289454738498986,5294.7148990000005,0.10456020494371657,5507.9007761,0.08333333333333333,1.0,0.21832240468036243,0.133,0.867,0.9,0.9,1,0,,results/batch_tradeoff_20260325_235335/scenario_runs/tradeoff_20260326_061537/reference,"[2, 33, 13, 25, 31, 8, 20, 15, 32, 23, 6, 22, 26, (23, 22), (3, 1), (8, 16), (10, 9), (14, 23), (1, 2), (18, 16), (24, 23), (4, 3), (14, 15)]","[2, 33, 13, 25, 31, 8, 20, 15, 32, 23, 6, 22, 26]","[(23, 22), (3, 1), (8, 16), (10, 9), (14, 23), (1, 2), (18, 16), (24, 23), (4, 3), (14, 15)]",scenario_062,20260386,13,10,0.24123835943482996,0.75876164056517,results/batch_tradeoff_20260325_235335/scenario_runs/tradeoff_20260326_061537
optimized,single_triangle,,single,Single objective: triangle,Pure efficiency objective that minimizes resilience-triangle loss.,triangle,3106.463753798088,3106.463753798088,679249.2796598942,0.09036525476394552,3501.069608,0.23185716966432982,3465.421257,0.08333333333333333,1.0,0.14085390598628353,0.133,0.867,0.9,0.9,1,1,results/batch_tradeoff_20260325_235335/scenario_runs/tradeoff_20260326_061537/single_triangle_20260326_061538,results/batch_tradeoff_20260325_235335/scenario_runs/tradeoff_20260326_061537/single_triangle_20260326_061538/best,"[2, 33, 8, 6, 32, 26, 20, 23, 15, 25, 13, 31, 22, (4, 3), (10, 9), (23, 22), (1, 2), (18, 16), (14, 15), (8, 16), (14, 23), (24, 23), (3, 1)]","[2, 33, 8, 6, 32, 26, 20, 23, 15, 25, 13, 31, 22]","[(4, 3), (10, 9), (23, 22), (1, 2), (18, 16), (14, 15), (8, 16), (14, 23), (24, 23), (3, 1)]",scenario_062,20260386,13,10,0.24123835943482996,0.75876164056517,results/batch_tradeoff_20260325_235335/scenario_runs/tradeoff_20260326_061537
optimized,single_gini_restore,,single,Single objective: gini_restore,Equity objective that reduces restoration-time inequality using Gini.,equity:gini_restore,0.0728405323267185,4450.717747389505,822134.7772374026,0.0728405323267185,4476.311202,0.33512610344271204,4476.311202,0.08333333333333333,1.0,0.20831493919155844,0.133,0.867,0.9,0.9,1,0,results/batch_tradeoff_20260325_235335/scenario_runs/tradeoff_20260326_061537/single_gini_restore_20260326_061635,results/batch_tradeoff_20260325_235335/scenario_runs/tradeoff_20260326_061537/single_gini_restore_20260326_061635/best,"[8, 33, 23, 6, 22, 2, 20, 31, 15, 25, 13, 26, 32, (8, 16), (4, 3), (10, 9), (18, 16), (14, 15), (24, 23), (23, 22), (1, 2), (3, 1), (14, 23)]","[8, 33, 23, 6, 22, 2, 20, 31, 15, 25, 13, 26, 32]","[(8, 16), (4, 3), (10, 9), (18, 16), (14, 15), (24, 23), (23, 22), (1, 2), (3, 1), (14, 23)]",scenario_062,20260386,13,10,0.24123835943482996,0.75876164056517,results/batch_tradeoff_20260325_235335/scenario_runs/tradeoff_20260326_061537
optimized,single_maximin_time_avg_cri,,single,Single objective: maximize minimum time-avg CRI,Equity via maximin: improve the worst-served zone by maximizing the minimum time-averaged CRI.,equity:maximin_time_avg_cri_loss,0.5836397791164107,4370.719165975476,3128017.685947496,0.2391945010597334,5084.786107,0.4163602208835892,5084.786107,0.08333333333333333,1.0,0.3304927519835201,0.133,0.867,0.9,0.9,1,0,results/batch_tradeoff_20260325_235335/scenario_runs/tradeoff_20260326_061537/single_maximin_time_avg_cri_20260326_061736,results/batch_tradeoff_20260325_235335/scenario_runs/tradeoff_20260326_061537/single_maximin_time_avg_cri_20260326_061736/best,"[22, 2, 8, 32, 33, 26, 20, 31, 6, 15, 13, 23, 25, (3, 1), (4, 3), (10, 9), (8, 16), (14, 15), (14, 23), (1, 2), (23, 22), (24, 23), (18, 16)]","[22, 2, 8, 32, 33, 26, 20, 31, 6, 15, 13, 23, 25]","[(3, 1), (4, 3), (10, 9), (8, 16), (14, 15), (14, 23), (1, 2), (23, 22), (24, 23), (18, 16)]",scenario_062,20260386,13,10,0.24123835943482996,0.75876164056517,results/batch_tradeoff_20260325_235335/scenario_runs/tradeoff_20260326_061537
optimized,single_p90_access_restore,,single,Single objective: p90_access_restore,Critical-access objective that shortens the time by which 90% of zones regain access.,critical_access:p90_access_restore,2604.465128,2474.309098422601,839994.5738748753,0.24373079994600322,2604.465128,0.16372521652864094,2604.465128,0.08333333333333333,1.0,0.22917341069373942,0.133,0.867,0.9,0.9,1,0,results/batch_tradeoff_20260325_235335/scenario_runs/tradeoff_20260326_061537/single_p90_access_restore_20260326_061838,results/batch_tradeoff_20260325_235335/scenario_runs/tradeoff_20260326_061537/single_p90_access_restore_20260326_061838/best,"[15, 25, 20, 13, 31, 8, 2, 23, 32, 22, 33, 6, 26, (3, 1), (1, 2), (14, 23), (23, 22), (8, 16), (18, 16), (4, 3), (10, 9), (14, 15), (24, 23)]","[15, 25, 20, 13, 31, 8, 2, 23, 32, 22, 33, 6, 26]","[(3, 1), (1, 2), (14, 23), (23, 22), (8, 16), (18, 16), (4, 3), (10, 9), (14, 15), (24, 23)]",scenario_062,20260386,13,10,0.24123835943482996,0.75876164056517,results/batch_tradeoff_20260325_235335/scenario_runs/tradeoff_20260326_061537
optimized,weighted_gini_restore_l050,,weighted_sum,Weighted sum: triangle + 0.5 * equity:gini_restore,Weighted trade-off objective. triangle + 0.5 * equity:gini_restore.,weighted_sum,0.9735430645117933,4670.539864328236,792508.6061821189,0.07386149853432555,4602.281990999999,0.3253660502456184,4863.1616189999995,0.08333333333333333,1.0,0.30857070394241926,0.133,0.867,0.9,0.9,1,0,results/batch_tradeoff_20260325_235335/scenario_runs/tradeoff_20260326_061537/weighted_gini_restore_l050_20260326_061937,results/batch_tradeoff_20260325_235335/scenario_runs/tradeoff_20260326_061537/weighted_gini_restore_l050_20260326_061937/best,"[32, 20, 23, 8, 13, 31, 33, 25, 15, 26, 6, 22, 2, (10, 9), (23, 22), (1, 2), (24, 23), (4, 3), (8, 16), (3, 1), (14, 23), (18, 16), (14, 15)]","[32, 20, 23, 8, 13, 31, 33, 25, 15, 26, 6, 22, 2]","[(10, 9), (23, 22), (1, 2), (24, 23), (4, 3), (8, 16), (3, 1), (14, 23), (18, 16), (14, 15)]",scenario_062,20260386,13,10,0.24123835943482996,0.75876164056517,results/batch_tradeoff_20260325_235335/scenario_runs/tradeoff_20260326_061537
optimized,guardrail_gini_restore,,guardrail,Guardrail on equity:gini_restore,Triangle minimization with a fairness guardrail. Guardrail on equity:gini_restore.,guardrail,2462.3647733039775,2462.3647733039775,366007.15374255716,0.10561142402952672,2755.0359012999998,0.15037176764022692,2755.0359012999998,0.08333333333333333,1.0,0.1920851333736467,0.133,0.867,0.9,0.9,1,1,results/batch_tradeoff_20260325_235335/scenario_runs/tradeoff_20260326_061537/guardrail_gini_restore_20260326_062040,results/batch_tradeoff_20260325_235335/scenario_runs/tradeoff_20260326_061537/guardrail_gini_restore_20260326_062040/best,"[15, 33, 32, 23, 26, 8, 20, 6, 31, 2, 13, 22, 25, (4, 3), (23, 22), (14, 15), (10, 9), (18, 16), (8, 16), (14, 23), (24, 23), (3, 1), (1, 2)]","[15, 33, 32, 23, 26, 8, 20, 6, 31, 2, 13, 22, 25]","[(4, 3), (23, 22), (14, 15), (10, 9), (18, 16), (8, 16), (14, 23), (24, 23), (3, 1), (1, 2)]",scenario_062,20260386,13,10,0.24123835943482996,0.75876164056517,results/batch_tradeoff_20260325_235335/scenario_runs/tradeoff_20260326_061537
optimized,weighted_maximin_time_avg_cri_l050,,weighted_sum,Weighted sum: triangle + 0.5 * equity:maximin_time_avg_cri_loss,Weighted trade-off objective. triangle + 0.5 * equity:maximin_time_avg_cri_loss.,weighted_sum,0.9235199054853543,3882.0796408055517,711853.4498779109,0.05723692007457282,4000.07307,0.4105432188816303,4000.07307,0.08333333333333333,1.0,0.2770730650541393,0.133,0.867,0.9,0.9,1,1,results/batch_tradeoff_20260325_235335/scenario_runs/tradeoff_20260326_061537/weighted_maximin_time_avg_cri_l050_20260326_062141,results/batch_tradeoff_20260325_235335/scenario_runs/tradeoff_20260326_061537/weighted_maximin_time_avg_cri_l050_20260326_062141/best,"[22, 8, 20, 6, 26, 32, 23, 25, 15, 2, 31, 33, 13, (10, 9), (23, 22), (14, 15), (8, 16), (4, 3), (24, 23), (1, 2), (14, 23), (3, 1), (18, 16)]","[22, 8, 20, 6, 26, 32, 23, 25, 15, 2, 31, 33, 13]","[(10, 9), (23, 22), (14, 15), (8, 16), (4, 3), (24, 23), (1, 2), (14, 23), (3, 1), (18, 16)]",scenario_062,20260386,13,10,0.24123835943482996,0.75876164056517,results/batch_tradeoff_20260325_235335/scenario_runs/tradeoff_20260326_061537
optimized,baseline_reference,,baseline,Baseline sequence,Baseline repair sequence used as the reference point.,triangle,4251.501263151329,4251.501263151329,1967783.2643340528,0.1742297017439851,4101.621472000001,0.24979886645843424,4101.621472000001,0.20833333333333334,1.0,0.23407821525889785,0.133,0.867,0.9,0.9,1,0,,results/batch_tradeoff_20260325_235335/scenario_runs/tradeoff_20260326_062243/reference,"[33, 31, 15, 26, 16, 14, 23, 4, 3, 12, 11, 5, (9, 8), (22, 23), (10, 9), (17, 19), (2, 6), (1, 2), (16, 18), (5, 4), (11, 12), (14, 15), (20, 18)]","[33, 31, 15, 26, 16, 14, 23, 4, 3, 12, 11, 5]","[(9, 8), (22, 23), (10, 9), (17, 19), (2, 6), (1, 2), (16, 18), (5, 4), (11, 12), (14, 15), (20, 18)]",scenario_063,20260387,12,11,0.33615018782009587,0.6638498121799041,results/batch_tradeoff_20260325_235335/scenario_runs/tradeoff_20260326_062243
optimized,single_triangle,,single,Single objective: triangle,Pure efficiency objective that minimizes resilience-triangle loss.,triangle,2458.5645492934486,2458.5645492934486,800637.6984222922,0.2058149647772649,2368.539112,0.19145238599778155,2368.539112,0.20833333333333334,1.0,0.29630297332971944,0.133,0.867,0.9,0.9,1,0,results/batch_tradeoff_20260325_235335/scenario_runs/tradeoff_20260326_062243/single_triangle_20260326_062244,results/batch_tradeoff_20260325_235335/scenario_runs/tradeoff_20260326_062243/single_triangle_20260326_062244/best,"[33, 23, 15, 11, 12, 31, 14, 16, 3, 4, 5, 26, (5, 4), (11, 12), (10, 9), (17, 19), (22, 23), (20, 18), (9, 8), (16, 18), (14, 15), (2, 6), (1, 2)]","[33, 23, 15, 11, 12, 31, 14, 16, 3, 4, 5, 26]","[(5, 4), (11, 12), (10, 9), (17, 19), (22, 23), (20, 18), (9, 8), (16, 18), (14, 15), (2, 6), (1, 2)]",scenario_063,20260387,12,11,0.33615018782009587,0.6638498121799041,results/batch_tradeoff_20260325_235335/scenario_runs/tradeoff_20260326_062243
optimized,single_gini_restore,,single,Single objective: gini_restore,Equity objective that reduces restoration-time inequality using Gini.,equity:gini_restore,0.1139440564127503,4940.810202745942,1357736.0397844051,0.1139440564127503,3973.0131010000005,0.1902965595975764,3973.0131010000005,0.20833333333333334,1.0,0.21112433393575833,0.133,0.867,0.9,0.9,1,1,results/batch_tradeoff_20260325_235335/scenario_runs/tradeoff_20260326_062243/single_gini_restore_20260326_062345,results/batch_tradeoff_20260325_235335/scenario_runs/tradeoff_20260326_062243/single_gini_restore_20260326_062345/best,"[26, 23, 16, 33, 11, 14, 12, 15, 31, 3, 4, 5, (9, 8), (5, 4), (20, 18), (1, 2), (22, 23), (2, 6), (14, 15), (17, 19), (16, 18), (10, 9), (11, 12)]","[26, 23, 16, 33, 11, 14, 12, 15, 31, 3, 4, 5]","[(9, 8), (5, 4), (20, 18), (1, 2), (22, 23), (2, 6), (14, 15), (17, 19), (16, 18), (10, 9), (11, 12)]",scenario_063,20260387,12,11,0.33615018782009587,0.6638498121799041,results/batch_tradeoff_20260325_235335/scenario_runs/tradeoff_20260326_062243
optimized,single_maximin_time_avg_cri,,single,Single objective: maximize minimum time-avg CRI,Equity via maximin: improve the worst-served zone by maximizing the minimum time-averaged CRI.,equity:maximin_time_avg_cri_loss,0.5225327552452553,3116.616213099455,1980494.5021188266,0.2737733768238606,3653.9694199999994,0.47746724475474467,3653.9694199999994,0.20833333333333334,1.0,0.47402657304323587,0.133,0.867,0.9,0.9,1,0,results/batch_tradeoff_20260325_235335/scenario_runs/tradeoff_20260326_062243/single_maximin_time_avg_cri_20260326_062451,results/batch_tradeoff_20260325_235335/scenario_runs/tradeoff_20260326_062243/single_maximin_time_avg_cri_20260326_062451/best,"[3, 33, 26, 4, 31, 12, 11, 14, 23, 5, 16, 15, (11, 12), (10, 9), (16, 18), (22, 23), (9, 8), (14, 15), (5, 4), (17, 19), (2, 6), (20, 18), (1, 2)]","[3, 33, 26, 4, 31, 12, 11, 14, 23, 5, 16, 15]","[(11, 12), (10, 9), (16, 18), (22, 23), (9, 8), (14, 15), (5, 4), (17, 19), (2, 6), (20, 18), (1, 2)]",scenario_063,20260387,12,11,0.33615018782009587,0.6638498121799041,results/batch_tradeoff_20260325_235335/scenario_runs/tradeoff_20260326_062243
optimized,single_p90_access_restore,,single,Single objective: p90_access_restore,Critical-access objective that shortens the time by which 90% of zones regain access.,critical_access:p90_access_restore,2109.0064737,1400.8785647064458,355927.2096585131,0.24290408025487897,2109.0064737,0.3297932436956342,2109.0064737,0.20833333333333334,1.0,0.4568789731953221,0.133,0.867,0.9,0.9,1,1,results/batch_tradeoff_20260325_235335/scenario_runs/tradeoff_20260326_062243/single_p90_access_restore_20260326_062558,results/batch_tradeoff_20260325_235335/scenario_runs/tradeoff_20260326_062243/single_p90_access_restore_20260326_062558/best,"[16, 15, 14, 12, 11, 31, 3, 4, 23, 5, 26, 33, (20, 18), (9, 8), (10, 9), (17, 19), (11, 12), (22, 23), (14, 15), (16, 18), (2, 6), (5, 4), (1, 2)]","[16, 15, 14, 12, 11, 31, 3, 4, 23, 5, 26, 33]","[(20, 18), (9, 8), (10, 9), (17, 19), (11, 12), (22, 23), (14, 15), (16, 18), (2, 6), (5, 4), (1, 2)]",scenario_063,20260387,12,11,0.33615018782009587,0.6638498121799041,results/batch_tradeoff_20260325_235335/scenario_runs/tradeoff_20260326_062243
optimized,weighted_gini_restore_l050,,weighted_sum,Weighted sum: triangle + 0.5 * equity:gini_restore,Weighted trade-off objective. triangle + 0.5 * equity:gini_restore.,weighted_sum,1.0629082044709248,2545.459053628109,543436.1181512241,0.16175072702141957,2364.496792,0.234938603274061,2364.496792,0.20833333333333334,1.0,0.24463354997226824,0.133,0.867,0.9,0.9,1,0,results/batch_tradeoff_20260325_235335/scenario_runs/tradeoff_20260326_062243/weighted_gini_restore_l050_20260326_062703,results/batch_tradeoff_20260325_235335/scenario_runs/tradeoff_20260326_062243/weighted_gini_restore_l050_20260326_062703/best,"[5, 3, 12, 33, 4, 23, 26, 16, 14, 15, 11, 31, (16, 18), (10, 9), (14, 15), (20, 18), (9, 8), (17, 19), (22, 23), (1, 2), (11, 12), (2, 6), (5, 4)]","[5, 3, 12, 33, 4, 23, 26, 16, 14, 15, 11, 31]","[(16, 18), (10, 9), (14, 15), (20, 18), (9, 8), (17, 19), (22, 23), (1, 2), (11, 12), (2, 6), (5, 4)]",scenario_063,20260387,12,11,0.33615018782009587,0.6638498121799041,results/batch_tradeoff_20260325_235335/scenario_runs/tradeoff_20260326_062243
optimized,guardrail_gini_restore,,guardrail,Guardrail on equity:gini_restore,Triangle minimization with a fairness guardrail. Guardrail on equity:gini_restore.,guardrail,1717.907380966712,1717.907380966712,346061.2827202954,0.1577211148654427,1990.2668679999997,0.23315408343958952,1990.2668679999997,0.20833333333333334,1.0,0.2585847258223061,0.133,0.867,0.9,0.9,1,1,results/batch_tradeoff_20260325_235335/scenario_runs/tradeoff_20260326_062243/guardrail_gini_restore_20260326_062810,results/batch_tradeoff_20260325_235335/scenario_runs/tradeoff_20260326_062243/guardrail_gini_restore_20260326_062810/best,"[15, 11, 31, 26, 14, 12, 5, 3, 23, 33, 4, 16, (9, 8), (10, 9), (20, 18), (17, 19), (22, 23), (14, 15), (16, 18), (5, 4), (11, 12), (2, 6), (1, 2)]","[15, 11, 31, 26, 14, 12, 5, 3, 23, 33, 4, 16]","[(9, 8), (10, 9), (20, 18), (17, 19), (22, 23), (14, 15), (16, 18), (5, 4), (11, 12), (2, 6), (1, 2)]",scenario_063,20260387,12,11,0.33615018782009587,0.6638498121799041,results/batch_tradeoff_20260325_235335/scenario_runs/tradeoff_20260326_062243
optimized,weighted_maximin_time_avg_cri_l050,,weighted_sum,Weighted sum: triangle + 0.5 * equity:maximin_time_avg_cri_loss,Weighted trade-off objective. triangle + 0.5 * equity:maximin_time_avg_cri_loss.,weighted_sum,1.077575591394284,2735.736715051886,1273103.6510174375,0.2496894846121256,3312.940849,0.348675173087764,3312.940849,0.20833333333333334,1.0,0.34512786238299265,0.133,0.867,0.9,0.9,1,0,results/batch_tradeoff_20260325_235335/scenario_runs/tradeoff_20260326_062243/weighted_maximin_time_avg_cri_l050_20260326_062915,results/batch_tradeoff_20260325_235335/scenario_runs/tradeoff_20260326_062243/weighted_maximin_time_avg_cri_l050_20260326_062915/best,"[16, 14, 11, 33, 3, 5, 12, 15, 4, 26, 23, 31, (5, 4), (11, 12), (17, 19), (16, 18), (9, 8), (14, 15), (22, 23), (10, 9), (1, 2), (2, 6), (20, 18)]","[16, 14, 11, 33, 3, 5, 12, 15, 4, 26, 23, 31]","[(5, 4), (11, 12), (17, 19), (16, 18), (9, 8), (14, 15), (22, 23), (10, 9), (1, 2), (2, 6), (20, 18)]",scenario_063,20260387,12,11,0.33615018782009587,0.6638498121799041,results/batch_tradeoff_20260325_235335/scenario_runs/tradeoff_20260326_062243
optimized,baseline_reference,,baseline,Baseline sequence,Baseline repair sequence used as the reference point.,triangle,1024.2578982505286,1024.2578982505286,266345.938680074,0.29287570043420375,1193.540351,0.3027389025558044,1193.540351,0.2916666666666667,1.0,0.29453890282284506,0.133,0.867,0.9,0.9,1,0,,results/batch_tradeoff_20260325_235335/scenario_runs/tradeoff_20260326_063020/reference,"[15, 25, 17, 16, 33, 18, 26, 10, 32, 5, (6, 2), (8, 7), (6, 8)]","[15, 25, 17, 16, 33, 18, 26, 10, 32, 5]","[(6, 2), (8, 7), (6, 8)]",scenario_064,20260388,10,3,0.3053251679605198,0.6946748320394803,results/batch_tradeoff_20260325_235335/scenario_runs/tradeoff_20260326_063020
optimized,single_triangle,,single,Single objective: triangle,Pure efficiency objective that minimizes resilience-triangle loss.,triangle,540.5751563190377,540.5751563190377,202010.7705988967,0.2671999773981075,1192.332572,0.59579828392295,1192.332572,0.2916666666666667,1.0,0.43707455868137884,0.133,0.867,0.9,0.9,1,0,results/batch_tradeoff_20260325_235335/scenario_runs/tradeoff_20260326_063020/single_triangle_20260326_063020,results/batch_tradeoff_20260325_235335/scenario_runs/tradeoff_20260326_063020/single_triangle_20260326_063020/best,"[10, 25, 5, 26, 33, 32, 15, 17, 16, 18, (6, 8), (8, 7), (6, 2)]","[10, 25, 5, 26, 33, 32, 15, 17, 16, 18]","[(6, 8), (8, 7), (6, 2)]",scenario_064,20260388,10,3,0.3053251679605198,0.6946748320394803,results/batch_tradeoff_20260325_235335/scenario_runs/tradeoff_20260326_063020
optimized,single_gini_restore,,single,Single objective: gini_restore,Equity objective that reduces restoration-time inequality using Gini.,equity:gini_restore,0.19027321917706397,775.179237970525,120821.98278218448,0.19027321917706397,975.1690980000001,0.3321573503037095,975.1690980000001,0.2916666666666667,1.0,0.2801127901580272,0.133,0.867,0.9,0.9,1,1,results/batch_tradeoff_20260325_235335/scenario_runs/tradeoff_20260326_063020/single_gini_restore_20260326_063057,results/batch_tradeoff_20260325_235335/scenario_runs/tradeoff_20260326_063020/single_gini_restore_20260326_063057/best,"[15, 25, 10, 32, 18, 17, 26, 33, 16, 5, (6, 8), (8, 7), (6, 2)]","[15, 25, 10, 32, 18, 17, 26, 33, 16, 5]","[(6, 8), (8, 7), (6, 2)]",scenario_064,20260388,10,3,0.3053251679605198,0.6946748320394803,results/batch_tradeoff_20260325_235335/scenario_runs/tradeoff_20260326_063020
optimized,single_maximin_time_avg_cri,,single,Single objective: maximize minimum time-avg CRI,Equity via maximin: improve the worst-served zone by maximizing the minimum time-averaged CRI.,equity:maximin_time_avg_cri_loss,0.40402393900026456,608.5897115433116,203960.01774021765,0.3106177510859076,1111.549529,0.5959760609997354,1111.549529,0.2916666666666667,1.0,0.42396306237080567,0.133,0.867,0.9,0.9,1,0,results/batch_tradeoff_20260325_235335/scenario_runs/tradeoff_20260326_063020/single_maximin_time_avg_cri_20260326_063139,results/batch_tradeoff_20260325_235335/scenario_runs/tradeoff_20260326_063020/single_maximin_time_avg_cri_20260326_063139/best,"[10, 5, 33, 16, 25, 26, 32, 18, 15, 17, (6, 8), (6, 2), (8, 7)]","[10, 5, 33, 16, 25, 26, 32, 18, 15, 17]","[(6, 8), (6, 2), (8, 7)]",scenario_064,20260388,10,3,0.3053251679605198,0.6946748320394803,results/batch_tradeoff_20260325_235335/scenario_runs/tradeoff_20260326_063020
optimized,single_p90_access_restore,,single,Single objective: p90_access_restore,Critical-access objective that shortens the time by which 90% of zones regain access.,critical_access:p90_access_restore,619.143866,550.5390059848642,75536.20079238365,0.30576983248284306,619.143866,0.5545126369422514,619.143866,0.2916666666666667,1.0,0.47402971525658355,0.133,0.867,0.9,0.9,1,0,results/batch_tradeoff_20260325_235335/scenario_runs/tradeoff_20260326_063020/single_p90_access_restore_20260326_063217,results/batch_tradeoff_20260325_235335/scenario_runs/tradeoff_20260326_063020/single_p90_access_restore_20260326_063217/best,"[15, 18, 5, 33, 17, 16, 26, 25, 10, 32, (6, 8), (6, 2), (8, 7)]","[15, 18, 5, 33, 17, 16, 26, 25, 10, 32]","[(6, 8), (6, 2), (8, 7)]",scenario_064,20260388,10,3,0.3053251679605198,0.6946748320394803,results/batch_tradeoff_20260325_235335/scenario_runs/tradeoff_20260326_063020
optimized,weighted_gini_restore_l050,,weighted_sum,Weighted sum: triangle + 0.5 * equity:gini_restore,Weighted trade-off objective. triangle + 0.5 * equity:gini_restore.,weighted_sum,0.9573312241078575,565.680866281358,121430.29794970724,0.23725719785198418,934.347945,0.5499302786590993,934.347945,0.2916666666666667,1.0,0.37933408156993736,0.133,0.867,0.9,0.9,1,1,results/batch_tradeoff_20260325_235335/scenario_runs/tradeoff_20260326_063020/weighted_gini_restore_l050_20260326_063254,results/batch_tradeoff_20260325_235335/scenario_runs/tradeoff_20260326_063020/weighted_gini_restore_l050_20260326_063254/best,"[25, 26, 17, 33, 32, 5, 10, 18, 16, 15, (6, 8), (6, 2), (8, 7)]","[25, 26, 17, 33, 32, 5, 10, 18, 16, 15]","[(6, 8), (6, 2), (8, 7)]",scenario_064,20260388,10,3,0.3053251679605198,0.6946748320394803,results/batch_tradeoff_20260325_235335/scenario_runs/tradeoff_20260326_063020
optimized,guardrail_gini_restore,,guardrail,Guardrail on equity:gini_restore,Triangle minimization with a fairness guardrail. Guardrail on equity:gini_restore.,guardrail,428.5478770991621,428.5478770991621,78088.35432184346,0.2375391336256718,809.5120040000002,0.5159722833068136,809.5120040000002,0.2916666666666667,1.0,0.40169551549973065,0.133,0.867,0.9,0.9,1,1,results/batch_tradeoff_20260325_235335/scenario_runs/tradeoff_20260326_063020/guardrail_gini_restore_20260326_063332,results/batch_tradeoff_20260325_235335/scenario_runs/tradeoff_20260326_063020/guardrail_gini_restore_20260326_063332/best,"[10, 25, 5, 33, 32, 17, 26, 15, 16, 18, (6, 8), (8, 7), (6, 2)]","[10, 25, 5, 33, 32, 17, 26, 15, 16, 18]","[(6, 8), (8, 7), (6, 2)]",scenario_064,20260388,10,3,0.3053251679605198,0.6946748320394803,results/batch_tradeoff_20260325_235335/scenario_runs/tradeoff_20260326_063020
optimized,weighted_maximin_time_avg_cri_l050,,weighted_sum,Weighted sum: triangle + 0.5 * equity:maximin_time_avg_cri_loss,Weighted trade-off objective. triangle + 0.5 * equity:maximin_time_avg_cri_loss.,weighted_sum,0.7792004001733384,476.52592084566817,101058.90411119511,0.3277878512654231,796.918179,0.5621754936242703,796.918179,0.2916666666666667,1.0,0.4318007590902252,0.133,0.867,0.9,0.9,1,0,results/batch_tradeoff_20260325_235335/scenario_runs/tradeoff_20260326_063020/weighted_maximin_time_avg_cri_l050_20260326_063410,results/batch_tradeoff_20260325_235335/scenario_runs/tradeoff_20260326_063020/weighted_maximin_time_avg_cri_l050_20260326_063410/best,"[10, 26, 16, 5, 33, 25, 15, 18, 32, 17, (6, 8), (6, 2), (8, 7)]","[10, 26, 16, 5, 33, 25, 15, 18, 32, 17]","[(6, 8), (6, 2), (8, 7)]",scenario_064,20260388,10,3,0.3053251679605198,0.6946748320394803,results/batch_tradeoff_20260325_235335/scenario_runs/tradeoff_20260326_063020
optimized,baseline_reference,,baseline,Baseline sequence,Baseline repair sequence used as the reference point.,triangle,2279.4508616471408,2279.4508616471408,603208.474801288,0.18338892134847962,2299.9845149999996,0.26513096920218526,2256.43538,0.25,1.0,0.31338523261300694,0.133,0.867,0.9,0.9,1,0,,results/batch_tradeoff_20260325_235335/scenario_runs/tradeoff_20260326_063447/reference,"[11, 21, 25, 30, 6, 32, 10, 3, 29, 12, 19, (4, 11), (5, 4), (3, 4), (24, 23), (20, 19), (22, 15), (17, 16)]","[11, 21, 25, 30, 6, 32, 10, 3, 29, 12, 19]","[(4, 11), (5, 4), (3, 4), (24, 23), (20, 19), (22, 15), (17, 16)]",scenario_065,20260389,11,7,0.17935479952660202,0.820645200473398,results/batch_tradeoff_20260325_235335/scenario_runs/tradeoff_20260326_063447
optimized,single_triangle,,single,Single objective: triangle,Pure efficiency objective that minimizes resilience-triangle loss.,triangle,1247.0307035731016,1247.0307035731016,171695.74368740586,0.1951193265628064,1322.8912687,0.35225037080668814,1148.2561640000001,0.25,1.0,0.40833221432045747,0.133,0.867,0.9,0.9,1,1,results/batch_tradeoff_20260325_235335/scenario_runs/tradeoff_20260326_063447/single_triangle_20260326_063448,results/batch_tradeoff_20260325_235335/scenario_runs/tradeoff_20260326_063447/single_triangle_20260326_063448/best,"[10, 11, 12, 30, 29, 6, 21, 32, 25, 3, 19, (4, 11), (5, 4), (3, 4), (22, 15), (20, 19), (17, 16), (24, 23)]","[10, 11, 12, 30, 29, 6, 21, 32, 25, 3, 19]","[(4, 11), (5, 4), (3, 4), (22, 15), (20, 19), (17, 16), (24, 23)]",scenario_065,20260389,11,7,0.17935479952660202,0.820645200473398,results/batch_tradeoff_20260325_235335/scenario_runs/tradeoff_20260326_063447
optimized,single_gini_restore,,single,Single objective: gini_restore,Equity objective that reduces restoration-time inequality using Gini.,equity:gini_restore,0.1664619563777816,2108.88928426523,493109.2447258099,0.1664619563777816,2144.5332029999995,0.30989463349716756,2100.9840679999998,0.25,1.0,0.3199211855951939,0.133,0.867,0.9,0.9,1,1,results/batch_tradeoff_20260325_235335/scenario_runs/tradeoff_20260326_063447/single_gini_restore_20260326_063538,results/batch_tradeoff_20260325_235335/scenario_runs/tradeoff_20260326_063447/single_gini_restore_20260326_063538/best,"[11, 21, 25, 30, 29, 32, 10, 3, 6, 12, 19, (4, 11), (5, 4), (3, 4), (17, 16), (20, 19), (22, 15), (24, 23)]","[11, 21, 25, 30, 29, 32, 10, 3, 6, 12, 19]","[(4, 11), (5, 4), (3, 4), (17, 16), (20, 19), (22, 15), (24, 23)]",scenario_065,20260389,11,7,0.17935479952660202,0.820645200473398,results/batch_tradeoff_20260325_235335/scenario_runs/tradeoff_20260326_063447
optimized,single_maximin_time_avg_cri,,single,Single objective: maximize minimum time-avg CRI,Equity via maximin: improve the worst-served zone by maximizing the minimum time-averaged CRI.,equity:maximin_time_avg_cri_loss,0.5978833599323539,1561.098632354781,249634.4966230036,0.20054131209315496,1715.7968100999997,0.4021166400676462,1497.6338,0.25,1.0,0.4091226340461524,0.133,0.867,0.9,0.9,1,0,results/batch_tradeoff_20260325_235335/scenario_runs/tradeoff_20260326_063447/single_maximin_time_avg_cri_20260326_063631,results/batch_tradeoff_20260325_235335/scenario_runs/tradeoff_20260326_063447/single_maximin_time_avg_cri_20260326_063631/best,"[11, 12, 6, 30, 21, 10, 32, 3, 29, 25, 19, (4, 11), (20, 19), (17, 16), (5, 4), (22, 15), (3, 4), (24, 23)]","[11, 12, 6, 30, 21, 10, 32, 3, 29, 25, 19]","[(4, 11), (20, 19), (17, 16), (5, 4), (22, 15), (3, 4), (24, 23)]",scenario_065,20260389,11,7,0.17935479952660202,0.820645200473398,results/batch_tradeoff_20260325_235335/scenario_runs/tradeoff_20260326_063447
optimized,single_p90_access_restore,,single,Single objective: p90_access_restore,Critical-access objective that shortens the time by which 90% of zones regain access.,critical_access:p90_access_restore,1238.5140399999998,1400.3099020840166,190309.12994296293,0.18630609143786803,1415.3779383999995,0.37036970010849724,1238.5140399999998,0.25,1.0,0.3753948036615224,0.133,0.867,0.9,0.9,1,1,results/batch_tradeoff_20260325_235335/scenario_runs/tradeoff_20260326_063447/single_p90_access_restore_20260326_063721,results/batch_tradeoff_20260325_235335/scenario_runs/tradeoff_20260326_063447/single_p90_access_restore_20260326_063721/best,"[12, 21, 6, 30, 29, 32, 3, 10, 25, 11, 19, (20, 19), (24, 23), (5, 4), (17, 16), (22, 15), (4, 11), (3, 4)]","[12, 21, 6, 30, 29, 32, 3, 10, 25, 11, 19]","[(20, 19), (24, 23), (5, 4), (17, 16), (22, 15), (4, 11), (3, 4)]",scenario_065,20260389,11,7,0.17935479952660202,0.820645200473398,results/batch_tradeoff_20260325_235335/scenario_runs/tradeoff_20260326_063447
optimized,weighted_gini_restore_l050,,weighted_sum,Weighted sum: triangle + 0.5 * equity:gini_restore,Weighted trade-off objective. triangle + 0.5 * equity:gini_restore.,weighted_sum,1.1869340510752309,1656.737235364868,289313.7806025839,0.16876176942991394,1569.1197099999995,0.22789109297818172,1557.8257332999997,0.25,1.0,0.3035898288261682,0.133,0.867,0.9,0.9,1,1,results/batch_tradeoff_20260325_235335/scenario_runs/tradeoff_20260326_063447/weighted_gini_restore_l050_20260326_063814,results/batch_tradeoff_20260325_235335/scenario_runs/tradeoff_20260326_063447/weighted_gini_restore_l050_20260326_063814/best,"[11, 10, 29, 30, 21, 19, 25, 12, 3, 6, 32, (4, 11), (5, 4), (3, 4), (17, 16), (22, 15), (20, 19), (24, 23)]","[11, 10, 29, 30, 21, 19, 25, 12, 3, 6, 32]","[(4, 11), (5, 4), (3, 4), (17, 16), (22, 15), (20, 19), (24, 23)]",scenario_065,20260389,11,7,0.17935479952660202,0.820645200473398,results/batch_tradeoff_20260325_235335/scenario_runs/tradeoff_20260326_063447
optimized,guardrail_gini_restore,,guardrail,Guardrail on equity:gini_restore,Triangle minimization with a fairness guardrail. Guardrail on equity:gini_restore.,guardrail,1405.2552728928333,1405.2552728928333,216346.28613660266,0.17241192253536708,1452.797557,0.31073395502853496,1409.2484220000001,0.25,1.0,0.33607123234960246,0.133,0.867,0.9,0.9,1,1,results/batch_tradeoff_20260325_235335/scenario_runs/tradeoff_20260326_063447/guardrail_gini_restore_20260326_063904,results/batch_tradeoff_20260325_235335/scenario_runs/tradeoff_20260326_063447/guardrail_gini_restore_20260326_063904/best,"[10, 11, 30, 25, 29, 32, 3, 6, 21, 12, 19, (4, 11), (3, 4), (5, 4), (22, 15), (20, 19), (17, 16), (24, 23)]","[10, 11, 30, 25, 29, 32, 3, 6, 21, 12, 19]","[(4, 11), (3, 4), (5, 4), (22, 15), (20, 19), (17, 16), (24, 23)]",scenario_065,20260389,11,7,0.17935479952660202,0.820645200473398,results/batch_tradeoff_20260325_235335/scenario_runs/tradeoff_20260326_063447
optimized,weighted_maximin_time_avg_cri_l050,,weighted_sum,Weighted sum: triangle + 0.5 * equity:maximin_time_avg_cri_loss,Weighted trade-off objective. triangle + 0.5 * equity:maximin_time_avg_cri_loss.,weighted_sum,0.9493418822600832,1369.8751223468078,287293.1731815275,0.2851049290986494,1708.6600918,0.4879804185166979,1532.097976,0.25,1.0,0.4588471990491084,0.133,0.867,0.9,0.9,1,0,results/batch_tradeoff_20260325_235335/scenario_runs/tradeoff_20260326_063447/weighted_maximin_time_avg_cri_l050_20260326_063954,results/batch_tradeoff_20260325_235335/scenario_runs/tradeoff_20260326_063447/weighted_maximin_time_avg_cri_l050_20260326_063954/best,"[12, 3, 32, 21, 6, 29, 10, 11, 30, 25, 19, (20, 19), (17, 16), (22, 15), (24, 23), (4, 11), (5, 4), (3, 4)]","[12, 3, 32, 21, 6, 29, 10, 11, 30, 25, 19]","[(20, 19), (17, 16), (22, 15), (24, 23), (4, 11), (5, 4), (3, 4)]",scenario_065,20260389,11,7,0.17935479952660202,0.820645200473398,results/batch_tradeoff_20260325_235335/scenario_runs/tradeoff_20260326_063447
optimized,baseline_reference,,baseline,Baseline sequence,Baseline repair sequence used as the reference point.,triangle,2270.7815428345652,2270.7815428345652,465215.1461926596,0.16251060476402013,2149.918973,0.30350883563406694,2149.918973,0.20833333333333334,1.0,0.2848112711369921,0.133,0.867,0.9,0.9,1,0,,results/batch_tradeoff_20260325_235335/scenario_runs/tradeoff_20260326_064047/reference,"[32, 31, 33, 21, 13, 19, 11, 1, 28, 25, 24, 10, 4, 18, 9, (4, 5), (7, 8), (4, 3), (10, 15), (8, 9), (15, 19), (8, 7)]","[32, 31, 33, 21, 13, 19, 11, 1, 28, 25, 24, 10, 4, 18, 9]","[(4, 5), (7, 8), (4, 3), (10, 15), (8, 9), (15, 19), (8, 7)]",scenario_066,20260390,15,7,0.2894240263926857,0.7105759736073143,results/batch_tradeoff_20260325_235335/scenario_runs/tradeoff_20260326_064047
optimized,single_triangle,,single,Single objective: triangle,Pure efficiency objective that minimizes resilience-triangle loss.,triangle,1484.289468300593,1484.289468300593,269938.93590028846,0.20547563575900685,1503.0669990000001,0.40069336487177837,1503.0669990000001,0.20833333333333334,1.0,0.2926997996714051,0.133,0.867,0.9,0.9,1,0,results/batch_tradeoff_20260325_235335/scenario_runs/tradeoff_20260326_064047/single_triangle_20260326_064048,results/batch_tradeoff_20260325_235335/scenario_runs/tradeoff_20260326_064047/single_triangle_20260326_064048/best,"[1, 33, 18, 21, 10, 24, 11, 32, 28, 4, 9, 19, 25, 31, 13, (4, 5), (8, 9), (10, 15), (15, 19), (7, 8), (8, 7), (4, 3)]","[1, 33, 18, 21, 10, 24, 11, 32, 28, 4, 9, 19, 25, 31, 13]","[(4, 5), (8, 9), (10, 15), (15, 19), (7, 8), (8, 7), (4, 3)]",scenario_066,20260390,15,7,0.2894240263926857,0.7105759736073143,results/batch_tradeoff_20260325_235335/scenario_runs/tradeoff_20260326_064047
optimized,single_gini_restore,,single,Single objective: gini_restore,Equity objective that reduces restoration-time inequality using Gini.,equity:gini_restore,0.1511026380589413,2325.4085759975587,435925.8139687697,0.1511026380589413,2149.712807,0.3208236463344278,2149.712807,0.20833333333333334,1.0,0.29620184045123943,0.133,0.867,0.9,0.9,1,0,results/batch_tradeoff_20260325_235335/scenario_runs/tradeoff_20260326_064047/single_gini_restore_20260326_064151,results/batch_tradeoff_20260325_235335/scenario_runs/tradeoff_20260326_064047/single_gini_restore_20260326_064151/best,"[32, 10, 28, 21, 31, 19, 11, 33, 1, 25, 24, 13, 4, 9, 18, (10, 15), (4, 5), (8, 9), (4, 3), (15, 19), (7, 8), (8, 7)]","[32, 10, 28, 21, 31, 19, 11, 33, 1, 25, 24, 13, 4, 9, 18]","[(10, 15), (4, 5), (8, 9), (4, 3), (15, 19), (7, 8), (8, 7)]",scenario_066,20260390,15,7,0.2894240263926857,0.7105759736073143,results/batch_tradeoff_20260325_235335/scenario_runs/tradeoff_20260326_064047
optimized,single_maximin_time_avg_cri,,single,Single objective: maximize minimum time-avg CRI,Equity via maximin: improve the worst-served zone by maximizing the minimum time-averaged CRI.,equity:maximin_time_avg_cri_loss,0.5583493565030719,2043.1564921323188,603280.1475807941,0.24315868938914886,2189.220148,0.4416506434969281,2189.220148,0.20833333333333334,1.0,0.35163726155861535,0.133,0.867,0.9,0.9,1,0,results/batch_tradeoff_20260325_235335/scenario_runs/tradeoff_20260326_064047/single_maximin_time_avg_cri_20260326_064251,results/batch_tradeoff_20260325_235335/scenario_runs/tradeoff_20260326_064047/single_maximin_time_avg_cri_20260326_064251/best,"[10, 21, 28, 33, 1, 19, 4, 13, 25, 18, 32, 11, 9, 31, 24, (8, 9), (4, 5), (10, 15), (15, 19), (8, 7), (4, 3), (7, 8)]","[10, 21, 28, 33, 1, 19, 4, 13, 25, 18, 32, 11, 9, 31, 24]","[(8, 9), (4, 5), (10, 15), (15, 19), (8, 7), (4, 3), (7, 8)]",scenario_066,20260390,15,7,0.2894240263926857,0.7105759736073143,results/batch_tradeoff_20260325_235335/scenario_runs/tradeoff_20260326_064047
optimized,single_p90_access_restore,,single,Single objective: p90_access_restore,Critical-access objective that shortens the time by which 90% of zones regain access.,critical_access:p90_access_restore,1235.6199169999998,1430.925408900786,135359.11687820722,0.15308363872886654,1235.6199169999998,0.3200354155659223,1235.6199169999998,0.20833333333333334,1.0,0.3132553823119707,0.133,0.867,0.9,0.9,1,0,results/batch_tradeoff_20260325_235335/scenario_runs/tradeoff_20260326_064047/single_p90_access_restore_20260326_064355,results/batch_tradeoff_20260325_235335/scenario_runs/tradeoff_20260326_064047/single_p90_access_restore_20260326_064355/best,"[4, 28, 33, 9, 31, 19, 11, 13, 1, 25, 10, 24, 21, 18, 32, (7, 8), (4, 5), (10, 15), (8, 9), (15, 19), (8, 7), (4, 3)]","[4, 28, 33, 9, 31, 19, 11, 13, 1, 25, 10, 24, 21, 18, 32]","[(7, 8), (4, 5), (10, 15), (8, 9), (15, 19), (8, 7), (4, 3)]",scenario_066,20260390,15,7,0.2894240263926857,0.7105759736073143,results/batch_tradeoff_20260325_235335/scenario_runs/tradeoff_20260326_064047
optimized,weighted_gini_restore_l050,,weighted_sum,Weighted sum: triangle + 0.5 * equity:gini_restore,Weighted trade-off objective. triangle + 0.5 * equity:gini_restore.,weighted_sum,1.0896772032466209,1301.9307108254714,165446.5852785635,0.16782042480416082,1414.8382020000001,0.36216386764701103,1414.8382020000001,0.20833333333333334,1.0,0.32591955468700307,0.133,0.867,0.9,0.9,1,0,results/batch_tradeoff_20260325_235335/scenario_runs/tradeoff_20260326_064047/weighted_gini_restore_l050_20260326_064459,results/batch_tradeoff_20260325_235335/scenario_runs/tradeoff_20260326_064047/weighted_gini_restore_l050_20260326_064459/best,"[11, 24, 25, 21, 19, 28, 4, 32, 31, 10, 13, 1, 9, 18, 33, (4, 5), (8, 7), (10, 15), (7, 8), (15, 19), (4, 3), (8, 9)]","[11, 24, 25, 21, 19, 28, 4, 32, 31, 10, 13, 1, 9, 18, 33]","[(4, 5), (8, 7), (10, 15), (7, 8), (15, 19), (4, 3), (8, 9)]",scenario_066,20260390,15,7,0.2894240263926857,0.7105759736073143,results/batch_tradeoff_20260325_235335/scenario_runs/tradeoff_20260326_064047
optimized,guardrail_gini_restore,,guardrail,Guardrail on equity:gini_restore,Triangle minimization with a fairness guardrail. Guardrail on equity:gini_restore.,guardrail,1335.1427895900797,1335.1427895900797,155530.90671191903,0.15093093584441108,1350.254781,0.3239979666651014,1350.254781,0.20833333333333334,1.0,0.275563393067766,0.133,0.867,0.9,0.9,1,1,results/batch_tradeoff_20260325_235335/scenario_runs/tradeoff_20260326_064047/guardrail_gini_restore_20260326_064603,results/batch_tradeoff_20260325_235335/scenario_runs/tradeoff_20260326_064047/guardrail_gini_restore_20260326_064603/best,"[31, 21, 13, 32, 33, 4, 19, 28, 11, 1, 24, 10, 25, 18, 9, (4, 5), (10, 15), (15, 19), (8, 9), (8, 7), (7, 8), (4, 3)]","[31, 21, 13, 32, 33, 4, 19, 28, 11, 1, 24, 10, 25, 18, 9]","[(4, 5), (10, 15), (15, 19), (8, 9), (8, 7), (7, 8), (4, 3)]",scenario_066,20260390,15,7,0.2894240263926857,0.7105759736073143,results/batch_tradeoff_20260325_235335/scenario_runs/tradeoff_20260326_064047
optimized,weighted_maximin_time_avg_cri_l050,,weighted_sum,Weighted sum: triangle + 0.5 * equity:maximin_time_avg_cri_loss,Weighted trade-off objective. triangle + 0.5 * equity:maximin_time_avg_cri_loss.,weighted_sum,0.9580075636205159,1066.2648702871181,108701.15293448714,0.16656552882283848,1150.2763304000002,0.31959914429393627,1130.026344,0.20833333333333334,1.0,0.3158993371717318,0.133,0.867,0.9,0.9,1,1,results/batch_tradeoff_20260325_235335/scenario_runs/tradeoff_20260326_064047/weighted_maximin_time_avg_cri_l050_20260326_064703,results/batch_tradeoff_20260325_235335/scenario_runs/tradeoff_20260326_064047/weighted_maximin_time_avg_cri_l050_20260326_064703/best,"[10, 24, 25, 11, 19, 21, 31, 13, 1, 9, 28, 4, 18, 33, 32, (10, 15), (8, 9), (4, 5), (8, 7), (15, 19), (7, 8), (4, 3)]","[10, 24, 25, 11, 19, 21, 31, 13, 1, 9, 28, 4, 18, 33, 32]","[(10, 15), (8, 9), (4, 5), (8, 7), (15, 19), (7, 8), (4, 3)]",scenario_066,20260390,15,7,0.2894240263926857,0.7105759736073143,results/batch_tradeoff_20260325_235335/scenario_runs/tradeoff_20260326_064047
optimized,baseline_reference,,baseline,Baseline sequence,Baseline repair sequence used as the reference point.,triangle,3860.6044357009505,3860.6044357009505,3444203.1603078707,0.2579544245049614,4531.221936,0.3325160994422513,4531.221936,0.16666666666666666,1.0,0.29381661985352525,0.133,0.867,0.9,0.9,1,0,,results/batch_tradeoff_20260325_235335/scenario_runs/tradeoff_20260326_064808/reference,"[2, 19, 8, 31, 28, 13, 16, 4, 10, (3, 4), (5, 9), (23, 24), (9, 10), (9, 8), (8, 6), (14, 23), (2, 1), (15, 19)]","[2, 19, 8, 31, 28, 13, 16, 4, 10]","[(3, 4), (5, 9), (23, 24), (9, 10), (9, 8), (8, 6), (14, 23), (2, 1), (15, 19)]",scenario_067,20260391,9,9,0.2934566847132765,0.7065433152867234,results/batch_tradeoff_20260325_235335/scenario_runs/tradeoff_20260326_064808
optimized,single_triangle,,single,Single objective: triangle,Pure efficiency objective that minimizes resilience-triangle loss.,triangle,1805.2254937827129,1805.2254937827129,754801.9056432018,0.30729313386638846,2322.7643172999997,0.49506005683468796,1871.535876,0.16666666666666666,1.0,0.4727581360394058,0.133,0.867,0.9,0.9,1,0,results/batch_tradeoff_20260325_235335/scenario_runs/tradeoff_20260326_064808/single_triangle_20260326_064808,results/batch_tradeoff_20260325_235335/scenario_runs/tradeoff_20260326_064808/single_triangle_20260326_064808/best,"[2, 4, 28, 10, 31, 8, 16, 13, 19, (3, 4), (2, 1), (8, 6), (9, 10), (5, 9), (9, 8), (15, 19), (23, 24), (14, 23)]","[2, 4, 28, 10, 31, 8, 16, 13, 19]","[(3, 4), (2, 1), (8, 6), (9, 10), (5, 9), (9, 8), (15, 19), (23, 24), (14, 23)]",scenario_067,20260391,9,9,0.2934566847132765,0.7065433152867234,results/batch_tradeoff_20260325_235335/scenario_runs/tradeoff_20260326_064808
optimized,single_gini_restore,,single,Single objective: gini_restore,Equity objective that reduces restoration-time inequality using Gini.,equity:gini_restore,0.16157846756682326,3425.7320216677263,1196278.901256243,0.16157846756682326,3171.425829999999,0.16807390413573214,3171.425829999999,0.16666666666666666,1.0,0.20236684339916175,0.133,0.867,0.9,0.9,1,1,results/batch_tradeoff_20260325_235335/scenario_runs/tradeoff_20260326_064808/single_gini_restore_20260326_064902,results/batch_tradeoff_20260325_235335/scenario_runs/tradeoff_20260326_064808/single_gini_restore_20260326_064902/best,"[13, 19, 31, 10, 8, 16, 4, 28, 2, (14, 23), (5, 9), (8, 6), (9, 8), (15, 19), (23, 24), (9, 10), (3, 4), (2, 1)]","[13, 19, 31, 10, 8, 16, 4, 28, 2]","[(14, 23), (5, 9), (8, 6), (9, 8), (15, 19), (23, 24), (9, 10), (3, 4), (2, 1)]",scenario_067,20260391,9,9,0.2934566847132765,0.7065433152867234,results/batch_tradeoff_20260325_235335/scenario_runs/tradeoff_20260326_064808
optimized,single_maximin_time_avg_cri,,single,Single objective: maximize minimum time-avg CRI,Equity via maximin: improve the worst-served zone by maximizing the minimum time-averaged CRI.,equity:maximin_time_avg_cri_loss,0.6323951138372805,3574.4460995938375,1465043.697112722,0.21607722967228526,3637.3877006999996,0.36760488616271947,3200.63607,0.16666666666666666,1.0,0.3756386580433431,0.133,0.867,0.9,0.9,1,0,results/batch_tradeoff_20260325_235335/scenario_runs/tradeoff_20260326_064808/single_maximin_time_avg_cri_20260326_064954,results/batch_tradeoff_20260325_235335/scenario_runs/tradeoff_20260326_064808/single_maximin_time_avg_cri_20260326_064954/best,"[4, 2, 28, 13, 16, 31, 8, 10, 19, (3, 4), (5, 9), (15, 19), (9, 8), (23, 24), (8, 6), (2, 1), (9, 10), (14, 23)]","[4, 2, 28, 13, 16, 31, 8, 10, 19]","[(3, 4), (5, 9), (15, 19), (9, 8), (23, 24), (8, 6), (2, 1), (9, 10), (14, 23)]",scenario_067,20260391,9,9,0.2934566847132765,0.7065433152867234,results/batch_tradeoff_20260325_235335/scenario_runs/tradeoff_20260326_064808
optimized,single_p90_access_restore,,single,Single objective: p90_access_restore,Critical-access objective that shortens the time by which 90% of zones regain access.,critical_access:p90_access_restore,1736.1523709999997,2375.8740998685125,427311.9748895327,0.20104305105410125,2189.9731677999994,0.3401790399548503,1736.1523709999997,0.16666666666666666,1.0,0.4244632753574263,0.133,0.867,0.9,0.9,1,1,results/batch_tradeoff_20260325_235335/scenario_runs/tradeoff_20260326_064808/single_p90_access_restore_20260326_065051,results/batch_tradeoff_20260325_235335/scenario_runs/tradeoff_20260326_064808/single_p90_access_restore_20260326_065051/best,"[4, 8, 28, 31, 10, 16, 2, 13, 19, (14, 23), (23, 24), (15, 19), (3, 4), (9, 10), (9, 8), (8, 6), (5, 9), (2, 1)]","[4, 8, 28, 31, 10, 16, 2, 13, 19]","[(14, 23), (23, 24), (15, 19), (3, 4), (9, 10), (9, 8), (8, 6), (5, 9), (2, 1)]",scenario_067,20260391,9,9,0.2934566847132765,0.7065433152867234,results/batch_tradeoff_20260325_235335/scenario_runs/tradeoff_20260326_064808
optimized,weighted_gini_restore_l050,,weighted_sum,Weighted sum: triangle + 0.5 * equity:gini_restore,Weighted trade-off objective. triangle + 0.5 * equity:gini_restore.,weighted_sum,0.7090013941197322,1214.4322159458661,214631.73429722057,0.20349039550745984,1263.213605,0.35770639444947816,1263.213605,0.16666666666666666,1.0,0.3497165359212056,0.133,0.867,0.9,0.9,1,1,results/batch_tradeoff_20260325_235335/scenario_runs/tradeoff_20260326_064808/weighted_gini_restore_l050_20260326_065146,results/batch_tradeoff_20260325_235335/scenario_runs/tradeoff_20260326_064808/weighted_gini_restore_l050_20260326_065146/best,"[8, 16, 2, 31, 10, 13, 19, 4, 28, (8, 6), (23, 24), (9, 10), (5, 9), (3, 4), (2, 1), (14, 23), (15, 19), (9, 8)]","[8, 16, 2, 31, 10, 13, 19, 4, 28]","[(8, 6), (23, 24), (9, 10), (5, 9), (3, 4), (2, 1), (14, 23), (15, 19), (9, 8)]",scenario_067,20260391,9,9,0.2934566847132765,0.7065433152867234,results/batch_tradeoff_20260325_235335/scenario_runs/tradeoff_20260326_064808
optimized,guardrail_gini_restore,,guardrail,Guardrail on equity:gini_restore,Triangle minimization with a fairness guardrail. Guardrail on equity:gini_restore.,guardrail,1147.0329357270623,1147.0329357270623,475771.65779888694,0.23356237327128726,1762.755897,0.41506542159219206,1762.755897,0.16666666666666666,1.0,0.22800110555144745,0.133,0.867,0.9,0.9,1,1,results/batch_tradeoff_20260325_235335/scenario_runs/tradeoff_20260326_064808/guardrail_gini_restore_20260326_065243,results/batch_tradeoff_20260325_235335/scenario_runs/tradeoff_20260326_064808/guardrail_gini_restore_20260326_065243/best,"[2, 31, 13, 10, 19, 28, 4, 8, 16, (8, 6), (5, 9), (9, 10), (9, 8), (23, 24), (15, 19), (14, 23), (2, 1), (3, 4)]","[2, 31, 13, 10, 19, 28, 4, 8, 16]","[(8, 6), (5, 9), (9, 10), (9, 8), (23, 24), (15, 19), (14, 23), (2, 1), (3, 4)]",scenario_067,20260391,9,9,0.2934566847132765,0.7065433152867234,results/batch_tradeoff_20260325_235335/scenario_runs/tradeoff_20260326_064808
optimized,weighted_maximin_time_avg_cri_l050,,weighted_sum,Weighted sum: triangle + 0.5 * equity:maximin_time_avg_cri_loss,Weighted trade-off objective. triangle + 0.5 * equity:maximin_time_avg_cri_loss.,weighted_sum,0.7163703313443563,1338.857023971489,705118.5476613133,0.3908374007060633,2246.159774,0.5066353018930202,2246.159774,0.16666666666666666,1.0,0.48812860180319473,0.133,0.867,0.9,0.9,1,0,results/batch_tradeoff_20260325_235335/scenario_runs/tradeoff_20260326_064808/weighted_maximin_time_avg_cri_l050_20260326_065333,results/batch_tradeoff_20260325_235335/scenario_runs/tradeoff_20260326_064808/weighted_maximin_time_avg_cri_l050_20260326_065333/best,"[16, 2, 10, 13, 8, 31, 28, 4, 19, (3, 4), (9, 10), (8, 6), (5, 9), (23, 24), (14, 23), (2, 1), (15, 19), (9, 8)]","[16, 2, 10, 13, 8, 31, 28, 4, 19]","[(3, 4), (9, 10), (8, 6), (5, 9), (23, 24), (14, 23), (2, 1), (15, 19), (9, 8)]",scenario_067,20260391,9,9,0.2934566847132765,0.7065433152867234,results/batch_tradeoff_20260325_235335/scenario_runs/tradeoff_20260326_064808
optimized,baseline_reference,,baseline,Baseline sequence,Baseline repair sequence used as the reference point.,triangle,1148.7284802234544,1148.7284802234544,178741.914187695,0.17648822001361286,1188.899681,0.2695717888055,1188.899681,0.2916666666666667,1.0,0.2927577460731665,0.133,0.867,0.9,0.9,1,0,,results/batch_tradeoff_20260325_235335/scenario_runs/tradeoff_20260326_065429/reference,"[33, 1, 25, 7, 20, 24, 14, 18, 31, 3, (8, 7), (15, 14), (22, 23), (17, 19)]","[33, 1, 25, 7, 20, 24, 14, 18, 31, 3]","[(8, 7), (15, 14), (22, 23), (17, 19)]",scenario_068,20260392,10,4,0.3506384811599031,0.649361518840097,results/batch_tradeoff_20260325_235335/scenario_runs/tradeoff_20260326_065429
optimized,single_triangle,,single,Single objective: triangle,Pure efficiency objective that minimizes resilience-triangle loss.,triangle,415.7770009609035,415.7770009609035,26065.962914762815,0.20612881321142784,474.2921048,0.40198666704474084,441.299485,0.2916666666666667,1.0,0.3996564520873876,0.133,0.867,0.9,0.9,1,1,results/batch_tradeoff_20260325_235335/scenario_runs/tradeoff_20260326_065429/single_triangle_20260326_065429,results/batch_tradeoff_20260325_235335/scenario_runs/tradeoff_20260326_065429/single_triangle_20260326_065429/best,"[1, 25, 24, 7, 31, 14, 18, 3, 33, 20, (22, 23), (15, 14), (17, 19), (8, 7)]","[1, 25, 24, 7, 31, 14, 18, 3, 33, 20]","[(22, 23), (15, 14), (17, 19), (8, 7)]",scenario_068,20260392,10,4,0.3506384811599031,0.649361518840097,results/batch_tradeoff_20260325_235335/scenario_runs/tradeoff_20260326_065429
optimized,single_gini_restore,,single,Single objective: gini_restore,Equity objective that reduces restoration-time inequality using Gini.,equity:gini_restore,0.14598135798365441,950.2153782172613,100299.06136822206,0.14598135798365441,963.216098,0.2714263135447503,963.216098,0.2916666666666667,1.0,0.2931733752024564,0.133,0.867,0.9,0.9,1,1,results/batch_tradeoff_20260325_235335/scenario_runs/tradeoff_20260326_065429/single_gini_restore_20260326_065511,results/batch_tradeoff_20260325_235335/scenario_runs/tradeoff_20260326_065429/single_gini_restore_20260326_065511/best,"[20, 33, 25, 24, 14, 31, 3, 18, 1, 7, (17, 19), (15, 14), (8, 7), (22, 23)]","[20, 33, 25, 24, 14, 31, 3, 18, 1, 7]","[(17, 19), (15, 14), (8, 7), (22, 23)]",scenario_068,20260392,10,4,0.3506384811599031,0.649361518840097,results/batch_tradeoff_20260325_235335/scenario_runs/tradeoff_20260326_065429
optimized,single_maximin_time_avg_cri,,single,Single objective: maximize minimum time-avg CRI,Equity via maximin: improve the worst-served zone by maximizing the minimum time-averaged CRI.,equity:maximin_time_avg_cri_loss,0.43883689769091194,587.9083376614273,102934.30457891365,0.29506370258281756,893.074126,0.5611631023090881,893.074126,0.2916666666666667,1.0,0.4632046846187547,0.133,0.867,0.9,0.9,1,0,results/batch_tradeoff_20260325_235335/scenario_runs/tradeoff_20260326_065429/single_maximin_time_avg_cri_20260326_065552,results/batch_tradeoff_20260325_235335/scenario_runs/tradeoff_20260326_065429/single_maximin_time_avg_cri_20260326_065552/best,"[14, 7, 1, 3, 33, 20, 31, 18, 24, 25, (15, 14), (8, 7), (17, 19), (22, 23)]","[14, 7, 1, 3, 33, 20, 31, 18, 24, 25]","[(15, 14), (8, 7), (17, 19), (22, 23)]",scenario_068,20260392,10,4,0.3506384811599031,0.649361518840097,results/batch_tradeoff_20260325_235335/scenario_runs/tradeoff_20260326_065429
optimized,single_p90_access_restore,,single,Single objective: p90_access_restore,Critical-access objective that shortens the time by which 90% of zones regain access.,critical_access:p90_access_restore,595.8395039999999,576.3337151018734,39691.27539775834,0.17444710509768857,632.3956865999999,0.3651002395365474,595.8395039999999,0.2916666666666667,1.0,0.37054119632593163,0.133,0.867,0.9,0.9,1,1,results/batch_tradeoff_20260325_235335/scenario_runs/tradeoff_20260326_065429/single_p90_access_restore_20260326_065633,results/batch_tradeoff_20260325_235335/scenario_runs/tradeoff_20260326_065429/single_p90_access_restore_20260326_065633/best,"[14, 33, 25, 24, 7, 1, 31, 3, 18, 20, (15, 14), (8, 7), (17, 19), (22, 23)]","[14, 33, 25, 24, 7, 1, 31, 3, 18, 20]","[(15, 14), (8, 7), (17, 19), (22, 23)]",scenario_068,20260392,10,4,0.3506384811599031,0.649361518840097,results/batch_tradeoff_20260325_235335/scenario_runs/tradeoff_20260326_065429
optimized,weighted_gini_restore_l050,,weighted_sum,Weighted sum: triangle + 0.5 * equity:gini_restore,Weighted trade-off objective. triangle + 0.5 * equity:gini_restore.,weighted_sum,1.10620750676083,634.2900901884389,61988.57283402327,0.19556320531625615,684.041593,0.290853208593639,684.041593,0.2916666666666667,1.0,0.3095957975492094,0.133,0.867,0.9,0.9,1,0,results/batch_tradeoff_20260325_235335/scenario_runs/tradeoff_20260326_065429/weighted_gini_restore_l050_20260326_065714,results/batch_tradeoff_20260325_235335/scenario_runs/tradeoff_20260326_065429/weighted_gini_restore_l050_20260326_065714/best,"[1, 25, 31, 7, 20, 14, 18, 24, 3, 33, (17, 19), (8, 7), (22, 23), (15, 14)]","[1, 25, 31, 7, 20, 14, 18, 24, 3, 33]","[(17, 19), (8, 7), (22, 23), (15, 14)]",scenario_068,20260392,10,4,0.3506384811599031,0.649361518840097,results/batch_tradeoff_20260325_235335/scenario_runs/tradeoff_20260326_065429
optimized,guardrail_gini_restore,,guardrail,Guardrail on equity:gini_restore,Triangle minimization with a fairness guardrail. Guardrail on equity:gini_restore.,guardrail,810.7042576176226,810.7042576176226,73128.45585015924,0.15384884092306939,835.6865730000001,0.28479843291593043,835.6865730000001,0.2916666666666667,1.0,0.32121682454226375,0.133,0.867,0.9,0.9,1,1,results/batch_tradeoff_20260325_235335/scenario_runs/tradeoff_20260326_065429/guardrail_gini_restore_20260326_065759,results/batch_tradeoff_20260325_235335/scenario_runs/tradeoff_20260326_065429/guardrail_gini_restore_20260326_065759/best,"[33, 20, 7, 25, 14, 24, 1, 31, 3, 18, (22, 23), (15, 14), (17, 19), (8, 7)]","[33, 20, 7, 25, 14, 24, 1, 31, 3, 18]","[(22, 23), (15, 14), (17, 19), (8, 7)]",scenario_068,20260392,10,4,0.3506384811599031,0.649361518840097,results/batch_tradeoff_20260325_235335/scenario_runs/tradeoff_20260326_065429
optimized,weighted_maximin_time_avg_cri_l050,,weighted_sum,Weighted sum: triangle + 0.5 * equity:maximin_time_avg_cri_loss,Weighted trade-off objective. triangle + 0.5 * equity:maximin_time_avg_cri_loss.,weighted_sum,0.8637702474986254,592.9311036160625,100579.53806592002,0.26163576848088477,828.7621320000001,0.4921956756124183,828.7621320000001,0.2916666666666667,1.0,0.37904481695720144,0.133,0.867,0.9,0.9,1,0,results/batch_tradeoff_20260325_235335/scenario_runs/tradeoff_20260326_065429/weighted_maximin_time_avg_cri_l050_20260326_065841,results/batch_tradeoff_20260325_235335/scenario_runs/tradeoff_20260326_065429/weighted_maximin_time_avg_cri_l050_20260326_065841/best,"[1, 24, 31, 3, 20, 7, 25, 33, 18, 14, (17, 19), (22, 23), (8, 7), (15, 14)]","[1, 24, 31, 3, 20, 7, 25, 33, 18, 14]","[(17, 19), (22, 23), (8, 7), (15, 14)]",scenario_068,20260392,10,4,0.3506384811599031,0.649361518840097,results/batch_tradeoff_20260325_235335/scenario_runs/tradeoff_20260326_065429
optimized,baseline_reference,,baseline,Baseline sequence,Baseline repair sequence used as the reference point.,triangle,4452.535670892285,4452.535670892285,2725467.488908944,0.20764123211765906,4900.017715999999,0.33748086894409113,4900.017715999999,0.2916666666666667,1.0,0.30609915038723506,0.133,0.867,0.9,0.9,1,0,,results/batch_tradeoff_20260325_235335/scenario_runs/tradeoff_20260326_065922/reference,"[1, 5, 6, 3, 15, 8, 18, 23, 2, 30, 29, 22, 13, 12, (5, 9), (12, 11), (14, 23)]","[1, 5, 6, 3, 15, 8, 18, 23, 2, 30, 29, 22, 13, 12]","[(5, 9), (12, 11), (14, 23)]",scenario_069,20260393,14,3,0.193686036757256,0.806313963242744,results/batch_tradeoff_20260325_235335/scenario_runs/tradeoff_20260326_065922
optimized,single_triangle,,single,Single objective: triangle,Pure efficiency objective that minimizes resilience-triangle loss.,triangle,2991.891511340287,2991.891511340287,680176.1945353576,0.15446327578884644,2689.5449999999996,0.24490711167499513,2689.5449999999996,0.2916666666666667,1.0,0.2952572898947592,0.133,0.867,0.9,0.9,1,0,results/batch_tradeoff_20260325_235335/scenario_runs/tradeoff_20260326_065922/single_triangle_20260326_065923,results/batch_tradeoff_20260325_235335/scenario_runs/tradeoff_20260326_065922/single_triangle_20260326_065923/best,"[13, 3, 6, 1, 15, 2, 23, 29, 18, 30, 8, 22, 5, 12, (5, 9), (12, 11), (14, 23)]","[13, 3, 6, 1, 15, 2, 23, 29, 18, 30, 8, 22, 5, 12]","[(5, 9), (12, 11), (14, 23)]",scenario_069,20260393,14,3,0.193686036757256,0.806313963242744,results/batch_tradeoff_20260325_235335/scenario_runs/tradeoff_20260326_065922
optimized,single_gini_restore,,single,Single objective: gini_restore,Equity objective that reduces restoration-time inequality using Gini.,equity:gini_restore,0.10384315876486938,6274.991222107401,1887074.2424051508,0.10384315876486938,5519.032322,0.1982736166601288,5519.032322,0.2916666666666667,1.0,0.2930256005453656,0.133,0.867,0.9,0.9,1,1,results/batch_tradeoff_20260325_235335/scenario_runs/tradeoff_20260326_065922/single_gini_restore_20260326_070010,results/batch_tradeoff_20260325_235335/scenario_runs/tradeoff_20260326_065922/single_gini_restore_20260326_070010/best,"[1, 5, 15, 30, 6, 23, 22, 13, 18, 2, 12, 8, 3, 29, (14, 23), (5, 9), (12, 11)]","[1, 5, 15, 30, 6, 23, 22, 13, 18, 2, 12, 8, 3, 29]","[(14, 23), (5, 9), (12, 11)]",scenario_069,20260393,14,3,0.193686036757256,0.806313963242744,results/batch_tradeoff_20260325_235335/scenario_runs/tradeoff_20260326_065922
optimized,single_maximin_time_avg_cri,,single,Single objective: maximize minimum time-avg CRI,Equity via maximin: improve the worst-served zone by maximizing the minimum time-averaged CRI.,equity:maximin_time_avg_cri_loss,0.6376170848246923,5372.347947034674,4570285.938614201,0.21793704967104177,6144.2232730000005,0.36238291517530774,6144.2232730000005,0.2916666666666667,1.0,0.3220405345937044,0.133,0.867,0.9,0.9,1,0,results/batch_tradeoff_20260325_235335/scenario_runs/tradeoff_20260326_065922/single_maximin_time_avg_cri_20260326_070102,results/batch_tradeoff_20260325_235335/scenario_runs/tradeoff_20260326_065922/single_maximin_time_avg_cri_20260326_070102/best,"[29, 8, 6, 1, 5, 18, 30, 12, 13, 3, 2, 23, 22, 15, (5, 9), (14, 23), (12, 11)]","[29, 8, 6, 1, 5, 18, 30, 12, 13, 3, 2, 23, 22, 15]","[(5, 9), (14, 23), (12, 11)]",scenario_069,20260393,14,3,0.193686036757256,0.806313963242744,results/batch_tradeoff_20260325_235335/scenario_runs/tradeoff_20260326_065922
optimized,single_p90_access_restore,,single,Single objective: p90_access_restore,Critical-access objective that shortens the time by which 90% of zones regain access.,critical_access:p90_access_restore,1842.1311529999998,2044.660066334802,245766.54642845984,0.13573180714849675,1842.1311529999998,0.21384677646007547,1842.1311529999998,0.2916666666666667,1.0,0.2939285396391101,0.133,0.867,0.9,0.9,1,1,results/batch_tradeoff_20260325_235335/scenario_runs/tradeoff_20260326_065922/single_p90_access_restore_20260326_070150,results/batch_tradeoff_20260325_235335/scenario_runs/tradeoff_20260326_065922/single_p90_access_restore_20260326_070150/best,"[1, 15, 12, 23, 18, 5, 30, 22, 6, 3, 29, 8, 2, 13, (14, 23), (12, 11), (5, 9)]","[1, 15, 12, 23, 18, 5, 30, 22, 6, 3, 29, 8, 2, 13]","[(14, 23), (12, 11), (5, 9)]",scenario_069,20260393,14,3,0.193686036757256,0.806313963242744,results/batch_tradeoff_20260325_235335/scenario_runs/tradeoff_20260326_065922
optimized,weighted_gini_restore_l050,,weighted_sum,Weighted sum: triangle + 0.5 * equity:gini_restore,Weighted trade-off objective. triangle + 0.5 * equity:gini_restore.,weighted_sum,0.9943855700729549,2890.4331546970598,604227.570252078,0.14336378454354048,2701.9223960000004,0.2649973894973451,2701.9223960000004,0.2916666666666667,1.0,0.29319297336448497,0.133,0.867,0.9,0.9,1,0,results/batch_tradeoff_20260325_235335/scenario_runs/tradeoff_20260326_065922/weighted_gini_restore_l050_20260326_070242,results/batch_tradeoff_20260325_235335/scenario_runs/tradeoff_20260326_065922/weighted_gini_restore_l050_20260326_070242/best,"[3, 30, 6, 23, 29, 18, 22, 12, 15, 13, 2, 1, 5, 8, (14, 23), (5, 9), (12, 11)]","[3, 30, 6, 23, 29, 18, 22, 12, 15, 13, 2, 1, 5, 8]","[(14, 23), (5, 9), (12, 11)]",scenario_069,20260393,14,3,0.193686036757256,0.806313963242744,results/batch_tradeoff_20260325_235335/scenario_runs/tradeoff_20260326_065922
optimized,guardrail_gini_restore,,guardrail,Guardrail on equity:gini_restore,Triangle minimization with a fairness guardrail. Guardrail on equity:gini_restore.,guardrail,3045.4914388010047,3045.4914388010047,960695.144743936,0.17801093040871763,3389.4273569999996,0.3490014214777444,3389.4273569999996,0.2916666666666667,1.0,0.33629784468485957,0.133,0.867,0.9,0.9,1,0,results/batch_tradeoff_20260325_235335/scenario_runs/tradeoff_20260326_065922/guardrail_gini_restore_20260326_070331,results/batch_tradeoff_20260325_235335/scenario_runs/tradeoff_20260326_065922/guardrail_gini_restore_20260326_070331/best,"[1, 23, 3, 8, 15, 2, 5, 6, 18, 30, 22, 29, 12, 13, (5, 9), (12, 11), (14, 23)]","[1, 23, 3, 8, 15, 2, 5, 6, 18, 30, 22, 29, 12, 13]","[(5, 9), (12, 11), (14, 23)]",scenario_069,20260393,14,3,0.193686036757256,0.806313963242744,results/batch_tradeoff_20260325_235335/scenario_runs/tradeoff_20260326_065922
optimized,weighted_maximin_time_avg_cri_l050,,weighted_sum,Weighted sum: triangle + 0.5 * equity:maximin_time_avg_cri_loss,Weighted trade-off objective. triangle + 0.5 * equity:maximin_time_avg_cri_loss.,weighted_sum,1.030620540083492,2400.558275394359,585777.4230772712,0.17702877386778404,2674.565039,0.34877489362919856,2674.565039,0.2916666666666667,1.0,0.3290046655258524,0.133,0.867,0.9,0.9,1,0,results/batch_tradeoff_20260325_235335/scenario_runs/tradeoff_20260326_065922/weighted_maximin_time_avg_cri_l050_20260326_070418,results/batch_tradeoff_20260325_235335/scenario_runs/tradeoff_20260326_065922/weighted_maximin_time_avg_cri_l050_20260326_070418/best,"[15, 22, 3, 29, 6, 8, 18, 30, 5, 1, 12, 2, 23, 13, (14, 23), (5, 9), (12, 11)]","[15, 22, 3, 29, 6, 8, 18, 30, 5, 1, 12, 2, 23, 13]","[(14, 23), (5, 9), (12, 11)]",scenario_069,20260393,14,3,0.193686036757256,0.806313963242744,results/batch_tradeoff_20260325_235335/scenario_runs/tradeoff_20260326_065922
optimized,baseline_reference,,baseline,Baseline sequence,Baseline repair sequence used as the reference point.,triangle,1566.6012250475303,1566.6012250475303,355960.6183336237,0.24431908720469409,1786.3240759999999,0.3489337122377636,1639.781632,0.20833333333333334,1.0,0.36936971044235833,0.133,0.867,0.9,0.9,1,0,,results/batch_tradeoff_20260325_235335/scenario_runs/tradeoff_20260326_070510/reference,"[26, 19, 5, 24, 17, 20, 25, 23, 6, 32, 21, (15, 19), (18, 20), (10, 15), (24, 23), (6, 5)]","[26, 19, 5, 24, 17, 20, 25, 23, 6, 32, 21]","[(15, 19), (18, 20), (10, 15), (24, 23), (6, 5)]",scenario_070,20260394,11,5,0.2607093237314847,0.7392906762685153,results/batch_tradeoff_20260325_235335/scenario_runs/tradeoff_20260326_070510
optimized,single_triangle,,single,Single objective: triangle,Pure efficiency objective that minimizes resilience-triangle loss.,triangle,537.7058714766065,537.7058714766065,51559.36575557537,0.24252742349939993,633.4553040000001,0.3006705078387283,633.4553040000001,0.20833333333333334,1.0,0.33870490036184153,0.133,0.867,0.9,0.9,1,1,results/batch_tradeoff_20260325_235335/scenario_runs/tradeoff_20260326_070510/single_triangle_20260326_070510,results/batch_tradeoff_20260325_235335/scenario_runs/tradeoff_20260326_070510/single_triangle_20260326_070510/best,"[25, 24, 21, 26, 17, 6, 19, 5, 20, 32, 23, (6, 5), (10, 15), (15, 19), (18, 20), (24, 23)]","[25, 24, 21, 26, 17, 6, 19, 5, 20, 32, 23]","[(6, 5), (10, 15), (15, 19), (18, 20), (24, 23)]",scenario_070,20260394,11,5,0.2607093237314847,0.7392906762685153,results/batch_tradeoff_20260325_235335/scenario_runs/tradeoff_20260326_070510
optimized,single_gini_restore,,single,Single objective: gini_restore,Equity objective that reduces restoration-time inequality using Gini.,equity:gini_restore,0.2120782040354181,1385.2047021994827,314461.6991766084,0.2120782040354181,1473.457625,0.30491951368576403,1459.457625,0.20833333333333334,1.0,0.2994314602003781,0.133,0.867,0.9,0.9,1,0,results/batch_tradeoff_20260325_235335/scenario_runs/tradeoff_20260326_070510/single_gini_restore_20260326_070554,results/batch_tradeoff_20260325_235335/scenario_runs/tradeoff_20260326_070510/single_gini_restore_20260326_070554/best,"[26, 32, 17, 24, 19, 21, 25, 23, 6, 5, 20, (6, 5), (15, 19), (18, 20), (10, 15), (24, 23)]","[26, 32, 17, 24, 19, 21, 25, 23, 6, 5, 20]","[(6, 5), (15, 19), (18, 20), (10, 15), (24, 23)]",scenario_070,20260394,11,5,0.2607093237314847,0.7392906762685153,results/batch_tradeoff_20260325_235335/scenario_runs/tradeoff_20260326_070510
optimized,single_maximin_time_avg_cri,,single,Single objective: maximize minimum time-avg CRI,Equity via maximin: improve the worst-served zone by maximizing the minimum time-averaged CRI.,equity:maximin_time_avg_cri_loss,0.4443792223514005,1097.9206799745089,276912.7406407728,0.31011775396249863,1507.598278,0.5556207776485995,1507.598278,0.20833333333333334,1.0,0.44088272275474166,0.133,0.867,0.9,0.9,1,0,results/batch_tradeoff_20260325_235335/scenario_runs/tradeoff_20260326_070510/single_maximin_time_avg_cri_20260326_070638,results/batch_tradeoff_20260325_235335/scenario_runs/tradeoff_20260326_070510/single_maximin_time_avg_cri_20260326_070638/best,"[6, 23, 5, 19, 17, 32, 25, 20, 26, 21, 24, (24, 23), (18, 20), (10, 15), (15, 19), (6, 5)]","[6, 23, 5, 19, 17, 32, 25, 20, 26, 21, 24]","[(24, 23), (18, 20), (10, 15), (15, 19), (6, 5)]",scenario_070,20260394,11,5,0.2607093237314847,0.7392906762685153,results/batch_tradeoff_20260325_235335/scenario_runs/tradeoff_20260326_070510
optimized,single_p90_access_restore,,single,Single objective: p90_access_restore,Critical-access objective that shortens the time by which 90% of zones regain access.,critical_access:p90_access_restore,666.516106,701.7687535144966,84793.1727308597,0.30622919593056164,992.1503160000001,0.5427824029664919,666.516106,0.20833333333333334,1.0,0.5769527569499862,0.133,0.867,0.9,0.9,1,0,results/batch_tradeoff_20260325_235335/scenario_runs/tradeoff_20260326_070510/single_p90_access_restore_20260326_070722,results/batch_tradeoff_20260325_235335/scenario_runs/tradeoff_20260326_070510/single_p90_access_restore_20260326_070722/best,"[26, 17, 6, 19, 5, 32, 23, 24, 25, 20, 21, (24, 23), (18, 20), (15, 19), (6, 5), (10, 15)]","[26, 17, 6, 19, 5, 32, 23, 24, 25, 20, 21]","[(24, 23), (18, 20), (15, 19), (6, 5), (10, 15)]",scenario_070,20260394,11,5,0.2607093237314847,0.7392906762685153,results/batch_tradeoff_20260325_235335/scenario_runs/tradeoff_20260326_070510
optimized,weighted_gini_restore_l050,,weighted_sum,Weighted sum: triangle + 0.5 * equity:gini_restore,Weighted trade-off objective. triangle + 0.5 * equity:gini_restore.,weighted_sum,0.9635502780575318,737.2652358418885,80400.58070346956,0.2408672438011965,871.155088,0.3603211757284603,871.155088,0.20833333333333334,1.0,0.33484313444083336,0.133,0.867,0.9,0.9,1,1,results/batch_tradeoff_20260325_235335/scenario_runs/tradeoff_20260326_070510/weighted_gini_restore_l050_20260326_070810,results/batch_tradeoff_20260325_235335/scenario_runs/tradeoff_20260326_070510/weighted_gini_restore_l050_20260326_070810/best,"[19, 21, 26, 6, 17, 23, 5, 20, 32, 24, 25, (24, 23), (10, 15), (18, 20), (6, 5), (15, 19)]","[19, 21, 26, 6, 17, 23, 5, 20, 32, 24, 25]","[(24, 23), (10, 15), (18, 20), (6, 5), (15, 19)]",scenario_070,20260394,11,5,0.2607093237314847,0.7392906762685153,results/batch_tradeoff_20260325_235335/scenario_runs/tradeoff_20260326_070510
optimized,guardrail_gini_restore,,guardrail,Guardrail on equity:gini_restore,Triangle minimization with a fairness guardrail. Guardrail on equity:gini_restore.,guardrail,1036.2213149360748,1036.2213149360748,144493.49234172734,0.18624424193406064,1110.469951,0.2671221014605,1096.469951,0.20833333333333334,1.0,0.27130742866122454,0.133,0.867,0.9,0.9,1,1,results/batch_tradeoff_20260325_235335/scenario_runs/tradeoff_20260326_070510/guardrail_gini_restore_20260326_070854,results/batch_tradeoff_20260325_235335/scenario_runs/tradeoff_20260326_070510/guardrail_gini_restore_20260326_070854/best,"[21, 24, 26, 17, 32, 20, 25, 23, 5, 6, 19, (10, 15), (15, 19), (18, 20), (6, 5), (24, 23)]","[21, 24, 26, 17, 32, 20, 25, 23, 5, 6, 19]","[(10, 15), (15, 19), (18, 20), (6, 5), (24, 23)]",scenario_070,20260394,11,5,0.2607093237314847,0.7392906762685153,results/batch_tradeoff_20260325_235335/scenario_runs/tradeoff_20260326_070510
optimized,weighted_maximin_time_avg_cri_l050,,weighted_sum,Weighted sum: triangle + 0.5 * equity:maximin_time_avg_cri_loss,Weighted trade-off objective. triangle + 0.5 * equity:maximin_time_avg_cri_loss.,weighted_sum,0.8962812039306829,736.9258297812285,149373.65330591644,0.31436262344583765,1032.7247160000002,0.4454433962721491,1032.7247160000002,0.20833333333333334,1.0,0.37917001115264615,0.133,0.867,0.9,0.9,1,0,results/batch_tradeoff_20260325_235335/scenario_runs/tradeoff_20260326_070510/weighted_maximin_time_avg_cri_l050_20260326_070939,results/batch_tradeoff_20260325_235335/scenario_runs/tradeoff_20260326_070510/weighted_maximin_time_avg_cri_l050_20260326_070939/best,"[6, 21, 17, 19, 32, 5, 20, 24, 23, 25, 26, (6, 5), (24, 23), (15, 19), (10, 15), (18, 20)]","[6, 21, 17, 19, 32, 5, 20, 24, 23, 25, 26]","[(6, 5), (24, 23), (15, 19), (10, 15), (18, 20)]",scenario_070,20260394,11,5,0.2607093237314847,0.7392906762685153,results/batch_tradeoff_20260325_235335/scenario_runs/tradeoff_20260326_070510
optimized,baseline_reference,,baseline,Baseline sequence,Baseline repair sequence used as the reference point.,triangle,7188.078420142239,7188.078420142239,6535888.392767526,0.2189171157473131,7098.397390000001,0.34989040005237737,6978.261085,0.25,1.0,0.30233428833856824,0.133,0.867,0.9,0.9,1,0,,results/batch_tradeoff_20260325_235335/scenario_runs/tradeoff_20260326_071023/reference,"[13, 30, 28, 11, 14, 27, 25, 4, 20, 7, 21, 18, 22, (18, 7), (24, 13), (7, 18), (23, 14), (5, 9), (9, 10), (22, 15), (15, 22), (18, 16), (16, 18), (11, 4)]","[13, 30, 28, 11, 14, 27, 25, 4, 20, 7, 21, 18, 22]","[(18, 7), (24, 13), (7, 18), (23, 14), (5, 9), (9, 10), (22, 15), (15, 22), (18, 16), (16, 18), (11, 4)]",scenario_071,20260395,13,11,0.24255048292379244,0.7574495170762074,results/batch_tradeoff_20260325_235335/scenario_runs/tradeoff_20260326_071023
optimized,single_triangle,,single,Single objective: triangle,Pure efficiency objective that minimizes resilience-triangle loss.,triangle,5509.291637761008,5509.291637761008,3604905.257284804,0.2625046062712795,5952.937836,0.43768543812944927,4687.877641,0.25,1.0,0.44225843804443854,0.133,0.867,0.9,0.9,1,0,results/batch_tradeoff_20260325_235335/scenario_runs/tradeoff_20260326_071023/single_triangle_20260326_071028,results/batch_tradeoff_20260325_235335/scenario_runs/tradeoff_20260326_071023/single_triangle_20260326_071028/best,"[18, 30, 7, 11, 13, 14, 25, 20, 28, 4, 21, 27, 22, (15, 22), (9, 10), (22, 15), (24, 13), (7, 18), (18, 7), (18, 16), (16, 18), (11, 4), (5, 9), (23, 14)]","[18, 30, 7, 11, 13, 14, 25, 20, 28, 4, 21, 27, 22]","[(15, 22), (9, 10), (22, 15), (24, 13), (7, 18), (18, 7), (18, 16), (16, 18), (11, 4), (5, 9), (23, 14)]",scenario_071,20260395,13,11,0.24255048292379244,0.7574495170762074,results/batch_tradeoff_20260325_235335/scenario_runs/tradeoff_20260326_071023
optimized,single_gini_restore,,single,Single objective: gini_restore,Equity objective that reduces restoration-time inequality using Gini.,equity:gini_restore,0.19815621108945924,8087.683677947929,8957057.665168945,0.19815621108945924,8756.854444,0.41164039693951343,8736.854444,0.25,1.0,0.29358916281708153,0.133,0.867,0.9,0.9,1,1,results/batch_tradeoff_20260325_235335/scenario_runs/tradeoff_20260326_071023/single_gini_restore_20260326_071132,results/batch_tradeoff_20260325_235335/scenario_runs/tradeoff_20260326_071023/single_gini_restore_20260326_071132/best,"[13, 7, 20, 11, 30, 21, 25, 4, 28, 14, 27, 18, 22, (5, 9), (15, 22), (7, 18), (16, 18), (18, 16), (9, 10), (18, 7), (24, 13), (22, 15), (23, 14), (11, 4)]","[13, 7, 20, 11, 30, 21, 25, 4, 28, 14, 27, 18, 22]","[(5, 9), (15, 22), (7, 18), (16, 18), (18, 16), (9, 10), (18, 7), (24, 13), (22, 15), (23, 14), (11, 4)]",scenario_071,20260395,13,11,0.24255048292379244,0.7574495170762074,results/batch_tradeoff_20260325_235335/scenario_runs/tradeoff_20260326_071023
optimized,single_maximin_time_avg_cri,,single,Single objective: maximize minimum time-avg CRI,Equity via maximin: improve the worst-served zone by maximizing the minimum time-averaged CRI.,equity:maximin_time_avg_cri_loss,0.4778356981986348,6491.284292737441,10056570.206818365,0.32071711967936745,9151.191356,0.5221643018013652,7540.1267511,0.25,1.0,0.4811840771042955,0.133,0.867,0.9,0.9,1,0,results/batch_tradeoff_20260325_235335/scenario_runs/tradeoff_20260326_071023/single_maximin_time_avg_cri_20260326_071240,results/batch_tradeoff_20260325_235335/scenario_runs/tradeoff_20260326_071023/single_maximin_time_avg_cri_20260326_071240/best,"[27, 30, 28, 4, 14, 25, 7, 13, 20, 11, 18, 21, 22, (9, 10), (5, 9), (11, 4), (24, 13), (16, 18), (15, 22), (22, 15), (23, 14), (18, 7), (7, 18), (18, 16)]","[27, 30, 28, 4, 14, 25, 7, 13, 20, 11, 18, 21, 22]","[(9, 10), (5, 9), (11, 4), (24, 13), (16, 18), (15, 22), (22, 15), (23, 14), (18, 7), (7, 18), (18, 16)]",scenario_071,20260395,13,11,0.24255048292379244,0.7574495170762074,results/batch_tradeoff_20260325_235335/scenario_runs/tradeoff_20260326_071023
optimized,single_p90_access_restore,,single,Single objective: p90_access_restore,Critical-access objective that shortens the time by which 90% of zones regain access.,critical_access:p90_access_restore,3244.4111849999995,4277.984529419125,1830406.9210453823,0.2550026655820683,4317.417909,0.349318908127682,3244.4111849999995,0.25,1.0,0.45104517009242806,0.133,0.867,0.9,0.9,1,1,results/batch_tradeoff_20260325_235335/scenario_runs/tradeoff_20260326_071023/single_p90_access_restore_20260326_071348,results/batch_tradeoff_20260325_235335/scenario_runs/tradeoff_20260326_071023/single_p90_access_restore_20260326_071348/best,"[13, 4, 21, 27, 20, 18, 30, 28, 14, 7, 11, 25, 22, (23, 14), (11, 4), (7, 18), (18, 16), (15, 22), (18, 7), (22, 15), (16, 18), (9, 10), (5, 9), (24, 13)]","[13, 4, 21, 27, 20, 18, 30, 28, 14, 7, 11, 25, 22]","[(23, 14), (11, 4), (7, 18), (18, 16), (15, 22), (18, 7), (22, 15), (16, 18), (9, 10), (5, 9), (24, 13)]",scenario_071,20260395,13,11,0.24255048292379244,0.7574495170762074,results/batch_tradeoff_20260325_235335/scenario_runs/tradeoff_20260326_071023
optimized,weighted_gini_restore_l050,,weighted_sum,Weighted sum: triangle + 0.5 * equity:gini_restore,Weighted trade-off objective. triangle + 0.5 * equity:gini_restore.,weighted_sum,1.2451025604215407,5062.196219396953,2256928.2775980467,0.23680425291995877,4566.193039999999,0.36533489069233926,4566.193039999999,0.25,1.0,0.41582751694687614,0.133,0.867,0.9,0.9,1,1,results/batch_tradeoff_20260325_235335/scenario_runs/tradeoff_20260326_071023/weighted_gini_restore_l050_20260326_071454,results/batch_tradeoff_20260325_235335/scenario_runs/tradeoff_20260326_071023/weighted_gini_restore_l050_20260326_071454/best,"[13, 18, 21, 4, 11, 27, 14, 7, 25, 20, 22, 28, 30, (9, 10), (18, 16), (23, 14), (22, 15), (11, 4), (7, 18), (18, 7), (24, 13), (15, 22), (5, 9), (16, 18)]","[13, 18, 21, 4, 11, 27, 14, 7, 25, 20, 22, 28, 30]","[(9, 10), (18, 16), (23, 14), (22, 15), (11, 4), (7, 18), (18, 7), (24, 13), (15, 22), (5, 9), (16, 18)]",scenario_071,20260395,13,11,0.24255048292379244,0.7574495170762074,results/batch_tradeoff_20260325_235335/scenario_runs/tradeoff_20260326_071023
optimized,guardrail_gini_restore,,guardrail,Guardrail on equity:gini_restore,Triangle minimization with a fairness guardrail. Guardrail on equity:gini_restore.,guardrail,6395.754444147228,6395.754444147228,5515332.135046972,0.20744259514180374,6699.548101999999,0.3707023221018556,6579.411797,0.25,1.0,0.2763388041347628,0.133,0.867,0.9,0.9,1,1,results/batch_tradeoff_20260325_235335/scenario_runs/tradeoff_20260326_071023/guardrail_gini_restore_20260326_071601,results/batch_tradeoff_20260325_235335/scenario_runs/tradeoff_20260326_071023/guardrail_gini_restore_20260326_071601/best,"[13, 11, 14, 30, 20, 27, 25, 4, 28, 7, 21, 18, 22, (23, 14), (18, 7), (22, 15), (24, 13), (5, 9), (15, 22), (11, 4), (9, 10), (16, 18), (18, 16), (7, 18)]","[13, 11, 14, 30, 20, 27, 25, 4, 28, 7, 21, 18, 22]","[(23, 14), (18, 7), (22, 15), (24, 13), (5, 9), (15, 22), (11, 4), (9, 10), (16, 18), (18, 16), (7, 18)]",scenario_071,20260395,13,11,0.24255048292379244,0.7574495170762074,results/batch_tradeoff_20260325_235335/scenario_runs/tradeoff_20260326_071023
optimized,weighted_maximin_time_avg_cri_l050,,weighted_sum,Weighted sum: triangle + 0.5 * equity:maximin_time_avg_cri_loss,Weighted trade-off objective. triangle + 0.5 * equity:maximin_time_avg_cri_loss.,weighted_sum,1.1876303362319716,5368.021554076515,5080593.754910787,0.25859583818661913,6170.099681,0.4268175277636542,6170.099681,0.25,1.0,0.3187953299021156,0.133,0.867,0.9,0.9,1,0,results/batch_tradeoff_20260325_235335/scenario_runs/tradeoff_20260326_071023/weighted_maximin_time_avg_cri_l050_20260326_071709,results/batch_tradeoff_20260325_235335/scenario_runs/tradeoff_20260326_071023/weighted_maximin_time_avg_cri_l050_20260326_071709/best,"[11, 25, 21, 13, 20, 18, 14, 7, 4, 30, 28, 22, 27, (18, 16), (7, 18), (16, 18), (15, 22), (22, 15), (24, 13), (18, 7), (9, 10), (23, 14), (5, 9), (11, 4)]","[11, 25, 21, 13, 20, 18, 14, 7, 4, 30, 28, 22, 27]","[(18, 16), (7, 18), (16, 18), (15, 22), (22, 15), (24, 13), (18, 7), (9, 10), (23, 14), (5, 9), (11, 4)]",scenario_071,20260395,13,11,0.24255048292379244,0.7574495170762074,results/batch_tradeoff_20260325_235335/scenario_runs/tradeoff_20260326_071023
optimized,baseline_reference,,baseline,Baseline sequence,Baseline repair sequence used as the reference point.,triangle,1046.49172927608,1046.49172927608,252776.43552008076,0.2847950429961532,1176.706974,0.3401438949375792,1139.671576,0.2916666666666667,1.0,0.3189120513149946,0.133,0.867,0.9,0.9,1,0,,results/batch_tradeoff_20260325_235335/scenario_runs/tradeoff_20260326_071817/reference,"[12, 32, 10, 33, 19, 7, 21, 26, 9, 22, (2, 1), (9, 5), (17, 16), (16, 17), (13, 24)]","[12, 32, 10, 33, 19, 7, 21, 26, 9, 22]","[(2, 1), (9, 5), (17, 16), (16, 17), (13, 24)]",scenario_072,20260396,10,5,0.2718180910776883,0.7281819089223117,results/batch_tradeoff_20260325_235335/scenario_runs/tradeoff_20260326_071817
optimized,single_triangle,,single,Single objective: triangle,Pure efficiency objective that minimizes resilience-triangle loss.,triangle,456.9405401721959,456.9405401721959,57803.41055073217,0.2897462579952743,588.6089116,0.4261935348466585,571.9187850000001,0.2916666666666667,1.0,0.4312767593524484,0.133,0.867,0.9,0.9,1,1,results/batch_tradeoff_20260325_235335/scenario_runs/tradeoff_20260326_071817/single_triangle_20260326_071817,results/batch_tradeoff_20260325_235335/scenario_runs/tradeoff_20260326_071817/single_triangle_20260326_071817/best,"[10, 26, 12, 9, 19, 7, 22, 21, 33, 32, (13, 24), (9, 5), (16, 17), (17, 16), (2, 1)]","[10, 26, 12, 9, 19, 7, 22, 21, 33, 32]","[(13, 24), (9, 5), (16, 17), (17, 16), (2, 1)]",scenario_072,20260396,10,5,0.2718180910776883,0.7281819089223117,results/batch_tradeoff_20260325_235335/scenario_runs/tradeoff_20260326_071817
optimized,single_gini_restore,,single,Single objective: gini_restore,Equity objective that reduces restoration-time inequality using Gini.,equity:gini_restore,0.2561820407191142,1050.389736775875,248966.1362333413,0.2561820407191142,1183.566641,0.3238717372081945,1146.531243,0.2916666666666667,1.0,0.31037921526718665,0.133,0.867,0.9,0.9,1,1,results/batch_tradeoff_20260325_235335/scenario_runs/tradeoff_20260326_071817/single_gini_restore_20260326_071859,results/batch_tradeoff_20260325_235335/scenario_runs/tradeoff_20260326_071817/single_gini_restore_20260326_071859/best,"[12, 32, 19, 33, 10, 7, 21, 26, 9, 22, (16, 17), (9, 5), (13, 24), (17, 16), (2, 1)]","[12, 32, 19, 33, 10, 7, 21, 26, 9, 22]","[(16, 17), (9, 5), (13, 24), (17, 16), (2, 1)]",scenario_072,20260396,10,5,0.2718180910776883,0.7281819089223117,results/batch_tradeoff_20260325_235335/scenario_runs/tradeoff_20260326_071817
optimized,single_maximin_time_avg_cri,,single,Single objective: maximize minimum time-avg CRI,Equity via maximin: improve the worst-served zone by maximizing the minimum time-averaged CRI.,equity:maximin_time_avg_cri_loss,0.42381631379371154,768.01909958149,165063.56101044596,0.3140131051674968,1063.6583796999998,0.5761836862062885,872.1521339999999,0.2916666666666667,1.0,0.4854111604275001,0.133,0.867,0.9,0.9,1,0,results/batch_tradeoff_20260325_235335/scenario_runs/tradeoff_20260326_071817/single_maximin_time_avg_cri_20260326_071942,results/batch_tradeoff_20260325_235335/scenario_runs/tradeoff_20260326_071817/single_maximin_time_avg_cri_20260326_071942/best,"[22, 26, 33, 7, 21, 32, 9, 12, 10, 19, (9, 5), (2, 1), (16, 17), (13, 24), (17, 16)]","[22, 26, 33, 7, 21, 32, 9, 12, 10, 19]","[(9, 5), (2, 1), (16, 17), (13, 24), (17, 16)]",scenario_072,20260396,10,5,0.2718180910776883,0.7281819089223117,results/batch_tradeoff_20260325_235335/scenario_runs/tradeoff_20260326_071817
optimized,single_p90_access_restore,,single,Single objective: p90_access_restore,Critical-access objective that shortens the time by which 90% of zones regain access.,critical_access:p90_access_restore,511.616486,485.67058768548145,55236.75201971437,0.3101714478696318,577.5400947,0.31461190037083003,511.616486,0.2916666666666667,1.0,0.4160337435967165,0.133,0.867,0.9,0.9,1,0,results/batch_tradeoff_20260325_235335/scenario_runs/tradeoff_20260326_071817/single_p90_access_restore_20260326_072024,results/batch_tradeoff_20260325_235335/scenario_runs/tradeoff_20260326_071817/single_p90_access_restore_20260326_072024/best,"[12, 26, 7, 10, 22, 32, 33, 9, 21, 19, (13, 24), (2, 1), (17, 16), (9, 5), (16, 17)]","[12, 26, 7, 10, 22, 32, 33, 9, 21, 19]","[(13, 24), (2, 1), (17, 16), (9, 5), (16, 17)]",scenario_072,20260396,10,5,0.2718180910776883,0.7281819089223117,results/batch_tradeoff_20260325_235335/scenario_runs/tradeoff_20260326_071817
optimized,weighted_gini_restore_l050,,weighted_sum,Weighted sum: triangle + 0.5 * equity:gini_restore,Weighted trade-off objective. triangle + 0.5 * equity:gini_restore.,weighted_sum,0.9356622845765985,464.97644706595133,64861.97181017389,0.2798641067387204,643.1154347999999,0.40072807118259196,643.1154347999999,0.2916666666666667,1.0,0.39318599052039865,0.133,0.867,0.9,0.9,1,1,results/batch_tradeoff_20260325_235335/scenario_runs/tradeoff_20260326_071817/weighted_gini_restore_l050_20260326_072106,results/batch_tradeoff_20260325_235335/scenario_runs/tradeoff_20260326_071817/weighted_gini_restore_l050_20260326_072106/best,"[10, 7, 12, 9, 21, 19, 26, 33, 22, 32, (2, 1), (9, 5), (13, 24), (17, 16), (16, 17)]","[10, 7, 12, 9, 21, 19, 26, 33, 22, 32]","[(2, 1), (9, 5), (13, 24), (17, 16), (16, 17)]",scenario_072,20260396,10,5,0.2718180910776883,0.7281819089223117,results/batch_tradeoff_20260325_235335/scenario_runs/tradeoff_20260326_071817
optimized,guardrail_gini_restore,,guardrail,Guardrail on equity:gini_restore,Triangle minimization with a fairness guardrail. Guardrail on equity:gini_restore.,guardrail,824.6827120561317,824.6827120561317,208974.18605659658,0.26054048235612326,1076.056859,0.3878447408514921,1076.056859,0.2916666666666667,1.0,0.3018001032276306,0.133,0.867,0.9,0.9,1,1,results/batch_tradeoff_20260325_235335/scenario_runs/tradeoff_20260326_071817/guardrail_gini_restore_20260326_072151,results/batch_tradeoff_20260325_235335/scenario_runs/tradeoff_20260326_071817/guardrail_gini_restore_20260326_072151/best,"[12, 7, 21, 22, 10, 19, 32, 33, 9, 26, (13, 24), (9, 5), (16, 17), (17, 16), (2, 1)]","[12, 7, 21, 22, 10, 19, 32, 33, 9, 26]","[(13, 24), (9, 5), (16, 17), (17, 16), (2, 1)]",scenario_072,20260396,10,5,0.2718180910776883,0.7281819089223117,results/batch_tradeoff_20260325_235335/scenario_runs/tradeoff_20260326_071817
optimized,weighted_maximin_time_avg_cri_l050,,weighted_sum,Weighted sum: triangle + 0.5 * equity:maximin_time_avg_cri_loss,Weighted trade-off objective. triangle + 0.5 * equity:maximin_time_avg_cri_loss.,weighted_sum,1.1172042438350545,661.2211592108499,91600.05081806767,0.29740283477259144,730.3085920000001,0.3594662268384878,730.3085920000001,0.2916666666666667,1.0,0.3375881219264089,0.133,0.867,0.9,0.9,1,0,results/batch_tradeoff_20260325_235335/scenario_runs/tradeoff_20260326_071817/weighted_maximin_time_avg_cri_l050_20260326_072234,results/batch_tradeoff_20260325_235335/scenario_runs/tradeoff_20260326_071817/weighted_maximin_time_avg_cri_l050_20260326_072234/best,"[10, 7, 19, 21, 12, 33, 22, 9, 32, 26, (2, 1), (16, 17), (9, 5), (17, 16), (13, 24)]","[10, 7, 19, 21, 12, 33, 22, 9, 32, 26]","[(2, 1), (16, 17), (9, 5), (17, 16), (13, 24)]",scenario_072,20260396,10,5,0.2718180910776883,0.7281819089223117,results/batch_tradeoff_20260325_235335/scenario_runs/tradeoff_20260326_071817
optimized,baseline_reference,,baseline,Baseline sequence,Baseline repair sequence used as the reference point.,triangle,2007.4514516509362,2007.4514516509362,442367.6423867571,0.18664749008870318,2385.000636,0.36274487665509564,2085.8617940000004,0.125,1.0,0.33729205168717896,0.133,0.867,0.9,0.9,1,0,,results/batch_tradeoff_20260325_235335/scenario_runs/tradeoff_20260326_072317/reference,"[27, 12, 1, 25, 15, 20, 7, 32, 16, 33, 9, 26, 21, (10, 16), (22, 15), (2, 6), (4, 11), (10, 11)]","[27, 12, 1, 25, 15, 20, 7, 32, 16, 33, 9, 26, 21]","[(10, 16), (22, 15), (2, 6), (4, 11), (10, 11)]",scenario_073,20260397,13,5,0.0999633242431623,0.9000366757568378,results/batch_tradeoff_20260325_235335/scenario_runs/tradeoff_20260326_072317
optimized,single_triangle,,single,Single objective: triangle,Pure efficiency objective that minimizes resilience-triangle loss.,triangle,1224.6467508809706,1224.6467508809706,396812.2454268486,0.252591763159546,1862.3094354999998,0.5762637685874272,1575.8373580000002,0.125,1.0,0.48161130946756237,0.133,0.867,0.9,0.9,1,1,results/batch_tradeoff_20260325_235335/scenario_runs/tradeoff_20260326_072317/single_triangle_20260326_072317,results/batch_tradeoff_20260325_235335/scenario_runs/tradeoff_20260326_072317/single_triangle_20260326_072317/best,"[1, 25, 26, 27, 15, 12, 7, 21, 32, 16, 9, 33, 20, (2, 6), (10, 11), (4, 11), (10, 16), (22, 15)]","[1, 25, 26, 27, 15, 12, 7, 21, 32, 16, 9, 33, 20]","[(2, 6), (10, 11), (4, 11), (10, 16), (22, 15)]",scenario_073,20260397,13,5,0.0999633242431623,0.9000366757568378,results/batch_tradeoff_20260325_235335/scenario_runs/tradeoff_20260326_072317
optimized,single_gini_restore,,single,Single objective: gini_restore,Equity objective that reduces restoration-time inequality using Gini.,equity:gini_restore,0.13520898577367624,2321.4970510922126,431362.1451821542,0.13520898577367624,2430.8547630000003,0.21991653039055978,2430.8547630000003,0.125,1.0,0.20365873100566917,0.133,0.867,0.9,0.9,1,1,results/batch_tradeoff_20260325_235335/scenario_runs/tradeoff_20260326_072317/single_gini_restore_20260326_072405,results/batch_tradeoff_20260325_235335/scenario_runs/tradeoff_20260326_072317/single_gini_restore_20260326_072405/best,"[15, 21, 1, 25, 12, 7, 20, 32, 27, 16, 33, 26, 9, (10, 16), (4, 11), (22, 15), (2, 6), (10, 11)]","[15, 21, 1, 25, 12, 7, 20, 32, 27, 16, 33, 26, 9]","[(10, 16), (4, 11), (22, 15), (2, 6), (10, 11)]",scenario_073,20260397,13,5,0.0999633242431623,0.9000366757568378,results/batch_tradeoff_20260325_235335/scenario_runs/tradeoff_20260326_072317
optimized,single_maximin_time_avg_cri,,single,Single objective: maximize minimum time-avg CRI,Equity via maximin: improve the worst-served zone by maximizing the minimum time-averaged CRI.,equity:maximin_time_avg_cri_loss,0.5561815110562682,1633.2490523915292,418049.99692686246,0.26298790552743045,1859.068072,0.44381848894373177,1859.068072,0.125,1.0,0.3618504702294014,0.133,0.867,0.9,0.9,1,0,results/batch_tradeoff_20260325_235335/scenario_runs/tradeoff_20260326_072317/single_maximin_time_avg_cri_20260326_072457,results/batch_tradeoff_20260325_235335/scenario_runs/tradeoff_20260326_072317/single_maximin_time_avg_cri_20260326_072457/best,"[27, 12, 16, 15, 1, 20, 26, 33, 32, 21, 9, 7, 25, (4, 11), (2, 6), (10, 16), (10, 11), (22, 15)]","[27, 12, 16, 15, 1, 20, 26, 33, 32, 21, 9, 7, 25]","[(4, 11), (2, 6), (10, 16), (10, 11), (22, 15)]",scenario_073,20260397,13,5,0.0999633242431623,0.9000366757568378,results/batch_tradeoff_20260325_235335/scenario_runs/tradeoff_20260326_072317
optimized,single_p90_access_restore,,single,Single objective: p90_access_restore,Critical-access objective that shortens the time by which 90% of zones regain access.,critical_access:p90_access_restore,1541.249742,1539.9986488359575,251234.3312633975,0.17738596980491583,1541.249742,0.25395192093564173,1541.249742,0.125,1.0,0.22599728700662886,0.133,0.867,0.9,0.9,1,0,results/batch_tradeoff_20260325_235335/scenario_runs/tradeoff_20260326_072317/single_p90_access_restore_20260326_072546,results/batch_tradeoff_20260325_235335/scenario_runs/tradeoff_20260326_072317/single_p90_access_restore_20260326_072546/best,"[1, 25, 9, 33, 21, 20, 26, 32, 16, 27, 7, 12, 15, (10, 11), (22, 15), (4, 11), (2, 6), (10, 16)]","[1, 25, 9, 33, 21, 20, 26, 32, 16, 27, 7, 12, 15]","[(10, 11), (22, 15), (4, 11), (2, 6), (10, 16)]",scenario_073,20260397,13,5,0.0999633242431623,0.9000366757568378,results/batch_tradeoff_20260325_235335/scenario_runs/tradeoff_20260326_072317
optimized,weighted_gini_restore_l050,,weighted_sum,Weighted sum: triangle + 0.5 * equity:gini_restore,Weighted trade-off objective. triangle + 0.5 * equity:gini_restore.,weighted_sum,1.1584474867385668,1482.0968906595617,206103.25092511938,0.15683978752250805,1653.911993,0.3360813177995549,1606.8524341999998,0.125,1.0,0.2378991251239247,0.133,0.867,0.9,0.9,1,1,results/batch_tradeoff_20260325_235335/scenario_runs/tradeoff_20260326_072317/weighted_gini_restore_l050_20260326_072639,results/batch_tradeoff_20260325_235335/scenario_runs/tradeoff_20260326_072317/weighted_gini_restore_l050_20260326_072639/best,"[26, 25, 16, 12, 1, 27, 7, 33, 15, 21, 20, 9, 32, (22, 15), (10, 11), (4, 11), (10, 16), (2, 6)]","[26, 25, 16, 12, 1, 27, 7, 33, 15, 21, 20, 9, 32]","[(22, 15), (10, 11), (4, 11), (10, 16), (2, 6)]",scenario_073,20260397,13,5,0.0999633242431623,0.9000366757568378,results/batch_tradeoff_20260325_235335/scenario_runs/tradeoff_20260326_072317
optimized,guardrail_gini_restore,,guardrail,Guardrail on equity:gini_restore,Triangle minimization with a fairness guardrail. Guardrail on equity:gini_restore.,guardrail,1371.048225183856,1371.048225183856,268411.05299877946,0.17484091512142652,1747.5651859999998,0.39912484302348616,1747.5651859999998,0.125,1.0,0.2587558233388077,0.133,0.867,0.9,0.9,1,1,results/batch_tradeoff_20260325_235335/scenario_runs/tradeoff_20260326_072317/guardrail_gini_restore_20260326_072728,results/batch_tradeoff_20260325_235335/scenario_runs/tradeoff_20260326_072317/guardrail_gini_restore_20260326_072728/best,"[7, 27, 1, 25, 15, 20, 32, 21, 26, 33, 9, 12, 16, (10, 11), (10, 16), (22, 15), (4, 11), (2, 6)]","[7, 27, 1, 25, 15, 20, 32, 21, 26, 33, 9, 12, 16]","[(10, 11), (10, 16), (22, 15), (4, 11), (2, 6)]",scenario_073,20260397,13,5,0.0999633242431623,0.9000366757568378,results/batch_tradeoff_20260325_235335/scenario_runs/tradeoff_20260326_072317
optimized,weighted_maximin_time_avg_cri_l050,,weighted_sum,Weighted sum: triangle + 0.5 * equity:maximin_time_avg_cri_loss,Weighted trade-off objective. triangle + 0.5 * equity:maximin_time_avg_cri_loss.,weighted_sum,1.2290321137249482,1645.2225006278068,406610.617550578,0.2496345878132773,1879.218895,0.47812079476997477,1879.218895,0.125,1.0,0.36278078706294975,0.133,0.867,0.9,0.9,1,0,results/batch_tradeoff_20260325_235335/scenario_runs/tradeoff_20260326_072317/weighted_maximin_time_avg_cri_l050_20260326_072816,results/batch_tradeoff_20260325_235335/scenario_runs/tradeoff_20260326_072317/weighted_maximin_time_avg_cri_l050_20260326_072816/best,"[16, 12, 27, 15, 1, 32, 26, 33, 20, 21, 9, 7, 25, (10, 11), (2, 6), (10, 16), (22, 15), (4, 11)]","[16, 12, 27, 15, 1, 32, 26, 33, 20, 21, 9, 7, 25]","[(10, 11), (2, 6), (10, 16), (22, 15), (4, 11)]",scenario_073,20260397,13,5,0.0999633242431623,0.9000366757568378,results/batch_tradeoff_20260325_235335/scenario_runs/tradeoff_20260326_072317
optimized,baseline_reference,,baseline,Baseline sequence,Baseline repair sequence used as the reference point.,triangle,4424.499135561514,4424.499135561514,1814834.4712093035,0.17189989637651815,4232.421622999999,0.2991324774482135,4100.9514659999995,0.125,1.0,0.3162147366912583,0.133,0.867,0.9,0.9,1,0,,results/batch_tradeoff_20260325_235335/scenario_runs/tradeoff_20260326_072909/reference,"[12, 1, 19, 2, 6, 32, 25, 9, 31, 24, 21, (6, 8), (1, 3), (8, 9), (19, 17), (14, 23), (7, 8)]","[12, 1, 19, 2, 6, 32, 25, 9, 31, 24, 21]","[(6, 8), (1, 3), (8, 9), (19, 17), (14, 23), (7, 8)]",scenario_074,20260398,11,6,0.2542209647672716,0.7457790352327284,results/batch_tradeoff_20260325_235335/scenario_runs/tradeoff_20260326_072909
optimized,single_triangle,,single,Single objective: triangle,Pure efficiency objective that minimizes resilience-triangle loss.,triangle,1410.8877083715613,1410.8877083715613,362545.15683841176,0.3469264849149991,1474.1008381999998,0.4842412664801535,1352.744361,0.125,1.0,0.48385833964090913,0.133,0.867,0.9,0.9,1,1,results/batch_tradeoff_20260325_235335/scenario_runs/tradeoff_20260326_072909/single_triangle_20260326_072909,results/batch_tradeoff_20260325_235335/scenario_runs/tradeoff_20260326_072909/single_triangle_20260326_072909/best,"[2, 1, 24, 12, 9, 19, 6, 21, 25, 31, 32, (1, 3), (6, 8), (8, 9), (19, 17), (7, 8), (14, 23)]","[2, 1, 24, 12, 9, 19, 6, 21, 25, 31, 32]","[(1, 3), (6, 8), (8, 9), (19, 17), (7, 8), (14, 23)]",scenario_074,20260398,11,6,0.2542209647672716,0.7457790352327284,results/batch_tradeoff_20260325_235335/scenario_runs/tradeoff_20260326_072909
optimized,single_gini_restore,,single,Single objective: gini_restore,Equity objective that reduces restoration-time inequality using Gini.,equity:gini_restore,0.11206764405763026,2699.128909162407,316261.29096186394,0.11206764405763026,2395.1327683,0.2504972731267537,2363.700606,0.125,1.0,0.19380690285511387,0.133,0.867,0.9,0.9,1,1,results/batch_tradeoff_20260325_235335/scenario_runs/tradeoff_20260326_072909/single_gini_restore_20260326_072957,results/batch_tradeoff_20260325_235335/scenario_runs/tradeoff_20260326_072909/single_gini_restore_20260326_072957/best,"[12, 24, 31, 2, 1, 25, 21, 9, 19, 6, 32, (19, 17), (6, 8), (14, 23), (8, 9), (1, 3), (7, 8)]","[12, 24, 31, 2, 1, 25, 21, 9, 19, 6, 32]","[(19, 17), (6, 8), (14, 23), (8, 9), (1, 3), (7, 8)]",scenario_074,20260398,11,6,0.2542209647672716,0.7457790352327284,results/batch_tradeoff_20260325_235335/scenario_runs/tradeoff_20260326_072909
optimized,single_maximin_time_avg_cri,,single,Single objective: maximize minimum time-avg CRI,Equity via maximin: improve the worst-served zone by maximizing the minimum time-averaged CRI.,equity:maximin_time_avg_cri_loss,0.5935457349304072,2710.07198853208,630735.4075991131,0.1685961931220743,3273.619129,0.40645426506959287,2449.157581,0.125,1.0,0.38398098335759906,0.133,0.867,0.9,0.9,1,0,results/batch_tradeoff_20260325_235335/scenario_runs/tradeoff_20260326_072909/single_maximin_time_avg_cri_20260326_073050,results/batch_tradeoff_20260325_235335/scenario_runs/tradeoff_20260326_072909/single_maximin_time_avg_cri_20260326_073050/best,"[21, 6, 24, 31, 9, 25, 12, 19, 1, 2, 32, (6, 8), (14, 23), (19, 17), (1, 3), (8, 9), (7, 8)]","[21, 6, 24, 31, 9, 25, 12, 19, 1, 2, 32]","[(6, 8), (14, 23), (19, 17), (1, 3), (8, 9), (7, 8)]",scenario_074,20260398,11,6,0.2542209647672716,0.7457790352327284,results/batch_tradeoff_20260325_235335/scenario_runs/tradeoff_20260326_072909
optimized,single_p90_access_restore,,single,Single objective: p90_access_restore,Critical-access objective that shortens the time by which 90% of zones regain access.,critical_access:p90_access_restore,2583.169072,2979.900389824784,553950.1621578397,0.18457116110264526,2775.730701,0.31891429755919726,2583.169072,0.125,1.0,0.32237662867569367,0.133,0.867,0.9,0.9,1,0,results/batch_tradeoff_20260325_235335/scenario_runs/tradeoff_20260326_072909/single_p90_access_restore_20260326_073139,results/batch_tradeoff_20260325_235335/scenario_runs/tradeoff_20260326_072909/single_p90_access_restore_20260326_073139/best,"[31, 24, 1, 2, 19, 12, 9, 32, 6, 25, 21, (7, 8), (14, 23), (1, 3), (8, 9), (19, 17), (6, 8)]","[31, 24, 1, 2, 19, 12, 9, 32, 6, 25, 21]","[(7, 8), (14, 23), (1, 3), (8, 9), (19, 17), (6, 8)]",scenario_074,20260398,11,6,0.2542209647672716,0.7457790352327284,results/batch_tradeoff_20260325_235335/scenario_runs/tradeoff_20260326_072909
optimized,weighted_gini_restore_l050,,weighted_sum,Weighted sum: triangle + 0.5 * equity:gini_restore,Weighted trade-off objective. triangle + 0.5 * equity:gini_restore.,weighted_sum,1.100349558074631,2642.312956791773,550519.6097970083,0.17298255270746932,2900.362796,0.3895626590510796,2900.362796,0.125,1.0,0.32706063989934037,0.133,0.867,0.9,0.9,1,0,results/batch_tradeoff_20260325_235335/scenario_runs/tradeoff_20260326_072909/weighted_gini_restore_l050_20260326_073228,results/batch_tradeoff_20260325_235335/scenario_runs/tradeoff_20260326_072909/weighted_gini_restore_l050_20260326_073228/best,"[19, 32, 6, 9, 12, 24, 31, 1, 2, 21, 25, (6, 8), (19, 17), (7, 8), (8, 9), (1, 3), (14, 23)]","[19, 32, 6, 9, 12, 24, 31, 1, 2, 21, 25]","[(6, 8), (19, 17), (7, 8), (8, 9), (1, 3), (14, 23)]",scenario_074,20260398,11,6,0.2542209647672716,0.7457790352327284,results/batch_tradeoff_20260325_235335/scenario_runs/tradeoff_20260326_072909
optimized,guardrail_gini_restore,,guardrail,Guardrail on equity:gini_restore,Triangle minimization with a fairness guardrail. Guardrail on equity:gini_restore.,guardrail,2815.455654320416,2815.455654320416,492395.93840372394,0.1479707141027733,2630.2678189999997,0.3227950641068199,2630.2678189999997,0.125,1.0,0.2947231928504427,0.133,0.867,0.9,0.9,1,0,results/batch_tradeoff_20260325_235335/scenario_runs/tradeoff_20260326_072909/guardrail_gini_restore_20260326_073322,results/batch_tradeoff_20260325_235335/scenario_runs/tradeoff_20260326_072909/guardrail_gini_restore_20260326_073322/best,"[12, 31, 1, 2, 9, 21, 19, 6, 24, 25, 32, (6, 8), (8, 9), (19, 17), (1, 3), (14, 23), (7, 8)]","[12, 31, 1, 2, 9, 21, 19, 6, 24, 25, 32]","[(6, 8), (8, 9), (19, 17), (1, 3), (14, 23), (7, 8)]",scenario_074,20260398,11,6,0.2542209647672716,0.7457790352327284,results/batch_tradeoff_20260325_235335/scenario_runs/tradeoff_20260326_072909
optimized,weighted_maximin_time_avg_cri_l050,,weighted_sum,Weighted sum: triangle + 0.5 * equity:maximin_time_avg_cri_loss,Weighted trade-off objective. triangle + 0.5 * equity:maximin_time_avg_cri_loss.,weighted_sum,0.8912800425756665,1703.5282056050542,233104.5597558011,0.17005523835944225,1648.478462,0.2903599478207001,1585.378874,0.125,1.0,0.2842990336311312,0.133,0.867,0.9,0.9,1,1,results/batch_tradeoff_20260325_235335/scenario_runs/tradeoff_20260326_072909/weighted_maximin_time_avg_cri_l050_20260326_073410,results/batch_tradeoff_20260325_235335/scenario_runs/tradeoff_20260326_072909/weighted_maximin_time_avg_cri_l050_20260326_073410/best,"[1, 2, 12, 24, 9, 31, 25, 6, 19, 32, 21, (6, 8), (7, 8), (14, 23), (1, 3), (8, 9), (19, 17)]","[1, 2, 12, 24, 9, 31, 25, 6, 19, 32, 21]","[(6, 8), (7, 8), (14, 23), (1, 3), (8, 9), (19, 17)]",scenario_074,20260398,11,6,0.2542209647672716,0.7457790352327284,results/batch_tradeoff_20260325_235335/scenario_runs/tradeoff_20260326_072909
optimized,baseline_reference,,baseline,Baseline sequence,Baseline repair sequence used as the reference point.,triangle,3351.4431375795903,3351.4431375795903,2087712.770303934,0.284634216291904,3271.4451515,0.23779479130173692,3249.462915,0.20833333333333334,1.0,0.2891969536462837,0.133,0.867,0.9,0.9,1,0,,results/batch_tradeoff_20260325_235335/scenario_runs/tradeoff_20260326_073502/reference,"[22, 11, 9, 27, 20, 10, 23, 14, 5, 32, (3, 4), (18, 7), (12, 3), (11, 10), (20, 18), (6, 5)]","[22, 11, 9, 27, 20, 10, 23, 14, 5, 32]","[(3, 4), (18, 7), (12, 3), (11, 10), (20, 18), (6, 5)]",scenario_075,20260399,10,6,0.2620314509086796,0.7379685490913205,results/batch_tradeoff_20260325_235335/scenario_runs/tradeoff_20260326_073502
optimized,single_triangle,,single,Single objective: triangle,Pure efficiency objective that minimizes resilience-triangle loss.,triangle,998.7798382783728,998.7798382783728,256022.37839029133,0.31122403307215074,1197.1103130000001,0.36045727144732603,1197.1103130000001,0.20833333333333334,1.0,0.3073180694348146,0.133,0.867,0.9,0.9,1,1,results/batch_tradeoff_20260325_235335/scenario_runs/tradeoff_20260326_073502/single_triangle_20260326_073503,results/batch_tradeoff_20260325_235335/scenario_runs/tradeoff_20260326_073502/single_triangle_20260326_073503/best,"[11, 27, 5, 23, 20, 14, 32, 22, 9, 10, (12, 3), (3, 4), (18, 7), (6, 5), (20, 18), (11, 10)]","[11, 27, 5, 23, 20, 14, 32, 22, 9, 10]","[(12, 3), (3, 4), (18, 7), (6, 5), (20, 18), (11, 10)]",scenario_075,20260399,10,6,0.2620314509086796,0.7379685490913205,results/batch_tradeoff_20260325_235335/scenario_runs/tradeoff_20260326_073502
optimized,single_gini_restore,,single,Single objective: gini_restore,Equity objective that reduces restoration-time inequality using Gini.,equity:gini_restore,0.19211814621902312,1601.8422140132197,251801.1301937866,0.19211814621902312,1381.113252,0.21206397910615257,1418.6519805,0.20833333333333334,1.0,0.23046839486252182,0.133,0.867,0.9,0.9,1,1,results/batch_tradeoff_20260325_235335/scenario_runs/tradeoff_20260326_073502/single_gini_restore_20260326_073547,results/batch_tradeoff_20260325_235335/scenario_runs/tradeoff_20260326_073502/single_gini_restore_20260326_073547/best,"[11, 27, 10, 32, 14, 22, 23, 9, 5, 20, (12, 3), (3, 4), (20, 18), (6, 5), (11, 10), (18, 7)]","[11, 27, 10, 32, 14, 22, 23, 9, 5, 20]","[(12, 3), (3, 4), (20, 18), (6, 5), (11, 10), (18, 7)]",scenario_075,20260399,10,6,0.2620314509086796,0.7379685490913205,results/batch_tradeoff_20260325_235335/scenario_runs/tradeoff_20260326_073502
optimized,single_maximin_time_avg_cri,,single,Single objective: maximize minimum time-avg CRI,Equity via maximin: improve the worst-served zone by maximizing the minimum time-averaged CRI.,equity:maximin_time_avg_cri_loss,0.4957898759455479,2368.023787827266,1833145.99189436,0.3230217923269145,3380.5609420999995,0.5042101240544521,2970.248065,0.20833333333333334,1.0,0.4085564679486273,0.133,0.867,0.9,0.9,1,0,results/batch_tradeoff_20260325_235335/scenario_runs/tradeoff_20260326_073502/single_maximin_time_avg_cri_20260326_073631,results/batch_tradeoff_20260325_235335/scenario_runs/tradeoff_20260326_073502/single_maximin_time_avg_cri_20260326_073631/best,"[22, 10, 9, 5, 20, 23, 27, 14, 11, 32, (18, 7), (3, 4), (12, 3), (6, 5), (20, 18), (11, 10)]","[22, 10, 9, 5, 20, 23, 27, 14, 11, 32]","[(18, 7), (3, 4), (12, 3), (6, 5), (20, 18), (11, 10)]",scenario_075,20260399,10,6,0.2620314509086796,0.7379685490913205,results/batch_tradeoff_20260325_235335/scenario_runs/tradeoff_20260326_073502
optimized,single_p90_access_restore,,single,Single objective: p90_access_restore,Critical-access objective that shortens the time by which 90% of zones regain access.,critical_access:p90_access_restore,1790.519581,1779.7159565347,394399.44745820545,0.22439513971352176,1790.519581,0.28299907502886423,1790.519581,0.20833333333333334,1.0,0.2616763690952342,0.133,0.867,0.9,0.9,1,0,results/batch_tradeoff_20260325_235335/scenario_runs/tradeoff_20260326_073502/single_p90_access_restore_20260326_073714,results/batch_tradeoff_20260325_235335/scenario_runs/tradeoff_20260326_073502/single_p90_access_restore_20260326_073714/best,"[11, 10, 22, 32, 23, 9, 14, 20, 5, 27, (11, 10), (20, 18), (6, 5), (12, 3), (18, 7), (3, 4)]","[11, 10, 22, 32, 23, 9, 14, 20, 5, 27]","[(11, 10), (20, 18), (6, 5), (12, 3), (18, 7), (3, 4)]",scenario_075,20260399,10,6,0.2620314509086796,0.7379685490913205,results/batch_tradeoff_20260325_235335/scenario_runs/tradeoff_20260326_073502
optimized,weighted_gini_restore_l050,,weighted_sum,Weighted sum: triangle + 0.5 * equity:gini_restore,Weighted trade-off objective. triangle + 0.5 * equity:gini_restore.,weighted_sum,0.7896581154670315,1497.776988272611,290401.21839436615,0.19511847905846613,1460.932171,0.3189524732178658,1460.932171,0.20833333333333334,1.0,0.29858555851616564,0.133,0.867,0.9,0.9,1,1,results/batch_tradeoff_20260325_235335/scenario_runs/tradeoff_20260326_073502/weighted_gini_restore_l050_20260326_073802,results/batch_tradeoff_20260325_235335/scenario_runs/tradeoff_20260326_073502/weighted_gini_restore_l050_20260326_073802/best,"[27, 11, 22, 9, 32, 20, 23, 10, 14, 5, (12, 3), (11, 10), (6, 5), (3, 4), (18, 7), (20, 18)]","[27, 11, 22, 9, 32, 20, 23, 10, 14, 5]","[(12, 3), (11, 10), (6, 5), (3, 4), (18, 7), (20, 18)]",scenario_075,20260399,10,6,0.2620314509086796,0.7379685490913205,results/batch_tradeoff_20260325_235335/scenario_runs/tradeoff_20260326_073502
optimized,guardrail_gini_restore,,guardrail,Guardrail on equity:gini_restore,Triangle minimization with a fairness guardrail. Guardrail on equity:gini_restore.,guardrail,1087.7363123621053,1087.7363123621053,183515.31652980056,0.19927120924258857,1152.9427220000002,0.2301428221355273,1152.9427220000002,0.20833333333333334,1.0,0.17963008960156598,0.133,0.867,0.9,0.9,1,1,results/batch_tradeoff_20260325_235335/scenario_runs/tradeoff_20260326_073502/guardrail_gini_restore_20260326_073846,results/batch_tradeoff_20260325_235335/scenario_runs/tradeoff_20260326_073502/guardrail_gini_restore_20260326_073846/best,"[11, 27, 5, 23, 20, 9, 32, 22, 10, 14, (12, 3), (20, 18), (11, 10), (18, 7), (3, 4), (6, 5)]","[11, 27, 5, 23, 20, 9, 32, 22, 10, 14]","[(12, 3), (20, 18), (11, 10), (18, 7), (3, 4), (6, 5)]",scenario_075,20260399,10,6,0.2620314509086796,0.7379685490913205,results/batch_tradeoff_20260325_235335/scenario_runs/tradeoff_20260326_073502
optimized,weighted_maximin_time_avg_cri_l050,,weighted_sum,Weighted sum: triangle + 0.5 * equity:maximin_time_avg_cri_loss,Weighted trade-off objective. triangle + 0.5 * equity:maximin_time_avg_cri_loss.,weighted_sum,0.6814660453942132,1128.3743125357455,342630.74418941734,0.29351145448007054,1421.978533,0.4744093079066544,1421.978533,0.20833333333333334,1.0,0.39354814075244515,0.133,0.867,0.9,0.9,1,0,results/batch_tradeoff_20260325_235335/scenario_runs/tradeoff_20260326_073502/weighted_maximin_time_avg_cri_l050_20260326_073930,results/batch_tradeoff_20260325_235335/scenario_runs/tradeoff_20260326_073502/weighted_maximin_time_avg_cri_l050_20260326_073930/best,"[27, 11, 22, 32, 23, 9, 14, 5, 20, 10, (12, 3), (18, 7), (20, 18), (3, 4), (11, 10), (6, 5)]","[27, 11, 22, 32, 23, 9, 14, 5, 20, 10]","[(12, 3), (18, 7), (20, 18), (3, 4), (11, 10), (6, 5)]",scenario_075,20260399,10,6,0.2620314509086796,0.7379685490913205,results/batch_tradeoff_20260325_235335/scenario_runs/tradeoff_20260326_073502
optimized,baseline_reference,,baseline,Baseline sequence,Baseline repair sequence used as the reference point.,triangle,1278.882290920273,1278.882290920273,302754.78231058194,0.18150129683684746,1720.36254,0.3830032349815582,1720.36254,0.16666666666666666,1.0,0.2379411026643256,0.133,0.867,0.9,0.9,1,0,,results/batch_tradeoff_20260325_235335/scenario_runs/tradeoff_20260326_074015/reference,"[5, 6, 18, 16, 29, 9, 19, 11, (10, 15), (14, 11), (19, 15), (22, 23), (13, 24), (6, 2)]","[5, 6, 18, 16, 29, 9, 19, 11]","[(10, 15), (14, 11), (19, 15), (22, 23), (13, 24), (6, 2)]",scenario_076,20260400,8,6,0.2032378973676067,0.7967621026323933,results/batch_tradeoff_20260325_235335/scenario_runs/tradeoff_20260326_074015
optimized,single_triangle,,single,Single objective: triangle,Pure efficiency objective that minimizes resilience-triangle loss.,triangle,683.6708949700575,683.6708949700575,71516.85009428948,0.1648992664641422,762.375375,0.40241771121602765,944.0312689999998,0.16666666666666666,1.0,0.3492382504297697,0.133,0.867,0.9,0.9,1,1,results/batch_tradeoff_20260325_235335/scenario_runs/tradeoff_20260326_074015/single_triangle_20260326_074019,results/batch_tradeoff_20260325_235335/scenario_runs/tradeoff_20260326_074015/single_triangle_20260326_074019/best,"[16, 11, 18, 5, 29, 6, 19, 9, (13, 24), (10, 15), (22, 23), (19, 15), (14, 11), (6, 2)]","[16, 11, 18, 5, 29, 6, 19, 9]","[(13, 24), (10, 15), (22, 23), (19, 15), (14, 11), (6, 2)]",scenario_076,20260400,8,6,0.2032378973676067,0.7967621026323933,results/batch_tradeoff_20260325_235335/scenario_runs/tradeoff_20260326_074015
optimized,single_gini_restore,,single,Single objective: gini_restore,Equity objective that reduces restoration-time inequality using Gini.,equity:gini_restore,0.09805711801396311,1352.8283135227073,139885.6156949525,0.09805711801396311,1348.2223210000002,0.17246291732754582,1348.2223210000002,0.16666666666666666,1.0,0.17543630794973814,0.133,0.867,0.9,0.9,1,1,results/batch_tradeoff_20260325_235335/scenario_runs/tradeoff_20260326_074015/single_gini_restore_20260326_074059,results/batch_tradeoff_20260325_235335/scenario_runs/tradeoff_20260326_074015/single_gini_restore_20260326_074059/best,"[11, 5, 9, 16, 29, 19, 18, 6, (10, 15), (13, 24), (19, 15), (22, 23), (14, 11), (6, 2)]","[11, 5, 9, 16, 29, 19, 18, 6]","[(10, 15), (13, 24), (19, 15), (22, 23), (14, 11), (6, 2)]",scenario_076,20260400,8,6,0.2032378973676067,0.7967621026323933,results/batch_tradeoff_20260325_235335/scenario_runs/tradeoff_20260326_074015
optimized,single_maximin_time_avg_cri,,single,Single objective: maximize minimum time-avg CRI,Equity via maximin: improve the worst-served zone by maximizing the minimum time-averaged CRI.,equity:maximin_time_avg_cri_loss,0.5533607264220002,1458.2617684059658,320903.6884517491,0.19968769475219328,1819.015673,0.44663927357799976,1819.015673,0.16666666666666666,1.0,0.3145034120604853,0.133,0.867,0.9,0.9,1,0,results/batch_tradeoff_20260325_235335/scenario_runs/tradeoff_20260326_074015/single_maximin_time_avg_cri_20260326_074140,results/batch_tradeoff_20260325_235335/scenario_runs/tradeoff_20260326_074015/single_maximin_time_avg_cri_20260326_074140/best,"[19, 6, 11, 5, 29, 9, 16, 18, (22, 23), (10, 15), (19, 15), (6, 2), (14, 11), (13, 24)]","[19, 6, 11, 5, 29, 9, 16, 18]","[(22, 23), (10, 15), (19, 15), (6, 2), (14, 11), (13, 24)]",scenario_076,20260400,8,6,0.2032378973676067,0.7967621026323933,results/batch_tradeoff_20260325_235335/scenario_runs/tradeoff_20260326_074015
optimized,single_p90_access_restore,,single,Single objective: p90_access_restore,Critical-access objective that shortens the time by which 90% of zones regain access.,critical_access:p90_access_restore,1070.128921,909.538595240483,166601.6116519422,0.24406668995809433,1153.2939855,0.4278717839834199,1070.128921,0.16666666666666666,1.0,0.3729056689777378,0.133,0.867,0.9,0.9,1,0,results/batch_tradeoff_20260325_235335/scenario_runs/tradeoff_20260326_074015/single_p90_access_restore_20260326_074220,results/batch_tradeoff_20260325_235335/scenario_runs/tradeoff_20260326_074015/single_p90_access_restore_20260326_074220/best,"[18, 6, 29, 9, 5, 16, 11, 19, (6, 2), (13, 24), (10, 15), (22, 23), (19, 15), (14, 11)]","[18, 6, 29, 9, 5, 16, 11, 19]","[(6, 2), (13, 24), (10, 15), (22, 23), (19, 15), (14, 11)]",scenario_076,20260400,8,6,0.2032378973676067,0.7967621026323933,results/batch_tradeoff_20260325_235335/scenario_runs/tradeoff_20260326_074015
optimized,weighted_gini_restore_l050,,weighted_sum,Weighted sum: triangle + 0.5 * equity:gini_restore,Weighted trade-off objective. triangle + 0.5 * equity:gini_restore.,weighted_sum,1.1130258717074937,715.8956071945972,79286.93797321866,0.20082886935833089,838.435108,0.23525390795963727,824.435108,0.16666666666666666,1.0,0.2949500580511155,0.133,0.867,0.9,0.9,1,0,results/batch_tradeoff_20260325_235335/scenario_runs/tradeoff_20260326_074015/weighted_gini_restore_l050_20260326_074301,results/batch_tradeoff_20260325_235335/scenario_runs/tradeoff_20260326_074015/weighted_gini_restore_l050_20260326_074301/best,"[16, 11, 29, 6, 5, 9, 18, 19, (13, 24), (10, 15), (14, 11), (6, 2), (19, 15), (22, 23)]","[16, 11, 29, 6, 5, 9, 18, 19]","[(13, 24), (10, 15), (14, 11), (6, 2), (19, 15), (22, 23)]",scenario_076,20260400,8,6,0.2032378973676067,0.7967621026323933,results/batch_tradeoff_20260325_235335/scenario_runs/tradeoff_20260326_074015
optimized,guardrail_gini_restore,,guardrail,Guardrail on equity:gini_restore,Triangle minimization with a fairness guardrail. Guardrail on equity:gini_restore.,guardrail,748.8402091070282,748.8402091070282,113740.97156378826,0.1677164020123576,1123.4926169999999,0.39385567140709316,1123.4926169999999,0.16666666666666666,1.0,0.25643272418139973,0.133,0.867,0.9,0.9,1,0,results/batch_tradeoff_20260325_235335/scenario_runs/tradeoff_20260326_074015/guardrail_gini_restore_20260326_074341,results/batch_tradeoff_20260325_235335/scenario_runs/tradeoff_20260326_074015/guardrail_gini_restore_20260326_074341/best,"[11, 19, 29, 6, 5, 18, 9, 16, (13, 24), (14, 11), (10, 15), (19, 15), (22, 23), (6, 2)]","[11, 19, 29, 6, 5, 18, 9, 16]","[(13, 24), (14, 11), (10, 15), (19, 15), (22, 23), (6, 2)]",scenario_076,20260400,8,6,0.2032378973676067,0.7967621026323933,results/batch_tradeoff_20260325_235335/scenario_runs/tradeoff_20260326_074015
optimized,weighted_maximin_time_avg_cri_l050,,weighted_sum,Weighted sum: triangle + 0.5 * equity:maximin_time_avg_cri_loss,Weighted trade-off objective. triangle + 0.5 * equity:maximin_time_avg_cri_loss.,weighted_sum,1.1855508139776603,879.8582907905216,185932.89987221977,0.26189473801295127,1182.9019250000001,0.3860132359845092,1182.9019250000001,0.16666666666666666,1.0,0.33287404166382323,0.133,0.867,0.9,0.9,1,0,results/batch_tradeoff_20260325_235335/scenario_runs/tradeoff_20260326_074015/weighted_maximin_time_avg_cri_l050_20260326_074422,results/batch_tradeoff_20260325_235335/scenario_runs/tradeoff_20260326_074015/weighted_maximin_time_avg_cri_l050_20260326_074422/best,"[19, 29, 6, 5, 18, 9, 11, 16, (6, 2), (10, 15), (22, 23), (19, 15), (13, 24), (14, 11)]","[19, 29, 6, 5, 18, 9, 11, 16]","[(6, 2), (10, 15), (22, 23), (19, 15), (13, 24), (14, 11)]",scenario_076,20260400,8,6,0.2032378973676067,0.7967621026323933,results/batch_tradeoff_20260325_235335/scenario_runs/tradeoff_20260326_074015
optimized,baseline_reference,,baseline,Baseline sequence,Baseline repair sequence used as the reference point.,triangle,1808.4596065019953,1808.4596065019953,273959.4563049089,0.20141879461677137,1630.10351,0.34626018905609013,1630.10351,0.25,1.0,0.44495706179730365,0.133,0.867,0.9,0.9,1,0,,results/batch_tradeoff_20260325_235335/scenario_runs/tradeoff_20260326_074506/reference,"[16, 32, 2, 8, 26, 5, 20, 14, (16, 18), (14, 11), (10, 15), (22, 20), (18, 7), (19, 15), (17, 10), (17, 19)]","[16, 32, 2, 8, 26, 5, 20, 14]","[(16, 18), (14, 11), (10, 15), (22, 20), (18, 7), (19, 15), (17, 10), (17, 19)]",scenario_077,20260401,8,8,0.28574202074914457,0.7142579792508554,results/batch_tradeoff_20260325_235335/scenario_runs/tradeoff_20260326_074506
optimized,single_triangle,,single,Single objective: triangle,Pure efficiency objective that minimizes resilience-triangle loss.,triangle,655.4313259412621,655.4313259412621,68348.38074592903,0.2519107359059818,709.7537,0.3586287095030259,709.7537,0.25,1.0,0.3592796652013147,0.133,0.867,0.9,0.9,1,0,results/batch_tradeoff_20260325_235335/scenario_runs/tradeoff_20260326_074506/single_triangle_20260326_074507,results/batch_tradeoff_20260325_235335/scenario_runs/tradeoff_20260326_074506/single_triangle_20260326_074507/best,"[2, 14, 16, 26, 8, 5, 20, 32, (17, 10), (10, 15), (14, 11), (17, 19), (19, 15), (22, 20), (18, 7), (16, 18)]","[2, 14, 16, 26, 8, 5, 20, 32]","[(17, 10), (10, 15), (14, 11), (17, 19), (19, 15), (22, 20), (18, 7), (16, 18)]",scenario_077,20260401,8,8,0.28574202074914457,0.7142579792508554,results/batch_tradeoff_20260325_235335/scenario_runs/tradeoff_20260326_074506
optimized,single_gini_restore,,single,Single objective: gini_restore,Equity objective that reduces restoration-time inequality using Gini.,equity:gini_restore,0.1129544566106655,1867.9647143923353,269376.0176814117,0.1129544566106655,1863.7299789999997,0.19811979644754868,1863.7299789999997,0.25,1.0,0.252460919594941,0.133,0.867,0.9,0.9,1,1,results/batch_tradeoff_20260325_235335/scenario_runs/tradeoff_20260326_074506/single_gini_restore_20260326_074549,results/batch_tradeoff_20260325_235335/scenario_runs/tradeoff_20260326_074506/single_gini_restore_20260326_074549/best,"[16, 32, 20, 8, 14, 2, 26, 5, (10, 15), (19, 15), (17, 19), (18, 7), (17, 10), (22, 20), (16, 18), (14, 11)]","[16, 32, 20, 8, 14, 2, 26, 5]","[(10, 15), (19, 15), (17, 19), (18, 7), (17, 10), (22, 20), (16, 18), (14, 11)]",scenario_077,20260401,8,8,0.28574202074914457,0.7142579792508554,results/batch_tradeoff_20260325_235335/scenario_runs/tradeoff_20260326_074506
optimized,single_maximin_time_avg_cri,,single,Single objective: maximize minimum time-avg CRI,Equity via maximin: improve the worst-served zone by maximizing the minimum time-averaged CRI.,equity:maximin_time_avg_cri_loss,0.530488546891051,1297.4429919748197,437926.6856386705,0.2755675222024152,1695.3523030000001,0.4695114531089491,1695.3523030000001,0.25,1.0,0.3374113019583596,0.133,0.867,0.9,0.9,1,0,results/batch_tradeoff_20260325_235335/scenario_runs/tradeoff_20260326_074506/single_maximin_time_avg_cri_20260326_074633,results/batch_tradeoff_20260325_235335/scenario_runs/tradeoff_20260326_074506/single_maximin_time_avg_cri_20260326_074633/best,"[2, 32, 14, 5, 16, 8, 20, 26, (17, 10), (14, 11), (10, 15), (22, 20), (19, 15), (18, 7), (17, 19), (16, 18)]","[2, 32, 14, 5, 16, 8, 20, 26]","[(17, 10), (14, 11), (10, 15), (22, 20), (19, 15), (18, 7), (17, 19), (16, 18)]",scenario_077,20260401,8,8,0.28574202074914457,0.7142579792508554,results/batch_tradeoff_20260325_235335/scenario_runs/tradeoff_20260326_074506
optimized,single_p90_access_restore,,single,Single objective: p90_access_restore,Critical-access objective that shortens the time by which 90% of zones regain access.,critical_access:p90_access_restore,682.158108,654.5696161486482,63093.56855777389,0.23387625819826563,696.5008020999999,0.379302989406209,682.158108,0.25,1.0,0.39851791716204177,0.133,0.867,0.9,0.9,1,1,results/batch_tradeoff_20260325_235335/scenario_runs/tradeoff_20260326_074506/single_p90_access_restore_20260326_074718,results/batch_tradeoff_20260325_235335/scenario_runs/tradeoff_20260326_074506/single_p90_access_restore_20260326_074718/best,"[14, 16, 26, 2, 8, 5, 20, 32, (14, 11), (17, 10), (10, 15), (16, 18), (17, 19), (22, 20), (19, 15), (18, 7)]","[14, 16, 26, 2, 8, 5, 20, 32]","[(14, 11), (17, 10), (10, 15), (16, 18), (17, 19), (22, 20), (19, 15), (18, 7)]",scenario_077,20260401,8,8,0.28574202074914457,0.7142579792508554,results/batch_tradeoff_20260325_235335/scenario_runs/tradeoff_20260326_074506
optimized,weighted_gini_restore_l050,,weighted_sum,Weighted sum: triangle + 0.5 * equity:gini_restore,Weighted trade-off objective. triangle + 0.5 * equity:gini_restore.,weighted_sum,0.9950004138759315,1048.6792088731079,135933.22905099482,0.1672284117460474,1072.130511,0.2647782129029646,1072.130511,0.25,1.0,0.2831313680351614,0.133,0.867,0.9,0.9,1,1,results/batch_tradeoff_20260325_235335/scenario_runs/tradeoff_20260326_074506/weighted_gini_restore_l050_20260326_074801,results/batch_tradeoff_20260325_235335/scenario_runs/tradeoff_20260326_074506/weighted_gini_restore_l050_20260326_074801/best,"[16, 26, 14, 8, 32, 5, 20, 2, (17, 10), (14, 11), (10, 15), (17, 19), (18, 7), (19, 15), (16, 18), (22, 20)]","[16, 26, 14, 8, 32, 5, 20, 2]","[(17, 10), (14, 11), (10, 15), (17, 19), (18, 7), (19, 15), (16, 18), (22, 20)]",scenario_077,20260401,8,8,0.28574202074914457,0.7142579792508554,results/batch_tradeoff_20260325_235335/scenario_runs/tradeoff_20260326_074506
optimized,guardrail_gini_restore,,guardrail,Guardrail on equity:gini_restore,Triangle minimization with a fairness guardrail. Guardrail on equity:gini_restore.,guardrail,1009.7669072908318,1009.7669072908318,133715.24356365475,0.16772127383005841,1058.858925,0.2800455322843464,1058.858925,0.25,1.0,0.28462796771219234,0.133,0.867,0.9,0.9,1,1,results/batch_tradeoff_20260325_235335/scenario_runs/tradeoff_20260326_074506/guardrail_gini_restore_20260326_074848,results/batch_tradeoff_20260325_235335/scenario_runs/tradeoff_20260326_074506/guardrail_gini_restore_20260326_074848/best,"[14, 16, 26, 8, 32, 20, 5, 2, (10, 15), (17, 10), (14, 11), (16, 18), (17, 19), (19, 15), (18, 7), (22, 20)]","[14, 16, 26, 8, 32, 20, 5, 2]","[(10, 15), (17, 10), (14, 11), (16, 18), (17, 19), (19, 15), (18, 7), (22, 20)]",scenario_077,20260401,8,8,0.28574202074914457,0.7142579792508554,results/batch_tradeoff_20260325_235335/scenario_runs/tradeoff_20260326_074506
optimized,weighted_maximin_time_avg_cri_l050,,weighted_sum,Weighted sum: triangle + 0.5 * equity:maximin_time_avg_cri_loss,Weighted trade-off objective. triangle + 0.5 * equity:maximin_time_avg_cri_loss.,weighted_sum,0.8218809177604819,906.4915124704473,61226.14430717403,0.18268532783396796,799.2474755000001,0.5807824292542557,820.7054390000001,0.25,1.0,0.5965498276391417,0.133,0.867,0.9,0.9,1,1,results/batch_tradeoff_20260325_235335/scenario_runs/tradeoff_20260326_074506/weighted_maximin_time_avg_cri_l050_20260326_074934,results/batch_tradeoff_20260325_235335/scenario_runs/tradeoff_20260326_074506/weighted_maximin_time_avg_cri_l050_20260326_074934/best,"[16, 26, 2, 8, 32, 14, 5, 20, (18, 7), (22, 20), (17, 19), (19, 15), (14, 11), (16, 18), (10, 15), (17, 10)]","[16, 26, 2, 8, 32, 14, 5, 20]","[(18, 7), (22, 20), (17, 19), (19, 15), (14, 11), (16, 18), (10, 15), (17, 10)]",scenario_077,20260401,8,8,0.28574202074914457,0.7142579792508554,results/batch_tradeoff_20260325_235335/scenario_runs/tradeoff_20260326_074506
optimized,baseline_reference,,baseline,Baseline sequence,Baseline repair sequence used as the reference point.,triangle,8817.912859629769,8817.912859629769,3707211.2407409246,0.12967194071240495,7935.370808,0.16444937029745446,7935.370808,0.125,1.0,0.1977868627923522,0.133,0.867,0.9,0.9,1,0,,results/batch_tradeoff_20260325_235335/scenario_runs/tradeoff_20260326_075018/reference,"[15, 17, 8, 33, 22, 2, 13, 10, 21, 18, 11, 7, 30, (21, 22), (18, 16), (12, 11), (20, 22), (24, 21), (23, 22), (3, 4), (17, 10), (11, 10)]","[15, 17, 8, 33, 22, 2, 13, 10, 21, 18, 11, 7, 30]","[(21, 22), (18, 16), (12, 11), (20, 22), (24, 21), (23, 22), (3, 4), (17, 10), (11, 10)]",scenario_078,20260402,13,9,0.2574139378566531,0.7425860621433469,results/batch_tradeoff_20260325_235335/scenario_runs/tradeoff_20260326_075018
optimized,single_triangle,,single,Single objective: triangle,Pure efficiency objective that minimizes resilience-triangle loss.,triangle,4526.451714357677,4526.451714357677,1642716.8793211232,0.18352797346913197,4980.6139729999995,0.38262547663158575,3538.4651299999996,0.125,1.0,0.4451636935013273,0.133,0.867,0.9,0.9,1,1,results/batch_tradeoff_20260325_235335/scenario_runs/tradeoff_20260326_075018/single_triangle_20260326_075019,results/batch_tradeoff_20260325_235335/scenario_runs/tradeoff_20260326_075018/single_triangle_20260326_075019/best,"[17, 30, 18, 21, 7, 8, 2, 11, 10, 15, 13, 33, 22, (11, 10), (12, 11), (24, 21), (20, 22), (17, 10), (21, 22), (23, 22), (18, 16), (3, 4)]","[17, 30, 18, 21, 7, 8, 2, 11, 10, 15, 13, 33, 22]","[(11, 10), (12, 11), (24, 21), (20, 22), (17, 10), (21, 22), (23, 22), (18, 16), (3, 4)]",scenario_078,20260402,13,9,0.2574139378566531,0.7425860621433469,results/batch_tradeoff_20260325_235335/scenario_runs/tradeoff_20260326_075018
optimized,single_gini_restore,,single,Single objective: gini_restore,Equity objective that reduces restoration-time inequality using Gini.,equity:gini_restore,0.08440538795633645,6306.013391251006,1452419.2941999233,0.08440538795633645,5356.139307999999,0.14324845633505806,5356.139307999999,0.125,1.0,0.23805797243651525,0.133,0.867,0.9,0.9,1,1,results/batch_tradeoff_20260325_235335/scenario_runs/tradeoff_20260326_075018/single_gini_restore_20260326_075121,results/batch_tradeoff_20260325_235335/scenario_runs/tradeoff_20260326_075018/single_gini_restore_20260326_075121/best,"[33, 13, 11, 15, 22, 2, 10, 30, 7, 18, 21, 17, 8, (3, 4), (23, 22), (18, 16), (24, 21), (20, 22), (12, 11), (21, 22), (11, 10), (17, 10)]","[33, 13, 11, 15, 22, 2, 10, 30, 7, 18, 21, 17, 8]","[(3, 4), (23, 22), (18, 16), (24, 21), (20, 22), (12, 11), (21, 22), (11, 10), (17, 10)]",scenario_078,20260402,13,9,0.2574139378566531,0.7425860621433469,results/batch_tradeoff_20260325_235335/scenario_runs/tradeoff_20260326_075018
optimized,single_maximin_time_avg_cri,,single,Single objective: maximize minimum time-avg CRI,Equity via maximin: improve the worst-served zone by maximizing the minimum time-averaged CRI.,equity:maximin_time_avg_cri_loss,0.5180470346089001,5595.469870801275,5153374.0915189525,0.19067999590094642,7840.940075,0.48195296539109983,7840.940075,0.125,1.0,0.3509931664613995,0.133,0.867,0.9,0.9,1,0,results/batch_tradeoff_20260325_235335/scenario_runs/tradeoff_20260326_075018/single_maximin_time_avg_cri_20260326_075224,results/batch_tradeoff_20260325_235335/scenario_runs/tradeoff_20260326_075018/single_maximin_time_avg_cri_20260326_075224/best,"[10, 15, 7, 30, 33, 21, 8, 13, 2, 17, 22, 11, 18, (12, 11), (24, 21), (18, 16), (23, 22), (11, 10), (20, 22), (17, 10), (3, 4), (21, 22)]","[10, 15, 7, 30, 33, 21, 8, 13, 2, 17, 22, 11, 18]","[(12, 11), (24, 21), (18, 16), (23, 22), (11, 10), (20, 22), (17, 10), (3, 4), (21, 22)]",scenario_078,20260402,13,9,0.2574139378566531,0.7425860621433469,results/batch_tradeoff_20260325_235335/scenario_runs/tradeoff_20260326_075018
optimized,single_p90_access_restore,,single,Single objective: p90_access_restore,Critical-access objective that shortens the time by which 90% of zones regain access.,critical_access:p90_access_restore,5205.603033,5594.255745310501,2628730.103126733,0.1649769948344464,5205.603033,0.24504696340308474,5205.603033,0.125,1.0,0.27507036642492294,0.133,0.867,0.9,0.9,1,1,results/batch_tradeoff_20260325_235335/scenario_runs/tradeoff_20260326_075018/single_p90_access_restore_20260326_075324,results/batch_tradeoff_20260325_235335/scenario_runs/tradeoff_20260326_075018/single_p90_access_restore_20260326_075324/best,"[33, 22, 7, 21, 30, 18, 17, 13, 15, 11, 2, 10, 8, (11, 10), (12, 11), (24, 21), (21, 22), (17, 10), (3, 4), (23, 22), (20, 22), (18, 16)]","[33, 22, 7, 21, 30, 18, 17, 13, 15, 11, 2, 10, 8]","[(11, 10), (12, 11), (24, 21), (21, 22), (17, 10), (3, 4), (23, 22), (20, 22), (18, 16)]",scenario_078,20260402,13,9,0.2574139378566531,0.7425860621433469,results/batch_tradeoff_20260325_235335/scenario_runs/tradeoff_20260326_075018
optimized,weighted_gini_restore_l050,,weighted_sum,Weighted sum: triangle + 0.5 * equity:gini_restore,Weighted trade-off objective. triangle + 0.5 * equity:gini_restore.,weighted_sum,1.1672868851441962,3677.455288018933,1762470.9955938442,0.19457097133150603,3851.2003360000003,0.31505780355935564,3851.2003360000003,0.125,1.0,0.2727436023684781,0.133,0.867,0.9,0.9,1,1,results/batch_tradeoff_20260325_235335/scenario_runs/tradeoff_20260326_075018/weighted_gini_restore_l050_20260326_075427,results/batch_tradeoff_20260325_235335/scenario_runs/tradeoff_20260326_075018/weighted_gini_restore_l050_20260326_075427/best,"[2, 7, 8, 18, 22, 21, 30, 33, 17, 10, 11, 15, 13, (3, 4), (12, 11), (20, 22), (11, 10), (23, 22), (17, 10), (18, 16), (24, 21), (21, 22)]","[2, 7, 8, 18, 22, 21, 30, 33, 17, 10, 11, 15, 13]","[(3, 4), (12, 11), (20, 22), (11, 10), (23, 22), (17, 10), (18, 16), (24, 21), (21, 22)]",scenario_078,20260402,13,9,0.2574139378566531,0.7425860621433469,results/batch_tradeoff_20260325_235335/scenario_runs/tradeoff_20260326_075018
optimized,guardrail_gini_restore,,guardrail,Guardrail on equity:gini_restore,Triangle minimization with a fairness guardrail. Guardrail on equity:gini_restore.,guardrail,5933.235814749924,5933.235814749924,2692086.2282532253,0.11864741227117692,6474.963891999999,0.30651767047842654,6474.963891999999,0.125,1.0,0.20233842712910063,0.133,0.867,0.9,0.9,1,1,results/batch_tradeoff_20260325_235335/scenario_runs/tradeoff_20260326_075018/guardrail_gini_restore_20260326_075531,results/batch_tradeoff_20260325_235335/scenario_runs/tradeoff_20260326_075018/guardrail_gini_restore_20260326_075531/best,"[11, 10, 8, 7, 17, 13, 2, 33, 21, 18, 30, 22, 15, (20, 22), (21, 22), (18, 16), (12, 11), (11, 10), (23, 22), (24, 21), (17, 10), (3, 4)]","[11, 10, 8, 7, 17, 13, 2, 33, 21, 18, 30, 22, 15]","[(20, 22), (21, 22), (18, 16), (12, 11), (11, 10), (23, 22), (24, 21), (17, 10), (3, 4)]",scenario_078,20260402,13,9,0.2574139378566531,0.7425860621433469,results/batch_tradeoff_20260325_235335/scenario_runs/tradeoff_20260326_075018
optimized,weighted_maximin_time_avg_cri_l050,,weighted_sum,Weighted sum: triangle + 0.5 * equity:maximin_time_avg_cri_loss,Weighted trade-off objective. triangle + 0.5 * equity:maximin_time_avg_cri_loss.,weighted_sum,0.8946993039792324,5035.585715602578,4338338.764129876,0.20452717085292615,6701.933672,0.4591713332888424,6701.933672,0.125,1.0,0.359400448488702,0.133,0.867,0.9,0.9,1,0,results/batch_tradeoff_20260325_235335/scenario_runs/tradeoff_20260326_075018/weighted_maximin_time_avg_cri_l050_20260326_075636,results/batch_tradeoff_20260325_235335/scenario_runs/tradeoff_20260326_075018/weighted_maximin_time_avg_cri_l050_20260326_075636/best,"[10, 13, 21, 30, 8, 17, 7, 22, 2, 33, 11, 18, 15, (3, 4), (12, 11), (20, 22), (11, 10), (18, 16), (21, 22), (23, 22), (17, 10), (24, 21)]","[10, 13, 21, 30, 8, 17, 7, 22, 2, 33, 11, 18, 15]","[(3, 4), (12, 11), (20, 22), (11, 10), (18, 16), (21, 22), (23, 22), (17, 10), (24, 21)]",scenario_078,20260402,13,9,0.2574139378566531,0.7425860621433469,results/batch_tradeoff_20260325_235335/scenario_runs/tradeoff_20260326_075018
optimized,baseline_reference,,baseline,Baseline sequence,Baseline repair sequence used as the reference point.,triangle,2675.1229347197564,2675.1229347197564,805782.1165578654,0.2161696889343221,2823.7607629999998,0.3619686114787558,2949.5840858,0.16666666666666666,1.0,0.36348122211178463,0.133,0.867,0.9,0.9,1,0,,results/batch_tradeoff_20260325_235335/scenario_runs/tradeoff_20260326_075741/reference,"[27, 3, 14, 1, 2, 15, 22, 19, 32, (3, 12), (10, 9), (16, 17), (24, 13), (19, 17), (18, 16), (20, 21), (13, 12), (4, 3), (22, 21), (7, 18), (17, 16), (5, 6)]","[27, 3, 14, 1, 2, 15, 22, 19, 32]","[(3, 12), (10, 9), (16, 17), (24, 13), (19, 17), (18, 16), (20, 21), (13, 12), (4, 3), (22, 21), (7, 18), (17, 16), (5, 6)]",scenario_079,20260403,9,13,0.2500699207284759,0.7499300792715241,results/batch_tradeoff_20260325_235335/scenario_runs/tradeoff_20260326_075741
optimized,single_triangle,,single,Single objective: triangle,Pure efficiency objective that minimizes resilience-triangle loss.,triangle,2150.4538493651553,2150.4538493651553,581231.763822369,0.2178654863442966,2526.541459,0.3323454853981298,2420.54762,0.16666666666666666,1.0,0.38921068847116563,0.133,0.867,0.9,0.9,1,0,results/batch_tradeoff_20260325_235335/scenario_runs/tradeoff_20260326_075741/single_triangle_20260326_075741,results/batch_tradeoff_20260325_235335/scenario_runs/tradeoff_20260326_075741/single_triangle_20260326_075741/best,"[27, 3, 32, 14, 2, 15, 1, 19, 22, (4, 3), (5, 6), (16, 17), (17, 16), (20, 21), (19, 17), (22, 21), (10, 9), (24, 13), (7, 18), (18, 16), (3, 12), (13, 12)]","[27, 3, 32, 14, 2, 15, 1, 19, 22]","[(4, 3), (5, 6), (16, 17), (17, 16), (20, 21), (19, 17), (22, 21), (10, 9), (24, 13), (7, 18), (18, 16), (3, 12), (13, 12)]",scenario_079,20260403,9,13,0.2500699207284759,0.7499300792715241,results/batch_tradeoff_20260325_235335/scenario_runs/tradeoff_20260326_075741
optimized,single_gini_restore,,single,Single objective: gini_restore,Equity objective that reduces restoration-time inequality using Gini.,equity:gini_restore,0.1297409321462819,4026.5100979390627,1201893.7221424521,0.1297409321462819,4099.857214,0.27396831780360104,4099.857214,0.16666666666666666,1.0,0.23146609137753354,0.133,0.867,0.9,0.9,1,1,results/batch_tradeoff_20260325_235335/scenario_runs/tradeoff_20260326_075741/single_gini_restore_20260326_075841,results/batch_tradeoff_20260325_235335/scenario_runs/tradeoff_20260326_075741/single_gini_restore_20260326_075841/best,"[22, 14, 27, 1, 15, 19, 3, 2, 32, (18, 16), (24, 13), (16, 17), (22, 21), (17, 16), (10, 9), (3, 12), (5, 6), (13, 12), (19, 17), (4, 3), (7, 18), (20, 21)]","[22, 14, 27, 1, 15, 19, 3, 2, 32]","[(18, 16), (24, 13), (16, 17), (22, 21), (17, 16), (10, 9), (3, 12), (5, 6), (13, 12), (19, 17), (4, 3), (7, 18), (20, 21)]",scenario_079,20260403,9,13,0.2500699207284759,0.7499300792715241,results/batch_tradeoff_20260325_235335/scenario_runs/tradeoff_20260326_075741
optimized,single_maximin_time_avg_cri,,single,Single objective: maximize minimum time-avg CRI,Equity via maximin: improve the worst-served zone by maximizing the minimum time-averaged CRI.,equity:maximin_time_avg_cri_loss,0.5041546946166766,2028.2821275732574,1034204.5654514766,0.3315421489052006,3326.532545000001,0.4958453053833234,3326.532545000001,0.16666666666666666,1.0,0.46725592224991547,0.133,0.867,0.9,0.9,1,0,results/batch_tradeoff_20260325_235335/scenario_runs/tradeoff_20260326_075741/single_maximin_time_avg_cri_20260326_075944,results/batch_tradeoff_20260325_235335/scenario_runs/tradeoff_20260326_075741/single_maximin_time_avg_cri_20260326_075944/best,"[15, 14, 2, 1, 32, 3, 19, 22, 27, (3, 12), (10, 9), (16, 17), (24, 13), (4, 3), (22, 21), (19, 17), (13, 12), (5, 6), (18, 16), (17, 16), (7, 18), (20, 21)]","[15, 14, 2, 1, 32, 3, 19, 22, 27]","[(3, 12), (10, 9), (16, 17), (24, 13), (4, 3), (22, 21), (19, 17), (13, 12), (5, 6), (18, 16), (17, 16), (7, 18), (20, 21)]",scenario_079,20260403,9,13,0.2500699207284759,0.7499300792715241,results/batch_tradeoff_20260325_235335/scenario_runs/tradeoff_20260326_075741
optimized,single_p90_access_restore,,single,Single objective: p90_access_restore,Critical-access objective that shortens the time by which 90% of zones regain access.,critical_access:p90_access_restore,1836.3430019999998,2248.737478458125,679961.59125004,0.2622287820154945,2525.973427,0.2726421082998633,1836.3430019999998,0.16666666666666666,1.0,0.43065094382588953,0.133,0.867,0.9,0.9,1,0,results/batch_tradeoff_20260325_235335/scenario_runs/tradeoff_20260326_075741/single_p90_access_restore_20260326_080045,results/batch_tradeoff_20260325_235335/scenario_runs/tradeoff_20260326_075741/single_p90_access_restore_20260326_080045/best,"[19, 3, 32, 27, 15, 1, 2, 14, 22, (3, 12), (13, 12), (4, 3), (10, 9), (24, 13), (20, 21), (22, 21), (5, 6), (7, 18), (19, 17), (18, 16), (17, 16), (16, 17)]","[19, 3, 32, 27, 15, 1, 2, 14, 22]","[(3, 12), (13, 12), (4, 3), (10, 9), (24, 13), (20, 21), (22, 21), (5, 6), (7, 18), (19, 17), (18, 16), (17, 16), (16, 17)]",scenario_079,20260403,9,13,0.2500699207284759,0.7499300792715241,results/batch_tradeoff_20260325_235335/scenario_runs/tradeoff_20260326_075741
optimized,weighted_gini_restore_l050,,weighted_sum,Weighted sum: triangle + 0.5 * equity:gini_restore,Weighted trade-off objective. triangle + 0.5 * equity:gini_restore.,weighted_sum,1.4089862905153008,2565.599406854433,823115.1672502356,0.19452149816586917,3692.871252,0.4669736808576323,3692.871252,0.16666666666666666,1.0,0.4021832192644048,0.133,0.867,0.9,0.9,1,0,results/batch_tradeoff_20260325_235335/scenario_runs/tradeoff_20260326_075741/weighted_gini_restore_l050_20260326_080144,results/batch_tradeoff_20260325_235335/scenario_runs/tradeoff_20260326_075741/weighted_gini_restore_l050_20260326_080144/best,"[27, 32, 14, 19, 3, 22, 2, 1, 15, (13, 12), (16, 17), (10, 9), (22, 21), (5, 6), (24, 13), (19, 17), (4, 3), (3, 12), (18, 16), (7, 18), (17, 16), (20, 21)]","[27, 32, 14, 19, 3, 22, 2, 1, 15]","[(13, 12), (16, 17), (10, 9), (22, 21), (5, 6), (24, 13), (19, 17), (4, 3), (3, 12), (18, 16), (7, 18), (17, 16), (20, 21)]",scenario_079,20260403,9,13,0.2500699207284759,0.7499300792715241,results/batch_tradeoff_20260325_235335/scenario_runs/tradeoff_20260326_075741
optimized,guardrail_gini_restore,,guardrail,Guardrail on equity:gini_restore,Triangle minimization with a fairness guardrail. Guardrail on equity:gini_restore.,guardrail,2129.5987269179277,2129.5987269179277,548550.3984986517,0.19297404724778433,2166.338295,0.2977991696477089,2166.338295,0.16666666666666666,1.0,0.24153891365106483,0.133,0.867,0.9,0.9,1,1,results/batch_tradeoff_20260325_235335/scenario_runs/tradeoff_20260326_075741/guardrail_gini_restore_20260326_080248,results/batch_tradeoff_20260325_235335/scenario_runs/tradeoff_20260326_075741/guardrail_gini_restore_20260326_080248/best,"[19, 3, 32, 22, 2, 15, 1, 14, 27, (4, 3), (5, 6), (16, 17), (17, 16), (7, 18), (19, 17), (22, 21), (20, 21), (24, 13), (10, 9), (18, 16), (3, 12), (13, 12)]","[19, 3, 32, 22, 2, 15, 1, 14, 27]","[(4, 3), (5, 6), (16, 17), (17, 16), (7, 18), (19, 17), (22, 21), (20, 21), (24, 13), (10, 9), (18, 16), (3, 12), (13, 12)]",scenario_079,20260403,9,13,0.2500699207284759,0.7499300792715241,results/batch_tradeoff_20260325_235335/scenario_runs/tradeoff_20260326_075741
optimized,weighted_maximin_time_avg_cri_l050,,weighted_sum,Weighted sum: triangle + 0.5 * equity:maximin_time_avg_cri_loss,Weighted trade-off objective. triangle + 0.5 * equity:maximin_time_avg_cri_loss.,weighted_sum,1.1147368052437674,2005.5399288537287,740884.598421764,0.2763667238565848,2698.341473,0.5341902468399974,2698.341473,0.16666666666666666,1.0,0.5313276036219609,0.133,0.867,0.9,0.9,1,1,results/batch_tradeoff_20260325_235335/scenario_runs/tradeoff_20260326_075741/weighted_maximin_time_avg_cri_l050_20260326_080351,results/batch_tradeoff_20260325_235335/scenario_runs/tradeoff_20260326_075741/weighted_maximin_time_avg_cri_l050_20260326_080351/best,"[2, 27, 1, 15, 14, 32, 22, 3, 19, (13, 12), (4, 3), (18, 16), (7, 18), (22, 21), (20, 21), (19, 17), (17, 16), (24, 13), (16, 17), (5, 6), (3, 12), (10, 9)]","[2, 27, 1, 15, 14, 32, 22, 3, 19]","[(13, 12), (4, 3), (18, 16), (7, 18), (22, 21), (20, 21), (19, 17), (17, 16), (24, 13), (16, 17), (5, 6), (3, 12), (10, 9)]",scenario_079,20260403,9,13,0.2500699207284759,0.7499300792715241,results/batch_tradeoff_20260325_235335/scenario_runs/tradeoff_20260326_075741
optimized,baseline_reference,,baseline,Baseline sequence,Baseline repair sequence used as the reference point.,triangle,5011.064192966368,5011.064192966368,3439545.1022852235,0.20320952662669156,5148.023868,0.3658913208474845,5131.9135467,0.25,1.0,0.3029231297424384,0.133,0.867,0.9,0.9,1,0,,results/batch_tradeoff_20260325_235335/scenario_runs/tradeoff_20260326_080455/reference,"[14, 25, 5, 15, 23, 16, 4, 20, 9, 12, 31, 30, 33, 8, 32, (13, 12), (19, 20), (19, 15), (15, 10), (12, 13)]","[14, 25, 5, 15, 23, 16, 4, 20, 9, 12, 31, 30, 33, 8, 32]","[(13, 12), (19, 20), (19, 15), (15, 10), (12, 13)]",scenario_080,20260404,15,5,0.21172660064852292,0.7882733993514771,results/batch_tradeoff_20260325_235335/scenario_runs/tradeoff_20260326_080455
optimized,single_triangle,,single,Single objective: triangle,Pure efficiency objective that minimizes resilience-triangle loss.,triangle,2222.8651182274225,2222.8651182274225,583658.0069537197,0.2262194184394739,2356.400568,0.3870875942657005,2356.400568,0.25,1.0,0.3520865052155258,0.133,0.867,0.9,0.9,1,1,results/batch_tradeoff_20260325_235335/scenario_runs/tradeoff_20260326_080455/single_triangle_20260326_080456,results/batch_tradeoff_20260325_235335/scenario_runs/tradeoff_20260326_080455/single_triangle_20260326_080456/best,"[25, 14, 9, 33, 23, 5, 4, 20, 16, 15, 31, 8, 12, 32, 30, (15, 10), (19, 20), (19, 15), (12, 13), (13, 12)]","[25, 14, 9, 33, 23, 5, 4, 20, 16, 15, 31, 8, 12, 32, 30]","[(15, 10), (19, 20), (19, 15), (12, 13), (13, 12)]",scenario_080,20260404,15,5,0.21172660064852292,0.7882733993514771,results/batch_tradeoff_20260325_235335/scenario_runs/tradeoff_20260326_080455
optimized,single_gini_restore,,single,Single objective: gini_restore,Equity objective that reduces restoration-time inequality using Gini.,equity:gini_restore,0.1642455540371177,6071.6146293312195,3480785.204217226,0.1642455540371177,5348.360676,0.3163855032173929,5348.360676,0.25,1.0,0.2807498360020226,0.133,0.867,0.9,0.9,1,1,results/batch_tradeoff_20260325_235335/scenario_runs/tradeoff_20260326_080455/single_gini_restore_20260326_080549,results/batch_tradeoff_20260325_235335/scenario_runs/tradeoff_20260326_080455/single_gini_restore_20260326_080549/best,"[23, 31, 30, 12, 25, 14, 5, 32, 15, 9, 16, 33, 20, 4, 8, (19, 20), (13, 12), (19, 15), (12, 13), (15, 10)]","[23, 31, 30, 12, 25, 14, 5, 32, 15, 9, 16, 33, 20, 4, 8]","[(19, 20), (13, 12), (19, 15), (12, 13), (15, 10)]",scenario_080,20260404,15,5,0.21172660064852292,0.7882733993514771,results/batch_tradeoff_20260325_235335/scenario_runs/tradeoff_20260326_080455
optimized,single_maximin_time_avg_cri,,single,Single objective: maximize minimum time-avg CRI,Equity via maximin: improve the worst-served zone by maximizing the minimum time-averaged CRI.,equity:maximin_time_avg_cri_loss,0.5514845024375419,4195.3142406266825,4048313.4113975163,0.2568545651716274,5135.015822,0.4485154975624581,5135.015822,0.25,1.0,0.34416198455905495,0.133,0.867,0.9,0.9,1,0,results/batch_tradeoff_20260325_235335/scenario_runs/tradeoff_20260326_080455/single_maximin_time_avg_cri_20260326_080647,results/batch_tradeoff_20260325_235335/scenario_runs/tradeoff_20260326_080455/single_maximin_time_avg_cri_20260326_080647/best,"[32, 30, 14, 31, 4, 5, 23, 25, 12, 33, 15, 20, 16, 9, 8, (19, 20), (19, 15), (12, 13), (13, 12), (15, 10)]","[32, 30, 14, 31, 4, 5, 23, 25, 12, 33, 15, 20, 16, 9, 8]","[(19, 20), (19, 15), (12, 13), (13, 12), (15, 10)]",scenario_080,20260404,15,5,0.21172660064852292,0.7882733993514771,results/batch_tradeoff_20260325_235335/scenario_runs/tradeoff_20260326_080455
optimized,single_p90_access_restore,,single,Single objective: p90_access_restore,Critical-access objective that shortens the time by which 90% of zones regain access.,critical_access:p90_access_restore,2644.9042680000002,2618.9618841322877,784676.4911788952,0.23341494478168667,2723.7540243,0.3791432388057683,2644.9042680000002,0.25,1.0,0.36158132456103265,0.133,0.867,0.9,0.9,1,0,results/batch_tradeoff_20260325_235335/scenario_runs/tradeoff_20260326_080455/single_p90_access_restore_20260326_080740,results/batch_tradeoff_20260325_235335/scenario_runs/tradeoff_20260326_080455/single_p90_access_restore_20260326_080740/best,"[8, 25, 23, 33, 9, 15, 4, 5, 20, 16, 12, 14, 31, 30, 32, (12, 13), (19, 15), (15, 10), (13, 12), (19, 20)]","[8, 25, 23, 33, 9, 15, 4, 5, 20, 16, 12, 14, 31, 30, 32]","[(12, 13), (19, 15), (15, 10), (13, 12), (19, 20)]",scenario_080,20260404,15,5,0.21172660064852292,0.7882733993514771,results/batch_tradeoff_20260325_235335/scenario_runs/tradeoff_20260326_080455
optimized,weighted_gini_restore_l050,,weighted_sum,Weighted sum: triangle + 0.5 * equity:gini_restore,Weighted trade-off objective. triangle + 0.5 * equity:gini_restore.,weighted_sum,1.1805363640862556,3526.6330802253033,1368626.9381687825,0.19376722360270882,3625.6755909999997,0.3372957095339104,3625.6755909999997,0.25,1.0,0.32136601792246045,0.133,0.867,0.9,0.9,1,1,results/batch_tradeoff_20260325_235335/scenario_runs/tradeoff_20260326_080455/weighted_gini_restore_l050_20260326_080837,results/batch_tradeoff_20260325_235335/scenario_runs/tradeoff_20260326_080455/weighted_gini_restore_l050_20260326_080837/best,"[12, 9, 14, 5, 25, 20, 32, 23, 33, 31, 4, 16, 8, 15, 30, (15, 10), (19, 15), (12, 13), (19, 20), (13, 12)]","[12, 9, 14, 5, 25, 20, 32, 23, 33, 31, 4, 16, 8, 15, 30]","[(15, 10), (19, 15), (12, 13), (19, 20), (13, 12)]",scenario_080,20260404,15,5,0.21172660064852292,0.7882733993514771,results/batch_tradeoff_20260325_235335/scenario_runs/tradeoff_20260326_080455
optimized,guardrail_gini_restore,,guardrail,Guardrail on equity:gini_restore,Triangle minimization with a fairness guardrail. Guardrail on equity:gini_restore.,guardrail,3775.670983714118,3775.670983714118,1635128.6518839553,0.18681445111480688,3705.0782369999997,0.3423015798516939,3705.0782369999997,0.25,1.0,0.29358387844213285,0.133,0.867,0.9,0.9,1,1,results/batch_tradeoff_20260325_235335/scenario_runs/tradeoff_20260326_080455/guardrail_gini_restore_20260326_080935,results/batch_tradeoff_20260325_235335/scenario_runs/tradeoff_20260326_080455/guardrail_gini_restore_20260326_080935/best,"[12, 5, 15, 25, 23, 9, 4, 31, 16, 14, 20, 30, 32, 33, 8, (19, 20), (15, 10), (19, 15), (13, 12), (12, 13)]","[12, 5, 15, 25, 23, 9, 4, 31, 16, 14, 20, 30, 32, 33, 8]","[(19, 20), (15, 10), (19, 15), (13, 12), (12, 13)]",scenario_080,20260404,15,5,0.21172660064852292,0.7882733993514771,results/batch_tradeoff_20260325_235335/scenario_runs/tradeoff_20260326_080455
optimized,weighted_maximin_time_avg_cri_l050,,weighted_sum,Weighted sum: triangle + 0.5 * equity:maximin_time_avg_cri_loss,Weighted trade-off objective. triangle + 0.5 * equity:maximin_time_avg_cri_loss.,weighted_sum,1.1790001420806007,3503.8992661394745,1944103.6773236708,0.2723368852981367,3555.7497280000007,0.3915504300635167,3555.7497280000007,0.25,1.0,0.37366351559650934,0.133,0.867,0.9,0.9,1,0,results/batch_tradeoff_20260325_235335/scenario_runs/tradeoff_20260326_080455/weighted_maximin_time_avg_cri_l050_20260326_081029,results/batch_tradeoff_20260325_235335/scenario_runs/tradeoff_20260326_080455/weighted_maximin_time_avg_cri_l050_20260326_081029/best,"[12, 16, 9, 31, 4, 15, 8, 5, 20, 25, 23, 33, 30, 14, 32, (13, 12), (15, 10), (19, 20), (12, 13), (19, 15)]","[12, 16, 9, 31, 4, 15, 8, 5, 20, 25, 23, 33, 30, 14, 32]","[(13, 12), (15, 10), (19, 20), (12, 13), (19, 15)]",scenario_080,20260404,15,5,0.21172660064852292,0.7882733993514771,results/batch_tradeoff_20260325_235335/scenario_runs/tradeoff_20260326_080455
optimized,baseline_reference,,baseline,Baseline sequence,Baseline repair sequence used as the reference point.,triangle,2066.243049126291,2066.243049126291,191179.6612526287,0.10023361058860902,2004.0731240000002,0.2711953794405063,2004.0731240000002,0.2916666666666667,1.0,0.2983934859571189,0.133,0.867,0.9,0.9,1,0,,results/batch_tradeoff_20260325_235335/scenario_runs/tradeoff_20260326_081126/reference,"[30, 27, 2, 1, 22, 23, 17, 33, 29, 4, 5, 7, 9, (20, 22), (24, 23), (19, 15), (4, 5)]","[30, 27, 2, 1, 22, 23, 17, 33, 29, 4, 5, 7, 9]","[(20, 22), (24, 23), (19, 15), (4, 5)]",scenario_081,20260405,13,4,0.18293447504505828,0.8170655249549417,results/batch_tradeoff_20260325_235335/scenario_runs/tradeoff_20260326_081126
optimized,single_triangle,,single,Single objective: triangle,Pure efficiency objective that minimizes resilience-triangle loss.,triangle,1229.1408396514462,1229.1408396514462,102741.88281270467,0.12438132741392649,1298.489415,0.33511412108203953,1298.489415,0.2916666666666667,1.0,0.3122645674396968,0.133,0.867,0.9,0.9,1,1,results/batch_tradeoff_20260325_235335/scenario_runs/tradeoff_20260326_081126/single_triangle_20260326_081127,results/batch_tradeoff_20260325_235335/scenario_runs/tradeoff_20260326_081126/single_triangle_20260326_081127/best,"[2, 27, 7, 1, 22, 23, 29, 17, 33, 9, 5, 4, 30, (4, 5), (19, 15), (20, 22), (24, 23)]","[2, 27, 7, 1, 22, 23, 29, 17, 33, 9, 5, 4, 30]","[(4, 5), (19, 15), (20, 22), (24, 23)]",scenario_081,20260405,13,4,0.18293447504505828,0.8170655249549417,results/batch_tradeoff_20260325_235335/scenario_runs/tradeoff_20260326_081126
optimized,single_gini_restore,,single,Single objective: gini_restore,Equity objective that reduces restoration-time inequality using Gini.,equity:gini_restore,0.07873123748607891,2549.6766721842923,220938.92982559057,0.07873123748607891,2402.8218269999998,0.2948342168929254,2402.8218269999998,0.2916666666666667,1.0,0.2916666666666667,0.133,0.867,0.9,0.9,1,0,results/batch_tradeoff_20260325_235335/scenario_runs/tradeoff_20260326_081126/single_gini_restore_20260326_081215,results/batch_tradeoff_20260325_235335/scenario_runs/tradeoff_20260326_081126/single_gini_restore_20260326_081215/best,"[30, 27, 1, 29, 22, 33, 23, 2, 17, 9, 5, 7, 4, (19, 15), (20, 22), (4, 5), (24, 23)]","[30, 27, 1, 29, 22, 33, 23, 2, 17, 9, 5, 7, 4]","[(19, 15), (20, 22), (4, 5), (24, 23)]",scenario_081,20260405,13,4,0.18293447504505828,0.8170655249549417,results/batch_tradeoff_20260325_235335/scenario_runs/tradeoff_20260326_081126
optimized,single_maximin_time_avg_cri,,single,Single objective: maximize minimum time-avg CRI,Equity via maximin: improve the worst-served zone by maximizing the minimum time-averaged CRI.,equity:maximin_time_avg_cri_loss,0.6148564575720872,1578.8011069095955,148364.78253933354,0.13269776776900732,1770.008374,0.38514354242791277,1770.008374,0.2916666666666667,1.0,0.3341222749397757,0.133,0.867,0.9,0.9,1,0,results/batch_tradeoff_20260325_235335/scenario_runs/tradeoff_20260326_081126/single_maximin_time_avg_cri_20260326_081303,results/batch_tradeoff_20260325_235335/scenario_runs/tradeoff_20260326_081126/single_maximin_time_avg_cri_20260326_081303/best,"[1, 9, 4, 33, 7, 5, 2, 22, 29, 17, 30, 23, 27, (4, 5), (19, 15), (20, 22), (24, 23)]","[1, 9, 4, 33, 7, 5, 2, 22, 29, 17, 30, 23, 27]","[(4, 5), (19, 15), (20, 22), (24, 23)]",scenario_081,20260405,13,4,0.18293447504505828,0.8170655249549417,results/batch_tradeoff_20260325_235335/scenario_runs/tradeoff_20260326_081126
optimized,single_p90_access_restore,,single,Single objective: p90_access_restore,Critical-access objective that shortens the time by which 90% of zones regain access.,critical_access:p90_access_restore,1213.7059229999998,1172.0703965948085,102442.30793181609,0.13241184225008817,1213.7059229999998,0.3037331654380093,1213.7059229999998,0.2916666666666667,1.0,0.29987134130788395,0.133,0.867,0.9,0.9,1,1,results/batch_tradeoff_20260325_235335/scenario_runs/tradeoff_20260326_081126/single_p90_access_restore_20260326_081355,results/batch_tradeoff_20260325_235335/scenario_runs/tradeoff_20260326_081126/single_p90_access_restore_20260326_081355/best,"[33, 23, 7, 2, 1, 17, 27, 29, 5, 30, 4, 22, 9, (20, 22), (19, 15), (24, 23), (4, 5)]","[33, 23, 7, 2, 1, 17, 27, 29, 5, 30, 4, 22, 9]","[(20, 22), (19, 15), (24, 23), (4, 5)]",scenario_081,20260405,13,4,0.18293447504505828,0.8170655249549417,results/batch_tradeoff_20260325_235335/scenario_runs/tradeoff_20260326_081126
optimized,weighted_gini_restore_l050,,weighted_sum,Weighted sum: triangle + 0.5 * equity:gini_restore,Weighted trade-off objective. triangle + 0.5 * equity:gini_restore.,weighted_sum,1.254941978886459,1650.7688071546231,90680.34331683983,0.09141688548035587,1488.490543,0.26824670624894564,1488.490543,0.2916666666666667,1.0,0.29222651794503207,0.133,0.867,0.9,0.9,1,0,results/batch_tradeoff_20260325_235335/scenario_runs/tradeoff_20260326_081126/weighted_gini_restore_l050_20260326_081443,results/batch_tradeoff_20260325_235335/scenario_runs/tradeoff_20260326_081126/weighted_gini_restore_l050_20260326_081443/best,"[30, 4, 33, 29, 27, 17, 7, 22, 2, 1, 23, 5, 9, (4, 5), (24, 23), (19, 15), (20, 22)]","[30, 4, 33, 29, 27, 17, 7, 22, 2, 1, 23, 5, 9]","[(4, 5), (24, 23), (19, 15), (20, 22)]",scenario_081,20260405,13,4,0.18293447504505828,0.8170655249549417,results/batch_tradeoff_20260325_235335/scenario_runs/tradeoff_20260326_081126
optimized,guardrail_gini_restore,,guardrail,Guardrail on equity:gini_restore,Triangle minimization with a fairness guardrail. Guardrail on equity:gini_restore.,guardrail,1662.5670029323878,1662.5670029323878,87787.33301526708,0.09015068734484166,1601.214732,0.2654638398857382,1601.214732,0.2916666666666667,1.0,0.306773781554657,0.133,0.867,0.9,0.9,1,0,results/batch_tradeoff_20260325_235335/scenario_runs/tradeoff_20260326_081126/guardrail_gini_restore_20260326_081535,results/batch_tradeoff_20260325_235335/scenario_runs/tradeoff_20260326_081126/guardrail_gini_restore_20260326_081535/best,"[4, 30, 29, 1, 22, 7, 2, 33, 23, 9, 5, 17, 27, (4, 5), (19, 15), (20, 22), (24, 23)]","[4, 30, 29, 1, 22, 7, 2, 33, 23, 9, 5, 17, 27]","[(4, 5), (19, 15), (20, 22), (24, 23)]",scenario_081,20260405,13,4,0.18293447504505828,0.8170655249549417,results/batch_tradeoff_20260325_235335/scenario_runs/tradeoff_20260326_081126
optimized,weighted_maximin_time_avg_cri_l050,,weighted_sum,Weighted sum: triangle + 0.5 * equity:maximin_time_avg_cri_loss,Weighted trade-off objective. triangle + 0.5 * equity:maximin_time_avg_cri_loss.,weighted_sum,1.1603510179419807,1296.7257956007365,61905.23762961695,0.07432347990848287,1249.25354,0.22342309065929952,1249.25354,0.2916666666666667,1.0,0.2916666666666667,0.133,0.867,0.9,0.9,1,1,results/batch_tradeoff_20260325_235335/scenario_runs/tradeoff_20260326_081126/weighted_maximin_time_avg_cri_l050_20260326_081623,results/batch_tradeoff_20260325_235335/scenario_runs/tradeoff_20260326_081126/weighted_maximin_time_avg_cri_l050_20260326_081623/best,"[9, 7, 27, 23, 1, 2, 33, 5, 22, 30, 29, 17, 4, (20, 22), (19, 15), (4, 5), (24, 23)]","[9, 7, 27, 23, 1, 2, 33, 5, 22, 30, 29, 17, 4]","[(20, 22), (19, 15), (4, 5), (24, 23)]",scenario_081,20260405,13,4,0.18293447504505828,0.8170655249549417,results/batch_tradeoff_20260325_235335/scenario_runs/tradeoff_20260326_081126
optimized,baseline_reference,,baseline,Baseline sequence,Baseline repair sequence used as the reference point.,triangle,3829.8814999786346,3829.8814999786346,1719403.2802187146,0.1938567037886032,3833.6664520000004,0.2801456629736101,3833.6664520000004,0.25,1.0,0.29588834459413044,0.133,0.867,0.9,0.9,1,0,,results/batch_tradeoff_20260325_235335/scenario_runs/tradeoff_20260326_081712/reference,"[15, 24, 16, 26, 20, 5, 30, 1, 32, 3, 23, 18, 8, (15, 14), (18, 7), (21, 20), (8, 16), (9, 10), (15, 19), (19, 15), (20, 18), (10, 11), (11, 4)]","[15, 24, 16, 26, 20, 5, 30, 1, 32, 3, 23, 18, 8]","[(15, 14), (18, 7), (21, 20), (8, 16), (9, 10), (15, 19), (19, 15), (20, 18), (10, 11), (11, 4)]",scenario_082,20260406,13,10,0.29489434255964264,0.7051056574403574,results/batch_tradeoff_20260325_235335/scenario_runs/tradeoff_20260326_081712
optimized,single_triangle,,single,Single objective: triangle,Pure efficiency objective that minimizes resilience-triangle loss.,triangle,2159.1983329095033,2159.1983329095033,818663.9524685577,0.2620284525883476,2531.3396807999998,0.4093197006033116,2435.742792,0.25,1.0,0.3922765773416191,0.133,0.867,0.9,0.9,1,0,results/batch_tradeoff_20260325_235335/scenario_runs/tradeoff_20260326_081712/single_triangle_20260326_081713,results/batch_tradeoff_20260325_235335/scenario_runs/tradeoff_20260326_081712/single_triangle_20260326_081713/best,"[15, 8, 16, 1, 26, 30, 5, 3, 32, 24, 23, 18, 20, (10, 11), (11, 4), (15, 14), (21, 20), (9, 10), (19, 15), (15, 19), (18, 7), (20, 18), (8, 16)]","[15, 8, 16, 1, 26, 30, 5, 3, 32, 24, 23, 18, 20]","[(10, 11), (11, 4), (15, 14), (21, 20), (9, 10), (19, 15), (15, 19), (18, 7), (20, 18), (8, 16)]",scenario_082,20260406,13,10,0.29489434255964264,0.7051056574403574,results/batch_tradeoff_20260325_235335/scenario_runs/tradeoff_20260326_081712
optimized,single_gini_restore,,single,Single objective: gini_restore,Equity objective that reduces restoration-time inequality using Gini.,equity:gini_restore,0.16408867471267086,5612.68022606487,2509841.669354446,0.16408867471267086,5148.452011,0.2309994110566139,5148.452011,0.25,1.0,0.2897585990936672,0.133,0.867,0.9,0.9,1,0,results/batch_tradeoff_20260325_235335/scenario_runs/tradeoff_20260326_081712/single_gini_restore_20260326_081821,results/batch_tradeoff_20260325_235335/scenario_runs/tradeoff_20260326_081712/single_gini_restore_20260326_081821/best,"[26, 5, 24, 23, 20, 1, 16, 15, 3, 8, 32, 30, 18, (18, 7), (15, 14), (19, 15), (8, 16), (9, 10), (21, 20), (11, 4), (20, 18), (10, 11), (15, 19)]","[26, 5, 24, 23, 20, 1, 16, 15, 3, 8, 32, 30, 18]","[(18, 7), (15, 14), (19, 15), (8, 16), (9, 10), (21, 20), (11, 4), (20, 18), (10, 11), (15, 19)]",scenario_082,20260406,13,10,0.29489434255964264,0.7051056574403574,results/batch_tradeoff_20260325_235335/scenario_runs/tradeoff_20260326_081712
optimized,single_maximin_time_avg_cri,,single,Single objective: maximize minimum time-avg CRI,Equity via maximin: improve the worst-served zone by maximizing the minimum time-averaged CRI.,equity:maximin_time_avg_cri_loss,0.5557103347542388,6742.801818965268,6733811.724461772,0.22278754707576676,7275.257205,0.4442896652457612,7275.257205,0.25,1.0,0.4358961875012196,0.133,0.867,0.9,0.9,1,0,results/batch_tradeoff_20260325_235335/scenario_runs/tradeoff_20260326_081712/single_maximin_time_avg_cri_20260326_081930,results/batch_tradeoff_20260325_235335/scenario_runs/tradeoff_20260326_081712/single_maximin_time_avg_cri_20260326_081930/best,"[3, 1, 5, 26, 8, 30, 15, 23, 16, 18, 20, 24, 32, (9, 10), (10, 11), (19, 15), (8, 16), (15, 19), (20, 18), (11, 4), (18, 7), (15, 14), (21, 20)]","[3, 1, 5, 26, 8, 30, 15, 23, 16, 18, 20, 24, 32]","[(9, 10), (10, 11), (19, 15), (8, 16), (15, 19), (20, 18), (11, 4), (18, 7), (15, 14), (21, 20)]",scenario_082,20260406,13,10,0.29489434255964264,0.7051056574403574,results/batch_tradeoff_20260325_235335/scenario_runs/tradeoff_20260326_081712
optimized,single_p90_access_restore,,single,Single objective: p90_access_restore,Critical-access objective that shortens the time by which 90% of zones regain access.,critical_access:p90_access_restore,1978.1844740000001,1997.7545697846672,530417.5171263395,0.23768450379672657,1978.1844740000001,0.2946647304070678,1978.1844740000001,0.25,1.0,0.2986201911470467,0.133,0.867,0.9,0.9,1,1,results/batch_tradeoff_20260325_235335/scenario_runs/tradeoff_20260326_081712/single_p90_access_restore_20260326_082040,results/batch_tradeoff_20260325_235335/scenario_runs/tradeoff_20260326_081712/single_p90_access_restore_20260326_082040/best,"[1, 15, 24, 16, 26, 30, 20, 18, 32, 3, 23, 5, 8, (21, 20), (15, 14), (10, 11), (9, 10), (8, 16), (19, 15), (20, 18), (18, 7), (15, 19), (11, 4)]","[1, 15, 24, 16, 26, 30, 20, 18, 32, 3, 23, 5, 8]","[(21, 20), (15, 14), (10, 11), (9, 10), (8, 16), (19, 15), (20, 18), (18, 7), (15, 19), (11, 4)]",scenario_082,20260406,13,10,0.29489434255964264,0.7051056574403574,results/batch_tradeoff_20260325_235335/scenario_runs/tradeoff_20260326_081712
optimized,weighted_gini_restore_l050,,weighted_sum,Weighted sum: triangle + 0.5 * equity:gini_restore,Weighted trade-off objective. triangle + 0.5 * equity:gini_restore.,weighted_sum,1.138526169769374,2884.2691637514904,492261.9479270468,0.14943637104469754,2348.2020810000004,0.2131088348953723,2348.2020810000004,0.25,1.0,0.3349475406599557,0.133,0.867,0.9,0.9,1,1,results/batch_tradeoff_20260325_235335/scenario_runs/tradeoff_20260326_081712/weighted_gini_restore_l050_20260326_082149,results/batch_tradeoff_20260325_235335/scenario_runs/tradeoff_20260326_081712/weighted_gini_restore_l050_20260326_082149/best,"[15, 8, 24, 18, 20, 30, 5, 3, 32, 23, 16, 1, 26, (19, 15), (15, 19), (15, 14), (21, 20), (11, 4), (10, 11), (9, 10), (20, 18), (8, 16), (18, 7)]","[15, 8, 24, 18, 20, 30, 5, 3, 32, 23, 16, 1, 26]","[(19, 15), (15, 19), (15, 14), (21, 20), (11, 4), (10, 11), (9, 10), (20, 18), (8, 16), (18, 7)]",scenario_082,20260406,13,10,0.29489434255964264,0.7051056574403574,results/batch_tradeoff_20260325_235335/scenario_runs/tradeoff_20260326_081712
optimized,guardrail_gini_restore,,guardrail,Guardrail on equity:gini_restore,Triangle minimization with a fairness guardrail. Guardrail on equity:gini_restore.,guardrail,3728.991947117958,3728.991947117958,1320500.1248172692,0.16976907326356327,3331.432253,0.22389491759703223,3331.432253,0.25,1.0,0.31455168145930035,0.133,0.867,0.9,0.9,1,0,results/batch_tradeoff_20260325_235335/scenario_runs/tradeoff_20260326_081712/guardrail_gini_restore_20260326_082259,results/batch_tradeoff_20260325_235335/scenario_runs/tradeoff_20260326_081712/guardrail_gini_restore_20260326_082259/best,"[15, 24, 16, 30, 20, 23, 26, 1, 8, 3, 5, 18, 32, (9, 10), (21, 20), (10, 11), (8, 16), (15, 14), (19, 15), (15, 19), (18, 7), (20, 18), (11, 4)]","[15, 24, 16, 30, 20, 23, 26, 1, 8, 3, 5, 18, 32]","[(9, 10), (21, 20), (10, 11), (8, 16), (15, 14), (19, 15), (15, 19), (18, 7), (20, 18), (11, 4)]",scenario_082,20260406,13,10,0.29489434255964264,0.7051056574403574,results/batch_tradeoff_20260325_235335/scenario_runs/tradeoff_20260326_081712
optimized,weighted_maximin_time_avg_cri_l050,,weighted_sum,Weighted sum: triangle + 0.5 * equity:maximin_time_avg_cri_loss,Weighted trade-off objective. triangle + 0.5 * equity:maximin_time_avg_cri_loss.,weighted_sum,1.2597951086476553,3070.7025099374882,1590388.737680772,0.2742617380753507,3584.987816,0.3405842023814699,3584.987816,0.25,1.0,0.3189710709930811,0.133,0.867,0.9,0.9,1,0,results/batch_tradeoff_20260325_235335/scenario_runs/tradeoff_20260326_081712/weighted_maximin_time_avg_cri_l050_20260326_082407,results/batch_tradeoff_20260325_235335/scenario_runs/tradeoff_20260326_081712/weighted_maximin_time_avg_cri_l050_20260326_082407/best,"[1, 24, 15, 23, 20, 5, 30, 3, 32, 8, 16, 18, 26, (19, 15), (18, 7), (10, 11), (15, 19), (15, 14), (11, 4), (9, 10), (20, 18), (21, 20), (8, 16)]","[1, 24, 15, 23, 20, 5, 30, 3, 32, 8, 16, 18, 26]","[(19, 15), (18, 7), (10, 11), (15, 19), (15, 14), (11, 4), (9, 10), (20, 18), (21, 20), (8, 16)]",scenario_082,20260406,13,10,0.29489434255964264,0.7051056574403574,results/batch_tradeoff_20260325_235335/scenario_runs/tradeoff_20260326_081712
optimized,baseline_reference,,baseline,Baseline sequence,Baseline repair sequence used as the reference point.,triangle,3268.260267707661,3268.260267707661,1240917.9157293944,0.18411411398120148,3162.1361159999997,0.28544000816547266,3162.1361159999997,0.20833333333333334,1.0,0.2903571868778677,0.133,0.867,0.9,0.9,1,0,,results/batch_tradeoff_20260325_235335/scenario_runs/tradeoff_20260326_082516/reference,"[20, 30, 21, 29, 33, 8, 28, 19, 7, 11, 31, 16, 3, (5, 9), (11, 12), (16, 10)]","[20, 30, 21, 29, 33, 8, 28, 19, 7, 11, 31, 16, 3]","[(5, 9), (11, 12), (16, 10)]",scenario_083,20260407,13,3,0.1478137378699738,0.8521862621300262,results/batch_tradeoff_20260325_235335/scenario_runs/tradeoff_20260326_082516
optimized,single_triangle,,single,Single objective: triangle,Pure efficiency objective that minimizes resilience-triangle loss.,triangle,1782.461956316006,1782.461956316006,536189.6926319875,0.19462833217503284,2066.258126,0.3899240661794473,2066.258126,0.20833333333333334,1.0,0.2951957064479239,0.133,0.867,0.9,0.9,1,0,results/batch_tradeoff_20260325_235335/scenario_runs/tradeoff_20260326_082516/single_triangle_20260326_082517,results/batch_tradeoff_20260325_235335/scenario_runs/tradeoff_20260326_082516/single_triangle_20260326_082517/best,"[7, 29, 3, 28, 33, 30, 20, 19, 8, 21, 31, 11, 16, (11, 12), (5, 9), (16, 10)]","[7, 29, 3, 28, 33, 30, 20, 19, 8, 21, 31, 11, 16]","[(11, 12), (5, 9), (16, 10)]",scenario_083,20260407,13,3,0.1478137378699738,0.8521862621300262,results/batch_tradeoff_20260325_235335/scenario_runs/tradeoff_20260326_082516
optimized,single_gini_restore,,single,Single objective: gini_restore,Equity objective that reduces restoration-time inequality using Gini.,equity:gini_restore,0.1281605230575682,4779.332459915881,1600223.9638406883,0.1281605230575682,4351.928853,0.22827673133361243,4351.928853,0.20833333333333334,1.0,0.2738281013437331,0.133,0.867,0.9,0.9,1,1,results/batch_tradeoff_20260325_235335/scenario_runs/tradeoff_20260326_082516/single_gini_restore_20260326_082601,results/batch_tradeoff_20260325_235335/scenario_runs/tradeoff_20260326_082516/single_gini_restore_20260326_082601/best,"[20, 30, 28, 19, 21, 8, 7, 11, 33, 31, 16, 29, 3, (16, 10), (11, 12), (5, 9)]","[20, 30, 28, 19, 21, 8, 7, 11, 33, 31, 16, 29, 3]","[(16, 10), (11, 12), (5, 9)]",scenario_083,20260407,13,3,0.1478137378699738,0.8521862621300262,results/batch_tradeoff_20260325_235335/scenario_runs/tradeoff_20260326_082516
optimized,single_maximin_time_avg_cri,,single,Single objective: maximize minimum time-avg CRI,Equity via maximin: improve the worst-served zone by maximizing the minimum time-averaged CRI.,equity:maximin_time_avg_cri_loss,0.4436108179201391,2783.879719837031,1189488.8817423447,0.22682535670307047,3907.6022909999997,0.5563891820798609,3907.6022909999997,0.20833333333333334,1.0,0.388983520779273,0.133,0.867,0.9,0.9,1,0,results/batch_tradeoff_20260325_235335/scenario_runs/tradeoff_20260326_082516/single_maximin_time_avg_cri_20260326_082646,results/batch_tradeoff_20260325_235335/scenario_runs/tradeoff_20260326_082516/single_maximin_time_avg_cri_20260326_082646/best,"[3, 8, 28, 7, 16, 11, 19, 30, 33, 21, 20, 29, 31, (16, 10), (5, 9), (11, 12)]","[3, 8, 28, 7, 16, 11, 19, 30, 33, 21, 20, 29, 31]","[(16, 10), (5, 9), (11, 12)]",scenario_083,20260407,13,3,0.1478137378699738,0.8521862621300262,results/batch_tradeoff_20260325_235335/scenario_runs/tradeoff_20260326_082516
optimized,single_p90_access_restore,,single,Single objective: p90_access_restore,Critical-access objective that shortens the time by which 90% of zones regain access.,critical_access:p90_access_restore,2107.3443399999996,2162.2975194876085,689706.1364055462,0.22461478938909418,2673.045612499999,0.5206055465292859,2107.3443399999996,0.20833333333333334,1.0,0.48296717576267967,0.133,0.867,0.9,0.9,1,0,results/batch_tradeoff_20260325_235335/scenario_runs/tradeoff_20260326_082516/single_p90_access_restore_20260326_082734,results/batch_tradeoff_20260325_235335/scenario_runs/tradeoff_20260326_082516/single_p90_access_restore_20260326_082734/best,"[20, 30, 3, 29, 21, 33, 28, 7, 8, 11, 31, 16, 19, (11, 12), (5, 9), (16, 10)]","[20, 30, 3, 29, 21, 33, 28, 7, 8, 11, 31, 16, 19]","[(11, 12), (5, 9), (16, 10)]",scenario_083,20260407,13,3,0.1478137378699738,0.8521862621300262,results/batch_tradeoff_20260325_235335/scenario_runs/tradeoff_20260326_082516
optimized,weighted_gini_restore_l050,,weighted_sum,Weighted sum: triangle + 0.5 * equity:gini_restore,Weighted trade-off objective. triangle + 0.5 * equity:gini_restore.,weighted_sum,0.8903113305462174,1607.376634810735,168453.41631057105,0.14673791184955132,1518.304467,0.3022421041320681,1518.304467,0.20833333333333334,1.0,0.30636244059955947,0.133,0.867,0.9,0.9,1,1,results/batch_tradeoff_20260325_235335/scenario_runs/tradeoff_20260326_082516/weighted_gini_restore_l050_20260326_082819,results/batch_tradeoff_20260325_235335/scenario_runs/tradeoff_20260326_082516/weighted_gini_restore_l050_20260326_082819/best,"[11, 31, 16, 33, 8, 28, 7, 3, 30, 19, 20, 21, 29, (5, 9), (16, 10), (11, 12)]","[11, 31, 16, 33, 8, 28, 7, 3, 30, 19, 20, 21, 29]","[(5, 9), (16, 10), (11, 12)]",scenario_083,20260407,13,3,0.1478137378699738,0.8521862621300262,results/batch_tradeoff_20260325_235335/scenario_runs/tradeoff_20260326_082516
optimized,guardrail_gini_restore,,guardrail,Guardrail on equity:gini_restore,Triangle minimization with a fairness guardrail. Guardrail on equity:gini_restore.,guardrail,1934.7183126608934,1934.7183126608934,414840.0921505044,0.17069684118529005,2147.9927479999997,0.3869958991121,2147.9927479999997,0.20833333333333334,1.0,0.2692754225218951,0.133,0.867,0.9,0.9,1,0,results/batch_tradeoff_20260325_235335/scenario_runs/tradeoff_20260326_082516/guardrail_gini_restore_20260326_082903,results/batch_tradeoff_20260325_235335/scenario_runs/tradeoff_20260326_082516/guardrail_gini_restore_20260326_082903/best,"[21, 8, 3, 29, 33, 20, 28, 19, 30, 7, 31, 11, 16, (5, 9), (16, 10), (11, 12)]","[21, 8, 3, 29, 33, 20, 28, 19, 30, 7, 31, 11, 16]","[(5, 9), (16, 10), (11, 12)]",scenario_083,20260407,13,3,0.1478137378699738,0.8521862621300262,results/batch_tradeoff_20260325_235335/scenario_runs/tradeoff_20260326_082516
optimized,weighted_maximin_time_avg_cri_l050,,weighted_sum,Weighted sum: triangle + 0.5 * equity:maximin_time_avg_cri_loss,Weighted trade-off objective. triangle + 0.5 * equity:maximin_time_avg_cri_loss.,weighted_sum,1.0333106971936314,2242.706301350957,954252.8948882596,0.2338862641771371,3188.42339,0.5039485813752758,2419.096574,0.20833333333333334,1.0,0.4669849992851796,0.133,0.867,0.9,0.9,1,0,results/batch_tradeoff_20260325_235335/scenario_runs/tradeoff_20260326_082516/weighted_maximin_time_avg_cri_l050_20260326_082947,results/batch_tradeoff_20260325_235335/scenario_runs/tradeoff_20260326_082516/weighted_maximin_time_avg_cri_l050_20260326_082947/best,"[11, 33, 29, 7, 30, 8, 28, 19, 3, 20, 31, 16, 21, (11, 12), (5, 9), (16, 10)]","[11, 33, 29, 7, 30, 8, 28, 19, 3, 20, 31, 16, 21]","[(11, 12), (5, 9), (16, 10)]",scenario_083,20260407,13,3,0.1478137378699738,0.8521862621300262,results/batch_tradeoff_20260325_235335/scenario_runs/tradeoff_20260326_082516
optimized,baseline_reference,,baseline,Baseline sequence,Baseline repair sequence used as the reference point.,triangle,3928.8899889135973,3928.8899889135973,2477530.3968995973,0.23324581790643362,4489.208772,0.18708963230615552,4489.208772,0.20833333333333334,1.0,0.30713557960727556,0.133,0.867,0.9,0.9,1,0,,results/batch_tradeoff_20260325_235335/scenario_runs/tradeoff_20260326_083036/reference,"[24, 22, 4, 12, 16, 21, 28, 18, 14, (16, 18), (3, 12), (6, 8), (9, 10), (24, 21), (4, 5), (24, 13), (23, 22), (21, 24), (14, 23)]","[24, 22, 4, 12, 16, 21, 28, 18, 14]","[(16, 18), (3, 12), (6, 8), (9, 10), (24, 21), (4, 5), (24, 13), (23, 22), (21, 24), (14, 23)]",scenario_084,20260408,9,10,0.23341264803271705,0.766587351967283,results/batch_tradeoff_20260325_235335/scenario_runs/tradeoff_20260326_083036
optimized,single_triangle,,single,Single objective: triangle,Pure efficiency objective that minimizes resilience-triangle loss.,triangle,1527.1945867090465,1527.1945867090465,329585.4560954405,0.2314920393523323,1738.258392,0.3427521880553949,1738.258392,0.20833333333333334,1.0,0.3827500237327585,0.133,0.867,0.9,0.9,1,1,results/batch_tradeoff_20260325_235335/scenario_runs/tradeoff_20260326_083036/single_triangle_20260326_083037,results/batch_tradeoff_20260325_235335/scenario_runs/tradeoff_20260326_083036/single_triangle_20260326_083037/best,"[16, 12, 22, 18, 4, 21, 28, 14, 24, (3, 12), (24, 13), (6, 8), (9, 10), (4, 5), (16, 18), (24, 21), (21, 24), (23, 22), (14, 23)]","[16, 12, 22, 18, 4, 21, 28, 14, 24]","[(3, 12), (24, 13), (6, 8), (9, 10), (4, 5), (16, 18), (24, 21), (21, 24), (23, 22), (14, 23)]",scenario_084,20260408,9,10,0.23341264803271705,0.766587351967283,results/batch_tradeoff_20260325_235335/scenario_runs/tradeoff_20260326_083036
optimized,single_gini_restore,,single,Single objective: gini_restore,Equity objective that reduces restoration-time inequality using Gini.,equity:gini_restore,0.1430443183461121,3496.7774066267116,1044409.5157458256,0.1430443183461121,3201.143844,0.20044016430854217,3201.143844,0.20833333333333334,1.0,0.21272047418081189,0.133,0.867,0.9,0.9,1,1,results/batch_tradeoff_20260325_235335/scenario_runs/tradeoff_20260326_083036/single_gini_restore_20260326_083130,results/batch_tradeoff_20260325_235335/scenario_runs/tradeoff_20260326_083036/single_gini_restore_20260326_083130/best,"[24, 28, 12, 16, 14, 4, 22, 18, 21, (23, 22), (24, 13), (6, 8), (16, 18), (24, 21), (14, 23), (21, 24), (4, 5), (3, 12), (9, 10)]","[24, 28, 12, 16, 14, 4, 22, 18, 21]","[(23, 22), (24, 13), (6, 8), (16, 18), (24, 21), (14, 23), (21, 24), (4, 5), (3, 12), (9, 10)]",scenario_084,20260408,9,10,0.23341264803271705,0.766587351967283,results/batch_tradeoff_20260325_235335/scenario_runs/tradeoff_20260326_083036
optimized,single_maximin_time_avg_cri,,single,Single objective: maximize minimum time-avg CRI,Equity via maximin: improve the worst-served zone by maximizing the minimum time-averaged CRI.,equity:maximin_time_avg_cri_loss,0.5077726040890407,2141.069384336356,1120800.1651250178,0.25962844426676934,3233.033803,0.49222739591095926,3233.033803,0.20833333333333334,1.0,0.4399530498524913,0.133,0.867,0.9,0.9,1,0,results/batch_tradeoff_20260325_235335/scenario_runs/tradeoff_20260326_083036/single_maximin_time_avg_cri_20260326_083229,results/batch_tradeoff_20260325_235335/scenario_runs/tradeoff_20260326_083036/single_maximin_time_avg_cri_20260326_083229/best,"[24, 21, 12, 16, 18, 4, 22, 28, 14, (24, 13), (24, 21), (21, 24), (14, 23), (16, 18), (9, 10), (4, 5), (6, 8), (23, 22), (3, 12)]","[24, 21, 12, 16, 18, 4, 22, 28, 14]","[(24, 13), (24, 21), (21, 24), (14, 23), (16, 18), (9, 10), (4, 5), (6, 8), (23, 22), (3, 12)]",scenario_084,20260408,9,10,0.23341264803271705,0.766587351967283,results/batch_tradeoff_20260325_235335/scenario_runs/tradeoff_20260326_083036
optimized,single_p90_access_restore,,single,Single objective: p90_access_restore,Critical-access objective that shortens the time by which 90% of zones regain access.,critical_access:p90_access_restore,1994.8966580000001,1630.734960931895,548429.0482181852,0.27245984232870857,1994.8966580000001,0.30031138007282393,1994.8966580000001,0.20833333333333334,1.0,0.33464881835163884,0.133,0.867,0.9,0.9,1,0,results/batch_tradeoff_20260325_235335/scenario_runs/tradeoff_20260326_083036/single_p90_access_restore_20260326_083324,results/batch_tradeoff_20260325_235335/scenario_runs/tradeoff_20260326_083036/single_p90_access_restore_20260326_083324/best,"[14, 12, 21, 22, 16, 4, 28, 24, 18, (4, 5), (24, 13), (6, 8), (3, 12), (23, 22), (21, 24), (9, 10), (24, 21), (16, 18), (14, 23)]","[14, 12, 21, 22, 16, 4, 28, 24, 18]","[(4, 5), (24, 13), (6, 8), (3, 12), (23, 22), (21, 24), (9, 10), (24, 21), (16, 18), (14, 23)]",scenario_084,20260408,9,10,0.23341264803271705,0.766587351967283,results/batch_tradeoff_20260325_235335/scenario_runs/tradeoff_20260326_083036
optimized,weighted_gini_restore_l050,,weighted_sum,Weighted sum: triangle + 0.5 * equity:gini_restore,Weighted trade-off objective. triangle + 0.5 * equity:gini_restore.,weighted_sum,0.8446633730917656,1846.2129914508025,450649.51386258117,0.17482070360887736,2091.406204,0.2547694762895623,2091.406204,0.20833333333333334,1.0,0.2517509449669141,0.133,0.867,0.9,0.9,1,1,results/batch_tradeoff_20260325_235335/scenario_runs/tradeoff_20260326_083036/weighted_gini_restore_l050_20260326_083423,results/batch_tradeoff_20260325_235335/scenario_runs/tradeoff_20260326_083036/weighted_gini_restore_l050_20260326_083423/best,"[24, 22, 14, 12, 16, 21, 28, 18, 4, (24, 13), (14, 23), (23, 22), (21, 24), (24, 21), (9, 10), (16, 18), (4, 5), (3, 12), (6, 8)]","[24, 22, 14, 12, 16, 21, 28, 18, 4]","[(24, 13), (14, 23), (23, 22), (21, 24), (24, 21), (9, 10), (16, 18), (4, 5), (3, 12), (6, 8)]",scenario_084,20260408,9,10,0.23341264803271705,0.766587351967283,results/batch_tradeoff_20260325_235335/scenario_runs/tradeoff_20260326_083036
optimized,guardrail_gini_restore,,guardrail,Guardrail on equity:gini_restore,Triangle minimization with a fairness guardrail. Guardrail on equity:gini_restore.,guardrail,1655.5480757407954,1655.5480757407954,642488.3086919013,0.21666256490603475,2301.482822,0.33281299612499343,2301.482822,0.20833333333333334,1.0,0.3092509561972303,0.133,0.867,0.9,0.9,1,1,results/batch_tradeoff_20260325_235335/scenario_runs/tradeoff_20260326_083036/guardrail_gini_restore_20260326_083522,results/batch_tradeoff_20260325_235335/scenario_runs/tradeoff_20260326_083036/guardrail_gini_restore_20260326_083522/best,"[24, 12, 18, 28, 4, 21, 22, 14, 16, (3, 12), (24, 13), (6, 8), (9, 10), (16, 18), (23, 22), (14, 23), (21, 24), (24, 21), (4, 5)]","[24, 12, 18, 28, 4, 21, 22, 14, 16]","[(3, 12), (24, 13), (6, 8), (9, 10), (16, 18), (23, 22), (14, 23), (21, 24), (24, 21), (4, 5)]",scenario_084,20260408,9,10,0.23341264803271705,0.766587351967283,results/batch_tradeoff_20260325_235335/scenario_runs/tradeoff_20260326_083036
optimized,weighted_maximin_time_avg_cri_l050,,weighted_sum,Weighted sum: triangle + 0.5 * equity:maximin_time_avg_cri_loss,Weighted trade-off objective. triangle + 0.5 * equity:maximin_time_avg_cri_loss.,weighted_sum,0.99943349326124,2441.2535996097254,1672627.3246969655,0.32133896305547704,3589.796981,0.38531966109952936,3589.796981,0.20833333333333334,1.0,0.3842325921935843,0.133,0.867,0.9,0.9,1,0,results/batch_tradeoff_20260325_235335/scenario_runs/tradeoff_20260326_083036/weighted_maximin_time_avg_cri_l050_20260326_083616,results/batch_tradeoff_20260325_235335/scenario_runs/tradeoff_20260326_083036/weighted_maximin_time_avg_cri_l050_20260326_083616/best,"[12, 16, 14, 4, 21, 18, 28, 24, 22, (3, 12), (16, 18), (24, 21), (14, 23), (24, 13), (21, 24), (6, 8), (4, 5), (9, 10), (23, 22)]","[12, 16, 14, 4, 21, 18, 28, 24, 22]","[(3, 12), (16, 18), (24, 21), (14, 23), (24, 13), (21, 24), (6, 8), (4, 5), (9, 10), (23, 22)]",scenario_084,20260408,9,10,0.23341264803271705,0.766587351967283,results/batch_tradeoff_20260325_235335/scenario_runs/tradeoff_20260326_083036
optimized,baseline_reference,,baseline,Baseline sequence,Baseline repair sequence used as the reference point.,triangle,2119.795282152927,2119.795282152927,921394.2659195742,0.2488846352833276,2469.551059,0.4345113829442781,2469.551059,0.20833333333333334,1.0,0.33062895392099956,0.133,0.867,0.9,0.9,1,0,,results/batch_tradeoff_20260325_235335/scenario_runs/tradeoff_20260326_083715/reference,"[26, 7, 20, 12, 2, 11, 10, 21, 13, 31, 19, 22, 17, 14, (6, 5), (8, 6), (11, 14), (20, 22), (15, 10), (18, 7), (15, 22)]","[26, 7, 20, 12, 2, 11, 10, 21, 13, 31, 19, 22, 17, 14]","[(6, 5), (8, 6), (11, 14), (20, 22), (15, 10), (18, 7), (15, 22)]",scenario_085,20260409,14,7,0.25132308194601777,0.7486769180539822,results/batch_tradeoff_20260325_235335/scenario_runs/tradeoff_20260326_083715
optimized,single_triangle,,single,Single objective: triangle,Pure efficiency objective that minimizes resilience-triangle loss.,triangle,767.9503887224612,767.9503887224612,190259.38518274834,0.27779695634685897,1106.789683,0.47069371659318465,1106.789683,0.20833333333333334,1.0,0.32381810402937533,0.133,0.867,0.9,0.9,1,1,results/batch_tradeoff_20260325_235335/scenario_runs/tradeoff_20260326_083715/single_triangle_20260326_083716,results/batch_tradeoff_20260325_235335/scenario_runs/tradeoff_20260326_083715/single_triangle_20260326_083716/best,"[2, 13, 26, 12, 7, 11, 10, 31, 22, 17, 19, 20, 21, 14, (8, 6), (6, 5), (11, 14), (15, 22), (15, 10), (20, 22), (18, 7)]","[2, 13, 26, 12, 7, 11, 10, 31, 22, 17, 19, 20, 21, 14]","[(8, 6), (6, 5), (11, 14), (15, 22), (15, 10), (20, 22), (18, 7)]",scenario_085,20260409,14,7,0.25132308194601777,0.7486769180539822,results/batch_tradeoff_20260325_235335/scenario_runs/tradeoff_20260326_083715
optimized,single_gini_restore,,single,Single objective: gini_restore,Equity objective that reduces restoration-time inequality using Gini.,equity:gini_restore,0.15294833265051833,2249.5789298406658,335475.8618822088,0.15294833265051833,1883.2431279999998,0.19509799282995638,1883.2431279999998,0.20833333333333334,1.0,0.20695119516453642,0.133,0.867,0.9,0.9,1,1,results/batch_tradeoff_20260325_235335/scenario_runs/tradeoff_20260326_083715/single_gini_restore_20260326_083816,results/batch_tradeoff_20260325_235335/scenario_runs/tradeoff_20260326_083715/single_gini_restore_20260326_083816/best,"[10, 14, 19, 12, 2, 22, 20, 17, 7, 21, 31, 13, 26, 11, (15, 22), (18, 7), (20, 22), (6, 5), (8, 6), (11, 14), (15, 10)]","[10, 14, 19, 12, 2, 22, 20, 17, 7, 21, 31, 13, 26, 11]","[(15, 22), (18, 7), (20, 22), (6, 5), (8, 6), (11, 14), (15, 10)]",scenario_085,20260409,14,7,0.25132308194601777,0.7486769180539822,results/batch_tradeoff_20260325_235335/scenario_runs/tradeoff_20260326_083715
optimized,single_maximin_time_avg_cri,,single,Single objective: maximize minimum time-avg CRI,Equity via maximin: improve the worst-served zone by maximizing the minimum time-averaged CRI.,equity:maximin_time_avg_cri_loss,0.4088616135515233,1386.4717153604868,1007281.7466889177,0.2856922412273055,2453.305602,0.5911383864484767,2453.305602,0.20833333333333334,1.0,0.375652870321317,0.133,0.867,0.9,0.9,1,0,results/batch_tradeoff_20260325_235335/scenario_runs/tradeoff_20260326_083715/single_maximin_time_avg_cri_20260326_083914,results/batch_tradeoff_20260325_235335/scenario_runs/tradeoff_20260326_083715/single_maximin_time_avg_cri_20260326_083914/best,"[26, 13, 2, 12, 7, 11, 22, 31, 21, 20, 19, 10, 17, 14, (8, 6), (6, 5), (11, 14), (18, 7), (15, 22), (15, 10), (20, 22)]","[26, 13, 2, 12, 7, 11, 22, 31, 21, 20, 19, 10, 17, 14]","[(8, 6), (6, 5), (11, 14), (18, 7), (15, 22), (15, 10), (20, 22)]",scenario_085,20260409,14,7,0.25132308194601777,0.7486769180539822,results/batch_tradeoff_20260325_235335/scenario_runs/tradeoff_20260326_083715
optimized,single_p90_access_restore,,single,Single objective: p90_access_restore,Critical-access objective that shortens the time by which 90% of zones regain access.,critical_access:p90_access_restore,971.224375,1073.3566942716539,218061.9783172351,0.3128991462242481,1144.180857,0.49296992755735497,971.224375,0.20833333333333334,1.0,0.4887011877887232,0.133,0.867,0.9,0.9,1,0,results/batch_tradeoff_20260325_235335/scenario_runs/tradeoff_20260326_083715/single_p90_access_restore_20260326_084017,results/batch_tradeoff_20260325_235335/scenario_runs/tradeoff_20260326_083715/single_p90_access_restore_20260326_084017/best,"[2, 13, 26, 12, 7, 11, 10, 31, 22, 20, 17, 14, 21, 19, (8, 6), (20, 22), (15, 10), (18, 7), (15, 22), (6, 5), (11, 14)]","[2, 13, 26, 12, 7, 11, 10, 31, 22, 20, 17, 14, 21, 19]","[(8, 6), (20, 22), (15, 10), (18, 7), (15, 22), (6, 5), (11, 14)]",scenario_085,20260409,14,7,0.25132308194601777,0.7486769180539822,results/batch_tradeoff_20260325_235335/scenario_runs/tradeoff_20260326_083715
optimized,weighted_gini_restore_l050,,weighted_sum,Weighted sum: triangle + 0.5 * equity:gini_restore,Weighted trade-off objective. triangle + 0.5 * equity:gini_restore.,weighted_sum,1.2533557856343052,1545.1796934650374,727596.7795655521,0.2610436704628689,2166.92414,0.5029032951735992,2166.92414,0.20833333333333334,1.0,0.3355322997909224,0.133,0.867,0.9,0.9,1,1,results/batch_tradeoff_20260325_235335/scenario_runs/tradeoff_20260326_083715/weighted_gini_restore_l050_20260326_084118,results/batch_tradeoff_20260325_235335/scenario_runs/tradeoff_20260326_083715/weighted_gini_restore_l050_20260326_084118/best,"[26, 13, 2, 12, 7, 11, 10, 21, 20, 31, 19, 22, 17, 14, (8, 6), (6, 5), (15, 22), (11, 14), (18, 7), (15, 10), (20, 22)]","[26, 13, 2, 12, 7, 11, 10, 21, 20, 31, 19, 22, 17, 14]","[(8, 6), (6, 5), (15, 22), (11, 14), (18, 7), (15, 10), (20, 22)]",scenario_085,20260409,14,7,0.25132308194601777,0.7486769180539822,results/batch_tradeoff_20260325_235335/scenario_runs/tradeoff_20260326_083715
optimized,guardrail_gini_restore,,guardrail,Guardrail on equity:gini_restore,Triangle minimization with a fairness guardrail. Guardrail on equity:gini_restore.,guardrail,1585.3402586253771,1585.3402586253771,455239.2674844528,0.23606051794869076,1876.370825,0.37786799579854524,1876.370825,0.20833333333333334,1.0,0.27473164319744736,0.133,0.867,0.9,0.9,1,1,results/batch_tradeoff_20260325_235335/scenario_runs/tradeoff_20260326_083715/guardrail_gini_restore_20260326_084216,results/batch_tradeoff_20260325_235335/scenario_runs/tradeoff_20260326_083715/guardrail_gini_restore_20260326_084216/best,"[2, 7, 17, 20, 19, 10, 11, 26, 31, 12, 21, 22, 13, 14, (11, 14), (15, 10), (15, 22), (18, 7), (8, 6), (20, 22), (6, 5)]","[2, 7, 17, 20, 19, 10, 11, 26, 31, 12, 21, 22, 13, 14]","[(11, 14), (15, 10), (15, 22), (18, 7), (8, 6), (20, 22), (6, 5)]",scenario_085,20260409,14,7,0.25132308194601777,0.7486769180539822,results/batch_tradeoff_20260325_235335/scenario_runs/tradeoff_20260326_083715
optimized,weighted_maximin_time_avg_cri_l050,,weighted_sum,Weighted sum: triangle + 0.5 * equity:maximin_time_avg_cri_loss,Weighted trade-off objective. triangle + 0.5 * equity:maximin_time_avg_cri_loss.,weighted_sum,1.0388034542901396,1332.834811192615,716097.1145931906,0.2851717485114187,2150.0246424999996,0.5362460957951906,2096.344628,0.20833333333333334,1.0,0.36320852802552395,0.133,0.867,0.9,0.9,1,0,results/batch_tradeoff_20260325_235335/scenario_runs/tradeoff_20260326_083715/weighted_maximin_time_avg_cri_l050_20260326_084317,results/batch_tradeoff_20260325_235335/scenario_runs/tradeoff_20260326_083715/weighted_maximin_time_avg_cri_l050_20260326_084317/best,"[26, 13, 2, 12, 7, 11, 10, 21, 20, 31, 14, 22, 17, 19, (8, 6), (6, 5), (11, 14), (18, 7), (15, 22), (15, 10), (20, 22)]","[26, 13, 2, 12, 7, 11, 10, 21, 20, 31, 14, 22, 17, 19]","[(8, 6), (6, 5), (11, 14), (18, 7), (15, 22), (15, 10), (20, 22)]",scenario_085,20260409,14,7,0.25132308194601777,0.7486769180539822,results/batch_tradeoff_20260325_235335/scenario_runs/tradeoff_20260326_083715
optimized,baseline_reference,,baseline,Baseline sequence,Baseline repair sequence used as the reference point.,triangle,29373.0547990932,29373.0547990932,88907492.3483978,0.20238701602518794,33871.2865312,0.4757351652775908,33685.718214,0.125,1.0,0.36003297042962373,0.133,0.867,0.9,0.9,1,0,,results/batch_tradeoff_20260325_235335/scenario_runs/tradeoff_20260326_084419/reference,"[33, 12, 19, 3, 9, 22, 10, 2, 25, 20, (8, 9), (17, 10), (24, 13), (3, 1), (16, 18), (2, 6), (8, 16)]","[33, 12, 19, 3, 9, 22, 10, 2, 25, 20]","[(8, 9), (17, 10), (24, 13), (3, 1), (16, 18), (2, 6), (8, 16)]",scenario_086,20260410,10,7,0.16417273717750477,0.8358272628224952,results/batch_tradeoff_20260325_235335/scenario_runs/tradeoff_20260326_084419
optimized,single_triangle,,single,Single objective: triangle,Pure efficiency objective that minimizes resilience-triangle loss.,triangle,14284.395718565336,14284.395718565336,22421029.95086661,0.21173904382468467,11735.406102,0.16009351043952935,11735.406102,0.125,1.0,0.2947060130030144,0.133,0.867,0.9,0.9,1,1,results/batch_tradeoff_20260325_235335/scenario_runs/tradeoff_20260326_084419/single_triangle_20260326_084419,results/batch_tradeoff_20260325_235335/scenario_runs/tradeoff_20260326_084419/single_triangle_20260326_084419/best,"[2, 25, 22, 3, 33, 20, 9, 19, 10, 12, (3, 1), (2, 6), (24, 13), (17, 10), (16, 18), (8, 16), (8, 9)]","[2, 25, 22, 3, 33, 20, 9, 19, 10, 12]","[(3, 1), (2, 6), (24, 13), (17, 10), (16, 18), (8, 16), (8, 9)]",scenario_086,20260410,10,7,0.16417273717750477,0.8358272628224952,results/batch_tradeoff_20260325_235335/scenario_runs/tradeoff_20260326_084419
optimized,single_gini_restore,,single,Single objective: gini_restore,Equity objective that reduces restoration-time inequality using Gini.,equity:gini_restore,0.08607906607201543,16467.927706199596,10804859.503183449,0.08607906607201543,11949.392007999999,0.058769872713972826,11949.392007999999,0.125,1.0,0.12646406406674257,0.133,0.867,0.9,0.9,1,1,results/batch_tradeoff_20260325_235335/scenario_runs/tradeoff_20260326_084419/single_gini_restore_20260326_084505,results/batch_tradeoff_20260325_235335/scenario_runs/tradeoff_20260326_084419/single_gini_restore_20260326_084505/best,"[2, 12, 10, 33, 19, 25, 20, 22, 3, 9, (16, 18), (17, 10), (8, 9), (2, 6), (8, 16), (3, 1), (24, 13)]","[2, 12, 10, 33, 19, 25, 20, 22, 3, 9]","[(16, 18), (17, 10), (8, 9), (2, 6), (8, 16), (3, 1), (24, 13)]",scenario_086,20260410,10,7,0.16417273717750477,0.8358272628224952,results/batch_tradeoff_20260325_235335/scenario_runs/tradeoff_20260326_084419
optimized,single_maximin_time_avg_cri,,single,Single objective: maximize minimum time-avg CRI,Equity via maximin: improve the worst-served zone by maximizing the minimum time-averaged CRI.,equity:maximin_time_avg_cri_loss,0.5083146946472148,26880.3864821689,60911794.31255433,0.18189677716269648,30781.131064999987,0.4916853053527852,22950.980883999997,0.125,1.0,0.45405213629179025,0.133,0.867,0.9,0.9,1,0,results/batch_tradeoff_20260325_235335/scenario_runs/tradeoff_20260326_084419/single_maximin_time_avg_cri_20260326_084552,results/batch_tradeoff_20260325_235335/scenario_runs/tradeoff_20260326_084419/single_maximin_time_avg_cri_20260326_084552/best,"[33, 25, 9, 3, 12, 10, 22, 19, 2, 20, (17, 10), (8, 9), (8, 16), (2, 6), (3, 1), (16, 18), (24, 13)]","[33, 25, 9, 3, 12, 10, 22, 19, 2, 20]","[(17, 10), (8, 9), (8, 16), (2, 6), (3, 1), (16, 18), (24, 13)]",scenario_086,20260410,10,7,0.16417273717750477,0.8358272628224952,results/batch_tradeoff_20260325_235335/scenario_runs/tradeoff_20260326_084419
optimized,single_p90_access_restore,,single,Single objective: p90_access_restore,Critical-access objective that shortens the time by which 90% of zones regain access.,critical_access:p90_access_restore,11635.871409999998,16129.717019659694,10420179.101675654,0.08813632887657952,11962.176835799997,0.08585023006831638,11635.871409999998,0.125,1.0,0.15115155612908837,0.133,0.867,0.9,0.9,1,1,results/batch_tradeoff_20260325_235335/scenario_runs/tradeoff_20260326_084419/single_p90_access_restore_20260326_084642,results/batch_tradeoff_20260325_235335/scenario_runs/tradeoff_20260326_084419/single_p90_access_restore_20260326_084642/best,"[2, 9, 25, 3, 33, 22, 10, 12, 20, 19, (24, 13), (2, 6), (16, 18), (8, 16), (8, 9), (17, 10), (3, 1)]","[2, 9, 25, 3, 33, 22, 10, 12, 20, 19]","[(24, 13), (2, 6), (16, 18), (8, 16), (8, 9), (17, 10), (3, 1)]",scenario_086,20260410,10,7,0.16417273717750477,0.8358272628224952,results/batch_tradeoff_20260325_235335/scenario_runs/tradeoff_20260326_084419
optimized,weighted_gini_restore_l050,,weighted_sum,Weighted sum: triangle + 0.5 * equity:gini_restore,Weighted trade-off objective. triangle + 0.5 * equity:gini_restore.,weighted_sum,0.7438039278221997,15187.235674278036,10929235.623641443,0.09178551152049863,12130.101387,0.07701460892191479,12052.399406,0.125,1.0,0.14381814735238135,0.133,0.867,0.9,0.9,1,1,results/batch_tradeoff_20260325_235335/scenario_runs/tradeoff_20260326_084419/weighted_gini_restore_l050_20260326_084729,results/batch_tradeoff_20260325_235335/scenario_runs/tradeoff_20260326_084419/weighted_gini_restore_l050_20260326_084729/best,"[2, 20, 3, 22, 12, 25, 10, 33, 9, 19, (2, 6), (8, 16), (24, 13), (3, 1), (17, 10), (16, 18), (8, 9)]","[2, 20, 3, 22, 12, 25, 10, 33, 9, 19]","[(2, 6), (8, 16), (24, 13), (3, 1), (17, 10), (16, 18), (8, 9)]",scenario_086,20260410,10,7,0.16417273717750477,0.8358272628224952,results/batch_tradeoff_20260325_235335/scenario_runs/tradeoff_20260326_084419
optimized,guardrail_gini_restore,,guardrail,Guardrail on equity:gini_restore,Triangle minimization with a fairness guardrail. Guardrail on equity:gini_restore.,guardrail,22724.0208866046,22724.0208866046,72443623.42836072,0.18684749216969276,22606.637944,0.26840003971408166,22606.637944,0.125,1.0,0.29150445754911675,0.133,0.867,0.9,0.9,1,0,results/batch_tradeoff_20260325_235335/scenario_runs/tradeoff_20260326_084419/guardrail_gini_restore_20260326_084815,results/batch_tradeoff_20260325_235335/scenario_runs/tradeoff_20260326_084419/guardrail_gini_restore_20260326_084815/best,"[12, 19, 22, 20, 3, 33, 9, 10, 25, 2, (3, 1), (2, 6), (24, 13), (8, 9), (17, 10), (16, 18), (8, 16)]","[12, 19, 22, 20, 3, 33, 9, 10, 25, 2]","[(3, 1), (2, 6), (24, 13), (8, 9), (17, 10), (16, 18), (8, 16)]",scenario_086,20260410,10,7,0.16417273717750477,0.8358272628224952,results/batch_tradeoff_20260325_235335/scenario_runs/tradeoff_20260326_084419
optimized,weighted_maximin_time_avg_cri_l050,,weighted_sum,Weighted sum: triangle + 0.5 * equity:maximin_time_avg_cri_loss,Weighted trade-off objective. triangle + 0.5 * equity:maximin_time_avg_cri_loss.,weighted_sum,1.2886951899223278,14587.949423569586,23254014.106424283,0.2155667465117539,12054.1818549,0.1695107561080529,12000.004076,0.125,1.0,0.3021832801454368,0.133,0.867,0.9,0.9,1,0,results/batch_tradeoff_20260325_235335/scenario_runs/tradeoff_20260326_084419/weighted_maximin_time_avg_cri_l050_20260326_084906,results/batch_tradeoff_20260325_235335/scenario_runs/tradeoff_20260326_084419/weighted_maximin_time_avg_cri_l050_20260326_084906/best,"[2, 19, 3, 10, 12, 25, 9, 22, 33, 20, (3, 1), (2, 6), (8, 9), (16, 18), (17, 10), (24, 13), (8, 16)]","[2, 19, 3, 10, 12, 25, 9, 22, 33, 20]","[(3, 1), (2, 6), (8, 9), (16, 18), (17, 10), (24, 13), (8, 16)]",scenario_086,20260410,10,7,0.16417273717750477,0.8358272628224952,results/batch_tradeoff_20260325_235335/scenario_runs/tradeoff_20260326_084419
optimized,baseline_reference,,baseline,Baseline sequence,Baseline repair sequence used as the reference point.,triangle,11674.184575521658,11674.184575521658,20817164.57842752,0.22900347060055437,12947.1067215,0.3154760062397634,12545.225987,0.20833333333333334,1.0,0.2835856303410179,0.133,0.867,0.9,0.9,1,0,,results/batch_tradeoff_20260325_235335/scenario_runs/tradeoff_20260326_084953/reference,"[24, 4, 5, 8, 13, 28, 6, 11, 19, (8, 6), (23, 14), (11, 14), (10, 16), (22, 23), (11, 10), (10, 11), (17, 16), (10, 15), (8, 9), (8, 7), (12, 13), (1, 2)]","[24, 4, 5, 8, 13, 28, 6, 11, 19]","[(8, 6), (23, 14), (11, 14), (10, 16), (22, 23), (11, 10), (10, 11), (17, 16), (10, 15), (8, 9), (8, 7), (12, 13), (1, 2)]",scenario_087,20260411,9,13,0.21788874083788506,0.782111259162115,results/batch_tradeoff_20260325_235335/scenario_runs/tradeoff_20260326_084953
optimized,single_triangle,,single,Single objective: triangle,Pure efficiency objective that minimizes resilience-triangle loss.,triangle,3581.228017630736,3581.228017630736,1312731.3863828622,0.21183430564024497,3224.488384,0.6372894596419604,3224.488384,0.20833333333333334,1.0,0.6443130586518943,0.133,0.867,0.9,0.9,1,1,results/batch_tradeoff_20260325_235335/scenario_runs/tradeoff_20260326_084953/single_triangle_20260326_084954,results/batch_tradeoff_20260325_235335/scenario_runs/tradeoff_20260326_084953/single_triangle_20260326_084954/best,"[11, 13, 8, 6, 5, 28, 4, 24, 19, (8, 6), (12, 13), (8, 9), (10, 16), (10, 15), (11, 10), (10, 11), (17, 16), (22, 23), (23, 14), (11, 14), (8, 7), (1, 2)]","[11, 13, 8, 6, 5, 28, 4, 24, 19]","[(8, 6), (12, 13), (8, 9), (10, 16), (10, 15), (11, 10), (10, 11), (17, 16), (22, 23), (23, 14), (11, 14), (8, 7), (1, 2)]",scenario_087,20260411,9,13,0.21788874083788506,0.782111259162115,results/batch_tradeoff_20260325_235335/scenario_runs/tradeoff_20260326_084953
optimized,single_gini_restore,,single,Single objective: gini_restore,Equity objective that reduces restoration-time inequality using Gini.,equity:gini_restore,0.14867471653315456,12005.923150762907,12613342.14474679,0.14867471653315456,10784.451369999999,0.0701041368845937,10784.451369999999,0.20833333333333334,1.0,0.18613780826324344,0.133,0.867,0.9,0.9,1,1,results/batch_tradeoff_20260325_235335/scenario_runs/tradeoff_20260326_084953/single_gini_restore_20260326_085057,results/batch_tradeoff_20260325_235335/scenario_runs/tradeoff_20260326_084953/single_gini_restore_20260326_085057/best,"[24, 13, 19, 8, 4, 6, 11, 5, 28, (12, 13), (11, 14), (23, 14), (10, 16), (22, 23), (17, 16), (1, 2), (11, 10), (8, 6), (8, 9), (8, 7), (10, 15), (10, 11)]","[24, 13, 19, 8, 4, 6, 11, 5, 28]","[(12, 13), (11, 14), (23, 14), (10, 16), (22, 23), (17, 16), (1, 2), (11, 10), (8, 6), (8, 9), (8, 7), (10, 15), (10, 11)]",scenario_087,20260411,9,13,0.21788874083788506,0.782111259162115,results/batch_tradeoff_20260325_235335/scenario_runs/tradeoff_20260326_084953
optimized,single_maximin_time_avg_cri,,single,Single objective: maximize minimum time-avg CRI,Equity via maximin: improve the worst-served zone by maximizing the minimum time-averaged CRI.,equity:maximin_time_avg_cri_loss,0.5544011216812836,12591.823592701347,33533609.779471964,0.31071215864028834,14973.543308499999,0.4455988783187164,14973.543308499999,0.20833333333333334,1.0,0.43041582442331083,0.133,0.867,0.9,0.9,1,0,results/batch_tradeoff_20260325_235335/scenario_runs/tradeoff_20260326_084953/single_maximin_time_avg_cri_20260326_085204,results/batch_tradeoff_20260325_235335/scenario_runs/tradeoff_20260326_084953/single_maximin_time_avg_cri_20260326_085204/best,"[8, 4, 28, 5, 24, 13, 11, 6, 19, (10, 15), (10, 16), (11, 14), (17, 16), (1, 2), (10, 11), (22, 23), (8, 6), (8, 9), (11, 10), (8, 7), (23, 14), (12, 13)]","[8, 4, 28, 5, 24, 13, 11, 6, 19]","[(10, 15), (10, 16), (11, 14), (17, 16), (1, 2), (10, 11), (22, 23), (8, 6), (8, 9), (11, 10), (8, 7), (23, 14), (12, 13)]",scenario_087,20260411,9,13,0.21788874083788506,0.782111259162115,results/batch_tradeoff_20260325_235335/scenario_runs/tradeoff_20260326_084953
optimized,single_p90_access_restore,,single,Single objective: p90_access_restore,Critical-access objective that shortens the time by which 90% of zones regain access.,critical_access:p90_access_restore,7607.250146599999,7577.955790364927,7284046.440405321,0.2211585384072965,7607.250146599999,0.46370649948850795,7607.250146599999,0.20833333333333334,1.0,0.4826188926390622,0.133,0.867,0.9,0.9,1,0,results/batch_tradeoff_20260325_235335/scenario_runs/tradeoff_20260326_084953/single_p90_access_restore_20260326_085305,results/batch_tradeoff_20260325_235335/scenario_runs/tradeoff_20260326_084953/single_p90_access_restore_20260326_085305/best,"[13, 11, 5, 4, 24, 8, 6, 19, 28, (8, 9), (11, 10), (10, 16), (22, 23), (8, 7), (10, 15), (11, 14), (23, 14), (8, 6), (10, 11), (17, 16), (12, 13), (1, 2)]","[13, 11, 5, 4, 24, 8, 6, 19, 28]","[(8, 9), (11, 10), (10, 16), (22, 23), (8, 7), (10, 15), (11, 14), (23, 14), (8, 6), (10, 11), (17, 16), (12, 13), (1, 2)]",scenario_087,20260411,9,13,0.21788874083788506,0.782111259162115,results/batch_tradeoff_20260325_235335/scenario_runs/tradeoff_20260326_084953
optimized,weighted_gini_restore_l050,,weighted_sum,Weighted sum: triangle + 0.5 * equity:gini_restore,Weighted trade-off objective. triangle + 0.5 * equity:gini_restore.,weighted_sum,1.203299607199766,9070.019312682933,11351670.56552189,0.19528043222945457,9341.796794999998,0.39611235199958156,9341.796794999998,0.20833333333333334,1.0,0.3672154880477977,0.133,0.867,0.9,0.9,1,1,results/batch_tradeoff_20260325_235335/scenario_runs/tradeoff_20260326_084953/weighted_gini_restore_l050_20260326_085409,results/batch_tradeoff_20260325_235335/scenario_runs/tradeoff_20260326_084953/weighted_gini_restore_l050_20260326_085409/best,"[19, 28, 4, 5, 8, 24, 6, 13, 11, (11, 14), (8, 6), (23, 14), (10, 15), (8, 7), (10, 11), (10, 16), (11, 10), (1, 2), (8, 9), (17, 16), (22, 23), (12, 13)]","[19, 28, 4, 5, 8, 24, 6, 13, 11]","[(11, 14), (8, 6), (23, 14), (10, 15), (8, 7), (10, 11), (10, 16), (11, 10), (1, 2), (8, 9), (17, 16), (22, 23), (12, 13)]",scenario_087,20260411,9,13,0.21788874083788506,0.782111259162115,results/batch_tradeoff_20260325_235335/scenario_runs/tradeoff_20260326_084953
optimized,guardrail_gini_restore,,guardrail,Guardrail on equity:gini_restore,Triangle minimization with a fairness guardrail. Guardrail on equity:gini_restore.,guardrail,10439.186040175096,10439.186040175096,14316035.400400994,0.2091417886935789,11351.395185,0.35157531240979767,11351.395185,0.20833333333333334,1.0,0.3464764960306217,0.133,0.867,0.9,0.9,1,0,results/batch_tradeoff_20260325_235335/scenario_runs/tradeoff_20260326_084953/guardrail_gini_restore_20260326_085513,results/batch_tradeoff_20260325_235335/scenario_runs/tradeoff_20260326_084953/guardrail_gini_restore_20260326_085513/best,"[8, 11, 19, 24, 4, 6, 28, 5, 13, (11, 10), (11, 14), (10, 15), (22, 23), (10, 16), (8, 6), (1, 2), (12, 13), (23, 14), (8, 7), (10, 11), (17, 16), (8, 9)]","[8, 11, 19, 24, 4, 6, 28, 5, 13]","[(11, 10), (11, 14), (10, 15), (22, 23), (10, 16), (8, 6), (1, 2), (12, 13), (23, 14), (8, 7), (10, 11), (17, 16), (8, 9)]",scenario_087,20260411,9,13,0.21788874083788506,0.782111259162115,results/batch_tradeoff_20260325_235335/scenario_runs/tradeoff_20260326_084953
optimized,weighted_maximin_time_avg_cri_l050,,weighted_sum,Weighted sum: triangle + 0.5 * equity:maximin_time_avg_cri_loss,Weighted trade-off objective. triangle + 0.5 * equity:maximin_time_avg_cri_loss.,weighted_sum,1.3487914520589028,10776.744647834674,14974318.906586796,0.2550075266669667,11579.609179399999,0.4172437263372165,11579.609179399999,0.20833333333333334,1.0,0.32237241802027594,0.133,0.867,0.9,0.9,1,0,results/batch_tradeoff_20260325_235335/scenario_runs/tradeoff_20260326_084953/weighted_maximin_time_avg_cri_l050_20260326_085621,results/batch_tradeoff_20260325_235335/scenario_runs/tradeoff_20260326_084953/weighted_maximin_time_avg_cri_l050_20260326_085621/best,"[24, 4, 5, 6, 28, 19, 11, 8, 13, (1, 2), (22, 23), (23, 14), (10, 16), (10, 11), (11, 10), (8, 6), (10, 15), (12, 13), (8, 9), (8, 7), (17, 16), (11, 14)]","[24, 4, 5, 6, 28, 19, 11, 8, 13]","[(1, 2), (22, 23), (23, 14), (10, 16), (10, 11), (11, 10), (8, 6), (10, 15), (12, 13), (8, 9), (8, 7), (17, 16), (11, 14)]",scenario_087,20260411,9,13,0.21788874083788506,0.782111259162115,results/batch_tradeoff_20260325_235335/scenario_runs/tradeoff_20260326_084953
optimized,baseline_reference,,baseline,Baseline sequence,Baseline repair sequence used as the reference point.,triangle,972.576773090508,972.576773090508,199371.861145473,0.23933487461646363,1189.514383,0.4257046050699574,1189.514383,0.25,1.0,0.30781821646399826,0.133,0.867,0.9,0.9,1,0,,results/batch_tradeoff_20260325_235335/scenario_runs/tradeoff_20260326_085727/reference,"[26, 9, 21, 11, 3, 8, 4, 19, 23, 10, (18, 16), (11, 12), (1, 2)]","[26, 9, 21, 11, 3, 8, 4, 19, 23, 10]","[(18, 16), (11, 12), (1, 2)]",scenario_088,20260412,10,3,0.3113117194194804,0.6886882805805197,results/batch_tradeoff_20260325_235335/scenario_runs/tradeoff_20260326_085727
optimized,single_triangle,,single,Single objective: triangle,Pure efficiency objective that minimizes resilience-triangle loss.,triangle,659.0684155044407,659.0684155044407,82193.65034375945,0.22365999047438745,738.5683955,0.32534996568219454,710.213569,0.25,1.0,0.3361301300670729,0.133,0.867,0.9,0.9,1,0,results/batch_tradeoff_20260325_235335/scenario_runs/tradeoff_20260326_085727/single_triangle_20260326_085727,results/batch_tradeoff_20260325_235335/scenario_runs/tradeoff_20260326_085727/single_triangle_20260326_085727/best,"[21, 8, 10, 11, 26, 4, 3, 23, 9, 19, (11, 12), (18, 16), (1, 2)]","[21, 8, 10, 11, 26, 4, 3, 23, 9, 19]","[(11, 12), (18, 16), (1, 2)]",scenario_088,20260412,10,3,0.3113117194194804,0.6886882805805197,results/batch_tradeoff_20260325_235335/scenario_runs/tradeoff_20260326_085727
optimized,single_gini_restore,,single,Single objective: gini_restore,Equity objective that reduces restoration-time inequality using Gini.,equity:gini_restore,0.19375380126879116,851.387759171206,104566.53999262209,0.19375380126879116,848.066887,0.255708672684968,848.066887,0.25,1.0,0.2761838401825649,0.133,0.867,0.9,0.9,1,0,results/batch_tradeoff_20260325_235335/scenario_runs/tradeoff_20260326_085727/single_gini_restore_20260326_085805,results/batch_tradeoff_20260325_235335/scenario_runs/tradeoff_20260326_085727/single_gini_restore_20260326_085805/best,"[10, 9, 11, 19, 23, 8, 26, 3, 21, 4, (18, 16), (11, 12), (1, 2)]","[10, 9, 11, 19, 23, 8, 26, 3, 21, 4]","[(18, 16), (11, 12), (1, 2)]",scenario_088,20260412,10,3,0.3113117194194804,0.6886882805805197,results/batch_tradeoff_20260325_235335/scenario_runs/tradeoff_20260326_085727
optimized,single_maximin_time_avg_cri,,single,Single objective: maximize minimum time-avg CRI,Equity via maximin: improve the worst-served zone by maximizing the minimum time-averaged CRI.,equity:maximin_time_avg_cri_loss,0.48061583393208296,719.3723127895416,128599.48087185691,0.2701052188497135,1023.371805,0.519384166067917,917.357277,0.25,1.0,0.41692438841098095,0.133,0.867,0.9,0.9,1,0,results/batch_tradeoff_20260325_235335/scenario_runs/tradeoff_20260326_085727/single_maximin_time_avg_cri_20260326_085844,results/batch_tradeoff_20260325_235335/scenario_runs/tradeoff_20260326_085727/single_maximin_time_avg_cri_20260326_085844/best,"[26, 10, 4, 3, 9, 8, 19, 11, 23, 21, (18, 16), (1, 2), (11, 12)]","[26, 10, 4, 3, 9, 8, 19, 11, 23, 21]","[(18, 16), (1, 2), (11, 12)]",scenario_088,20260412,10,3,0.3113117194194804,0.6886882805805197,results/batch_tradeoff_20260325_235335/scenario_runs/tradeoff_20260326_085727
optimized,single_p90_access_restore,,single,Single objective: p90_access_restore,Critical-access objective that shortens the time by which 90% of zones regain access.,critical_access:p90_access_restore,548.619567,544.4528519441484,41708.83610790425,0.1850585074826152,568.619567,0.31078685792373123,548.619567,0.25,1.0,0.2865738708829906,0.133,0.867,0.9,0.9,1,1,results/batch_tradeoff_20260325_235335/scenario_runs/tradeoff_20260326_085727/single_p90_access_restore_20260326_085922,results/batch_tradeoff_20260325_235335/scenario_runs/tradeoff_20260326_085727/single_p90_access_restore_20260326_085922/best,"[10, 11, 9, 19, 3, 23, 4, 26, 8, 21, (18, 16), (1, 2), (11, 12)]","[10, 11, 9, 19, 3, 23, 4, 26, 8, 21]","[(18, 16), (1, 2), (11, 12)]",scenario_088,20260412,10,3,0.3113117194194804,0.6886882805805197,results/batch_tradeoff_20260325_235335/scenario_runs/tradeoff_20260326_085727
optimized,weighted_gini_restore_l050,,weighted_sum,Weighted sum: triangle + 0.5 * equity:gini_restore,Weighted trade-off objective. triangle + 0.5 * equity:gini_restore.,weighted_sum,1.0416027288562735,533.5307498669878,53294.352936485106,0.2359977317168025,642.402959,0.3681173246468077,642.402959,0.25,1.0,0.31732255824649774,0.133,0.867,0.9,0.9,1,1,results/batch_tradeoff_20260325_235335/scenario_runs/tradeoff_20260326_085727/weighted_gini_restore_l050_20260326_090000,results/batch_tradeoff_20260325_235335/scenario_runs/tradeoff_20260326_085727/weighted_gini_restore_l050_20260326_090000/best,"[11, 10, 19, 4, 21, 8, 3, 9, 26, 23, (1, 2), (18, 16), (11, 12)]","[11, 10, 19, 4, 21, 8, 3, 9, 26, 23]","[(1, 2), (18, 16), (11, 12)]",scenario_088,20260412,10,3,0.3113117194194804,0.6886882805805197,results/batch_tradeoff_20260325_235335/scenario_runs/tradeoff_20260326_085727
optimized,guardrail_gini_restore,,guardrail,Guardrail on equity:gini_restore,Triangle minimization with a fairness guardrail. Guardrail on equity:gini_restore.,guardrail,713.1777626446574,713.1777626446574,83814.6566290148,0.22206357786880715,831.1594730000002,0.3946444711032275,751.0638780000002,0.25,1.0,0.35479834967041673,0.133,0.867,0.9,0.9,1,0,results/batch_tradeoff_20260325_235335/scenario_runs/tradeoff_20260326_085727/guardrail_gini_restore_20260326_090038,results/batch_tradeoff_20260325_235335/scenario_runs/tradeoff_20260326_085727/guardrail_gini_restore_20260326_090038/best,"[11, 8, 10, 26, 3, 4, 23, 19, 9, 21, (18, 16), (11, 12), (1, 2)]","[11, 8, 10, 26, 3, 4, 23, 19, 9, 21]","[(18, 16), (11, 12), (1, 2)]",scenario_088,20260412,10,3,0.3113117194194804,0.6886882805805197,results/batch_tradeoff_20260325_235335/scenario_runs/tradeoff_20260326_085727
optimized,weighted_maximin_time_avg_cri_l050,,weighted_sum,Weighted sum: triangle + 0.5 * equity:maximin_time_avg_cri_loss,Weighted trade-off objective. triangle + 0.5 * equity:maximin_time_avg_cri_loss.,weighted_sum,1.0954631826580934,574.118850947782,88767.12486095028,0.23277799930484777,784.2419570000002,0.41978223016334515,784.2419570000002,0.25,1.0,0.2991710804161085,0.133,0.867,0.9,0.9,1,0,results/batch_tradeoff_20260325_235335/scenario_runs/tradeoff_20260326_085727/weighted_maximin_time_avg_cri_l050_20260326_090116,results/batch_tradeoff_20260325_235335/scenario_runs/tradeoff_20260326_085727/weighted_maximin_time_avg_cri_l050_20260326_090116/best,"[8, 21, 23, 3, 4, 9, 19, 26, 10, 11, (18, 16), (1, 2), (11, 12)]","[8, 21, 23, 3, 4, 9, 19, 26, 10, 11]","[(18, 16), (1, 2), (11, 12)]",scenario_088,20260412,10,3,0.3113117194194804,0.6886882805805197,results/batch_tradeoff_20260325_235335/scenario_runs/tradeoff_20260326_085727
optimized,baseline_reference,,baseline,Baseline sequence,Baseline repair sequence used as the reference point.,triangle,8393.799373625377,8393.799373625377,4860399.28502084,0.13190620703460532,7460.176862999999,0.20572550668120285,7460.176862999999,0.125,1.0,0.23317921781934745,0.133,0.867,0.9,0.9,1,0,,results/batch_tradeoff_20260325_235335/scenario_runs/tradeoff_20260326_090154/reference,"[29, 26, 10, 18, 6, 25, 28, 17, 31, 21, 27, 4, (17, 10), (5, 4), (20, 18), (16, 17), (13, 24), (3, 1), (10, 17), (17, 19), (20, 21), (21, 22), (15, 22), (10, 15), (22, 20)]","[29, 26, 10, 18, 6, 25, 28, 17, 31, 21, 27, 4]","[(17, 10), (5, 4), (20, 18), (16, 17), (13, 24), (3, 1), (10, 17), (17, 19), (20, 21), (21, 22), (15, 22), (10, 15), (22, 20)]",scenario_089,20260413,12,13,0.2631385221915268,0.7368614778084731,results/batch_tradeoff_20260325_235335/scenario_runs/tradeoff_20260326_090154
optimized,single_triangle,,single,Single objective: triangle,Pure efficiency objective that minimizes resilience-triangle loss.,triangle,4099.055272406175,4099.055272406175,1320443.0814290287,0.19118360554669,4177.786770000001,0.3296738089743816,4177.786770000001,0.125,1.0,0.28425784261004794,0.133,0.867,0.9,0.9,1,1,results/batch_tradeoff_20260325_235335/scenario_runs/tradeoff_20260326_090154/single_triangle_20260326_090155,results/batch_tradeoff_20260325_235335/scenario_runs/tradeoff_20260326_090154/single_triangle_20260326_090155/best,"[27, 18, 31, 10, 25, 21, 26, 29, 4, 6, 17, 28, (17, 10), (16, 17), (20, 18), (5, 4), (10, 17), (3, 1), (13, 24), (17, 19), (10, 15), (15, 22), (22, 20), (21, 22), (20, 21)]","[27, 18, 31, 10, 25, 21, 26, 29, 4, 6, 17, 28]","[(17, 10), (16, 17), (20, 18), (5, 4), (10, 17), (3, 1), (13, 24), (17, 19), (10, 15), (15, 22), (22, 20), (21, 22), (20, 21)]",scenario_089,20260413,12,13,0.2631385221915268,0.7368614778084731,results/batch_tradeoff_20260325_235335/scenario_runs/tradeoff_20260326_090154
optimized,single_gini_restore,,single,Single objective: gini_restore,Equity objective that reduces restoration-time inequality using Gini.,equity:gini_restore,0.07945474622336568,10612.19676806727,3184066.0253845598,0.07945474622336568,8249.089784,0.09500232749343547,8408.7175159,0.125,1.0,0.1741620017906657,0.133,0.867,0.9,0.9,1,1,results/batch_tradeoff_20260325_235335/scenario_runs/tradeoff_20260326_090154/single_gini_restore_20260326_090304,results/batch_tradeoff_20260325_235335/scenario_runs/tradeoff_20260326_090154/single_gini_restore_20260326_090304/best,"[21, 17, 28, 29, 26, 31, 27, 10, 18, 25, 6, 4, (17, 10), (22, 20), (20, 18), (21, 22), (16, 17), (17, 19), (13, 24), (10, 15), (20, 21), (15, 22), (5, 4), (3, 1), (10, 17)]","[21, 17, 28, 29, 26, 31, 27, 10, 18, 25, 6, 4]","[(17, 10), (22, 20), (20, 18), (21, 22), (16, 17), (17, 19), (13, 24), (10, 15), (20, 21), (15, 22), (5, 4), (3, 1), (10, 17)]",scenario_089,20260413,12,13,0.2631385221915268,0.7368614778084731,results/batch_tradeoff_20260325_235335/scenario_runs/tradeoff_20260326_090154
optimized,single_maximin_time_avg_cri,,single,Single objective: maximize minimum time-avg CRI,Equity via maximin: improve the worst-served zone by maximizing the minimum time-averaged CRI.,equity:maximin_time_avg_cri_loss,0.5250921031151772,11064.111381011655,6233433.48854488,0.16025041579774668,10229.580850999999,0.4749078968848228,10229.580850999999,0.125,1.0,0.45853499232109896,0.133,0.867,0.9,0.9,1,0,results/batch_tradeoff_20260325_235335/scenario_runs/tradeoff_20260326_090154/single_maximin_time_avg_cri_20260326_090416,results/batch_tradeoff_20260325_235335/scenario_runs/tradeoff_20260326_090154/single_maximin_time_avg_cri_20260326_090416/best,"[28, 29, 27, 18, 26, 25, 10, 21, 17, 31, 6, 4, (17, 10), (5, 4), (20, 18), (20, 21), (17, 19), (3, 1), (13, 24), (22, 20), (10, 15), (16, 17), (15, 22), (10, 17), (21, 22)]","[28, 29, 27, 18, 26, 25, 10, 21, 17, 31, 6, 4]","[(17, 10), (5, 4), (20, 18), (20, 21), (17, 19), (3, 1), (13, 24), (22, 20), (10, 15), (16, 17), (15, 22), (10, 17), (21, 22)]",scenario_089,20260413,12,13,0.2631385221915268,0.7368614778084731,results/batch_tradeoff_20260325_235335/scenario_runs/tradeoff_20260326_090154
optimized,single_p90_access_restore,,single,Single objective: p90_access_restore,Critical-access objective that shortens the time by which 90% of zones regain access.,critical_access:p90_access_restore,5163.003331,6370.34529026037,1800256.432706122,0.09655685043464723,5163.003331,0.2578744911270378,5163.003331,0.125,1.0,0.3036252074059071,0.133,0.867,0.9,0.9,1,1,results/batch_tradeoff_20260325_235335/scenario_runs/tradeoff_20260326_090154/single_p90_access_restore_20260326_090528,results/batch_tradeoff_20260325_235335/scenario_runs/tradeoff_20260326_090154/single_p90_access_restore_20260326_090528/best,"[27, 21, 10, 18, 31, 25, 28, 17, 6, 4, 29, 26, (17, 10), (10, 15), (20, 18), (5, 4), (10, 17), (3, 1), (22, 20), (20, 21), (17, 19), (15, 22), (21, 22), (13, 24), (16, 17)]","[27, 21, 10, 18, 31, 25, 28, 17, 6, 4, 29, 26]","[(17, 10), (10, 15), (20, 18), (5, 4), (10, 17), (3, 1), (22, 20), (20, 21), (17, 19), (15, 22), (21, 22), (13, 24), (16, 17)]",scenario_089,20260413,12,13,0.2631385221915268,0.7368614778084731,results/batch_tradeoff_20260325_235335/scenario_runs/tradeoff_20260326_090154
optimized,weighted_gini_restore_l050,,weighted_sum,Weighted sum: triangle + 0.5 * equity:gini_restore,Weighted trade-off objective. triangle + 0.5 * equity:gini_restore.,weighted_sum,1.2547715851633032,6792.109996000642,2269698.955886013,0.1175521071650214,6121.533175,0.3609344653857944,6121.533175,0.125,1.0,0.36896111912735674,0.133,0.867,0.9,0.9,1,0,results/batch_tradeoff_20260325_235335/scenario_runs/tradeoff_20260326_090154/weighted_gini_restore_l050_20260326_090643,results/batch_tradeoff_20260325_235335/scenario_runs/tradeoff_20260326_090154/weighted_gini_restore_l050_20260326_090643/best,"[25, 4, 17, 6, 29, 10, 28, 26, 27, 21, 31, 18, (17, 10), (21, 22), (20, 18), (15, 22), (13, 24), (22, 20), (10, 15), (17, 19), (10, 17), (3, 1), (5, 4), (20, 21), (16, 17)]","[25, 4, 17, 6, 29, 10, 28, 26, 27, 21, 31, 18]","[(17, 10), (21, 22), (20, 18), (15, 22), (13, 24), (22, 20), (10, 15), (17, 19), (10, 17), (3, 1), (5, 4), (20, 21), (16, 17)]",scenario_089,20260413,12,13,0.2631385221915268,0.7368614778084731,results/batch_tradeoff_20260325_235335/scenario_runs/tradeoff_20260326_090154
optimized,guardrail_gini_restore,,guardrail,Guardrail on equity:gini_restore,Triangle minimization with a fairness guardrail. Guardrail on equity:gini_restore.,guardrail,6522.087704472567,6522.087704472567,2165092.1746736187,0.11752212268452644,5993.512363999999,0.1935768504644957,5993.512363999999,0.125,1.0,0.2576222091169333,0.133,0.867,0.9,0.9,1,0,results/batch_tradeoff_20260325_235335/scenario_runs/tradeoff_20260326_090154/guardrail_gini_restore_20260326_090757,results/batch_tradeoff_20260325_235335/scenario_runs/tradeoff_20260326_090154/guardrail_gini_restore_20260326_090757/best,"[6, 4, 25, 10, 27, 18, 28, 21, 31, 17, 29, 26, (17, 10), (10, 17), (16, 17), (10, 15), (20, 18), (3, 1), (5, 4), (13, 24), (15, 22), (20, 21), (22, 20), (17, 19), (21, 22)]","[6, 4, 25, 10, 27, 18, 28, 21, 31, 17, 29, 26]","[(17, 10), (10, 17), (16, 17), (10, 15), (20, 18), (3, 1), (5, 4), (13, 24), (15, 22), (20, 21), (22, 20), (17, 19), (21, 22)]",scenario_089,20260413,12,13,0.2631385221915268,0.7368614778084731,results/batch_tradeoff_20260325_235335/scenario_runs/tradeoff_20260326_090154
optimized,weighted_maximin_time_avg_cri_l050,,weighted_sum,Weighted sum: triangle + 0.5 * equity:maximin_time_avg_cri_loss,Weighted trade-off objective. triangle + 0.5 * equity:maximin_time_avg_cri_loss.,weighted_sum,1.0033799483918078,5273.191934994591,2323618.929486481,0.18792965771705994,5254.933650799999,0.40404748036510024,5254.933650799999,0.125,1.0,0.4678785876088551,0.133,0.867,0.9,0.9,1,1,results/batch_tradeoff_20260325_235335/scenario_runs/tradeoff_20260326_090154/weighted_maximin_time_avg_cri_l050_20260326_090908,results/batch_tradeoff_20260325_235335/scenario_runs/tradeoff_20260326_090154/weighted_maximin_time_avg_cri_l050_20260326_090908/best,"[27, 31, 25, 10, 26, 18, 17, 21, 4, 6, 29, 28, (5, 4), (10, 17), (13, 24), (3, 1), (16, 17), (22, 20), (10, 15), (15, 22), (20, 21), (17, 19), (20, 18), (17, 10), (21, 22)]","[27, 31, 25, 10, 26, 18, 17, 21, 4, 6, 29, 28]","[(5, 4), (10, 17), (13, 24), (3, 1), (16, 17), (22, 20), (10, 15), (15, 22), (20, 21), (17, 19), (20, 18), (17, 10), (21, 22)]",scenario_089,20260413,12,13,0.2631385221915268,0.7368614778084731,results/batch_tradeoff_20260325_235335/scenario_runs/tradeoff_20260326_090154
optimized,baseline_reference,,baseline,Baseline sequence,Baseline repair sequence used as the reference point.,triangle,2421.806041823958,2421.806041823958,663366.2810496023,0.203932412598397,2174.869778,0.19466340589187464,2174.869778,0.2916666666666667,1.0,0.2959139270513756,0.133,0.867,0.9,0.9,1,0,,results/batch_tradeoff_20260325_235335/scenario_runs/tradeoff_20260326_091022/reference,"[32, 31, 22, 15, 2, 25, 17, 16, 24, 10, 30, 19, 3, 26, (17, 16), (24, 23), (9, 8), (5, 9), (11, 14)]","[32, 31, 22, 15, 2, 25, 17, 16, 24, 10, 30, 19, 3, 26]","[(17, 16), (24, 23), (9, 8), (5, 9), (11, 14)]",scenario_090,20260414,14,5,0.27066778379817136,0.7293322162018286,results/batch_tradeoff_20260325_235335/scenario_runs/tradeoff_20260326_091022
optimized,single_triangle,,single,Single objective: triangle,Pure efficiency objective that minimizes resilience-triangle loss.,triangle,903.6894514670845,903.6894514670845,208157.0288078121,0.3639766943868321,1179.265482,0.5626110922711737,1173.265482,0.2916666666666667,1.0,0.49443974669641805,0.133,0.867,0.9,0.9,1,1,results/batch_tradeoff_20260325_235335/scenario_runs/tradeoff_20260326_091022/single_triangle_20260326_091022,results/batch_tradeoff_20260325_235335/scenario_runs/tradeoff_20260326_091022/single_triangle_20260326_091022/best,"[10, 16, 26, 15, 2, 3, 17, 31, 25, 24, 30, 19, 22, 32, (5, 9), (11, 14), (9, 8), (17, 16), (24, 23)]","[10, 16, 26, 15, 2, 3, 17, 31, 25, 24, 30, 19, 22, 32]","[(5, 9), (11, 14), (9, 8), (17, 16), (24, 23)]",scenario_090,20260414,14,5,0.27066778379817136,0.7293322162018286,results/batch_tradeoff_20260325_235335/scenario_runs/tradeoff_20260326_091022
optimized,single_gini_restore,,single,Single objective: gini_restore,Equity objective that reduces restoration-time inequality using Gini.,equity:gini_restore,0.19504757079394297,1791.3413893715235,346091.7066814014,0.19504757079394297,1606.5304639999997,0.22084487782891066,1606.5304639999997,0.2916666666666667,1.0,0.30818911152209144,0.133,0.867,0.9,0.9,1,0,results/batch_tradeoff_20260325_235335/scenario_runs/tradeoff_20260326_091022/single_gini_restore_20260326_091117,results/batch_tradeoff_20260325_235335/scenario_runs/tradeoff_20260326_091022/single_gini_restore_20260326_091117/best,"[32, 30, 26, 10, 17, 19, 22, 3, 25, 24, 15, 16, 2, 31, (11, 14), (24, 23), (5, 9), (17, 16), (9, 8)]","[32, 30, 26, 10, 17, 19, 22, 3, 25, 24, 15, 16, 2, 31]","[(11, 14), (24, 23), (5, 9), (17, 16), (9, 8)]",scenario_090,20260414,14,5,0.27066778379817136,0.7293322162018286,results/batch_tradeoff_20260325_235335/scenario_runs/tradeoff_20260326_091022
optimized,single_maximin_time_avg_cri,,single,Single objective: maximize minimum time-avg CRI,Equity via maximin: improve the worst-served zone by maximizing the minimum time-averaged CRI.,equity:maximin_time_avg_cri_loss,0.5551220883603694,1902.9374232255354,903558.2551076901,0.3070631741003511,2451.314501,0.4448779116396306,2451.314501,0.2916666666666667,1.0,0.3174897758831749,0.133,0.867,0.9,0.9,1,0,results/batch_tradeoff_20260325_235335/scenario_runs/tradeoff_20260326_091022/single_maximin_time_avg_cri_20260326_091211,results/batch_tradeoff_20260325_235335/scenario_runs/tradeoff_20260326_091022/single_maximin_time_avg_cri_20260326_091211/best,"[32, 19, 24, 3, 2, 25, 17, 16, 10, 15, 30, 31, 22, 26, (5, 9), (24, 23), (17, 16), (9, 8), (11, 14)]","[32, 19, 24, 3, 2, 25, 17, 16, 10, 15, 30, 31, 22, 26]","[(5, 9), (24, 23), (17, 16), (9, 8), (11, 14)]",scenario_090,20260414,14,5,0.27066778379817136,0.7293322162018286,results/batch_tradeoff_20260325_235335/scenario_runs/tradeoff_20260326_091022
optimized,single_p90_access_restore,,single,Single objective: p90_access_restore,Critical-access objective that shortens the time by which 90% of zones regain access.,critical_access:p90_access_restore,1091.769861,1215.826348506878,163312.04470586308,0.21891899786190572,1091.769861,0.21121493089525856,1091.769861,0.2916666666666667,1.0,0.32150828820598853,0.133,0.867,0.9,0.9,1,1,results/batch_tradeoff_20260325_235335/scenario_runs/tradeoff_20260326_091022/single_p90_access_restore_20260326_091308,results/batch_tradeoff_20260325_235335/scenario_runs/tradeoff_20260326_091022/single_p90_access_restore_20260326_091308/best,"[19, 22, 2, 15, 31, 24, 25, 10, 16, 32, 26, 17, 3, 30, (24, 23), (11, 14), (17, 16), (9, 8), (5, 9)]","[19, 22, 2, 15, 31, 24, 25, 10, 16, 32, 26, 17, 3, 30]","[(24, 23), (11, 14), (17, 16), (9, 8), (5, 9)]",scenario_090,20260414,14,5,0.27066778379817136,0.7293322162018286,results/batch_tradeoff_20260325_235335/scenario_runs/tradeoff_20260326_091022
optimized,weighted_gini_restore_l050,,weighted_sum,Weighted sum: triangle + 0.5 * equity:gini_restore,Weighted trade-off objective. triangle + 0.5 * equity:gini_restore.,weighted_sum,1.1378034235064889,1232.9898241505275,218314.69245373344,0.2564178660616221,1374.350682,0.37520608277520406,1374.350682,0.2916666666666667,1.0,0.3796492413656522,0.133,0.867,0.9,0.9,1,0,results/batch_tradeoff_20260325_235335/scenario_runs/tradeoff_20260326_091022/weighted_gini_restore_l050_20260326_091406,results/batch_tradeoff_20260325_235335/scenario_runs/tradeoff_20260326_091022/weighted_gini_restore_l050_20260326_091406/best,"[10, 19, 22, 24, 3, 17, 26, 25, 31, 16, 15, 2, 32, 30, (17, 16), (5, 9), (9, 8), (11, 14), (24, 23)]","[10, 19, 22, 24, 3, 17, 26, 25, 31, 16, 15, 2, 32, 30]","[(17, 16), (5, 9), (9, 8), (11, 14), (24, 23)]",scenario_090,20260414,14,5,0.27066778379817136,0.7293322162018286,results/batch_tradeoff_20260325_235335/scenario_runs/tradeoff_20260326_091022
optimized,guardrail_gini_restore,,guardrail,Guardrail on equity:gini_restore,Triangle minimization with a fairness guardrail. Guardrail on equity:gini_restore.,guardrail,1241.210773468218,1241.210773468218,192596.66401871076,0.19115705565147278,1183.434375,0.22344966269308442,1183.434375,0.2916666666666667,1.0,0.29168733631019184,0.133,0.867,0.9,0.9,1,1,results/batch_tradeoff_20260325_235335/scenario_runs/tradeoff_20260326_091022/guardrail_gini_restore_20260326_091500,results/batch_tradeoff_20260325_235335/scenario_runs/tradeoff_20260326_091022/guardrail_gini_restore_20260326_091500/best,"[15, 19, 22, 32, 2, 25, 24, 10, 31, 16, 30, 17, 3, 26, (5, 9), (11, 14), (9, 8), (17, 16), (24, 23)]","[15, 19, 22, 32, 2, 25, 24, 10, 31, 16, 30, 17, 3, 26]","[(5, 9), (11, 14), (9, 8), (17, 16), (24, 23)]",scenario_090,20260414,14,5,0.27066778379817136,0.7293322162018286,results/batch_tradeoff_20260325_235335/scenario_runs/tradeoff_20260326_091022
optimized,weighted_maximin_time_avg_cri_l050,,weighted_sum,Weighted sum: triangle + 0.5 * equity:maximin_time_avg_cri_loss,Weighted trade-off objective. triangle + 0.5 * equity:maximin_time_avg_cri_loss.,weighted_sum,0.7824549117229609,1094.1511772723707,435327.2434947551,0.30769385346658207,1576.80994,0.4674091706958898,1576.80994,0.2916666666666667,1.0,0.3399365940968553,0.133,0.867,0.9,0.9,1,1,results/batch_tradeoff_20260325_235335/scenario_runs/tradeoff_20260326_091022/weighted_maximin_time_avg_cri_l050_20260326_091557,results/batch_tradeoff_20260325_235335/scenario_runs/tradeoff_20260326_091022/weighted_maximin_time_avg_cri_l050_20260326_091557/best,"[2, 16, 3, 17, 24, 25, 32, 22, 19, 10, 26, 31, 30, 15, (5, 9), (9, 8), (11, 14), (17, 16), (24, 23)]","[2, 16, 3, 17, 24, 25, 32, 22, 19, 10, 26, 31, 30, 15]","[(5, 9), (9, 8), (11, 14), (17, 16), (24, 23)]",scenario_090,20260414,14,5,0.27066778379817136,0.7293322162018286,results/batch_tradeoff_20260325_235335/scenario_runs/tradeoff_20260326_091022
optimized,baseline_reference,,baseline,Baseline sequence,Baseline repair sequence used as the reference point.,triangle,1229.1564506784418,1229.1564506784418,257827.0694180975,0.25705836403293114,1320.791832,0.3545095480338642,1320.791832,0.16666666666666666,1.0,0.35847258868042425,0.133,0.867,0.9,0.9,1,0,,results/batch_tradeoff_20260325_235335/scenario_runs/tradeoff_20260326_091650/reference,"[30, 10, 22, 2, 27, 12, 26, 16, 19, 32, 7, 20, 17, (3, 4), (2, 1), (12, 13), (8, 7), (8, 16), (21, 20)]","[30, 10, 22, 2, 27, 12, 26, 16, 19, 32, 7, 20, 17]","[(3, 4), (2, 1), (12, 13), (8, 7), (8, 16), (21, 20)]",scenario_091,20260415,13,6,0.24036067973277364,0.7596393202672264,results/batch_tradeoff_20260325_235335/scenario_runs/tradeoff_20260326_091650
optimized,single_triangle,,single,Single objective: triangle,Pure efficiency objective that minimizes resilience-triangle loss.,triangle,700.9645401611663,700.9645401611663,121839.62845274182,0.3074931559014271,880.8052299999999,0.40333244352642855,880.8052299999999,0.16666666666666666,1.0,0.3743710853741563,0.133,0.867,0.9,0.9,1,0,results/batch_tradeoff_20260325_235335/scenario_runs/tradeoff_20260326_091650/single_triangle_20260326_091651,results/batch_tradeoff_20260325_235335/scenario_runs/tradeoff_20260326_091650/single_triangle_20260326_091651/best,"[2, 10, 30, 22, 19, 12, 26, 16, 27, 7, 32, 20, 17, (3, 4), (12, 13), (2, 1), (8, 16), (8, 7), (21, 20)]","[2, 10, 30, 22, 19, 12, 26, 16, 27, 7, 32, 20, 17]","[(3, 4), (12, 13), (2, 1), (8, 16), (8, 7), (21, 20)]",scenario_091,20260415,13,6,0.24036067973277364,0.7596393202672264,results/batch_tradeoff_20260325_235335/scenario_runs/tradeoff_20260326_091650
optimized,single_gini_restore,,single,Single objective: gini_restore,Equity objective that reduces restoration-time inequality using Gini.,equity:gini_restore,0.14898610140909363,1208.6363156528182,126040.50057767965,0.14898610140909363,1226.708412,0.2751890585531872,1226.708412,0.16666666666666666,1.0,0.2636554807315802,0.133,0.867,0.9,0.9,1,1,results/batch_tradeoff_20260325_235335/scenario_runs/tradeoff_20260326_091650/single_gini_restore_20260326_091746,results/batch_tradeoff_20260325_235335/scenario_runs/tradeoff_20260326_091650/single_gini_restore_20260326_091746/best,"[30, 20, 32, 22, 10, 26, 7, 19, 16, 2, 12, 27, 17, (21, 20), (8, 16), (8, 7), (12, 13), (3, 4), (2, 1)]","[30, 20, 32, 22, 10, 26, 7, 19, 16, 2, 12, 27, 17]","[(21, 20), (8, 16), (8, 7), (12, 13), (3, 4), (2, 1)]",scenario_091,20260415,13,6,0.24036067973277364,0.7596393202672264,results/batch_tradeoff_20260325_235335/scenario_runs/tradeoff_20260326_091650
optimized,single_maximin_time_avg_cri,,single,Single objective: maximize minimum time-avg CRI,Equity via maximin: improve the worst-served zone by maximizing the minimum time-averaged CRI.,equity:maximin_time_avg_cri_loss,0.5239264801655343,1028.4947479141993,214089.4482797515,0.2549546575310311,1327.2691252,0.47607351983446566,1170.538309,0.16666666666666666,1.0,0.38682272602760337,0.133,0.867,0.9,0.9,1,0,results/batch_tradeoff_20260325_235335/scenario_runs/tradeoff_20260326_091650/single_maximin_time_avg_cri_20260326_091837,results/batch_tradeoff_20260325_235335/scenario_runs/tradeoff_20260326_091650/single_maximin_time_avg_cri_20260326_091837/best,"[27, 2, 30, 32, 12, 16, 26, 22, 7, 19, 17, 10, 20, (3, 4), (8, 7), (12, 13), (21, 20), (8, 16), (2, 1)]","[27, 2, 30, 32, 12, 16, 26, 22, 7, 19, 17, 10, 20]","[(3, 4), (8, 7), (12, 13), (21, 20), (8, 16), (2, 1)]",scenario_091,20260415,13,6,0.24036067973277364,0.7596393202672264,results/batch_tradeoff_20260325_235335/scenario_runs/tradeoff_20260326_091650
optimized,single_p90_access_restore,,single,Single objective: p90_access_restore,Critical-access objective that shortens the time by which 90% of zones regain access.,critical_access:p90_access_restore,891.7351021999999,752.4732351765354,112713.22678142517,0.2676504467071441,929.310406,0.4330951664615241,891.7351021999999,0.16666666666666666,1.0,0.36713103782325146,0.133,0.867,0.9,0.9,1,0,results/batch_tradeoff_20260325_235335/scenario_runs/tradeoff_20260326_091650/single_p90_access_restore_20260326_091933,results/batch_tradeoff_20260325_235335/scenario_runs/tradeoff_20260326_091650/single_p90_access_restore_20260326_091933/best,"[10, 2, 20, 12, 27, 7, 26, 16, 17, 32, 30, 22, 19, (12, 13), (3, 4), (8, 7), (8, 16), (21, 20), (2, 1)]","[10, 2, 20, 12, 27, 7, 26, 16, 17, 32, 30, 22, 19]","[(12, 13), (3, 4), (8, 7), (8, 16), (21, 20), (2, 1)]",scenario_091,20260415,13,6,0.24036067973277364,0.7596393202672264,results/batch_tradeoff_20260325_235335/scenario_runs/tradeoff_20260326_091650
optimized,weighted_gini_restore_l050,,weighted_sum,Weighted sum: triangle + 0.5 * equity:gini_restore,Weighted trade-off objective. triangle + 0.5 * equity:gini_restore.,weighted_sum,1.1166822499453972,940.7137881136252,104663.37547113042,0.1806346128503964,971.583122,0.26448016465129365,971.583122,0.16666666666666666,1.0,0.2815697236950699,0.133,0.867,0.9,0.9,1,1,results/batch_tradeoff_20260325_235335/scenario_runs/tradeoff_20260326_091650/weighted_gini_restore_l050_20260326_092024,results/batch_tradeoff_20260325_235335/scenario_runs/tradeoff_20260326_091650/weighted_gini_restore_l050_20260326_092024/best,"[7, 12, 32, 20, 19, 17, 30, 27, 22, 2, 10, 16, 26, (2, 1), (12, 13), (8, 16), (21, 20), (8, 7), (3, 4)]","[7, 12, 32, 20, 19, 17, 30, 27, 22, 2, 10, 16, 26]","[(2, 1), (12, 13), (8, 16), (21, 20), (8, 7), (3, 4)]",scenario_091,20260415,13,6,0.24036067973277364,0.7596393202672264,results/batch_tradeoff_20260325_235335/scenario_runs/tradeoff_20260326_091650
optimized,guardrail_gini_restore,,guardrail,Guardrail on equity:gini_restore,Triangle minimization with a fairness guardrail. Guardrail on equity:gini_restore.,guardrail,891.4294893886174,891.4294893886174,134040.0379359223,0.24360650366894498,1024.584707,0.3882559509119157,1024.584707,0.16666666666666666,1.0,0.30995585999899183,0.133,0.867,0.9,0.9,1,0,results/batch_tradeoff_20260325_235335/scenario_runs/tradeoff_20260326_091650/guardrail_gini_restore_20260326_092120,results/batch_tradeoff_20260325_235335/scenario_runs/tradeoff_20260326_091650/guardrail_gini_restore_20260326_092120/best,"[12, 20, 30, 2, 10, 7, 26, 27, 16, 32, 22, 19, 17, (3, 4), (8, 7), (21, 20), (8, 16), (12, 13), (2, 1)]","[12, 20, 30, 2, 10, 7, 26, 27, 16, 32, 22, 19, 17]","[(3, 4), (8, 7), (21, 20), (8, 16), (12, 13), (2, 1)]",scenario_091,20260415,13,6,0.24036067973277364,0.7596393202672264,results/batch_tradeoff_20260325_235335/scenario_runs/tradeoff_20260326_091650
optimized,weighted_maximin_time_avg_cri_l050,,weighted_sum,Weighted sum: triangle + 0.5 * equity:maximin_time_avg_cri_loss,Weighted trade-off objective. triangle + 0.5 * equity:maximin_time_avg_cri_loss.,weighted_sum,0.9823387697380795,687.5416568050321,114254.5549083283,0.2207447050869289,918.704448,0.4539432254907427,918.704448,0.16666666666666666,1.0,0.29385269695570254,0.133,0.867,0.9,0.9,1,1,results/batch_tradeoff_20260325_235335/scenario_runs/tradeoff_20260326_091650/weighted_maximin_time_avg_cri_l050_20260326_092210,results/batch_tradeoff_20260325_235335/scenario_runs/tradeoff_20260326_091650/weighted_maximin_time_avg_cri_l050_20260326_092210/best,"[2, 7, 27, 16, 19, 20, 32, 26, 17, 30, 22, 12, 10, (2, 1), (12, 13), (21, 20), (8, 16), (3, 4), (8, 7)]","[2, 7, 27, 16, 19, 20, 32, 26, 17, 30, 22, 12, 10]","[(2, 1), (12, 13), (21, 20), (8, 16), (3, 4), (8, 7)]",scenario_091,20260415,13,6,0.24036067973277364,0.7596393202672264,results/batch_tradeoff_20260325_235335/scenario_runs/tradeoff_20260326_091650
optimized,baseline_reference,,baseline,Baseline sequence,Baseline repair sequence used as the reference point.,triangle,2321.868017692019,2321.868017692019,355647.7011147779,0.12927815993025216,2097.8706850000003,0.21848431388782166,2097.8706850000003,0.20833333333333334,1.0,0.24128664977746234,0.133,0.867,0.9,0.9,1,0,,results/batch_tradeoff_20260325_235335/scenario_runs/tradeoff_20260326_092306/reference,"[23, 13, 20, 11, 17, 18, 32, 7, 22, 5, 9, 28, (2, 6), (14, 23), (14, 15), (22, 23), (9, 8), (4, 5), (16, 18), (3, 4)]","[23, 13, 20, 11, 17, 18, 32, 7, 22, 5, 9, 28]","[(2, 6), (14, 23), (14, 15), (22, 23), (9, 8), (4, 5), (16, 18), (3, 4)]",scenario_092,20260416,12,8,0.20002262629363748,0.7999773737063626,results/batch_tradeoff_20260325_235335/scenario_runs/tradeoff_20260326_092306
optimized,single_triangle,,single,Single objective: triangle,Pure efficiency objective that minimizes resilience-triangle loss.,triangle,994.5601009390268,994.5601009390268,109191.8920329315,0.1633602124076683,1081.2171389999999,0.358007848158198,1081.2171389999999,0.20833333333333334,1.0,0.31338093681168205,0.133,0.867,0.9,0.9,1,1,results/batch_tradeoff_20260325_235335/scenario_runs/tradeoff_20260326_092306/single_triangle_20260326_092306,results/batch_tradeoff_20260325_235335/scenario_runs/tradeoff_20260326_092306/single_triangle_20260326_092306/best,"[11, 13, 23, 28, 5, 7, 32, 20, 9, 22, 18, 17, (3, 4), (14, 23), (22, 23), (4, 5), (16, 18), (9, 8), (14, 15), (2, 6)]","[11, 13, 23, 28, 5, 7, 32, 20, 9, 22, 18, 17]","[(3, 4), (14, 23), (22, 23), (4, 5), (16, 18), (9, 8), (14, 15), (2, 6)]",scenario_092,20260416,12,8,0.20002262629363748,0.7999773737063626,results/batch_tradeoff_20260325_235335/scenario_runs/tradeoff_20260326_092306
optimized,single_gini_restore,,single,Single objective: gini_restore,Equity objective that reduces restoration-time inequality using Gini.,equity:gini_restore,0.12927815993025216,2321.868017692019,355647.7011147779,0.12927815993025216,2097.8706850000003,0.21848431388782166,2097.8706850000003,0.20833333333333334,1.0,0.24128664977746234,0.133,0.867,0.9,0.9,1,0,results/batch_tradeoff_20260325_235335/scenario_runs/tradeoff_20260326_092306/single_gini_restore_20260326_092358,results/batch_tradeoff_20260325_235335/scenario_runs/tradeoff_20260326_092306/single_gini_restore_20260326_092358/best,"[23, 13, 20, 11, 17, 18, 32, 7, 22, 5, 9, 28, (2, 6), (14, 23), (14, 15), (22, 23), (9, 8), (4, 5), (16, 18), (3, 4)]","[23, 13, 20, 11, 17, 18, 32, 7, 22, 5, 9, 28]","[(2, 6), (14, 23), (14, 15), (22, 23), (9, 8), (4, 5), (16, 18), (3, 4)]",scenario_092,20260416,12,8,0.20002262629363748,0.7999773737063626,results/batch_tradeoff_20260325_235335/scenario_runs/tradeoff_20260326_092306
optimized,single_maximin_time_avg_cri,,single,Single objective: maximize minimum time-avg CRI,Equity via maximin: improve the worst-served zone by maximizing the minimum time-averaged CRI.,equity:maximin_time_avg_cri_loss,0.5198313072119694,1771.7919575889528,434248.0755352601,0.18195805240304486,2007.9597899999999,0.4801686927880307,2007.9597899999999,0.20833333333333334,1.0,0.32771491905306865,0.133,0.867,0.9,0.9,1,0,results/batch_tradeoff_20260325_235335/scenario_runs/tradeoff_20260326_092306/single_maximin_time_avg_cri_20260326_092455,results/batch_tradeoff_20260325_235335/scenario_runs/tradeoff_20260326_092306/single_maximin_time_avg_cri_20260326_092455/best,"[23, 5, 7, 28, 22, 11, 17, 32, 9, 18, 20, 13, (2, 6), (4, 5), (22, 23), (14, 15), (3, 4), (14, 23), (9, 8), (16, 18)]","[23, 5, 7, 28, 22, 11, 17, 32, 9, 18, 20, 13]","[(2, 6), (4, 5), (22, 23), (14, 15), (3, 4), (14, 23), (9, 8), (16, 18)]",scenario_092,20260416,12,8,0.20002262629363748,0.7999773737063626,results/batch_tradeoff_20260325_235335/scenario_runs/tradeoff_20260326_092306
optimized,single_p90_access_restore,,single,Single objective: p90_access_restore,Critical-access objective that shortens the time by which 90% of zones regain access.,critical_access:p90_access_restore,1496.972977,1651.9078516969296,239975.41310057126,0.15562715063689536,1504.3617381,0.1882718327592135,1496.972977,0.20833333333333334,1.0,0.2880025807821518,0.133,0.867,0.9,0.9,1,0,results/batch_tradeoff_20260325_235335/scenario_runs/tradeoff_20260326_092306/single_p90_access_restore_20260326_092547,results/batch_tradeoff_20260325_235335/scenario_runs/tradeoff_20260326_092306/single_p90_access_restore_20260326_092547/best,"[22, 7, 5, 11, 13, 18, 9, 32, 17, 28, 23, 20, (4, 5), (16, 18), (14, 15), (22, 23), (3, 4), (2, 6), (9, 8), (14, 23)]","[22, 7, 5, 11, 13, 18, 9, 32, 17, 28, 23, 20]","[(4, 5), (16, 18), (14, 15), (22, 23), (3, 4), (2, 6), (9, 8), (14, 23)]",scenario_092,20260416,12,8,0.20002262629363748,0.7999773737063626,results/batch_tradeoff_20260325_235335/scenario_runs/tradeoff_20260326_092306
optimized,weighted_gini_restore_l050,,weighted_sum,Weighted sum: triangle + 0.5 * equity:gini_restore,Weighted trade-off objective. triangle + 0.5 * equity:gini_restore.,weighted_sum,1.2996703586590563,1989.131538186483,241899.82291344277,0.11453421028476796,1740.8515360000001,0.19693538804020158,1740.8515360000001,0.20833333333333334,1.0,0.22913892454410886,0.133,0.867,0.9,0.9,1,0,results/batch_tradeoff_20260325_235335/scenario_runs/tradeoff_20260326_092306/weighted_gini_restore_l050_20260326_092644,results/batch_tradeoff_20260325_235335/scenario_runs/tradeoff_20260326_092306/weighted_gini_restore_l050_20260326_092644/best,"[32, 28, 23, 11, 13, 7, 9, 20, 22, 17, 18, 5, (2, 6), (9, 8), (16, 18), (14, 15), (3, 4), (14, 23), (22, 23), (4, 5)]","[32, 28, 23, 11, 13, 7, 9, 20, 22, 17, 18, 5]","[(2, 6), (9, 8), (16, 18), (14, 15), (3, 4), (14, 23), (22, 23), (4, 5)]",scenario_092,20260416,12,8,0.20002262629363748,0.7999773737063626,results/batch_tradeoff_20260325_235335/scenario_runs/tradeoff_20260326_092306
optimized,guardrail_gini_restore,,guardrail,Guardrail on equity:gini_restore,Triangle minimization with a fairness guardrail. Guardrail on equity:gini_restore.,guardrail,1334.7636626836313,1334.7636626836313,102779.80063956598,0.10660721453145094,1184.8742619,0.23079104804072353,1146.274385,0.20833333333333334,1.0,0.26242928800691767,0.133,0.867,0.9,0.9,1,1,results/batch_tradeoff_20260325_235335/scenario_runs/tradeoff_20260326_092306/guardrail_gini_restore_20260326_092737,results/batch_tradeoff_20260325_235335/scenario_runs/tradeoff_20260326_092306/guardrail_gini_restore_20260326_092737/best,"[13, 23, 11, 32, 28, 18, 17, 22, 7, 5, 9, 20, (14, 15), (14, 23), (3, 4), (22, 23), (4, 5), (9, 8), (16, 18), (2, 6)]","[13, 23, 11, 32, 28, 18, 17, 22, 7, 5, 9, 20]","[(14, 15), (14, 23), (3, 4), (22, 23), (4, 5), (9, 8), (16, 18), (2, 6)]",scenario_092,20260416,12,8,0.20002262629363748,0.7999773737063626,results/batch_tradeoff_20260325_235335/scenario_runs/tradeoff_20260326_092306
optimized,weighted_maximin_time_avg_cri_l050,,weighted_sum,Weighted sum: triangle + 0.5 * equity:maximin_time_avg_cri_loss,Weighted trade-off objective. triangle + 0.5 * equity:maximin_time_avg_cri_loss.,weighted_sum,0.9152693003342497,1190.9770310477447,171056.98054022103,0.17019050533869873,1507.0747529999999,0.37114536895017747,1507.0747529999999,0.20833333333333334,1.0,0.31509548863654363,0.133,0.867,0.9,0.9,1,0,results/batch_tradeoff_20260325_235335/scenario_runs/tradeoff_20260326_092306/weighted_maximin_time_avg_cri_l050_20260326_092834,results/batch_tradeoff_20260325_235335/scenario_runs/tradeoff_20260326_092306/weighted_maximin_time_avg_cri_l050_20260326_092834/best,"[11, 5, 9, 7, 22, 23, 28, 20, 32, 17, 18, 13, (14, 15), (2, 6), (14, 23), (4, 5), (22, 23), (9, 8), (16, 18), (3, 4)]","[11, 5, 9, 7, 22, 23, 28, 20, 32, 17, 18, 13]","[(14, 15), (2, 6), (14, 23), (4, 5), (22, 23), (9, 8), (16, 18), (3, 4)]",scenario_092,20260416,12,8,0.20002262629363748,0.7999773737063626,results/batch_tradeoff_20260325_235335/scenario_runs/tradeoff_20260326_092306
optimized,baseline_reference,,baseline,Baseline sequence,Baseline repair sequence used as the reference point.,triangle,1068.6451025763524,1068.6451025763524,190964.88082113478,0.20048913905588295,1212.1572010000002,0.2919732342097614,1212.1572010000002,0.16666666666666666,1.0,0.29842539987242683,0.133,0.867,0.9,0.9,1,0,,results/batch_tradeoff_20260325_235335/scenario_runs/tradeoff_20260326_092927/reference,"[21, 1, 31, 4, 2, 23, 10, 24, (3, 12), (20, 22), (8, 6), (22, 23), (9, 8), (2, 6)]","[21, 1, 31, 4, 2, 23, 10, 24]","[(3, 12), (20, 22), (8, 6), (22, 23), (9, 8), (2, 6)]",scenario_093,20260417,8,6,0.22240831687016197,0.7775916831298381,results/batch_tradeoff_20260325_235335/scenario_runs/tradeoff_20260326_092927
optimized,single_triangle,,single,Single objective: triangle,Pure efficiency objective that minimizes resilience-triangle loss.,triangle,451.75289660201906,451.75289660201906,62903.41512898263,0.28806594754654724,776.826428,0.4942080202152239,776.826428,0.16666666666666666,1.0,0.40089195827196206,0.133,0.867,0.9,0.9,1,0,results/batch_tradeoff_20260325_235335/scenario_runs/tradeoff_20260326_092927/single_triangle_20260326_092927,results/batch_tradeoff_20260325_235335/scenario_runs/tradeoff_20260326_092927/single_triangle_20260326_092927/best,"[1, 2, 10, 24, 21, 23, 4, 31, (8, 6), (2, 6), (3, 12), (9, 8), (22, 23), (20, 22)]","[1, 2, 10, 24, 21, 23, 4, 31]","[(8, 6), (2, 6), (3, 12), (9, 8), (22, 23), (20, 22)]",scenario_093,20260417,8,6,0.22240831687016197,0.7775916831298381,results/batch_tradeoff_20260325_235335/scenario_runs/tradeoff_20260326_092927
optimized,single_gini_restore,,single,Single objective: gini_restore,Equity objective that reduces restoration-time inequality using Gini.,equity:gini_restore,0.10592206082969913,944.4819463025761,75104.32539136353,0.10592206082969913,996.352264,0.23790205514911306,996.352264,0.16666666666666666,1.0,0.2119614152851466,0.133,0.867,0.9,0.9,1,1,results/batch_tradeoff_20260325_235335/scenario_runs/tradeoff_20260326_092927/single_gini_restore_20260326_093008,results/batch_tradeoff_20260325_235335/scenario_runs/tradeoff_20260326_092927/single_gini_restore_20260326_093008/best,"[23, 24, 1, 21, 4, 10, 2, 31, (22, 23), (8, 6), (9, 8), (2, 6), (20, 22), (3, 12)]","[23, 24, 1, 21, 4, 10, 2, 31]","[(22, 23), (8, 6), (9, 8), (2, 6), (20, 22), (3, 12)]",scenario_093,20260417,8,6,0.22240831687016197,0.7775916831298381,results/batch_tradeoff_20260325_235335/scenario_runs/tradeoff_20260326_092927
optimized,single_maximin_time_avg_cri,,single,Single objective: maximize minimum time-avg CRI,Equity via maximin: improve the worst-served zone by maximizing the minimum time-averaged CRI.,equity:maximin_time_avg_cri_loss,0.572484460721354,951.3223164993403,242784.47804045284,0.27676651383729634,1221.722152,0.42751553927864605,1221.722152,0.16666666666666666,1.0,0.3240113948115321,0.133,0.867,0.9,0.9,1,0,results/batch_tradeoff_20260325_235335/scenario_runs/tradeoff_20260326_092927/single_maximin_time_avg_cri_20260326_093053,results/batch_tradeoff_20260325_235335/scenario_runs/tradeoff_20260326_092927/single_maximin_time_avg_cri_20260326_093053/best,"[1, 4, 2, 24, 31, 23, 21, 10, (2, 6), (8, 6), (3, 12), (22, 23), (20, 22), (9, 8)]","[1, 4, 2, 24, 31, 23, 21, 10]","[(2, 6), (8, 6), (3, 12), (22, 23), (20, 22), (9, 8)]",scenario_093,20260417,8,6,0.22240831687016197,0.7775916831298381,results/batch_tradeoff_20260325_235335/scenario_runs/tradeoff_20260326_092927
optimized,single_p90_access_restore,,single,Single objective: p90_access_restore,Critical-access objective that shortens the time by which 90% of zones regain access.,critical_access:p90_access_restore,648.9313629999999,481.0336032591296,46089.375471690735,0.19971014614129423,648.9313629999999,0.3886674849244943,648.9313629999999,0.16666666666666666,1.0,0.26317101400275916,0.133,0.867,0.9,0.9,1,0,results/batch_tradeoff_20260325_235335/scenario_runs/tradeoff_20260326_092927/single_p90_access_restore_20260326_093135,results/batch_tradeoff_20260325_235335/scenario_runs/tradeoff_20260326_092927/single_p90_access_restore_20260326_093135/best,"[1, 2, 31, 10, 24, 23, 4, 21, (20, 22), (22, 23), (9, 8), (2, 6), (8, 6), (3, 12)]","[1, 2, 31, 10, 24, 23, 4, 21]","[(20, 22), (22, 23), (9, 8), (2, 6), (8, 6), (3, 12)]",scenario_093,20260417,8,6,0.22240831687016197,0.7775916831298381,results/batch_tradeoff_20260325_235335/scenario_runs/tradeoff_20260326_092927
optimized,weighted_gini_restore_l050,,weighted_sum,Weighted sum: triangle + 0.5 * equity:gini_restore,Weighted trade-off objective. triangle + 0.5 * equity:gini_restore.,weighted_sum,0.9137515349295618,477.14332184858165,36120.17819921007,0.18736023607610086,603.2797029999999,0.2686143432036839,603.2797029999999,0.16666666666666666,1.0,0.26956466866248935,0.133,0.867,0.9,0.9,1,0,results/batch_tradeoff_20260325_235335/scenario_runs/tradeoff_20260326_092927/weighted_gini_restore_l050_20260326_093217,results/batch_tradeoff_20260325_235335/scenario_runs/tradeoff_20260326_092927/weighted_gini_restore_l050_20260326_093217/best,"[31, 24, 10, 1, 2, 4, 21, 23, (8, 6), (9, 8), (3, 12), (2, 6), (22, 23), (20, 22)]","[31, 24, 10, 1, 2, 4, 21, 23]","[(8, 6), (9, 8), (3, 12), (2, 6), (22, 23), (20, 22)]",scenario_093,20260417,8,6,0.22240831687016197,0.7775916831298381,results/batch_tradeoff_20260325_235335/scenario_runs/tradeoff_20260326_092927
optimized,guardrail_gini_restore,,guardrail,Guardrail on equity:gini_restore,Triangle minimization with a fairness guardrail. Guardrail on equity:gini_restore.,guardrail,417.65365869654886,417.65365869654886,24166.77027778499,0.13172144597753932,501.41401199999996,0.2783031710582092,493.07462279999993,0.16666666666666666,1.0,0.2433201928158215,0.133,0.867,0.9,0.9,1,1,results/batch_tradeoff_20260325_235335/scenario_runs/tradeoff_20260326_092927/guardrail_gini_restore_20260326_093257,results/batch_tradeoff_20260325_235335/scenario_runs/tradeoff_20260326_092927/guardrail_gini_restore_20260326_093257/best,"[1, 2, 10, 31, 24, 23, 4, 21, (8, 6), (2, 6), (9, 8), (22, 23), (20, 22), (3, 12)]","[1, 2, 10, 31, 24, 23, 4, 21]","[(8, 6), (2, 6), (9, 8), (22, 23), (20, 22), (3, 12)]",scenario_093,20260417,8,6,0.22240831687016197,0.7775916831298381,results/batch_tradeoff_20260325_235335/scenario_runs/tradeoff_20260326_092927
optimized,weighted_maximin_time_avg_cri_l050,,weighted_sum,Weighted sum: triangle + 0.5 * equity:maximin_time_avg_cri_loss,Weighted trade-off objective. triangle + 0.5 * equity:maximin_time_avg_cri_loss.,weighted_sum,0.9405993764127557,577.6110870271161,118127.60425597639,0.3295013868697019,922.154338,0.4334490078618811,922.154338,0.16666666666666666,1.0,0.3541706744466167,0.133,0.867,0.9,0.9,1,0,results/batch_tradeoff_20260325_235335/scenario_runs/tradeoff_20260326_092927/weighted_maximin_time_avg_cri_l050_20260326_093339,results/batch_tradeoff_20260325_235335/scenario_runs/tradeoff_20260326_092927/weighted_maximin_time_avg_cri_l050_20260326_093339/best,"[24, 1, 10, 2, 4, 21, 31, 23, (2, 6), (8, 6), (9, 8), (3, 12), (22, 23), (20, 22)]","[24, 1, 10, 2, 4, 21, 31, 23]","[(2, 6), (8, 6), (9, 8), (3, 12), (22, 23), (20, 22)]",scenario_093,20260417,8,6,0.22240831687016197,0.7775916831298381,results/batch_tradeoff_20260325_235335/scenario_runs/tradeoff_20260326_092927
optimized,baseline_reference,,baseline,Baseline sequence,Baseline repair sequence used as the reference point.,triangle,2983.244014168461,2983.244014168461,1395749.3521057202,0.24948923022922886,3149.938644,0.3677009773009583,3149.938644,0.25,1.0,0.29400864070978605,0.133,0.867,0.9,0.9,1,0,,results/batch_tradeoff_20260325_235335/scenario_runs/tradeoff_20260326_093425/reference,"[13, 3, 24, 2, 1, 33, 25, 5, 31, 20, 32, 10, 28, 27, (19, 17), (9, 5), (12, 13), (12, 3)]","[13, 3, 24, 2, 1, 33, 25, 5, 31, 20, 32, 10, 28, 27]","[(19, 17), (9, 5), (12, 13), (12, 3)]",scenario_094,20260418,14,4,0.30288480785834215,0.6971151921416578,results/batch_tradeoff_20260325_235335/scenario_runs/tradeoff_20260326_093425
optimized,single_triangle,,single,Single objective: triangle,Pure efficiency objective that minimizes resilience-triangle loss.,triangle,1236.0750247744475,1236.0750247744475,344200.6189371094,0.32284900889447576,1815.5225260000002,0.5348063735191129,1815.5225260000002,0.25,1.0,0.40748047700988244,0.133,0.867,0.9,0.9,1,1,results/batch_tradeoff_20260325_235335/scenario_runs/tradeoff_20260326_093425/single_triangle_20260326_093425,results/batch_tradeoff_20260325_235335/scenario_runs/tradeoff_20260326_093425/single_triangle_20260326_093425/best,"[1, 2, 13, 3, 27, 33, 25, 24, 5, 20, 10, 32, 28, 31, (12, 3), (9, 5), (19, 17), (12, 13)]","[1, 2, 13, 3, 27, 33, 25, 24, 5, 20, 10, 32, 28, 31]","[(12, 3), (9, 5), (19, 17), (12, 13)]",scenario_094,20260418,14,4,0.30288480785834215,0.6971151921416578,results/batch_tradeoff_20260325_235335/scenario_runs/tradeoff_20260326_093425
optimized,single_gini_restore,,single,Single objective: gini_restore,Equity objective that reduces restoration-time inequality using Gini.,equity:gini_restore,0.17684462149570201,2368.059658851618,400709.562079993,0.17684462149570201,1899.0091499999999,0.22817329931116492,1899.0091499999999,0.25,1.0,0.2691341366759607,0.133,0.867,0.9,0.9,1,1,results/batch_tradeoff_20260325_235335/scenario_runs/tradeoff_20260326_093425/single_gini_restore_20260326_093515,results/batch_tradeoff_20260325_235335/scenario_runs/tradeoff_20260326_093425/single_gini_restore_20260326_093515/best,"[13, 10, 31, 2, 1, 33, 25, 24, 5, 20, 32, 3, 28, 27, (19, 17), (12, 13), (9, 5), (12, 3)]","[13, 10, 31, 2, 1, 33, 25, 24, 5, 20, 32, 3, 28, 27]","[(19, 17), (12, 13), (9, 5), (12, 3)]",scenario_094,20260418,14,4,0.30288480785834215,0.6971151921416578,results/batch_tradeoff_20260325_235335/scenario_runs/tradeoff_20260326_093425
optimized,single_maximin_time_avg_cri,,single,Single objective: maximize minimum time-avg CRI,Equity via maximin: improve the worst-served zone by maximizing the minimum time-averaged CRI.,equity:maximin_time_avg_cri_loss,0.5323700821838147,1345.7122293035475,356292.0584899835,0.2848229111262499,1592.4648630000002,0.46762991781618535,1549.3818150000002,0.25,1.0,0.374111476575585,0.133,0.867,0.9,0.9,1,1,results/batch_tradeoff_20260325_235335/scenario_runs/tradeoff_20260326_093425/single_maximin_time_avg_cri_20260326_093606,results/batch_tradeoff_20260325_235335/scenario_runs/tradeoff_20260326_093425/single_maximin_time_avg_cri_20260326_093606/best,"[13, 1, 31, 2, 3, 33, 25, 5, 24, 28, 27, 10, 20, 32, (12, 3), (9, 5), (19, 17), (12, 13)]","[13, 1, 31, 2, 3, 33, 25, 5, 24, 28, 27, 10, 20, 32]","[(12, 3), (9, 5), (19, 17), (12, 13)]",scenario_094,20260418,14,4,0.30288480785834215,0.6971151921416578,results/batch_tradeoff_20260325_235335/scenario_runs/tradeoff_20260326_093425
optimized,single_p90_access_restore,,single,Single objective: p90_access_restore,Critical-access objective that shortens the time by which 90% of zones regain access.,critical_access:p90_access_restore,1215.721082,1414.8200559448615,230691.10303392587,0.23015815786406857,1246.0158794,0.23020721088841328,1215.721082,0.25,1.0,0.3342890618410193,0.133,0.867,0.9,0.9,1,1,results/batch_tradeoff_20260325_235335/scenario_runs/tradeoff_20260326_093425/single_p90_access_restore_20260326_093705,results/batch_tradeoff_20260325_235335/scenario_runs/tradeoff_20260326_093425/single_p90_access_restore_20260326_093705/best,"[27, 1, 2, 13, 31, 24, 33, 5, 25, 10, 3, 28, 32, 20, (12, 3), (19, 17), (12, 13), (9, 5)]","[27, 1, 2, 13, 31, 24, 33, 5, 25, 10, 3, 28, 32, 20]","[(12, 3), (19, 17), (12, 13), (9, 5)]",scenario_094,20260418,14,4,0.30288480785834215,0.6971151921416578,results/batch_tradeoff_20260325_235335/scenario_runs/tradeoff_20260326_093425
optimized,weighted_gini_restore_l050,,weighted_sum,Weighted sum: triangle + 0.5 * equity:gini_restore,Weighted trade-off objective. triangle + 0.5 * equity:gini_restore.,weighted_sum,1.3965867469538495,3038.1062342508353,891781.5359320155,0.18871196988648364,2686.399194,0.23410825048824702,2686.399194,0.25,1.0,0.27542043273111555,0.133,0.867,0.9,0.9,1,0,results/batch_tradeoff_20260325_235335/scenario_runs/tradeoff_20260326_093425/weighted_gini_restore_l050_20260326_093755,results/batch_tradeoff_20260325_235335/scenario_runs/tradeoff_20260326_093425/weighted_gini_restore_l050_20260326_093755/best,"[13, 28, 24, 31, 1, 5, 25, 20, 33, 3, 32, 10, 2, 27, (12, 13), (19, 17), (9, 5), (12, 3)]","[13, 28, 24, 31, 1, 5, 25, 20, 33, 3, 32, 10, 2, 27]","[(12, 13), (19, 17), (9, 5), (12, 3)]",scenario_094,20260418,14,4,0.30288480785834215,0.6971151921416578,results/batch_tradeoff_20260325_235335/scenario_runs/tradeoff_20260326_093425
optimized,guardrail_gini_restore,,guardrail,Guardrail on equity:gini_restore,Triangle minimization with a fairness guardrail. Guardrail on equity:gini_restore.,guardrail,2146.0202888968533,2146.0202888968533,555245.2799090199,0.2357113969591198,2027.3417190000005,0.3320009401754364,2027.3417190000005,0.25,1.0,0.2768493433370717,0.133,0.867,0.9,0.9,1,0,results/batch_tradeoff_20260325_235335/scenario_runs/tradeoff_20260326_093425/guardrail_gini_restore_20260326_093849,results/batch_tradeoff_20260325_235335/scenario_runs/tradeoff_20260326_093425/guardrail_gini_restore_20260326_093849/best,"[13, 2, 32, 3, 1, 31, 25, 5, 33, 20, 27, 28, 24, 10, (9, 5), (19, 17), (12, 3), (12, 13)]","[13, 2, 32, 3, 1, 31, 25, 5, 33, 20, 27, 28, 24, 10]","[(9, 5), (19, 17), (12, 3), (12, 13)]",scenario_094,20260418,14,4,0.30288480785834215,0.6971151921416578,results/batch_tradeoff_20260325_235335/scenario_runs/tradeoff_20260326_093425
optimized,weighted_maximin_time_avg_cri_l050,,weighted_sum,Weighted sum: triangle + 0.5 * equity:maximin_time_avg_cri_loss,Weighted trade-off objective. triangle + 0.5 * equity:maximin_time_avg_cri_loss.,weighted_sum,1.2317334942608857,2165.0370238387436,553461.1196374557,0.23275820442956263,2158.593804,0.360112083925752,2144.593804,0.25,1.0,0.3073766359861575,0.133,0.867,0.9,0.9,1,0,results/batch_tradeoff_20260325_235335/scenario_runs/tradeoff_20260326_093425/weighted_maximin_time_avg_cri_l050_20260326_093939,results/batch_tradeoff_20260325_235335/scenario_runs/tradeoff_20260326_093425/weighted_maximin_time_avg_cri_l050_20260326_093939/best,"[13, 3, 31, 2, 1, 25, 33, 24, 5, 20, 27, 10, 28, 32, (9, 5), (19, 17), (12, 3), (12, 13)]","[13, 3, 31, 2, 1, 25, 33, 24, 5, 20, 27, 10, 28, 32]","[(9, 5), (19, 17), (12, 3), (12, 13)]",scenario_094,20260418,14,4,0.30288480785834215,0.6971151921416578,results/batch_tradeoff_20260325_235335/scenario_runs/tradeoff_20260326_093425
optimized,baseline_reference,,baseline,Baseline sequence,Baseline repair sequence used as the reference point.,triangle,1314.682411213037,1314.682411213037,251759.73495889522,0.24106948322071187,1399.7734639999999,0.4573433643873158,1399.7734639999999,0.16666666666666666,1.0,0.30943415950720815,0.133,0.867,0.9,0.9,1,0,,results/batch_tradeoff_20260325_235335/scenario_runs/tradeoff_20260326_094035/reference,"[25, 7, 33, 4, 19, 15, 5, 32, 10, 31, 14, 24, 22, 17, 13, (12, 13), (10, 17), (4, 5), (8, 7), (7, 18), (22, 20), (6, 5), (8, 16)]","[25, 7, 33, 4, 19, 15, 5, 32, 10, 31, 14, 24, 22, 17, 13]","[(12, 13), (10, 17), (4, 5), (8, 7), (7, 18), (22, 20), (6, 5), (8, 16)]",scenario_095,20260419,15,8,0.32899947170989774,0.6710005282901023,results/batch_tradeoff_20260325_235335/scenario_runs/tradeoff_20260326_094035
optimized,single_triangle,,single,Single objective: triangle,Pure efficiency objective that minimizes resilience-triangle loss.,triangle,876.5586101432136,876.5586101432136,125830.90879046044,0.21808489059162794,1064.074722,0.4687218626536016,1064.074722,0.16666666666666666,1.0,0.3162389914537098,0.133,0.867,0.9,0.9,1,0,results/batch_tradeoff_20260325_235335/scenario_runs/tradeoff_20260326_094035/single_triangle_20260326_094036,results/batch_tradeoff_20260325_235335/scenario_runs/tradeoff_20260326_094035/single_triangle_20260326_094036/best,"[24, 25, 33, 4, 17, 5, 32, 14, 15, 31, 10, 7, 22, 19, 13, (4, 5), (12, 13), (10, 17), (22, 20), (8, 7), (7, 18), (8, 16), (6, 5)]","[24, 25, 33, 4, 17, 5, 32, 14, 15, 31, 10, 7, 22, 19, 13]","[(4, 5), (12, 13), (10, 17), (22, 20), (8, 7), (7, 18), (8, 16), (6, 5)]",scenario_095,20260419,15,8,0.32899947170989774,0.6710005282901023,results/batch_tradeoff_20260325_235335/scenario_runs/tradeoff_20260326_094035
optimized,single_gini_restore,,single,Single objective: gini_restore,Equity objective that reduces restoration-time inequality using Gini.,equity:gini_restore,0.15488643171127303,1234.9210301814699,149874.19269110108,0.15488643171127303,1326.562252,0.390028775720605,1326.562252,0.16666666666666666,1.0,0.3040056537555289,0.133,0.867,0.9,0.9,1,0,results/batch_tradeoff_20260325_235335/scenario_runs/tradeoff_20260326_094035/single_gini_restore_20260326_094141,results/batch_tradeoff_20260325_235335/scenario_runs/tradeoff_20260326_094035/single_gini_restore_20260326_094141/best,"[25, 24, 10, 4, 19, 15, 5, 32, 33, 31, 14, 7, 22, 17, 13, (6, 5), (10, 17), (12, 13), (8, 7), (22, 20), (7, 18), (4, 5), (8, 16)]","[25, 24, 10, 4, 19, 15, 5, 32, 33, 31, 14, 7, 22, 17, 13]","[(6, 5), (10, 17), (12, 13), (8, 7), (22, 20), (7, 18), (4, 5), (8, 16)]",scenario_095,20260419,15,8,0.32899947170989774,0.6710005282901023,results/batch_tradeoff_20260325_235335/scenario_runs/tradeoff_20260326_094035
optimized,single_maximin_time_avg_cri,,single,Single objective: maximize minimum time-avg CRI,Equity via maximin: improve the worst-served zone by maximizing the minimum time-averaged CRI.,equity:maximin_time_avg_cri_loss,0.5426566356126842,1314.682411213037,251759.73495889522,0.24106948322071187,1399.7734639999999,0.4573433643873158,1399.7734639999999,0.16666666666666666,1.0,0.30943415950720815,0.133,0.867,0.9,0.9,1,0,results/batch_tradeoff_20260325_235335/scenario_runs/tradeoff_20260326_094035/single_maximin_time_avg_cri_20260326_094247,results/batch_tradeoff_20260325_235335/scenario_runs/tradeoff_20260326_094035/single_maximin_time_avg_cri_20260326_094247/best,"[25, 7, 33, 4, 19, 15, 5, 32, 10, 31, 14, 24, 22, 17, 13, (12, 13), (10, 17), (4, 5), (8, 7), (7, 18), (22, 20), (6, 5), (8, 16)]","[25, 7, 33, 4, 19, 15, 5, 32, 10, 31, 14, 24, 22, 17, 13]","[(12, 13), (10, 17), (4, 5), (8, 7), (7, 18), (22, 20), (6, 5), (8, 16)]",scenario_095,20260419,15,8,0.32899947170989774,0.6710005282901023,results/batch_tradeoff_20260325_235335/scenario_runs/tradeoff_20260326_094035
optimized,single_p90_access_restore,,single,Single objective: p90_access_restore,Critical-access objective that shortens the time by which 90% of zones regain access.,critical_access:p90_access_restore,1257.5228849999999,1309.6818922021291,165125.0128459435,0.1827737614763152,1257.5228849999999,0.34758220380369376,1257.5228849999999,0.16666666666666666,1.0,0.3178756951939421,0.133,0.867,0.9,0.9,1,0,results/batch_tradeoff_20260325_235335/scenario_runs/tradeoff_20260326_094035/single_p90_access_restore_20260326_094350,results/batch_tradeoff_20260325_235335/scenario_runs/tradeoff_20260326_094035/single_p90_access_restore_20260326_094350/best,"[15, 19, 14, 4, 10, 31, 32, 33, 24, 25, 5, 7, 22, 13, 17, (12, 13), (8, 7), (4, 5), (7, 18), (10, 17), (8, 16), (22, 20), (6, 5)]","[15, 19, 14, 4, 10, 31, 32, 33, 24, 25, 5, 7, 22, 13, 17]","[(12, 13), (8, 7), (4, 5), (7, 18), (10, 17), (8, 16), (22, 20), (6, 5)]",scenario_095,20260419,15,8,0.32899947170989774,0.6710005282901023,results/batch_tradeoff_20260325_235335/scenario_runs/tradeoff_20260326_094035
optimized,weighted_gini_restore_l050,,weighted_sum,Weighted sum: triangle + 0.5 * equity:gini_restore,Weighted trade-off objective. triangle + 0.5 * equity:gini_restore.,weighted_sum,1.200234471883891,1174.0599146607956,117908.90254558776,0.14811191625634912,1126.044623,0.30736309705056103,1126.044623,0.16666666666666666,1.0,0.2478391348128661,0.133,0.867,0.9,0.9,1,1,results/batch_tradeoff_20260325_235335/scenario_runs/tradeoff_20260326_094035/weighted_gini_restore_l050_20260326_094456,results/batch_tradeoff_20260325_235335/scenario_runs/tradeoff_20260326_094035/weighted_gini_restore_l050_20260326_094456/best,"[24, 31, 19, 17, 32, 4, 33, 10, 14, 15, 25, 13, 5, 22, 7, (8, 7), (10, 17), (4, 5), (22, 20), (12, 13), (6, 5), (7, 18), (8, 16)]","[24, 31, 19, 17, 32, 4, 33, 10, 14, 15, 25, 13, 5, 22, 7]","[(8, 7), (10, 17), (4, 5), (22, 20), (12, 13), (6, 5), (7, 18), (8, 16)]",scenario_095,20260419,15,8,0.32899947170989774,0.6710005282901023,results/batch_tradeoff_20260325_235335/scenario_runs/tradeoff_20260326_094035
optimized,guardrail_gini_restore,,guardrail,Guardrail on equity:gini_restore,Triangle minimization with a fairness guardrail. Guardrail on equity:gini_restore.,guardrail,857.6126135878003,857.6126135878003,118700.54250408108,0.21049004727890153,1058.084871,0.47744180826520705,1058.084871,0.16666666666666666,1.0,0.3131985259794281,0.133,0.867,0.9,0.9,1,1,results/batch_tradeoff_20260325_235335/scenario_runs/tradeoff_20260326_094035/guardrail_gini_restore_20260326_094604,results/batch_tradeoff_20260325_235335/scenario_runs/tradeoff_20260326_094035/guardrail_gini_restore_20260326_094604/best,"[24, 25, 10, 4, 17, 32, 5, 33, 15, 31, 14, 7, 22, 19, 13, (4, 5), (10, 17), (8, 16), (22, 20), (8, 7), (7, 18), (6, 5), (12, 13)]","[24, 25, 10, 4, 17, 32, 5, 33, 15, 31, 14, 7, 22, 19, 13]","[(4, 5), (10, 17), (8, 16), (22, 20), (8, 7), (7, 18), (6, 5), (12, 13)]",scenario_095,20260419,15,8,0.32899947170989774,0.6710005282901023,results/batch_tradeoff_20260325_235335/scenario_runs/tradeoff_20260326_094035
optimized,weighted_maximin_time_avg_cri_l050,,weighted_sum,Weighted sum: triangle + 0.5 * equity:maximin_time_avg_cri_loss,Weighted trade-off objective. triangle + 0.5 * equity:maximin_time_avg_cri_loss.,weighted_sum,1.352331442205949,1198.3585114365478,221896.66169766584,0.24017210655309618,1447.520189,0.5215808312130451,1402.265861,0.16666666666666666,1.0,0.3796153314250366,0.133,0.867,0.9,0.9,1,0,results/batch_tradeoff_20260325_235335/scenario_runs/tradeoff_20260326_094035/weighted_maximin_time_avg_cri_l050_20260326_094709,results/batch_tradeoff_20260325_235335/scenario_runs/tradeoff_20260326_094035/weighted_maximin_time_avg_cri_l050_20260326_094709/best,"[24, 13, 10, 5, 4, 15, 14, 7, 33, 32, 25, 19, 17, 31, 22, (12, 13), (6, 5), (4, 5), (8, 16), (22, 20), (10, 17), (8, 7), (7, 18)]","[24, 13, 10, 5, 4, 15, 14, 7, 33, 32, 25, 19, 17, 31, 22]","[(12, 13), (6, 5), (4, 5), (8, 16), (22, 20), (10, 17), (8, 7), (7, 18)]",scenario_095,20260419,15,8,0.32899947170989774,0.6710005282901023,results/batch_tradeoff_20260325_235335/scenario_runs/tradeoff_20260326_094035
optimized,baseline_reference,,baseline,Baseline sequence,Baseline repair sequence used as the reference point.,triangle,9701.541749476632,9701.541749476632,5350531.631092417,0.15827453090355537,10181.551899,0.3936790525326247,10181.551899,0.125,1.0,0.33785432244111274,0.133,0.867,0.9,0.9,1,0,,results/batch_tradeoff_20260325_235335/scenario_runs/tradeoff_20260326_094816/reference,"[22, 32, 6, 3, 8, 11, 7, 2, 20, 18, 17, 33, (15, 19), (4, 3), (7, 8), (8, 9), (24, 13), (18, 16), (20, 19), (9, 5), (11, 14), (11, 4), (3, 1), (14, 11), (15, 22)]","[22, 32, 6, 3, 8, 11, 7, 2, 20, 18, 17, 33]","[(15, 19), (4, 3), (7, 8), (8, 9), (24, 13), (18, 16), (20, 19), (9, 5), (11, 14), (11, 4), (3, 1), (14, 11), (15, 22)]",scenario_096,20260420,12,13,0.21066076344953824,0.7893392365504618,results/batch_tradeoff_20260325_235335/scenario_runs/tradeoff_20260326_094816
optimized,single_triangle,,single,Single objective: triangle,Pure efficiency objective that minimizes resilience-triangle loss.,triangle,5821.3350039635825,5821.3350039635825,6838662.5876033595,0.27192714742374346,7414.636676000001,0.48532255771854366,7414.636676000001,0.125,1.0,0.3786082425885993,0.133,0.867,0.9,0.9,1,0,results/batch_tradeoff_20260325_235335/scenario_runs/tradeoff_20260326_094816/single_triangle_20260326_094817,results/batch_tradeoff_20260325_235335/scenario_runs/tradeoff_20260326_094816/single_triangle_20260326_094817/best,"[2, 8, 6, 3, 32, 7, 11, 17, 22, 18, 20, 33, (9, 5), (4, 3), (3, 1), (8, 9), (20, 19), (7, 8), (24, 13), (11, 14), (15, 19), (11, 4), (15, 22), (14, 11), (18, 16)]","[2, 8, 6, 3, 32, 7, 11, 17, 22, 18, 20, 33]","[(9, 5), (4, 3), (3, 1), (8, 9), (20, 19), (7, 8), (24, 13), (11, 14), (15, 19), (11, 4), (15, 22), (14, 11), (18, 16)]",scenario_096,20260420,12,13,0.21066076344953824,0.7893392365504618,results/batch_tradeoff_20260325_235335/scenario_runs/tradeoff_20260326_094816
optimized,single_gini_restore,,single,Single objective: gini_restore,Equity objective that reduces restoration-time inequality using Gini.,equity:gini_restore,0.07515552626046684,12874.97022074099,5076235.509130452,0.07515552626046684,11114.168951,0.29642108815728746,11114.168951,0.125,1.0,0.1810141167619482,0.133,0.867,0.9,0.9,1,1,results/batch_tradeoff_20260325_235335/scenario_runs/tradeoff_20260326_094816/single_gini_restore_20260326_094927,results/batch_tradeoff_20260325_235335/scenario_runs/tradeoff_20260326_094816/single_gini_restore_20260326_094927/best,"[22, 11, 6, 3, 32, 7, 20, 18, 2, 8, 17, 33, (15, 19), (7, 8), (4, 3), (11, 14), (9, 5), (18, 16), (24, 13), (14, 11), (15, 22), (8, 9), (3, 1), (11, 4), (20, 19)]","[22, 11, 6, 3, 32, 7, 20, 18, 2, 8, 17, 33]","[(15, 19), (7, 8), (4, 3), (11, 14), (9, 5), (18, 16), (24, 13), (14, 11), (15, 22), (8, 9), (3, 1), (11, 4), (20, 19)]",scenario_096,20260420,12,13,0.21066076344953824,0.7893392365504618,results/batch_tradeoff_20260325_235335/scenario_runs/tradeoff_20260326_094816
optimized,single_maximin_time_avg_cri,,single,Single objective: maximize minimum time-avg CRI,Equity via maximin: improve the worst-served zone by maximizing the minimum time-averaged CRI.,equity:maximin_time_avg_cri_loss,0.5330663632364756,10025.548361091936,4364662.91711294,0.12383505444642462,9500.901741,0.46693363676352445,9500.901741,0.125,1.0,0.3437761208296436,0.133,0.867,0.9,0.9,1,0,results/batch_tradeoff_20260325_235335/scenario_runs/tradeoff_20260326_094816/single_maximin_time_avg_cri_20260326_095038,results/batch_tradeoff_20260325_235335/scenario_runs/tradeoff_20260326_094816/single_maximin_time_avg_cri_20260326_095038/best,"[22, 32, 6, 3, 20, 11, 7, 2, 8, 18, 17, 33, (15, 19), (4, 3), (7, 8), (8, 9), (15, 22), (11, 4), (24, 13), (9, 5), (11, 14), (18, 16), (3, 1), (14, 11), (20, 19)]","[22, 32, 6, 3, 20, 11, 7, 2, 8, 18, 17, 33]","[(15, 19), (4, 3), (7, 8), (8, 9), (15, 22), (11, 4), (24, 13), (9, 5), (11, 14), (18, 16), (3, 1), (14, 11), (20, 19)]",scenario_096,20260420,12,13,0.21066076344953824,0.7893392365504618,results/batch_tradeoff_20260325_235335/scenario_runs/tradeoff_20260326_094816
optimized,single_p90_access_restore,,single,Single objective: p90_access_restore,Critical-access objective that shortens the time by which 90% of zones regain access.,critical_access:p90_access_restore,7093.1275424999985,8323.308143679653,3289123.1822924013,0.10555105635606354,7103.529926999999,0.24171574958252465,7093.1275424999985,0.125,1.0,0.26797827281235487,0.133,0.867,0.9,0.9,1,1,results/batch_tradeoff_20260325_235335/scenario_runs/tradeoff_20260326_094816/single_p90_access_restore_20260326_095152,results/batch_tradeoff_20260325_235335/scenario_runs/tradeoff_20260326_094816/single_p90_access_restore_20260326_095152/best,"[22, 20, 18, 6, 33, 7, 11, 2, 8, 17, 3, 32, (3, 1), (4, 3), (7, 8), (15, 19), (11, 4), (24, 13), (15, 22), (11, 14), (8, 9), (9, 5), (18, 16), (14, 11), (20, 19)]","[22, 20, 18, 6, 33, 7, 11, 2, 8, 17, 3, 32]","[(3, 1), (4, 3), (7, 8), (15, 19), (11, 4), (24, 13), (15, 22), (11, 14), (8, 9), (9, 5), (18, 16), (14, 11), (20, 19)]",scenario_096,20260420,12,13,0.21066076344953824,0.7893392365504618,results/batch_tradeoff_20260325_235335/scenario_runs/tradeoff_20260326_094816
optimized,weighted_gini_restore_l050,,weighted_sum,Weighted sum: triangle + 0.5 * equity:gini_restore,Weighted trade-off objective. triangle + 0.5 * equity:gini_restore.,weighted_sum,1.3208363757204091,9414.504176283188,3696862.632197117,0.1109261274366764,8636.796666999999,0.4412764329680661,8636.796666999999,0.125,1.0,0.3312971403576221,0.133,0.867,0.9,0.9,1,0,results/batch_tradeoff_20260325_235335/scenario_runs/tradeoff_20260326_094816/weighted_gini_restore_l050_20260326_095303,results/batch_tradeoff_20260325_235335/scenario_runs/tradeoff_20260326_094816/weighted_gini_restore_l050_20260326_095303/best,"[22, 20, 6, 3, 32, 7, 11, 2, 8, 18, 17, 33, (15, 19), (7, 8), (4, 3), (11, 4), (15, 22), (18, 16), (24, 13), (14, 11), (9, 5), (8, 9), (3, 1), (11, 14), (20, 19)]","[22, 20, 6, 3, 32, 7, 11, 2, 8, 18, 17, 33]","[(15, 19), (7, 8), (4, 3), (11, 4), (15, 22), (18, 16), (24, 13), (14, 11), (9, 5), (8, 9), (3, 1), (11, 14), (20, 19)]",scenario_096,20260420,12,13,0.21066076344953824,0.7893392365504618,results/batch_tradeoff_20260325_235335/scenario_runs/tradeoff_20260326_094816
optimized,guardrail_gini_restore,,guardrail,Guardrail on equity:gini_restore,Triangle minimization with a fairness guardrail. Guardrail on equity:gini_restore.,guardrail,3901.5039776929166,3901.5039776929166,821698.0490589864,0.13894000985773558,3265.3083079999997,0.20302123348378812,3265.3083079999997,0.125,1.0,0.3130599267340812,0.133,0.867,0.9,0.9,1,1,results/batch_tradeoff_20260325_235335/scenario_runs/tradeoff_20260326_094816/guardrail_gini_restore_20260326_095414,results/batch_tradeoff_20260325_235335/scenario_runs/tradeoff_20260326_094816/guardrail_gini_restore_20260326_095414/best,"[11, 2, 6, 3, 32, 20, 7, 8, 18, 22, 17, 33, (3, 1), (11, 4), (4, 3), (14, 11), (24, 13), (11, 14), (9, 5), (15, 19), (8, 9), (15, 22), (20, 19), (18, 16), (7, 8)]","[11, 2, 6, 3, 32, 20, 7, 8, 18, 22, 17, 33]","[(3, 1), (11, 4), (4, 3), (14, 11), (24, 13), (11, 14), (9, 5), (15, 19), (8, 9), (15, 22), (20, 19), (18, 16), (7, 8)]",scenario_096,20260420,12,13,0.21066076344953824,0.7893392365504618,results/batch_tradeoff_20260325_235335/scenario_runs/tradeoff_20260326_094816
optimized,weighted_maximin_time_avg_cri_l050,,weighted_sum,Weighted sum: triangle + 0.5 * equity:maximin_time_avg_cri_loss,Weighted trade-off objective. triangle + 0.5 * equity:maximin_time_avg_cri_loss.,weighted_sum,0.9729346710623599,5900.209215737373,4199470.870875177,0.2003962570681248,6886.665053000001,0.5576738992042223,8838.485168000001,0.125,1.0,0.4857256136871351,0.133,0.867,0.9,0.9,1,0,results/batch_tradeoff_20260325_235335/scenario_runs/tradeoff_20260326_094816/weighted_maximin_time_avg_cri_l050_20260326_095524,results/batch_tradeoff_20260325_235335/scenario_runs/tradeoff_20260326_094816/weighted_maximin_time_avg_cri_l050_20260326_095524/best,"[11, 2, 22, 7, 32, 17, 33, 6, 18, 3, 8, 20, (11, 14), (15, 19), (9, 5), (20, 19), (18, 16), (24, 13), (11, 4), (8, 9), (4, 3), (14, 11), (15, 22), (3, 1), (7, 8)]","[11, 2, 22, 7, 32, 17, 33, 6, 18, 3, 8, 20]","[(11, 14), (15, 19), (9, 5), (20, 19), (18, 16), (24, 13), (11, 4), (8, 9), (4, 3), (14, 11), (15, 22), (3, 1), (7, 8)]",scenario_096,20260420,12,13,0.21066076344953824,0.7893392365504618,results/batch_tradeoff_20260325_235335/scenario_runs/tradeoff_20260326_094816
optimized,baseline_reference,,baseline,Baseline sequence,Baseline repair sequence used as the reference point.,triangle,40278.84824491507,40278.84824491507,67657059.81476967,0.09929761338715237,36019.37923400001,0.14410576568128836,36019.37923400001,0.08333333333333333,1.0,0.17273624276197877,0.133,0.867,0.9,0.9,1,0,,results/batch_tradeoff_20260325_235335/scenario_runs/tradeoff_20260326_095636/reference,"[16, 8, 9, 14, 33, 12, 19, 17, 6, 15, 1, 5, (14, 11), (10, 9), (20, 19), (14, 15), (13, 12), (21, 24), (8, 6), (22, 15), (10, 11), (20, 22), (4, 5), (2, 1)]","[16, 8, 9, 14, 33, 12, 19, 17, 6, 15, 1, 5]","[(14, 11), (10, 9), (20, 19), (14, 15), (13, 12), (21, 24), (8, 6), (22, 15), (10, 11), (20, 22), (4, 5), (2, 1)]",scenario_097,20260421,12,12,0.2348409134109246,0.7651590865890755,results/batch_tradeoff_20260325_235335/scenario_runs/tradeoff_20260326_095636
optimized,single_triangle,,single,Single objective: triangle,Pure efficiency objective that minimizes resilience-triangle loss.,triangle,13758.684043366053,13758.684043366053,18232853.36738217,0.16937151572121123,14918.257664,0.5300677185799061,19457.972554199994,0.08333333333333333,1.0,0.563792228990379,0.133,0.867,0.9,0.9,1,1,results/batch_tradeoff_20260325_235335/scenario_runs/tradeoff_20260326_095636/single_triangle_20260326_095637,results/batch_tradeoff_20260325_235335/scenario_runs/tradeoff_20260326_095636/single_triangle_20260326_095637/best,"[15, 16, 1, 9, 33, 12, 14, 8, 17, 19, 6, 5, (8, 6), (10, 9), (10, 11), (22, 15), (14, 15), (20, 19), (4, 5), (13, 12), (21, 24), (20, 22), (14, 11), (2, 1)]","[15, 16, 1, 9, 33, 12, 14, 8, 17, 19, 6, 5]","[(8, 6), (10, 9), (10, 11), (22, 15), (14, 15), (20, 19), (4, 5), (13, 12), (21, 24), (20, 22), (14, 11), (2, 1)]",scenario_097,20260421,12,12,0.2348409134109246,0.7651590865890755,results/batch_tradeoff_20260325_235335/scenario_runs/tradeoff_20260326_095636
optimized,single_gini_restore,,single,Single objective: gini_restore,Equity objective that reduces restoration-time inequality using Gini.,equity:gini_restore,0.058451688485731346,43261.83179247729,52441823.84850555,0.058451688485731346,36072.197593000004,0.06961813650246755,36072.197593000004,0.08333333333333333,1.0,0.10284984244611008,0.133,0.867,0.9,0.9,1,1,results/batch_tradeoff_20260325_235335/scenario_runs/tradeoff_20260326_095636/single_gini_restore_20260326_095754,results/batch_tradeoff_20260325_235335/scenario_runs/tradeoff_20260326_095636/single_gini_restore_20260326_095754/best,"[16, 8, 33, 14, 9, 19, 12, 17, 6, 15, 1, 5, (8, 6), (2, 1), (20, 19), (20, 22), (14, 11), (21, 24), (13, 12), (14, 15), (22, 15), (10, 11), (4, 5), (10, 9)]","[16, 8, 33, 14, 9, 19, 12, 17, 6, 15, 1, 5]","[(8, 6), (2, 1), (20, 19), (20, 22), (14, 11), (21, 24), (13, 12), (14, 15), (22, 15), (10, 11), (4, 5), (10, 9)]",scenario_097,20260421,12,12,0.2348409134109246,0.7651590865890755,results/batch_tradeoff_20260325_235335/scenario_runs/tradeoff_20260326_095636
optimized,single_maximin_time_avg_cri,,single,Single objective: maximize minimum time-avg CRI,Equity via maximin: improve the worst-served zone by maximizing the minimum time-averaged CRI.,equity:maximin_time_avg_cri_loss,0.5810718823814922,29940.641648805085,59318324.81613315,0.14971864467516682,32692.3514,0.41892811761850773,32692.3514,0.08333333333333333,1.0,0.3929859145346234,0.133,0.867,0.9,0.9,1,0,results/batch_tradeoff_20260325_235335/scenario_runs/tradeoff_20260326_095636/single_maximin_time_avg_cri_20260326_095917,results/batch_tradeoff_20260325_235335/scenario_runs/tradeoff_20260326_095636/single_maximin_time_avg_cri_20260326_095917/best,"[16, 12, 9, 6, 8, 19, 33, 17, 14, 15, 1, 5, (8, 6), (4, 5), (10, 9), (2, 1), (20, 19), (20, 22), (14, 11), (14, 15), (10, 11), (21, 24), (22, 15), (13, 12)]","[16, 12, 9, 6, 8, 19, 33, 17, 14, 15, 1, 5]","[(8, 6), (4, 5), (10, 9), (2, 1), (20, 19), (20, 22), (14, 11), (14, 15), (10, 11), (21, 24), (22, 15), (13, 12)]",scenario_097,20260421,12,12,0.2348409134109246,0.7651590865890755,results/batch_tradeoff_20260325_235335/scenario_runs/tradeoff_20260326_095636
optimized,single_p90_access_restore,,single,Single objective: p90_access_restore,Critical-access objective that shortens the time by which 90% of zones regain access.,critical_access:p90_access_restore,14802.904032,14744.79314497801,15196395.162462704,0.12934508759076868,14802.904032,0.26145657141545803,14802.904032,0.08333333333333333,1.0,0.20215181075490918,0.133,0.867,0.9,0.9,1,1,results/batch_tradeoff_20260325_235335/scenario_runs/tradeoff_20260326_095636/single_p90_access_restore_20260326_100041,results/batch_tradeoff_20260325_235335/scenario_runs/tradeoff_20260326_095636/single_p90_access_restore_20260326_100041/best,"[16, 1, 8, 5, 9, 6, 19, 17, 33, 15, 12, 14, (21, 24), (22, 15), (14, 15), (10, 9), (10, 11), (20, 22), (20, 19), (8, 6), (4, 5), (2, 1), (14, 11), (13, 12)]","[16, 1, 8, 5, 9, 6, 19, 17, 33, 15, 12, 14]","[(21, 24), (22, 15), (14, 15), (10, 9), (10, 11), (20, 22), (20, 19), (8, 6), (4, 5), (2, 1), (14, 11), (13, 12)]",scenario_097,20260421,12,12,0.2348409134109246,0.7651590865890755,results/batch_tradeoff_20260325_235335/scenario_runs/tradeoff_20260326_095636
optimized,weighted_gini_restore_l050,,weighted_sum,Weighted sum: triangle + 0.5 * equity:gini_restore,Weighted trade-off objective. triangle + 0.5 * equity:gini_restore.,weighted_sum,1.1804795454410377,27528.47648954321,32028109.457191776,0.09870819989567181,24911.680790000002,0.3253826695755804,24911.680790000002,0.08333333333333333,1.0,0.339670193313184,0.133,0.867,0.9,0.9,1,1,results/batch_tradeoff_20260325_235335/scenario_runs/tradeoff_20260326_095636/weighted_gini_restore_l050_20260326_100157,results/batch_tradeoff_20260325_235335/scenario_runs/tradeoff_20260326_095636/weighted_gini_restore_l050_20260326_100157/best,"[16, 1, 17, 6, 8, 19, 33, 15, 9, 14, 12, 5, (8, 6), (10, 9), (20, 19), (20, 22), (14, 11), (14, 15), (13, 12), (10, 11), (22, 15), (4, 5), (21, 24), (2, 1)]","[16, 1, 17, 6, 8, 19, 33, 15, 9, 14, 12, 5]","[(8, 6), (10, 9), (20, 19), (20, 22), (14, 11), (14, 15), (13, 12), (10, 11), (22, 15), (4, 5), (21, 24), (2, 1)]",scenario_097,20260421,12,12,0.2348409134109246,0.7651590865890755,results/batch_tradeoff_20260325_235335/scenario_runs/tradeoff_20260326_095636
optimized,guardrail_gini_restore,,guardrail,Guardrail on equity:gini_restore,Triangle minimization with a fairness guardrail. Guardrail on equity:gini_restore.,guardrail,37060.801355497286,37060.801355497286,78719223.59492405,0.09142128441137709,34439.795003,0.2529823001280624,34439.795003,0.08333333333333333,1.0,0.26274403923201267,0.133,0.867,0.9,0.9,1,1,results/batch_tradeoff_20260325_235335/scenario_runs/tradeoff_20260326_095636/guardrail_gini_restore_20260326_100313,results/batch_tradeoff_20260325_235335/scenario_runs/tradeoff_20260326_095636/guardrail_gini_restore_20260326_100313/best,"[9, 33, 1, 16, 8, 12, 19, 17, 5, 14, 15, 6, (20, 22), (20, 19), (10, 11), (14, 15), (13, 12), (10, 9), (21, 24), (22, 15), (14, 11), (8, 6), (4, 5), (2, 1)]","[9, 33, 1, 16, 8, 12, 19, 17, 5, 14, 15, 6]","[(20, 22), (20, 19), (10, 11), (14, 15), (13, 12), (10, 9), (21, 24), (22, 15), (14, 11), (8, 6), (4, 5), (2, 1)]",scenario_097,20260421,12,12,0.2348409134109246,0.7651590865890755,results/batch_tradeoff_20260325_235335/scenario_runs/tradeoff_20260326_095636
optimized,weighted_maximin_time_avg_cri_l050,,weighted_sum,Weighted sum: triangle + 0.5 * equity:maximin_time_avg_cri_loss,Weighted trade-off objective. triangle + 0.5 * equity:maximin_time_avg_cri_loss.,weighted_sum,1.058602206203464,26062.042182392317,81337806.64580905,0.21529793071988057,25021.274325000002,0.2954932503638461,25021.274325000002,0.08333333333333333,1.0,0.36461886375512836,0.133,0.867,0.9,0.9,1,0,results/batch_tradeoff_20260325_235335/scenario_runs/tradeoff_20260326_095636/weighted_maximin_time_avg_cri_l050_20260326_100432,results/batch_tradeoff_20260325_235335/scenario_runs/tradeoff_20260326_095636/weighted_maximin_time_avg_cri_l050_20260326_100432/best,"[14, 9, 1, 15, 33, 19, 8, 17, 6, 12, 5, 16, (4, 5), (13, 12), (10, 9), (22, 15), (20, 22), (21, 24), (14, 15), (8, 6), (2, 1), (20, 19), (10, 11), (14, 11)]","[14, 9, 1, 15, 33, 19, 8, 17, 6, 12, 5, 16]","[(4, 5), (13, 12), (10, 9), (22, 15), (20, 22), (21, 24), (14, 15), (8, 6), (2, 1), (20, 19), (10, 11), (14, 11)]",scenario_097,20260421,12,12,0.2348409134109246,0.7651590865890755,results/batch_tradeoff_20260325_235335/scenario_runs/tradeoff_20260326_095636
optimized,baseline_reference,,baseline,Baseline sequence,Baseline repair sequence used as the reference point.,triangle,1273.470301831106,1273.470301831106,461453.56725880667,0.5124855152274665,1868.4713645999998,0.5453432186907007,2002.8141870000002,0.2916666666666667,1.0,0.631574197889627,0.133,0.867,0.9,0.9,1,0,,results/batch_tradeoff_20260325_235335/scenario_runs/tradeoff_20260326_100551/reference,"[15, 8, 30, 22, 12, 19, 27, 21, 24, (20, 19), (19, 17), (11, 4), (16, 8), (14, 23), (13, 24), (14, 11), (8, 6), (22, 15), (17, 10), (16, 17), (2, 1)]","[15, 8, 30, 22, 12, 19, 27, 21, 24]","[(20, 19), (19, 17), (11, 4), (16, 8), (14, 23), (13, 24), (14, 11), (8, 6), (22, 15), (17, 10), (16, 17), (2, 1)]",scenario_098,20260422,9,12,0.30127661187239935,0.6987233881276006,results/batch_tradeoff_20260325_235335/scenario_runs/tradeoff_20260326_100551
optimized,single_triangle,,single,Single objective: triangle,Pure efficiency objective that minimizes resilience-triangle loss.,triangle,782.3568290771561,782.3568290771561,122523.15935130569,0.3911842843346296,859.0146849999999,0.6143621191472225,859.0146849999999,0.2916666666666667,1.0,0.6191847247071506,0.133,0.867,0.9,0.9,1,1,results/batch_tradeoff_20260325_235335/scenario_runs/tradeoff_20260326_100551/single_triangle_20260326_100551,results/batch_tradeoff_20260325_235335/scenario_runs/tradeoff_20260326_100551/single_triangle_20260326_100551/best,"[15, 27, 8, 24, 21, 19, 30, 22, 12, (14, 11), (17, 10), (16, 17), (16, 8), (14, 23), (13, 24), (20, 19), (22, 15), (8, 6), (11, 4), (19, 17), (2, 1)]","[15, 27, 8, 24, 21, 19, 30, 22, 12]","[(14, 11), (17, 10), (16, 17), (16, 8), (14, 23), (13, 24), (20, 19), (22, 15), (8, 6), (11, 4), (19, 17), (2, 1)]",scenario_098,20260422,9,12,0.30127661187239935,0.6987233881276006,results/batch_tradeoff_20260325_235335/scenario_runs/tradeoff_20260326_100551
optimized,single_gini_restore,,single,Single objective: gini_restore,Equity objective that reduces restoration-time inequality using Gini.,equity:gini_restore,0.3068146011208166,893.2831534838926,169875.15755357573,0.3068146011208166,1022.556206,0.5341158874644297,1037.790593,0.2916666666666667,1.0,0.5334759166467133,0.133,0.867,0.9,0.9,1,1,results/batch_tradeoff_20260325_235335/scenario_runs/tradeoff_20260326_100551/single_gini_restore_20260326_100652,results/batch_tradeoff_20260325_235335/scenario_runs/tradeoff_20260326_100551/single_gini_restore_20260326_100652/best,"[15, 30, 24, 21, 12, 19, 8, 22, 27, (13, 24), (14, 11), (19, 17), (17, 10), (14, 23), (22, 15), (20, 19), (11, 4), (16, 8), (8, 6), (16, 17), (2, 1)]","[15, 30, 24, 21, 12, 19, 8, 22, 27]","[(13, 24), (14, 11), (19, 17), (17, 10), (14, 23), (22, 15), (20, 19), (11, 4), (16, 8), (8, 6), (16, 17), (2, 1)]",scenario_098,20260422,9,12,0.30127661187239935,0.6987233881276006,results/batch_tradeoff_20260325_235335/scenario_runs/tradeoff_20260326_100551
optimized,single_maximin_time_avg_cri,,single,Single objective: maximize minimum time-avg CRI,Equity via maximin: improve the worst-served zone by maximizing the minimum time-averaged CRI.,equity:maximin_time_avg_cri_loss,0.33139226366096985,1412.8626138164427,342497.96213325363,0.4321121768109655,1546.11614,0.6686077363390301,1886.713612,0.2916666666666667,1.0,0.5973640336524398,0.133,0.867,0.9,0.9,1,0,results/batch_tradeoff_20260325_235335/scenario_runs/tradeoff_20260326_100551/single_maximin_time_avg_cri_20260326_100751,results/batch_tradeoff_20260325_235335/scenario_runs/tradeoff_20260326_100551/single_maximin_time_avg_cri_20260326_100751/best,"[24, 19, 8, 15, 27, 30, 21, 22, 12, (14, 23), (16, 17), (22, 15), (11, 4), (19, 17), (14, 11), (8, 6), (17, 10), (2, 1), (20, 19), (13, 24), (16, 8)]","[24, 19, 8, 15, 27, 30, 21, 22, 12]","[(14, 23), (16, 17), (22, 15), (11, 4), (19, 17), (14, 11), (8, 6), (17, 10), (2, 1), (20, 19), (13, 24), (16, 8)]",scenario_098,20260422,9,12,0.30127661187239935,0.6987233881276006,results/batch_tradeoff_20260325_235335/scenario_runs/tradeoff_20260326_100551
optimized,single_p90_access_restore,,single,Single objective: p90_access_restore,Critical-access objective that shortens the time by which 90% of zones regain access.,critical_access:p90_access_restore,691.638044,1069.601641727126,128201.7478221181,0.3653971433544232,691.638044,0.3413090371951725,691.638044,0.2916666666666667,1.0,0.6181384701091395,0.133,0.867,0.9,0.9,1,0,results/batch_tradeoff_20260325_235335/scenario_runs/tradeoff_20260326_100551/single_p90_access_restore_20260326_100846,results/batch_tradeoff_20260325_235335/scenario_runs/tradeoff_20260326_100551/single_p90_access_restore_20260326_100846/best,"[30, 12, 8, 24, 15, 21, 22, 27, 19, (14, 11), (2, 1), (11, 4), (22, 15), (8, 6), (13, 24), (20, 19), (14, 23), (17, 10), (19, 17), (16, 17), (16, 8)]","[30, 12, 8, 24, 15, 21, 22, 27, 19]","[(14, 11), (2, 1), (11, 4), (22, 15), (8, 6), (13, 24), (20, 19), (14, 23), (17, 10), (19, 17), (16, 17), (16, 8)]",scenario_098,20260422,9,12,0.30127661187239935,0.6987233881276006,results/batch_tradeoff_20260325_235335/scenario_runs/tradeoff_20260326_100551
optimized,weighted_gini_restore_l050,,weighted_sum,Weighted sum: triangle + 0.5 * equity:gini_restore,Weighted trade-off objective. triangle + 0.5 * equity:gini_restore.,weighted_sum,1.0525118542409564,891.7984477970257,136788.12953812076,0.3610172531278173,1059.073125,0.406918410667127,1059.073125,0.2916666666666667,1.0,0.5328062073898984,0.133,0.867,0.9,0.9,1,1,results/batch_tradeoff_20260325_235335/scenario_runs/tradeoff_20260326_100551/weighted_gini_restore_l050_20260326_100946,results/batch_tradeoff_20260325_235335/scenario_runs/tradeoff_20260326_100551/weighted_gini_restore_l050_20260326_100946/best,"[8, 22, 12, 19, 15, 24, 30, 21, 27, (2, 1), (14, 11), (22, 15), (8, 6), (11, 4), (13, 24), (20, 19), (17, 10), (19, 17), (16, 17), (16, 8), (14, 23)]","[8, 22, 12, 19, 15, 24, 30, 21, 27]","[(2, 1), (14, 11), (22, 15), (8, 6), (11, 4), (13, 24), (20, 19), (17, 10), (19, 17), (16, 17), (16, 8), (14, 23)]",scenario_098,20260422,9,12,0.30127661187239935,0.6987233881276006,results/batch_tradeoff_20260325_235335/scenario_runs/tradeoff_20260326_100551
optimized,guardrail_gini_restore,,guardrail,Guardrail on equity:gini_restore,Triangle minimization with a fairness guardrail. Guardrail on equity:gini_restore.,guardrail,837.1727868109472,837.1727868109472,160739.30203956153,0.3991055706088604,906.9060159999999,0.5972228905962883,906.9060159999999,0.2916666666666667,1.0,0.6148528791948328,0.133,0.867,0.9,0.9,1,0,results/batch_tradeoff_20260325_235335/scenario_runs/tradeoff_20260326_100551/guardrail_gini_restore_20260326_101042,results/batch_tradeoff_20260325_235335/scenario_runs/tradeoff_20260326_100551/guardrail_gini_restore_20260326_101042/best,"[15, 24, 27, 8, 21, 19, 22, 12, 30, (22, 15), (17, 10), (11, 4), (16, 8), (14, 23), (13, 24), (20, 19), (16, 17), (8, 6), (14, 11), (19, 17), (2, 1)]","[15, 24, 27, 8, 21, 19, 22, 12, 30]","[(22, 15), (17, 10), (11, 4), (16, 8), (14, 23), (13, 24), (20, 19), (16, 17), (8, 6), (14, 11), (19, 17), (2, 1)]",scenario_098,20260422,9,12,0.30127661187239935,0.6987233881276006,results/batch_tradeoff_20260325_235335/scenario_runs/tradeoff_20260326_100551
optimized,weighted_maximin_time_avg_cri_l050,,weighted_sum,Weighted sum: triangle + 0.5 * equity:maximin_time_avg_cri_loss,Weighted trade-off objective. triangle + 0.5 * equity:maximin_time_avg_cri_loss.,weighted_sum,1.2554042234664002,1042.7249593182546,126344.6234823683,0.3541455911042044,910.696796,0.6029951964246002,910.696796,0.2916666666666667,1.0,0.6157721379333257,0.133,0.867,0.9,0.9,1,0,results/batch_tradeoff_20260325_235335/scenario_runs/tradeoff_20260326_100551/weighted_maximin_time_avg_cri_l050_20260326_101142,results/batch_tradeoff_20260325_235335/scenario_runs/tradeoff_20260326_100551/weighted_maximin_time_avg_cri_l050_20260326_101142/best,"[22, 19, 30, 12, 15, 24, 8, 27, 21, (14, 11), (19, 17), (11, 4), (16, 8), (14, 23), (16, 17), (20, 19), (22, 15), (8, 6), (13, 24), (17, 10), (2, 1)]","[22, 19, 30, 12, 15, 24, 8, 27, 21]","[(14, 11), (19, 17), (11, 4), (16, 8), (14, 23), (16, 17), (20, 19), (22, 15), (8, 6), (13, 24), (17, 10), (2, 1)]",scenario_098,20260422,9,12,0.30127661187239935,0.6987233881276006,results/batch_tradeoff_20260325_235335/scenario_runs/tradeoff_20260326_100551
optimized,baseline_reference,,baseline,Baseline sequence,Baseline repair sequence used as the reference point.,triangle,6498.172309408389,6498.172309408389,2924396.4213488125,0.14869353819885656,5217.700777999999,0.10889205526710853,5217.700777999999,0.20833333333333334,1.0,0.2693255216086687,0.133,0.867,0.9,0.9,1,0,,results/batch_tradeoff_20260325_235335/scenario_runs/tradeoff_20260326_101243/reference,"[6, 8, 30, 25, 32, 4, 31, 13, 33, 7, 27, 10, 21, (4, 11), (21, 22), (2, 6), (7, 8), (1, 2), (15, 10), (15, 19), (14, 11), (16, 8), (16, 10), (6, 5), (5, 6), (23, 14)]","[6, 8, 30, 25, 32, 4, 31, 13, 33, 7, 27, 10, 21]","[(4, 11), (21, 22), (2, 6), (7, 8), (1, 2), (15, 10), (15, 19), (14, 11), (16, 8), (16, 10), (6, 5), (5, 6), (23, 14)]",scenario_099,20260423,13,13,0.2688702225790903,0.7311297774209097,results/batch_tradeoff_20260325_235335/scenario_runs/tradeoff_20260326_101243
optimized,single_triangle,,single,Single objective: triangle,Pure efficiency objective that minimizes resilience-triangle loss.,triangle,1937.862388220139,1937.862388220139,1502967.7591580758,0.35155862445079533,3620.2190389999996,0.5732600518974511,3620.2190389999996,0.20833333333333334,1.0,0.47304938740383956,0.133,0.867,0.9,0.9,1,1,results/batch_tradeoff_20260325_235335/scenario_runs/tradeoff_20260326_101243/single_triangle_20260326_101244,results/batch_tradeoff_20260325_235335/scenario_runs/tradeoff_20260326_101243/single_triangle_20260326_101244/best,"[25, 10, 21, 7, 8, 27, 4, 6, 33, 13, 32, 31, 30, (1, 2), (2, 6), (4, 11), (5, 6), (14, 11), (16, 10), (23, 14), (15, 10), (21, 22), (7, 8), (15, 19), (6, 5), (16, 8)]","[25, 10, 21, 7, 8, 27, 4, 6, 33, 13, 32, 31, 30]","[(1, 2), (2, 6), (4, 11), (5, 6), (14, 11), (16, 10), (23, 14), (15, 10), (21, 22), (7, 8), (15, 19), (6, 5), (16, 8)]",scenario_099,20260423,13,13,0.2688702225790903,0.7311297774209097,results/batch_tradeoff_20260325_235335/scenario_runs/tradeoff_20260326_101243
optimized,single_gini_restore,,single,Single objective: gini_restore,Equity objective that reduces restoration-time inequality using Gini.,equity:gini_restore,0.1457537552980943,6459.144939242509,2880709.6644733953,0.1457537552980943,5318.2622593,0.27401952006391433,5361.360037,0.20833333333333334,1.0,0.2725066501114849,0.133,0.867,0.9,0.9,1,0,results/batch_tradeoff_20260325_235335/scenario_runs/tradeoff_20260326_101243/single_gini_restore_20260326_101359,results/batch_tradeoff_20260325_235335/scenario_runs/tradeoff_20260326_101243/single_gini_restore_20260326_101359/best,"[6, 8, 30, 25, 32, 4, 31, 13, 33, 7, 27, 10, 21, (4, 11), (21, 22), (2, 6), (7, 8), (1, 2), (15, 10), (23, 14), (14, 11), (16, 8), (16, 10), (6, 5), (5, 6), (15, 19)]","[6, 8, 30, 25, 32, 4, 31, 13, 33, 7, 27, 10, 21]","[(4, 11), (21, 22), (2, 6), (7, 8), (1, 2), (15, 10), (23, 14), (14, 11), (16, 8), (16, 10), (6, 5), (5, 6), (15, 19)]",scenario_099,20260423,13,13,0.2688702225790903,0.7311297774209097,results/batch_tradeoff_20260325_235335/scenario_runs/tradeoff_20260326_101243
optimized,single_maximin_time_avg_cri,,single,Single objective: maximize minimum time-avg CRI,Equity via maximin: improve the worst-served zone by maximizing the minimum time-averaged CRI.,equity:maximin_time_avg_cri_loss,0.5215635608008183,4389.891509505222,2049956.2776014667,0.2346837882758881,4374.14401,0.47843643919918166,4374.14401,0.20833333333333334,1.0,0.4354660879687356,0.133,0.867,0.9,0.9,1,0,results/batch_tradeoff_20260325_235335/scenario_runs/tradeoff_20260326_101243/single_maximin_time_avg_cri_20260326_101514,results/batch_tradeoff_20260325_235335/scenario_runs/tradeoff_20260326_101243/single_maximin_time_avg_cri_20260326_101514/best,"[4, 32, 30, 33, 27, 7, 8, 10, 31, 21, 6, 13, 25, (16, 8), (4, 11), (6, 5), (14, 11), (23, 14), (16, 10), (2, 6), (21, 22), (15, 10), (5, 6), (7, 8), (1, 2), (15, 19)]","[4, 32, 30, 33, 27, 7, 8, 10, 31, 21, 6, 13, 25]","[(16, 8), (4, 11), (6, 5), (14, 11), (23, 14), (16, 10), (2, 6), (21, 22), (15, 10), (5, 6), (7, 8), (1, 2), (15, 19)]",scenario_099,20260423,13,13,0.2688702225790903,0.7311297774209097,results/batch_tradeoff_20260325_235335/scenario_runs/tradeoff_20260326_101243
optimized,single_p90_access_restore,,single,Single objective: p90_access_restore,Critical-access objective that shortens the time by which 90% of zones regain access.,critical_access:p90_access_restore,3138.290199000001,3451.963719781407,1243172.5518499885,0.2871121582621907,3138.290199000001,0.4331019148995575,3138.290199000001,0.20833333333333334,1.0,0.45923220651136726,0.133,0.867,0.9,0.9,1,1,results/batch_tradeoff_20260325_235335/scenario_runs/tradeoff_20260326_101243/single_p90_access_restore_20260326_101630,results/batch_tradeoff_20260325_235335/scenario_runs/tradeoff_20260326_101243/single_p90_access_restore_20260326_101630/best,"[33, 32, 6, 30, 4, 27, 31, 10, 8, 25, 7, 13, 21, (4, 11), (15, 10), (23, 14), (2, 6), (1, 2), (6, 5), (5, 6), (16, 8), (16, 10), (14, 11), (15, 19), (7, 8), (21, 22)]","[33, 32, 6, 30, 4, 27, 31, 10, 8, 25, 7, 13, 21]","[(4, 11), (15, 10), (23, 14), (2, 6), (1, 2), (6, 5), (5, 6), (16, 8), (16, 10), (14, 11), (15, 19), (7, 8), (21, 22)]",scenario_099,20260423,13,13,0.2688702225790903,0.7311297774209097,results/batch_tradeoff_20260325_235335/scenario_runs/tradeoff_20260326_101243
optimized,weighted_gini_restore_l050,,weighted_sum,Weighted sum: triangle + 0.5 * equity:gini_restore,Weighted trade-off objective. triangle + 0.5 * equity:gini_restore.,weighted_sum,1.1420370753778581,4594.983612407182,1249097.526502074,0.12933890017007932,3376.3903250000003,0.23736578817690268,3376.3903250000003,0.20833333333333334,1.0,0.3642683651314675,0.133,0.867,0.9,0.9,1,1,results/batch_tradeoff_20260325_235335/scenario_runs/tradeoff_20260326_101243/weighted_gini_restore_l050_20260326_101743,results/batch_tradeoff_20260325_235335/scenario_runs/tradeoff_20260326_101243/weighted_gini_restore_l050_20260326_101743/best,"[21, 32, 7, 25, 13, 10, 31, 27, 30, 8, 4, 33, 6, (6, 5), (16, 8), (15, 19), (1, 2), (23, 14), (21, 22), (5, 6), (14, 11), (16, 10), (4, 11), (15, 10), (2, 6), (7, 8)]","[21, 32, 7, 25, 13, 10, 31, 27, 30, 8, 4, 33, 6]","[(6, 5), (16, 8), (15, 19), (1, 2), (23, 14), (21, 22), (5, 6), (14, 11), (16, 10), (4, 11), (15, 10), (2, 6), (7, 8)]",scenario_099,20260423,13,13,0.2688702225790903,0.7311297774209097,results/batch_tradeoff_20260325_235335/scenario_runs/tradeoff_20260326_101243
optimized,guardrail_gini_restore,,guardrail,Guardrail on equity:gini_restore,Triangle minimization with a fairness guardrail. Guardrail on equity:gini_restore.,guardrail,5051.251499525018,5051.251499525018,2167445.2330990774,0.13291069158021074,4474.583487,0.28184299174895894,4474.583487,0.20833333333333334,1.0,0.29057130874689263,0.133,0.867,0.9,0.9,1,0,results/batch_tradeoff_20260325_235335/scenario_runs/tradeoff_20260326_101243/guardrail_gini_restore_20260326_101859,results/batch_tradeoff_20260325_235335/scenario_runs/tradeoff_20260326_101243/guardrail_gini_restore_20260326_101859/best,"[13, 10, 30, 25, 33, 4, 21, 31, 32, 7, 27, 8, 6, (4, 11), (21, 22), (2, 6), (7, 8), (14, 11), (15, 10), (5, 6), (1, 2), (16, 10), (16, 8), (23, 14), (6, 5), (15, 19)]","[13, 10, 30, 25, 33, 4, 21, 31, 32, 7, 27, 8, 6]","[(4, 11), (21, 22), (2, 6), (7, 8), (14, 11), (15, 10), (5, 6), (1, 2), (16, 10), (16, 8), (23, 14), (6, 5), (15, 19)]",scenario_099,20260423,13,13,0.2688702225790903,0.7311297774209097,results/batch_tradeoff_20260325_235335/scenario_runs/tradeoff_20260326_101243
optimized,weighted_maximin_time_avg_cri_l050,,weighted_sum,Weighted sum: triangle + 0.5 * equity:maximin_time_avg_cri_loss,Weighted trade-off objective. triangle + 0.5 * equity:maximin_time_avg_cri_loss.,weighted_sum,0.9773941845157021,4129.438449520426,1704784.4262546806,0.20838378790020107,3531.5673890000007,0.390629597647623,3501.5775239000004,0.20833333333333334,1.0,0.3944113940021459,0.133,0.867,0.9,0.9,1,1,results/batch_tradeoff_20260325_235335/scenario_runs/tradeoff_20260326_101243/weighted_maximin_time_avg_cri_l050_20260326_102014,results/batch_tradeoff_20260325_235335/scenario_runs/tradeoff_20260326_101243/weighted_maximin_time_avg_cri_l050_20260326_102014/best,"[27, 13, 6, 30, 8, 7, 4, 32, 33, 10, 25, 31, 21, (15, 10), (7, 8), (2, 6), (14, 11), (16, 10), (21, 22), (23, 14), (6, 5), (5, 6), (1, 2), (16, 8), (4, 11), (15, 19)]","[27, 13, 6, 30, 8, 7, 4, 32, 33, 10, 25, 31, 21]","[(15, 10), (7, 8), (2, 6), (14, 11), (16, 10), (21, 22), (23, 14), (6, 5), (5, 6), (1, 2), (16, 8), (4, 11), (15, 19)]",scenario_099,20260423,13,13,0.2688702225790903,0.7311297774209097,results/batch_tradeoff_20260325_235335/scenario_runs/tradeoff_20260326_101243
optimized,baseline_reference,,baseline,Baseline sequence,Baseline repair sequence used as the reference point.,triangle,790.8066372048816,790.8066372048816,130767.79516849671,0.23215678271154294,960.148682,0.325312877404976,960.148682,0.20833333333333334,1.0,0.28520332142336546,0.133,0.867,0.9,0.9,1,0,,results/batch_tradeoff_20260325_235335/scenario_runs/tradeoff_20260326_102128/reference,"[28, 4, 10, 27, 16, 21, 22, 15, (14, 23), (10, 16), (22, 21), (16, 8), (7, 8), (5, 4)]","[28, 4, 10, 27, 16, 21, 22, 15]","[(14, 23), (10, 16), (22, 21), (16, 8), (7, 8), (5, 4)]",scenario_100,20260424,8,6,0.2545607288005177,0.7454392711994823,results/batch_tradeoff_20260325_235335/scenario_runs/tradeoff_20260326_102128
optimized,single_triangle,,single,Single objective: triangle,Pure efficiency objective that minimizes resilience-triangle loss.,triangle,655.887302165939,655.887302165939,138277.7427012203,0.26875755395458145,1037.451568,0.42195665805331894,1037.451568,0.20833333333333334,1.0,0.363356289065181,0.133,0.867,0.9,0.9,1,0,results/batch_tradeoff_20260325_235335/scenario_runs/tradeoff_20260326_102128/single_triangle_20260326_102128,results/batch_tradeoff_20260325_235335/scenario_runs/tradeoff_20260326_102128/single_triangle_20260326_102128/best,"[10, 16, 27, 4, 22, 21, 15, 28, (7, 8), (14, 23), (10, 16), (5, 4), (16, 8), (22, 21)]","[10, 16, 27, 4, 22, 21, 15, 28]","[(7, 8), (14, 23), (10, 16), (5, 4), (16, 8), (22, 21)]",scenario_100,20260424,8,6,0.2545607288005177,0.7454392711994823,results/batch_tradeoff_20260325_235335/scenario_runs/tradeoff_20260326_102128
optimized,single_gini_restore,,single,Single objective: gini_restore,Equity objective that reduces restoration-time inequality using Gini.,equity:gini_restore,0.1822846359903778,830.8957173959006,119762.19741607581,0.1822846359903778,932.977668,0.24150810569892414,932.977668,0.20833333333333334,1.0,0.25044128061416077,0.133,0.867,0.9,0.9,1,1,results/batch_tradeoff_20260325_235335/scenario_runs/tradeoff_20260326_102128/single_gini_restore_20260326_102211,results/batch_tradeoff_20260325_235335/scenario_runs/tradeoff_20260326_102128/single_gini_restore_20260326_102211/best,"[16, 27, 15, 28, 22, 10, 21, 4, (7, 8), (22, 21), (16, 8), (10, 16), (5, 4), (14, 23)]","[16, 27, 15, 28, 22, 10, 21, 4]","[(7, 8), (22, 21), (16, 8), (10, 16), (5, 4), (14, 23)]",scenario_100,20260424,8,6,0.2545607288005177,0.7454392711994823,results/batch_tradeoff_20260325_235335/scenario_runs/tradeoff_20260326_102128
optimized,single_maximin_time_avg_cri,,single,Single objective: maximize minimum time-avg CRI,Equity via maximin: improve the worst-served zone by maximizing the minimum time-averaged CRI.,equity:maximin_time_avg_cri_loss,0.469966777437249,636.330577866366,146191.2657487809,0.2990936842224545,1112.3188380000001,0.530033222562751,1112.3188380000001,0.20833333333333334,1.0,0.3957594769618265,0.133,0.867,0.9,0.9,1,0,results/batch_tradeoff_20260325_235335/scenario_runs/tradeoff_20260326_102128/single_maximin_time_avg_cri_20260326_102251,results/batch_tradeoff_20260325_235335/scenario_runs/tradeoff_20260326_102128/single_maximin_time_avg_cri_20260326_102251/best,"[16, 22, 15, 10, 21, 4, 27, 28, (7, 8), (10, 16), (22, 21), (14, 23), (16, 8), (5, 4)]","[16, 22, 15, 10, 21, 4, 27, 28]","[(7, 8), (10, 16), (22, 21), (14, 23), (16, 8), (5, 4)]",scenario_100,20260424,8,6,0.2545607288005177,0.7454392711994823,results/batch_tradeoff_20260325_235335/scenario_runs/tradeoff_20260326_102128
optimized,single_p90_access_restore,,single,Single objective: p90_access_restore,Critical-access objective that shortens the time by which 90% of zones regain access.,critical_access:p90_access_restore,784.459755,822.22271044625,123657.8846029864,0.3187681534424507,909.362066,0.33221636434449353,784.459755,0.20833333333333334,1.0,0.35351271175266585,0.133,0.867,0.9,0.9,1,0,results/batch_tradeoff_20260325_235335/scenario_runs/tradeoff_20260326_102128/single_p90_access_restore_20260326_102330,results/batch_tradeoff_20260325_235335/scenario_runs/tradeoff_20260326_102128/single_p90_access_restore_20260326_102330/best,"[28, 4, 10, 15, 27, 16, 21, 22, (5, 4), (22, 21), (14, 23), (16, 8), (7, 8), (10, 16)]","[28, 4, 10, 15, 27, 16, 21, 22]","[(5, 4), (22, 21), (14, 23), (16, 8), (7, 8), (10, 16)]",scenario_100,20260424,8,6,0.2545607288005177,0.7454392711994823,results/batch_tradeoff_20260325_235335/scenario_runs/tradeoff_20260326_102128
optimized,weighted_gini_restore_l050,,weighted_sum,Weighted sum: triangle + 0.5 * equity:gini_restore,Weighted trade-off objective. triangle + 0.5 * equity:gini_restore.,weighted_sum,1.2555661015670931,629.0231173827079,103510.2092638794,0.21365225199152849,859.1036919999999,0.3364530238683707,859.1036919999999,0.20833333333333334,1.0,0.2695057900531057,0.133,0.867,0.9,0.9,1,1,results/batch_tradeoff_20260325_235335/scenario_runs/tradeoff_20260326_102128/weighted_gini_restore_l050_20260326_102410,results/batch_tradeoff_20260325_235335/scenario_runs/tradeoff_20260326_102128/weighted_gini_restore_l050_20260326_102410/best,"[27, 22, 21, 4, 28, 16, 10, 15, (7, 8), (10, 16), (22, 21), (16, 8), (14, 23), (5, 4)]","[27, 22, 21, 4, 28, 16, 10, 15]","[(7, 8), (10, 16), (22, 21), (16, 8), (14, 23), (5, 4)]",scenario_100,20260424,8,6,0.2545607288005177,0.7454392711994823,results/batch_tradeoff_20260325_235335/scenario_runs/tradeoff_20260326_102128
optimized,guardrail_gini_restore,,guardrail,Guardrail on equity:gini_restore,Triangle minimization with a fairness guardrail. Guardrail on equity:gini_restore.,guardrail,570.0790138382113,570.0790138382113,105704.94312570064,0.21636442400075362,838.628092,0.3872338733124352,838.628092,0.20833333333333334,1.0,0.2959940768058602,0.133,0.867,0.9,0.9,1,1,results/batch_tradeoff_20260325_235335/scenario_runs/tradeoff_20260326_102128/guardrail_gini_restore_20260326_102449,results/batch_tradeoff_20260325_235335/scenario_runs/tradeoff_20260326_102128/guardrail_gini_restore_20260326_102449/best,"[15, 10, 27, 22, 28, 4, 21, 16, (7, 8), (14, 23), (10, 16), (22, 21), (16, 8), (5, 4)]","[15, 10, 27, 22, 28, 4, 21, 16]","[(7, 8), (14, 23), (10, 16), (22, 21), (16, 8), (5, 4)]",scenario_100,20260424,8,6,0.2545607288005177,0.7454392711994823,results/batch_tradeoff_20260325_235335/scenario_runs/tradeoff_20260326_102128
optimized,weighted_maximin_time_avg_cri_l050,,weighted_sum,Weighted sum: triangle + 0.5 * equity:maximin_time_avg_cri_loss,Weighted trade-off objective. triangle + 0.5 * equity:maximin_time_avg_cri_loss.,weighted_sum,1.2128040893530239,653.5251357073504,55490.017597408594,0.18431907302212935,666.5564150999999,0.4786005918273811,666.5564150999999,0.20833333333333334,1.0,0.46811921945859203,0.133,0.867,0.9,0.9,1,1,results/batch_tradeoff_20260325_235335/scenario_runs/tradeoff_20260326_102128/weighted_maximin_time_avg_cri_l050_20260326_102529,results/batch_tradeoff_20260325_235335/scenario_runs/tradeoff_20260326_102128/weighted_maximin_time_avg_cri_l050_20260326_102529/best,"[22, 15, 10, 16, 21, 27, 4, 28, (22, 21), (7, 8), (14, 23), (5, 4), (10, 16), (16, 8)]","[22, 15, 10, 16, 21, 27, 4, 28]","[(22, 21), (7, 8), (14, 23), (5, 4), (10, 16), (16, 8)]",scenario_100,20260424,8,6,0.2545607288005177,0.7454392711994823,results/batch_tradeoff_20260325_235335/scenario_runs/tradeoff_20260326_102128
