BusNum,BusNum:1,LineCircuit,BranchDeviceType,ConsolidateBranch,LineStatus,NormLineStatus,SeriesCapStatus,LineMeter:1,LineR,LineX,LineC,LineG,LineTap,LineLength,LineMonEle,LSName,LineAMVA,LineAMVA:1,LineAMVA:2,LineAMVA:3,LineAMVA:4,LineAMVA:5,LineAMVA:6,LineAMVA:7,LineAMVA:8,LineAMVA:9,LineAMVA:10,LineAMVA:11,LineAMVA:12,LineAMVA:13,LineAMVA:14,OwnerNum,OwnPercent,OwnerNum:1,OwnPercent:1,OwnerNum:2,OwnPercent:2,OwnerNum:3,OwnPercent:3,OwnerNum:4,OwnPercent:4,OwnerNum:5,OwnPercent:5,OwnerNum:6,OwnPercent:6,OwnerNum:7,OwnPercent:7,EMSType,EMSDeviceID,EMSDeviceID:1,EMSType:1,EMSDeviceID:2,EMSDeviceID:3,DataMaintainerAssign,AllLabels,LineXFType,XFAuto,XFRegBus,XFUseLDCRCC,XFRLDCRCC,XFXLDCRCC,XFRegMax,XFRegMin,XFRegTargetType,XFMVABase,XFNominalKV,XFNominalKV:1,XfrmerMagnetizingG:1,XfrmerMagnetizingB:1,XFFixedTap,XFFixedTap:1,XFTapMax:1,XFTapMin:1,XFStep:1,LinePhase,XFTableNum
1,80,1,Line,,Closed,Closed,NO,1,0.00674744974821805950,0.01299730874598026200,0.01451164484024048000,0.00000000000000000000,1.000000,6.14627361297607420000,YES,Default,44.66187357902526700000,0.00000000000000000000,0.00000000000000000000,0.00000000000000000000,0.00000000000000000000,0.00000000000000000000,0.00000000000000000000,0.00000000000000000000,0.00000000000000000000,0.00000000000000000000,0.00000000000000000000,0.00000000000000000000,0.00000000000000000000,0.00000000000000000000,0.00000000000000000000,1,100.00000000000000000000,,,,,,,,,,,,,,,,,,,,,,,,,,,,,,,,,,,,,,,,,,,
5,2,2,Line,,Closed,Closed,NO,5,0.00864208489656448380,0.01681710034608841000,0.00189481885172426690,0.00000000000000000000,1.000000,2.44463062286376960000,YES,Default,72.32819795608521000000,0.00000000000000000000,0.00000000000000000000,0.00000000000000000000,0.00000000000000000000,0.00000000000000000000,0.00000000000000000000,0.00000000000000000000,0.00000000000000000000,0.00000000000000000000,0.00000000000000000000,0.00000000000000000000,0.00000000000000000000,0.00000000000000000000,0.00000000000000000000,1,100.00000000000000000000,,,,,,,,,,,,,,,,,,,,,,,,,,,,,,,,,,,,,,,,,,,
2,169, 1,Line,,Closed,Closed,NO,2,0.00300000002607703230,0.02999999932944774400,0.01999999955296516500,0.00000000000000000000,1.000000,0.00000000000000000000,YES,Default,80.00000119209289000000,0.00000000000000000000,0.00000000000000000000,0.00000000000000000000,0.00000000000000000000,0.00000000000000000000,0.00000000000000000000,0.00000000000000000000,0.00000000000000000000,0.00000000000000000000,0.00000000000000000000,0.00000000000000000000,0.00000000000000000000,0.00000000000000000000,0.00000000000000000000,1,100.00000000000000000000,,,,,,,,,,,,,,,,,,,,,,,,,,,,,,,,,,,,,,,,,,,
3,4,1,Line,,Closed,Closed,NO,3,0.01501539349555969300,0.03865770995616912600,0.00326195661909878270,0.00000000000000000000,1.000000,4.58006954193115260000,YES,Default,58.47815275192261100000,0.00000000000000000000,0.00000000000000000000,0.00000000000000000000,0.00000000000000000000,0.00000000000000000000,0.00000000000000000000,0.00000000000000000000,0.00000000000000000000,0.00000000000000000000,0.00000000000000000000,0.00000000000000000000,0.00000000000000000000,0.00000000000000000000,0.00000000000000000000,1,100.00000000000000000000,,,,,,,,,,,,,,,,,,,,,,,,,,,,,,,,,,,,,,,,,,,
164,3,1,Line,,Closed,Closed,NO,164,0.01773051731288433000,0.04279160872101783700,0.00145443726796656830,0.00000000000000000000,1.000000,3.59764790534973120000,YES,Default,63.79539966583252500000,0.00000000000000000000,0.00000000000000000000,0.00000000000000000000,0.00000000000000000000,0.00000000000000000000,0.00000000000000000000,0.00000000000000000000,0.00000000000000000000,0.00000000000000000000,0.00000000000000000000,0.00000000000000000000,0.00000000000000000000,0.00000000000000000000,0.00000000000000000000,1,100.00000000000000000000,,,,,,,,,,,,,,,,,,,,,,,,,,,,,,,,,,,,,,,,,,,
4,145,1,Line,,Closed,Closed,NO,4,0.01260461565107107000,0.03692836686968803200,0.00725857820361852670,0.00000000000000000000,1.000000,7.22008275985717760000,YES,Default,78.08417081832885800000,0.00000000000000000000,0.00000000000000000000,0.00000000000000000000,0.00000000000000000000,0.00000000000000000000,0.00000000000000000000,0.00000000000000000000,0.00000000000000000000,0.00000000000000000000,0.00000000000000000000,0.00000000000000000000,0.00000000000000000000,0.00000000000000000000,0.00000000000000000000,1,100.00000000000000000000,,,,,,,,,,,,,,,,,,,,,,,,,,,,,,,,,,,,,,,,,,,
4,145,2,Line,,Closed,Closed,NO,4,0.01260461565107107000,0.03692836686968803200,0.00725857820361852670,0.00000000000000000000,1.000000,7.22008275985717760000,YES,Default,78.08417081832885800000,0.00000000000000000000,0.00000000000000000000,0.00000000000000000000,0.00000000000000000000,0.00000000000000000000,0.00000000000000000000,0.00000000000000000000,0.00000000000000000000,0.00000000000000000000,0.00000000000000000000,0.00000000000000000000,0.00000000000000000000,0.00000000000000000000,0.00000000000000000000,1,100.00000000000000000000,,,,,,,,,,,,,,,,,,,,,,,,,,,,,,,,,,,,,,,,,,,
4,145,3,Line,,Closed,Closed,NO,4,0.01260461565107107000,0.03692836686968803200,0.00725857820361852670,0.00000000000000000000,1.000000,7.22008275985717760000,YES,Default,78.08417081832885800000,0.00000000000000000000,0.00000000000000000000,0.00000000000000000000,0.00000000000000000000,0.00000000000000000000,0.00000000000000000000,0.00000000000000000000,0.00000000000000000000,0.00000000000000000000,0.00000000000000000000,0.00000000000000000000,0.00000000000000000000,0.00000000000000000000,0.00000000000000000000,1,100.00000000000000000000,,,,,,,,,,,,,,,,,,,,,,,,,,,,,,,,,,,,,,,,,,,
4,164,1,Line,,Closed,Closed,NO,4,0.00533111300319433220,0.01747984625399112600,0.00106189853977411980,0.00000000000000000000,1.000000,1.95545589923858660000,YES,Default,89.99999761581420800000,0.00000000000000000000,0.00000000000000000000,0.00000000000000000000,0.00000000000000000000,0.00000000000000000000,0.00000000000000000000,0.00000000000000000000,0.00000000000000000000,0.00000000000000000000,0.00000000000000000000,0.00000000000000000000,0.00000000000000000000,0.00000000000000000000,0.00000000000000000000,1,100.00000000000000000000,,,,,,,,,,,,,,,,,,,,,,,,,,,,,,,,,,,,,,,,,,,
4,164,2,Line,,Closed,Closed,NO,4,0.00533111300319433220,0.01747984625399112600,0.00106189853977411980,0.00000000000000000000,1.000000,1.95545589923858660000,YES,Default,89.99999761581420800000,0.00000000000000000000,0.00000000000000000000,0.00000000000000000000,0.00000000000000000000,0.00000000000000000000,0.00000000000000000000,0.00000000000000000000,0.00000000000000000000,0.00000000000000000000,0.00000000000000000000,0.00000000000000000000,0.00000000000000000000,0.00000000000000000000,0.00000000000000000000,1,100.00000000000000000000,,,,,,,,,,,,,,,,,,,,,,,,,,,,,,,,,,,,,,,,,,,
4,164,3,Line,,Closed,Closed,NO,4,0.00533111300319433220,0.01747984625399112600,0.00106189853977411980,0.00000000000000000000,1.000000,1.95545589923858660000,YES,Default,89.99999761581420800000,0.00000000000000000000,0.00000000000000000000,0.00000000000000000000,0.00000000000000000000,0.00000000000000000000,0.00000000000000000000,0.00000000000000000000,0.00000000000000000000,0.00000000000000000000,0.00000000000000000000,0.00000000000000000000,0.00000000000000000000,0.00000000000000000000,0.00000000000000000000,1,100.00000000000000000000,,,,,,,,,,,,,,,,,,,,,,,,,,,,,,,,,,,,,,,,,,,
5,88,1,Line,,Closed,Closed,NO,5,0.01414381247013807400,0.03399625793099403500,0.00076509348582476378,0.00000000000000000000,1.000000,2.33038401603698720000,YES,Default,72.50123620033264600000,0.00000000000000000000,0.00000000000000000000,0.00000000000000000000,0.00000000000000000000,0.00000000000000000000,0.00000000000000000000,0.00000000000000000000,0.00000000000000000000,0.00000000000000000000,0.00000000000000000000,0.00000000000000000000,0.00000000000000000000,0.00000000000000000000,0.00000000000000000000,1,100.00000000000000000000,,,,,,,,,,,,,,,,,,,,,,,,,,,,,,,,,,,,,,,,,,,
6,88,1,Line,,Closed,Closed,NO,6,0.01659687981009483200,0.04924248531460762200,0.00207681744359433660,0.00000000000000000000,1.000000,4.37795925140380860000,YES,Default,50.26170015335082900000,0.00000000000000000000,0.00000000000000000000,0.00000000000000000000,0.00000000000000000000,0.00000000000000000000,0.00000000000000000000,0.00000000000000000000,0.00000000000000000000,0.00000000000000000000,0.00000000000000000000,0.00000000000000000000,0.00000000000000000000,0.00000000000000000000,0.00000000000000000000,1,100.00000000000000000000,,,,,,,,,,,,,,,,,,,,,,,,,,,,,,,,,,,,,,,,,,,
6,89,1,Line,,Closed,Closed,NO,6,0.01862728595733642600,0.05450389161705970600,0.00302888383157551300,0.00000000000000000000,1.000000,5.69250345230102530000,YES,Default,52.80873775482177900000,0.00000000000000000000,0.00000000000000000000,0.00000000000000000000,0.00000000000000000000,0.00000000000000000000,0.00000000000000000000,0.00000000000000000000,0.00000000000000000000,0.00000000000000000000,0.00000000000000000000,0.00000000000000000000,0.00000000000000000000,0.00000000000000000000,0.00000000000000000000,1,100.00000000000000000000,,,,,,,,,,,,,,,,,,,,,,,,,,,,,,,,,,,,,,,,,,,
11,7,1,Line,,Closed,Closed,NO,11,0.01736592128872871400,0.04100178182125091800,0.00402422063052654270,0.00000000000000000000,1.000000,5.64146566390991230000,YES,Default,72.85971045494080000000,0.00000000000000000000,0.00000000000000000000,0.00000000000000000000,0.00000000000000000000,0.00000000000000000000,0.00000000000000000000,0.00000000000000000000,0.00000000000000000000,0.00000000000000000000,0.00000000000000000000,0.00000000000000000000,0.00000000000000000000,0.00000000000000000000,0.00000000000000000000,1,100.00000000000000000000,,,,,,,,,,,,,,,,,,,,,,,,,,,,,,,,,,,,,,,,,,,
11,7,2,Line,,Closed,Closed,NO,11,0.01736592128872871400,0.04100178182125091800,0.00402422063052654270,0.00000000000000000000,1.000000,5.64146566390991230000,YES,Default,72.85971045494080000000,0.00000000000000000000,0.00000000000000000000,0.00000000000000000000,0.00000000000000000000,0.00000000000000000000,0.00000000000000000000,0.00000000000000000000,0.00000000000000000000,0.00000000000000000000,0.00000000000000000000,0.00000000000000000000,0.00000000000000000000,0.00000000000000000000,0.00000000000000000000,1,100.00000000000000000000,,,,,,,,,,,,,,,,,,,,,,,,,,,,,,,,,,,,,,,,,,,
11,7,3,Line,,Closed,Closed,NO,11,0.01736592128872871400,0.04100178182125091800,0.00402422063052654270,0.00000000000000000000,1.000000,5.64146566390991230000,YES,Default,72.85971045494080000000,0.00000000000000000000,0.00000000000000000000,0.00000000000000000000,0.00000000000000000000,0.00000000000000000000,0.00000000000000000000,0.00000000000000000000,0.00000000000000000000,0.00000000000000000000,0.00000000000000000000,0.00000000000000000000,0.00000000000000000000,0.00000000000000000000,0.00000000000000000000,1,100.00000000000000000000,,,,,,,,,,,,,,,,,,,,,,,,,,,,,,,,,,,,,,,,,,,
7,125,1,Line,,Closed,Closed,NO,7,0.01177643612027168300,0.03209543600678444200,0.00088678131578490138,0.00000000000000000000,1.000000,2.32225584983825700000,YES,Default,66.39404296875000300000,0.00000000000000000000,0.00000000000000000000,0.00000000000000000000,0.00000000000000000000,0.00000000000000000000,0.00000000000000000000,0.00000000000000000000,0.00000000000000000000,0.00000000000000000000,0.00000000000000000000,0.00000000000000000000,0.00000000000000000000,0.00000000000000000000,0.00000000000000000000,1,100.00000000000000000000,,,,,,,,,,,,,,,,,,,,,,,,,,,,,,,,,,,,,,,,,,,
7,126,1,Line,,Closed,Closed,NO,7,0.01162690576165914600,0.03301281109452247700,0.00311788311228156100,0.00000000000000000000,1.000000,4.70493650436401340000,YES,Default,63.92910480499267800000,0.00000000000000000000,0.00000000000000000000,0.00000000000000000000,0.00000000000000000000,0.00000000000000000000,0.00000000000000000000,0.00000000000000000000,0.00000000000000000000,0.00000000000000000000,0.00000000000000000000,0.00000000000000000000,0.00000000000000000000,0.00000000000000000000,0.00000000000000000000,1,100.00000000000000000000,,,,,,,,,,,,,,,,,,,,,,,,,,,,,,,,,,,,,,,,,,,
7,126,2,Line,,Closed,Closed,NO,7,0.01162690576165914600,0.03301281109452247700,0.00311788311228156100,0.00000000000000000000,1.000000,4.70493650436401340000,YES,Default,63.92910480499267800000,0.00000000000000000000,0.00000000000000000000,0.00000000000000000000,0.00000000000000000000,0.00000000000000000000,0.00000000000000000000,0.00000000000000000000,0.00000000000000000000,0.00000000000000000000,0.00000000000000000000,0.00000000000000000000,0.00000000000000000000,0.00000000000000000000,0.00000000000000000000,1,100.00000000000000000000,,,,,,,,,,,,,,,,,,,,,,,,,,,,,,,,,,,,,,,,,,,
7,148,1,Line,,Closed,Closed,NO,7,0.00550882704555988290,0.01671860925853252500,0.00466766534373164160,0.00000000000000000000,1.000000,3.95786190032958980000,YES,Default,75.00000000000000000000,0.00000000000000000000,0.00000000000000000000,0.00000000000000000000,0.00000000000000000000,0.00000000000000000000,0.00000000000000000000,0.00000000000000000000,0.00000000000000000000,0.00000000000000000000,0.00000000000000000000,0.00000000000000000000,0.00000000000000000000,0.00000000000000000000,0.00000000000000000000,1,100.00000000000000000000,,,,,,,,,,,,,,,,,,,,,,,,,,,,,,,,,,,,,,,,,,,
8,9, 1,Line,,Closed,Closed,NO,8,0.00999999977648258180,0.02999999932944774400,0.00060000002849847078,0.00000000000000000000,1.000000,0.00000000000000000000,YES,Default,66.00000262260436500000,0.00000000000000000000,0.00000000000000000000,0.00000000000000000000,0.00000000000000000000,0.00000000000000000000,0.00000000000000000000,0.00000000000000000000,0.00000000000000000000,0.00000000000000000000,0.00000000000000000000,0.00000000000000000000,0.00000000000000000000,0.00000000000000000000,0.00000000000000000000,1,100.00000000000000000000,,,,,,,,,,,,,,,,,,,,,,,,,,,,,,,,,,,,,,,,,,,
8,44,1,Line,,Closed,Closed,NO,8,0.01077521033585071700,0.02702919207513332500,0.00497888540849089600,0.00000000000000000000,1.000000,5.14077711105346690000,YES,Default,85.00000238418579200000,0.00000000000000000000,0.00000000000000000000,0.00000000000000000000,0.00000000000000000000,0.00000000000000000000,0.00000000000000000000,0.00000000000000000000,0.00000000000000000000,0.00000000000000000000,0.00000000000000000000,0.00000000000000000000,0.00000000000000000000,0.00000000000000000000,0.00000000000000000000,1,100.00000000000000000000,,,,,,,,,,,,,,,,,,,,,,,,,,,,,,,,,,,,,,,,,,,
8,123,1,Line,,Closed,Closed,NO,8,0.00692515773698687620,0.01358157023787498600,0.00267255166545510300,0.00000000000000000000,1.000000,2.74331331253051740000,YES,Default,61.85063719749450200000,0.00000000000000000000,0.00000000000000000000,0.00000000000000000000,0.00000000000000000000,0.00000000000000000000,0.00000000000000000000,0.00000000000000000000,0.00000000000000000000,0.00000000000000000000,0.00000000000000000000,0.00000000000000000000,0.00000000000000000000,0.00000000000000000000,0.00000000000000000000,1,100.00000000000000000000,,,,,,,,,,,,,,,,,,,,,,,,,,,,,,,,,,,,,,,,,,,
8,123, 2,Line,,Closed,Closed,NO,8,0.00692499987781047810,0.01358199957758188300,0.00267300009727478020,0.00000000000000000000,1.000000,2.74331331253051740000,YES,Default,61.85100078582763500000,0.00000000000000000000,0.00000000000000000000,0.00000000000000000000,0.00000000000000000000,0.00000000000000000000,0.00000000000000000000,0.00000000000000000000,0.00000000000000000000,0.00000000000000000000,0.00000000000000000000,0.00000000000000000000,0.00000000000000000000,0.00000000000000000000,0.00000000000000000000,1,100.00000000000000000000,,,,,,,,,,,,,,,,,,,,,,,,,,,,,,,,,,,,,,,,,,,
9,10,1,Line,,Closed,Closed,NO,9,0.01206499990075826700,0.02999100089073181400,0.00061300001107156275,0.00000000000000000000,1.000000,1.94952905178070080000,YES,Default,89.99999761581420800000,0.00000000000000000000,0.00000000000000000000,0.00000000000000000000,0.00000000000000000000,0.00000000000000000000,0.00000000000000000000,0.00000000000000000000,0.00000000000000000000,0.00000000000000000000,0.00000000000000000000,0.00000000000000000000,0.00000000000000000000,0.00000000000000000000,0.00000000000000000000,1,100.00000000000000000000,,,,,,,,,,,,,,,,,,,,,,,,,,,,,,,,,,,,,,,,,,,
9,42,1,Line,,Closed,Closed,NO,9,0.01788350194692611800,0.04360473155975342100,0.00752404425293207170,0.00000000000000000000,1.000000,8.14936351776123010000,YES,Default,60.45100688934325800000,0.00000000000000000000,0.00000000000000000000,0.00000000000000000000,0.00000000000000000000,0.00000000000000000000,0.00000000000000000000,0.00000000000000000000,0.00000000000000000000,0.00000000000000000000,0.00000000000000000000,0.00000000000000000000,0.00000000000000000000,0.00000000000000000000,0.00000000000000000000,1,100.00000000000000000000,,,,,,,,,,,,,,,,,,,,,,,,,,,,,,,,,,,,,,,,,,,
10,162,1,Line,,Closed,Closed,NO,10,0.03134348243474960600,0.04660940915346145900,0.00200569373555481440,0.00000000000000000000,1.000000,3.98818683624267580000,YES,Default,67.46152043342590700000,0.00000000000000000000,0.00000000000000000000,0.00000000000000000000,0.00000000000000000000,0.00000000000000000000,0.00000000000000000000,0.00000000000000000000,0.00000000000000000000,0.00000000000000000000,0.00000000000000000000,0.00000000000000000000,0.00000000000000000000,0.00000000000000000000,0.00000000000000000000,1,100.00000000000000000000,,,,,,,,,,,,,,,,,,,,,,,,,,,,,,,,,,,,,,,,,,,
10,162,2,Line,,Closed,Closed,NO,10,0.03134348243474960600,0.04660940915346145900,0.00200569373555481440,0.00000000000000000000,1.000000,3.98818683624267580000,YES,Default,67.46152043342590700000,0.00000000000000000000,0.00000000000000000000,0.00000000000000000000,0.00000000000000000000,0.00000000000000000000,0.00000000000000000000,0.00000000000000000000,0.00000000000000000000,0.00000000000000000000,0.00000000000000000000,0.00000000000000000000,0.00000000000000000000,0.00000000000000000000,0.00000000000000000000,1,100.00000000000000000000,,,,,,,,,,,,,,,,,,,,,,,,,,,,,,,,,,,,,,,,,,,
11,164,1,Line,,Closed,Closed,NO,11,0.01126063801348209400,0.02373816631734371200,0.00557132577523589120,0.00000000000000000000,1.000000,4.75168132781982400000,YES,Default,73.67704510688782100000,0.00000000000000000000,0.00000000000000000000,0.00000000000000000000,0.00000000000000000000,0.00000000000000000000,0.00000000000000000000,0.00000000000000000000,0.00000000000000000000,0.00000000000000000000,0.00000000000000000000,0.00000000000000000000,0.00000000000000000000,0.00000000000000000000,0.00000000000000000000,1,100.00000000000000000000,,,,,,,,,,,,,,,,,,,,,,,,,,,,,,,,,,,,,,,,,,,
11,164,2,Line,,Closed,Closed,NO,11,0.01126063801348209400,0.02373816631734371200,0.00557132577523589120,0.00000000000000000000,1.000000,4.75168132781982400000,YES,Default,73.67704510688782100000,0.00000000000000000000,0.00000000000000000000,0.00000000000000000000,0.00000000000000000000,0.00000000000000000000,0.00000000000000000000,0.00000000000000000000,0.00000000000000000000,0.00000000000000000000,0.00000000000000000000,0.00000000000000000000,0.00000000000000000000,0.00000000000000000000,0.00000000000000000000,1,100.00000000000000000000,,,,,,,,,,,,,,,,,,,,,,,,,,,,,,,,,,,,,,,,,,,
11,164,3,Line,,Closed,Closed,NO,11,0.01126063801348209400,0.02373816631734371200,0.00557132577523589120,0.00000000000000000000,1.000000,4.75168132781982400000,YES,Default,73.67704510688782100000,0.00000000000000000000,0.00000000000000000000,0.00000000000000000000,0.00000000000000000000,0.00000000000000000000,0.00000000000000000000,0.00000000000000000000,0.00000000000000000000,0.00000000000000000000,0.00000000000000000000,0.00000000000000000000,0.00000000000000000000,0.00000000000000000000,0.00000000000000000000,1,100.00000000000000000000,,,,,,,,,,,,,,,,,,,,,,,,,,,,,,,,,,,,,,,,,,,
52,12,1,Line,,Closed,Closed,NO,52,0.01796626299619674600,0.03891333565115929000,0.00177321280352771260,0.00000000000000000000,1.000000,3.18900656700134270000,YES,Default,53.38889956474304000000,0.00000000000000000000,0.00000000000000000000,0.00000000000000000000,0.00000000000000000000,0.00000000000000000000,0.00000000000000000000,0.00000000000000000000,0.00000000000000000000,0.00000000000000000000,0.00000000000000000000,0.00000000000000000000,0.00000000000000000000,0.00000000000000000000,0.00000000000000000000,1,100.00000000000000000000,,,,,,,,,,,,,,,,,,,,,,,,,,,,,,,,,,,,,,,,,,,
12,126,1,Line,,Closed,Closed,NO,12,0.01107083261013031000,0.03443225100636481900,0.01174510736018419200,0.00000000000000000000,1.000000,8.99116325378417920000,YES,Default,51.70828104019164800000,0.00000000000000000000,0.00000000000000000000,0.00000000000000000000,0.00000000000000000000,0.00000000000000000000,0.00000000000000000000,0.00000000000000000000,0.00000000000000000000,0.00000000000000000000,0.00000000000000000000,0.00000000000000000000,0.00000000000000000000,0.00000000000000000000,0.00000000000000000000,1,100.00000000000000000000,,,,,,,,,,,,,,,,,,,,,,,,,,,,,,,,,,,,,,,,,,,
54,13,1,Line,,Closed,Closed,NO,54,0.03685869276523590400,0.08404363691806793000,0.00376763171516358850,0.00000000000000000000,1.000000,8.49754428863525380000,YES,Default,85.00000238418579200000,0.00000000000000000000,0.00000000000000000000,0.00000000000000000000,0.00000000000000000000,0.00000000000000000000,0.00000000000000000000,0.00000000000000000000,0.00000000000000000000,0.00000000000000000000,0.00000000000000000000,0.00000000000000000000,0.00000000000000000000,0.00000000000000000000,0.00000000000000000000,1,100.00000000000000000000,,,,,,,,,,,,,,,,,,,,,,,,,,,,,,,,,,,,,,,,,,,
13,166,1,Line,,Closed,Closed,NO,13,0.01962202601134777000,0.05164413154125213400,0.00174622773192822940,0.00000000000000000000,1.000000,4.57765579223632830000,YES,Default,56.65155649185180800000,0.00000000000000000000,0.00000000000000000000,0.00000000000000000000,0.00000000000000000000,0.00000000000000000000,0.00000000000000000000,0.00000000000000000000,0.00000000000000000000,0.00000000000000000000,0.00000000000000000000,0.00000000000000000000,0.00000000000000000000,0.00000000000000000000,0.00000000000000000000,1,100.00000000000000000000,,,,,,,,,,,,,,,,,,,,,,,,,,,,,,,,,,,,,,,,,,,
13,166,2,Line,,Closed,Closed,NO,13,0.01962202601134777000,0.05164413154125213400,0.00174622773192822940,0.00000000000000000000,1.000000,4.57765579223632830000,YES,Default,56.65155649185180800000,0.00000000000000000000,0.00000000000000000000,0.00000000000000000000,0.00000000000000000000,0.00000000000000000000,0.00000000000000000000,0.00000000000000000000,0.00000000000000000000,0.00000000000000000000,0.00000000000000000000,0.00000000000000000000,0.00000000000000000000,0.00000000000000000000,0.00000000000000000000,1,100.00000000000000000000,,,,,,,,,,,,,,,,,,,,,,,,,,,,,,,,,,,,,,,,,,,
14,90,1,Line,,Closed,Closed,NO,14,0.01443048287183046400,0.03578393906354904300,0.00804582703858614020,0.00000000000000000000,1.000000,7.70090103149414020000,YES,Default,69.24353837966918400000,0.00000000000000000000,0.00000000000000000000,0.00000000000000000000,0.00000000000000000000,0.00000000000000000000,0.00000000000000000000,0.00000000000000000000,0.00000000000000000000,0.00000000000000000000,0.00000000000000000000,0.00000000000000000000,0.00000000000000000000,0.00000000000000000000,0.00000000000000000000,1,100.00000000000000000000,,,,,,,,,,,,,,,,,,,,,,,,,,,,,,,,,,,,,,,,,,,
91,14,1,Line,,Closed,Closed,NO,91,0.01838096790015697600,0.04442326724529266600,0.00150940811727195970,0.00000000000000000000,1.000000,3.64002132415771460000,YES,Default,59.57764983177185300000,0.00000000000000000000,0.00000000000000000000,0.00000000000000000000,0.00000000000000000000,0.00000000000000000000,0.00000000000000000000,0.00000000000000000000,0.00000000000000000000,0.00000000000000000000,0.00000000000000000000,0.00000000000000000000,0.00000000000000000000,0.00000000000000000000,0.00000000000000000000,1,100.00000000000000000000,,,,,,,,,,,,,,,,,,,,,,,,,,,,,,,,,,,,,,,,,,,
14,169,2,Line,,Closed,Closed,NO,14,0.00935447961091995260,0.01859993487596512000,0.00169563782401382910,0.00000000000000000000,1.000000,2.40812206268310560000,YES,Default,66.93696975708007700000,0.00000000000000000000,0.00000000000000000000,0.00000000000000000000,0.00000000000000000000,0.00000000000000000000,0.00000000000000000000,0.00000000000000000000,0.00000000000000000000,0.00000000000000000000,0.00000000000000000000,0.00000000000000000000,0.00000000000000000000,0.00000000000000000000,0.00000000000000000000,1,100.00000000000000000000,,,,,,,,,,,,,,,,,,,,,,,,,,,,,,,,,,,,,,,,,,,
15,18,1,Line,,Closed,Closed,NO,15,0.00951469503343105280,0.02520393021404743000,0.00099210871849209075,0.00000000000000000000,1.000000,2.38171076774597150000,YES,Default,68.73047351837158400000,0.00000000000000000000,0.00000000000000000000,0.00000000000000000000,0.00000000000000000000,0.00000000000000000000,0.00000000000000000000,0.00000000000000000000,0.00000000000000000000,0.00000000000000000000,0.00000000000000000000,0.00000000000000000000,0.00000000000000000000,0.00000000000000000000,0.00000000000000000000,1,100.00000000000000000000,,,,,,,,,,,,,,,,,,,,,,,,,,,,,,,,,,,,,,,,,,,
15,18,2,Line,,Closed,Closed,NO,15,0.00951469503343105280,0.02520393021404743000,0.00099210871849209075,0.00000000000000000000,1.000000,2.38171076774597150000,YES,Default,68.73047351837158400000,0.00000000000000000000,0.00000000000000000000,0.00000000000000000000,0.00000000000000000000,0.00000000000000000000,0.00000000000000000000,0.00000000000000000000,0.00000000000000000000,0.00000000000000000000,0.00000000000000000000,0.00000000000000000000,0.00000000000000000000,0.00000000000000000000,0.00000000000000000000,1,100.00000000000000000000,,,,,,,,,,,,,,,,,,,,,,,,,,,,,,,,,,,,,,,,,,,
15,36,1,Line,,Closed,Closed,NO,15,0.00284847547300159940,0.00681500788778066690,0.00536035466939210880,0.00000000000000000000,1.000000,2.62972116470336930000,YES,Default,85.00000238418579200000,0.00000000000000000000,0.00000000000000000000,0.00000000000000000000,0.00000000000000000000,0.00000000000000000000,0.00000000000000000000,0.00000000000000000000,0.00000000000000000000,0.00000000000000000000,0.00000000000000000000,0.00000000000000000000,0.00000000000000000000,0.00000000000000000000,0.00000000000000000000,1,100.00000000000000000000,,,,,,,,,,,,,,,,,,,,,,,,,,,,,,,,,,,,,,,,,,,
22,16,1,Line,,Closed,Closed,NO,22,0.00936424732208251900,0.02364232577383518100,0.00206690561026334750,0.00000000000000000000,1.000000,3.11783146858215360000,YES,Default,69.99999880790711000000,0.00000000000000000000,0.00000000000000000000,0.00000000000000000000,0.00000000000000000000,0.00000000000000000000,0.00000000000000000000,0.00000000000000000000,0.00000000000000000000,0.00000000000000000000,0.00000000000000000000,0.00000000000000000000,0.00000000000000000000,0.00000000000000000000,0.00000000000000000000,1,100.00000000000000000000,,,,,,,,,,,,,,,,,,,,,,,,,,,,,,,,,,,,,,,,,,,
16,31,1,Line,,Closed,Closed,NO,16,0.00572550622746348350,0.01484111137688160000,0.00137825612910091870,0.00000000000000000000,1.000000,2.01423192024230940000,YES,Default,72.48775959014892800000,0.00000000000000000000,0.00000000000000000000,0.00000000000000000000,0.00000000000000000000,0.00000000000000000000,0.00000000000000000000,0.00000000000000000000,0.00000000000000000000,0.00000000000000000000,0.00000000000000000000,0.00000000000000000000,0.00000000000000000000,0.00000000000000000000,0.00000000000000000000,1,100.00000000000000000000,,,,,,,,,,,,,,,,,,,,,,,,,,,,,,,,,,,,,,,,,,,
16,31,2,Line,,Closed,Closed,NO,16,0.00572550622746348350,0.01484111137688160000,0.00137825612910091870,0.00000000000000000000,1.000000,2.01423192024230940000,YES,Default,72.48775959014892800000,0.00000000000000000000,0.00000000000000000000,0.00000000000000000000,0.00000000000000000000,0.00000000000000000000,0.00000000000000000000,0.00000000000000000000,0.00000000000000000000,0.00000000000000000000,0.00000000000000000000,0.00000000000000000000,0.00000000000000000000,0.00000000000000000000,0.00000000000000000000,1,100.00000000000000000000,,,,,,,,,,,,,,,,,,,,,,,,,,,,,,,,,,,,,,,,,,,
16,31,3,Line,,Closed,Closed,NO,16,0.00572550622746348350,0.01484111137688160000,0.00137825612910091870,0.00000000000000000000,1.000000,2.01423192024230940000,YES,Default,72.48775959014892800000,0.00000000000000000000,0.00000000000000000000,0.00000000000000000000,0.00000000000000000000,0.00000000000000000000,0.00000000000000000000,0.00000000000000000000,0.00000000000000000000,0.00000000000000000000,0.00000000000000000000,0.00000000000000000000,0.00000000000000000000,0.00000000000000000000,0.00000000000000000000,1,100.00000000000000000000,,,,,,,,,,,,,,,,,,,,,,,,,,,,,,,,,,,,,,,,,,,
16,111,1,Line,,Closed,Closed,NO,16,0.03121787123382091500,0.07123710960149765100,0.00303351785987615620,0.00000000000000000000,1.000000,6.51386499404907260000,YES,Default,59.76715683937072600000,0.00000000000000000000,0.00000000000000000000,0.00000000000000000000,0.00000000000000000000,0.00000000000000000000,0.00000000000000000000,0.00000000000000000000,0.00000000000000000000,0.00000000000000000000,0.00000000000000000000,0.00000000000000000000,0.00000000000000000000,0.00000000000000000000,0.00000000000000000000,1,100.00000000000000000000,,,,,,,,,,,,,,,,,,,,,,,,,,,,,,,,,,,,,,,,,,,
16,111,2,Line,,Closed,Closed,NO,16,0.03121787123382091500,0.07123710960149765100,0.00303351785987615620,0.00000000000000000000,1.000000,6.51386499404907260000,YES,Default,59.76715683937072600000,0.00000000000000000000,0.00000000000000000000,0.00000000000000000000,0.00000000000000000000,0.00000000000000000000,0.00000000000000000000,0.00000000000000000000,0.00000000000000000000,0.00000000000000000000,0.00000000000000000000,0.00000000000000000000,0.00000000000000000000,0.00000000000000000000,0.00000000000000000000,1,100.00000000000000000000,,,,,,,,,,,,,,,,,,,,,,,,,,,,,,,,,,,,,,,,,,,
17,20,1,TransformerWinding,,Closed,Closed,NO,17,0.00231063226237893120,0.11471360176801682000,0.00000000000000000000,0.00000000000000000000,1.000000,0.00000000000000000000,YES,Default,351.61464214324954000000,0.00000000000000000000,0.00000000000000000000,0.00000000000000000000,0.00000000000000000000,0.00000000000000000000,0.00000000000000000000,0.00000000000000000000,0.00000000000000000000,0.00000000000000000000,0.00000000000000000000,0.00000000000000000000,0.00000000000000000000,0.00000000000000000000,0.00000000000000000000,1,100.00000000000000000000,,,,,,,,,,,,,,,,,,,,,,,,,,,,,,,,,,,,,,,,,,,
46,17,1,Line,,Closed,Closed,NO,46,0.00047383981291204691,0.00459375046193599680,0.01189441606402397100,0.00000000000000000000,1.000000,3.04430532455444350000,YES,Default,514.46042060852051000000,0.00000000000000000000,0.00000000000000000000,0.00000000000000000000,0.00000000000000000000,0.00000000000000000000,0.00000000000000000000,0.00000000000000000000,0.00000000000000000000,0.00000000000000000000,0.00000000000000000000,0.00000000000000000000,0.00000000000000000000,0.00000000000000000000,0.00000000000000000000,1,100.00000000000000000000,,,,,,,,,,,,,,,,,,,,,,,,,,,,,,,,,,,,,,,,,,,
17,165,1,Line,,Closed,Closed,NO,17,0.00240848888643085950,0.02089609764516353600,0.08109498769044875500,0.00000000000000000000,1.000000,16.05727958679199400000,YES,Default,552.25877761840819000000,0.00000000000000000000,0.00000000000000000000,0.00000000000000000000,0.00000000000000000000,0.00000000000000000000,0.00000000000000000000,0.00000000000000000000,0.00000000000000000000,0.00000000000000000000,0.00000000000000000000,0.00000000000000000000,0.00000000000000000000,0.00000000000000000000,0.00000000000000000000,1,100.00000000000000000000,,,,,,,,,,,,,,,,,,,,,,,,,,,,,,,,,,,,,,,,,,,
18,20,1,TransformerWinding,,Closed,Closed,NO,18,-0.00121443963143974560,-0.06029204279184341800,0.00000000000000000000,0.00000000000000000000,1.000000,0.00000000000000000000,YES,Default,226.61464214324950000000,0.00000000000000000000,0.00000000000000000000,0.00000000000000000000,0.00000000000000000000,0.00000000000000000000,0.00000000000000000000,0.00000000000000000000,0.00000000000000000000,0.00000000000000000000,0.00000000000000000000,0.00000000000000000000,0.00000000000000000000,0.00000000000000000000,0.00000000000000000000,1,100.00000000000000000000,,,,,,,,,,,,,,,,,,,,,,,,,,,,,,,,,,,,,,,,,,,
121,18,1,Line,,Closed,Closed,NO,121,0.01048600021749734900,0.02250999957323074200,0.00105800002347677950,0.00000000000000000000,1.000000,2.13448596000671390000,YES,Default,100.00000000000000000000,0.00000000000000000000,0.00000000000000000000,0.00000000000000000000,0.00000000000000000000,0.00000000000000000000,0.00000000000000000000,0.00000000000000000000,0.00000000000000000000,0.00000000000000000000,0.00000000000000000000,0.00000000000000000000,0.00000000000000000000,0.00000000000000000000,0.00000000000000000000,1,100.00000000000000000000,,,,,,,,,,,,,,,,,,,,,,,,,,,,,,,,,,,,,,,,,,,
18,127,1,Line,,Closed,Closed,NO,18,0.01675787940621376000,0.04486731067299842600,0.00168736779596656580,0.00000000000000000000,1.000000,3.78312683105468740000,YES,Default,65.13740420341491200000,0.00000000000000000000,0.00000000000000000000,0.00000000000000000000,0.00000000000000000000,0.00000000000000000000,0.00000000000000000000,0.00000000000000000000,0.00000000000000000000,0.00000000000000000000,0.00000000000000000000,0.00000000000000000000,0.00000000000000000000,0.00000000000000000000,0.00000000000000000000,1,100.00000000000000000000,,,,,,,,,,,,,,,,,,,,,,,,,,,,,,,,,,,,,,,,,,,
19,20,1,TransformerWinding,,Closed,Closed,NO,19,0.00612818961963057540,0.30423998832702637000,0.00000000000000000000,0.00000000000000000000,1.000000,0.00000000000000000000,YES,Default,125.00000000000000000000,0.00000000000000000000,0.00000000000000000000,0.00000000000000000000,0.00000000000000000000,0.00000000000000000000,0.00000000000000000000,0.00000000000000000000,0.00000000000000000000,0.00000000000000000000,0.00000000000000000000,0.00000000000000000000,0.00000000000000000000,0.00000000000000000000,0.00000000000000000000,1,100.00000000000000000000,,,,,,,,,,,,,,,,,,,,,,,,,,,,,,,,,,,,,,,,,,,
21,22,1,Line,,Closed,Closed,NO,21,0.00753269018605351420,0.02290323190391063700,0.00151940295472741120,0.00000000000000000000,1.000000,2.58190202713012700000,YES,Default,57.39469528198241900000,0.00000000000000000000,0.00000000000000000000,0.00000000000000000000,0.00000000000000000000,0.00000000000000000000,0.00000000000000000000,0.00000000000000000000,0.00000000000000000000,0.00000000000000000000,0.00000000000000000000,0.00000000000000000000,0.00000000000000000000,0.00000000000000000000,0.00000000000000000000,1,100.00000000000000000000,,,,,,,,,,,,,,,,,,,,,,,,,,,,,,,,,,,,,,,,,,,
21,95,1,Line,,Closed,Closed,NO,21,0.02837285026907921000,0.06946557760238647000,0.01211729552596807400,0.00000000000000000000,1.000000,13.09001255035400500000,YES,Default,54.85409498214721900000,0.00000000000000000000,0.00000000000000000000,0.00000000000000000000,0.00000000000000000000,0.00000000000000000000,0.00000000000000000000,0.00000000000000000000,0.00000000000000000000,0.00000000000000000000,0.00000000000000000000,0.00000000000000000000,0.00000000000000000000,0.00000000000000000000,0.00000000000000000000,1,100.00000000000000000000,,,,,,,,,,,,,,,,,,,,,,,,,,,,,,,,,,,,,,,,,,,
23,30,1,Line,,Closed,Closed,NO,23,0.00672188168391585410,0.01799458637833595200,0.00176470412407070400,0.00000000000000000000,1.000000,2.37709164619445790000,YES,Default,58.87027978897094400000,0.00000000000000000000,0.00000000000000000000,0.00000000000000000000,0.00000000000000000000,0.00000000000000000000,0.00000000000000000000,0.00000000000000000000,0.00000000000000000000,0.00000000000000000000,0.00000000000000000000,0.00000000000000000000,0.00000000000000000000,0.00000000000000000000,0.00000000000000000000,1,100.00000000000000000000,,,,,,,,,,,,,,,,,,,,,,,,,,,,,,,,,,,,,,,,,,,
23,35,1,Line,,Closed,Closed,NO,23,0.00640894053503870980,0.01685809902846813100,0.01804807037115097000,0.00000000000000000000,1.000000,7.97199535369873020000,YES,Default,64.10393714904784600000,0.00000000000000000000,0.00000000000000000000,0.00000000000000000000,0.00000000000000000000,0.00000000000000000000,0.00000000000000000000,0.00000000000000000000,0.00000000000000000000,0.00000000000000000000,0.00000000000000000000,0.00000000000000000000,0.00000000000000000000,0.00000000000000000000,0.00000000000000000000,1,100.00000000000000000000,,,,,,,,,,,,,,,,,,,,,,,,,,,,,,,,,,,,,,,,,,,
23,35,2,Line,,Closed,Closed,NO,23,0.00640894053503870980,0.01685809902846813100,0.01804807037115097000,0.00000000000000000000,1.000000,7.97199535369873020000,YES,Default,64.10393714904784600000,0.00000000000000000000,0.00000000000000000000,0.00000000000000000000,0.00000000000000000000,0.00000000000000000000,0.00000000000000000000,0.00000000000000000000,0.00000000000000000000,0.00000000000000000000,0.00000000000000000000,0.00000000000000000000,0.00000000000000000000,0.00000000000000000000,0.00000000000000000000,1,100.00000000000000000000,,,,,,,,,,,,,,,,,,,,,,,,,,,,,,,,,,,,,,,,,,,
24,36,1,Line,,Closed,Closed,NO,24,0.01730494387447833900,0.04644736647605895700,0.00792126078158616960,0.00000000000000000000,1.000000,8.85528278350830080000,YES,Default,61.34993433952331500000,0.00000000000000000000,0.00000000000000000000,0.00000000000000000000,0.00000000000000000000,0.00000000000000000000,0.00000000000000000000,0.00000000000000000000,0.00000000000000000000,0.00000000000000000000,0.00000000000000000000,0.00000000000000000000,0.00000000000000000000,0.00000000000000000000,0.00000000000000000000,1,100.00000000000000000000,,,,,,,,,,,,,,,,,,,,,,,,,,,,,,,,,,,,,,,,,,,
132,24,1,Line,,Closed,Closed,NO,132,0.01356446649879217100,0.04040934145450592000,0.00172199076041579230,0.00000000000000000000,1.000000,3.62656188011169410000,YES,Default,66.62395000457763800000,0.00000000000000000000,0.00000000000000000000,0.00000000000000000000,0.00000000000000000000,0.00000000000000000000,0.00000000000000000000,0.00000000000000000000,0.00000000000000000000,0.00000000000000000000,0.00000000000000000000,0.00000000000000000000,0.00000000000000000000,0.00000000000000000000,0.00000000000000000000,1,100.00000000000000000000,,,,,,,,,,,,,,,,,,,,,,,,,,,,,,,,,,,,,,,,,,,
25,28,1,TransformerWinding,,Closed,Closed,NO,25,0.00078018102794885632,0.01840147376060485800,0.00000000000000000000,0.00000000000000000000,1.000000,0.00000000000000000000,YES,Default,88.88435959815979500000,0.00000000000000000000,0.00000000000000000000,0.00000000000000000000,0.00000000000000000000,0.00000000000000000000,0.00000000000000000000,0.00000000000000000000,0.00000000000000000000,0.00000000000000000000,0.00000000000000000000,0.00000000000000000000,0.00000000000000000000,0.00000000000000000000,0.00000000000000000000,1,100.00000000000000000000,,,,,,,,,,,,,,,,,,,,,,,,,,,,,,,,,,,,,,,,,,,
25,29,1,Line,,Closed,Closed,NO,25,0.01023162901401519700,0.02484921738505363500,0.00113384472206234930,0.00000000000000000000,1.000000,2.53060770034790050000,YES,Default,67.09198951721191700000,0.00000000000000000000,0.00000000000000000000,0.00000000000000000000,0.00000000000000000000,0.00000000000000000000,0.00000000000000000000,0.00000000000000000000,0.00000000000000000000,0.00000000000000000000,0.00000000000000000000,0.00000000000000000000,0.00000000000000000000,0.00000000000000000000,0.00000000000000000000,1,100.00000000000000000000,,,,,,,,,,,,,,,,,,,,,,,,,,,,,,,,,,,,,,,,,,,
25,30,1,Line,,Closed,Closed,NO,25,0.00616181083023548160,0.01412033848464489000,0.00875043496489524860,0.00000000000000000000,1.000000,5.22746706008911100000,YES,Default,61.15115880966186200000,0.00000000000000000000,0.00000000000000000000,0.00000000000000000000,0.00000000000000000000,0.00000000000000000000,0.00000000000000000000,0.00000000000000000000,0.00000000000000000000,0.00000000000000000000,0.00000000000000000000,0.00000000000000000000,0.00000000000000000000,0.00000000000000000000,0.00000000000000000000,1,100.00000000000000000000,,,,,,,,,,,,,,,,,,,,,,,,,,,,,,,,,,,,,,,,,,,
26,28,1,TransformerWinding,,Closed,Closed,NO,26,0.00926757231354713470,0.21858640015125274000,0.00000000000000000000,0.00000000000000000000,1.000000,0.00000000000000000000,YES,Default,44.44217979907989800000,0.00000000000000000000,0.00000000000000000000,0.00000000000000000000,0.00000000000000000000,0.00000000000000000000,0.00000000000000000000,0.00000000000000000000,0.00000000000000000000,0.00000000000000000000,0.00000000000000000000,0.00000000000000000000,0.00000000000000000000,0.00000000000000000000,0.00000000000000000000,1,100.00000000000000000000,,,,,,,,,,,,,,,,,,,,,,,,,,,,,,,,,,,,,,,,,,,
27,28,1,TransformerWinding,,Closed,Closed,NO,27,0.00926757231354713470,0.21858640015125274000,0.00000000000000000000,0.00000000000000000000,1.000000,0.00000000000000000000,YES,Default,44.44217979907989800000,0.00000000000000000000,0.00000000000000000000,0.00000000000000000000,0.00000000000000000000,0.00000000000000000000,0.00000000000000000000,0.00000000000000000000,0.00000000000000000000,0.00000000000000000000,0.00000000000000000000,0.00000000000000000000,0.00000000000000000000,0.00000000000000000000,0.00000000000000000000,1,100.00000000000000000000,,,,,,,,,,,,,,,,,,,,,,,,,,,,,,,,,,,,,,,,,,,
29,134,1,Line,,Closed,Closed,NO,29,0.01425811368972063000,0.03366556763648986900,0.00594740128144621820,0.00000000000000000000,1.000000,5.95497131347656190000,YES,Default,53.73119711875915500000,0.00000000000000000000,0.00000000000000000000,0.00000000000000000000,0.00000000000000000000,0.00000000000000000000,0.00000000000000000000,0.00000000000000000000,0.00000000000000000000,0.00000000000000000000,0.00000000000000000000,0.00000000000000000000,0.00000000000000000000,0.00000000000000000000,0.00000000000000000000,1,100.00000000000000000000,,,,,,,,,,,,,,,,,,,,,,,,,,,,,,,,,,,,,,,,,,,
29,141, 1,Line,,Closed,Closed,NO,29,0.00588918337598443010,0.01498610060662031000,0.01512231212109327400,0.00000000000000000000,1.000000,6.55452775955200260000,YES,Default,69.21678185462951700000,0.00000000000000000000,0.00000000000000000000,0.00000000000000000000,0.00000000000000000000,0.00000000000000000000,0.00000000000000000000,0.00000000000000000000,0.00000000000000000000,0.00000000000000000000,0.00000000000000000000,0.00000000000000000000,0.00000000000000000000,0.00000000000000000000,0.00000000000000000000,1,100.00000000000000000000,,,,,,,,,,,,,,,,,,,,,,,,,,,,,,,,,,,,,,,,,,,
29,141, 2,Line,,Closed,Closed,NO,29,0.00588918337598443010,0.01498610060662031000,0.01512231212109327400,0.00000000000000000000,1.000000,6.55452775955200260000,YES,Default,69.21678185462951700000,0.00000000000000000000,0.00000000000000000000,0.00000000000000000000,0.00000000000000000000,0.00000000000000000000,0.00000000000000000000,0.00000000000000000000,0.00000000000000000000,0.00000000000000000000,0.00000000000000000000,0.00000000000000000000,0.00000000000000000000,0.00000000000000000000,0.00000000000000000000,1,100.00000000000000000000,,,,,,,,,,,,,,,,,,,,,,,,,,,,,,,,,,,,,,,,,,,
30,110,1,Line,,Closed,Closed,NO,30,0.03440193459391594200,0.08703694492578506200,0.00518053537234663940,0.00000000000000000000,1.000000,9.79997825622558590000,YES,Default,56.60555958747863700000,0.00000000000000000000,0.00000000000000000000,0.00000000000000000000,0.00000000000000000000,0.00000000000000000000,0.00000000000000000000,0.00000000000000000000,0.00000000000000000000,0.00000000000000000000,0.00000000000000000000,0.00000000000000000000,0.00000000000000000000,0.00000000000000000000,0.00000000000000000000,1,100.00000000000000000000,,,,,,,,,,,,,,,,,,,,,,,,,,,,,,,,,,,,,,,,,,,
31,33,1,Line,,Closed,Closed,NO,31,0.00393354659900069250,0.00965626072138547840,0.00139026658143848190,0.00000000000000000000,1.000000,1.61698651313781730000,YES,Default,73.26117753982543400000,0.00000000000000000000,0.00000000000000000000,0.00000000000000000000,0.00000000000000000000,0.00000000000000000000,0.00000000000000000000,0.00000000000000000000,0.00000000000000000000,0.00000000000000000000,0.00000000000000000000,0.00000000000000000000,0.00000000000000000000,0.00000000000000000000,0.00000000000000000000,1,100.00000000000000000000,,,,,,,,,,,,,,,,,,,,,,,,,,,,,,,,,,,,,,,,,,,
31,33,2,Line,,Closed,Closed,NO,31,0.00393354659900069250,0.00965626072138547840,0.00139026658143848190,0.00000000000000000000,1.000000,1.61698651313781730000,YES,Default,73.26117753982543400000,0.00000000000000000000,0.00000000000000000000,0.00000000000000000000,0.00000000000000000000,0.00000000000000000000,0.00000000000000000000,0.00000000000000000000,0.00000000000000000000,0.00000000000000000000,0.00000000000000000000,0.00000000000000000000,0.00000000000000000000,0.00000000000000000000,0.00000000000000000000,1,100.00000000000000000000,,,,,,,,,,,,,,,,,,,,,,,,,,,,,,,,,,,,,,,,,,,
31,33,3,Line,,Closed,Closed,NO,31,0.00393354659900069250,0.00965626072138547840,0.00139026658143848190,0.00000000000000000000,1.000000,1.61698651313781730000,YES,Default,73.26117753982543400000,0.00000000000000000000,0.00000000000000000000,0.00000000000000000000,0.00000000000000000000,0.00000000000000000000,0.00000000000000000000,0.00000000000000000000,0.00000000000000000000,0.00000000000000000000,0.00000000000000000000,0.00000000000000000000,0.00000000000000000000,0.00000000000000000000,0.00000000000000000000,1,100.00000000000000000000,,,,,,,,,,,,,,,,,,,,,,,,,,,,,,,,,,,,,,,,,,,
32,39,1,Line,,Closed,Closed,NO,32,0.00066400883952155712,0.00686953123658895490,0.01785793341696262400,0.00000000000000000000,1.000000,4.76216602325439420000,YES,Default,525.92287063598630000000,0.00000000000000000000,0.00000000000000000000,0.00000000000000000000,0.00000000000000000000,0.00000000000000000000,0.00000000000000000000,0.00000000000000000000,0.00000000000000000000,0.00000000000000000000,0.00000000000000000000,0.00000000000000000000,0.00000000000000000000,0.00000000000000000000,0.00000000000000000000,1,100.00000000000000000000,,,,,,,,,,,,,,,,,,,,,,,,,,,,,,,,,,,,,,,,,,,
94,32, 1,Line,,Closed,Closed,NO,94,0.00100000004749745120,0.00999999977648258180,0.07500000298023224300,0.00000000000000000000,1.000000,0.00000000000000000000,YES,Default,500.00000000000000000000,0.00000000000000000000,0.00000000000000000000,0.00000000000000000000,0.00000000000000000000,0.00000000000000000000,0.00000000000000000000,0.00000000000000000000,0.00000000000000000000,0.00000000000000000000,0.00000000000000000000,0.00000000000000000000,0.00000000000000000000,0.00000000000000000000,0.00000000000000000000,1,100.00000000000000000000,,,,,,,,,,,,,,,,,,,,,,,,,,,,,,,,,,,,,,,,,,,
37,33,1,Line,,Closed,Closed,NO,37,0.00698639266192913020,0.01804796978831291200,0.00106986204627901310,0.00000000000000000000,1.000000,2.07408857345581060000,YES,Default,70.80685496330261800000,0.00000000000000000000,0.00000000000000000000,0.00000000000000000000,0.00000000000000000000,0.00000000000000000000,0.00000000000000000000,0.00000000000000000000,0.00000000000000000000,0.00000000000000000000,0.00000000000000000000,0.00000000000000000000,0.00000000000000000000,0.00000000000000000000,0.00000000000000000000,1,100.00000000000000000000,,,,,,,,,,,,,,,,,,,,,,,,,,,,,,,,,,,,,,,,,,,
37,34,1,Line,,Closed,Closed,NO,37,0.01246482226997613800,0.03316951170563697900,0.00126890582032501710,0.00000000000000000000,1.000000,2.97982501983642560000,YES,Default,52.42207050323486100000,0.00000000000000000000,0.00000000000000000000,0.00000000000000000000,0.00000000000000000000,0.00000000000000000000,0.00000000000000000000,0.00000000000000000000,0.00000000000000000000,0.00000000000000000000,0.00000000000000000000,0.00000000000000000000,0.00000000000000000000,0.00000000000000000000,0.00000000000000000000,1,100.00000000000000000000,,,,,,,,,,,,,,,,,,,,,,,,,,,,,,,,,,,,,,,,,,,
34,121,1,Line,,Closed,Closed,NO,34,0.01633737795054912600,0.03866879269480705300,0.00289396871812641600,0.00000000000000000000,1.000000,4.68283462524414080000,YES,Default,49.71108138561248600000,0.00000000000000000000,0.00000000000000000000,0.00000000000000000000,0.00000000000000000000,0.00000000000000000000,0.00000000000000000000,0.00000000000000000000,0.00000000000000000000,0.00000000000000000000,0.00000000000000000000,0.00000000000000000000,0.00000000000000000000,0.00000000000000000000,0.00000000000000000000,1,100.00000000000000000000,,,,,,,,,,,,,,,,,,,,,,,,,,,,,,,,,,,,,,,,,,,
42,35,1,Line,,Closed,Closed,NO,42,0.00643140170723199870,0.01761214621365070400,0.00117628707084804770,0.00000000000000000000,1.000000,1.73126423358917250000,YES,Default,89.99999761581420800000,0.00000000000000000000,0.00000000000000000000,0.00000000000000000000,0.00000000000000000000,0.00000000000000000000,0.00000000000000000000,0.00000000000000000000,0.00000000000000000000,0.00000000000000000000,0.00000000000000000000,0.00000000000000000000,0.00000000000000000000,0.00000000000000000000,0.00000000000000000000,1,100.00000000000000000000,,,,,,,,,,,,,,,,,,,,,,,,,,,,,,,,,,,,,,,,,,,
42,35,2,Line,,Closed,Closed,NO,42,0.00643140170723199870,0.01761214621365070400,0.00117628707084804770,0.00000000000000000000,1.000000,1.73126423358917250000,YES,Default,89.99999761581420800000,0.00000000000000000000,0.00000000000000000000,0.00000000000000000000,0.00000000000000000000,0.00000000000000000000,0.00000000000000000000,0.00000000000000000000,0.00000000000000000000,0.00000000000000000000,0.00000000000000000000,0.00000000000000000000,0.00000000000000000000,0.00000000000000000000,0.00000000000000000000,1,100.00000000000000000000,,,,,,,,,,,,,,,,,,,,,,,,,,,,,,,,,,,,,,,,,,,
35,50,1,Line,,Closed,Closed,NO,35,0.00952291861176490750,0.02639684267342090600,0.00694484496489167230,0.00000000000000000000,1.000000,5.77521944046020480000,YES,Default,50.30454993247985900000,0.00000000000000000000,0.00000000000000000000,0.00000000000000000000,0.00000000000000000000,0.00000000000000000000,0.00000000000000000000,0.00000000000000000000,0.00000000000000000000,0.00000000000000000000,0.00000000000000000000,0.00000000000000000000,0.00000000000000000000,0.00000000000000000000,0.00000000000000000000,1,100.00000000000000000000,,,,,,,,,,,,,,,,,,,,,,,,,,,,,,,,,,,,,,,,,,,
38,37,1,Line,,Closed,Closed,NO,38,0.01855907775461673600,0.04241662472486496000,0.00191963475663214910,0.00000000000000000000,1.000000,4.07455110549926780000,YES,Default,68.51667165756225300000,0.00000000000000000000,0.00000000000000000000,0.00000000000000000000,0.00000000000000000000,0.00000000000000000000,0.00000000000000000000,0.00000000000000000000,0.00000000000000000000,0.00000000000000000000,0.00000000000000000000,0.00000000000000000000,0.00000000000000000000,0.00000000000000000000,0.00000000000000000000,1,100.00000000000000000000,,,,,,,,,,,,,,,,,,,,,,,,,,,,,,,,,,,,,,,,,,,
38,40,1,Line,,Closed,Closed,NO,38,0.00582226132974028540,0.01478033978492021400,0.00286656478419899940,0.00000000000000000000,1.000000,2.56718778610229500000,YES,Default,89.99999761581420800000,0.00000000000000000000,0.00000000000000000000,0.00000000000000000000,0.00000000000000000000,0.00000000000000000000,0.00000000000000000000,0.00000000000000000000,0.00000000000000000000,0.00000000000000000000,0.00000000000000000000,0.00000000000000000000,0.00000000000000000000,0.00000000000000000000,0.00000000000000000000,1,100.00000000000000000000,,,,,,,,,,,,,,,,,,,,,,,,,,,,,,,,,,,,,,,,,,,
38,40,2,Line,,Closed,Closed,NO,38,0.00582226132974028540,0.01478033978492021400,0.00286656478419899940,0.00000000000000000000,1.000000,2.56718778610229500000,YES,Default,89.99999761581420800000,0.00000000000000000000,0.00000000000000000000,0.00000000000000000000,0.00000000000000000000,0.00000000000000000000,0.00000000000000000000,0.00000000000000000000,0.00000000000000000000,0.00000000000000000000,0.00000000000000000000,0.00000000000000000000,0.00000000000000000000,0.00000000000000000000,0.00000000000000000000,1,100.00000000000000000000,,,,,,,,,,,,,,,,,,,,,,,,,,,,,,,,,,,,,,,,,,,
38,41,1,Line,,Closed,Closed,NO,38,0.01273186132311821100,0.03056472912430763500,0.00151617755182087420,0.00000000000000000000,1.000000,3.08370995521545410000,YES,Default,65.43074846267700500000,0.00000000000000000000,0.00000000000000000000,0.00000000000000000000,0.00000000000000000000,0.00000000000000000000,0.00000000000000000000,0.00000000000000000000,0.00000000000000000000,0.00000000000000000000,0.00000000000000000000,0.00000000000000000000,0.00000000000000000000,0.00000000000000000000,0.00000000000000000000,1,100.00000000000000000000,,,,,,,,,,,,,,,,,,,,,,,,,,,,,,,,,,,,,,,,,,,
46,39,1,Line,,Closed,Closed,NO,46,0.00058959878515452147,0.00507590873166918780,0.04686072841286659200,0.00000000000000000000,1.000000,6.98766899108886660000,YES,Default,558.77537727355955000000,0.00000000000000000000,0.00000000000000000000,0.00000000000000000000,0.00000000000000000000,0.00000000000000000000,0.00000000000000000000,0.00000000000000000000,0.00000000000000000000,0.00000000000000000000,0.00000000000000000000,0.00000000000000000000,0.00000000000000000000,0.00000000000000000000,0.00000000000000000000,1,100.00000000000000000000,,,,,,,,,,,,,,,,,,,,,,,,,,,,,,,,,,,,,,,,,,,
165,39,1,Line,,Closed,Closed,NO,165,0.00236402940936386590,0.01806492730975151000,0.13582301139831542000,0.00000000000000000000,1.000000,18.95922279357910100000,YES,Default,602.57201194763187000000,0.00000000000000000000,0.00000000000000000000,0.00000000000000000000,0.00000000000000000000,0.00000000000000000000,0.00000000000000000000,0.00000000000000000000,0.00000000000000000000,0.00000000000000000000,0.00000000000000000000,0.00000000000000000000,0.00000000000000000000,0.00000000000000000000,0.00000000000000000000,1,100.00000000000000000000,,,,,,,,,,,,,,,,,,,,,,,,,,,,,,,,,,,,,,,,,,,
40,43,1,Line,,Closed,Closed,NO,40,0.01130599994212389000,0.02864800021052360600,0.00155499996617436420,0.00000000000000000000,1.000000,2.82973766326904290000,YES,Default,100.00000000000000000000,0.00000000000000000000,0.00000000000000000000,0.00000000000000000000,0.00000000000000000000,0.00000000000000000000,0.00000000000000000000,0.00000000000000000000,0.00000000000000000000,0.00000000000000000000,0.00000000000000000000,0.00000000000000000000,0.00000000000000000000,0.00000000000000000000,0.00000000000000000000,1,100.00000000000000000000,,,,,,,,,,,,,,,,,,,,,,,,,,,,,,,,,,,,,,,,,,,
40,43,2,Line,,Closed,Closed,NO,40,0.01130599994212389000,0.02864800021052360600,0.00155499996617436420,0.00000000000000000000,1.000000,2.82973766326904290000,YES,Default,100.00000000000000000000,0.00000000000000000000,0.00000000000000000000,0.00000000000000000000,0.00000000000000000000,0.00000000000000000000,0.00000000000000000000,0.00000000000000000000,0.00000000000000000000,0.00000000000000000000,0.00000000000000000000,0.00000000000000000000,0.00000000000000000000,0.00000000000000000000,0.00000000000000000000,1,100.00000000000000000000,,,,,,,,,,,,,,,,,,,,,,,,,,,,,,,,,,,,,,,,,,,
40,43,3,Line,,Closed,Closed,NO,40,0.01130599994212389000,0.02864800021052360600,0.00155499996617436420,0.00000000000000000000,1.000000,2.82973766326904290000,YES,Default,100.00000000000000000000,0.00000000000000000000,0.00000000000000000000,0.00000000000000000000,0.00000000000000000000,0.00000000000000000000,0.00000000000000000000,0.00000000000000000000,0.00000000000000000000,0.00000000000000000000,0.00000000000000000000,0.00000000000000000000,0.00000000000000000000,0.00000000000000000000,0.00000000000000000000,1,100.00000000000000000000,,,,,,,,,,,,,,,,,,,,,,,,,,,,,,,,,,,,,,,,,,,
41,50,1,Line,,Closed,Closed,NO,41,0.02165672555565833900,0.05225709453225136000,0.00138415233232080940,0.00000000000000000000,1.000000,3.65290522575378430000,YES,Default,56.27885460853577000000,0.00000000000000000000,0.00000000000000000000,0.00000000000000000000,0.00000000000000000000,0.00000000000000000000,0.00000000000000000000,0.00000000000000000000,0.00000000000000000000,0.00000000000000000000,0.00000000000000000000,0.00000000000000000000,0.00000000000000000000,0.00000000000000000000,0.00000000000000000000,1,100.00000000000000000000,,,,,,,,,,,,,,,,,,,,,,,,,,,,,,,,,,,,,,,,,,,
43,42,1,Line,,Closed,Closed,NO,43,0.00319633656181395070,0.00615064194425940480,0.00635315151885151870,0.00000000000000000000,1.000000,2.73595547676086430000,YES,Default,71.37295603752135700000,0.00000000000000000000,0.00000000000000000000,0.00000000000000000000,0.00000000000000000000,0.00000000000000000000,0.00000000000000000000,0.00000000000000000000,0.00000000000000000000,0.00000000000000000000,0.00000000000000000000,0.00000000000000000000,0.00000000000000000000,0.00000000000000000000,0.00000000000000000000,1,100.00000000000000000000,,,,,,,,,,,,,,,,,,,,,,,,,,,,,,,,,,,,,,,,,,,
43,42,2,Line,,Closed,Closed,NO,43,0.00319633656181395070,0.00615064194425940480,0.00635315151885151870,0.00000000000000000000,1.000000,2.73595547676086430000,YES,Default,71.37295603752135700000,0.00000000000000000000,0.00000000000000000000,0.00000000000000000000,0.00000000000000000000,0.00000000000000000000,0.00000000000000000000,0.00000000000000000000,0.00000000000000000000,0.00000000000000000000,0.00000000000000000000,0.00000000000000000000,0.00000000000000000000,0.00000000000000000000,0.00000000000000000000,1,100.00000000000000000000,,,,,,,,,,,,,,,,,,,,,,,,,,,,,,,,,,,,,,,,,,,
43,42, 3,Line,,Closed,Closed,NO,43,0.00319599988870322690,0.00615100003778934530,0.00635300017893314300,0.00000000000000000000,1.000000,2.73595547676086430000,YES,Default,71.37299776077271000000,0.00000000000000000000,0.00000000000000000000,0.00000000000000000000,0.00000000000000000000,0.00000000000000000000,0.00000000000000000000,0.00000000000000000000,0.00000000000000000000,0.00000000000000000000,0.00000000000000000000,0.00000000000000000000,0.00000000000000000000,0.00000000000000000000,0.00000000000000000000,1,100.00000000000000000000,,,,,,,,,,,,,,,,,,,,,,,,,,,,,,,,,,,,,,,,,,,
43,45,1,Line,,Closed,Closed,NO,43,0.00654173037037253380,0.02122175507247448000,0.00238054362125694750,0.00000000000000000000,1.000000,2.99432325363159170000,YES,Default,57.55422115325927700000,0.00000000000000000000,0.00000000000000000000,0.00000000000000000000,0.00000000000000000000,0.00000000000000000000,0.00000000000000000000,0.00000000000000000000,0.00000000000000000000,0.00000000000000000000,0.00000000000000000000,0.00000000000000000000,0.00000000000000000000,0.00000000000000000000,0.00000000000000000000,1,100.00000000000000000000,,,,,,,,,,,,,,,,,,,,,,,,,,,,,,,,,,,,,,,,,,,
47,44,1,Line,,Closed,Closed,NO,47,0.00626963051036000260,0.01554591860622167700,0.00038543154369108378,0.00000000000000000000,1.000000,1.13168954849243170000,YES,Default,85.00000238418579200000,0.00000000000000000000,0.00000000000000000000,0.00000000000000000000,0.00000000000000000000,0.00000000000000000000,0.00000000000000000000,0.00000000000000000000,0.00000000000000000000,0.00000000000000000000,0.00000000000000000000,0.00000000000000000000,0.00000000000000000000,0.00000000000000000000,0.00000000000000000000,1,100.00000000000000000000,,,,,,,,,,,,,,,,,,,,,,,,,,,,,,,,,,,,,,,,,,,
45,51,1,Line,,Closed,Closed,NO,45,0.01464804820716381100,0.02873743139207363200,0.00124136742670089010,0.00000000000000000000,1.000000,2.61899328231811520000,YES,Default,57.20067024230956800000,0.00000000000000000000,0.00000000000000000000,0.00000000000000000000,0.00000000000000000000,0.00000000000000000000,0.00000000000000000000,0.00000000000000000000,0.00000000000000000000,0.00000000000000000000,0.00000000000000000000,0.00000000000000000000,0.00000000000000000000,0.00000000000000000000,0.00000000000000000000,1,100.00000000000000000000,,,,,,,,,,,,,,,,,,,,,,,,,,,,,,,,,,,,,,,,,,,
46,49,1,TransformerWinding,,Closed,Closed,NO,46,0.00507839070633053760,0.20849262177944182000,0.00000000000000000000,0.00000000000000000000,1.000000,0.00000000000000000000,YES,Default,239.10417556762694000000,0.00000000000000000000,0.00000000000000000000,0.00000000000000000000,0.00000000000000000000,0.00000000000000000000,0.00000000000000000000,0.00000000000000000000,0.00000000000000000000,0.00000000000000000000,0.00000000000000000000,0.00000000000000000000,0.00000000000000000000,0.00000000000000000000,0.00000000000000000000,1,100.00000000000000000000,,,,,,,,,,,,,,,,,,,,,,,,,,,,,,,,,,,,,,,,,,,
47,49,1,TransformerWinding,,Closed,Closed,NO,47,-0.00305560743436217280,-0.12544752657413483000,0.00000000000000000000,0.00000000000000000000,1.000000,0.00000000000000000000,YES,Default,139.10417556762696000000,0.00000000000000000000,0.00000000000000000000,0.00000000000000000000,0.00000000000000000000,0.00000000000000000000,0.00000000000000000000,0.00000000000000000000,0.00000000000000000000,0.00000000000000000000,0.00000000000000000000,0.00000000000000000000,0.00000000000000000000,0.00000000000000000000,0.00000000000000000000,1,100.00000000000000000000,,,,,,,,,,,,,,,,,,,,,,,,,,,,,,,,,,,,,,,,,,,
48,49,1,TransformerWinding,,Closed,Closed,NO,48,0.01043617073446512300,0.42845547199249267000,0.00000000000000000000,0.00000000000000000000,1.000000,0.00000000000000000000,YES,Default,100.00000000000000000000,0.00000000000000000000,0.00000000000000000000,0.00000000000000000000,0.00000000000000000000,0.00000000000000000000,0.00000000000000000000,0.00000000000000000000,0.00000000000000000000,0.00000000000000000000,0.00000000000000000000,0.00000000000000000000,0.00000000000000000000,0.00000000000000000000,0.00000000000000000000,1,100.00000000000000000000,,,,,,,,,,,,,,,,,,,,,,,,,,,,,,,,,,,,,,,,,,,
51,52,1,Line,,Closed,Closed,NO,51,0.01031110063195228500,0.03018621355295181400,0.00191662670113146300,0.00000000000000000000,1.000000,3.46719813346862780000,YES,Default,56.60575628280639400000,0.00000000000000000000,0.00000000000000000000,0.00000000000000000000,0.00000000000000000000,0.00000000000000000000,0.00000000000000000000,0.00000000000000000000,0.00000000000000000000,0.00000000000000000000,0.00000000000000000000,0.00000000000000000000,0.00000000000000000000,0.00000000000000000000,0.00000000000000000000,1,100.00000000000000000000,,,,,,,,,,,,,,,,,,,,,,,,,,,,,,,,,,,,,,,,,,,
51,92,1,Line,,Closed,Closed,NO,51,0.01762999594211578200,0.04786882176995277400,0.00339357228949666050,0.00000000000000000000,1.000000,5.56348896026611330000,YES,Default,54.95887994766235500000,0.00000000000000000000,0.00000000000000000000,0.00000000000000000000,0.00000000000000000000,0.00000000000000000000,0.00000000000000000000,0.00000000000000000000,0.00000000000000000000,0.00000000000000000000,0.00000000000000000000,0.00000000000000000000,0.00000000000000000000,0.00000000000000000000,0.00000000000000000000,1,100.00000000000000000000,,,,,,,,,,,,,,,,,,,,,,,,,,,,,,,,,,,,,,,,,,,
54,53,1,Line,,Closed,Closed,NO,54,0.00808264035731554050,0.02165966667234897600,0.00116646080277860180,0.00000000000000000000,1.000000,2.22247028350830080000,YES,Default,89.99999761581420800000,0.00000000000000000000,0.00000000000000000000,0.00000000000000000000,0.00000000000000000000,0.00000000000000000000,0.00000000000000000000,0.00000000000000000000,0.00000000000000000000,0.00000000000000000000,0.00000000000000000000,0.00000000000000000000,0.00000000000000000000,0.00000000000000000000,0.00000000000000000000,1,100.00000000000000000000,,,,,,,,,,,,,,,,,,,,,,,,,,,,,,,,,,,,,,,,,,,
92,53,1,Line,,Closed,Closed,NO,92,0.01562146842479705900,0.04245043545961379800,0.00172431673854589470,0.00000000000000000000,1.000000,3.84633612632751490000,YES,Default,63.79089355468750100000,0.00000000000000000000,0.00000000000000000000,0.00000000000000000000,0.00000000000000000000,0.00000000000000000000,0.00000000000000000000,0.00000000000000000000,0.00000000000000000000,0.00000000000000000000,0.00000000000000000000,0.00000000000000000000,0.00000000000000000000,0.00000000000000000000,0.00000000000000000000,1,100.00000000000000000000,,,,,,,,,,,,,,,,,,,,,,,,,,,,,,,,,,,,,,,,,,,
92,53,2,Line,,Closed,Closed,NO,92,0.01562146842479705900,0.04245043545961379800,0.00172431673854589470,0.00000000000000000000,1.000000,3.84633612632751490000,YES,Default,63.79089355468750100000,0.00000000000000000000,0.00000000000000000000,0.00000000000000000000,0.00000000000000000000,0.00000000000000000000,0.00000000000000000000,0.00000000000000000000,0.00000000000000000000,0.00000000000000000000,0.00000000000000000000,0.00000000000000000000,0.00000000000000000000,0.00000000000000000000,0.00000000000000000000,1,100.00000000000000000000,,,,,,,,,,,,,,,,,,,,,,,,,,,,,,,,,,,,,,,,,,,
53,162,1,Line,,Closed,Closed,NO,53,0.01370580494403839200,0.03636209294199943700,0.02199500240385532500,0.00000000000000000000,1.000000,12.23183155059814400000,YES,Default,89.99999761581420800000,0.00000000000000000000,0.00000000000000000000,0.00000000000000000000,0.00000000000000000000,0.00000000000000000000,0.00000000000000000000,0.00000000000000000000,0.00000000000000000000,0.00000000000000000000,0.00000000000000000000,0.00000000000000000000,0.00000000000000000000,0.00000000000000000000,0.00000000000000000000,1,100.00000000000000000000,,,,,,,,,,,,,,,,,,,,,,,,,,,,,,,,,,,,,,,,,,,
55,57,1,Line,,Closed,Closed,NO,55,0.01336869131773710400,0.02670880220830440600,0.00142234330996870990,0.00000000000000000000,1.000000,2.63008546829223650000,YES,Default,69.99999880790711000000,0.00000000000000000000,0.00000000000000000000,0.00000000000000000000,0.00000000000000000000,0.00000000000000000000,0.00000000000000000000,0.00000000000000000000,0.00000000000000000000,0.00000000000000000000,0.00000000000000000000,0.00000000000000000000,0.00000000000000000000,0.00000000000000000000,0.00000000000000000000,1,100.00000000000000000000,,,,,,,,,,,,,,,,,,,,,,,,,,,,,,,,,,,,,,,,,,,
102,55,1,Line,,Closed,Closed,NO,102,0.01238681282848119800,0.03420537337660789800,0.00079778989311307674,0.00000000000000000000,1.000000,2.24970197677612320000,YES,Default,85.00000238418579200000,0.00000000000000000000,0.00000000000000000000,0.00000000000000000000,0.00000000000000000000,0.00000000000000000000,0.00000000000000000000,0.00000000000000000000,0.00000000000000000000,0.00000000000000000000,0.00000000000000000000,0.00000000000000000000,0.00000000000000000000,0.00000000000000000000,0.00000000000000000000,1,100.00000000000000000000,,,,,,,,,,,,,,,,,,,,,,,,,,,,,,,,,,,,,,,,,,,
60,56,1,Line,,Closed,Closed,NO,60,0.00750523153692483840,0.02286572940647602200,0.00117921328637748960,0.00000000000000000000,1.000000,2.31238222122192380000,YES,Default,80.00000119209289000000,0.00000000000000000000,0.00000000000000000000,0.00000000000000000000,0.00000000000000000000,0.00000000000000000000,0.00000000000000000000,0.00000000000000000000,0.00000000000000000000,0.00000000000000000000,0.00000000000000000000,0.00000000000000000000,0.00000000000000000000,0.00000000000000000000,0.00000000000000000000,1,100.00000000000000000000,,,,,,,,,,,,,,,,,,,,,,,,,,,,,,,,,,,,,,,,,,,
72,56,1,Line,,Closed,Closed,NO,72,0.01014564931392669800,0.02299891598522663000,0.00083147891564294694,0.00000000000000000000,1.000000,1.96168172359466560000,YES,Default,63.53814601898193900000,0.00000000000000000000,0.00000000000000000000,0.00000000000000000000,0.00000000000000000000,0.00000000000000000000,0.00000000000000000000,0.00000000000000000000,0.00000000000000000000,0.00000000000000000000,0.00000000000000000000,0.00000000000000000000,0.00000000000000000000,0.00000000000000000000,0.00000000000000000000,1,100.00000000000000000000,,,,,,,,,,,,,,,,,,,,,,,,,,,,,,,,,,,,,,,,,,,
57,60,1,Line,,Closed,Closed,NO,57,0.01318603102117777000,0.03173468261957168600,0.00102192827034741650,0.00000000000000000000,1.000000,2.31976890563964830000,YES,Default,100.00000000000000000000,0.00000000000000000000,0.00000000000000000000,0.00000000000000000000,0.00000000000000000000,0.00000000000000000000,0.00000000000000000000,0.00000000000000000000,0.00000000000000000000,0.00000000000000000000,0.00000000000000000000,0.00000000000000000000,0.00000000000000000000,0.00000000000000000000,0.00000000000000000000,1,100.00000000000000000000,,,,,,,,,,,,,,,,,,,,,,,,,,,,,,,,,,,,,,,,,,,
70,58,1,Line,,Closed,Closed,NO,70,0.00089700001990422605,0.00720300013199448580,0.01882299967110157100,0.00000000000000000000,1.000000,4.83416891098022460000,YES,Default,480.82699775695802000000,0.00000000000000000000,0.00000000000000000000,0.00000000000000000000,0.00000000000000000000,0.00000000000000000000,0.00000000000000000000,0.00000000000000000000,0.00000000000000000000,0.00000000000000000000,0.00000000000000000000,0.00000000000000000000,0.00000000000000000000,0.00000000000000000000,0.00000000000000000000,1,100.00000000000000000000,,,,,,,,,,,,,,,,,,,,,,,,,,,,,,,,,,,,,,,,,,,
101,58, 1,Line,,Closed,Closed,NO,101,0.00089999998454004531,0.00719999987632036220,0.01999999955296516500,0.00000000000000000000,1.000000,0.00000000000000000000,YES,Default,480.00001907348634000000,0.00000000000000000000,0.00000000000000000000,0.00000000000000000000,0.00000000000000000000,0.00000000000000000000,0.00000000000000000000,0.00000000000000000000,0.00000000000000000000,0.00000000000000000000,0.00000000000000000000,0.00000000000000000000,0.00000000000000000000,0.00000000000000000000,0.00000000000000000000,1,100.00000000000000000000,,,,,,,,,,,,,,,,,,,,,,,,,,,,,,,,,,,,,,,,,,,
58,137,1,Line,,Closed,Closed,NO,58,0.00075610802741721267,0.00612384174019098240,0.03288017585873603800,0.00000000000000000000,1.000000,6.45614433288574210000,YES,Default,503.14188003540038000000,0.00000000000000000000,0.00000000000000000000,0.00000000000000000000,0.00000000000000000000,0.00000000000000000000,0.00000000000000000000,0.00000000000000000000,0.00000000000000000000,0.00000000000000000000,0.00000000000000000000,0.00000000000000000000,0.00000000000000000000,0.00000000000000000000,0.00000000000000000000,1,100.00000000000000000000,,,,,,,,,,,,,,,,,,,,,,,,,,,,,,,,,,,,,,,,,,,
63,59, 1,Line,,Closed,Closed,NO,63,0.02917355485260486400,0.07052979618310928600,0.00730539765208959620,0.00000000000000000000,1.000000,10.45880985260009800000,YES,Default,51.63602232933044500000,0.00000000000000000000,0.00000000000000000000,0.00000000000000000000,0.00000000000000000000,0.00000000000000000000,0.00000000000000000000,0.00000000000000000000,0.00000000000000000000,0.00000000000000000000,0.00000000000000000000,0.00000000000000000000,0.00000000000000000000,0.00000000000000000000,0.00000000000000000000,1,100.00000000000000000000,,,,,,,,,,,,,,,,,,,,,,,,,,,,,,,,,,,,,,,,,,,
59,97,1,Line,,Closed,Closed,NO,59,0.01093658152967691400,0.02597231045365333400,0.02640859968960285100,0.00000000000000000000,1.000000,12.28199768066406100000,YES,Default,57.93490409851074600000,0.00000000000000000000,0.00000000000000000000,0.00000000000000000000,0.00000000000000000000,0.00000000000000000000,0.00000000000000000000,0.00000000000000000000,0.00000000000000000000,0.00000000000000000000,0.00000000000000000000,0.00000000000000000000,0.00000000000000000000,0.00000000000000000000,0.00000000000000000000,1,100.00000000000000000000,,,,,,,,,,,,,,,,,,,,,,,,,,,,,,,,,,,,,,,,,,,
59,97,2,Line,,Closed,Closed,NO,59,0.01093658152967691400,0.02597231045365333400,0.02640859968960285100,0.00000000000000000000,1.000000,12.28199768066406100000,YES,Default,57.93490409851074600000,0.00000000000000000000,0.00000000000000000000,0.00000000000000000000,0.00000000000000000000,0.00000000000000000000,0.00000000000000000000,0.00000000000000000000,0.00000000000000000000,0.00000000000000000000,0.00000000000000000000,0.00000000000000000000,0.00000000000000000000,0.00000000000000000000,0.00000000000000000000,1,100.00000000000000000000,,,,,,,,,,,,,,,,,,,,,,,,,,,,,,,,,,,,,,,,,,,
60,130,1,Line,,Closed,Closed,NO,60,0.00391832180321216580,0.01077880244702100800,0.01046837493777275200,0.00000000000000000000,1.000000,4.69994068145751940000,YES,Default,68.99463534355164200000,0.00000000000000000000,0.00000000000000000000,0.00000000000000000000,0.00000000000000000000,0.00000000000000000000,0.00000000000000000000,0.00000000000000000000,0.00000000000000000000,0.00000000000000000000,0.00000000000000000000,0.00000000000000000000,0.00000000000000000000,0.00000000000000000000,0.00000000000000000000,1,100.00000000000000000000,,,,,,,,,,,,,,,,,,,,,,,,,,,,,,,,,,,,,,,,,,,
60,130,2,Line,,Closed,Closed,NO,60,0.00391832180321216580,0.01077880244702100800,0.01046837493777275200,0.00000000000000000000,1.000000,4.69994068145751940000,YES,Default,68.99463534355164200000,0.00000000000000000000,0.00000000000000000000,0.00000000000000000000,0.00000000000000000000,0.00000000000000000000,0.00000000000000000000,0.00000000000000000000,0.00000000000000000000,0.00000000000000000000,0.00000000000000000000,0.00000000000000000000,0.00000000000000000000,0.00000000000000000000,0.00000000000000000000,1,100.00000000000000000000,,,,,,,,,,,,,,,,,,,,,,,,,,,,,,,,,,,,,,,,,,,
61,62,1,Line,,Closed,Closed,NO,61,0.00595717504620552060,0.01446245703846216300,0.00083437847206369037,0.00000000000000000000,1.000000,1.46618807315826430000,YES,Default,61.64089441299438100000,0.00000000000000000000,0.00000000000000000000,0.00000000000000000000,0.00000000000000000000,0.00000000000000000000,0.00000000000000000000,0.00000000000000000000,0.00000000000000000000,0.00000000000000000000,0.00000000000000000000,0.00000000000000000000,0.00000000000000000000,0.00000000000000000000,0.00000000000000000000,1,100.00000000000000000000,,,,,,,,,,,,,,,,,,,,,,,,,,,,,,,,,,,,,,,,,,,
76,61,1,Line,,Closed,Closed,NO,76,0.00594698591157794050,0.01530326623469591000,0.00401185406371951100,0.00000000000000000000,1.000000,3.24428105354309060000,YES,Default,55.69328665733337600000,0.00000000000000000000,0.00000000000000000000,0.00000000000000000000,0.00000000000000000000,0.00000000000000000000,0.00000000000000000000,0.00000000000000000000,0.00000000000000000000,0.00000000000000000000,0.00000000000000000000,0.00000000000000000000,0.00000000000000000000,0.00000000000000000000,0.00000000000000000000,1,100.00000000000000000000,,,,,,,,,,,,,,,,,,,,,,,,,,,,,,,,,,,,,,,,,,,
61,77,1,Line,,Closed,Closed,NO,61,0.00725855072960257540,0.02120535820722579800,0.00374457868747413180,0.00000000000000000000,1.000000,3.75213384628295870000,YES,Default,63.16557526588440300000,0.00000000000000000000,0.00000000000000000000,0.00000000000000000000,0.00000000000000000000,0.00000000000000000000,0.00000000000000000000,0.00000000000000000000,0.00000000000000000000,0.00000000000000000000,0.00000000000000000000,0.00000000000000000000,0.00000000000000000000,0.00000000000000000000,0.00000000000000000000,1,100.00000000000000000000,,,,,,,,,,,,,,,,,,,,,,,,,,,,,,,,,,,,,,,,,,,
62,130,1,Line,,Closed,Closed,NO,62,0.00869893562048673660,0.02036032639443874200,0.00096381915500387546,0.00000000000000000000,1.000000,2.02392745018005380000,YES,Default,57.69901275634766100000,0.00000000000000000000,0.00000000000000000000,0.00000000000000000000,0.00000000000000000000,0.00000000000000000000,0.00000000000000000000,0.00000000000000000000,0.00000000000000000000,0.00000000000000000000,0.00000000000000000000,0.00000000000000000000,0.00000000000000000000,0.00000000000000000000,0.00000000000000000000,1,100.00000000000000000000,,,,,,,,,,,,,,,,,,,,,,,,,,,,,,,,,,,,,,,,,,,
65,63,1,Line,,Closed,Closed,NO,65,0.00937922298908233600,0.02629235200583934700,0.00112896517384797340,0.00000000000000000000,1.000000,2.29079866409301760000,YES,Default,89.99999761581420800000,0.00000000000000000000,0.00000000000000000000,0.00000000000000000000,0.00000000000000000000,0.00000000000000000000,0.00000000000000000000,0.00000000000000000000,0.00000000000000000000,0.00000000000000000000,0.00000000000000000000,0.00000000000000000000,0.00000000000000000000,0.00000000000000000000,0.00000000000000000000,1,100.00000000000000000000,,,,,,,,,,,,,,,,,,,,,,,,,,,,,,,,,,,,,,,,,,,
63,160, 1,Line,,Closed,Closed,NO,63,0.03342297673225402900,0.07890609651803970600,0.00824652239680290180,0.00000000000000000000,1.000000,11.62050628662109400000,YES,Default,41.56156182289123800000,0.00000000000000000000,0.00000000000000000000,0.00000000000000000000,0.00000000000000000000,0.00000000000000000000,0.00000000000000000000,0.00000000000000000000,0.00000000000000000000,0.00000000000000000000,0.00000000000000000000,0.00000000000000000000,0.00000000000000000000,0.00000000000000000000,0.00000000000000000000,1,100.00000000000000000000,,,,,,,,,,,,,,,,,,,,,,,,,,,,,,,,,,,,,,,,,,,
64,65,1,Line,,Closed,Closed,NO,64,0.00636049499735236220,0.01957725174725055700,0.00133465195540338770,0.00000000000000000000,1.000000,2.35952639579772960000,YES,Default,110.00000238418579000000,0.00000000000000000000,0.00000000000000000000,0.00000000000000000000,0.00000000000000000000,0.00000000000000000000,0.00000000000000000000,0.00000000000000000000,0.00000000000000000000,0.00000000000000000000,0.00000000000000000000,0.00000000000000000000,0.00000000000000000000,0.00000000000000000000,0.00000000000000000000,1,100.00000000000000000000,,,,,,,,,,,,,,,,,,,,,,,,,,,,,,,,,,,,,,,,,,,
69,64,1,Line,,Closed,Closed,NO,69,0.01457397080957889600,0.03917726501822471700,0.00153806712478399300,0.00000000000000000000,1.000000,3.11420559883117700000,YES,Default,85.00000238418579200000,0.00000000000000000000,0.00000000000000000000,0.00000000000000000000,0.00000000000000000000,0.00000000000000000000,0.00000000000000000000,0.00000000000000000000,0.00000000000000000000,0.00000000000000000000,0.00000000000000000000,0.00000000000000000000,0.00000000000000000000,0.00000000000000000000,0.00000000000000000000,1,100.00000000000000000000,,,,,,,,,,,,,,,,,,,,,,,,,,,,,,,,,,,,,,,,,,,
69,64,2,Line,,Closed,Closed,NO,69,0.01457397080957889600,0.03917726501822471700,0.00153806712478399300,0.00000000000000000000,1.000000,3.11420559883117700000,YES,Default,85.00000238418579200000,0.00000000000000000000,0.00000000000000000000,0.00000000000000000000,0.00000000000000000000,0.00000000000000000000,0.00000000000000000000,0.00000000000000000000,0.00000000000000000000,0.00000000000000000000,0.00000000000000000000,0.00000000000000000000,0.00000000000000000000,0.00000000000000000000,0.00000000000000000000,1,100.00000000000000000000,,,,,,,,,,,,,,,,,,,,,,,,,,,,,,,,,,,,,,,,,,,
71,65,1,Line,,Closed,Closed,NO,71,0.00668566348031163260,0.01864146254956722200,0.00135119841434061520,0.00000000000000000000,1.000000,2.34216928482055680000,YES,Default,85.00000238418579200000,0.00000000000000000000,0.00000000000000000000,0.00000000000000000000,0.00000000000000000000,0.00000000000000000000,0.00000000000000000000,0.00000000000000000000,0.00000000000000000000,0.00000000000000000000,0.00000000000000000000,0.00000000000000000000,0.00000000000000000000,0.00000000000000000000,0.00000000000000000000,1,100.00000000000000000000,,,,,,,,,,,,,,,,,,,,,,,,,,,,,,,,,,,,,,,,,,,
67,66,1,Line,,Closed,Closed,NO,67,0.00874600000679492990,0.01623399928212165800,0.00185700005386024700,0.00000000000000000000,1.000000,2.31187629699707040000,YES,Default,45.03799974918365400000,0.00000000000000000000,0.00000000000000000000,0.00000000000000000000,0.00000000000000000000,0.00000000000000000000,0.00000000000000000000,0.00000000000000000000,0.00000000000000000000,0.00000000000000000000,0.00000000000000000000,0.00000000000000000000,0.00000000000000000000,0.00000000000000000000,0.00000000000000000000,1,100.00000000000000000000,,,,,,,,,,,,,,,,,,,,,,,,,,,,,,,,,,,,,,,,,,,
66,86, 1,Line,,Closed,Closed,NO,66,0.00100000004749745120,0.00999999977648258180,0.00009999999747378752,0.00000000000000000000,1.000000,0.00000000000000000000,YES,Default,44.99999880790710400000,0.00000000000000000000,0.00000000000000000000,0.00000000000000000000,0.00000000000000000000,0.00000000000000000000,0.00000000000000000000,0.00000000000000000000,0.00000000000000000000,0.00000000000000000000,0.00000000000000000000,0.00000000000000000000,0.00000000000000000000,0.00000000000000000000,0.00000000000000000000,1,100.00000000000000000000,,,,,,,,,,,,,,,,,,,,,,,,,,,,,,,,,,,,,,,,,,,
67,69,1,Line,,Closed,Closed,NO,67,0.00626716669648885760,0.01872404105961322900,0.00246929982677102080,0.00000000000000000000,1.000000,3.10946154594421380000,YES,Default,89.99999761581420800000,0.00000000000000000000,0.00000000000000000000,0.00000000000000000000,0.00000000000000000000,0.00000000000000000000,0.00000000000000000000,0.00000000000000000000,0.00000000000000000000,0.00000000000000000000,0.00000000000000000000,0.00000000000000000000,0.00000000000000000000,0.00000000000000000000,0.00000000000000000000,1,100.00000000000000000000,,,,,,,,,,,,,,,,,,,,,,,,,,,,,,,,,,,,,,,,,,,
67,69,2,Line,,Closed,Closed,NO,67,0.00626716669648885760,0.01872404105961322900,0.00246929982677102080,0.00000000000000000000,1.000000,3.10946154594421380000,YES,Default,89.99999761581420800000,0.00000000000000000000,0.00000000000000000000,0.00000000000000000000,0.00000000000000000000,0.00000000000000000000,0.00000000000000000000,0.00000000000000000000,0.00000000000000000000,0.00000000000000000000,0.00000000000000000000,0.00000000000000000000,0.00000000000000000000,0.00000000000000000000,0.00000000000000000000,1,100.00000000000000000000,,,,,,,,,,,,,,,,,,,,,,,,,,,,,,,,,,,,,,,,,,,
88,67,1,Line,,Closed,Closed,NO,88,0.01292099989950656800,0.03931900113821029800,0.01353299990296363800,0.00000000000000000000,1.000000,10.01223945617675800000,YES,Default,78.98399829864501800000,0.00000000000000000000,0.00000000000000000000,0.00000000000000000000,0.00000000000000000000,0.00000000000000000000,0.00000000000000000000,0.00000000000000000000,0.00000000000000000000,0.00000000000000000000,0.00000000000000000000,0.00000000000000000000,0.00000000000000000000,0.00000000000000000000,0.00000000000000000000,1,100.00000000000000000000,,,,,,,,,,,,,,,,,,,,,,,,,,,,,,,,,,,,,,,,,,,
88,67,2,Line,,Closed,Closed,NO,88,0.01292134448885917800,0.03931926935911178900,0.01353286858648061800,0.00000000000000000000,1.000000,10.01223945617675800000,YES,Default,78.98351550102233600000,0.00000000000000000000,0.00000000000000000000,0.00000000000000000000,0.00000000000000000000,0.00000000000000000000,0.00000000000000000000,0.00000000000000000000,0.00000000000000000000,0.00000000000000000000,0.00000000000000000000,0.00000000000000000000,0.00000000000000000000,0.00000000000000000000,0.00000000000000000000,1,100.00000000000000000000,,,,,,,,,,,,,,,,,,,,,,,,,,,,,,,,,,,,,,,,,,,
88,67,3,Line,,Closed,Closed,NO,88,0.01292134448885917800,0.03931926935911178900,0.01353286858648061800,0.00000000000000000000,1.000000,10.01223945617675800000,YES,Default,78.98351550102233600000,0.00000000000000000000,0.00000000000000000000,0.00000000000000000000,0.00000000000000000000,0.00000000000000000000,0.00000000000000000000,0.00000000000000000000,0.00000000000000000000,0.00000000000000000000,0.00000000000000000000,0.00000000000000000000,0.00000000000000000000,0.00000000000000000000,0.00000000000000000000,1,100.00000000000000000000,,,,,,,,,,,,,,,,,,,,,,,,,,,,,,,,,,,,,,,,,,,
68,70,1,Line,,Closed,Closed,NO,68,0.00040217448258772493,0.00387984351254999620,0.02637149952352047000,0.00000000000000000000,1.000000,4.07349681854248060000,YES,Default,483.46867561340333000000,0.00000000000000000000,0.00000000000000000000,0.00000000000000000000,0.00000000000000000000,0.00000000000000000000,0.00000000000000000000,0.00000000000000000000,0.00000000000000000000,0.00000000000000000000,0.00000000000000000000,0.00000000000000000000,0.00000000000000000000,0.00000000000000000000,0.00000000000000000000,1,100.00000000000000000000,,,,,,,,,,,,,,,,,,,,,,,,,,,,,,,,,,,,,,,,,,,
73,68,1,Line,,Closed,Closed,NO,73,0.00058460293803364045,0.00488779880106449150,0.03094910271465778600,0.00000000000000000000,1.000000,5.55869245529174780000,YES,Default,545.43066024780275000000,0.00000000000000000000,0.00000000000000000000,0.00000000000000000000,0.00000000000000000000,0.00000000000000000000,0.00000000000000000000,0.00000000000000000000,0.00000000000000000000,0.00000000000000000000,0.00000000000000000000,0.00000000000000000000,0.00000000000000000000,0.00000000000000000000,0.00000000000000000000,1,100.00000000000000000000,,,,,,,,,,,,,,,,,,,,,,,,,,,,,,,,,,,,,,,,,,,
82,69,1,Line,,Closed,Closed,NO,82,0.00661978404968977020,0.01388306729495525400,0.00242227222770452510,0.00000000000000000000,1.000000,2.49496817588806140000,YES,Default,89.99999761581420800000,0.00000000000000000000,0.00000000000000000000,0.00000000000000000000,0.00000000000000000000,0.00000000000000000000,0.00000000000000000000,0.00000000000000000000,0.00000000000000000000,0.00000000000000000000,0.00000000000000000000,0.00000000000000000000,0.00000000000000000000,0.00000000000000000000,0.00000000000000000000,1,100.00000000000000000000,,,,,,,,,,,,,,,,,,,,,,,,,,,,,,,,,,,,,,,,,,,
82,69,2,Line,,Closed,Closed,NO,82,0.00661978404968977020,0.01388306729495525400,0.00242227222770452510,0.00000000000000000000,1.000000,2.49496817588806140000,YES,Default,89.99999761581420800000,0.00000000000000000000,0.00000000000000000000,0.00000000000000000000,0.00000000000000000000,0.00000000000000000000,0.00000000000000000000,0.00000000000000000000,0.00000000000000000000,0.00000000000000000000,0.00000000000000000000,0.00000000000000000000,0.00000000000000000000,0.00000000000000000000,0.00000000000000000000,1,100.00000000000000000000,,,,,,,,,,,,,,,,,,,,,,,,,,,,,,,,,,,,,,,,,,,
71,72,1,Line,,Closed,Closed,NO,71,0.00295459176413714880,0.00782128050923347460,0.00106421986129134900,0.00000000000000000000,1.000000,1.24766588211059570000,YES,Default,68.41926574707031000000,0.00000000000000000000,0.00000000000000000000,0.00000000000000000000,0.00000000000000000000,0.00000000000000000000,0.00000000000000000000,0.00000000000000000000,0.00000000000000000000,0.00000000000000000000,0.00000000000000000000,0.00000000000000000000,0.00000000000000000000,0.00000000000000000000,0.00000000000000000000,1,100.00000000000000000000,,,,,,,,,,,,,,,,,,,,,,,,,,,,,,,,,,,,,,,,,,,
71,72,2,Line,,Closed,Closed,NO,71,0.00295459176413714880,0.00782128050923347460,0.00106421986129134900,0.00000000000000000000,1.000000,1.24766588211059570000,YES,Default,68.41926574707031000000,0.00000000000000000000,0.00000000000000000000,0.00000000000000000000,0.00000000000000000000,0.00000000000000000000,0.00000000000000000000,0.00000000000000000000,0.00000000000000000000,0.00000000000000000000,0.00000000000000000000,0.00000000000000000000,0.00000000000000000000,0.00000000000000000000,0.00000000000000000000,1,100.00000000000000000000,,,,,,,,,,,,,,,,,,,,,,,,,,,,,,,,,,,,,,,,,,,
147,73,1,Line,,Closed,Closed,NO,147,0.00064230797579512000,0.00537688052281737340,0.04139413312077522600,0.00000000000000000000,1.000000,6.76351070404052740000,YES,Default,578.48591804504397000000,0.00000000000000000000,0.00000000000000000000,0.00000000000000000000,0.00000000000000000000,0.00000000000000000000,0.00000000000000000000,0.00000000000000000000,0.00000000000000000000,0.00000000000000000000,0.00000000000000000000,0.00000000000000000000,0.00000000000000000000,0.00000000000000000000,0.00000000000000000000,1,100.00000000000000000000,,,,,,,,,,,,,,,,,,,,,,,,,,,,,,,,,,,,,,,,,,,
79,74,1,Line,,Closed,Closed,NO,79,0.00517962547019124030,0.01356741692870855400,0.00295205460861325250,0.00000000000000000000,1.000000,2.75741815567016610000,YES,Default,85.00000238418579200000,0.00000000000000000000,0.00000000000000000000,0.00000000000000000000,0.00000000000000000000,0.00000000000000000000,0.00000000000000000000,0.00000000000000000000,0.00000000000000000000,0.00000000000000000000,0.00000000000000000000,0.00000000000000000000,0.00000000000000000000,0.00000000000000000000,0.00000000000000000000,1,100.00000000000000000000,,,,,,,,,,,,,,,,,,,,,,,,,,,,,,,,,,,,,,,,,,,
75,76,1,Line,,Closed,Closed,NO,75,0.00698175700381398140,0.01666562817990779800,0.00225653196685016160,0.00000000000000000000,1.000000,2.71636795997619620000,YES,Default,58.28157663345336300000,0.00000000000000000000,0.00000000000000000000,0.00000000000000000000,0.00000000000000000000,0.00000000000000000000,0.00000000000000000000,0.00000000000000000000,0.00000000000000000000,0.00000000000000000000,0.00000000000000000000,0.00000000000000000000,0.00000000000000000000,0.00000000000000000000,0.00000000000000000000,1,100.00000000000000000000,,,,,,,,,,,,,,,,,,,,,,,,,,,,,,,,,,,,,,,,,,,
75,79,1,Line,,Closed,Closed,NO,75,0.00891612377017736450,0.02394933998584747200,0.00131833192426711330,0.00000000000000000000,1.000000,2.46816515922546400000,YES,Default,67.04578399658202900000,0.00000000000000000000,0.00000000000000000000,0.00000000000000000000,0.00000000000000000000,0.00000000000000000000,0.00000000000000000000,0.00000000000000000000,0.00000000000000000000,0.00000000000000000000,0.00000000000000000000,0.00000000000000000000,0.00000000000000000000,0.00000000000000000000,0.00000000000000000000,1,100.00000000000000000000,,,,,,,,,,,,,,,,,,,,,,,,,,,,,,,,,,,,,,,,,,,
75,79,2,Line,,Closed,Closed,NO,75,0.00891612377017736450,0.02394933998584747200,0.00131833192426711330,0.00000000000000000000,1.000000,2.46816515922546400000,YES,Default,67.04578399658202900000,0.00000000000000000000,0.00000000000000000000,0.00000000000000000000,0.00000000000000000000,0.00000000000000000000,0.00000000000000000000,0.00000000000000000000,0.00000000000000000000,0.00000000000000000000,0.00000000000000000000,0.00000000000000000000,0.00000000000000000000,0.00000000000000000000,0.00000000000000000000,1,100.00000000000000000000,,,,,,,,,,,,,,,,,,,,,,,,,,,,,,,,,,,,,,,,,,,
78,77,1,Line,,Closed,Closed,NO,78,0.00474601704627275460,0.01106336619704961800,0.00164612184744328260,0.00000000000000000000,1.000000,1.78774118423461920000,YES,Default,68.04666519165039400000,0.00000000000000000000,0.00000000000000000000,0.00000000000000000000,0.00000000000000000000,0.00000000000000000000,0.00000000000000000000,0.00000000000000000000,0.00000000000000000000,0.00000000000000000000,0.00000000000000000000,0.00000000000000000000,0.00000000000000000000,0.00000000000000000000,0.00000000000000000000,1,100.00000000000000000000,,,,,,,,,,,,,,,,,,,,,,,,,,,,,,,,,,,,,,,,,,,
78,77,2,Line,,Closed,Closed,NO,78,0.00474601704627275460,0.01106336619704961800,0.00164612184744328260,0.00000000000000000000,1.000000,1.78774118423461920000,YES,Default,68.04666519165039400000,0.00000000000000000000,0.00000000000000000000,0.00000000000000000000,0.00000000000000000000,0.00000000000000000000,0.00000000000000000000,0.00000000000000000000,0.00000000000000000000,0.00000000000000000000,0.00000000000000000000,0.00000000000000000000,0.00000000000000000000,0.00000000000000000000,0.00000000000000000000,1,100.00000000000000000000,,,,,,,,,,,,,,,,,,,,,,,,,,,,,,,,,,,,,,,,,,,
78,83,1,Line,,Closed,Closed,NO,78,0.00948428083211183490,0.02772567421197891200,0.00295962998643517500,0.00000000000000000000,1.000000,4.12277126312255870000,YES,Default,61.03415489196777000000,0.00000000000000000000,0.00000000000000000000,0.00000000000000000000,0.00000000000000000000,0.00000000000000000000,0.00000000000000000000,0.00000000000000000000,0.00000000000000000000,0.00000000000000000000,0.00000000000000000000,0.00000000000000000000,0.00000000000000000000,0.00000000000000000000,0.00000000000000000000,1,100.00000000000000000000,,,,,,,,,,,,,,,,,,,,,,,,,,,,,,,,,,,,,,,,,,,
143,78,1,Line,,Closed,Closed,NO,143,0.00194328697398304960,0.00448038894683122620,0.00443820888176560380,0.00000000000000000000,1.000000,2.11872291564941410000,YES,Default,89.99999761581420800000,0.00000000000000000000,0.00000000000000000000,0.00000000000000000000,0.00000000000000000000,0.00000000000000000000,0.00000000000000000000,0.00000000000000000000,0.00000000000000000000,0.00000000000000000000,0.00000000000000000000,0.00000000000000000000,0.00000000000000000000,0.00000000000000000000,0.00000000000000000000,1,100.00000000000000000000,,,,,,,,,,,,,,,,,,,,,,,,,,,,,,,,,,,,,,,,,,,
143,78,2,Line,,Closed,Closed,NO,143,0.00194328697398304960,0.00448038894683122620,0.00443820888176560380,0.00000000000000000000,1.000000,2.11872291564941410000,YES,Default,89.99999761581420800000,0.00000000000000000000,0.00000000000000000000,0.00000000000000000000,0.00000000000000000000,0.00000000000000000000,0.00000000000000000000,0.00000000000000000000,0.00000000000000000000,0.00000000000000000000,0.00000000000000000000,0.00000000000000000000,0.00000000000000000000,0.00000000000000000000,0.00000000000000000000,1,100.00000000000000000000,,,,,,,,,,,,,,,,,,,,,,,,,,,,,,,,,,,,,,,,,,,
146,79,1,Line,,Closed,Closed,NO,146,0.01133471541106701000,0.02139667421579361000,0.00146178004797548060,0.00000000000000000000,1.000000,2.53093910217285150000,YES,Default,69.06495094299316500000,0.00000000000000000000,0.00000000000000000000,0.00000000000000000000,0.00000000000000000000,0.00000000000000000000,0.00000000000000000000,0.00000000000000000000,0.00000000000000000000,0.00000000000000000000,0.00000000000000000000,0.00000000000000000000,0.00000000000000000000,0.00000000000000000000,0.00000000000000000000,1,100.00000000000000000000,,,,,,,,,,,,,,,,,,,,,,,,,,,,,,,,,,,,,,,,,,,
146,79,2,Line,,Closed,Closed,NO,146,0.01133471541106701000,0.02139667421579361000,0.00146178004797548060,0.00000000000000000000,1.000000,2.53093910217285150000,YES,Default,69.06495094299316500000,0.00000000000000000000,0.00000000000000000000,0.00000000000000000000,0.00000000000000000000,0.00000000000000000000,0.00000000000000000000,0.00000000000000000000,0.00000000000000000000,0.00000000000000000000,0.00000000000000000000,0.00000000000000000000,0.00000000000000000000,0.00000000000000000000,0.00000000000000000000,1,100.00000000000000000000,,,,,,,,,,,,,,,,,,,,,,,,,,,,,,,,,,,,,,,,,,,
80,81,1,Line,,Closed,Closed,NO,80,0.00519869662821292860,0.01766836084425449300,0.00151487335097044700,0.00000000000000000000,1.000000,2.43832373619079580000,YES,Default,41.00515842437744000000,0.00000000000000000000,0.00000000000000000000,0.00000000000000000000,0.00000000000000000000,0.00000000000000000000,0.00000000000000000000,0.00000000000000000000,0.00000000000000000000,0.00000000000000000000,0.00000000000000000000,0.00000000000000000000,0.00000000000000000000,0.00000000000000000000,0.00000000000000000000,1,100.00000000000000000000,,,,,,,,,,,,,,,,,,,,,,,,,,,,,,,,,,,,,,,,,,,
82,80,1,Line,,Closed,Closed,NO,82,0.00580602139234542850,0.01361449714750051500,0.00295548490248620480,0.00000000000000000000,1.000000,2.75076723098754880000,YES,Default,67.07756519317626900000,0.00000000000000000000,0.00000000000000000000,0.00000000000000000000,0.00000000000000000000,0.00000000000000000000,0.00000000000000000000,0.00000000000000000000,0.00000000000000000000,0.00000000000000000000,0.00000000000000000000,0.00000000000000000000,0.00000000000000000000,0.00000000000000000000,0.00000000000000000000,1,100.00000000000000000000,,,,,,,,,,,,,,,,,,,,,,,,,,,,,,,,,,,,,,,,,,,
82,80,2,Line,,Closed,Closed,NO,82,0.00580602139234542850,0.01361449714750051500,0.00295548490248620480,0.00000000000000000000,1.000000,2.75076723098754880000,YES,Default,67.07756519317626900000,0.00000000000000000000,0.00000000000000000000,0.00000000000000000000,0.00000000000000000000,0.00000000000000000000,0.00000000000000000000,0.00000000000000000000,0.00000000000000000000,0.00000000000000000000,0.00000000000000000000,0.00000000000000000000,0.00000000000000000000,0.00000000000000000000,0.00000000000000000000,1,100.00000000000000000000,,,,,,,,,,,,,,,,,,,,,,,,,,,,,,,,,,,,,,,,,,,
83,80,1,Line,,Closed,Closed,NO,83,0.00710409041494131070,0.01961829327046871000,0.00048403552500531078,0.00000000000000000000,1.000000,1.28113043308258060000,YES,Default,59.25416350364684800000,0.00000000000000000000,0.00000000000000000000,0.00000000000000000000,0.00000000000000000000,0.00000000000000000000,0.00000000000000000000,0.00000000000000000000,0.00000000000000000000,0.00000000000000000000,0.00000000000000000000,0.00000000000000000000,0.00000000000000000000,0.00000000000000000000,0.00000000000000000000,1,100.00000000000000000000,,,,,,,,,,,,,,,,,,,,,,,,,,,,,,,,,,,,,,,,,,,
84,96,1,Line,,Closed,Closed,NO,84,0.00689894426614046080,0.01777725107967853400,0.00241340021602809440,0.00000000000000000000,1.000000,2.99851942062377920000,YES,Default,85.00000238418579200000,0.00000000000000000000,0.00000000000000000000,0.00000000000000000000,0.00000000000000000000,0.00000000000000000000,0.00000000000000000000,0.00000000000000000000,0.00000000000000000000,0.00000000000000000000,0.00000000000000000000,0.00000000000000000000,0.00000000000000000000,0.00000000000000000000,0.00000000000000000000,1,100.00000000000000000000,,,,,,,,,,,,,,,,,,,,,,,,,,,,,,,,,,,,,,,,,,,
103,84,1,Line,,Closed,Closed,NO,103,0.01440633554011583200,0.03989559784531593600,0.00133044272661209120,0.00000000000000000000,1.000000,3.43293929100036610000,YES,Default,85.00000238418579200000,0.00000000000000000000,0.00000000000000000000,0.00000000000000000000,0.00000000000000000000,0.00000000000000000000,0.00000000000000000000,0.00000000000000000000,0.00000000000000000000,0.00000000000000000000,0.00000000000000000000,0.00000000000000000000,0.00000000000000000000,0.00000000000000000000,0.00000000000000000000,1,100.00000000000000000000,,,,,,,,,,,,,,,,,,,,,,,,,,,,,,,,,,,,,,,,,,,
84,104,1,Line,,Closed,Closed,NO,84,0.00192302255891263490,0.00487294048070907580,0.00065807305509224538,0.00000000000000000000,1.000000,0.74205797910690304000,YES,Default,33.79813730716705300000,0.00000000000000000000,0.00000000000000000000,0.00000000000000000000,0.00000000000000000000,0.00000000000000000000,0.00000000000000000000,0.00000000000000000000,0.00000000000000000000,0.00000000000000000000,0.00000000000000000000,0.00000000000000000000,0.00000000000000000000,0.00000000000000000000,0.00000000000000000000,1,100.00000000000000000000,,,,,,,,,,,,,,,,,,,,,,,,,,,,,,,,,,,,,,,,,,,
85,93,1,Line,,Closed,Closed,NO,85,0.00527093280106782910,0.01457652170211076800,0.00064885563915595418,0.00000000000000000000,1.000000,1.30867469310760500000,YES,Default,46.20125889778137000000,0.00000000000000000000,0.00000000000000000000,0.00000000000000000000,0.00000000000000000000,0.00000000000000000000,0.00000000000000000000,0.00000000000000000000,0.00000000000000000000,0.00000000000000000000,0.00000000000000000000,0.00000000000000000000,0.00000000000000000000,0.00000000000000000000,0.00000000000000000000,1,100.00000000000000000000,,,,,,,,,,,,,,,,,,,,,,,,,,,,,,,,,,,,,,,,,,,
85,102, 1,Line,,Closed,Closed,NO,85,0.04629150405526161300,0.12015730887651443000,0.00720341689884662660,0.00000000000000000000,1.000000,13.16631031036376800000,YES,Default,47.67434597015381100000,0.00000000000000000000,0.00000000000000000000,0.00000000000000000000,0.00000000000000000000,0.00000000000000000000,0.00000000000000000000,0.00000000000000000000,0.00000000000000000000,0.00000000000000000000,0.00000000000000000000,0.00000000000000000000,0.00000000000000000000,0.00000000000000000000,0.00000000000000000000,1,100.00000000000000000000,,,,,,,,,,,,,,,,,,,,,,,,,,,,,,,,,,,,,,,,,,,
86,89,1,Line,,Closed,Closed,NO,86,0.02185336314141750400,0.06743755936622620200,0.00717362621799111420,0.00000000000000000000,1.000000,9.49270725250244100000,YES,Default,41.35003089904785300000,0.00000000000000000000,0.00000000000000000000,0.00000000000000000000,0.00000000000000000000,0.00000000000000000000,0.00000000000000000000,0.00000000000000000000,0.00000000000000000000,0.00000000000000000000,0.00000000000000000000,0.00000000000000000000,0.00000000000000000000,0.00000000000000000000,0.00000000000000000000,1,100.00000000000000000000,,,,,,,,,,,,,,,,,,,,,,,,,,,,,,,,,,,,,,,,,,,
163,87, 1,Line,,Closed,Closed,NO,163,0.00100000004749745120,0.00999999977648258180,0.02500000037252903000,0.00000000000000000000,1.000000,0.00000000000000000000,YES,Default,500.00000000000000000000,0.00000000000000000000,0.00000000000000000000,0.00000000000000000000,0.00000000000000000000,0.00000000000000000000,0.00000000000000000000,0.00000000000000000000,0.00000000000000000000,0.00000000000000000000,0.00000000000000000000,0.00000000000000000000,0.00000000000000000000,0.00000000000000000000,0.00000000000000000000,1,100.00000000000000000000,,,,,,,,,,,,,,,,,,,,,,,,,,,,,,,,,,,,,,,,,,,
90,89,1,Line,,Closed,Closed,NO,90,0.01926999911665916500,0.04511500149965286400,0.01121000014245510100,0.00000000000000000000,1.000000,10.52337837219238200000,YES,Default,100.00000000000000000000,0.00000000000000000000,0.00000000000000000000,0.00000000000000000000,0.00000000000000000000,0.00000000000000000000,0.00000000000000000000,0.00000000000000000000,0.00000000000000000000,0.00000000000000000000,0.00000000000000000000,0.00000000000000000000,0.00000000000000000000,0.00000000000000000000,0.00000000000000000000,1,100.00000000000000000000,,,,,,,,,,,,,,,,,,,,,,,,,,,,,,,,,,,,,,,,,,,
169,90,1,Line,,Closed,Closed,NO,169,0.02298635803163051500,0.06190919131040573400,0.00220867083407938500,0.00000000000000000000,1.000000,5.52702808380126980000,YES,Default,64.65575695037841900000,0.00000000000000000000,0.00000000000000000000,0.00000000000000000000,0.00000000000000000000,0.00000000000000000000,0.00000000000000000000,0.00000000000000000000,0.00000000000000000000,0.00000000000000000000,0.00000000000000000000,0.00000000000000000000,0.00000000000000000000,0.00000000000000000000,0.00000000000000000000,1,100.00000000000000000000,,,,,,,,,,,,,,,,,,,,,,,,,,,,,,,,,,,,,,,,,,,
91,162,1,Line,,Closed,Closed,NO,91,0.01826071739196777300,0.03418663889169692800,0.00210037315264344220,0.00000000000000000000,1.000000,3.67675423622131330000,YES,Default,53.99268865585327400000,0.00000000000000000000,0.00000000000000000000,0.00000000000000000000,0.00000000000000000000,0.00000000000000000000,0.00000000000000000000,0.00000000000000000000,0.00000000000000000000,0.00000000000000000000,0.00000000000000000000,0.00000000000000000000,0.00000000000000000000,0.00000000000000000000,0.00000000000000000000,1,100.00000000000000000000,,,,,,,,,,,,,,,,,,,,,,,,,,,,,,,,,,,,,,,,,,,
93,97,1,Line,,Closed,Closed,NO,93,0.02575828135013580500,0.05795079469680785900,0.00388930924236774460,0.00000000000000000000,1.000000,6.83073568344116220000,YES,Default,48.49520623683929600000,0.00000000000000000000,0.00000000000000000000,0.00000000000000000000,0.00000000000000000000,0.00000000000000000000,0.00000000000000000000,0.00000000000000000000,0.00000000000000000000,0.00000000000000000000,0.00000000000000000000,0.00000000000000000000,0.00000000000000000000,0.00000000000000000000,0.00000000000000000000,1,100.00000000000000000000,,,,,,,,,,,,,,,,,,,,,,,,,,,,,,,,,,,,,,,,,,,
93,100,1,Line,,Closed,Closed,NO,93,0.03253012150526046700,0.09800849109888076800,0.00518910866230726270,0.00000000000000000000,1.000000,9.70124721527099650000,YES,Default,45.10806500911712600000,0.00000000000000000000,0.00000000000000000000,0.00000000000000000000,0.00000000000000000000,0.00000000000000000000,0.00000000000000000000,0.00000000000000000000,0.00000000000000000000,0.00000000000000000000,0.00000000000000000000,0.00000000000000000000,0.00000000000000000000,0.00000000000000000000,0.00000000000000000000,1,100.00000000000000000000,,,,,,,,,,,,,,,,,,,,,,,,,,,,,,,,,,,,,,,,,,,
94,131, 1,Line,,Closed,Closed,NO,94,0.00100000004749745120,0.01300000026822090200,0.02500000037252903000,0.00000000000000000000,1.000000,0.00000000000000000000,YES,Default,500.00000000000000000000,0.00000000000000000000,0.00000000000000000000,0.00000000000000000000,0.00000000000000000000,0.00000000000000000000,0.00000000000000000000,0.00000000000000000000,0.00000000000000000000,0.00000000000000000000,0.00000000000000000000,0.00000000000000000000,0.00000000000000000000,0.00000000000000000000,0.00000000000000000000,1,100.00000000000000000000,,,,,,,,,,,,,,,,,,,,,,,,,,,,,,,,,,,,,,,,,,,
94,150,1,Line,,Closed,Closed,NO,94,0.00126328156329691420,0.01161719113588333100,0.01877491548657417300,0.00000000000000000000,1.000000,6.97538471221923840000,YES,Default,435.36906242370605000000,0.00000000000000000000,0.00000000000000000000,0.00000000000000000000,0.00000000000000000000,0.00000000000000000000,0.00000000000000000000,0.00000000000000000000,0.00000000000000000000,0.00000000000000000000,0.00000000000000000000,0.00000000000000000000,0.00000000000000000000,0.00000000000000000000,0.00000000000000000000,1,100.00000000000000000000,,,,,,,,,,,,,,,,,,,,,,,,,,,,,,,,,,,,,,,,,,,
95,103,1,Line,,Closed,Closed,NO,95,0.02379725687205791400,0.05944830551743507200,0.00321236043237149700,0.00000000000000000000,1.000000,5.56892585754394560000,YES,Default,85.00000238418579200000,0.00000000000000000000,0.00000000000000000000,0.00000000000000000000,0.00000000000000000000,0.00000000000000000000,0.00000000000000000000,0.00000000000000000000,0.00000000000000000000,0.00000000000000000000,0.00000000000000000000,0.00000000000000000000,0.00000000000000000000,0.00000000000000000000,0.00000000000000000000,1,100.00000000000000000000,,,,,,,,,,,,,,,,,,,,,,,,,,,,,,,,,,,,,,,,,,,
95,109, 1,Line,,Closed,Closed,NO,95,0.01071413233876228300,0.02530953660607337900,0.02850073203444481000,0.00000000000000000000,1.000000,11.96858024597167800000,YES,Default,46.08240127563476500000,0.00000000000000000000,0.00000000000000000000,0.00000000000000000000,0.00000000000000000000,0.00000000000000000000,0.00000000000000000000,0.00000000000000000000,0.00000000000000000000,0.00000000000000000000,0.00000000000000000000,0.00000000000000000000,0.00000000000000000000,0.00000000000000000000,0.00000000000000000000,1,100.00000000000000000000,,,,,,,,,,,,,,,,,,,,,,,,,,,,,,,,,,,,,,,,,,,
98,96,1,Line,,Closed,Closed,NO,98,0.03114212118089199400,0.06037655100226402600,0.00220871157944202430,0.00000000000000000000,1.000000,5.22306823730468740000,YES,Default,47.11990952491760000000,0.00000000000000000000,0.00000000000000000000,0.00000000000000000000,0.00000000000000000000,0.00000000000000000000,0.00000000000000000000,0.00000000000000000000,0.00000000000000000000,0.00000000000000000000,0.00000000000000000000,0.00000000000000000000,0.00000000000000000000,0.00000000000000000000,0.00000000000000000000,1,100.00000000000000000000,,,,,,,,,,,,,,,,,,,,,,,,,,,,,,,,,,,,,,,,,,,
97,99,1,Line,,Closed,Closed,NO,97,0.01703868806362152000,0.04821407794952392300,0.00144126731902360900,0.00000000000000000000,1.000000,3.65098619461059580000,YES,Default,85.00000238418579200000,0.00000000000000000000,0.00000000000000000000,0.00000000000000000000,0.00000000000000000000,0.00000000000000000000,0.00000000000000000000,0.00000000000000000000,0.00000000000000000000,0.00000000000000000000,0.00000000000000000000,0.00000000000000000000,0.00000000000000000000,0.00000000000000000000,0.00000000000000000000,1,100.00000000000000000000,,,,,,,,,,,,,,,,,,,,,,,,,,,,,,,,,,,,,,,,,,,
99,98,1,Line,,Closed,Closed,NO,99,0.01994520612061023700,0.04145493730902672000,0.00253202510066330430,0.00000000000000000000,1.000000,4.57449150085449220000,YES,Default,85.00000238418579200000,0.00000000000000000000,0.00000000000000000000,0.00000000000000000000,0.00000000000000000000,0.00000000000000000000,0.00000000000000000000,0.00000000000000000000,0.00000000000000000000,0.00000000000000000000,0.00000000000000000000,0.00000000000000000000,0.00000000000000000000,0.00000000000000000000,0.00000000000000000000,1,100.00000000000000000000,,,,,,,,,,,,,,,,,,,,,,,,,,,,,,,,,,,,,,,,,,,
100,102,1,Line,,Closed,Closed,NO,100,0.02003456465899944300,0.05033494532108307200,0.00148550549056380990,0.00000000000000000000,1.000000,3.30275225639343230000,YES,Default,52.19984054565429800000,0.00000000000000000000,0.00000000000000000000,0.00000000000000000000,0.00000000000000000000,0.00000000000000000000,0.00000000000000000000,0.00000000000000000000,0.00000000000000000000,0.00000000000000000000,0.00000000000000000000,0.00000000000000000000,0.00000000000000000000,0.00000000000000000000,0.00000000000000000000,1,100.00000000000000000000,,,,,,,,,,,,,,,,,,,,,,,,,,,,,,,,,,,,,,,,,,,
150,101,1,Line,,Closed,Closed,NO,150,0.00136785814538598060,0.01003054622560739500,0.03412836045026778900,0.00000000000000000000,1.000000,7.99713659286499070000,YES,Default,417.98038482666016000000,0.00000000000000000000,0.00000000000000000000,0.00000000000000000000,0.00000000000000000000,0.00000000000000000000,0.00000000000000000000,0.00000000000000000000,0.00000000000000000000,0.00000000000000000000,0.00000000000000000000,0.00000000000000000000,0.00000000000000000000,0.00000000000000000000,0.00000000000000000000,1,100.00000000000000000000,,,,,,,,,,,,,,,,,,,,,,,,,,,,,,,,,,,,,,,,,,,
103,105,1,Line,,Closed,Closed,NO,103,0.02226508222520351400,0.04471921920776367400,0.00090934010222554202,0.00000000000000000000,1.000000,2.94741559028625470000,YES,Default,47.67704308032989400000,0.00000000000000000000,0.00000000000000000000,0.00000000000000000000,0.00000000000000000000,0.00000000000000000000,0.00000000000000000000,0.00000000000000000000,0.00000000000000000000,0.00000000000000000000,0.00000000000000000000,0.00000000000000000000,0.00000000000000000000,0.00000000000000000000,0.00000000000000000000,1,100.00000000000000000000,,,,,,,,,,,,,,,,,,,,,,,,,,,,,,,,,,,,,,,,,,,
107,105,1,Line,,Closed,Closed,NO,107,0.01258661597967147800,0.02532893046736717100,0.00120603421237319710,0.00000000000000000000,1.000000,2.17862296104431170000,YES,Default,89.99999761581420800000,0.00000000000000000000,0.00000000000000000000,0.00000000000000000000,0.00000000000000000000,0.00000000000000000000,0.00000000000000000000,0.00000000000000000000,0.00000000000000000000,0.00000000000000000000,0.00000000000000000000,0.00000000000000000000,0.00000000000000000000,0.00000000000000000000,0.00000000000000000000,1,100.00000000000000000000,,,,,,,,,,,,,,,,,,,,,,,,,,,,,,,,,,,,,,,,,,,
108,106,1,Line,,Closed,Closed,NO,108,0.00736645236611366270,0.02144112624228000600,0.00067652424331754445,0.00000000000000000000,1.000000,1.78987038135528580000,YES,Default,89.99999761581420800000,0.00000000000000000000,0.00000000000000000000,0.00000000000000000000,0.00000000000000000000,0.00000000000000000000,0.00000000000000000000,0.00000000000000000000,0.00000000000000000000,0.00000000000000000000,0.00000000000000000000,0.00000000000000000000,0.00000000000000000000,0.00000000000000000000,0.00000000000000000000,1,100.00000000000000000000,,,,,,,,,,,,,,,,,,,,,,,,,,,,,,,,,,,,,,,,,,,
106,113,1,Line,,Closed,Closed,NO,106,0.01745892316102981400,0.04440394416451454100,0.00161777203902602180,0.00000000000000000000,1.000000,4.07362079620361340000,YES,Default,48.62749576568603500000,0.00000000000000000000,0.00000000000000000000,0.00000000000000000000,0.00000000000000000000,0.00000000000000000000,0.00000000000000000000,0.00000000000000000000,0.00000000000000000000,0.00000000000000000000,0.00000000000000000000,0.00000000000000000000,0.00000000000000000000,0.00000000000000000000,0.00000000000000000000,1,100.00000000000000000000,,,,,,,,,,,,,,,,,,,,,,,,,,,,,,,,,,,,,,,,,,,
108,107,1,Line,,Closed,Closed,NO,108,0.01454412564635276800,0.03188448771834373800,0.00210074032656848420,0.00000000000000000000,1.000000,3.66445136070251460000,YES,Default,85.00000238418579200000,0.00000000000000000000,0.00000000000000000000,0.00000000000000000000,0.00000000000000000000,0.00000000000000000000,0.00000000000000000000,0.00000000000000000000,0.00000000000000000000,0.00000000000000000000,0.00000000000000000000,0.00000000000000000000,0.00000000000000000000,0.00000000000000000000,0.00000000000000000000,1,100.00000000000000000000,,,,,,,,,,,,,,,,,,,,,,,,,,,,,,,,,,,,,,,,,,,
108,151,1,Line,,Closed,Closed,NO,108,0.00407086545601487170,0.01325188018381595700,0.00138618634082376960,0.00000000000000000000,1.000000,1.96991086006164540000,YES,Default,100.00000000000000000000,0.00000000000000000000,0.00000000000000000000,0.00000000000000000000,0.00000000000000000000,0.00000000000000000000,0.00000000000000000000,0.00000000000000000000,0.00000000000000000000,0.00000000000000000000,0.00000000000000000000,0.00000000000000000000,0.00000000000000000000,0.00000000000000000000,0.00000000000000000000,1,100.00000000000000000000,,,,,,,,,,,,,,,,,,,,,,,,,,,,,,,,,,,,,,,,,,,
108,151,2,Line,,Closed,Closed,NO,108,0.00407086545601487170,0.01325188018381595700,0.00138618634082376960,0.00000000000000000000,1.000000,1.96991086006164540000,YES,Default,100.00000000000000000000,0.00000000000000000000,0.00000000000000000000,0.00000000000000000000,0.00000000000000000000,0.00000000000000000000,0.00000000000000000000,0.00000000000000000000,0.00000000000000000000,0.00000000000000000000,0.00000000000000000000,0.00000000000000000000,0.00000000000000000000,0.00000000000000000000,0.00000000000000000000,1,100.00000000000000000000,,,,,,,,,,,,,,,,,,,,,,,,,,,,,,,,,,,,,,,,,,,
109,115,1,Line,,Closed,Closed,NO,109,0.02994421310722828200,0.06762810051441193000,0.00140563165768980990,0.00000000000000000000,1.000000,4.37298250198364290000,YES,Default,47.61388897895813100000,0.00000000000000000000,0.00000000000000000000,0.00000000000000000000,0.00000000000000000000,0.00000000000000000000,0.00000000000000000000,0.00000000000000000000,0.00000000000000000000,0.00000000000000000000,0.00000000000000000000,0.00000000000000000000,0.00000000000000000000,0.00000000000000000000,0.00000000000000000000,1,100.00000000000000000000,,,,,,,,,,,,,,,,,,,,,,,,,,,,,,,,,,,,,,,,,,,
110,111,1,Line,,Closed,Closed,NO,110,0.01954228989779949100,0.05088014528155326700,0.00083642645040526989,0.00000000000000000000,1.000000,2.86553239822387680000,YES,Default,48.49489033222198400000,0.00000000000000000000,0.00000000000000000000,0.00000000000000000000,0.00000000000000000000,0.00000000000000000000,0.00000000000000000000,0.00000000000000000000,0.00000000000000000000,0.00000000000000000000,0.00000000000000000000,0.00000000000000000000,0.00000000000000000000,0.00000000000000000000,0.00000000000000000000,1,100.00000000000000000000,,,,,,,,,,,,,,,,,,,,,,,,,,,,,,,,,,,,,,,,,,,
111,115,1,Line,,Closed,Closed,NO,111,0.03237793222069740200,0.08625087887048721900,0.00228016381151974210,0.00000000000000000000,1.000000,6.43359899520873980000,YES,Default,49.55300092697143700000,0.00000000000000000000,0.00000000000000000000,0.00000000000000000000,0.00000000000000000000,0.00000000000000000000,0.00000000000000000000,0.00000000000000000000,0.00000000000000000000,0.00000000000000000000,0.00000000000000000000,0.00000000000000000000,0.00000000000000000000,0.00000000000000000000,0.00000000000000000000,1,100.00000000000000000000,,,,,,,,,,,,,,,,,,,,,,,,,,,,,,,,,,,,,,,,,,,
112,129,1,Line,,Closed,Closed,NO,112,0.01199516747146845000,0.03244698047637939200,0.00342990714125335230,0.00000000000000000000,1.000000,4.79244852066040060000,YES,Default,59.74546074867248600000,0.00000000000000000000,0.00000000000000000000,0.00000000000000000000,0.00000000000000000000,0.00000000000000000000,0.00000000000000000000,0.00000000000000000000,0.00000000000000000000,0.00000000000000000000,0.00000000000000000000,0.00000000000000000000,0.00000000000000000000,0.00000000000000000000,0.00000000000000000000,1,100.00000000000000000000,,,,,,,,,,,,,,,,,,,,,,,,,,,,,,,,,,,,,,,,,,,
152,112,1,Line,,Closed,Closed,NO,152,0.00342461350373923780,0.00850535836070775940,0.00049024249892681837,0.00000000000000000000,1.000000,0.91906660795211789000,YES,Default,48.45593273639678700000,0.00000000000000000000,0.00000000000000000000,0.00000000000000000000,0.00000000000000000000,0.00000000000000000000,0.00000000000000000000,0.00000000000000000000,0.00000000000000000000,0.00000000000000000000,0.00000000000000000000,0.00000000000000000000,0.00000000000000000000,0.00000000000000000000,0.00000000000000000000,1,100.00000000000000000000,,,,,,,,,,,,,,,,,,,,,,,,,,,,,,,,,,,,,,,,,,,
114,113,1,Line,,Closed,Closed,NO,114,0.01326373498886823700,0.03680562600493431000,0.00234014820307493220,0.00000000000000000000,1.000000,3.98730206489563010000,YES,Default,49.31665062904357800000,0.00000000000000000000,0.00000000000000000000,0.00000000000000000000,0.00000000000000000000,0.00000000000000000000,0.00000000000000000000,0.00000000000000000000,0.00000000000000000000,0.00000000000000000000,0.00000000000000000000,0.00000000000000000000,0.00000000000000000000,0.00000000000000000000,0.00000000000000000000,1,100.00000000000000000000,,,,,,,,,,,,,,,,,,,,,,,,,,,,,,,,,,,,,,,,,,,
113,152,1,Line,,Closed,Closed,NO,113,0.01057321019470691700,0.03193398192524910100,0.00391396088525652860,0.00000000000000000000,1.000000,5.29922151565551740000,YES,Default,47.72668778896331500000,0.00000000000000000000,0.00000000000000000000,0.00000000000000000000,0.00000000000000000000,0.00000000000000000000,0.00000000000000000000,0.00000000000000000000,0.00000000000000000000,0.00000000000000000000,0.00000000000000000000,0.00000000000000000000,0.00000000000000000000,0.00000000000000000000,0.00000000000000000000,1,100.00000000000000000000,,,,,,,,,,,,,,,,,,,,,,,,,,,,,,,,,,,,,,,,,,,
114,132,1,Line,,Closed,Closed,NO,114,0.01724284887313842900,0.04370852559804916500,0.00205747690051794050,0.00000000000000000000,1.000000,3.97260403633117700000,YES,Default,64.99999761581420800000,0.00000000000000000000,0.00000000000000000000,0.00000000000000000000,0.00000000000000000000,0.00000000000000000000,0.00000000000000000000,0.00000000000000000000,0.00000000000000000000,0.00000000000000000000,0.00000000000000000000,0.00000000000000000000,0.00000000000000000000,0.00000000000000000000,0.00000000000000000000,1,100.00000000000000000000,,,,,,,,,,,,,,,,,,,,,,,,,,,,,,,,,,,,,,,,,,,
116,118,1,Line,,Closed,Closed,NO,116,0.00535699212923645950,0.01240339968353509900,0.00077099504414945843,0.00000000000000000000,1.000000,1.43029665946960450000,YES,Default,85.00000238418579200000,0.00000000000000000000,0.00000000000000000000,0.00000000000000000000,0.00000000000000000000,0.00000000000000000000,0.00000000000000000000,0.00000000000000000000,0.00000000000000000000,0.00000000000000000000,0.00000000000000000000,0.00000000000000000000,0.00000000000000000000,0.00000000000000000000,0.00000000000000000000,1,100.00000000000000000000,,,,,,,,,,,,,,,,,,,,,,,,,,,,,,,,,,,,,,,,,,,
116,118, 2,Line,,Closed,Closed,NO,116,0.00535700004547834370,0.01240300014615058900,0.00077099999180063603,0.00000000000000000000,1.000000,1.43029665946960450000,YES,Default,85.00000238418579200000,0.00000000000000000000,0.00000000000000000000,0.00000000000000000000,0.00000000000000000000,0.00000000000000000000,0.00000000000000000000,0.00000000000000000000,0.00000000000000000000,0.00000000000000000000,0.00000000000000000000,0.00000000000000000000,0.00000000000000000000,0.00000000000000000000,0.00000000000000000000,1,100.00000000000000000000,,,,,,,,,,,,,,,,,,,,,,,,,,,,,,,,,,,,,,,,,,,
116,156,1,Line,,Closed,Closed,NO,116,0.00862899981439113600,0.01668900065124034900,0.00057500001275911930,0.00000000000000000000,1.000000,1.43365275859832770000,YES,Default,54.58199977874755800000,0.00000000000000000000,0.00000000000000000000,0.00000000000000000000,0.00000000000000000000,0.00000000000000000000,0.00000000000000000000,0.00000000000000000000,0.00000000000000000000,0.00000000000000000000,0.00000000000000000000,0.00000000000000000000,0.00000000000000000000,0.00000000000000000000,0.00000000000000000000,1,100.00000000000000000000,,,,,,,,,,,,,,,,,,,,,,,,,,,,,,,,,,,,,,,,,,,
116,156, 2,Line,,Closed,Closed,NO,116,0.00862899981439113600,0.01668900065124034900,0.00057500001275911930,0.00000000000000000000,1.000000,1.43365275859832770000,YES,Default,54.58199977874755800000,0.00000000000000000000,0.00000000000000000000,0.00000000000000000000,0.00000000000000000000,0.00000000000000000000,0.00000000000000000000,0.00000000000000000000,0.00000000000000000000,0.00000000000000000000,0.00000000000000000000,0.00000000000000000000,0.00000000000000000000,0.00000000000000000000,0.00000000000000000000,1,100.00000000000000000000,,,,,,,,,,,,,,,,,,,,,,,,,,,,,,,,,,,,,,,,,,,
117,119,1,Line,,Closed,Closed,NO,117,0.00321386661380529410,0.01017306931316852600,0.00193031539674848320,0.00000000000000000000,1.000000,2.13912057876586910000,YES,Default,89.99999761581420800000,0.00000000000000000000,0.00000000000000000000,0.00000000000000000000,0.00000000000000000000,0.00000000000000000000,0.00000000000000000000,0.00000000000000000000,0.00000000000000000000,0.00000000000000000000,0.00000000000000000000,0.00000000000000000000,0.00000000000000000000,0.00000000000000000000,0.00000000000000000000,1,100.00000000000000000000,,,,,,,,,,,,,,,,,,,,,,,,,,,,,,,,,,,,,,,,,,,
117,125,1,Line,,Closed,Closed,NO,117,0.00739019457250833540,0.01849899813532829400,0.00090820546029135590,0.00000000000000000000,1.000000,1.79361391067504900000,YES,Default,56.22687935829162900000,0.00000000000000000000,0.00000000000000000000,0.00000000000000000000,0.00000000000000000000,0.00000000000000000000,0.00000000000000000000,0.00000000000000000000,0.00000000000000000000,0.00000000000000000000,0.00000000000000000000,0.00000000000000000000,0.00000000000000000000,0.00000000000000000000,0.00000000000000000000,1,100.00000000000000000000,,,,,,,,,,,,,,,,,,,,,,,,,,,,,,,,,,,,,,,,,,,
117,159, 1,Line,,Closed,Closed,NO,117,0.01711617968976497600,0.04953594133257865600,0.00511722918599843970,0.00000000000000000000,1.000000,6.47008609771728510000,YES,Default,58.59634876251220500000,0.00000000000000000000,0.00000000000000000000,0.00000000000000000000,0.00000000000000000000,0.00000000000000000000,0.00000000000000000000,0.00000000000000000000,0.00000000000000000000,0.00000000000000000000,0.00000000000000000000,0.00000000000000000000,0.00000000000000000000,0.00000000000000000000,0.00000000000000000000,1,100.00000000000000000000,,,,,,,,,,,,,,,,,,,,,,,,,,,,,,,,,,,,,,,,,,,
120,118,1,Line,,Closed,Closed,NO,120,0.00494898995384573950,0.01262753922492265800,0.00071132503217086195,0.00000000000000000000,1.000000,1.29533803462982180000,YES,Default,100.00000000000000000000,0.00000000000000000000,0.00000000000000000000,0.00000000000000000000,0.00000000000000000000,0.00000000000000000000,0.00000000000000000000,0.00000000000000000000,0.00000000000000000000,0.00000000000000000000,0.00000000000000000000,0.00000000000000000000,0.00000000000000000000,0.00000000000000000000,0.00000000000000000000,1,100.00000000000000000000,,,,,,,,,,,,,,,,,,,,,,,,,,,,,,,,,,,,,,,,,,,
120,118,2,Line,,Closed,Closed,NO,120,0.00494898995384573950,0.01262753922492265800,0.00071132503217086195,0.00000000000000000000,1.000000,1.29533803462982180000,YES,Default,100.00000000000000000000,0.00000000000000000000,0.00000000000000000000,0.00000000000000000000,0.00000000000000000000,0.00000000000000000000,0.00000000000000000000,0.00000000000000000000,0.00000000000000000000,0.00000000000000000000,0.00000000000000000000,0.00000000000000000000,0.00000000000000000000,0.00000000000000000000,0.00000000000000000000,1,100.00000000000000000000,,,,,,,,,,,,,,,,,,,,,,,,,,,,,,,,,,,,,,,,,,,
124,119,1,Line,,Closed,Closed,NO,124,0.00187145872041583040,0.00569435488432645820,0.00119832984637469060,0.00000000000000000000,1.000000,1.13421785831451420000,YES,Default,68.55223178863525100000,0.00000000000000000000,0.00000000000000000000,0.00000000000000000000,0.00000000000000000000,0.00000000000000000000,0.00000000000000000000,0.00000000000000000000,0.00000000000000000000,0.00000000000000000000,0.00000000000000000000,0.00000000000000000000,0.00000000000000000000,0.00000000000000000000,0.00000000000000000000,1,100.00000000000000000000,,,,,,,,,,,,,,,,,,,,,,,,,,,,,,,,,,,,,,,,,,,
119,142,1,Line,,Closed,Closed,NO,119,0.01268368121236562700,0.03839587792754173400,0.00117241917178034780,0.00000000000000000000,1.000000,3.02744245529174780000,YES,Default,52.63807177543640300000,0.00000000000000000000,0.00000000000000000000,0.00000000000000000000,0.00000000000000000000,0.00000000000000000000,0.00000000000000000000,0.00000000000000000000,0.00000000000000000000,0.00000000000000000000,0.00000000000000000000,0.00000000000000000000,0.00000000000000000000,0.00000000000000000000,0.00000000000000000000,1,100.00000000000000000000,,,,,,,,,,,,,,,,,,,,,,,,,,,,,,,,,,,,,,,,,,,
119,158,1,Line,,Closed,Closed,NO,119,0.00227772095240652580,0.00644069397822022400,0.00091234111459925773,0.00000000000000000000,1.000000,1.11563420295715330000,YES,Default,74.94684457778931200000,0.00000000000000000000,0.00000000000000000000,0.00000000000000000000,0.00000000000000000000,0.00000000000000000000,0.00000000000000000000,0.00000000000000000000,0.00000000000000000000,0.00000000000000000000,0.00000000000000000000,0.00000000000000000000,0.00000000000000000000,0.00000000000000000000,0.00000000000000000000,1,100.00000000000000000000,,,,,,,,,,,,,,,,,,,,,,,,,,,,,,,,,,,,,,,,,,,
119,158,2,Line,,Closed,Closed,NO,119,0.00227772095240652580,0.00644069397822022400,0.00091234111459925773,0.00000000000000000000,1.000000,1.11563420295715330000,YES,Default,74.94684457778931200000,0.00000000000000000000,0.00000000000000000000,0.00000000000000000000,0.00000000000000000000,0.00000000000000000000,0.00000000000000000000,0.00000000000000000000,0.00000000000000000000,0.00000000000000000000,0.00000000000000000000,0.00000000000000000000,0.00000000000000000000,0.00000000000000000000,0.00000000000000000000,1,100.00000000000000000000,,,,,,,,,,,,,,,,,,,,,,,,,,,,,,,,,,,,,,,,,,,
119,158,3,Line,,Closed,Closed,NO,119,0.00227772095240652580,0.00644069397822022400,0.00091234111459925773,0.00000000000000000000,1.000000,1.11563420295715330000,YES,Default,74.94684457778931200000,0.00000000000000000000,0.00000000000000000000,0.00000000000000000000,0.00000000000000000000,0.00000000000000000000,0.00000000000000000000,0.00000000000000000000,0.00000000000000000000,0.00000000000000000000,0.00000000000000000000,0.00000000000000000000,0.00000000000000000000,0.00000000000000000000,0.00000000000000000000,1,100.00000000000000000000,,,,,,,,,,,,,,,,,,,,,,,,,,,,,,,,,,,,,,,,,,,
122,120,1,Line,,Closed,Closed,NO,122,0.00557829672470688830,0.01466415170580148800,0.00029388596885837613,0.00000000000000000000,1.000000,0.90323698520660403000,YES,Default,68.17908287048340500000,0.00000000000000000000,0.00000000000000000000,0.00000000000000000000,0.00000000000000000000,0.00000000000000000000,0.00000000000000000000,0.00000000000000000000,0.00000000000000000000,0.00000000000000000000,0.00000000000000000000,0.00000000000000000000,0.00000000000000000000,0.00000000000000000000,0.00000000000000000000,1,100.00000000000000000000,,,,,,,,,,,,,,,,,,,,,,,,,,,,,,,,,,,,,,,,,,,
120,158,1,Line,,Closed,Closed,NO,120,0.00417656032368540740,0.01241893321275711000,0.00075215689139440653,0.00000000000000000000,1.000000,1.36102139949798580000,YES,Default,73.72357249259948800000,0.00000000000000000000,0.00000000000000000000,0.00000000000000000000,0.00000000000000000000,0.00000000000000000000,0.00000000000000000000,0.00000000000000000000,0.00000000000000000000,0.00000000000000000000,0.00000000000000000000,0.00000000000000000000,0.00000000000000000000,0.00000000000000000000,0.00000000000000000000,1,100.00000000000000000000,,,,,,,,,,,,,,,,,,,,,,,,,,,,,,,,,,,,,,,,,,,
120,158,2,Line,,Closed,Closed,NO,120,0.00417656032368540740,0.01241893321275711000,0.00075215689139440653,0.00000000000000000000,1.000000,1.36102139949798580000,YES,Default,73.72357249259948800000,0.00000000000000000000,0.00000000000000000000,0.00000000000000000000,0.00000000000000000000,0.00000000000000000000,0.00000000000000000000,0.00000000000000000000,0.00000000000000000000,0.00000000000000000000,0.00000000000000000000,0.00000000000000000000,0.00000000000000000000,0.00000000000000000000,0.00000000000000000000,1,100.00000000000000000000,,,,,,,,,,,,,,,,,,,,,,,,,,,,,,,,,,,,,,,,,,,
120,158,3,Line,,Closed,Closed,NO,120,0.00417656032368540740,0.01241893321275711000,0.00075215689139440653,0.00000000000000000000,1.000000,1.36102139949798580000,YES,Default,73.72357249259948800000,0.00000000000000000000,0.00000000000000000000,0.00000000000000000000,0.00000000000000000000,0.00000000000000000000,0.00000000000000000000,0.00000000000000000000,0.00000000000000000000,0.00000000000000000000,0.00000000000000000000,0.00000000000000000000,0.00000000000000000000,0.00000000000000000000,0.00000000000000000000,1,100.00000000000000000000,,,,,,,,,,,,,,,,,,,,,,,,,,,,,,,,,,,,,,,,,,,
121,122,1,Line,,Closed,Closed,NO,121,0.00517960730940103550,0.01020858716219663700,0.00236325338482856740,0.00000000000000000000,1.000000,1.98672831058502210000,YES,Default,85.00000238418579200000,0.00000000000000000000,0.00000000000000000000,0.00000000000000000000,0.00000000000000000000,0.00000000000000000000,0.00000000000000000000,0.00000000000000000000,0.00000000000000000000,0.00000000000000000000,0.00000000000000000000,0.00000000000000000000,0.00000000000000000000,0.00000000000000000000,0.00000000000000000000,1,100.00000000000000000000,,,,,,,,,,,,,,,,,,,,,,,,,,,,,,,,,,,,,,,,,,,
121,122, 2,Line,,Closed,Closed,NO,121,0.00517999986186623550,0.01020899973809719000,0.00236300006508827200,0.00000000000000000000,1.000000,1.98672831058502210000,YES,Default,85.00000238418579200000,0.00000000000000000000,0.00000000000000000000,0.00000000000000000000,0.00000000000000000000,0.00000000000000000000,0.00000000000000000000,0.00000000000000000000,0.00000000000000000000,0.00000000000000000000,0.00000000000000000000,0.00000000000000000000,0.00000000000000000000,0.00000000000000000000,0.00000000000000000000,1,100.00000000000000000000,,,,,,,,,,,,,,,,,,,,,,,,,,,,,,,,,,,,,,,,,,,
123,122,1,Line,,Closed,Closed,NO,123,0.00726900016888976130,0.01688100025057792600,0.00267400010488927360,0.00000000000000000000,1.000000,2.88796067237854020000,YES,Default,150.00000000000000000000,0.00000000000000000000,0.00000000000000000000,0.00000000000000000000,0.00000000000000000000,0.00000000000000000000,0.00000000000000000000,0.00000000000000000000,0.00000000000000000000,0.00000000000000000000,0.00000000000000000000,0.00000000000000000000,0.00000000000000000000,0.00000000000000000000,0.00000000000000000000,1,100.00000000000000000000,,,,,,,,,,,,,,,,,,,,,,,,,,,,,,,,,,,,,,,,,,,
123,122, 2,Line,,Closed,Closed,NO,123,0.00726900016888976130,0.01688100025057792600,0.00267400010488927360,0.00000000000000000000,1.000000,2.88796067237854020000,YES,Default,150.00000000000000000000,0.00000000000000000000,0.00000000000000000000,0.00000000000000000000,0.00000000000000000000,0.00000000000000000000,0.00000000000000000000,0.00000000000000000000,0.00000000000000000000,0.00000000000000000000,0.00000000000000000000,0.00000000000000000000,0.00000000000000000000,0.00000000000000000000,0.00000000000000000000,1,100.00000000000000000000,,,,,,,,,,,,,,,,,,,,,,,,,,,,,,,,,,,,,,,,,,,
122,124,1,Line,,Closed,Closed,NO,122,0.00507296202704310400,0.01546022109687328300,0.00185297906864434500,0.00000000000000000000,1.000000,2.45651483535766590000,YES,Default,63.75954151153564200000,0.00000000000000000000,0.00000000000000000000,0.00000000000000000000,0.00000000000000000000,0.00000000000000000000,0.00000000000000000000,0.00000000000000000000,0.00000000000000000000,0.00000000000000000000,0.00000000000000000000,0.00000000000000000000,0.00000000000000000000,0.00000000000000000000,0.00000000000000000000,1,100.00000000000000000000,,,,,,,,,,,,,,,,,,,,,,,,,,,,,,,,,,,,,,,,,,,
122,158,1,Line,,Closed,Closed,NO,122,0.00424299994483590140,0.01219999976456165400,0.00132799998391419650,0.00000000000000000000,1.000000,1.85286593437194820000,YES,Default,89.99999761581420800000,0.00000000000000000000,0.00000000000000000000,0.00000000000000000000,0.00000000000000000000,0.00000000000000000000,0.00000000000000000000,0.00000000000000000000,0.00000000000000000000,0.00000000000000000000,0.00000000000000000000,0.00000000000000000000,0.00000000000000000000,0.00000000000000000000,0.00000000000000000000,1,100.00000000000000000000,,,,,,,,,,,,,,,,,,,,,,,,,,,,,,,,,,,,,,,,,,,
122,158,2,Line,,Closed,Closed,NO,122,0.00424295617267489410,0.01220037136226892500,0.00132787588518112900,0.00000000000000000000,1.000000,1.85286593437194820000,YES,Default,89.99999761581420800000,0.00000000000000000000,0.00000000000000000000,0.00000000000000000000,0.00000000000000000000,0.00000000000000000000,0.00000000000000000000,0.00000000000000000000,0.00000000000000000000,0.00000000000000000000,0.00000000000000000000,0.00000000000000000000,0.00000000000000000000,0.00000000000000000000,0.00000000000000000000,1,100.00000000000000000000,,,,,,,,,,,,,,,,,,,,,,,,,,,,,,,,,,,,,,,,,,,
122,158,3,Line,,Closed,Closed,NO,122,0.00424295617267489410,0.01220037136226892500,0.00132787588518112900,0.00000000000000000000,1.000000,1.85286593437194820000,YES,Default,89.99999761581420800000,0.00000000000000000000,0.00000000000000000000,0.00000000000000000000,0.00000000000000000000,0.00000000000000000000,0.00000000000000000000,0.00000000000000000000,0.00000000000000000000,0.00000000000000000000,0.00000000000000000000,0.00000000000000000000,0.00000000000000000000,0.00000000000000000000,0.00000000000000000000,1,100.00000000000000000000,,,,,,,,,,,,,,,,,,,,,,,,,,,,,,,,,,,,,,,,,,,
141,127,1,Line,,Closed,Closed,NO,141,0.00708319293335080190,0.01882348209619522200,0.00168687582481652510,0.00000000000000000000,1.000000,2.45655870437622080000,YES,Default,58.28747749328613100000,0.00000000000000000000,0.00000000000000000000,0.00000000000000000000,0.00000000000000000000,0.00000000000000000000,0.00000000000000000000,0.00000000000000000000,0.00000000000000000000,0.00000000000000000000,0.00000000000000000000,0.00000000000000000000,0.00000000000000000000,0.00000000000000000000,0.00000000000000000000,1,100.00000000000000000000,,,,,,,,,,,,,,,,,,,,,,,,,,,,,,,,,,,,,,,,,,,
128,144,1,Line,,Closed,Closed,NO,128,0.00621543684974312830,0.01123659871518612000,0.00129964249208569520,0.00000000000000000000,1.000000,1.53562414646148670000,YES,Default,53.40945124626159400000,0.00000000000000000000,0.00000000000000000000,0.00000000000000000000,0.00000000000000000000,0.00000000000000000000,0.00000000000000000000,0.00000000000000000000,0.00000000000000000000,0.00000000000000000000,0.00000000000000000000,0.00000000000000000000,0.00000000000000000000,0.00000000000000000000,0.00000000000000000000,1,100.00000000000000000000,,,,,,,,,,,,,,,,,,,,,,,,,,,,,,,,,,,,,,,,,,,
159,128,1,Line,,Closed,Closed,NO,159,0.00906614121049642620,0.02184517309069633600,0.00067150557879358528,0.00000000000000000000,1.000000,1.62393486499786370000,YES,Default,67.07880496978759700000,0.00000000000000000000,0.00000000000000000000,0.00000000000000000000,0.00000000000000000000,0.00000000000000000000,0.00000000000000000000,0.00000000000000000000,0.00000000000000000000,0.00000000000000000000,0.00000000000000000000,0.00000000000000000000,0.00000000000000000000,0.00000000000000000000,0.00000000000000000000,1,100.00000000000000000000,,,,,,,,,,,,,,,,,,,,,,,,,,,,,,,,,,,,,,,,,,,
159,128,2,Line,,Closed,Closed,NO,159,0.00906614121049642620,0.02184517309069633600,0.00067150557879358528,0.00000000000000000000,1.000000,1.62393486499786370000,YES,Default,67.07880496978759700000,0.00000000000000000000,0.00000000000000000000,0.00000000000000000000,0.00000000000000000000,0.00000000000000000000,0.00000000000000000000,0.00000000000000000000,0.00000000000000000000,0.00000000000000000000,0.00000000000000000000,0.00000000000000000000,0.00000000000000000000,0.00000000000000000000,0.00000000000000000000,1,100.00000000000000000000,,,,,,,,,,,,,,,,,,,,,,,,,,,,,,,,,,,,,,,,,,,
129,136,1,Line,,Closed,Closed,NO,129,0.01046416442841291400,0.02786793000996113000,0.00172904774080961950,0.00000000000000000000,1.000000,3.11722564697265600000,YES,Default,66.69610738754272000000,0.00000000000000000000,0.00000000000000000000,0.00000000000000000000,0.00000000000000000000,0.00000000000000000000,0.00000000000000000000,0.00000000000000000000,0.00000000000000000000,0.00000000000000000000,0.00000000000000000000,0.00000000000000000000,0.00000000000000000000,0.00000000000000000000,0.00000000000000000000,1,100.00000000000000000000,,,,,,,,,,,,,,,,,,,,,,,,,,,,,,,,,,,,,,,,,,,
129,136,2,Line,,Closed,Closed,NO,129,0.01046416442841291400,0.02786793000996113000,0.00172904774080961950,0.00000000000000000000,1.000000,3.11722564697265600000,YES,Default,66.69610738754272000000,0.00000000000000000000,0.00000000000000000000,0.00000000000000000000,0.00000000000000000000,0.00000000000000000000,0.00000000000000000000,0.00000000000000000000,0.00000000000000000000,0.00000000000000000000,0.00000000000000000000,0.00000000000000000000,0.00000000000000000000,0.00000000000000000000,0.00000000000000000000,1,100.00000000000000000000,,,,,,,,,,,,,,,,,,,,,,,,,,,,,,,,,,,,,,,,,,,
136,130,1,Line,,Closed,Closed,NO,136,0.00502364570274949060,0.01263478491455316500,0.00051925581647083162,0.00000000000000000000,1.000000,1.12764000892639170000,YES,Default,100.00000000000000000000,0.00000000000000000000,0.00000000000000000000,0.00000000000000000000,0.00000000000000000000,0.00000000000000000000,0.00000000000000000000,0.00000000000000000000,0.00000000000000000000,0.00000000000000000000,0.00000000000000000000,0.00000000000000000000,0.00000000000000000000,0.00000000000000000000,0.00000000000000000000,1,100.00000000000000000000,,,,,,,,,,,,,,,,,,,,,,,,,,,,,,,,,,,,,,,,,,,
136,130,2,Line,,Closed,Closed,NO,136,0.00502364570274949060,0.01263478491455316500,0.00051925581647083162,0.00000000000000000000,1.000000,1.12764000892639170000,YES,Default,100.00000000000000000000,0.00000000000000000000,0.00000000000000000000,0.00000000000000000000,0.00000000000000000000,0.00000000000000000000,0.00000000000000000000,0.00000000000000000000,0.00000000000000000000,0.00000000000000000000,0.00000000000000000000,0.00000000000000000000,0.00000000000000000000,0.00000000000000000000,0.00000000000000000000,1,100.00000000000000000000,,,,,,,,,,,,,,,,,,,,,,,,,,,,,,,,,,,,,,,,,,,
157,131,1,Line,,Closed,Closed,NO,157,0.00152699998579919330,0.01323399972170591200,0.02608300000429153600,0.00000000000000000000,1.000000,8.52417564392089860000,YES,Default,442.71497726440429000000,0.00000000000000000000,0.00000000000000000000,0.00000000000000000000,0.00000000000000000000,0.00000000000000000000,0.00000000000000000000,0.00000000000000000000,0.00000000000000000000,0.00000000000000000000,0.00000000000000000000,0.00000000000000000000,0.00000000000000000000,0.00000000000000000000,0.00000000000000000000,1,100.00000000000000000000,,,,,,,,,,,,,,,,,,,,,,,,,,,,,,,,,,,,,,,,,,,
133,134,1,Line,,Closed,Closed,NO,133,0.01667753607034683200,0.03619338944554329000,0.00125619489699602130,0.00000000000000000000,1.000000,3.23893737792968770000,YES,Default,49.78606998920441000000,0.00000000000000000000,0.00000000000000000000,0.00000000000000000000,0.00000000000000000000,0.00000000000000000000,0.00000000000000000000,0.00000000000000000000,0.00000000000000000000,0.00000000000000000000,0.00000000000000000000,0.00000000000000000000,0.00000000000000000000,0.00000000000000000000,0.00000000000000000000,1,100.00000000000000000000,,,,,,,,,,,,,,,,,,,,,,,,,,,,,,,,,,,,,,,,,,,
133,138,1,Line,,Closed,Closed,NO,133,0.02078915387392044200,0.04090182855725288300,0.00185611506458371870,0.00000000000000000000,1.000000,3.79556727409362820000,YES,Default,66.94109439849853400000,0.00000000000000000000,0.00000000000000000000,0.00000000000000000000,0.00000000000000000000,0.00000000000000000000,0.00000000000000000000,0.00000000000000000000,0.00000000000000000000,0.00000000000000000000,0.00000000000000000000,0.00000000000000000000,0.00000000000000000000,0.00000000000000000000,0.00000000000000000000,1,100.00000000000000000000,,,,,,,,,,,,,,,,,,,,,,,,,,,,,,,,,,,,,,,,,,,
139,133,1,Line,,Closed,Closed,NO,139,0.00754841323941945980,0.02459381893277168300,0.00111998280044645070,0.00000000000000000000,1.000000,2.20839738845825180000,YES,Default,85.00000238418579200000,0.00000000000000000000,0.00000000000000000000,0.00000000000000000000,0.00000000000000000000,0.00000000000000000000,0.00000000000000000000,0.00000000000000000000,0.00000000000000000000,0.00000000000000000000,0.00000000000000000000,0.00000000000000000000,0.00000000000000000000,0.00000000000000000000,0.00000000000000000000,1,100.00000000000000000000,,,,,,,,,,,,,,,,,,,,,,,,,,,,,,,,,,,,,,,,,,,
135,140,1,Line,,Closed,Closed,NO,135,0.00795071199536323580,0.01982856728136539500,0.00063466682331636544,0.00000000000000000000,1.000000,1.59110033512115490000,YES,Default,55.93470335006713600000,0.00000000000000000000,0.00000000000000000000,0.00000000000000000000,0.00000000000000000000,0.00000000000000000000,0.00000000000000000000,0.00000000000000000000,0.00000000000000000000,0.00000000000000000000,0.00000000000000000000,0.00000000000000000000,0.00000000000000000000,0.00000000000000000000,0.00000000000000000000,1,100.00000000000000000000,,,,,,,,,,,,,,,,,,,,,,,,,,,,,,,,,,,,,,,,,,,
135,142,1,Line,,Closed,Closed,NO,135,0.00778136402368545540,0.01501617394387721900,0.00048321744543500243,0.00000000000000000000,1.000000,1.18192863464355470000,YES,Default,50.26901960372924800000,0.00000000000000000000,0.00000000000000000000,0.00000000000000000000,0.00000000000000000000,0.00000000000000000000,0.00000000000000000000,0.00000000000000000000,0.00000000000000000000,0.00000000000000000000,0.00000000000000000000,0.00000000000000000000,0.00000000000000000000,0.00000000000000000000,0.00000000000000000000,1,100.00000000000000000000,,,,,,,,,,,,,,,,,,,,,,,,,,,,,,,,,,,,,,,,,,,
139,136,1,Line,,Closed,Closed,NO,139,0.00541400955989956860,0.01189289987087249600,0.00117627962026745090,0.00000000000000000000,1.000000,1.72374820709228510000,YES,Default,89.99999761581420800000,0.00000000000000000000,0.00000000000000000000,0.00000000000000000000,0.00000000000000000000,0.00000000000000000000,0.00000000000000000000,0.00000000000000000000,0.00000000000000000000,0.00000000000000000000,0.00000000000000000000,0.00000000000000000000,0.00000000000000000000,0.00000000000000000000,0.00000000000000000000,1,100.00000000000000000000,,,,,,,,,,,,,,,,,,,,,,,,,,,,,,,,,,,,,,,,,,,
139,136,2,Line,,Closed,Closed,NO,139,0.00541400955989956860,0.01189289987087249600,0.00117627962026745090,0.00000000000000000000,1.000000,1.72374820709228510000,YES,Default,89.99999761581420800000,0.00000000000000000000,0.00000000000000000000,0.00000000000000000000,0.00000000000000000000,0.00000000000000000000,0.00000000000000000000,0.00000000000000000000,0.00000000000000000000,0.00000000000000000000,0.00000000000000000000,0.00000000000000000000,0.00000000000000000000,0.00000000000000000000,0.00000000000000000000,1,100.00000000000000000000,,,,,,,,,,,,,,,,,,,,,,,,,,,,,,,,,,,,,,,,,,,
139,136,3,Line,,Closed,Closed,NO,139,0.00541400955989956860,0.01189289987087249600,0.00117627962026745090,0.00000000000000000000,1.000000,1.72374820709228510000,YES,Default,89.99999761581420800000,0.00000000000000000000,0.00000000000000000000,0.00000000000000000000,0.00000000000000000000,0.00000000000000000000,0.00000000000000000000,0.00000000000000000000,0.00000000000000000000,0.00000000000000000000,0.00000000000000000000,0.00000000000000000000,0.00000000000000000000,0.00000000000000000000,0.00000000000000000000,1,100.00000000000000000000,,,,,,,,,,,,,,,,,,,,,,,,,,,,,,,,,,,,,,,,,,,
137,147,1,Line,,Closed,Closed,NO,137,0.00093592784833163021,0.00654617464169859840,0.01460514869540929900,0.00000000000000000000,1.000000,4.44239234924316420000,YES,Default,653.98635864257818000000,0.00000000000000000000,0.00000000000000000000,0.00000000000000000000,0.00000000000000000000,0.00000000000000000000,0.00000000000000000000,0.00000000000000000000,0.00000000000000000000,0.00000000000000000000,0.00000000000000000000,0.00000000000000000000,0.00000000000000000000,0.00000000000000000000,0.00000000000000000000,1,100.00000000000000000000,,,,,,,,,,,,,,,,,,,,,,,,,,,,,,,,,,,,,,,,,,,
137,147,2,Line,,Closed,Closed,NO,137,0.00093592784833163021,0.00654617464169859840,0.01460514869540929900,0.00000000000000000000,1.000000,4.44239234924316420000,YES,Default,653.98635864257818000000,0.00000000000000000000,0.00000000000000000000,0.00000000000000000000,0.00000000000000000000,0.00000000000000000000,0.00000000000000000000,0.00000000000000000000,0.00000000000000000000,0.00000000000000000000,0.00000000000000000000,0.00000000000000000000,0.00000000000000000000,0.00000000000000000000,0.00000000000000000000,1,100.00000000000000000000,,,,,,,,,,,,,,,,,,,,,,,,,,,,,,,,,,,,,,,,,,,
137,150,1,Line,,Closed,Closed,NO,137,0.00123399996664375070,0.01132799964398145600,0.07465200126171111700,0.00000000000000000000,1.000000,12.55500411987304600000,YES,Default,494.47498321533203000000,0.00000000000000000000,0.00000000000000000000,0.00000000000000000000,0.00000000000000000000,0.00000000000000000000,0.00000000000000000000,0.00000000000000000000,0.00000000000000000000,0.00000000000000000000,0.00000000000000000000,0.00000000000000000000,0.00000000000000000000,0.00000000000000000000,0.00000000000000000000,1,100.00000000000000000000,,,,,,,,,,,,,,,,,,,,,,,,,,,,,,,,,,,,,,,,,,,
157,137,1,Line,,Closed,Closed,NO,157,0.00090228614863008256,0.00797524489462375680,0.02461776323616504600,0.00000000000000000000,1.000000,5.78659963607788030000,YES,Default,550.42214393615725000000,0.00000000000000000000,0.00000000000000000000,0.00000000000000000000,0.00000000000000000000,0.00000000000000000000,0.00000000000000000000,0.00000000000000000000,0.00000000000000000000,0.00000000000000000000,0.00000000000000000000,0.00000000000000000000,0.00000000000000000000,0.00000000000000000000,0.00000000000000000000,1,100.00000000000000000000,,,,,,,,,,,,,,,,,,,,,,,,,,,,,,,,,,,,,,,,,,,
138,139,1,Line,,Closed,Closed,NO,138,0.00415789801627397570,0.01229896210134029300,0.00098840252030640845,0.00000000000000000000,1.000000,1.59226381778717060000,YES,Default,120.00000476837158000000,0.00000000000000000000,0.00000000000000000000,0.00000000000000000000,0.00000000000000000000,0.00000000000000000000,0.00000000000000000000,0.00000000000000000000,0.00000000000000000000,0.00000000000000000000,0.00000000000000000000,0.00000000000000000000,0.00000000000000000000,0.00000000000000000000,0.00000000000000000000,1,100.00000000000000000000,,,,,,,,,,,,,,,,,,,,,,,,,,,,,,,,,,,,,,,,,,,
138,139,2,Line,,Closed,Closed,NO,138,0.00415789801627397570,0.01229896210134029300,0.00098840252030640845,0.00000000000000000000,1.000000,1.59226381778717060000,YES,Default,120.00000476837158000000,0.00000000000000000000,0.00000000000000000000,0.00000000000000000000,0.00000000000000000000,0.00000000000000000000,0.00000000000000000000,0.00000000000000000000,0.00000000000000000000,0.00000000000000000000,0.00000000000000000000,0.00000000000000000000,0.00000000000000000000,0.00000000000000000000,0.00000000000000000000,1,100.00000000000000000000,,,,,,,,,,,,,,,,,,,,,,,,,,,,,,,,,,,,,,,,,,,
138,139,3,Line,,Closed,Closed,NO,138,0.00415789801627397570,0.01229896210134029300,0.00098840252030640845,0.00000000000000000000,1.000000,1.59226381778717060000,YES,Default,120.00000476837158000000,0.00000000000000000000,0.00000000000000000000,0.00000000000000000000,0.00000000000000000000,0.00000000000000000000,0.00000000000000000000,0.00000000000000000000,0.00000000000000000000,0.00000000000000000000,0.00000000000000000000,0.00000000000000000000,0.00000000000000000000,0.00000000000000000000,0.00000000000000000000,1,100.00000000000000000000,,,,,,,,,,,,,,,,,,,,,,,,,,,,,,,,,,,,,,,,,,,
140,138,1,Line,,Closed,Closed,NO,140,0.00759143428876996100,0.01609630882740020800,0.00328250136226415620,0.00000000000000000000,1.000000,3.19240379333496060000,YES,Default,85.00000238418579200000,0.00000000000000000000,0.00000000000000000000,0.00000000000000000000,0.00000000000000000000,0.00000000000000000000,0.00000000000000000000,0.00000000000000000000,0.00000000000000000000,0.00000000000000000000,0.00000000000000000000,0.00000000000000000000,0.00000000000000000000,0.00000000000000000000,0.00000000000000000000,1,100.00000000000000000000,,,,,,,,,,,,,,,,,,,,,,,,,,,,,,,,,,,,,,,,,,,
138,143,1,Line,,Closed,Closed,NO,138,0.00850155856460332930,0.02219336666166782400,0.00081248075002804403,0.00000000000000000000,1.000000,1.96501195430755620000,YES,Default,64.84487652778625300000,0.00000000000000000000,0.00000000000000000000,0.00000000000000000000,0.00000000000000000000,0.00000000000000000000,0.00000000000000000000,0.00000000000000000000,0.00000000000000000000,0.00000000000000000000,0.00000000000000000000,0.00000000000000000000,0.00000000000000000000,0.00000000000000000000,0.00000000000000000000,1,100.00000000000000000000,,,,,,,,,,,,,,,,,,,,,,,,,,,,,,,,,,,,,,,,,,,
140,144,1,Line,,Closed,Closed,NO,140,0.00648474693298339840,0.01446267217397689900,0.00149981805589050050,0.00000000000000000000,1.000000,2.16592860221862780000,YES,Default,66.36740565299987200000,0.00000000000000000000,0.00000000000000000000,0.00000000000000000000,0.00000000000000000000,0.00000000000000000000,0.00000000000000000000,0.00000000000000000000,0.00000000000000000000,0.00000000000000000000,0.00000000000000000000,0.00000000000000000000,0.00000000000000000000,0.00000000000000000000,0.00000000000000000000,1,100.00000000000000000000,,,,,,,,,,,,,,,,,,,,,,,,,,,,,,,,,,,,,,,,,,,
156,141,1,Line,,Closed,Closed,NO,156,0.00500864116474986050,0.01163435075432062200,0.00044229853665456173,0.00000000000000000000,1.000000,1.02962481975555420000,YES,Default,89.99999761581420800000,0.00000000000000000000,0.00000000000000000000,0.00000000000000000000,0.00000000000000000000,0.00000000000000000000,0.00000000000000000000,0.00000000000000000000,0.00000000000000000000,0.00000000000000000000,0.00000000000000000000,0.00000000000000000000,0.00000000000000000000,0.00000000000000000000,0.00000000000000000000,1,100.00000000000000000000,,,,,,,,,,,,,,,,,,,,,,,,,,,,,,,,,,,,,,,,,,,
156,141, 2,Line,,Closed,Closed,NO,156,0.00500900018960237500,0.01163399964570999000,0.00044199998956173658,0.00000000000000000000,1.000000,1.02962481975555420000,YES,Default,89.99999761581420800000,0.00000000000000000000,0.00000000000000000000,0.00000000000000000000,0.00000000000000000000,0.00000000000000000000,0.00000000000000000000,0.00000000000000000000,0.00000000000000000000,0.00000000000000000000,0.00000000000000000000,0.00000000000000000000,0.00000000000000000000,0.00000000000000000000,0.00000000000000000000,1,100.00000000000000000000,,,,,,,,,,,,,,,,,,,,,,,,,,,,,,,,,,,,,,,,,,,
145,143,1,Line,,Closed,Closed,NO,145,0.00998368393629789310,0.02763027697801590100,0.00091044732835143808,0.00000000000000000000,1.000000,2.24428391456604000000,YES,Default,69.84561085700988200000,0.00000000000000000000,0.00000000000000000000,0.00000000000000000000,0.00000000000000000000,0.00000000000000000000,0.00000000000000000000,0.00000000000000000000,0.00000000000000000000,0.00000000000000000000,0.00000000000000000000,0.00000000000000000000,0.00000000000000000000,0.00000000000000000000,0.00000000000000000000,1,100.00000000000000000000,,,,,,,,,,,,,,,,,,,,,,,,,,,,,,,,,,,,,,,,,,,
145,143,2,Line,,Closed,Closed,NO,145,0.00998368393629789310,0.02763027697801590100,0.00091044732835143808,0.00000000000000000000,1.000000,2.24428391456604000000,YES,Default,69.84561085700988200000,0.00000000000000000000,0.00000000000000000000,0.00000000000000000000,0.00000000000000000000,0.00000000000000000000,0.00000000000000000000,0.00000000000000000000,0.00000000000000000000,0.00000000000000000000,0.00000000000000000000,0.00000000000000000000,0.00000000000000000000,0.00000000000000000000,0.00000000000000000000,1,100.00000000000000000000,,,,,,,,,,,,,,,,,,,,,,,,,,,,,,,,,,,,,,,,,,,
144,145,1,Line,,Closed,Closed,NO,144,0.00586195057258009860,0.01530750654637813400,0.00085355038754642010,0.00000000000000000000,1.000000,1.60710716247558590000,YES,Default,85.00000238418579200000,0.00000000000000000000,0.00000000000000000000,0.00000000000000000000,0.00000000000000000000,0.00000000000000000000,0.00000000000000000000,0.00000000000000000000,0.00000000000000000000,0.00000000000000000000,0.00000000000000000000,0.00000000000000000000,0.00000000000000000000,0.00000000000000000000,0.00000000000000000000,1,100.00000000000000000000,,,,,,,,,,,,,,,,,,,,,,,,,,,,,,,,,,,,,,,,,,,
148,146,1,Line,,Closed,Closed,NO,148,0.00642717955633997950,0.01571725681424140800,0.00206319615244865410,0.00000000000000000000,1.000000,2.51146841049194340000,YES,Default,71.35592103004455700000,0.00000000000000000000,0.00000000000000000000,0.00000000000000000000,0.00000000000000000000,0.00000000000000000000,0.00000000000000000000,0.00000000000000000000,0.00000000000000000000,0.00000000000000000000,0.00000000000000000000,0.00000000000000000000,0.00000000000000000000,0.00000000000000000000,0.00000000000000000000,1,100.00000000000000000000,,,,,,,,,,,,,,,,,,,,,,,,,,,,,,,,,,,,,,,,,,,
148,146,2,Line,,Closed,Closed,NO,148,0.00642717955633997950,0.01571725681424140800,0.00206319615244865410,0.00000000000000000000,1.000000,2.51146841049194340000,YES,Default,71.35592103004455700000,0.00000000000000000000,0.00000000000000000000,0.00000000000000000000,0.00000000000000000000,0.00000000000000000000,0.00000000000000000000,0.00000000000000000000,0.00000000000000000000,0.00000000000000000000,0.00000000000000000000,0.00000000000000000000,0.00000000000000000000,0.00000000000000000000,0.00000000000000000000,1,100.00000000000000000000,,,,,,,,,,,,,,,,,,,,,,,,,,,,,,,,,,,,,,,,,,,
157,147,1,Line,,Closed,Closed,NO,157,0.00109499995596706860,0.00908300001174211460,0.01478200033307075500,0.00000000000000000000,1.000000,5.13584804534912130000,YES,Default,533.58101844787597000000,0.00000000000000000000,0.00000000000000000000,0.00000000000000000000,0.00000000000000000000,0.00000000000000000000,0.00000000000000000000,0.00000000000000000000,0.00000000000000000000,0.00000000000000000000,0.00000000000000000000,0.00000000000000000000,0.00000000000000000000,0.00000000000000000000,0.00000000000000000000,1,100.00000000000000000000,,,,,,,,,,,,,,,,,,,,,,,,,,,,,,,,,,,,,,,,,,,
161,147,1,Line,,Closed,Closed,NO,161,0.00103906320873647920,0.00780261959880590460,0.07381069660186767400,0.00000000000000000000,1.000000,11.44559001922607400000,YES,Default,664.06621932983398000000,0.00000000000000000000,0.00000000000000000000,0.00000000000000000000,0.00000000000000000000,0.00000000000000000000,0.00000000000000000000,0.00000000000000000000,0.00000000000000000000,0.00000000000000000000,0.00000000000000000000,0.00000000000000000000,0.00000000000000000000,0.00000000000000000000,0.00000000000000000000,1,100.00000000000000000000,,,,,,,,,,,,,,,,,,,,,,,,,,,,,,,,,,,,,,,,,,,
161,147,2,Line,,Closed,Closed,NO,161,0.00103906320873647920,0.00780261959880590460,0.07381069660186767400,0.00000000000000000000,1.000000,11.44559001922607400000,YES,Default,664.06621932983398000000,0.00000000000000000000,0.00000000000000000000,0.00000000000000000000,0.00000000000000000000,0.00000000000000000000,0.00000000000000000000,0.00000000000000000000,0.00000000000000000000,0.00000000000000000000,0.00000000000000000000,0.00000000000000000000,0.00000000000000000000,0.00000000000000000000,0.00000000000000000000,1,100.00000000000000000000,,,,,,,,,,,,,,,,,,,,,,,,,,,,,,,,,,,,,,,,,,,
147,163,1,Line,,Closed,Closed,NO,147,0.00086500000907108186,0.00745900021865963900,0.02113199979066848600,0.00000000000000000000,1.000000,5.98976707458496130000,YES,Default,608.73398780822758000000,0.00000000000000000000,0.00000000000000000000,0.00000000000000000000,0.00000000000000000000,0.00000000000000000000,0.00000000000000000000,0.00000000000000000000,0.00000000000000000000,0.00000000000000000000,0.00000000000000000000,0.00000000000000000000,0.00000000000000000000,0.00000000000000000000,0.00000000000000000000,1,100.00000000000000000000,,,,,,,,,,,,,,,,,,,,,,,,,,,,,,,,,,,,,,,,,,,
149,148,1,Line,,Closed,Closed,NO,149,0.01191636361181736000,0.02960216440260410200,0.00067076785489916800,0.00000000000000000000,1.000000,1.77375125885009760000,YES,Default,61.12900376319884800000,0.00000000000000000000,0.00000000000000000000,0.00000000000000000000,0.00000000000000000000,0.00000000000000000000,0.00000000000000000000,0.00000000000000000000,0.00000000000000000000,0.00000000000000000000,0.00000000000000000000,0.00000000000000000000,0.00000000000000000000,0.00000000000000000000,0.00000000000000000000,1,100.00000000000000000000,,,,,,,,,,,,,,,,,,,,,,,,,,,,,,,,,,,,,,,,,,,
149,159,1,Line,,Closed,Closed,NO,149,0.00766588561236858370,0.02009440958499908500,0.00088584923651069402,0.00000000000000000000,1.000000,1.89006996154785150000,YES,Default,68.77085566520691200000,0.00000000000000000000,0.00000000000000000000,0.00000000000000000000,0.00000000000000000000,0.00000000000000000000,0.00000000000000000000,0.00000000000000000000,0.00000000000000000000,0.00000000000000000000,0.00000000000000000000,0.00000000000000000000,0.00000000000000000000,0.00000000000000000000,0.00000000000000000000,1,100.00000000000000000000,,,,,,,,,,,,,,,,,,,,,,,,,,,,,,,,,,,,,,,,,,,
149,159,2,Line,,Closed,Closed,NO,149,0.00766588561236858370,0.02009440958499908500,0.00088584923651069402,0.00000000000000000000,1.000000,1.89006996154785150000,YES,Default,68.77085566520691200000,0.00000000000000000000,0.00000000000000000000,0.00000000000000000000,0.00000000000000000000,0.00000000000000000000,0.00000000000000000000,0.00000000000000000000,0.00000000000000000000,0.00000000000000000000,0.00000000000000000000,0.00000000000000000000,0.00000000000000000000,0.00000000000000000000,0.00000000000000000000,1,100.00000000000000000000,,,,,,,,,,,,,,,,,,,,,,,,,,,,,,,,,,,,,,,,,,,
152,155,1,TransformerWinding,,Closed,Closed,NO,152,0.00128229334950447070,0.02975916862487793300,0.00000000000000000000,0.00000000000000000000,1.000000,0.00000000000000000000,YES,Default,62.22406625747681300000,0.00000000000000000000,0.00000000000000000000,0.00000000000000000000,0.00000000000000000000,0.00000000000000000000,0.00000000000000000000,0.00000000000000000000,0.00000000000000000000,0.00000000000000000000,0.00000000000000000000,0.00000000000000000000,0.00000000000000000000,0.00000000000000000000,0.00000000000000000000,1,100.00000000000000000000,,,,,,,,,,,,,,,,,,,,,,,,,,,,,,,,,,,,,,,,,,,
153,155,1,TransformerWinding,,Closed,Closed,NO,153,0.01386158447712659700,0.32169663906097414000,0.00000000000000000000,0.00000000000000000000,1.000000,0.00000000000000000000,YES,Default,31.11203312873840600000,0.00000000000000000000,0.00000000000000000000,0.00000000000000000000,0.00000000000000000000,0.00000000000000000000,0.00000000000000000000,0.00000000000000000000,0.00000000000000000000,0.00000000000000000000,0.00000000000000000000,0.00000000000000000000,0.00000000000000000000,0.00000000000000000000,0.00000000000000000000,1,100.00000000000000000000,,,,,,,,,,,,,,,,,,,,,,,,,,,,,,,,,,,,,,,,,,,
154,155,1,TransformerWinding,,Closed,Closed,NO,154,0.01386158447712659700,0.32169663906097414000,0.00000000000000000000,0.00000000000000000000,1.000000,0.00000000000000000000,YES,Default,31.11203312873840600000,0.00000000000000000000,0.00000000000000000000,0.00000000000000000000,0.00000000000000000000,0.00000000000000000000,0.00000000000000000000,0.00000000000000000000,0.00000000000000000000,0.00000000000000000000,0.00000000000000000000,0.00000000000000000000,0.00000000000000000000,0.00000000000000000000,0.00000000000000000000,1,100.00000000000000000000,,,,,,,,,,,,,,,,,,,,,,,,,,,,,,,,,,,,,,,,,,,
157,163,1,Line,,Closed,Closed,NO,157,0.00108204944990575310,0.00973471906036138500,0.05162245407700538900,0.00000000000000000000,1.000000,10.08148002624511700000,YES,Default,607.88807868957517000000,0.00000000000000000000,0.00000000000000000000,0.00000000000000000000,0.00000000000000000000,0.00000000000000000000,0.00000000000000000000,0.00000000000000000000,0.00000000000000000000,0.00000000000000000000,0.00000000000000000000,0.00000000000000000000,0.00000000000000000000,0.00000000000000000000,0.00000000000000000000,1,100.00000000000000000000,,,,,,,,,,,,,,,,,,,,,,,,,,,,,,,,,,,,,,,,,,,
157,163, 2,Line,,Closed,Closed,NO,157,0.00108199997339397660,0.00973500031977891970,0.05162199959158897300,0.00000000000000000000,1.000000,10.08148002624511700000,YES,Default,607.88798332214362000000,0.00000000000000000000,0.00000000000000000000,0.00000000000000000000,0.00000000000000000000,0.00000000000000000000,0.00000000000000000000,0.00000000000000000000,0.00000000000000000000,0.00000000000000000000,0.00000000000000000000,0.00000000000000000000,0.00000000000000000000,0.00000000000000000000,0.00000000000000000000,1,100.00000000000000000000,,,,,,,,,,,,,,,,,,,,,,,,,,,,,,,,,,,,,,,,,,,
163,161,1,Line,,Closed,Closed,NO,163,0.00118180527351796640,0.01131598558276891700,0.03400190547108650200,0.00000000000000000000,1.000000,8.57937431335449220000,YES,Default,581.82945251464845000000,0.00000000000000000000,0.00000000000000000000,0.00000000000000000000,0.00000000000000000000,0.00000000000000000000,0.00000000000000000000,0.00000000000000000000,0.00000000000000000000,0.00000000000000000000,0.00000000000000000000,0.00000000000000000000,0.00000000000000000000,0.00000000000000000000,0.00000000000000000000,1,100.00000000000000000000,,,,,,,,,,,,,,,,,,,,,,,,,,,,,,,,,,,,,,,,,,,
165,161,1,Line,,Closed,Closed,NO,165,0.00115031970199197540,0.01008168701082468200,0.03001566790044307800,0.00000000000000000000,1.000000,7.01072883605956990000,YES,Default,507.81850814819334000000,0.00000000000000000000,0.00000000000000000000,0.00000000000000000000,0.00000000000000000000,0.00000000000000000000,0.00000000000000000000,0.00000000000000000000,0.00000000000000000000,0.00000000000000000000,0.00000000000000000000,0.00000000000000000000,0.00000000000000000000,0.00000000000000000000,0.00000000000000000000,1,100.00000000000000000000,,,,,,,,,,,,,,,,,,,,,,,,,,,,,,,,,,,,,,,,,,,
163,172,1,Line,,Closed,Closed,NO,163,0.00261611375026404860,0.02340075001120567400,0.17078246176242829000,0.00000000000000000000,1.000000,27.91299247741699200000,YES,Default,650.00000000000000000000,0.00000000000000000000,0.00000000000000000000,0.00000000000000000000,0.00000000000000000000,0.00000000000000000000,0.00000000000000000000,0.00000000000000000000,0.00000000000000000000,0.00000000000000000000,0.00000000000000000000,0.00000000000000000000,0.00000000000000000000,0.00000000000000000000,0.00000000000000000000,1,100.00000000000000000000,,,,,,,,,,,,,,,,,,,,,,,,,,,,,,,,,,,,,,,,,,,
163,172, 2,Line,,Closed,Closed,NO,163,0.00388196064159274110,0.03059854172170161900,0.10185639560222626000,0.00000000000000000000,1.000000,23.91057205200195200000,YES,Default,650.00000000000000000000,0.00000000000000000000,0.00000000000000000000,0.00000000000000000000,0.00000000000000000000,0.00000000000000000000,0.00000000000000000000,0.00000000000000000000,0.00000000000000000000,0.00000000000000000000,0.00000000000000000000,0.00000000000000000000,0.00000000000000000000,0.00000000000000000000,0.00000000000000000000,1,100.00000000000000000000,,,,,,,,,,,,,,,,,,,,,,,,,,,,,,,,,,,,,,,,,,,
165,168,1,TransformerWinding,,Closed,Closed,NO,165,0.00343644712120294590,0.14087194204330445000,0.00000000000000000000,0.00000000000000000000,1.000000,0.00000000000000000000,YES,Default,203.76698970794678000000,0.00000000000000000000,0.00000000000000000000,0.00000000000000000000,0.00000000000000000000,0.00000000000000000000,0.00000000000000000000,0.00000000000000000000,0.00000000000000000000,0.00000000000000000000,0.00000000000000000000,0.00000000000000000000,0.00000000000000000000,0.00000000000000000000,0.00000000000000000000,1,100.00000000000000000000,,,,,,,,,,,,,,,,,,,,,,,,,,,,,,,,,,,,,,,,,,,
165,170,1,Line,,Closed,Closed,NO,165,0.00326118781231343740,0.02975350618362426900,0.06154831871390342400,0.00000000000000000000,1.000000,19.42008590698242200000,YES,Default,550.87766647338867000000,0.00000000000000000000,0.00000000000000000000,0.00000000000000000000,0.00000000000000000000,0.00000000000000000000,0.00000000000000000000,0.00000000000000000000,0.00000000000000000000,0.00000000000000000000,0.00000000000000000000,0.00000000000000000000,0.00000000000000000000,0.00000000000000000000,0.00000000000000000000,1,100.00000000000000000000,,,,,,,,,,,,,,,,,,,,,,,,,,,,,,,,,,,,,,,,,,,
166,168,1,TransformerWinding,,Closed,Closed,NO,166,-0.00198608543723821630,-0.08141654729843139800,0.00000000000000000000,0.00000000000000000000,1.000000,0.00000000000000000000,YES,Default,103.76698970794678000000,0.00000000000000000000,0.00000000000000000000,0.00000000000000000000,0.00000000000000000000,0.00000000000000000000,0.00000000000000000000,0.00000000000000000000,0.00000000000000000000,0.00000000000000000000,0.00000000000000000000,0.00000000000000000000,0.00000000000000000000,0.00000000000000000000,0.00000000000000000000,1,100.00000000000000000000,,,,,,,,,,,,,,,,,,,,,,,,,,,,,,,,,,,,,,,,,,,
167,168,1,TransformerWinding,,Closed,Closed,NO,167,0.00886803492903709440,0.36353164911270144000,0.00000000000000000000,0.00000000000000000000,1.000000,0.00000000000000000000,YES,Default,100.00000000000000000000,0.00000000000000000000,0.00000000000000000000,0.00000000000000000000,0.00000000000000000000,0.00000000000000000000,0.00000000000000000000,0.00000000000000000000,0.00000000000000000000,0.00000000000000000000,0.00000000000000000000,0.00000000000000000000,0.00000000000000000000,0.00000000000000000000,0.00000000000000000000,1,100.00000000000000000000,,,,,,,,,,,,,,,,,,,,,,,,,,,,,,,,,,,,,,,,,,,
170,172,1,Line,,Closed,Closed,NO,170,0.00018655561143532397,0.00184565922245383260,0.00457735639065504060,0.00000000000000000000,1.000000,1.33346939086914060000,YES,Default,536.57865524291994000000,0.00000000000000000000,0.00000000000000000000,0.00000000000000000000,0.00000000000000000000,0.00000000000000000000,0.00000000000000000000,0.00000000000000000000,0.00000000000000000000,0.00000000000000000000,0.00000000000000000000,0.00000000000000000000,0.00000000000000000000,0.00000000000000000000,0.00000000000000000000,1,100.00000000000000000000,,,,,,,,,,,,,,,,,,,,,,,,,,,,,,,,,,,,,,,,,,,
170,172, 2,Line,,Closed,Closed,NO,170,0.00018699999782256781,0.00184599997010081980,0.00457700015977025020,0.00000000000000000000,1.000000,1.33346939086914060000,YES,Default,536.57898902893069000000,0.00000000000000000000,0.00000000000000000000,0.00000000000000000000,0.00000000000000000000,0.00000000000000000000,0.00000000000000000000,0.00000000000000000000,0.00000000000000000000,0.00000000000000000000,0.00000000000000000000,0.00000000000000000000,0.00000000000000000000,0.00000000000000000000,0.00000000000000000000,1,100.00000000000000000000,,,,,,,,,,,,,,,,,,,,,,,,,,,,,,,,,,,,,,,,,,,
33,32,1,Transformer,,Closed,Closed,NO,33,0.000718,0.030630,0.000000,0.000000,1.000000,0.000000,YES,Default,233.408904,0.000000,0.000000,0.000000,0.000000,0.000000,0.000000,0.000000,0.000000,0.000000,0.000000,0.000000,0.000000,0.000000,0.000000,1,100.000000,,,,,,,,,,,,,,,,,,,,,,,Fixed,NO,32,NO ,0.000000,0.000100,1.010000,0.990000,Middle,100.000000,69.000000,230.000000,0.000000,0.000000,1.000000,1.000000,1.100000,0.900000,0.006250,0.000000,0
33,32,2,Transformer,,Closed,Closed,NO,33,0.000718,0.030630,0.000000,0.000000,1.000000,0.000000,YES,Default,233.408904,0.000000,0.000000,0.000000,0.000000,0.000000,0.000000,0.000000,0.000000,0.000000,0.000000,0.000000,0.000000,0.000000,0.000000,1,100.000000,,,,,,,,,,,,,,,,,,,,,,,Fixed,NO,32,NO ,0.000000,0.000100,1.010000,0.990000,Middle,100.000000,69.000000,230.000000,0.000000,0.000000,1.000000,1.000000,1.100000,0.900000,0.006250,0.000000,0
33,32,3,Transformer,,Closed,Closed,NO,33,0.000718,0.030630,0.000000,0.000000,1.000000,0.000000,YES,Default,233.408904,0.000000,0.000000,0.000000,0.000000,0.000000,0.000000,0.000000,0.000000,0.000000,0.000000,0.000000,0.000000,0.000000,0.000000,1,100.000000,,,,,,,,,,,,,,,,,,,,,,,Fixed,NO,32,NO ,0.000000,0.000100,1.010000,0.990000,Middle,100.000000,69.000000,230.000000,0.000000,0.000000,1.000000,1.000000,1.100000,0.900000,0.006250,0.000000,0
40,39,1,Transformer,,Closed,Closed,NO,40,0.000440,0.022092,0.000000,0.000000,1.000000,0.000000,YES,Default,245.434332,0.000000,0.000000,0.000000,0.000000,0.000000,0.000000,0.000000,0.000000,0.000000,0.000000,0.000000,0.000000,0.000000,0.000000,1,100.000000,,,,,,,,,,,,,,,,,,,,,,,Fixed,NO,39,NO ,0.000000,0.000100,1.010000,0.990000,Middle,100.000000,69.000000,230.000000,0.000000,0.000000,1.000000,1.000000,1.100000,0.900000,0.006250,0.000000,0
40,39,2,Transformer,,Closed,Closed,NO,40,0.000440,0.022092,0.000000,0.000000,1.000000,0.000000,YES,Default,245.434332,0.000000,0.000000,0.000000,0.000000,0.000000,0.000000,0.000000,0.000000,0.000000,0.000000,0.000000,0.000000,0.000000,0.000000,1,100.000000,,,,,,,,,,,,,,,,,,,,,,,Fixed,NO,39,NO ,0.000000,0.000100,1.010000,0.990000,Middle,100.000000,69.000000,230.000000,0.000000,0.000000,1.000000,1.000000,1.100000,0.900000,0.006250,0.000000,0
40,39,3,Transformer,,Closed,Closed,NO,40,0.000440,0.022092,0.000000,0.000000,1.000000,0.000000,YES,Default,245.434332,0.000000,0.000000,0.000000,0.000000,0.000000,0.000000,0.000000,0.000000,0.000000,0.000000,0.000000,0.000000,0.000000,0.000000,1,100.000000,,,,,,,,,,,,,,,,,,,,,,,Fixed,NO,39,NO ,0.000000,0.000100,1.010000,0.990000,Middle,100.000000,69.000000,230.000000,0.000000,0.000000,1.000000,1.000000,1.100000,0.900000,0.006250,0.000000,0
59,58,1,Transformer,,Closed,Closed,NO,59,0.002067,0.093456,0.000000,0.000000,1.000000,0.000000,YES,Default,181.801462,0.000000,0.000000,0.000000,0.000000,0.000000,0.000000,0.000000,0.000000,0.000000,0.000000,0.000000,0.000000,0.000000,0.000000,1,100.000000,,,,,,,,,,,,,,,,,,,,,,,Fixed,NO,58,NO ,0.000000,0.000100,1.010000,0.990000,Middle,100.000000,69.000000,230.000000,0.000000,0.000000,1.000000,1.000000,1.100000,0.900000,0.006250,0.000000,0
69,68,1,Transformer,,Closed,Closed,NO,69,0.000567,0.022697,0.000000,0.000000,1.000000,0.000000,YES,Default,300.000000,0.000000,0.000000,0.000000,0.000000,0.000000,0.000000,0.000000,0.000000,0.000000,0.000000,0.000000,0.000000,0.000000,0.000000,1,100.000000,,,,,,,,,,,,,,,,,,,,,,,Fixed,NO,68,NO ,0.000000,0.000100,1.010000,0.990000,Middle,100.000000,69.000000,230.000000,0.000000,0.000000,1.000000,1.000000,1.100000,0.900000,0.006250,0.000000,0
71,70,1,Transformer,,Closed,Closed,NO,71,0.000996,0.045119,0.000000,0.000000,1.000000,0.000000,YES,Default,217.386961,0.000000,0.000000,0.000000,0.000000,0.000000,0.000000,0.000000,0.000000,0.000000,0.000000,0.000000,0.000000,0.000000,0.000000,1,100.000000,,,,,,,,,,,,,,,,,,,,,,,Fixed,NO,70,NO ,0.000000,0.000100,1.010000,0.990000,Middle,100.000000,69.000000,230.000000,0.000000,0.000000,1.000000,1.000000,1.100000,0.900000,0.006250,0.000000,0
74,73,1,Transformer,,Closed,Closed,NO,74,0.001218,0.050319,0.000000,0.000000,1.000000,0.000000,YES,Default,200.848508,0.000000,0.000000,0.000000,0.000000,0.000000,0.000000,0.000000,0.000000,0.000000,0.000000,0.000000,0.000000,0.000000,0.000000,1,100.000000,,,,,,,,,,,,,,,,,,,,,,,Fixed,NO,73,NO ,0.000000,0.000100,1.010000,0.990000,Middle,100.000000,69.000000,230.000000,0.000000,0.000000,1.000000,1.000000,1.100000,0.900000,0.006250,0.000000,0
88,87,1,Transformer,,Closed,Closed,NO,88,0.001298,0.049385,0.000000,0.000000,1.000000,0.000000,YES,Default,241.592288,0.000000,0.000000,0.000000,0.000000,0.000000,0.000000,0.000000,0.000000,0.000000,0.000000,0.000000,0.000000,0.000000,0.000000,1,100.000000,,,,,,,,,,,,,,,,,,,,,,,Fixed,NO,87,NO ,0.000000,0.000100,1.010000,0.990000,Middle,100.000000,69.000000,230.000000,0.000000,0.000000,1.000000,1.000000,1.100000,0.900000,0.006250,0.000000,0
88,87,2,Transformer,,Closed,Closed,NO,88,0.001298,0.049385,0.000000,0.000000,1.000000,0.000000,YES,Default,241.592288,0.000000,0.000000,0.000000,0.000000,0.000000,0.000000,0.000000,0.000000,0.000000,0.000000,0.000000,0.000000,0.000000,0.000000,1,100.000000,,,,,,,,,,,,,,,,,,,,,,,Fixed,NO,87,NO ,0.000000,0.000100,1.010000,0.990000,Middle,100.000000,69.000000,230.000000,0.000000,0.000000,1.000000,1.000000,1.100000,0.900000,0.006250,0.000000,0
88,87,3,Transformer,,Closed,Closed,NO,88,0.001298,0.049385,0.000000,0.000000,1.000000,0.000000,YES,Default,241.592288,0.000000,0.000000,0.000000,0.000000,0.000000,0.000000,0.000000,0.000000,0.000000,0.000000,0.000000,0.000000,0.000000,0.000000,1,100.000000,,,,,,,,,,,,,,,,,,,,,,,Fixed,NO,87,NO ,0.000000,0.000100,1.010000,0.990000,Middle,100.000000,69.000000,230.000000,0.000000,0.000000,1.000000,1.000000,1.100000,0.900000,0.006250,0.000000,0
95,94,1,Transformer,,Closed,Closed,NO,95,0.001088,0.051414,0.000000,0.000000,1.000000,0.000000,YES,Default,166.718531,0.000000,0.000000,0.000000,0.000000,0.000000,0.000000,0.000000,0.000000,0.000000,0.000000,0.000000,0.000000,0.000000,0.000000,1,100.000000,,,,,,,,,,,,,,,,,,,,,,,Fixed,NO,94,NO ,0.000000,0.000100,1.010000,0.990000,Middle,100.000000,69.000000,230.000000,0.000000,0.000000,1.000000,1.000000,1.100000,0.900000,0.006250,0.000000,0
102,101,1,Transformer,,Closed,Closed,NO,102,0.001543,0.069139,0.000000,0.000000,1.000000,0.000000,YES,Default,177.281952,0.000000,0.000000,0.000000,0.000000,0.000000,0.000000,0.000000,0.000000,0.000000,0.000000,0.000000,0.000000,0.000000,0.000000,1,100.000000,,,,,,,,,,,,,,,,,,,,,,,Fixed,NO,101,NO ,0.000000,0.000100,1.010000,0.990000,Middle,100.000000,69.000000,230.000000,0.000000,0.000000,1.000000,1.000000,1.100000,0.900000,0.006250,0.000000,0
132,131,1,Transformer,,Closed,Closed,NO,132,0.001251,0.053131,0.000000,0.000000,1.000000,0.000000,YES,Default,196.382368,0.000000,0.000000,0.000000,0.000000,0.000000,0.000000,0.000000,0.000000,0.000000,0.000000,0.000000,0.000000,0.000000,0.000000,1,100.000000,,,,,,,,,,,,,,,,,,,,,,,Fixed,NO,131,NO ,0.000000,0.000100,1.010000,0.990000,Middle,100.000000,69.000000,230.000000,0.000000,0.000000,1.000000,1.000000,1.100000,0.900000,0.006250,0.000000,0
138,137,1,Transformer,,Closed,Closed,NO,138,0.000615,0.034619,0.000000,0.000000,1.000000,0.000000,YES,Default,277.762246,0.000000,0.000000,0.000000,0.000000,0.000000,0.000000,0.000000,0.000000,0.000000,0.000000,0.000000,0.000000,0.000000,0.000000,1,100.000000,,,,,,,,,,,,,,,,,,,,,,,Fixed,NO,137,NO ,0.000000,0.000100,1.010000,0.990000,Middle,100.000000,69.000000,230.000000,0.000000,0.000000,1.000000,1.000000,1.100000,0.900000,0.006250,0.000000,0
138,137,2,Transformer,,Closed,Closed,NO,138,0.000615,0.034619,0.000000,0.000000,1.000000,0.000000,YES,Default,277.762246,0.000000,0.000000,0.000000,0.000000,0.000000,0.000000,0.000000,0.000000,0.000000,0.000000,0.000000,0.000000,0.000000,0.000000,1,100.000000,,,,,,,,,,,,,,,,,,,,,,,Fixed,NO,137,NO ,0.000000,0.000100,1.010000,0.990000,Middle,100.000000,69.000000,230.000000,0.000000,0.000000,1.000000,1.000000,1.100000,0.900000,0.006250,0.000000,0
138,137,3,Transformer,,Closed,Closed,NO,138,0.000615,0.034619,0.000000,0.000000,1.000000,0.000000,YES,Default,277.762246,0.000000,0.000000,0.000000,0.000000,0.000000,0.000000,0.000000,0.000000,0.000000,0.000000,0.000000,0.000000,0.000000,0.000000,1,100.000000,,,,,,,,,,,,,,,,,,,,,,,Fixed,NO,137,NO ,0.000000,0.000100,1.010000,0.990000,Middle,100.000000,69.000000,230.000000,0.000000,0.000000,1.000000,1.000000,1.100000,0.900000,0.006250,0.000000,0
148,147,1,Transformer,,Closed,Closed,NO,148,0.001118,0.054218,0.000000,0.000000,1.000000,0.000000,YES,Default,202.341747,0.000000,0.000000,0.000000,0.000000,0.000000,0.000000,0.000000,0.000000,0.000000,0.000000,0.000000,0.000000,0.000000,0.000000,1,100.000000,,,,,,,,,,,,,,,,,,,,,,,Fixed,NO,147,NO ,0.000000,0.000100,1.010000,0.990000,Middle,100.000000,69.000000,230.000000,0.000000,0.000000,1.000000,1.000000,1.100000,0.900000,0.006250,0.000000,0
151,150,1,Transformer,,Closed,Closed,NO,151,0.001636,0.082649,0.000000,0.000000,1.000000,0.000000,YES,Default,106.028354,0.000000,0.000000,0.000000,0.000000,0.000000,0.000000,0.000000,0.000000,0.000000,0.000000,0.000000,0.000000,0.000000,0.000000,1,100.000000,,,,,,,,,,,,,,,,,,,,,,,Fixed,NO,150,NO ,0.000000,0.000100,1.010000,0.990000,Middle,100.000000,69.000000,230.000000,0.000000,0.000000,1.000000,1.000000,1.100000,0.900000,0.006250,0.000000,0
158,157,1,Transformer,,Closed,Closed,NO,158,0.001160,0.048109,0.000000,0.000000,1.000000,0.000000,YES,Default,249.097037,0.000000,0.000000,0.000000,0.000000,0.000000,0.000000,0.000000,0.000000,0.000000,0.000000,0.000000,0.000000,0.000000,0.000000,1,100.000000,,,,,,,,,,,,,,,,,,,,,,,Fixed,NO,157,NO ,0.000000,0.000100,1.010000,0.990000,Middle,100.000000,69.000000,230.000000,0.000000,0.000000,1.000000,1.000000,1.100000,0.900000,0.006250,0.000000,0
158,157,2,Transformer,,Closed,Closed,NO,158,0.001160,0.048109,0.000000,0.000000,1.000000,0.000000,YES,Default,249.097037,0.000000,0.000000,0.000000,0.000000,0.000000,0.000000,0.000000,0.000000,0.000000,0.000000,0.000000,0.000000,0.000000,0.000000,1,100.000000,,,,,,,,,,,,,,,,,,,,,,,Fixed,NO,157,NO ,0.000000,0.000100,1.010000,0.990000,Middle,100.000000,69.000000,230.000000,0.000000,0.000000,1.000000,1.000000,1.100000,0.900000,0.006250,0.000000,0
158,157,3,Transformer,,Closed,Closed,NO,158,0.001160,0.048109,0.000000,0.000000,1.000000,0.000000,YES,Default,249.097037,0.000000,0.000000,0.000000,0.000000,0.000000,0.000000,0.000000,0.000000,0.000000,0.000000,0.000000,0.000000,0.000000,0.000000,1,100.000000,,,,,,,,,,,,,,,,,,,,,,,Fixed,NO,157,NO ,0.000000,0.000100,1.010000,0.990000,Middle,100.000000,69.000000,230.000000,0.000000,0.000000,1.000000,1.000000,1.100000,0.900000,0.006250,0.000000,0
162,161,1,Transformer,,Closed,Closed,NO,162,0.001448,0.072044,0.000000,0.000000,1.000000,0.000000,YES,Default,196.374357,0.000000,0.000000,0.000000,0.000000,0.000000,0.000000,0.000000,0.000000,0.000000,0.000000,0.000000,0.000000,0.000000,0.000000,1,100.000000,,,,,,,,,,,,,,,,,,,,,,,Fixed,NO,161,NO ,0.000000,0.000100,1.010000,0.990000,Middle,100.000000,69.000000,230.000000,0.000000,0.000000,1.000000,1.000000,1.100000,0.900000,0.006250,0.000000,0
164,163,1,Transformer,,Closed,Closed,NO,164,0.000985,0.050048,0.000000,0.000000,1.000000,0.000000,YES,Default,256.273317,0.000000,0.000000,0.000000,0.000000,0.000000,0.000000,0.000000,0.000000,0.000000,0.000000,0.000000,0.000000,0.000000,0.000000,1,100.000000,,,,,,,,,,,,,,,,,,,,,,,Fixed,NO,163,NO ,0.000000,0.000100,1.010000,0.990000,Middle,100.000000,69.000000,230.000000,0.000000,0.000000,1.000000,1.000000,1.100000,0.900000,0.006250,0.000000,0
164,163,2,Transformer,,Closed,Closed,NO,164,0.000985,0.050048,0.000000,0.000000,1.000000,0.000000,YES,Default,256.273317,0.000000,0.000000,0.000000,0.000000,0.000000,0.000000,0.000000,0.000000,0.000000,0.000000,0.000000,0.000000,0.000000,0.000000,1,100.000000,,,,,,,,,,,,,,,,,,,,,,,Fixed,NO,163,NO ,0.000000,0.000100,1.010000,0.990000,Middle,100.000000,69.000000,230.000000,0.000000,0.000000,1.000000,1.000000,1.100000,0.900000,0.006250,0.000000,0
164,163,3,Transformer,,Closed,Closed,NO,164,0.000985,0.050048,0.000000,0.000000,1.000000,0.000000,YES,Default,256.273317,0.000000,0.000000,0.000000,0.000000,0.000000,0.000000,0.000000,0.000000,0.000000,0.000000,0.000000,0.000000,0.000000,0.000000,1,100.000000,,,,,,,,,,,,,,,,,,,,,,,Fixed,NO,163,NO ,0.000000,0.000100,1.010000,0.990000,Middle,100.000000,69.000000,230.000000,0.000000,0.000000,1.000000,1.000000,1.100000,0.900000,0.006250,0.000000,0
171,170,1,Transformer,,Closed,Closed,NO,171,0.001420,0.047374,0.000000,0.000000,1.000000,0.000000,YES,Default,216.446972,0.000000,0.000000,0.000000,0.000000,0.000000,0.000000,0.000000,0.000000,0.000000,0.000000,0.000000,0.000000,0.000000,0.000000,1,100.000000,,,,,,,,,,,,,,,,,,,,,,,Fixed,NO,170,NO ,0.000000,0.000100,1.010000,0.990000,Middle,100.000000,69.000000,230.000000,0.000000,0.000000,1.000000,1.000000,1.100000,0.900000,0.006250,0.000000,0
173,172,1,Transformer,,Closed,Closed,NO,173,0.001865,0.076421,0.000000,0.000000,1.000000,0.000000,YES,Default,122.129261,0.000000,0.000000,0.000000,0.000000,0.000000,0.000000,0.000000,0.000000,0.000000,0.000000,0.000000,0.000000,0.000000,0.000000,1,100.000000,,,,,,,,,,,,,,,,,,,,,,,Fixed,NO,172,NO ,0.000000,0.000100,1.010000,0.990000,Middle,100.000000,69.000000,230.000000,0.000000,0.000000,1.000000,1.000000,1.100000,0.900000,0.006250,0.000000,0
