signal_id,candidate_rank,road_node_id,road_longitude,road_latitude,distance_m,second_minus_first_distance_m,physical_neighbour_count,incoming_physical_links,selected_provisional,road_match_status,manual_verified,mapping_kind
2,1,7294,-97.73184,30.316597,39.366,228.527,3,3,1,provisional_spatial_candidate,0,nearest_intersection_candidate
2,2,3889,-97.730551,30.318561,267.893,228.527,3,3,0,provisional_spatial_candidate,0,nearest_intersection_candidate
2,3,3904,-97.735509,30.315185,352.89,228.527,3,3,0,provisional_spatial_candidate,0,nearest_intersection_candidate
3,1,3889,-97.730551,30.318561,34.739,225.971,3,3,1,provisional_spatial_candidate,0,nearest_intersection_candidate
3,2,7294,-97.73184,30.316597,260.71,225.971,3,3,0,provisional_spatial_candidate,0,nearest_intersection_candidate
3,3,3896,-97.728383,30.317586,268.426,225.971,3,3,0,provisional_spatial_candidate,0,nearest_intersection_candidate
4,1,3879,-97.729076,30.320888,37.754,264.525,4,4,1,provisional_spatial_candidate,0,nearest_intersection_candidate
4,2,3889,-97.730551,30.318561,302.279,264.525,3,3,0,provisional_spatial_candidate,0,nearest_intersection_candidate
4,3,3896,-97.728383,30.317586,401.4,264.525,3,3,0,provisional_spatial_candidate,0,nearest_intersection_candidate
5,1,3890,-97.72599,30.325807,36.316,584.339,4,4,1,provisional_spatial_candidate,0,nearest_intersection_candidate
5,2,3879,-97.729076,30.320888,620.655,584.339,4,4,0,provisional_spatial_candidate,0,nearest_intersection_candidate
5,3,3892,-97.731279,30.330649,706.456,584.339,4,4,0,provisional_spatial_candidate,0,nearest_intersection_candidate
6,1,3890,-97.72599,30.325807,559.991,183.278,4,4,0,over_50m,0,nearest_intersection_candidate
6,2,3892,-97.731279,30.330649,743.269,183.278,4,4,0,over_50m,0,nearest_intersection_candidate
6,3,3928,-97.716883,30.333912,750.156,183.278,3,3,0,over_50m,0,nearest_intersection_candidate
7,1,3926,-97.719513,30.336581,331.656,87.089,3,3,0,over_50m,0,nearest_intersection_candidate
7,2,3928,-97.716883,30.333912,418.745,87.089,3,3,0,over_50m,0,nearest_intersection_candidate
7,3,2841,-97.719007,30.337559,450.271,87.089,3,3,0,over_50m,0,nearest_intersection_candidate
9,1,2841,-97.719007,30.337559,15.114,116.659,3,3,1,provisional_spatial_candidate,0,nearest_intersection_candidate
9,2,3926,-97.719513,30.336581,131.773,116.659,3,3,0,provisional_spatial_candidate,0,nearest_intersection_candidate
9,3,3518,-97.717832,30.339446,225.349,116.659,3,3,0,provisional_spatial_candidate,0,nearest_intersection_candidate
10,1,3890,-97.72599,30.325807,329.596,238.773,4,4,0,over_50m,0,nearest_intersection_candidate
10,2,3921,-97.718269,30.321748,568.37,238.773,3,3,0,over_50m,0,nearest_intersection_candidate
10,3,3879,-97.729076,30.320888,581.319,238.773,4,4,0,over_50m,0,nearest_intersection_candidate
11,1,3518,-97.717832,30.339446,4.442,229.493,3,3,1,provisional_spatial_candidate,0,nearest_intersection_candidate
11,2,2841,-97.719007,30.337559,233.934,229.493,3,3,0,provisional_spatial_candidate,0,nearest_intersection_candidate
11,3,3926,-97.719513,30.336581,352.791,229.493,3,3,0,provisional_spatial_candidate,0,nearest_intersection_candidate
12,1,3892,-97.731279,30.330649,192.146,371.627,4,4,0,over_50m,0,nearest_intersection_candidate
12,2,3890,-97.72599,30.325807,563.773,371.627,4,4,0,over_50m,0,nearest_intersection_candidate
12,3,3885,-97.735579,30.323963,880.501,371.627,4,4,0,over_50m,0,nearest_intersection_candidate
13,1,3892,-97.731279,30.330649,38.804,739.705,4,4,1,provisional_spatial_candidate,0,nearest_intersection_candidate
13,2,3890,-97.72599,30.325807,778.509,739.705,4,4,0,provisional_spatial_candidate,0,nearest_intersection_candidate
13,3,3885,-97.735579,30.323963,858.361,739.705,4,4,0,provisional_spatial_candidate,0,nearest_intersection_candidate
14,1,3928,-97.716883,30.333912,6.806,375.989,3,3,1,provisional_spatial_candidate,0,nearest_intersection_candidate
14,2,3926,-97.719513,30.336581,382.795,375.989,3,3,0,provisional_spatial_candidate,0,nearest_intersection_candidate
14,3,3562,-97.715566,30.330352,421.92,375.989,3,3,0,provisional_spatial_candidate,0,nearest_intersection_candidate
15,1,3879,-97.729076,30.320888,228.305,68.171,4,4,0,over_50m,0,nearest_intersection_candidate
15,2,3896,-97.728383,30.317586,296.476,68.171,3,3,0,over_50m,0,nearest_intersection_candidate
15,3,3889,-97.730551,30.318561,377.888,68.171,3,3,0,over_50m,0,nearest_intersection_candidate
16,1,3607,-97.715821,30.328501,39.612,128.633,3,3,1,provisional_spatial_candidate,0,nearest_intersection_candidate
16,2,3562,-97.715566,30.330352,168.244,128.633,3,3,0,provisional_spatial_candidate,0,nearest_intersection_candidate
16,3,3608,-97.712913,30.328185,290.323,128.633,3,3,0,provisional_spatial_candidate,0,nearest_intersection_candidate
17,1,3607,-97.715821,30.328501,165.226,164.669,3,3,0,over_50m,0,nearest_intersection_candidate
17,2,3608,-97.712913,30.328185,329.895,164.669,3,3,0,over_50m,0,nearest_intersection_candidate
17,3,3562,-97.715566,30.330352,372.449,164.669,3,3,0,over_50m,0,nearest_intersection_candidate
19,1,5084,-97.688076,30.41504,30.557,268.154,3,3,1,provisional_spatial_candidate,0,nearest_intersection_candidate
19,2,5083,-97.690253,30.413006,298.711,268.154,4,4,0,provisional_spatial_candidate,0,nearest_intersection_candidate
19,3,5085,-97.689735,30.418142,357.932,268.154,3,3,0,provisional_spatial_candidate,0,nearest_intersection_candidate
20,1,3636,-97.744803,30.282304,26.974,18.214,3,3,0,ambiguous_nearby_nodes,0,nearest_intersection_candidate
20,2,3809,-97.744542,30.282227,45.187,18.214,3,3,0,ambiguous_nearby_nodes,0,nearest_intersection_candidate
20,3,3812,-97.744671,30.283827,143.419,18.214,3,3,0,ambiguous_nearby_nodes,0,nearest_intersection_candidate
21,1,3809,-97.744542,30.282227,76.636,25.317,3,3,0,over_50m,0,nearest_intersection_candidate
21,2,3636,-97.744803,30.282304,101.953,25.317,3,3,0,over_50m,0,nearest_intersection_candidate
21,3,3812,-97.744671,30.283827,197.844,25.317,3,3,0,over_50m,0,nearest_intersection_candidate
23,1,3811,-97.741554,30.281406,51.106,104.324,4,4,0,over_50m,0,nearest_intersection_candidate
23,2,3813,-97.740479,30.28111,155.43,104.324,3,3,0,over_50m,0,nearest_intersection_candidate
23,3,3806,-97.741624,30.283576,207.001,104.324,4,4,0,over_50m,0,nearest_intersection_candidate
24,1,3813,-97.740479,30.28111,24.411,76.308,3,3,1,provisional_spatial_candidate,0,nearest_intersection_candidate
24,2,3811,-97.741554,30.281406,100.719,76.308,4,4,0,provisional_spatial_candidate,0,nearest_intersection_candidate
24,3,3806,-97.741624,30.283576,271.931,76.308,4,4,0,provisional_spatial_candidate,0,nearest_intersection_candidate
25,1,3797,-97.737823,30.280378,43.807,188.862,4,4,1,provisional_spatial_candidate,0,nearest_intersection_candidate
25,2,3813,-97.740479,30.28111,232.669,188.862,3,3,0,provisional_spatial_candidate,0,nearest_intersection_candidate
25,3,3815,-97.735368,30.279722,283.969,188.862,4,4,0,provisional_spatial_candidate,0,nearest_intersection_candidate
26,1,3815,-97.735368,30.279722,43.315,114.798,4,4,1,provisional_spatial_candidate,0,nearest_intersection_candidate
26,2,2831,-97.734201,30.279407,158.113,114.798,4,3,0,provisional_spatial_candidate,0,nearest_intersection_candidate
26,3,3817,-97.73407,30.280268,160.793,114.798,3,2,0,provisional_spatial_candidate,0,nearest_intersection_candidate
27,1,2831,-97.734201,30.279407,39.391,42.517,4,3,1,provisional_spatial_candidate,0,nearest_intersection_candidate
27,2,3817,-97.73407,30.280268,81.907,42.517,3,2,0,provisional_spatial_candidate,0,nearest_intersection_candidate
27,3,3815,-97.735368,30.279722,82.727,42.517,4,4,0,provisional_spatial_candidate,0,nearest_intersection_candidate
28,1,2782,-97.731664,30.278717,58.339,92.021,4,4,0,over_50m,0,nearest_intersection_candidate
28,2,2784,-97.73074,30.278471,150.36,92.021,4,3,0,over_50m,0,nearest_intersection_candidate
28,3,2831,-97.734201,30.279407,198.713,92.021,4,3,0,over_50m,0,nearest_intersection_candidate
29,1,3607,-97.715821,30.328501,444.439,49.577,3,3,0,over_50m,0,nearest_intersection_candidate
29,2,3562,-97.715566,30.330352,494.015,49.577,3,3,0,over_50m,0,nearest_intersection_candidate
29,3,3890,-97.72599,30.325807,634.708,49.577,4,4,0,over_50m,0,nearest_intersection_candidate
30,1,3612,-97.747504,30.288042,34.292,301.65,4,4,1,provisional_spatial_candidate,0,nearest_intersection_candidate
30,2,3613,-97.74436,30.287796,335.942,301.65,4,4,0,provisional_spatial_candidate,0,nearest_intersection_candidate
30,3,3666,-97.744096,30.290506,443.485,301.65,4,4,0,provisional_spatial_candidate,0,nearest_intersection_candidate
31,1,3613,-97.74436,30.287796,34.566,236.656,4,4,1,provisional_spatial_candidate,0,nearest_intersection_candidate
31,2,3612,-97.747504,30.288042,271.221,236.656,4,4,0,provisional_spatial_candidate,0,nearest_intersection_candidate
31,3,3666,-97.744096,30.290506,291.367,236.656,4,4,0,provisional_spatial_candidate,0,nearest_intersection_candidate
32,1,3613,-97.74436,30.287796,67.3,167.044,4,4,0,over_50m,0,nearest_intersection_candidate
32,2,3798,-97.741238,30.287567,234.344,167.044,3,3,0,over_50m,0,nearest_intersection_candidate
32,3,3666,-97.744096,30.290506,300.819,167.044,4,4,0,over_50m,0,nearest_intersection_candidate
33,1,3798,-97.741238,30.287567,136.951,27.746,3,3,0,over_50m,0,nearest_intersection_candidate
33,2,3613,-97.74436,30.287796,164.697,27.746,4,4,0,over_50m,0,nearest_intersection_candidate
33,3,3795,-97.741024,30.289647,260.446,27.746,3,3,0,over_50m,0,nearest_intersection_candidate
35,1,2784,-97.73074,30.278471,26.459,88.206,4,3,1,provisional_spatial_candidate,0,nearest_intersection_candidate
35,2,2782,-97.731664,30.278717,114.665,88.206,4,4,0,provisional_spatial_candidate,0,nearest_intersection_candidate
35,3,3775,-97.73009,30.279647,126.758,88.206,3,2,0,provisional_spatial_candidate,0,nearest_intersection_candidate
37,1,3806,-97.741624,30.283576,36.421,229.196,4,4,1,provisional_spatial_candidate,0,nearest_intersection_candidate
37,2,3812,-97.744671,30.283827,265.617,229.196,3,3,0,provisional_spatial_candidate,0,nearest_intersection_candidate
37,3,3811,-97.741554,30.281406,267.885,229.196,4,4,0,provisional_spatial_candidate,0,nearest_intersection_candidate
38,1,3806,-97.741624,30.283576,159.168,105.367,4,4,0,over_50m,0,nearest_intersection_candidate
38,2,3611,-97.744569,30.285003,264.536,105.367,3,3,0,over_50m,0,nearest_intersection_candidate
38,3,3798,-97.741238,30.287567,290.965,105.367,3,3,0,over_50m,0,nearest_intersection_candidate
39,1,3798,-97.741238,30.287567,192.208,65.659,3,3,0,over_50m,0,nearest_intersection_candidate
39,2,3806,-97.741624,30.283576,257.867,65.659,4,4,0,over_50m,0,nearest_intersection_candidate
39,3,3611,-97.744569,30.285003,289.376,65.659,3,3,0,over_50m,0,nearest_intersection_candidate
40,1,3798,-97.741238,30.287567,34.201,185.878,3,3,1,provisional_spatial_candidate,0,nearest_intersection_candidate
40,2,3795,-97.741024,30.289647,220.079,185.878,3,3,0,provisional_spatial_candidate,0,nearest_intersection_candidate
40,3,3613,-97.74436,30.287796,270.229,185.878,4,4,0,provisional_spatial_candidate,0,nearest_intersection_candidate
42,1,3795,-97.741024,30.289647,94.757,67.314,3,3,0,over_50m,0,nearest_intersection_candidate
42,2,3766,-97.740848,30.291879,162.071,67.314,4,4,0,over_50m,0,nearest_intersection_candidate
42,3,3666,-97.744096,30.290506,270.407,67.314,4,4,0,over_50m,0,nearest_intersection_candidate
43,1,3766,-97.740848,30.291879,31.3,228.955,4,4,1,provisional_spatial_candidate,0,nearest_intersection_candidate
43,2,3795,-97.741024,30.289647,260.255,228.955,3,3,0,provisional_spatial_candidate,0,nearest_intersection_candidate
43,3,3666,-97.744096,30.290506,327.192,228.955,4,4,0,provisional_spatial_candidate,0,nearest_intersection_candidate
44,1,3764,-97.742467,30.295288,36.733,52.617,3,3,1,provisional_spatial_candidate,0,nearest_intersection_candidate
44,2,3765,-97.743612,30.295841,89.35,52.617,3,3,0,provisional_spatial_candidate,0,nearest_intersection_candidate
44,3,3820,-97.741773,30.296367,144.391,52.617,3,3,0,provisional_spatial_candidate,0,nearest_intersection_candidate
45,1,3765,-97.743612,30.295841,30.788,125.38,3,3,1,provisional_spatial_candidate,0,nearest_intersection_candidate
45,2,3764,-97.742467,30.295288,156.168,125.38,3,3,0,provisional_spatial_candidate,0,nearest_intersection_candidate
45,3,3820,-97.741773,30.296367,211.92,125.38,3,3,0,provisional_spatial_candidate,0,nearest_intersection_candidate
46,1,3820,-97.741773,30.296367,35.194,104.331,3,3,1,provisional_spatial_candidate,0,nearest_intersection_candidate
46,2,3764,-97.742467,30.295288,139.525,104.331,3,3,0,provisional_spatial_candidate,0,nearest_intersection_candidate
46,3,3765,-97.743612,30.295841,162.42,104.331,3,3,0,provisional_spatial_candidate,0,nearest_intersection_candidate
47,1,3823,-97.739353,30.300193,32.673,279.979,3,3,1,provisional_spatial_candidate,0,nearest_intersection_candidate
47,2,7295,-97.737777,30.302643,312.652,279.979,4,4,0,provisional_spatial_candidate,0,nearest_intersection_candidate
47,3,3820,-97.741773,30.296367,486.752,279.979,3,3,0,provisional_spatial_candidate,0,nearest_intersection_candidate
48,1,7295,-97.737777,30.302643,36.913,269.368,4,4,1,provisional_spatial_candidate,0,nearest_intersection_candidate
48,2,3823,-97.739353,30.300193,306.281,269.368,3,3,0,provisional_spatial_candidate,0,nearest_intersection_candidate
48,3,3826,-97.742751,30.305054,511.569,269.368,4,4,0,provisional_spatial_candidate,0,nearest_intersection_candidate
49,1,7295,-97.737777,30.302643,458.18,95.465,4,4,0,over_50m,0,nearest_intersection_candidate
49,2,3643,-97.732702,30.310594,553.645,95.465,4,4,0,over_50m,0,nearest_intersection_candidate
49,3,3826,-97.742751,30.305054,684.217,95.465,4,4,0,over_50m,0,nearest_intersection_candidate
50,1,3643,-97.732702,30.310594,38.388,453.725,4,4,1,provisional_spatial_candidate,0,nearest_intersection_candidate
50,2,3902,-97.737326,30.313189,492.114,453.725,4,4,0,provisional_spatial_candidate,0,nearest_intersection_candidate
50,3,3904,-97.735509,30.315185,540.45,453.725,3,3,0,provisional_spatial_candidate,0,nearest_intersection_candidate
51,1,2794,-97.720765,30.279509,56.079,357.916,4,4,0,over_50m,0,nearest_intersection_candidate
51,2,3839,-97.721585,30.283517,413.996,357.916,3,3,0,over_50m,0,nearest_intersection_candidate
51,3,2767,-97.716795,30.280124,428.006,357.916,4,4,0,over_50m,0,nearest_intersection_candidate
52,1,2767,-97.716795,30.280124,57.441,293.704,4,4,0,over_50m,0,nearest_intersection_candidate
52,2,2794,-97.720765,30.279509,351.145,293.704,4,4,0,over_50m,0,nearest_intersection_candidate
52,3,3545,-97.717617,30.284126,411.439,293.704,4,4,0,over_50m,0,nearest_intersection_candidate
53,1,3803,-97.737805,30.289464,20.806,112.147,3,3,1,provisional_spatial_candidate,0,nearest_intersection_candidate
53,2,3819,-97.736627,30.289354,132.953,112.147,3,3,0,provisional_spatial_candidate,0,nearest_intersection_candidate
53,3,3795,-97.741024,30.289647,291.376,112.147,3,3,0,provisional_spatial_candidate,0,nearest_intersection_candidate
54,1,3777,-97.734176,30.28906,50.624,111.71,4,4,0,over_50m,0,nearest_intersection_candidate
54,2,3818,-97.734348,30.290758,162.335,111.71,3,3,0,over_50m,0,nearest_intersection_candidate
54,3,3819,-97.736627,30.289354,193.518,111.71,3,3,0,over_50m,0,nearest_intersection_candidate
55,1,3819,-97.736627,30.289354,20.894,74.741,3,3,1,provisional_spatial_candidate,0,nearest_intersection_candidate
55,2,3803,-97.737805,30.289464,95.635,74.741,3,3,0,provisional_spatial_candidate,0,nearest_intersection_candidate
55,3,3777,-97.734176,30.28906,256.635,74.741,4,4,0,provisional_spatial_candidate,0,nearest_intersection_candidate
56,1,3818,-97.734348,30.290758,43.051,174.368,3,3,1,provisional_spatial_candidate,0,nearest_intersection_candidate
56,2,3777,-97.734176,30.28906,217.419,174.368,4,4,0,provisional_spatial_candidate,0,nearest_intersection_candidate
56,3,3791,-97.735724,30.29303,249.542,174.368,3,3,0,provisional_spatial_candidate,0,nearest_intersection_candidate
57,1,3791,-97.735724,30.29303,287.206,84.021,3,3,0,over_50m,0,nearest_intersection_candidate
57,2,3818,-97.734348,30.290758,371.227,84.021,3,3,0,over_50m,0,nearest_intersection_candidate
57,3,3790,-97.737196,30.294173,415.278,84.021,3,3,0,over_50m,0,nearest_intersection_candidate
58,1,3773,-97.733303,30.30048,24.45,422.997,4,4,1,provisional_spatial_candidate,0,nearest_intersection_candidate
58,2,3772,-97.729457,30.298607,447.447,422.997,4,4,0,provisional_spatial_candidate,0,nearest_intersection_candidate
58,3,7295,-97.737777,30.302643,468.835,422.997,4,4,0,provisional_spatial_candidate,0,nearest_intersection_candidate
59,1,3772,-97.729457,30.298607,32.53,359.321,4,4,1,provisional_spatial_candidate,0,nearest_intersection_candidate
59,2,3773,-97.733303,30.30048,391.851,359.321,4,4,0,provisional_spatial_candidate,0,nearest_intersection_candidate
59,3,3780,-97.72285,30.296441,711.037,359.321,4,4,0,provisional_spatial_candidate,0,nearest_intersection_candidate
60,1,3867,-97.724201,30.306962,37.237,331.485,4,4,1,provisional_spatial_candidate,0,nearest_intersection_candidate
60,2,3661,-97.728023,30.308477,368.722,331.485,4,4,0,provisional_spatial_candidate,0,nearest_intersection_candidate
60,3,3869,-97.719266,30.304683,571.859,331.485,4,4,0,provisional_spatial_candidate,0,nearest_intersection_candidate
61,1,3661,-97.728023,30.308477,39.566,403.722,4,4,1,provisional_spatial_candidate,0,nearest_intersection_candidate
61,2,3867,-97.724201,30.306962,443.288,403.722,4,4,0,provisional_spatial_candidate,0,nearest_intersection_candidate
61,3,3643,-97.732702,30.310594,467.568,403.722,4,4,0,provisional_spatial_candidate,0,nearest_intersection_candidate
62,1,3803,-97.737805,30.289464,123.279,63.868,3,3,0,over_50m,0,nearest_intersection_candidate
62,2,3795,-97.741024,30.289647,187.147,63.868,3,3,0,over_50m,0,nearest_intersection_candidate
62,3,3819,-97.736627,30.289354,236.998,63.868,3,3,0,over_50m,0,nearest_intersection_candidate
63,1,3870,-97.722013,30.299568,38.296,324.905,3,3,1,provisional_spatial_candidate,0,nearest_intersection_candidate
63,2,3780,-97.72285,30.296441,363.201,324.905,4,4,0,provisional_spatial_candidate,0,nearest_intersection_candidate
63,3,3866,-97.718586,30.297967,411.966,324.905,4,3,0,provisional_spatial_candidate,0,nearest_intersection_candidate
64,1,3784,-97.7203,30.295241,58.358,118.468,4,3,0,over_50m,0,nearest_intersection_candidate
64,2,3779,-97.718183,30.294177,176.826,118.468,4,3,0,over_50m,0,nearest_intersection_candidate
64,3,3874,-97.718585,30.296455,199.628,118.468,3,2,0,over_50m,0,nearest_intersection_candidate
65,1,3848,-97.728766,30.288226,37.178,275.246,3,3,1,provisional_spatial_candidate,0,nearest_intersection_candidate
65,2,3830,-97.726241,30.287044,312.424,275.246,4,4,0,provisional_spatial_candidate,0,nearest_intersection_candidate
65,3,3829,-97.725844,30.28644,379.418,275.246,3,1,0,provisional_spatial_candidate,0,nearest_intersection_candidate
66,1,3795,-97.741024,30.289647,75.28,161.697,3,3,0,over_50m,0,nearest_intersection_candidate
66,2,3803,-97.737805,30.289464,236.977,161.697,3,3,0,over_50m,0,nearest_intersection_candidate
66,3,3766,-97.740848,30.291879,243.057,161.697,4,4,0,over_50m,0,nearest_intersection_candidate
67,1,3848,-97.728766,30.288226,350.457,43.421,3,3,0,over_50m,0,nearest_intersection_candidate
67,2,3846,-97.724666,30.288233,393.878,43.421,3,2,0,over_50m,0,nearest_intersection_candidate
67,3,3833,-97.723702,30.288429,441.214,43.421,3,1,0,over_50m,0,nearest_intersection_candidate
68,1,3780,-97.72285,30.296441,30.509,278.633,4,4,1,provisional_spatial_candidate,0,nearest_intersection_candidate
68,2,3784,-97.7203,30.295241,309.143,278.633,4,3,0,provisional_spatial_candidate,0,nearest_intersection_candidate
68,3,3870,-97.722013,30.299568,353.487,278.633,3,3,0,provisional_spatial_candidate,0,nearest_intersection_candidate
69,1,3869,-97.719266,30.304683,38.218,367.727,4,4,1,provisional_spatial_candidate,0,nearest_intersection_candidate
69,2,3876,-97.715746,30.303374,405.946,367.727,3,3,0,provisional_spatial_candidate,0,nearest_intersection_candidate
69,3,3551,-97.715572,30.302709,455.259,367.727,4,3,0,provisional_spatial_candidate,0,nearest_intersection_candidate
70,1,3830,-97.726241,30.287044,50.381,68.092,4,4,0,over_50m,0,nearest_intersection_candidate
70,2,3829,-97.725844,30.28644,118.473,68.092,3,1,0,over_50m,0,nearest_intersection_candidate
70,3,3863,-97.725577,30.286805,119.244,68.092,4,3,0,over_50m,0,nearest_intersection_candidate
71,1,3828,-97.728001,30.283109,13.652,46.206,3,2,1,provisional_spatial_candidate,0,nearest_intersection_candidate
71,2,3794,-97.728474,30.282916,59.858,46.206,3,3,0,provisional_spatial_candidate,0,nearest_intersection_candidate
71,3,3850,-97.727224,30.282855,82.441,46.206,3,1,0,provisional_spatial_candidate,0,nearest_intersection_candidate
73,1,4048,-97.734807,30.364478,29.452,363.229,3,3,1,provisional_spatial_candidate,0,nearest_intersection_candidate
73,2,4042,-97.738618,30.366349,392.681,363.229,4,4,0,provisional_spatial_candidate,0,nearest_intersection_candidate
73,3,4075,-97.728826,30.362729,631.965,363.229,3,3,0,provisional_spatial_candidate,0,nearest_intersection_candidate
74,1,4062,-97.726433,30.372402,470.834,121.021,4,3,0,over_50m,0,nearest_intersection_candidate
74,2,4066,-97.722031,30.370603,591.854,121.021,3,1,0,over_50m,0,nearest_intersection_candidate
74,3,4064,-97.721588,30.369558,592.47,121.021,3,1,0,over_50m,0,nearest_intersection_candidate
76,1,3797,-97.737823,30.280378,101.449,47.533,4,4,0,over_50m,0,nearest_intersection_candidate
76,2,3815,-97.735368,30.279722,148.982,47.533,4,4,0,over_50m,0,nearest_intersection_candidate
76,3,3817,-97.73407,30.280268,259.379,47.533,3,2,0,over_50m,0,nearest_intersection_candidate
78,1,4006,-97.730568,30.355995,36.098,433.937,4,4,1,provisional_spatial_candidate,0,nearest_intersection_candidate
78,2,4036,-97.735243,30.358103,470.035,433.937,3,3,0,provisional_spatial_candidate,0,nearest_intersection_candidate
78,3,4004,-97.733041,30.351919,513.924,433.937,4,4,0,provisional_spatial_candidate,0,nearest_intersection_candidate
79,1,4004,-97.733041,30.351919,194.591,457.323,4,4,0,over_50m,0,nearest_intersection_candidate
79,2,3511,-97.737239,30.345272,651.914,457.323,4,4,0,over_50m,0,nearest_intersection_candidate
79,3,4035,-97.736352,30.356587,696.117,457.323,3,3,0,over_50m,0,nearest_intersection_candidate
80,1,3511,-97.737239,30.345272,360.069,124.716,4,4,0,over_50m,0,nearest_intersection_candidate
80,2,4004,-97.733041,30.351919,484.785,124.716,4,4,0,over_50m,0,nearest_intersection_candidate
80,3,4035,-97.736352,30.356587,928.107,124.716,3,3,0,over_50m,0,nearest_intersection_candidate
81,1,3511,-97.737239,30.345272,30.272,731.292,4,4,1,provisional_spatial_candidate,0,nearest_intersection_candidate
81,2,3508,-97.745437,30.34484,761.564,731.292,3,3,0,provisional_spatial_candidate,0,nearest_intersection_candidate
81,3,4004,-97.733041,30.351919,844.447,731.292,4,4,0,provisional_spatial_candidate,0,nearest_intersection_candidate
82,1,3911,-97.739606,30.334644,427.91,351.593,4,4,0,over_50m,0,nearest_intersection_candidate
82,2,3511,-97.737239,30.345272,779.504,351.593,4,4,0,over_50m,0,nearest_intersection_candidate
82,3,3508,-97.745437,30.34484,923.391,351.593,3,3,0,over_50m,0,nearest_intersection_candidate
83,1,3911,-97.739606,30.334644,254.224,697.949,4,4,0,over_50m,0,nearest_intersection_candidate
83,2,3511,-97.737239,30.345272,952.173,697.949,4,4,0,over_50m,0,nearest_intersection_candidate
83,3,3633,-97.749143,30.334649,962.814,697.949,4,4,0,over_50m,0,nearest_intersection_candidate
84,1,3911,-97.739606,30.334644,31.059,863.774,4,4,1,provisional_spatial_candidate,0,nearest_intersection_candidate
84,2,3633,-97.749143,30.334649,894.833,863.774,4,4,0,provisional_spatial_candidate,0,nearest_intersection_candidate
84,3,3892,-97.731279,30.330649,943.745,863.774,4,4,0,provisional_spatial_candidate,0,nearest_intersection_candidate
85,1,3911,-97.739606,30.334644,245.535,524.8,4,4,0,over_50m,0,nearest_intersection_candidate
85,2,3884,-97.739362,30.325571,770.335,524.8,4,4,0,over_50m,0,nearest_intersection_candidate
85,3,3892,-97.731279,30.330649,867.441,524.8,4,4,0,over_50m,0,nearest_intersection_candidate
86,1,3353,-97.736477,30.267143,151.354,25.081,4,4,0,over_50m,0,nearest_intersection_candidate
86,2,3306,-97.739711,30.268034,176.435,25.081,4,3,0,over_50m,0,nearest_intersection_candidate
86,3,3323,-97.736837,30.266163,199.818,25.081,3,2,0,over_50m,0,nearest_intersection_candidate
87,1,3884,-97.739362,30.325571,39.544,366.572,4,4,1,provisional_spatial_candidate,0,nearest_intersection_candidate
87,2,3907,-97.743632,30.324701,406.115,366.572,3,3,0,provisional_spatial_candidate,0,nearest_intersection_candidate
87,3,3885,-97.735579,30.323963,440.693,366.572,4,4,0,provisional_spatial_candidate,0,nearest_intersection_candidate
88,1,3909,-97.73908,30.321757,37.395,175.824,3,3,1,provisional_spatial_candidate,0,nearest_intersection_candidate
88,2,3905,-97.737265,30.321314,213.219,175.824,3,3,0,provisional_spatial_candidate,0,nearest_intersection_candidate
88,3,3898,-97.738862,30.319163,320.018,175.824,3,3,0,provisional_spatial_candidate,0,nearest_intersection_candidate
89,1,3898,-97.738862,30.319163,84.75,126.991,3,3,0,over_50m,0,nearest_intersection_candidate
89,2,3909,-97.73908,30.321757,211.741,126.991,3,3,0,over_50m,0,nearest_intersection_candidate
89,3,3905,-97.737265,30.321314,248.421,126.991,3,3,0,over_50m,0,nearest_intersection_candidate
90,1,3641,-97.741269,30.315116,42.885,409.055,4,4,1,provisional_spatial_candidate,0,nearest_intersection_candidate
90,2,3646,-97.745801,30.317184,451.94,409.055,4,4,0,provisional_spatial_candidate,0,nearest_intersection_candidate
90,3,3902,-97.737326,30.313189,475.881,409.055,4,4,0,provisional_spatial_candidate,0,nearest_intersection_candidate
91,1,4004,-97.733041,30.351919,38.535,453.917,4,4,1,provisional_spatial_candidate,0,nearest_intersection_candidate
91,2,4006,-97.730568,30.355995,492.451,453.917,4,4,0,provisional_spatial_candidate,0,nearest_intersection_candidate
91,3,4035,-97.736352,30.356587,570.036,453.917,3,3,0,provisional_spatial_candidate,0,nearest_intersection_candidate
92,1,4075,-97.728826,30.362729,30.013,103.155,3,3,1,provisional_spatial_candidate,0,nearest_intersection_candidate
92,2,4018,-97.729101,30.361714,133.167,103.155,3,3,0,provisional_spatial_candidate,0,nearest_intersection_candidate
92,3,4048,-97.734807,30.364478,578.535,103.155,3,3,0,provisional_spatial_candidate,0,nearest_intersection_candidate
93,1,4036,-97.735243,30.358103,36.049,170.649,3,3,1,provisional_spatial_candidate,0,nearest_intersection_candidate
93,2,4035,-97.736352,30.356587,206.697,170.649,3,3,0,provisional_spatial_candidate,0,nearest_intersection_candidate
93,3,4029,-97.738119,30.3596,286.601,170.649,4,4,0,provisional_spatial_candidate,0,nearest_intersection_candidate
94,1,4029,-97.738119,30.3596,22.099,259.785,4,4,1,provisional_spatial_candidate,0,nearest_intersection_candidate
94,2,4009,-97.740816,30.361012,281.884,259.785,4,4,0,provisional_spatial_candidate,0,nearest_intersection_candidate
94,3,4036,-97.735243,30.358103,343.206,259.785,3,3,0,provisional_spatial_candidate,0,nearest_intersection_candidate
95,1,4009,-97.740816,30.361012,2.957,289.902,4,4,1,provisional_spatial_candidate,0,nearest_intersection_candidate
95,2,4003,-97.743888,30.361227,292.859,289.902,4,3,0,provisional_spatial_candidate,0,nearest_intersection_candidate
95,3,4029,-97.738119,30.3596,305.573,289.902,4,4,0,provisional_spatial_candidate,0,nearest_intersection_candidate
96,1,4006,-97.730568,30.355995,208.503,89.17,4,4,0,over_50m,0,nearest_intersection_candidate
96,2,4036,-97.735243,30.358103,297.673,89.17,3,3,0,over_50m,0,nearest_intersection_candidate
96,3,4035,-97.736352,30.356587,373.56,89.17,3,3,0,over_50m,0,nearest_intersection_candidate
98,1,4008,-97.745377,30.361327,15.627,36.315,4,3,1,provisional_spatial_candidate,0,nearest_intersection_candidate
98,2,3944,-97.745047,30.360824,51.942,36.315,3,1,0,provisional_spatial_candidate,0,nearest_intersection_candidate
98,3,4003,-97.743888,30.361227,129.013,36.315,4,3,0,provisional_spatial_candidate,0,nearest_intersection_candidate
99,1,3946,-97.746918,30.361727,4.767,148.805,3,3,1,provisional_spatial_candidate,0,nearest_intersection_candidate
99,2,4008,-97.745377,30.361327,153.572,148.805,4,3,0,provisional_spatial_candidate,0,nearest_intersection_candidate
99,3,3944,-97.745047,30.360824,205.879,148.805,3,1,0,provisional_spatial_candidate,0,nearest_intersection_candidate
100,1,4055,-97.722864,30.352313,41.369,134.681,3,3,1,provisional_spatial_candidate,0,nearest_intersection_candidate
100,2,4056,-97.721639,30.351721,176.049,134.681,3,3,0,provisional_spatial_candidate,0,nearest_intersection_candidate
100,3,4059,-97.723446,30.347472,560.699,134.681,4,4,0,provisional_spatial_candidate,0,nearest_intersection_candidate
101,1,6686,-97.621686,30.168706,1152.539,603.211,3,3,0,over_50m,0,nearest_intersection_candidate
101,2,6029,-97.628837,30.167774,1755.749,603.211,3,2,0,over_50m,0,nearest_intersection_candidate
101,3,6022,-97.627823,30.171685,1829.127,603.211,4,3,0,over_50m,0,nearest_intersection_candidate
102,1,3902,-97.737326,30.313189,39.938,237.116,4,4,1,provisional_spatial_candidate,0,nearest_intersection_candidate
102,2,3904,-97.735509,30.315185,277.054,237.116,3,3,0,provisional_spatial_candidate,0,nearest_intersection_candidate
102,3,3641,-97.741269,30.315116,397.696,237.116,4,4,0,provisional_spatial_candidate,0,nearest_intersection_candidate
103,1,3826,-97.742751,30.305054,32.814,56.41,4,4,1,provisional_spatial_candidate,0,nearest_intersection_candidate
103,2,3621,-97.743859,30.305592,89.224,56.41,3,3,0,provisional_spatial_candidate,0,nearest_intersection_candidate
103,3,3824,-97.744311,30.302585,314.661,56.41,4,4,0,provisional_spatial_candidate,0,nearest_intersection_candidate
105,1,3824,-97.744311,30.302585,40.656,281.822,4,4,1,provisional_spatial_candidate,0,nearest_intersection_candidate
105,2,3826,-97.742751,30.305054,322.478,281.822,4,4,0,provisional_spatial_candidate,0,nearest_intersection_candidate
105,3,3621,-97.743859,30.305592,331.863,281.822,3,3,0,provisional_spatial_candidate,0,nearest_intersection_candidate
106,1,3616,-97.748204,30.298005,29.734,502.26,4,4,1,provisional_spatial_candidate,0,nearest_intersection_candidate
106,2,3765,-97.743612,30.295841,531.995,502.26,3,3,0,provisional_spatial_candidate,0,nearest_intersection_candidate
106,3,3824,-97.744311,30.302585,635.98,502.26,4,4,0,provisional_spatial_candidate,0,nearest_intersection_candidate
107,1,3629,-97.755858,30.308798,7.649,30.938,4,4,1,provisional_spatial_candidate,0,nearest_intersection_candidate
107,2,3721,-97.756109,30.308444,38.588,30.938,3,2,0,provisional_spatial_candidate,0,nearest_intersection_candidate
107,3,3628,-97.756958,30.310221,194.458,30.938,3,2,0,provisional_spatial_candidate,0,nearest_intersection_candidate
108,1,3701,-97.75249,30.2884,30.738,440.032,4,4,1,provisional_spatial_candidate,0,nearest_intersection_candidate
108,2,3689,-97.756957,30.290737,470.77,440.032,3,3,0,provisional_spatial_candidate,0,nearest_intersection_candidate
108,3,3612,-97.747504,30.288042,508.576,440.032,4,4,0,provisional_spatial_candidate,0,nearest_intersection_candidate
109,1,3727,-97.750247,30.306906,60.318,11.947,3,3,0,over_50m,0,nearest_intersection_candidate
109,2,3726,-97.751228,30.307717,72.266,11.947,4,4,0,over_50m,0,nearest_intersection_candidate
109,3,3620,-97.747909,30.307171,275.433,11.947,3,3,0,over_50m,0,nearest_intersection_candidate
110,1,3702,-97.751976,30.283513,13.722,449.273,3,3,1,provisional_spatial_candidate,0,nearest_intersection_candidate
110,2,3699,-97.750386,30.279702,462.996,449.273,4,4,0,provisional_spatial_candidate,0,nearest_intersection_candidate
110,3,3698,-97.757484,30.282583,531.598,449.273,3,3,0,provisional_spatial_candidate,0,nearest_intersection_candidate
111,1,3726,-97.751228,30.307717,37.07,126.643,4,4,1,provisional_spatial_candidate,0,nearest_intersection_candidate
111,2,3727,-97.750247,30.306906,163.714,126.643,3,3,0,provisional_spatial_candidate,0,nearest_intersection_candidate
111,3,3620,-97.747909,30.307171,361.354,126.643,3,3,0,provisional_spatial_candidate,0,nearest_intersection_candidate
112,1,3726,-97.751228,30.307717,171.979,84.577,4,4,0,over_50m,0,nearest_intersection_candidate
112,2,3727,-97.750247,30.306906,256.556,84.577,3,3,0,over_50m,0,nearest_intersection_candidate
112,3,3620,-97.747909,30.307171,346.552,84.577,3,3,0,over_50m,0,nearest_intersection_candidate
113,1,3620,-97.747909,30.307171,39.841,224.172,3,3,1,provisional_spatial_candidate,0,nearest_intersection_candidate
113,2,3727,-97.750247,30.306906,264.013,224.172,3,3,0,provisional_spatial_candidate,0,nearest_intersection_candidate
113,3,3726,-97.751228,30.307717,364.159,224.172,4,4,0,provisional_spatial_candidate,0,nearest_intersection_candidate
114,1,3621,-97.743859,30.305592,31.131,122.015,3,3,1,provisional_spatial_candidate,0,nearest_intersection_candidate
114,2,3826,-97.742751,30.305054,153.147,122.015,4,4,0,provisional_spatial_candidate,0,nearest_intersection_candidate
114,3,3824,-97.744311,30.302585,348.837,122.015,4,4,0,provisional_spatial_candidate,0,nearest_intersection_candidate
115,1,3143,-97.775092,30.269114,458.504,214.938,3,2,0,over_50m,0,nearest_intersection_candidate
115,2,3123,-97.764502,30.264656,673.442,214.938,3,3,0,over_50m,0,nearest_intersection_candidate
115,3,1731,-97.778362,30.267761,721.443,214.938,3,2,0,over_50m,0,nearest_intersection_candidate
116,1,2760,-97.751107,30.276683,36.557,290.076,4,4,1,provisional_spatial_candidate,0,nearest_intersection_candidate
116,2,3699,-97.750386,30.279702,326.633,290.076,4,4,0,provisional_spatial_candidate,0,nearest_intersection_candidate
116,3,3025,-97.747072,30.275468,444.593,290.076,4,4,0,provisional_spatial_candidate,0,nearest_intersection_candidate
117,1,2760,-97.751107,30.276683,216.859,221.927,4,4,0,over_50m,0,nearest_intersection_candidate
117,2,3165,-97.753752,30.271281,438.786,221.927,4,3,0,over_50m,0,nearest_intersection_candidate
117,3,3052,-97.748213,30.272419,485.865,221.927,3,3,0,over_50m,0,nearest_intersection_candidate
118,1,3165,-97.753752,30.271281,35.256,124.598,4,3,1,provisional_spatial_candidate,0,nearest_intersection_candidate
118,2,3158,-97.75433,30.270135,159.854,124.598,4,4,0,provisional_spatial_candidate,0,nearest_intersection_candidate
118,3,7298,-97.75348,30.269783,200.673,124.598,3,3,0,provisional_spatial_candidate,0,nearest_intersection_candidate
119,1,3158,-97.75433,30.270135,31.215,90.308,4,4,1,provisional_spatial_candidate,0,nearest_intersection_candidate
119,2,7298,-97.75348,30.269783,121.523,90.308,3,3,0,provisional_spatial_candidate,0,nearest_intersection_candidate
119,3,3165,-97.753752,30.271281,137.078,90.308,4,3,0,provisional_spatial_candidate,0,nearest_intersection_candidate
120,1,3134,-97.756722,30.264263,46.772,181.061,3,3,1,provisional_spatial_candidate,0,nearest_intersection_candidate
120,2,3127,-97.755922,30.266302,227.833,181.061,4,4,0,provisional_spatial_candidate,0,nearest_intersection_candidate
120,3,3133,-97.758134,30.260731,433.339,181.061,4,4,0,provisional_spatial_candidate,0,nearest_intersection_candidate
121,1,3133,-97.758134,30.260731,40.011,375.804,4,4,1,provisional_spatial_candidate,0,nearest_intersection_candidate
121,2,3134,-97.756722,30.264263,415.815,375.804,3,3,0,provisional_spatial_candidate,0,nearest_intersection_candidate
121,3,3137,-97.753305,30.2594,526.776,375.804,4,4,0,provisional_spatial_candidate,0,nearest_intersection_candidate
122,1,3129,-97.76842,30.248643,127.027,128.011,3,3,0,over_50m,0,nearest_intersection_candidate
122,2,3138,-97.769715,30.248227,255.039,128.011,3,3,0,over_50m,0,nearest_intersection_candidate
122,3,3130,-97.764882,30.251061,306.726,128.011,3,3,0,over_50m,0,nearest_intersection_candidate
123,1,3138,-97.769715,30.248227,30.686,118.582,3,3,1,provisional_spatial_candidate,0,nearest_intersection_candidate
123,2,3129,-97.76842,30.248643,149.269,118.582,3,3,0,provisional_spatial_candidate,0,nearest_intersection_candidate
123,3,3130,-97.764882,30.251061,569.008,118.582,3,3,0,provisional_spatial_candidate,0,nearest_intersection_candidate
124,1,1775,-97.777001,30.246641,35.948,463.612,3,3,1,provisional_spatial_candidate,0,nearest_intersection_candidate
124,2,1776,-97.781187,30.244055,499.56,463.612,3,3,0,provisional_spatial_candidate,0,nearest_intersection_candidate
124,3,2480,-97.782109,30.243412,613.377,463.612,3,3,0,provisional_spatial_candidate,0,nearest_intersection_candidate
125,1,1776,-97.781187,30.244055,30.062,86.268,3,3,1,provisional_spatial_candidate,0,nearest_intersection_candidate
125,2,2480,-97.782109,30.243412,116.33,86.268,3,3,0,provisional_spatial_candidate,0,nearest_intersection_candidate
125,3,1775,-97.777001,30.246641,498.423,86.268,3,3,0,provisional_spatial_candidate,0,nearest_intersection_candidate
126,1,3133,-97.758134,30.260731,612.038,31.504,4,4,0,over_50m,0,nearest_intersection_candidate
126,2,3130,-97.764882,30.251061,643.541,31.504,3,3,0,over_50m,0,nearest_intersection_candidate
126,3,3137,-97.753305,30.2594,869.835,31.504,4,4,0,over_50m,0,nearest_intersection_candidate
128,1,3165,-97.753752,30.271281,311.093,32.62,4,3,0,over_50m,0,nearest_intersection_candidate
128,2,2760,-97.751107,30.276683,343.713,32.62,4,4,0,over_50m,0,nearest_intersection_candidate
128,3,3158,-97.75433,30.270135,449.557,32.62,4,4,0,over_50m,0,nearest_intersection_candidate
129,1,3133,-97.758134,30.260731,349.03,67.35,4,4,0,over_50m,0,nearest_intersection_candidate
129,2,3123,-97.764502,30.264656,416.38,67.35,3,3,0,over_50m,0,nearest_intersection_candidate
129,3,3134,-97.756722,30.264263,521.545,67.35,3,3,0,over_50m,0,nearest_intersection_candidate
130,1,3123,-97.764502,30.264656,47.966,681.052,3,3,1,provisional_spatial_candidate,0,nearest_intersection_candidate
130,2,1779,-97.770657,30.260413,729.018,681.052,3,3,0,provisional_spatial_candidate,0,nearest_intersection_candidate
130,3,3134,-97.756722,30.264263,795.475,681.052,3,3,0,provisional_spatial_candidate,0,nearest_intersection_candidate
131,1,3165,-97.753752,30.271281,123.056,36.938,4,3,0,over_50m,0,nearest_intersection_candidate
131,2,7298,-97.75348,30.269783,159.994,36.938,3,3,0,over_50m,0,nearest_intersection_candidate
131,3,3158,-97.75433,30.270135,196.224,36.938,4,4,0,over_50m,0,nearest_intersection_candidate
132,1,3021,-97.745798,30.258882,41.562,160.495,3,3,1,provisional_spatial_candidate,0,nearest_intersection_candidate
132,2,3020,-97.748045,30.25834,202.057,160.495,4,4,0,provisional_spatial_candidate,0,nearest_intersection_candidate
132,3,3019,-97.746562,30.256886,250.707,160.495,4,4,0,provisional_spatial_candidate,0,nearest_intersection_candidate
133,1,3020,-97.748045,30.25834,49.509,54.383,4,4,1,provisional_spatial_candidate,0,nearest_intersection_candidate
133,2,3135,-97.748904,30.259477,103.892,54.383,4,4,0,provisional_spatial_candidate,0,nearest_intersection_candidate
133,3,3156,-97.749749,30.258218,135.199,54.383,4,4,0,provisional_spatial_candidate,0,nearest_intersection_candidate
134,1,3156,-97.749749,30.258218,35.794,129.488,4,4,1,provisional_spatial_candidate,0,nearest_intersection_candidate
134,2,3135,-97.748904,30.259477,165.282,129.488,4,4,0,provisional_spatial_candidate,0,nearest_intersection_candidate
134,3,3020,-97.748045,30.25834,194.456,129.488,4,4,0,provisional_spatial_candidate,0,nearest_intersection_candidate
135,1,3243,-97.737225,30.261136,45.612,32.88,4,3,1,provisional_spatial_candidate,0,nearest_intersection_candidate
135,2,3246,-97.73693,30.261922,78.492,32.88,3,2,0,provisional_spatial_candidate,0,nearest_intersection_candidate
135,3,3295,-97.737573,30.260211,137.535,32.88,3,1,0,provisional_spatial_candidate,0,nearest_intersection_candidate
137,1,3135,-97.748904,30.259477,47.392,129.797,4,4,1,provisional_spatial_candidate,0,nearest_intersection_candidate
137,2,3156,-97.749749,30.258218,177.189,129.797,4,4,0,provisional_spatial_candidate,0,nearest_intersection_candidate
137,3,3020,-97.748045,30.25834,197.021,129.797,4,4,0,provisional_spatial_candidate,0,nearest_intersection_candidate
138,1,3019,-97.746562,30.256886,41.27,133.111,4,4,1,provisional_spatial_candidate,0,nearest_intersection_candidate
138,2,3020,-97.748045,30.25834,174.381,133.111,4,4,0,provisional_spatial_candidate,0,nearest_intersection_candidate
138,3,3021,-97.745798,30.258882,219.162,133.111,3,3,0,provisional_spatial_candidate,0,nearest_intersection_candidate
139,1,3055,-97.749857,30.247997,489.509,61.143,3,3,0,over_50m,0,nearest_intersection_candidate
139,2,3019,-97.746562,30.256886,550.652,61.143,4,4,0,over_50m,0,nearest_intersection_candidate
139,3,3156,-97.749749,30.258218,669.32,61.143,4,4,0,over_50m,0,nearest_intersection_candidate
140,1,3055,-97.749857,30.247997,39.789,192.772,3,3,1,provisional_spatial_candidate,0,nearest_intersection_candidate
140,2,3035,-97.750651,30.245881,232.562,192.772,3,3,0,provisional_spatial_candidate,0,nearest_intersection_candidate
140,3,3014,-97.750998,30.244906,345.249,192.772,3,3,0,provisional_spatial_candidate,0,nearest_intersection_candidate
141,1,3014,-97.750998,30.244906,39.773,63.311,3,3,1,provisional_spatial_candidate,0,nearest_intersection_candidate
141,2,3035,-97.750651,30.245881,103.083,63.311,3,3,0,provisional_spatial_candidate,0,nearest_intersection_candidate
141,3,3055,-97.749857,30.247997,346.188,63.311,3,3,0,provisional_spatial_candidate,0,nearest_intersection_candidate
142,1,3122,-97.752119,30.241627,46.336,323.579,3,3,1,provisional_spatial_candidate,0,nearest_intersection_candidate
142,2,3014,-97.750998,30.244906,369.916,323.579,3,3,0,provisional_spatial_candidate,0,nearest_intersection_candidate
142,3,3117,-97.753282,30.238542,375.171,323.579,4,4,0,provisional_spatial_candidate,0,nearest_intersection_candidate
143,1,3117,-97.753282,30.238542,33.125,312.804,4,4,1,provisional_spatial_candidate,0,nearest_intersection_candidate
143,2,3122,-97.752119,30.241627,345.929,312.804,3,3,0,provisional_spatial_candidate,0,nearest_intersection_candidate
143,3,3010,-97.74855,30.236584,535.003,312.804,4,4,0,provisional_spatial_candidate,0,nearest_intersection_candidate
144,1,3008,-97.756137,30.246369,29.244,277.03,4,4,1,provisional_spatial_candidate,0,nearest_intersection_candidate
144,2,3154,-97.759366,30.247433,306.275,277.03,3,3,0,provisional_spatial_candidate,0,nearest_intersection_candidate
144,3,3014,-97.750998,30.244906,545.295,277.03,3,3,0,provisional_spatial_candidate,0,nearest_intersection_candidate
145,1,3086,-97.759332,30.241908,35.781,428.74,4,4,1,provisional_spatial_candidate,0,nearest_intersection_candidate
145,2,3059,-97.764056,30.243776,464.521,428.74,4,4,0,provisional_spatial_candidate,0,nearest_intersection_candidate
145,3,3008,-97.756137,30.246369,579.809,428.74,4,4,0,provisional_spatial_candidate,0,nearest_intersection_candidate
146,1,3008,-97.756137,30.246369,258.167,67.682,4,4,0,over_50m,0,nearest_intersection_candidate
146,2,3086,-97.759332,30.241908,325.848,67.682,4,4,0,over_50m,0,nearest_intersection_candidate
146,3,3154,-97.759366,30.247433,367.835,67.682,3,3,0,over_50m,0,nearest_intersection_candidate
148,1,3047,-97.747649,30.264089,68.026,79.819,4,4,0,over_50m,0,nearest_intersection_candidate
148,2,3333,-97.745553,30.263496,147.845,79.819,3,3,0,over_50m,0,nearest_intersection_candidate
148,3,3167,-97.748791,30.264429,182.079,79.819,3,3,0,over_50m,0,nearest_intersection_candidate
149,1,3245,-97.744226,30.263117,44.127,51.319,4,4,1,provisional_spatial_candidate,0,nearest_intersection_candidate
149,2,3333,-97.745553,30.263496,95.446,51.319,3,3,0,provisional_spatial_candidate,0,nearest_intersection_candidate
149,3,3328,-97.742929,30.26276,171.936,51.319,3,2,0,provisional_spatial_candidate,0,nearest_intersection_candidate
150,1,3240,-97.74181,30.262435,40.174,39.421,3,3,1,provisional_spatial_candidate,0,nearest_intersection_candidate
150,2,3328,-97.742929,30.26276,79.594,39.421,3,2,0,provisional_spatial_candidate,0,nearest_intersection_candidate
150,3,3245,-97.744226,30.263117,209.208,39.421,4,4,0,provisional_spatial_candidate,0,nearest_intersection_candidate
151,1,3240,-97.74181,30.262435,134.114,12.659,3,3,0,over_50m,0,nearest_intersection_candidate
151,2,3328,-97.742929,30.26276,146.772,12.659,3,2,0,over_50m,0,nearest_intersection_candidate
151,3,3245,-97.744226,30.263117,241.009,12.659,4,4,0,over_50m,0,nearest_intersection_candidate
152,1,3244,-97.738556,30.261503,38.421,128.342,4,4,1,provisional_spatial_candidate,0,nearest_intersection_candidate
152,2,3243,-97.737225,30.261136,166.763,128.342,4,3,0,provisional_spatial_candidate,0,nearest_intersection_candidate
152,3,3246,-97.73693,30.261922,179.508,128.342,3,2,0,provisional_spatial_candidate,0,nearest_intersection_candidate
153,1,3047,-97.747649,30.264089,133.232,10.403,4,4,0,over_50m,0,nearest_intersection_candidate
153,2,3167,-97.748791,30.264429,143.635,10.403,3,3,0,over_50m,0,nearest_intersection_candidate
153,3,3333,-97.745553,30.263496,284.809,10.403,3,3,0,over_50m,0,nearest_intersection_candidate
154,1,3047,-97.747649,30.264089,143.39,51.066,4,4,0,over_50m,0,nearest_intersection_candidate
154,2,3333,-97.745553,30.263496,194.456,51.066,3,3,0,over_50m,0,nearest_intersection_candidate
154,3,3167,-97.748791,30.264429,220.649,51.066,3,3,0,over_50m,0,nearest_intersection_candidate
155,1,3245,-97.744226,30.263117,133.803,25.666,4,4,0,over_50m,0,nearest_intersection_candidate
155,2,3333,-97.745553,30.263496,159.469,25.666,3,3,0,over_50m,0,nearest_intersection_candidate
155,3,7306,-97.743288,30.265596,166.44,25.666,3,3,0,over_50m,0,nearest_intersection_candidate
156,1,3086,-97.759332,30.241908,490.338,157.213,4,4,0,over_50m,0,nearest_intersection_candidate
156,2,3059,-97.764056,30.243776,647.551,157.213,4,4,0,over_50m,0,nearest_intersection_candidate
156,3,3085,-97.76542,30.232191,740.693,157.213,3,3,0,over_50m,0,nearest_intersection_candidate
158,1,3469,-97.695233,30.265362,320.553,158.699,4,4,0,over_50m,0,nearest_intersection_candidate
158,2,3461,-97.696283,30.263791,479.252,158.699,3,3,0,over_50m,0,nearest_intersection_candidate
158,3,3464,-97.697651,30.273317,594.878,158.699,4,4,0,over_50m,0,nearest_intersection_candidate
159,1,3470,-97.693564,30.259765,46.508,366.349,4,4,1,provisional_spatial_candidate,0,nearest_intersection_candidate
159,2,3468,-97.697974,30.261179,412.858,366.349,3,3,0,provisional_spatial_candidate,0,nearest_intersection_candidate
159,3,3472,-97.698452,30.260441,442.433,366.349,3,3,0,provisional_spatial_candidate,0,nearest_intersection_candidate
160,1,3469,-97.695233,30.265362,38.383,177.041,4,4,1,provisional_spatial_candidate,0,nearest_intersection_candidate
160,2,3461,-97.696283,30.263791,215.425,177.041,3,3,0,provisional_spatial_candidate,0,nearest_intersection_candidate
160,3,3468,-97.697974,30.261179,546.548,177.041,3,3,0,provisional_spatial_candidate,0,nearest_intersection_candidate
161,1,3493,-97.689952,30.273505,45.578,258.681,4,4,1,provisional_spatial_candidate,0,nearest_intersection_candidate
161,2,2802,-97.688679,30.275847,304.259,258.681,3,3,0,provisional_spatial_candidate,0,nearest_intersection_candidate
161,3,3494,-97.686237,30.271835,445.417,258.681,3,3,0,provisional_spatial_candidate,0,nearest_intersection_candidate
162,1,3464,-97.697651,30.273317,36.203,360.172,4,4,1,provisional_spatial_candidate,0,nearest_intersection_candidate
162,2,2798,-97.699985,30.276636,396.375,360.172,4,4,0,provisional_spatial_candidate,0,nearest_intersection_candidate
162,3,3481,-97.704477,30.272223,648.106,360.172,3,3,0,provisional_spatial_candidate,0,nearest_intersection_candidate
163,1,2798,-97.699985,30.276636,41.746,429.029,4,4,1,provisional_spatial_candidate,0,nearest_intersection_candidate
163,2,3464,-97.697651,30.273317,470.774,429.029,4,4,0,provisional_spatial_candidate,0,nearest_intersection_candidate
163,3,3481,-97.704477,30.272223,651.409,429.029,3,3,0,provisional_spatial_candidate,0,nearest_intersection_candidate
164,1,4213,-97.70365,30.282283,43.093,344.433,4,4,1,provisional_spatial_candidate,0,nearest_intersection_candidate
164,2,4212,-97.699929,30.28288,387.526,344.433,3,3,0,provisional_spatial_candidate,0,nearest_intersection_candidate
164,3,4218,-97.706096,30.28608,441.199,344.433,4,4,0,provisional_spatial_candidate,0,nearest_intersection_candidate
165,1,4218,-97.706096,30.28608,34.692,272.853,4,4,1,provisional_spatial_candidate,0,nearest_intersection_candidate
165,2,4222,-97.706953,30.289011,307.545,272.853,4,4,0,provisional_spatial_candidate,0,nearest_intersection_candidate
165,3,4213,-97.70365,30.282283,516.268,272.853,4,4,0,provisional_spatial_candidate,0,nearest_intersection_candidate
166,1,4222,-97.706953,30.289011,34.065,328.394,4,4,1,provisional_spatial_candidate,0,nearest_intersection_candidate
166,2,4218,-97.706096,30.28608,362.459,328.394,4,4,0,provisional_spatial_candidate,0,nearest_intersection_candidate
166,3,3506,-97.713213,30.291598,632.724,328.394,3,3,0,provisional_spatial_candidate,0,nearest_intersection_candidate
168,1,3551,-97.715572,30.302709,18.364,27.644,4,3,1,provisional_spatial_candidate,0,nearest_intersection_candidate
168,2,3871,-97.715871,30.302227,46.008,27.644,3,1,0,provisional_spatial_candidate,0,nearest_intersection_candidate
168,3,3876,-97.715746,30.303374,83.402,27.644,3,3,0,provisional_spatial_candidate,0,nearest_intersection_candidate
169,1,3876,-97.715746,30.303374,35.888,73.273,3,3,1,provisional_spatial_candidate,0,nearest_intersection_candidate
169,2,3551,-97.715572,30.302709,109.161,73.273,4,3,0,provisional_spatial_candidate,0,nearest_intersection_candidate
169,3,3871,-97.715871,30.302227,155.809,73.273,3,1,0,provisional_spatial_candidate,0,nearest_intersection_candidate
170,1,3659,-97.715424,30.312005,10.755,27.431,3,3,1,provisional_spatial_candidate,0,nearest_intersection_candidate
170,2,3559,-97.71502,30.311865,38.186,27.431,4,4,0,provisional_spatial_candidate,0,nearest_intersection_candidate
170,3,3657,-97.716213,30.312377,90.53,27.431,3,3,0,provisional_spatial_candidate,0,nearest_intersection_candidate
171,1,3512,-97.714342,30.314733,42.644,288.699,3,3,1,provisional_spatial_candidate,0,nearest_intersection_candidate
171,2,3657,-97.716213,30.312377,331.343,288.699,3,3,0,provisional_spatial_candidate,0,nearest_intersection_candidate
171,3,3659,-97.715424,30.312005,344.35,288.699,3,3,0,provisional_spatial_candidate,0,nearest_intersection_candidate
172,1,6151,-97.712749,30.319822,21.718,45.46,3,1,1,provisional_spatial_candidate,0,nearest_intersection_candidate
172,2,3513,-97.712488,30.319308,67.179,45.46,4,3,0,provisional_spatial_candidate,0,nearest_intersection_candidate
172,3,3516,-97.713427,30.321176,164.17,45.46,4,3,0,provisional_spatial_candidate,0,nearest_intersection_candidate
174,1,3486,-97.692279,30.254167,55.502,269.815,5,3,0,over_50m,0,nearest_intersection_candidate
174,2,3490,-97.692771,30.250804,325.316,269.815,3,3,0,over_50m,0,nearest_intersection_candidate
174,3,7017,-97.691026,30.250878,348.294,269.815,3,2,0,over_50m,0,nearest_intersection_candidate
175,1,3035,-97.750651,30.245881,38.653,93.476,3,3,1,provisional_spatial_candidate,0,nearest_intersection_candidate
175,2,3014,-97.750998,30.244906,132.129,93.476,3,3,0,provisional_spatial_candidate,0,nearest_intersection_candidate
175,3,3055,-97.749857,30.247997,237.036,93.476,3,3,0,provisional_spatial_candidate,0,nearest_intersection_candidate
176,1,3010,-97.74855,30.236584,27.643,314.189,4,4,1,provisional_spatial_candidate,0,nearest_intersection_candidate
176,2,3120,-97.747665,30.239617,341.832,314.189,3,3,0,provisional_spatial_candidate,0,nearest_intersection_candidate
176,3,3222,-97.744974,30.237736,385.232,314.189,3,3,0,provisional_spatial_candidate,0,nearest_intersection_candidate
177,1,3328,-97.742929,30.26276,132.16,28.322,3,2,0,over_50m,0,nearest_intersection_candidate
177,2,3245,-97.744226,30.263117,160.482,28.322,4,4,0,over_50m,0,nearest_intersection_candidate
177,3,7306,-97.743288,30.265596,187.933,28.322,3,3,0,over_50m,0,nearest_intersection_candidate
178,1,3879,-97.729076,30.320888,276.857,73.442,4,4,0,over_50m,0,nearest_intersection_candidate
178,2,3890,-97.72599,30.325807,350.298,73.442,4,4,0,over_50m,0,nearest_intersection_candidate
178,3,3889,-97.730551,30.318561,570.235,73.442,3,3,0,over_50m,0,nearest_intersection_candidate
179,1,3019,-97.746562,30.256886,235.739,176.323,4,4,0,over_50m,0,nearest_intersection_candidate
179,2,3021,-97.745798,30.258882,412.062,176.323,3,3,0,over_50m,0,nearest_intersection_candidate
179,3,3020,-97.748045,30.25834,451.112,176.323,4,4,0,over_50m,0,nearest_intersection_candidate
180,1,3921,-97.718269,30.321748,37.941,317.766,3,3,1,provisional_spatial_candidate,0,nearest_intersection_candidate
180,2,3514,-97.715339,30.320405,355.707,317.766,5,3,0,provisional_spatial_candidate,0,nearest_intersection_candidate
180,3,3516,-97.713427,30.321176,501.835,317.766,4,3,0,provisional_spatial_candidate,0,nearest_intersection_candidate
181,1,4056,-97.721639,30.351721,50.19,34.702,3,3,0,over_50m,0,nearest_intersection_candidate
181,2,4055,-97.722864,30.352313,84.893,34.702,3,3,0,over_50m,0,nearest_intersection_candidate
181,3,4059,-97.723446,30.347472,518.175,34.702,4,4,0,over_50m,0,nearest_intersection_candidate
182,1,3328,-97.742929,30.26276,40.287,57.781,3,2,1,provisional_spatial_candidate,0,nearest_intersection_candidate
182,2,3245,-97.744226,30.263117,98.068,57.781,4,4,0,provisional_spatial_candidate,0,nearest_intersection_candidate
182,3,3240,-97.74181,30.262435,149.805,57.781,3,3,0,provisional_spatial_candidate,0,nearest_intersection_candidate
183,1,3240,-97.74181,30.262435,70.82,111.878,3,3,0,over_50m,0,nearest_intersection_candidate
183,2,3328,-97.742929,30.26276,182.698,111.878,3,2,0,over_50m,0,nearest_intersection_candidate
183,3,3244,-97.738556,30.261503,261.427,111.878,4,4,0,over_50m,0,nearest_intersection_candidate
184,1,2524,-97.793702,30.235575,131.436,87.093,4,3,0,over_50m,0,nearest_intersection_candidate
184,2,2538,-97.794501,30.235198,218.529,87.093,3,1,0,over_50m,0,nearest_intersection_candidate
184,3,2568,-97.795234,30.233917,364.062,87.093,4,2,0,over_50m,0,nearest_intersection_candidate
185,1,2524,-97.793702,30.235575,546.419,86.221,4,3,0,over_50m,0,nearest_intersection_candidate
185,2,2538,-97.794501,30.235198,632.639,86.221,3,1,0,over_50m,0,nearest_intersection_candidate
185,3,2564,-97.792418,30.232393,760.14,86.221,3,2,0,over_50m,0,nearest_intersection_candidate
186,1,2480,-97.782109,30.243412,98.677,68.032,3,3,0,over_50m,0,nearest_intersection_candidate
186,2,1776,-97.781187,30.244055,166.709,68.032,3,3,0,over_50m,0,nearest_intersection_candidate
186,3,1775,-97.777001,30.246641,633.304,68.032,3,3,0,over_50m,0,nearest_intersection_candidate
187,1,7298,-97.75348,30.269783,29.829,89.684,3,3,1,provisional_spatial_candidate,0,nearest_intersection_candidate
187,2,3158,-97.75433,30.270135,119.512,89.684,4,4,0,provisional_spatial_candidate,0,nearest_intersection_candidate
187,3,3165,-97.753752,30.271281,180.435,89.684,4,3,0,provisional_spatial_candidate,0,nearest_intersection_candidate
188,1,2533,-97.788003,30.230378,79.183,79.201,5,4,0,over_50m,0,nearest_intersection_candidate
188,2,1727,-97.788895,30.230105,158.384,79.201,3,2,0,over_50m,0,nearest_intersection_candidate
188,3,2563,-97.789249,30.230721,159.652,79.201,3,1,0,over_50m,0,nearest_intersection_candidate
189,1,2543,-97.789269,30.228254,13.17,158.553,4,4,1,provisional_spatial_candidate,0,nearest_intersection_candidate
189,2,2541,-97.788557,30.229617,171.723,158.553,4,4,0,provisional_spatial_candidate,0,nearest_intersection_candidate
189,3,1727,-97.788895,30.230105,211.164,158.553,3,2,0,provisional_spatial_candidate,0,nearest_intersection_candidate
190,1,2528,-97.793757,30.220448,357.512,256.194,3,3,0,over_50m,0,nearest_intersection_candidate
190,2,2543,-97.789269,30.228254,613.706,256.194,4,4,0,over_50m,0,nearest_intersection_candidate
190,3,2541,-97.788557,30.229617,779.499,256.194,4,4,0,over_50m,0,nearest_intersection_candidate
191,1,2528,-97.793757,30.220448,45.557,649.612,3,3,1,provisional_spatial_candidate,0,nearest_intersection_candidate
191,2,2309,-97.797393,30.215206,695.168,649.612,4,4,0,provisional_spatial_candidate,0,nearest_intersection_candidate
191,3,2543,-97.789269,30.228254,952.503,649.612,4,4,0,provisional_spatial_candidate,0,nearest_intersection_candidate
192,1,2309,-97.797393,30.215206,39.195,635.537,4,4,1,provisional_spatial_candidate,0,nearest_intersection_candidate
192,2,2528,-97.793757,30.220448,674.732,635.537,3,3,0,provisional_spatial_candidate,0,nearest_intersection_candidate
192,3,2471,-97.806739,30.218583,935.954,635.537,3,3,0,provisional_spatial_candidate,0,nearest_intersection_candidate
193,1,2399,-97.806668,30.202665,680.576,30.72,4,4,0,over_50m,0,nearest_intersection_candidate
193,2,2445,-97.804482,30.202191,711.295,30.72,3,3,0,over_50m,0,nearest_intersection_candidate
193,3,2318,-97.815059,30.206976,997.309,30.72,4,4,0,over_50m,0,nearest_intersection_candidate
194,1,2399,-97.806668,30.202665,35.95,210.626,4,4,1,provisional_spatial_candidate,0,nearest_intersection_candidate
194,2,2445,-97.804482,30.202191,246.576,210.626,3,3,0,provisional_spatial_candidate,0,nearest_intersection_candidate
194,3,2397,-97.80716,30.199803,346.664,210.626,4,4,0,provisional_spatial_candidate,0,nearest_intersection_candidate
195,1,2397,-97.80716,30.199803,24.644,124.001,4,4,1,provisional_spatial_candidate,0,nearest_intersection_candidate
195,2,2446,-97.805942,30.199384,148.645,124.001,3,3,0,provisional_spatial_candidate,0,nearest_intersection_candidate
195,3,2399,-97.806668,30.202665,306.993,124.001,4,4,0,provisional_spatial_candidate,0,nearest_intersection_candidate
196,1,2391,-97.816079,30.185679,35.137,885.437,4,4,1,provisional_spatial_candidate,0,nearest_intersection_candidate
196,2,2418,-97.824843,30.189681,920.574,885.437,3,3,0,provisional_spatial_candidate,0,nearest_intersection_candidate
196,3,2417,-97.821196,30.195762,1190.382,885.437,3,3,0,provisional_spatial_candidate,0,nearest_intersection_candidate
197,1,2386,-97.823559,30.173459,35.056,982.31,4,4,1,provisional_spatial_candidate,0,nearest_intersection_candidate
197,2,2406,-97.833872,30.176355,1017.367,982.31,3,3,0,provisional_spatial_candidate,0,nearest_intersection_candidate
197,3,2391,-97.816079,30.185679,1517.994,982.31,4,4,0,provisional_spatial_candidate,0,nearest_intersection_candidate
198,1,2928,-97.74658,30.179624,31.542,294.922,4,4,1,provisional_spatial_candidate,0,nearest_intersection_candidate
198,2,2937,-97.750023,30.180834,326.464,294.922,3,3,0,provisional_spatial_candidate,0,nearest_intersection_candidate
198,3,2996,-97.744456,30.184367,572.397,294.922,3,3,0,provisional_spatial_candidate,0,nearest_intersection_candidate
199,1,3008,-97.756137,30.246369,123.76,216.766,4,4,0,over_50m,0,nearest_intersection_candidate
199,2,3154,-97.759366,30.247433,340.525,216.766,3,3,0,over_50m,0,nearest_intersection_candidate
199,3,3035,-97.750651,30.245881,526.298,216.766,3,3,0,over_50m,0,nearest_intersection_candidate
200,1,2386,-97.823559,30.173459,632.69,350.167,4,4,0,over_50m,0,nearest_intersection_candidate
200,2,2430,-97.80677,30.173786,982.858,350.167,3,3,0,over_50m,0,nearest_intersection_candidate
200,3,2391,-97.816079,30.185679,1316.711,350.167,4,4,0,over_50m,0,nearest_intersection_candidate
201,1,2767,-97.716795,30.280124,257.988,217.923,4,4,0,over_50m,0,nearest_intersection_candidate
201,2,3545,-97.717617,30.284126,475.911,217.923,4,4,0,over_50m,0,nearest_intersection_candidate
201,3,2794,-97.720765,30.279509,642.52,217.923,4,4,0,over_50m,0,nearest_intersection_candidate
202,1,3826,-97.742751,30.305054,338.516,7.919,4,4,0,over_50m,0,nearest_intersection_candidate
202,2,3621,-97.743859,30.305592,346.435,7.919,3,3,0,over_50m,0,nearest_intersection_candidate
202,3,3620,-97.747909,30.307171,630.878,7.919,3,3,0,over_50m,0,nearest_intersection_candidate
203,1,3158,-97.75433,30.270135,182.263,42.04,4,4,0,over_50m,0,nearest_intersection_candidate
203,2,3165,-97.753752,30.271281,224.304,42.04,4,3,0,over_50m,0,nearest_intersection_candidate
203,3,7298,-97.75348,30.269783,272.79,42.04,3,3,0,over_50m,0,nearest_intersection_candidate
204,1,2420,-97.799273,30.172226,37.053,146.331,4,4,1,provisional_spatial_candidate,0,nearest_intersection_candidate
204,2,2422,-97.798642,30.173904,183.383,146.331,3,3,0,provisional_spatial_candidate,0,nearest_intersection_candidate
204,3,2403,-97.803448,30.177279,654.155,146.331,3,3,0,provisional_spatial_candidate,0,nearest_intersection_candidate
205,1,2758,-97.765354,30.275212,125.14,121.037,6,4,0,over_50m,0,nearest_intersection_candidate
205,2,2756,-97.76678,30.275636,246.176,121.037,4,1,0,over_50m,0,nearest_intersection_candidate
205,3,3149,-97.766178,30.274037,269.009,121.037,3,2,0,over_50m,0,nearest_intersection_candidate
206,1,2325,-97.842302,30.23695,1426.689,30.519,3,2,0,over_50m,0,nearest_intersection_candidate
206,2,2326,-97.842259,30.236655,1457.208,30.519,3,1,0,over_50m,0,nearest_intersection_candidate
206,3,2317,-97.83963,30.237639,1511.524,30.519,4,2,0,over_50m,0,nearest_intersection_candidate
207,1,2386,-97.823559,30.173459,297.701,787.799,4,4,0,over_50m,0,nearest_intersection_candidate
207,2,2406,-97.833872,30.176355,1085.5,787.799,3,3,0,over_50m,0,nearest_intersection_candidate
207,3,2391,-97.816079,30.185679,1244.756,787.799,4,4,0,over_50m,0,nearest_intersection_candidate
208,1,2758,-97.765354,30.275212,263.946,55.819,6,4,0,over_50m,0,nearest_intersection_candidate
208,2,3152,-97.765701,30.27369,319.765,55.819,3,2,0,over_50m,0,nearest_intersection_candidate
208,3,3149,-97.766178,30.274037,350.714,55.819,3,2,0,over_50m,0,nearest_intersection_candidate
209,1,3698,-97.757484,30.282583,305.414,319.737,3,3,0,over_50m,0,nearest_intersection_candidate
209,2,3668,-97.764562,30.283308,625.151,319.737,3,2,0,over_50m,0,nearest_intersection_candidate
209,3,3696,-97.765746,30.281936,664.335,319.737,3,1,0,over_50m,0,nearest_intersection_candidate
210,1,2778,-97.742615,30.277633,47.416,90.341,4,4,1,provisional_spatial_candidate,0,nearest_intersection_candidate
210,2,2828,-97.741699,30.277378,137.757,90.341,4,3,0,provisional_spatial_candidate,0,nearest_intersection_candidate
210,3,2776,-97.74592,30.278562,289.899,90.341,4,4,0,provisional_spatial_candidate,0,nearest_intersection_candidate
211,1,3677,-97.764639,30.286304,3.137,146.333,4,3,1,provisional_spatial_candidate,0,nearest_intersection_candidate
211,2,3669,-97.763217,30.285691,149.471,146.333,4,3,0,provisional_spatial_candidate,0,nearest_intersection_candidate
211,3,3678,-97.763289,30.287803,210.606,146.333,3,2,0,provisional_spatial_candidate,0,nearest_intersection_candidate
213,1,3669,-97.763217,30.285691,172.093,128.329,4,3,0,over_50m,0,nearest_intersection_candidate
213,2,3668,-97.764562,30.283308,300.422,128.329,3,2,0,over_50m,0,nearest_intersection_candidate
213,3,3682,-97.765156,30.284426,317.319,128.329,3,1,0,over_50m,0,nearest_intersection_candidate
214,1,3698,-97.757484,30.282583,38.626,528.51,3,3,1,provisional_spatial_candidate,0,nearest_intersection_candidate
214,2,3702,-97.751976,30.283513,567.136,528.51,3,3,0,provisional_spatial_candidate,0,nearest_intersection_candidate
214,3,3669,-97.763217,30.285691,611.362,528.51,4,3,0,provisional_spatial_candidate,0,nearest_intersection_candidate
215,1,3699,-97.750386,30.279702,276.002,115.799,4,4,0,over_50m,0,nearest_intersection_candidate
215,2,3702,-97.751976,30.283513,391.802,115.799,3,3,0,over_50m,0,nearest_intersection_candidate
215,3,2760,-97.751107,30.276683,435.785,115.799,4,4,0,over_50m,0,nearest_intersection_candidate
216,1,2776,-97.74592,30.278562,146.194,158.026,4,4,0,over_50m,0,nearest_intersection_candidate
216,2,3699,-97.750386,30.279702,304.219,158.026,4,4,0,over_50m,0,nearest_intersection_candidate
216,3,3025,-97.747072,30.275468,409.482,158.026,4,4,0,over_50m,0,nearest_intersection_candidate
217,1,2776,-97.74592,30.278562,43.062,329.246,4,4,1,provisional_spatial_candidate,0,nearest_intersection_candidate
217,2,2778,-97.742615,30.277633,372.308,329.246,4,4,0,provisional_spatial_candidate,0,nearest_intersection_candidate
217,3,3025,-97.747072,30.275468,383.657,329.246,4,4,0,provisional_spatial_candidate,0,nearest_intersection_candidate
218,1,2776,-97.74592,30.278562,74.198,188.863,4,4,0,over_50m,0,nearest_intersection_candidate
218,2,2778,-97.742615,30.277633,263.061,188.863,4,4,0,over_50m,0,nearest_intersection_candidate
218,3,2828,-97.741699,30.277378,355.266,188.863,4,3,0,over_50m,0,nearest_intersection_candidate
219,1,2778,-97.742615,30.277633,153.036,29.882,4,4,0,over_50m,0,nearest_intersection_candidate
219,2,2776,-97.74592,30.278562,182.918,29.882,4,4,0,over_50m,0,nearest_intersection_candidate
219,3,2828,-97.741699,30.277378,244.983,29.882,4,3,0,over_50m,0,nearest_intersection_candidate
220,1,2937,-97.750023,30.180834,25.762,357.024,3,3,1,provisional_spatial_candidate,0,nearest_intersection_candidate
220,2,2928,-97.74658,30.179624,382.786,357.024,4,4,0,provisional_spatial_candidate,0,nearest_intersection_candidate
220,3,2996,-97.744456,30.184367,674.581,357.024,3,3,0,provisional_spatial_candidate,0,nearest_intersection_candidate
221,1,2828,-97.741699,30.277378,33.477,32.567,4,3,1,provisional_spatial_candidate,0,nearest_intersection_candidate
221,2,2778,-97.742615,30.277633,66.044,32.567,4,4,0,provisional_spatial_candidate,0,nearest_intersection_candidate
221,3,2826,-97.739351,30.276726,266.066,32.567,3,3,0,provisional_spatial_candidate,0,nearest_intersection_candidate
222,1,2826,-97.739351,30.276726,25.384,192.447,3,3,1,provisional_spatial_candidate,0,nearest_intersection_candidate
222,2,2828,-97.741699,30.277378,217.832,192.447,4,3,0,provisional_spatial_candidate,0,nearest_intersection_candidate
222,3,2781,-97.736773,30.276002,280.443,192.447,4,4,0,provisional_spatial_candidate,0,nearest_intersection_candidate
223,1,2781,-97.736773,30.276002,40.947,106.027,4,4,1,provisional_spatial_candidate,0,nearest_intersection_candidate
223,2,2830,-97.735708,30.275694,146.974,106.027,4,3,0,provisional_spatial_candidate,0,nearest_intersection_candidate
223,3,2826,-97.739351,30.276726,222.472,106.027,3,3,0,provisional_spatial_candidate,0,nearest_intersection_candidate
224,1,2830,-97.735708,30.275694,41.503,30.062,4,3,1,provisional_spatial_candidate,0,nearest_intersection_candidate
224,2,2781,-97.736773,30.276002,71.565,30.062,4,4,0,provisional_spatial_candidate,0,nearest_intersection_candidate
224,3,3360,-97.734383,30.275323,172.576,30.062,4,4,0,provisional_spatial_candidate,0,nearest_intersection_candidate
226,1,2828,-97.741699,30.277378,83.252,72.978,4,3,0,over_50m,0,nearest_intersection_candidate
226,2,2826,-97.739351,30.276726,156.23,72.978,3,3,0,over_50m,0,nearest_intersection_candidate
226,3,2778,-97.742615,30.277633,174.753,72.978,4,4,0,over_50m,0,nearest_intersection_candidate
227,1,3266,-97.732152,30.274632,41.128,55.864,4,3,1,provisional_spatial_candidate,0,nearest_intersection_candidate
227,2,2785,-97.731733,30.275649,96.992,55.864,3,2,0,provisional_spatial_candidate,0,nearest_intersection_candidate
227,3,2787,-97.731662,30.273559,135.749,55.864,3,1,0,provisional_spatial_candidate,0,nearest_intersection_candidate
228,1,3055,-97.749857,30.247997,103.378,241.831,3,3,0,over_50m,0,nearest_intersection_candidate
228,2,3035,-97.750651,30.245881,345.209,241.831,3,3,0,over_50m,0,nearest_intersection_candidate
228,3,3014,-97.750998,30.244906,458.216,241.831,3,3,0,over_50m,0,nearest_intersection_candidate
229,1,3127,-97.755922,30.266302,39.603,227.201,4,4,1,provisional_spatial_candidate,0,nearest_intersection_candidate
229,2,3134,-97.756722,30.264263,266.804,227.201,3,3,0,provisional_spatial_candidate,0,nearest_intersection_candidate
229,3,7298,-97.75348,30.269783,421.636,227.201,3,3,0,provisional_spatial_candidate,0,nearest_intersection_candidate
230,1,3127,-97.755922,30.266302,134.57,167.896,4,4,0,over_50m,0,nearest_intersection_candidate
230,2,3134,-97.756722,30.264263,302.467,167.896,3,3,0,over_50m,0,nearest_intersection_candidate
230,3,3158,-97.75433,30.270135,441.404,167.896,4,4,0,over_50m,0,nearest_intersection_candidate
231,1,3117,-97.753282,30.238542,448.8,309.065,4,4,0,over_50m,0,nearest_intersection_candidate
231,2,3073,-97.759921,30.229425,757.865,309.065,4,4,0,over_50m,0,nearest_intersection_candidate
231,3,3010,-97.74855,30.236584,760.055,309.065,4,4,0,over_50m,0,nearest_intersection_candidate
232,1,3073,-97.759921,30.229425,37.307,537.586,4,4,1,provisional_spatial_candidate,0,nearest_intersection_candidate
232,2,3085,-97.76542,30.232191,574.893,537.586,3,3,0,provisional_spatial_candidate,0,nearest_intersection_candidate
232,3,3098,-97.76475,30.224153,751.118,537.586,3,1,0,provisional_spatial_candidate,0,nearest_intersection_candidate
233,1,3137,-97.753305,30.2594,26.418,309.527,4,4,1,provisional_spatial_candidate,0,nearest_intersection_candidate
233,2,3131,-97.752404,30.262459,335.945,309.527,3,3,0,provisional_spatial_candidate,0,nearest_intersection_candidate
233,3,3156,-97.749749,30.258218,389.12,309.527,4,4,0,provisional_spatial_candidate,0,nearest_intersection_candidate
234,1,3133,-97.758134,30.260731,237.038,16.419,4,4,0,over_50m,0,nearest_intersection_candidate
234,2,3137,-97.753305,30.2594,253.457,16.419,4,4,0,over_50m,0,nearest_intersection_candidate
234,3,3131,-97.752404,30.262459,394.897,16.419,3,3,0,over_50m,0,nearest_intersection_candidate
235,1,3085,-97.76542,30.232191,38.62,610.877,3,3,1,provisional_spatial_candidate,0,nearest_intersection_candidate
235,2,3073,-97.759921,30.229425,649.496,610.877,4,4,0,provisional_spatial_candidate,0,nearest_intersection_candidate
235,3,3067,-97.769235,30.226916,697.474,610.877,4,3,0,provisional_spatial_candidate,0,nearest_intersection_candidate
236,1,3705,-97.758802,30.291724,8.082,115.424,4,3,1,provisional_spatial_candidate,0,nearest_intersection_candidate
236,2,3704,-97.759569,30.292556,123.505,115.424,3,1,0,provisional_spatial_candidate,0,nearest_intersection_candidate
236,3,3687,-97.760395,30.291811,152.238,115.424,3,1,0,provisional_spatial_candidate,0,nearest_intersection_candidate
237,1,3673,-97.760993,30.29263,3.893,100.546,4,3,1,provisional_spatial_candidate,0,nearest_intersection_candidate
237,2,3687,-97.760395,30.291811,104.439,100.546,3,1,0,provisional_spatial_candidate,0,nearest_intersection_candidate
237,3,3704,-97.759569,30.292556,136.887,100.546,3,1,0,provisional_spatial_candidate,0,nearest_intersection_candidate
238,1,3127,-97.755922,30.266302,232.165,130.165,4,4,0,over_50m,0,nearest_intersection_candidate
238,2,3134,-97.756722,30.264263,362.33,130.165,3,3,0,over_50m,0,nearest_intersection_candidate
238,3,3131,-97.752404,30.262459,408.322,130.165,3,3,0,over_50m,0,nearest_intersection_candidate
239,1,2885,-97.719287,30.23855,37.794,421.471,4,4,1,provisional_spatial_candidate,0,nearest_intersection_candidate
239,2,2871,-97.716967,30.242277,459.265,421.471,3,3,0,provisional_spatial_candidate,0,nearest_intersection_candidate
239,3,3194,-97.725383,30.237507,578.465,421.471,3,3,0,provisional_spatial_candidate,0,nearest_intersection_candidate
241,1,2760,-97.751107,30.276683,119.044,172.783,4,4,0,over_50m,0,nearest_intersection_candidate
241,2,3025,-97.747072,30.275468,291.827,172.783,4,4,0,over_50m,0,nearest_intersection_candidate
241,3,3699,-97.750386,30.279702,368.81,172.783,4,4,0,over_50m,0,nearest_intersection_candidate
242,1,3025,-97.747072,30.275468,145.808,120.674,4,4,0,over_50m,0,nearest_intersection_candidate
242,2,2760,-97.751107,30.276683,266.482,120.674,4,4,0,over_50m,0,nearest_intersection_candidate
242,3,2776,-97.74592,30.278562,368.14,120.674,4,4,0,over_50m,0,nearest_intersection_candidate
243,1,3025,-97.747072,30.275468,43.076,297.292,4,4,1,provisional_spatial_candidate,0,nearest_intersection_candidate
243,2,2776,-97.74592,30.278562,340.368,297.292,4,4,0,provisional_spatial_candidate,0,nearest_intersection_candidate
243,3,3338,-97.743757,30.274555,371.235,297.292,3,3,0,provisional_spatial_candidate,0,nearest_intersection_candidate
244,1,3025,-97.747072,30.275468,77.112,184.478,4,4,0,over_50m,0,nearest_intersection_candidate
244,2,3338,-97.743757,30.274555,261.59,184.478,3,3,0,over_50m,0,nearest_intersection_candidate
244,3,3339,-97.74421,30.27337,305.554,184.478,3,3,0,over_50m,0,nearest_intersection_candidate
245,1,3338,-97.743757,30.274555,48.444,116.66,3,3,1,provisional_spatial_candidate,0,nearest_intersection_candidate
245,2,3339,-97.74421,30.27337,165.104,116.66,3,3,0,provisional_spatial_candidate,0,nearest_intersection_candidate
245,3,3340,-97.743234,30.273096,213.285,116.66,3,2,0,provisional_spatial_candidate,0,nearest_intersection_candidate
246,1,3338,-97.743757,30.274555,69.469,91.579,3,3,0,over_50m,0,nearest_intersection_candidate
246,2,3340,-97.743234,30.273096,161.048,91.579,3,2,0,over_50m,0,nearest_intersection_candidate
246,3,3339,-97.74421,30.27337,171.773,91.579,3,3,0,over_50m,0,nearest_intersection_candidate
247,1,3354,-97.73789,30.272936,45.062,104.45,3,3,1,provisional_spatial_candidate,0,nearest_intersection_candidate
247,2,3362,-97.736834,30.272631,149.512,104.45,4,3,0,provisional_spatial_candidate,0,nearest_intersection_candidate
247,3,3308,-97.738346,30.271784,158.096,104.45,4,4,0,provisional_spatial_candidate,0,nearest_intersection_candidate
249,1,3356,-97.734673,30.272046,47.025,97.084,4,4,1,provisional_spatial_candidate,0,nearest_intersection_candidate
249,2,3355,-97.735044,30.271024,144.109,97.084,4,4,0,provisional_spatial_candidate,0,nearest_intersection_candidate
249,3,3362,-97.736834,30.272631,175.153,97.084,4,3,0,provisional_spatial_candidate,0,nearest_intersection_candidate
250,1,3339,-97.74421,30.27337,51.758,71.547,3,3,0,over_50m,0,nearest_intersection_candidate
250,2,3338,-97.743757,30.274555,123.305,71.547,3,3,0,over_50m,0,nearest_intersection_candidate
250,3,3340,-97.743234,30.273096,146.229,71.547,3,2,0,over_50m,0,nearest_intersection_candidate
251,1,3340,-97.743234,30.273096,41.118,30.844,3,2,0,multiple_signals_same_node,0,nearest_intersection_candidate
251,2,3339,-97.74421,30.27337,71.962,30.844,3,3,0,multiple_signals_same_node,0,nearest_intersection_candidate
251,3,3338,-97.743757,30.274555,130.541,30.844,3,3,0,multiple_signals_same_node,0,nearest_intersection_candidate
252,1,3340,-97.743234,30.273096,40.602,46.592,3,2,0,multiple_signals_same_node,0,nearest_intersection_candidate
252,2,3337,-97.742107,30.272779,87.194,46.592,3,2,0,multiple_signals_same_node,0,nearest_intersection_candidate
252,3,3339,-97.74421,30.27337,132.01,46.592,3,3,0,multiple_signals_same_node,0,nearest_intersection_candidate
253,1,3342,-97.740737,30.272424,50.479,45.899,3,3,0,over_50m,0,nearest_intersection_candidate
253,2,3337,-97.742107,30.272779,96.378,45.899,3,2,0,over_50m,0,nearest_intersection_candidate
253,3,3307,-97.739349,30.272069,184.721,45.899,3,3,0,over_50m,0,nearest_intersection_candidate
254,1,3307,-97.739349,30.272069,49.495,46.609,3,3,1,provisional_spatial_candidate,0,nearest_intersection_candidate
254,2,3342,-97.740737,30.272424,96.104,46.609,3,3,0,provisional_spatial_candidate,0,nearest_intersection_candidate
254,3,3308,-97.738346,30.271784,148.316,46.609,4,4,0,provisional_spatial_candidate,0,nearest_intersection_candidate
255,1,3308,-97.738346,30.271784,42.69,23.964,4,4,1,provisional_spatial_candidate,0,nearest_intersection_candidate
255,2,3307,-97.739349,30.272069,66.654,23.964,3,3,0,provisional_spatial_candidate,0,nearest_intersection_candidate
255,3,3354,-97.73789,30.272936,122.005,23.964,3,3,0,provisional_spatial_candidate,0,nearest_intersection_candidate
256,1,3363,-97.737172,30.271514,46.731,28.404,3,2,1,provisional_spatial_candidate,0,nearest_intersection_candidate
256,2,3308,-97.738346,30.271784,75.134,28.404,4,4,0,provisional_spatial_candidate,0,nearest_intersection_candidate
256,3,3362,-97.736834,30.272631,119.29,28.404,4,3,0,provisional_spatial_candidate,0,nearest_intersection_candidate
257,1,3355,-97.735044,30.271024,42.323,80.438,4,4,1,provisional_spatial_candidate,0,nearest_intersection_candidate
257,2,3356,-97.734673,30.272046,122.761,80.438,4,4,0,provisional_spatial_candidate,0,nearest_intersection_candidate
257,3,3363,-97.737172,30.271514,169.642,80.438,3,2,0,provisional_spatial_candidate,0,nearest_intersection_candidate
259,1,2826,-97.739351,30.276726,112.57,37.046,3,3,0,over_50m,0,nearest_intersection_candidate
259,2,2781,-97.736773,30.276002,149.617,37.046,4,4,0,over_50m,0,nearest_intersection_candidate
259,3,2830,-97.735708,30.275694,257.188,37.046,4,3,0,over_50m,0,nearest_intersection_candidate
260,1,2825,-97.658636,30.377272,3.196,572.376,3,3,1,provisional_spatial_candidate,0,nearest_intersection_candidate
260,2,4480,-97.661142,30.382004,575.572,572.376,3,3,0,provisional_spatial_candidate,0,nearest_intersection_candidate
260,3,4393,-97.663247,30.3734,617.044,572.376,3,3,0,provisional_spatial_candidate,0,nearest_intersection_candidate
261,1,3339,-97.74421,30.27337,93.222,45.551,3,3,0,over_50m,0,nearest_intersection_candidate
261,2,3051,-97.744895,30.271522,138.773,45.551,4,4,0,over_50m,0,nearest_intersection_candidate
261,3,3340,-97.743234,30.273096,162.921,45.551,3,2,0,over_50m,0,nearest_intersection_candidate
262,1,3340,-97.743234,30.273096,87.741,18.591,3,2,0,over_50m,0,nearest_intersection_candidate
262,2,3339,-97.74421,30.27337,106.332,18.591,3,3,0,over_50m,0,nearest_intersection_candidate
262,3,3051,-97.744895,30.271522,149.347,18.591,4,4,0,over_50m,0,nearest_intersection_candidate
263,1,3337,-97.742107,30.272779,91.009,21.897,3,2,0,over_50m,0,nearest_intersection_candidate
263,2,3340,-97.743234,30.273096,112.906,21.897,3,2,0,over_50m,0,nearest_intersection_candidate
263,3,3322,-97.742775,30.27095,136.024,21.897,4,3,0,over_50m,0,nearest_intersection_candidate
264,1,3342,-97.740737,30.272424,96.571,29.448,3,3,0,over_50m,0,nearest_intersection_candidate
264,2,3337,-97.742107,30.272779,126.019,29.448,3,2,0,over_50m,0,nearest_intersection_candidate
264,3,3301,-97.741431,30.270576,136.439,29.448,4,4,0,over_50m,0,nearest_intersection_candidate
265,1,3307,-97.739349,30.272069,100.097,27.172,3,3,0,over_50m,0,nearest_intersection_candidate
265,2,3342,-97.740737,30.272424,127.27,27.172,3,3,0,over_50m,0,nearest_intersection_candidate
265,3,3321,-97.740084,30.270216,134.88,27.172,4,3,0,over_50m,0,nearest_intersection_candidate
266,1,3308,-97.738346,30.271784,97.489,14.136,4,4,0,over_50m,0,nearest_intersection_candidate
266,2,3307,-97.739349,30.272069,111.625,14.136,3,3,0,over_50m,0,nearest_intersection_candidate
266,3,3305,-97.739018,30.269922,132.336,14.136,4,4,0,over_50m,0,nearest_intersection_candidate
267,1,3363,-97.737172,30.271514,105.3,8.915,3,2,0,over_50m,0,nearest_intersection_candidate
267,2,3308,-97.738346,30.271784,114.215,8.915,4,4,0,over_50m,0,nearest_intersection_candidate
267,3,3305,-97.739018,30.269922,145.32,8.915,4,4,0,over_50m,0,nearest_intersection_candidate
268,1,3355,-97.735044,30.271024,112.82,16.945,4,4,0,over_50m,0,nearest_intersection_candidate
268,2,3313,-97.735775,30.26906,129.765,16.945,4,4,0,over_50m,0,nearest_intersection_candidate
268,3,3363,-97.737172,30.271514,196.423,16.945,3,2,0,over_50m,0,nearest_intersection_candidate
269,1,3338,-97.743757,30.274555,172.345,29.574,3,3,0,over_50m,0,nearest_intersection_candidate
269,2,2828,-97.741699,30.277378,201.919,29.574,4,3,0,over_50m,0,nearest_intersection_candidate
269,3,2778,-97.742615,30.277633,211.171,29.574,4,4,0,over_50m,0,nearest_intersection_candidate
270,1,4261,-97.700418,30.330931,22.692,234.577,3,3,1,provisional_spatial_candidate,0,nearest_intersection_candidate
270,2,4304,-97.702825,30.332062,257.269,234.577,4,3,0,provisional_spatial_candidate,0,nearest_intersection_candidate
270,3,4250,-97.704343,30.330932,381.854,234.577,3,2,0,provisional_spatial_candidate,0,nearest_intersection_candidate
271,1,2430,-97.80677,30.173786,246.483,428.278,3,3,0,over_50m,0,nearest_intersection_candidate
271,2,2403,-97.803448,30.177279,674.761,428.278,3,3,0,over_50m,0,nearest_intersection_candidate
271,3,2420,-97.799273,30.172226,985.479,428.278,4,4,0,over_50m,0,nearest_intersection_candidate
272,1,3051,-97.744895,30.271522,46.318,152.019,4,4,1,provisional_spatial_candidate,0,nearest_intersection_candidate
272,2,3339,-97.74421,30.27337,198.337,152.019,3,3,0,provisional_spatial_candidate,0,nearest_intersection_candidate
272,3,3340,-97.743234,30.273096,238.634,152.019,3,2,0,provisional_spatial_candidate,0,nearest_intersection_candidate
273,1,3051,-97.744895,30.271522,71.771,75.601,4,4,0,over_50m,0,nearest_intersection_candidate
273,2,3322,-97.742775,30.27095,147.373,75.601,4,3,0,over_50m,0,nearest_intersection_candidate
273,3,3340,-97.743234,30.273096,193.812,75.601,3,2,0,over_50m,0,nearest_intersection_candidate
274,1,3322,-97.742775,30.27095,42.452,130.466,4,3,1,provisional_spatial_candidate,0,nearest_intersection_candidate
274,2,3301,-97.741431,30.270576,172.917,130.466,4,4,0,provisional_spatial_candidate,0,nearest_intersection_candidate
274,3,3051,-97.744895,30.271522,179.196,130.466,4,4,0,provisional_spatial_candidate,0,nearest_intersection_candidate
275,1,3301,-97.741431,30.270576,43.646,55.092,4,4,1,provisional_spatial_candidate,0,nearest_intersection_candidate
275,2,3322,-97.742775,30.27095,98.737,55.092,4,3,0,provisional_spatial_candidate,0,nearest_intersection_candidate
275,3,3321,-97.740084,30.270216,175.234,55.092,4,3,0,provisional_spatial_candidate,0,nearest_intersection_candidate
276,1,3321,-97.740084,30.270216,43.39,53.91,4,3,1,provisional_spatial_candidate,0,nearest_intersection_candidate
276,2,3301,-97.741431,30.270576,97.3,53.91,4,4,0,provisional_spatial_candidate,0,nearest_intersection_candidate
276,3,3305,-97.739018,30.269922,148.316,53.91,4,4,0,provisional_spatial_candidate,0,nearest_intersection_candidate
277,1,3305,-97.739018,30.269922,41.305,30.872,4,4,1,provisional_spatial_candidate,0,nearest_intersection_candidate
277,2,3321,-97.740084,30.270216,72.177,30.872,4,3,0,provisional_spatial_candidate,0,nearest_intersection_candidate
277,3,3308,-97.738346,30.271784,202.613,30.872,4,4,0,provisional_spatial_candidate,0,nearest_intersection_candidate
278,1,3333,-97.745553,30.263496,41.561,130.721,3,3,1,provisional_spatial_candidate,0,nearest_intersection_candidate
278,2,3245,-97.744226,30.263117,172.282,130.721,4,4,0,provisional_spatial_candidate,0,nearest_intersection_candidate
278,3,3047,-97.747649,30.264089,175.904,130.721,4,4,0,provisional_spatial_candidate,0,nearest_intersection_candidate
279,1,3054,-97.749236,30.269643,43.688,53.36,4,3,1,provisional_spatial_candidate,0,nearest_intersection_candidate
279,2,3173,-97.748878,30.270614,97.048,53.36,3,2,0,provisional_spatial_candidate,0,nearest_intersection_candidate
279,3,3164,-97.749576,30.26872,136.295,53.36,4,4,0,provisional_spatial_candidate,0,nearest_intersection_candidate
280,1,3167,-97.748791,30.264429,40.067,114.199,3,3,1,provisional_spatial_candidate,0,nearest_intersection_candidate
280,2,3047,-97.747649,30.264089,154.267,114.199,4,4,0,provisional_spatial_candidate,0,nearest_intersection_candidate
280,3,3333,-97.745553,30.263496,365.605,114.199,3,3,0,provisional_spatial_candidate,0,nearest_intersection_candidate
281,1,3051,-97.744895,30.271522,98.38,33.275,4,4,0,over_50m,0,nearest_intersection_candidate
281,2,3049,-97.745592,30.269688,131.655,33.275,4,3,0,over_50m,0,nearest_intersection_candidate
281,3,3053,-97.745963,30.26867,247.458,33.275,4,3,0,over_50m,0,nearest_intersection_candidate
282,1,3051,-97.744895,30.271522,112.189,32.336,4,4,0,over_50m,0,nearest_intersection_candidate
282,2,3049,-97.745592,30.269688,144.524,32.336,4,3,0,over_50m,0,nearest_intersection_candidate
282,3,3322,-97.742775,30.27095,170.081,32.336,4,3,0,over_50m,0,nearest_intersection_candidate
283,1,3322,-97.742775,30.27095,97.675,34.354,4,3,0,over_50m,0,nearest_intersection_candidate
283,2,3297,-97.74345,30.269081,132.029,34.354,4,2,0,over_50m,0,nearest_intersection_candidate
283,3,3301,-97.741431,30.270576,193.68,34.354,4,4,0,over_50m,0,nearest_intersection_candidate
284,1,3301,-97.741431,30.270576,99.154,33.392,4,4,0,over_50m,0,nearest_intersection_candidate
284,2,3322,-97.742775,30.27095,132.546,33.392,4,3,0,over_50m,0,nearest_intersection_candidate
284,3,3300,-97.742113,30.268686,135.547,33.392,4,3,0,over_50m,0,nearest_intersection_candidate
285,1,3321,-97.740084,30.270216,101.591,30.177,4,3,0,over_50m,0,nearest_intersection_candidate
285,2,3301,-97.741431,30.270576,131.768,30.177,4,4,0,over_50m,0,nearest_intersection_candidate
285,3,3304,-97.740772,30.268341,132.327,30.177,4,2,0,over_50m,0,nearest_intersection_candidate
286,1,3305,-97.739018,30.269922,100.104,15.156,4,4,0,over_50m,0,nearest_intersection_candidate
286,2,3321,-97.740084,30.270216,115.259,15.156,4,3,0,over_50m,0,nearest_intersection_candidate
286,3,3306,-97.739711,30.268034,133.668,15.156,4,3,0,over_50m,0,nearest_intersection_candidate
287,1,3305,-97.739018,30.269922,117.404,27.717,4,4,0,over_50m,0,nearest_intersection_candidate
287,2,3306,-97.739711,30.268034,145.122,27.717,4,3,0,over_50m,0,nearest_intersection_candidate
287,3,3321,-97.740084,30.270216,201.516,27.717,4,3,0,over_50m,0,nearest_intersection_candidate
288,1,3335,-97.745092,30.267456,98.92,9.488,3,3,0,over_50m,0,nearest_intersection_candidate
288,2,3024,-97.746287,30.267783,108.408,9.488,4,4,0,over_50m,0,nearest_intersection_candidate
288,3,3334,-97.744489,30.266364,144.596,9.488,4,4,0,over_50m,0,nearest_intersection_candidate
289,1,3313,-97.735775,30.26906,106.878,24.226,4,4,0,over_50m,0,nearest_intersection_candidate
289,2,3353,-97.736477,30.267143,131.103,24.226,4,4,0,over_50m,0,nearest_intersection_candidate
289,3,3352,-97.734359,30.268684,208.386,24.226,3,2,0,over_50m,0,nearest_intersection_candidate
290,1,3049,-97.745592,30.269688,44.799,98.892,4,3,1,provisional_spatial_candidate,0,nearest_intersection_candidate
290,2,3053,-97.745963,30.26867,143.691,98.892,4,3,0,provisional_spatial_candidate,0,nearest_intersection_candidate
290,3,3051,-97.744895,30.271522,200.114,98.892,4,4,0,provisional_spatial_candidate,0,nearest_intersection_candidate
291,1,3049,-97.745592,30.269688,72.024,76.199,4,3,0,over_50m,0,nearest_intersection_candidate
291,2,3297,-97.74345,30.269081,148.223,76.199,4,2,0,over_50m,0,nearest_intersection_candidate
291,3,3053,-97.745963,30.26867,153.51,76.199,4,3,0,over_50m,0,nearest_intersection_candidate
292,1,3297,-97.74345,30.269081,43.007,95.643,4,2,1,provisional_spatial_candidate,0,nearest_intersection_candidate
292,2,3332,-97.743829,30.268102,138.65,95.643,4,2,0,provisional_spatial_candidate,0,nearest_intersection_candidate
292,3,3300,-97.742113,30.268686,175.681,95.643,4,3,0,provisional_spatial_candidate,0,nearest_intersection_candidate
293,1,3300,-97.742113,30.268686,46.387,48.578,4,3,1,provisional_spatial_candidate,0,nearest_intersection_candidate
293,2,3297,-97.74345,30.269081,94.965,48.578,4,2,0,provisional_spatial_candidate,0,nearest_intersection_candidate
293,3,3327,-97.74247,30.267767,133.434,48.578,4,3,0,provisional_spatial_candidate,0,nearest_intersection_candidate
294,1,3304,-97.740772,30.268341,43.686,52.899,4,2,1,provisional_spatial_candidate,0,nearest_intersection_candidate
294,2,3300,-97.742113,30.268686,96.585,52.899,4,3,0,provisional_spatial_candidate,0,nearest_intersection_candidate
294,3,3336,-97.741155,30.267373,136.721,52.899,4,2,0,provisional_spatial_candidate,0,nearest_intersection_candidate
295,1,3306,-97.739711,30.268034,42.62,28.248,4,3,1,provisional_spatial_candidate,0,nearest_intersection_candidate
295,2,3304,-97.740772,30.268341,70.868,28.248,4,2,0,provisional_spatial_candidate,0,nearest_intersection_candidate
295,3,3311,-97.740092,30.267027,141.098,28.248,4,3,0,provisional_spatial_candidate,0,nearest_intersection_candidate
296,1,3306,-97.739711,30.268034,72.858,81.545,4,3,0,over_50m,0,nearest_intersection_candidate
296,2,3311,-97.740092,30.267027,154.402,81.545,4,3,0,over_50m,0,nearest_intersection_candidate
296,3,3304,-97.740772,30.268341,178.595,81.545,4,2,0,over_50m,0,nearest_intersection_candidate
297,1,3353,-97.736477,30.267143,43.54,94.356,4,4,1,provisional_spatial_candidate,0,nearest_intersection_candidate
297,2,3323,-97.736837,30.266163,137.897,94.356,3,2,0,provisional_spatial_candidate,0,nearest_intersection_candidate
297,3,3351,-97.73509,30.266748,181.056,94.356,4,3,0,provisional_spatial_candidate,0,nearest_intersection_candidate
298,1,3054,-97.749236,30.269643,148.763,19.219,4,3,0,over_50m,0,nearest_intersection_candidate
298,2,3173,-97.748878,30.270614,167.982,19.219,3,2,0,over_50m,0,nearest_intersection_candidate
298,3,3164,-97.749576,30.26872,200.389,19.219,4,4,0,over_50m,0,nearest_intersection_candidate
299,1,3054,-97.749236,30.269643,78.284,39.709,4,3,0,over_50m,0,nearest_intersection_candidate
299,2,3173,-97.748878,30.270614,117.993,39.709,3,2,0,over_50m,0,nearest_intersection_candidate
299,3,3164,-97.749576,30.26872,150.066,39.709,4,4,0,over_50m,0,nearest_intersection_candidate
300,1,3053,-97.745963,30.26867,48.724,49.213,4,3,1,provisional_spatial_candidate,0,nearest_intersection_candidate
300,2,3049,-97.745592,30.269688,97.936,49.213,4,3,0,provisional_spatial_candidate,0,nearest_intersection_candidate
300,3,3024,-97.746287,30.267783,138.014,49.213,4,4,0,provisional_spatial_candidate,0,nearest_intersection_candidate
301,1,3053,-97.745963,30.26867,73.366,40.948,4,3,0,over_50m,0,nearest_intersection_candidate
301,2,3049,-97.745592,30.269688,114.314,40.948,4,3,0,over_50m,0,nearest_intersection_candidate
301,3,3335,-97.745092,30.267456,140.607,40.948,3,3,0,over_50m,0,nearest_intersection_candidate
302,1,3332,-97.743829,30.268102,45.11,53.142,4,2,1,provisional_spatial_candidate,0,nearest_intersection_candidate
302,2,3297,-97.74345,30.269081,98.253,53.142,4,2,0,provisional_spatial_candidate,0,nearest_intersection_candidate
302,3,3325,-97.744177,30.267205,134.861,53.142,4,4,0,provisional_spatial_candidate,0,nearest_intersection_candidate
303,1,3327,-97.74247,30.267767,46.802,49.489,4,3,1,provisional_spatial_candidate,0,nearest_intersection_candidate
303,2,3300,-97.742113,30.268686,96.292,49.489,4,3,0,provisional_spatial_candidate,0,nearest_intersection_candidate
303,3,3332,-97.743829,30.268102,97.655,49.489,4,2,0,provisional_spatial_candidate,0,nearest_intersection_candidate
304,1,3336,-97.741155,30.267373,44.925,52.999,4,2,1,provisional_spatial_candidate,0,nearest_intersection_candidate
304,2,3327,-97.74247,30.267767,97.924,52.999,4,3,0,provisional_spatial_candidate,0,nearest_intersection_candidate
304,3,3304,-97.740772,30.268341,98.264,52.999,4,2,0,provisional_spatial_candidate,0,nearest_intersection_candidate
305,1,3311,-97.740092,30.267027,48.965,26.272,4,3,1,provisional_spatial_candidate,0,nearest_intersection_candidate
305,2,3336,-97.741155,30.267373,75.237,26.272,4,2,0,provisional_spatial_candidate,0,nearest_intersection_candidate
305,3,3306,-97.739711,30.268034,95.281,26.272,4,3,0,provisional_spatial_candidate,0,nearest_intersection_candidate
306,1,3311,-97.740092,30.267027,72.946,40.301,4,3,0,over_50m,0,nearest_intersection_candidate
306,2,3306,-97.739711,30.268034,113.247,40.301,4,3,0,over_50m,0,nearest_intersection_candidate
306,3,3302,-97.740418,30.266163,144.869,40.301,4,4,0,over_50m,0,nearest_intersection_candidate
307,1,3323,-97.736837,30.266163,151.611,22.652,3,2,0,over_50m,0,nearest_intersection_candidate
307,2,3353,-97.736477,30.267143,174.263,22.652,4,4,0,over_50m,0,nearest_intersection_candidate
307,3,3311,-97.740092,30.267027,179.635,22.652,4,3,0,over_50m,0,nearest_intersection_candidate
308,1,3323,-97.736837,30.266163,48.586,52.357,3,2,1,provisional_spatial_candidate,0,nearest_intersection_candidate
308,2,3353,-97.736477,30.267143,100.943,52.357,4,4,0,provisional_spatial_candidate,0,nearest_intersection_candidate
308,3,3344,-97.737169,30.265257,135.562,52.357,4,4,0,provisional_spatial_candidate,0,nearest_intersection_candidate
309,1,3164,-97.749576,30.26872,147.706,21.386,4,4,0,over_50m,0,nearest_intersection_candidate
309,2,3054,-97.749236,30.269643,169.092,21.386,4,3,0,over_50m,0,nearest_intersection_candidate
309,3,3173,-97.748878,30.270614,246.52,21.386,3,2,0,over_50m,0,nearest_intersection_candidate
310,1,3164,-97.749576,30.26872,76.676,39.152,4,4,0,over_50m,0,nearest_intersection_candidate
310,2,3054,-97.749236,30.269643,115.829,39.152,4,3,0,over_50m,0,nearest_intersection_candidate
310,3,3173,-97.748878,30.270614,215.372,39.152,3,2,0,over_50m,0,nearest_intersection_candidate
311,1,3483,-97.708726,30.265162,39.036,178.258,4,4,1,provisional_spatial_candidate,0,nearest_intersection_candidate
311,2,3471,-97.70779,30.263757,217.294,178.258,3,3,0,provisional_spatial_candidate,0,nearest_intersection_candidate
311,3,3479,-97.707248,30.267629,302.824,178.258,3,3,0,provisional_spatial_candidate,0,nearest_intersection_candidate
312,1,3335,-97.745092,30.267456,57.564,13.806,3,3,0,over_50m,0,nearest_intersection_candidate
312,2,3024,-97.746287,30.267783,71.37,13.806,4,4,0,over_50m,0,nearest_intersection_candidate
312,3,3053,-97.745963,30.26867,105.186,13.806,4,3,0,over_50m,0,nearest_intersection_candidate
313,1,3325,-97.744177,30.267205,41.245,18.631,4,4,0,ambiguous_nearby_nodes,0,nearest_intersection_candidate
313,2,3335,-97.745092,30.267456,59.877,18.631,3,3,0,ambiguous_nearby_nodes,0,nearest_intersection_candidate
313,3,3332,-97.743829,30.268102,92.777,18.631,4,2,0,ambiguous_nearby_nodes,0,nearest_intersection_candidate
314,1,3326,-97.742828,30.266818,47.028,49.962,4,4,1,provisional_spatial_candidate,0,nearest_intersection_candidate
314,2,3325,-97.744177,30.267205,96.99,49.962,4,4,0,provisional_spatial_candidate,0,nearest_intersection_candidate
314,3,3327,-97.74247,30.267767,98.676,49.962,4,3,0,provisional_spatial_candidate,0,nearest_intersection_candidate
315,1,3329,-97.74156,30.26646,42.32,52.532,4,3,1,provisional_spatial_candidate,0,nearest_intersection_candidate
315,2,3336,-97.741155,30.267373,94.852,52.532,4,2,0,provisional_spatial_candidate,0,nearest_intersection_candidate
315,3,3326,-97.742828,30.266818,95.423,52.532,4,4,0,provisional_spatial_candidate,0,nearest_intersection_candidate
316,1,3302,-97.740418,30.266163,42.812,36.937,4,4,1,provisional_spatial_candidate,0,nearest_intersection_candidate
316,2,3329,-97.74156,30.26646,79.749,36.937,4,3,0,provisional_spatial_candidate,0,nearest_intersection_candidate
316,3,3311,-97.740092,30.267027,89.687,36.937,4,3,0,provisional_spatial_candidate,0,nearest_intersection_candidate
317,1,3302,-97.740418,30.266163,71.248,35.956,4,4,0,over_50m,0,nearest_intersection_candidate
317,2,3311,-97.740092,30.267027,107.204,35.956,4,3,0,over_50m,0,nearest_intersection_candidate
317,3,3329,-97.74156,30.26646,184.481,35.956,4,3,0,over_50m,0,nearest_intersection_candidate
318,1,3344,-97.737169,30.265257,150.835,20.887,4,4,0,over_50m,0,nearest_intersection_candidate
318,2,3323,-97.736837,30.266163,171.722,20.887,3,2,0,over_50m,0,nearest_intersection_candidate
318,3,3302,-97.740418,30.266163,179.527,20.887,4,4,0,over_50m,0,nearest_intersection_candidate
319,1,3344,-97.737169,30.265257,43.522,50.207,4,4,1,provisional_spatial_candidate,0,nearest_intersection_candidate
319,2,3323,-97.736837,30.266163,93.729,50.207,3,2,0,provisional_spatial_candidate,0,nearest_intersection_candidate
319,3,3350,-97.735859,30.264848,174.102,50.207,4,3,0,provisional_spatial_candidate,0,nearest_intersection_candidate
320,1,3330,-97.743145,30.265988,42.027,29.111,3,3,1,provisional_spatial_candidate,0,nearest_intersection_candidate
320,2,7306,-97.743288,30.265596,71.138,29.111,3,3,0,provisional_spatial_candidate,0,nearest_intersection_candidate
320,3,3326,-97.742828,30.266818,93.546,29.111,4,4,0,provisional_spatial_candidate,0,nearest_intersection_candidate
321,1,3024,-97.746287,30.267783,48.012,42.99,4,4,1,provisional_spatial_candidate,0,nearest_intersection_candidate
321,2,3053,-97.745963,30.26867,91.002,42.99,4,3,0,provisional_spatial_candidate,0,nearest_intersection_candidate
321,3,3335,-97.745092,30.267456,164.243,42.99,3,3,0,provisional_spatial_candidate,0,nearest_intersection_candidate
322,1,6686,-97.621686,30.168706,158.646,359.35,3,3,0,over_50m,0,nearest_intersection_candidate
322,2,6022,-97.627823,30.171685,517.995,359.35,4,3,0,over_50m,0,nearest_intersection_candidate
322,3,6029,-97.628837,30.167774,580.718,359.35,3,2,0,over_50m,0,nearest_intersection_candidate
324,1,2521,-97.800515,30.232107,15.067,61.804,4,3,1,provisional_spatial_candidate,0,nearest_intersection_candidate
324,2,2537,-97.800213,30.232603,76.871,61.804,3,1,0,provisional_spatial_candidate,0,nearest_intersection_candidate
324,3,2551,-97.800718,30.232967,111.661,61.804,3,2,0,provisional_spatial_candidate,0,nearest_intersection_candidate
325,1,3024,-97.746287,30.267783,93.158,89.169,4,4,0,over_50m,0,nearest_intersection_candidate
325,2,3335,-97.745092,30.267456,182.327,89.169,3,3,0,over_50m,0,nearest_intersection_candidate
325,3,3053,-97.745963,30.26867,191.262,89.169,4,3,0,over_50m,0,nearest_intersection_candidate
326,1,3333,-97.745553,30.263496,132.042,79.214,3,3,0,over_50m,0,nearest_intersection_candidate
326,2,3334,-97.744489,30.266364,211.256,79.214,4,4,0,over_50m,0,nearest_intersection_candidate
326,3,3245,-97.744226,30.263117,213.597,79.214,4,4,0,over_50m,0,nearest_intersection_candidate
327,1,3826,-97.742751,30.305054,144.711,122.035,4,4,0,over_50m,0,nearest_intersection_candidate
327,2,3621,-97.743859,30.305592,266.746,122.035,3,3,0,over_50m,0,nearest_intersection_candidate
327,3,3824,-97.744311,30.302585,343.812,122.035,4,4,0,over_50m,0,nearest_intersection_candidate
328,1,7306,-97.743288,30.265596,68.179,40.046,3,3,0,over_50m,0,nearest_intersection_candidate
328,2,3330,-97.743145,30.265988,108.225,40.046,3,3,0,over_50m,0,nearest_intersection_candidate
328,3,3334,-97.744489,30.266364,138.567,40.046,4,4,0,over_50m,0,nearest_intersection_candidate
329,1,3165,-97.753752,30.271281,362.81,32.896,4,3,0,over_50m,0,nearest_intersection_candidate
329,2,3158,-97.75433,30.270135,395.705,32.896,4,4,0,over_50m,0,nearest_intersection_candidate
329,3,7298,-97.75348,30.269783,481.007,32.896,3,3,0,over_50m,0,nearest_intersection_candidate
330,1,3358,-97.733194,30.271702,41.622,32.109,4,3,1,provisional_spatial_candidate,0,nearest_intersection_candidate
330,2,3318,-97.732144,30.272194,73.73,32.109,3,2,0,provisional_spatial_candidate,0,nearest_intersection_candidate
330,3,3359,-97.732781,30.272827,110.53,32.109,3,2,0,provisional_spatial_candidate,0,nearest_intersection_candidate
332,1,3334,-97.744489,30.266364,175.505,27.166,4,4,0,over_50m,0,nearest_intersection_candidate
332,2,3335,-97.745092,30.267456,202.671,27.166,3,3,0,over_50m,0,nearest_intersection_candidate
332,3,3024,-97.746287,30.267783,206.082,27.166,4,4,0,over_50m,0,nearest_intersection_candidate
333,1,3085,-97.76542,30.232191,370.515,386.435,3,3,0,over_50m,0,nearest_intersection_candidate
333,2,3073,-97.759921,30.229425,756.949,386.435,4,4,0,over_50m,0,nearest_intersection_candidate
333,3,3086,-97.759332,30.241908,861.085,386.435,4,4,0,over_50m,0,nearest_intersection_candidate
334,1,3352,-97.734359,30.268684,106.792,25.771,3,2,0,over_50m,0,nearest_intersection_candidate
334,2,3351,-97.73509,30.266748,132.563,25.771,4,3,0,over_50m,0,nearest_intersection_candidate
334,3,3317,-97.734221,30.269031,145.414,25.771,3,2,0,over_50m,0,nearest_intersection_candidate
335,1,3351,-97.73509,30.266748,41.615,136.05,4,3,1,provisional_spatial_candidate,0,nearest_intersection_candidate
335,2,3353,-97.736477,30.267143,177.665,136.05,4,4,0,provisional_spatial_candidate,0,nearest_intersection_candidate
335,3,3251,-97.73278,30.266039,200.832,136.05,4,3,0,provisional_spatial_candidate,0,nearest_intersection_candidate
337,1,3429,-97.707712,30.226793,560.971,216.865,4,4,0,over_50m,0,nearest_intersection_candidate
337,2,3190,-97.720065,30.232282,777.836,216.865,4,4,0,over_50m,0,nearest_intersection_candidate
337,3,3435,-97.703324,30.22465,1044.858,216.865,4,4,0,over_50m,0,nearest_intersection_candidate
338,1,1235,-97.637802,30.40409,1202.481,4.347,3,3,0,over_50m,0,nearest_intersection_candidate
338,2,4534,-97.638272,30.40338,1206.828,4.347,3,3,0,over_50m,0,nearest_intersection_candidate
338,3,1233,-97.66238,30.405328,1399.735,4.347,3,3,0,over_50m,0,nearest_intersection_candidate
341,1,3316,-97.733666,30.270582,117.786,5.794,4,3,0,over_50m,0,nearest_intersection_candidate
341,2,3261,-97.73132,30.269839,123.58,5.794,4,3,0,over_50m,0,nearest_intersection_candidate
341,3,3320,-97.732426,30.269176,128.294,5.794,3,2,0,over_50m,0,nearest_intersection_candidate
342,1,4403,-97.693354,30.360618,162.847,172.251,3,3,0,over_50m,0,nearest_intersection_candidate
342,2,4411,-97.688887,30.35837,335.098,172.251,4,3,0,over_50m,0,nearest_intersection_candidate
342,3,4406,-97.696762,30.362796,566.649,172.251,4,4,0,over_50m,0,nearest_intersection_candidate
343,1,2370,-97.868584,30.225608,22.143,571.945,4,4,1,provisional_spatial_candidate,0,nearest_intersection_candidate
343,2,2371,-97.864518,30.229763,594.088,571.945,3,3,0,provisional_spatial_candidate,0,nearest_intersection_candidate
343,3,6277,-97.873868,30.232965,941.178,571.945,3,1,0,provisional_spatial_candidate,0,nearest_intersection_candidate
344,1,2933,-97.744422,30.193815,31.333,288.318,4,4,1,provisional_spatial_candidate,0,nearest_intersection_candidate
344,2,2930,-97.743914,30.196782,319.651,288.318,4,4,0,provisional_spatial_candidate,0,nearest_intersection_candidate
344,3,2997,-97.744502,30.190794,355.245,288.318,3,3,0,provisional_spatial_candidate,0,nearest_intersection_candidate
346,1,3251,-97.73278,30.266039,143.549,6.767,4,3,0,over_50m,0,nearest_intersection_candidate
346,2,3351,-97.73509,30.266748,150.316,6.767,4,3,0,over_50m,0,nearest_intersection_candidate
346,3,3258,-97.733534,30.264178,174.284,6.767,4,3,0,over_50m,0,nearest_intersection_candidate
347,1,1169,-97.714123,30.407364,15.01,39.036,3,2,1,provisional_spatial_candidate,0,nearest_intersection_candidate
347,2,3598,-97.714578,30.406963,54.046,39.036,3,3,0,provisional_spatial_candidate,0,nearest_intersection_candidate
347,3,1130,-97.715814,30.407919,159.15,39.036,4,3,0,provisional_spatial_candidate,0,nearest_intersection_candidate
348,1,4448,-97.702582,30.400335,47.209,243.564,3,3,1,provisional_spatial_candidate,0,nearest_intersection_candidate
348,2,4447,-97.704036,30.39811,290.773,243.564,3,3,0,provisional_spatial_candidate,0,nearest_intersection_candidate
348,3,4452,-97.707452,30.400311,428.396,243.564,3,3,0,provisional_spatial_candidate,0,nearest_intersection_candidate
349,1,4452,-97.707452,30.400311,39.648,295.044,3,3,1,provisional_spatial_candidate,0,nearest_intersection_candidate
349,2,3601,-97.710027,30.402841,334.692,295.044,3,3,0,provisional_spatial_candidate,0,nearest_intersection_candidate
349,3,4447,-97.704036,30.39811,447.836,295.044,3,3,0,provisional_spatial_candidate,0,nearest_intersection_candidate
350,1,3252,-97.730157,30.265185,105.069,5.385,3,3,0,over_50m,0,nearest_intersection_candidate
350,2,3386,-97.728091,30.264512,110.454,5.385,3,3,0,over_50m,0,nearest_intersection_candidate
350,3,3276,-97.730909,30.263406,251.047,5.385,4,4,0,over_50m,0,nearest_intersection_candidate
351,1,3271,-97.725985,30.263777,24.391,173.446,3,3,1,provisional_spatial_candidate,0,nearest_intersection_candidate
351,2,3386,-97.728091,30.264512,197.836,173.446,3,3,0,provisional_spatial_candidate,0,nearest_intersection_candidate
351,3,6619,-97.726727,30.261997,224.914,173.446,4,4,0,provisional_spatial_candidate,0,nearest_intersection_candidate
352,1,3269,-97.721809,30.262296,42.895,174.964,4,4,1,provisional_spatial_candidate,0,nearest_intersection_candidate
352,2,3270,-97.722589,30.260661,217.859,174.964,4,4,0,provisional_spatial_candidate,0,nearest_intersection_candidate
352,3,3271,-97.725985,30.263777,394.906,174.964,3,3,0,provisional_spatial_candidate,0,nearest_intersection_candidate
353,1,2875,-97.717085,30.261275,42.411,385.045,3,3,1,provisional_spatial_candidate,0,nearest_intersection_candidate
353,2,3269,-97.721809,30.262296,427.456,385.045,4,4,0,provisional_spatial_candidate,0,nearest_intersection_candidate
353,3,3270,-97.722589,30.260661,500.759,385.045,4,4,0,provisional_spatial_candidate,0,nearest_intersection_candidate
354,1,2875,-97.717085,30.261275,326.146,135.208,3,3,0,over_50m,0,nearest_intersection_candidate
354,2,2876,-97.709095,30.259778,461.354,135.208,4,4,0,over_50m,0,nearest_intersection_candidate
354,3,3471,-97.70779,30.263757,650.964,135.208,3,3,0,over_50m,0,nearest_intersection_candidate
355,1,2876,-97.709095,30.259778,54.596,381.133,4,4,0,over_50m,0,nearest_intersection_candidate
355,2,3471,-97.70779,30.263757,435.729,381.133,3,3,0,over_50m,0,nearest_intersection_candidate
355,3,3483,-97.708726,30.265162,564.84,381.133,4,4,0,over_50m,0,nearest_intersection_candidate
356,1,3271,-97.725985,30.263777,95.074,25.473,3,3,0,over_50m,0,nearest_intersection_candidate
356,2,6619,-97.726727,30.261997,120.547,25.473,4,4,0,over_50m,0,nearest_intersection_candidate
356,3,3386,-97.728091,30.264512,218.939,25.473,3,3,0,over_50m,0,nearest_intersection_candidate
357,1,3269,-97.721809,30.262296,95.008,20.1,4,4,0,over_50m,0,nearest_intersection_candidate
357,2,3270,-97.722589,30.260661,115.109,20.1,4,4,0,over_50m,0,nearest_intersection_candidate
357,3,3271,-97.725985,30.263777,406.164,20.1,3,3,0,over_50m,0,nearest_intersection_candidate
358,1,5115,-97.67,30.423772,456.815,0.288,4,3,0,over_50m,0,nearest_intersection_candidate
358,2,5121,-97.670517,30.421066,457.103,0.288,3,2,0,over_50m,0,nearest_intersection_candidate
358,3,5113,-97.671443,30.420443,559.215,0.288,3,1,0,over_50m,0,nearest_intersection_candidate
359,1,5137,-97.664607,30.456034,448.677,35.764,3,3,0,over_50m,0,nearest_intersection_candidate
359,2,5129,-97.664981,30.455969,484.44,35.764,4,3,0,over_50m,0,nearest_intersection_candidate
359,3,5132,-97.665576,30.452635,655.288,35.764,3,2,0,over_50m,0,nearest_intersection_candidate
360,1,3368,-97.720152,30.256435,26.411,98.499,4,4,1,provisional_spatial_candidate,0,nearest_intersection_candidate
360,2,3366,-97.720672,30.255577,124.91,98.499,4,4,0,provisional_spatial_candidate,0,nearest_intersection_candidate
360,3,3369,-97.723926,30.257768,372.073,98.499,4,4,0,provisional_spatial_candidate,0,nearest_intersection_candidate
361,1,3069,-97.763968,30.222301,132.478,128.953,4,3,0,over_50m,0,nearest_intersection_candidate
361,2,3078,-97.763346,30.223341,261.431,128.953,4,3,0,over_50m,0,nearest_intersection_candidate
361,3,3097,-97.76601,30.223715,284.87,128.953,3,2,0,over_50m,0,nearest_intersection_candidate
362,1,2886,-97.711994,30.253619,46.13,82.749,4,4,1,provisional_spatial_candidate,0,nearest_intersection_candidate
362,2,2872,-97.712431,30.252756,128.879,82.749,4,4,0,provisional_spatial_candidate,0,nearest_intersection_candidate
362,3,3473,-97.707531,30.251497,533.8,82.749,3,3,0,provisional_spatial_candidate,0,nearest_intersection_candidate
363,1,3272,-97.727914,30.259151,100.989,283.185,3,3,0,over_50m,0,nearest_intersection_candidate
363,2,3273,-97.732432,30.259687,384.174,283.185,4,4,0,over_50m,0,nearest_intersection_candidate
363,3,3256,-97.732048,30.260602,398.854,283.185,4,4,0,over_50m,0,nearest_intersection_candidate
364,1,3365,-97.724363,30.256858,38.556,57.905,4,4,1,provisional_spatial_candidate,0,nearest_intersection_candidate
364,2,3369,-97.723926,30.257768,96.461,57.905,4,4,0,provisional_spatial_candidate,0,nearest_intersection_candidate
364,3,3272,-97.727914,30.259151,388.8,57.905,3,3,0,provisional_spatial_candidate,0,nearest_intersection_candidate
365,1,3366,-97.720672,30.255577,23.364,64.748,4,4,1,provisional_spatial_candidate,0,nearest_intersection_candidate
365,2,3368,-97.720152,30.256435,88.112,64.748,4,4,0,provisional_spatial_candidate,0,nearest_intersection_candidate
365,3,3365,-97.724363,30.256858,373.253,64.748,4,4,0,provisional_spatial_candidate,0,nearest_intersection_candidate
366,1,2872,-97.712431,30.252756,42.672,60.601,4,4,1,provisional_spatial_candidate,0,nearest_intersection_candidate
366,2,2886,-97.711994,30.253619,103.273,60.601,4,4,0,provisional_spatial_candidate,0,nearest_intersection_candidate
366,3,3473,-97.707531,30.251497,531.137,60.601,3,3,0,provisional_spatial_candidate,0,nearest_intersection_candidate
367,1,3460,-97.701428,30.25587,30.127,504.742,4,4,1,provisional_spatial_candidate,0,nearest_intersection_candidate
367,2,3476,-97.704117,30.251714,534.869,504.742,3,3,0,provisional_spatial_candidate,0,nearest_intersection_candidate
367,3,3472,-97.698452,30.260441,579.34,504.742,3,3,0,provisional_spatial_candidate,0,nearest_intersection_candidate
368,1,3487,-97.696181,30.252294,178.022,136.54,4,4,0,over_50m,0,nearest_intersection_candidate
368,2,3457,-97.695774,30.250988,314.562,136.54,3,2,0,over_50m,0,nearest_intersection_candidate
368,3,3489,-97.694191,30.250829,429.15,136.54,4,3,0,over_50m,0,nearest_intersection_candidate
369,1,3273,-97.732432,30.259687,27.672,68.248,4,4,1,provisional_spatial_candidate,0,nearest_intersection_candidate
369,2,3256,-97.732048,30.260602,95.919,68.248,4,4,0,provisional_spatial_candidate,0,nearest_intersection_candidate
369,3,3250,-97.734895,30.260557,232.252,68.248,4,3,0,provisional_spatial_candidate,0,nearest_intersection_candidate
370,1,3382,-97.719529,30.273537,45.95,313.743,4,4,1,provisional_spatial_candidate,0,nearest_intersection_candidate
370,2,3383,-97.723513,30.272903,359.693,313.743,3,3,0,provisional_spatial_candidate,0,nearest_intersection_candidate
370,3,2890,-97.715578,30.274147,417.927,313.743,4,4,0,provisional_spatial_candidate,0,nearest_intersection_candidate
371,1,3383,-97.723513,30.272903,43.259,373.367,3,3,1,provisional_spatial_candidate,0,nearest_intersection_candidate
371,2,3382,-97.719529,30.273537,416.626,373.367,4,4,0,provisional_spatial_candidate,0,nearest_intersection_candidate
371,3,2790,-97.729499,30.274963,578.507,373.367,3,1,0,provisional_spatial_candidate,0,nearest_intersection_candidate
372,1,3476,-97.704117,30.251714,26.883,289.902,3,3,1,provisional_spatial_candidate,0,nearest_intersection_candidate
372,2,3473,-97.707531,30.251497,316.785,289.902,3,3,0,provisional_spatial_candidate,0,nearest_intersection_candidate
372,3,3460,-97.701428,30.25587,517.369,289.902,4,4,0,provisional_spatial_candidate,0,nearest_intersection_candidate
373,1,2287,-97.849577,30.183334,1941.482,239.11,4,4,0,over_50m,0,nearest_intersection_candidate
373,2,2330,-97.878449,30.180052,2180.592,239.11,3,2,0,over_50m,0,nearest_intersection_candidate
373,3,6579,-97.840814,30.179085,2202.745,239.11,3,3,0,over_50m,0,nearest_intersection_candidate
374,1,3985,-97.756664,30.355174,177.444,31.313,4,4,0,over_50m,0,nearest_intersection_candidate
374,2,3986,-97.753166,30.353458,208.757,31.313,4,4,0,over_50m,0,nearest_intersection_candidate
374,3,3984,-97.758006,30.353015,317.449,31.313,3,3,0,over_50m,0,nearest_intersection_candidate
375,1,1706,-97.854836,30.148253,1562.913,1060.428,3,3,0,over_50m,0,nearest_intersection_candidate
375,2,2287,-97.849577,30.183334,2623.341,1060.428,4,4,0,over_50m,0,nearest_intersection_candidate
375,3,2106,-97.846645,30.140901,2635.142,1060.428,3,3,0,over_50m,0,nearest_intersection_candidate
376,1,3193,-97.727952,30.241534,42.598,107.006,3,3,1,provisional_spatial_candidate,0,nearest_intersection_candidate
376,2,3187,-97.729018,30.242973,149.604,107.006,3,3,0,provisional_spatial_candidate,0,nearest_intersection_candidate
376,3,3237,-97.726318,30.24099,208.785,107.006,3,3,0,provisional_spatial_candidate,0,nearest_intersection_candidate
377,1,1764,-97.778594,30.192997,100.674,455.566,4,4,0,over_50m,0,nearest_intersection_candidate
377,2,2439,-97.783017,30.194474,556.24,455.566,3,3,0,over_50m,0,nearest_intersection_candidate
377,3,2450,-97.783996,30.191804,623.521,455.566,3,3,0,over_50m,0,nearest_intersection_candidate
378,1,7262,-97.747668,30.441522,150.693,250.084,3,3,0,over_50m,0,nearest_intersection_candidate
378,2,6229,-97.742458,30.443483,400.777,250.084,4,3,0,over_50m,0,nearest_intersection_candidate
378,3,6228,-97.741828,30.443701,465.741,250.084,4,3,0,over_50m,0,nearest_intersection_candidate
379,1,3282,-97.736441,30.248151,292.238,66.132,4,3,0,over_50m,0,nearest_intersection_candidate
379,2,3043,-97.735046,30.249646,358.37,66.132,3,1,0,over_50m,0,nearest_intersection_candidate
379,3,3289,-97.734429,30.250375,421.162,66.132,3,2,0,over_50m,0,nearest_intersection_candidate
383,1,1706,-97.854836,30.148253,24.785,1132.223,3,3,1,provisional_spatial_candidate,0,nearest_intersection_candidate
383,2,2106,-97.846645,30.140901,1157.008,1132.223,3,3,0,provisional_spatial_candidate,0,nearest_intersection_candidate
383,3,1708,-97.832825,30.149554,2126.39,1132.223,3,3,0,provisional_spatial_candidate,0,nearest_intersection_candidate
384,1,3039,-97.733949,30.247625,93.212,60.031,4,3,0,over_50m,0,nearest_intersection_candidate
384,2,3282,-97.736441,30.248151,153.243,60.031,4,3,0,over_50m,0,nearest_intersection_candidate
384,3,3037,-97.735297,30.246302,175.841,60.031,3,1,0,over_50m,0,nearest_intersection_candidate
386,1,3218,-97.740107,30.234153,69.16,7.451,3,1,0,over_50m,0,nearest_intersection_candidate
386,2,3213,-97.739706,30.233297,76.611,7.451,4,3,0,over_50m,0,nearest_intersection_candidate
386,3,3211,-97.740886,30.234424,102.268,7.451,3,2,0,over_50m,0,nearest_intersection_candidate
387,1,4527,-97.606003,30.381294,434.181,904.491,3,3,0,over_50m,0,nearest_intersection_candidate
387,2,6531,-97.612646,30.366534,1338.672,904.491,3,3,0,over_50m,0,nearest_intersection_candidate
387,3,4528,-97.615171,30.367186,1365.54,904.491,5,5,0,over_50m,0,nearest_intersection_candidate
388,1,3038,-97.730201,30.244603,30.246,213.847,3,3,1,provisional_spatial_candidate,0,nearest_intersection_candidate
388,2,3187,-97.729018,30.242973,244.093,213.847,3,3,0,provisional_spatial_candidate,0,nearest_intersection_candidate
388,3,3045,-97.733628,30.244364,319.659,213.847,3,2,0,provisional_spatial_candidate,0,nearest_intersection_candidate
389,1,3187,-97.729018,30.242973,39.896,135.273,3,3,1,provisional_spatial_candidate,0,nearest_intersection_candidate
389,2,3038,-97.730201,30.244603,175.17,135.273,3,3,0,provisional_spatial_candidate,0,nearest_intersection_candidate
389,3,3193,-97.727952,30.241534,229.163,135.273,3,3,0,provisional_spatial_candidate,0,nearest_intersection_candidate
390,1,3238,-97.726834,30.240026,30.705,77.519,4,4,1,provisional_spatial_candidate,0,nearest_intersection_candidate
390,2,3237,-97.726318,30.24099,108.223,77.519,3,3,0,provisional_spatial_candidate,0,nearest_intersection_candidate
390,3,3193,-97.727952,30.241534,168.66,77.519,3,3,0,provisional_spatial_candidate,0,nearest_intersection_candidate
392,1,3186,-97.722868,30.233703,46.051,287.103,4,4,1,provisional_spatial_candidate,0,nearest_intersection_candidate
392,2,3190,-97.720065,30.232282,333.155,287.103,4,4,0,provisional_spatial_candidate,0,nearest_intersection_candidate
392,3,3194,-97.725383,30.237507,451.1,287.103,3,3,0,provisional_spatial_candidate,0,nearest_intersection_candidate
393,1,2871,-97.716967,30.242277,31.572,454.747,3,3,1,provisional_spatial_candidate,0,nearest_intersection_candidate
393,2,2885,-97.719287,30.23855,486.319,454.747,4,4,0,provisional_spatial_candidate,0,nearest_intersection_candidate
393,3,3239,-97.72411,30.244489,703.909,454.747,3,3,0,provisional_spatial_candidate,0,nearest_intersection_candidate
394,1,3190,-97.720065,30.232282,34.668,243.641,4,4,1,provisional_spatial_candidate,0,nearest_intersection_candidate
394,2,3186,-97.722868,30.233703,278.309,243.641,4,4,0,provisional_spatial_candidate,0,nearest_intersection_candidate
394,3,2885,-97.719287,30.23855,694.005,243.641,4,4,0,provisional_spatial_candidate,0,nearest_intersection_candidate
395,1,6572,-97.792457,30.472936,294.07,264.349,4,4,0,over_50m,0,nearest_intersection_candidate
395,2,4668,-97.79779,30.471494,558.419,264.349,4,3,0,over_50m,0,nearest_intersection_candidate
395,3,4667,-97.798471,30.471311,617.912,264.349,4,3,0,over_50m,0,nearest_intersection_candidate
396,1,3194,-97.725383,30.237507,32.991,251.132,3,3,1,provisional_spatial_candidate,0,nearest_intersection_candidate
396,2,3238,-97.726834,30.240026,284.123,251.132,4,4,0,provisional_spatial_candidate,0,nearest_intersection_candidate
396,3,3191,-97.728267,30.235904,318.79,251.132,3,3,0,provisional_spatial_candidate,0,nearest_intersection_candidate
397,1,2441,-97.793366,30.199096,29.637,451.031,3,3,1,provisional_spatial_candidate,0,nearest_intersection_candidate
397,2,2442,-97.798499,30.200171,480.669,451.031,4,4,0,provisional_spatial_candidate,0,nearest_intersection_candidate
397,3,2440,-97.787501,30.19698,639.461,451.031,4,4,0,provisional_spatial_candidate,0,nearest_intersection_candidate
398,1,2949,-97.771316,30.190751,179.598,151.253,4,3,0,over_50m,0,nearest_intersection_candidate
398,2,2952,-97.769871,30.192532,330.851,151.253,3,2,0,over_50m,0,nearest_intersection_candidate
398,3,2963,-97.773447,30.187735,406.295,151.253,3,1,0,over_50m,0,nearest_intersection_candidate
399,1,1768,-97.781155,30.208275,556.221,71.496,4,4,0,over_50m,0,nearest_intersection_candidate
399,2,2458,-97.790072,30.205473,627.717,71.496,3,3,0,over_50m,0,nearest_intersection_candidate
399,3,2455,-97.786904,30.210516,799.79,71.496,3,3,0,over_50m,0,nearest_intersection_candidate
400,1,2442,-97.798499,30.200171,35.598,503.09,4,4,1,provisional_spatial_candidate,0,nearest_intersection_candidate
400,2,2441,-97.793366,30.199096,538.688,503.09,3,3,0,provisional_spatial_candidate,0,nearest_intersection_candidate
400,3,2445,-97.804482,30.202191,584.518,503.09,3,3,0,provisional_spatial_candidate,0,nearest_intersection_candidate
401,1,2455,-97.786904,30.210516,25.818,604.107,3,3,1,provisional_spatial_candidate,0,nearest_intersection_candidate
401,2,1768,-97.781155,30.208275,629.925,604.107,4,4,0,provisional_spatial_candidate,0,nearest_intersection_candidate
401,3,2458,-97.790072,30.205473,646.75,604.107,3,3,0,provisional_spatial_candidate,0,nearest_intersection_candidate
402,1,3094,-97.769714,30.226116,640.929,9.65,4,3,0,over_50m,0,nearest_intersection_candidate
402,2,3095,-97.768011,30.225108,650.579,9.65,3,1,0,over_50m,0,nearest_intersection_candidate
402,3,3093,-97.771768,30.227121,684.252,9.65,3,2,0,over_50m,0,nearest_intersection_candidate
403,1,1768,-97.781155,30.208275,41.703,522.993,4,4,1,provisional_spatial_candidate,0,nearest_intersection_candidate
403,2,2455,-97.786904,30.210516,564.696,522.993,3,3,0,provisional_spatial_candidate,0,nearest_intersection_candidate
403,3,1723,-97.774484,30.204722,794.727,522.993,4,4,0,provisional_spatial_candidate,0,nearest_intersection_candidate
404,1,2440,-97.787501,30.19698,33.259,296.103,4,4,1,provisional_spatial_candidate,0,nearest_intersection_candidate
404,2,2443,-97.789132,30.194362,329.362,296.103,3,3,0,provisional_spatial_candidate,0,nearest_intersection_candidate
404,3,2439,-97.783017,30.194474,546.005,296.103,3,3,0,provisional_spatial_candidate,0,nearest_intersection_candidate
405,1,2439,-97.783017,30.194474,236.838,39.516,3,3,0,over_50m,0,nearest_intersection_candidate
405,2,2440,-97.787501,30.19698,276.355,39.516,4,4,0,over_50m,0,nearest_intersection_candidate
405,3,2443,-97.789132,30.194362,414.51,39.516,3,3,0,over_50m,0,nearest_intersection_candidate
406,1,2848,-97.768502,30.214937,395.549,36.016,3,3,0,over_50m,0,nearest_intersection_candidate
406,2,2894,-97.766695,30.214327,431.565,36.016,3,3,0,over_50m,0,nearest_intersection_candidate
406,3,3069,-97.763968,30.222301,534.331,36.016,4,3,0,over_50m,0,nearest_intersection_candidate
408,1,2848,-97.768502,30.214937,35.939,184.293,3,3,1,provisional_spatial_candidate,0,nearest_intersection_candidate
408,2,2894,-97.766695,30.214327,220.232,184.293,3,3,0,provisional_spatial_candidate,0,nearest_intersection_candidate
408,3,3069,-97.763968,30.222301,918.944,184.293,4,3,0,provisional_spatial_candidate,0,nearest_intersection_candidate
409,1,1723,-97.774484,30.204722,38.251,676.924,4,4,1,provisional_spatial_candidate,0,nearest_intersection_candidate
409,2,1768,-97.781155,30.208275,715.176,676.924,4,4,0,provisional_spatial_candidate,0,nearest_intersection_candidate
409,3,2950,-97.764733,30.198881,1178.268,676.924,4,3,0,provisional_spatial_candidate,0,nearest_intersection_candidate
410,1,1764,-97.778594,30.192997,469.888,163.721,4,4,0,over_50m,0,nearest_intersection_candidate
410,2,2439,-97.783017,30.194474,633.61,163.721,3,3,0,over_50m,0,nearest_intersection_candidate
410,3,2952,-97.769871,30.192532,857.67,163.721,3,2,0,over_50m,0,nearest_intersection_candidate
411,1,1764,-97.778594,30.192997,27.265,402.472,4,4,1,provisional_spatial_candidate,0,nearest_intersection_candidate
411,2,2439,-97.783017,30.194474,429.737,402.472,3,3,0,provisional_spatial_candidate,0,nearest_intersection_candidate
411,3,2450,-97.783996,30.191804,510.055,402.472,3,3,0,provisional_spatial_candidate,0,nearest_intersection_candidate
413,1,2969,-97.769175,30.18971,107.852,20.907,4,3,0,over_50m,0,nearest_intersection_candidate
413,2,2949,-97.771316,30.190751,128.759,20.907,4,3,0,over_50m,0,nearest_intersection_candidate
413,3,2970,-97.767944,30.191283,238.118,20.907,3,1,0,over_50m,0,nearest_intersection_candidate
414,1,2945,-97.767462,30.188966,48.52,87.482,4,4,1,provisional_spatial_candidate,0,nearest_intersection_candidate
414,2,2969,-97.769175,30.18971,136.002,87.482,4,3,0,provisional_spatial_candidate,0,nearest_intersection_candidate
414,3,2970,-97.767944,30.191283,232.12,87.482,3,1,0,provisional_spatial_candidate,0,nearest_intersection_candidate
415,1,3078,-97.763346,30.223341,25.216,103.175,4,3,1,provisional_spatial_candidate,0,nearest_intersection_candidate
415,2,3069,-97.763968,30.222301,128.391,103.175,4,3,0,provisional_spatial_candidate,0,nearest_intersection_candidate
415,3,3098,-97.76475,30.224153,138.272,103.175,3,1,0,provisional_spatial_candidate,0,nearest_intersection_candidate
417,1,2977,-97.758745,30.186275,21.809,426.798,3,3,1,provisional_spatial_candidate,0,nearest_intersection_candidate
417,2,2961,-97.760827,30.182765,448.607,426.798,3,3,0,provisional_spatial_candidate,0,nearest_intersection_candidate
417,3,2939,-97.76206,30.180521,724.83,426.798,3,3,0,provisional_spatial_candidate,0,nearest_intersection_candidate
418,1,2318,-97.815059,30.206976,40.62,906.902,4,4,1,provisional_spatial_candidate,0,nearest_intersection_candidate
418,2,2412,-97.820203,30.199763,947.522,906.902,3,3,0,provisional_spatial_candidate,0,nearest_intersection_candidate
418,3,2399,-97.806668,30.202665,978.392,906.902,4,4,0,provisional_spatial_candidate,0,nearest_intersection_candidate
419,1,2306,-97.830107,30.213668,29.205,297.345,4,4,1,provisional_spatial_candidate,0,nearest_intersection_candidate
419,2,2303,-97.831757,30.211092,326.551,297.345,3,3,0,provisional_spatial_candidate,0,nearest_intersection_candidate
419,3,2500,-97.836259,30.219835,878.859,297.345,6,4,0,provisional_spatial_candidate,0,nearest_intersection_candidate
420,1,1706,-97.854836,30.148253,529.297,1108.579,3,3,0,over_50m,0,nearest_intersection_candidate
420,2,2106,-97.846645,30.140901,1637.876,1108.579,3,3,0,over_50m,0,nearest_intersection_candidate
420,3,1708,-97.832825,30.149554,2339.477,1108.579,3,3,0,over_50m,0,nearest_intersection_candidate
421,1,2371,-97.864518,30.229763,25.847,377.21,3,3,1,provisional_spatial_candidate,0,nearest_intersection_candidate
421,2,6268,-97.864461,30.233618,403.058,377.21,4,3,0,provisional_spatial_candidate,0,nearest_intersection_candidate
421,3,6267,-97.864697,30.23441,491.246,377.21,4,3,0,provisional_spatial_candidate,0,nearest_intersection_candidate
422,1,2293,-97.837208,30.202866,510.021,37.026,3,3,0,over_50m,0,nearest_intersection_candidate
422,2,2303,-97.831757,30.211092,547.046,37.026,3,3,0,over_50m,0,nearest_intersection_candidate
422,3,2306,-97.830107,30.213668,873.656,37.026,4,4,0,over_50m,0,nearest_intersection_candidate
423,1,2464,-97.818097,30.232666,413.124,66.438,4,3,0,over_50m,0,nearest_intersection_candidate
423,2,6342,-97.817475,30.233027,479.561,66.438,3,2,0,over_50m,0,nearest_intersection_candidate
423,3,2476,-97.818327,30.233651,500.653,66.438,3,2,0,over_50m,0,nearest_intersection_candidate
424,1,6947,-97.800894,30.24218,20.721,3.101,3,2,0,ambiguous_nearby_nodes,0,nearest_intersection_candidate
424,2,6955,-97.801181,30.24199,23.821,3.101,3,2,0,ambiguous_nearby_nodes,0,nearest_intersection_candidate
424,3,6954,-97.80285,30.245537,407.513,3.101,3,2,0,ambiguous_nearby_nodes,0,nearest_intersection_candidate
425,1,2440,-97.787501,30.19698,433.415,258.642,4,4,0,over_50m,0,nearest_intersection_candidate
425,2,2458,-97.790072,30.205473,692.057,258.642,3,3,0,over_50m,0,nearest_intersection_candidate
425,3,2439,-97.783017,30.194474,721.677,258.642,3,3,0,over_50m,0,nearest_intersection_candidate
426,1,2951,-97.762753,30.197713,102.081,26.418,4,3,0,over_50m,0,nearest_intersection_candidate
426,2,2950,-97.764733,30.198881,128.499,26.418,4,3,0,over_50m,0,nearest_intersection_candidate
426,3,2953,-97.763796,30.200095,211.693,26.418,3,2,0,over_50m,0,nearest_intersection_candidate
428,1,2293,-97.837208,30.202866,28.648,968.116,3,3,1,provisional_spatial_candidate,0,nearest_intersection_candidate
428,2,2414,-97.842094,30.195122,996.765,968.116,4,4,0,provisional_spatial_candidate,0,nearest_intersection_candidate
428,3,2303,-97.831757,30.211092,1039.176,968.116,3,3,0,provisional_spatial_candidate,0,nearest_intersection_candidate
429,1,2436,-97.792438,30.183698,30.637,383.653,4,4,1,provisional_spatial_candidate,0,nearest_intersection_candidate
429,2,2395,-97.788699,30.182422,414.289,383.653,3,3,0,provisional_spatial_candidate,0,nearest_intersection_candidate
429,3,2394,-97.79517,30.180182,478.77,383.653,3,3,0,provisional_spatial_candidate,0,nearest_intersection_candidate
430,1,2754,-97.770504,30.2773,9.299,87.245,5,3,1,provisional_spatial_candidate,0,nearest_intersection_candidate
430,2,2772,-97.76984,30.276552,96.543,87.245,3,2,0,provisional_spatial_candidate,0,nearest_intersection_candidate
430,3,3153,-97.771121,30.275266,225.482,87.245,3,2,0,provisional_spatial_candidate,0,nearest_intersection_candidate
431,1,2303,-97.831757,30.211092,33.237,277.06,3,3,1,provisional_spatial_candidate,0,nearest_intersection_candidate
431,2,2306,-97.830107,30.213668,310.297,277.06,4,4,0,provisional_spatial_candidate,0,nearest_intersection_candidate
431,3,2292,-97.838693,30.217492,943.028,277.06,3,1,0,provisional_spatial_candidate,0,nearest_intersection_candidate
432,1,2287,-97.849577,30.183334,31.748,963.94,4,4,1,provisional_spatial_candidate,0,nearest_intersection_candidate
432,2,6579,-97.840814,30.179085,995.688,963.94,3,3,0,provisional_spatial_candidate,0,nearest_intersection_candidate
432,3,2414,-97.842094,30.195122,1484.349,963.94,4,4,0,provisional_spatial_candidate,0,nearest_intersection_candidate
433,1,2312,-97.85483,30.224641,39.286,543.421,3,3,1,provisional_spatial_candidate,0,nearest_intersection_candidate
433,2,2369,-97.85766,30.220274,582.707,543.421,4,4,0,provisional_spatial_candidate,0,nearest_intersection_candidate
433,3,2371,-97.864518,30.229763,1060.559,543.421,3,3,0,provisional_spatial_candidate,0,nearest_intersection_candidate
434,1,2311,-97.841448,30.223141,36.403,514.788,4,4,1,provisional_spatial_candidate,0,nearest_intersection_candidate
434,2,2501,-97.836875,30.220703,551.191,514.788,6,4,0,provisional_spatial_candidate,0,nearest_intersection_candidate
434,3,2290,-97.838342,30.218765,606.724,514.788,3,2,0,provisional_spatial_candidate,0,nearest_intersection_candidate
435,1,5035,-97.676284,30.426695,39.717,433.925,4,4,1,provisional_spatial_candidate,0,nearest_intersection_candidate
435,2,5111,-97.672301,30.424826,473.642,433.925,4,3,0,provisional_spatial_candidate,0,nearest_intersection_candidate
435,3,5122,-97.672738,30.422733,588.996,433.925,3,1,0,provisional_spatial_candidate,0,nearest_intersection_candidate
436,1,1172,-97.696596,30.407968,50.35,209.194,3,3,0,over_50m,0,nearest_intersection_candidate
436,2,1228,-97.695637,30.410299,259.544,209.194,3,3,0,over_50m,0,nearest_intersection_candidate
436,3,1229,-97.702847,30.412131,707.224,209.194,3,3,0,over_50m,0,nearest_intersection_candidate
437,1,5043,-97.676866,30.434743,40.459,655.505,3,3,1,provisional_spatial_candidate,0,nearest_intersection_candidate
437,2,5124,-97.670095,30.436285,695.964,655.505,3,2,0,provisional_spatial_candidate,0,nearest_intersection_candidate
437,3,5118,-97.671,30.431371,716.213,655.505,3,1,0,provisional_spatial_candidate,0,nearest_intersection_candidate
438,1,5043,-97.676866,30.434743,225.967,239.857,3,3,0,over_50m,0,nearest_intersection_candidate
438,2,5124,-97.670095,30.436285,465.824,239.857,3,2,0,over_50m,0,nearest_intersection_candidate
438,3,5046,-97.669114,30.436936,569.583,239.857,3,1,0,over_50m,0,nearest_intersection_candidate
439,1,3752,-97.757025,30.337477,214.391,124.295,4,4,0,over_50m,0,nearest_intersection_candidate
439,2,3756,-97.755939,30.336867,338.686,124.295,4,3,0,over_50m,0,nearest_intersection_candidate
439,3,3763,-97.755235,30.338586,355.998,124.295,3,2,0,over_50m,0,nearest_intersection_candidate
440,1,3752,-97.757025,30.337477,6.777,116.305,4,4,1,provisional_spatial_candidate,0,nearest_intersection_candidate
440,2,3756,-97.755939,30.336867,123.082,116.305,4,3,0,provisional_spatial_candidate,0,nearest_intersection_candidate
440,3,3763,-97.755235,30.338586,217.139,116.305,3,2,0,provisional_spatial_candidate,0,nearest_intersection_candidate
441,1,3756,-97.755939,30.336867,9.427,118.651,4,3,1,provisional_spatial_candidate,0,nearest_intersection_candidate
441,2,3752,-97.757025,30.337477,128.078,118.651,4,4,0,provisional_spatial_candidate,0,nearest_intersection_candidate
441,3,3754,-97.755351,30.335279,177.229,118.651,3,2,0,provisional_spatial_candidate,0,nearest_intersection_candidate
442,1,3758,-97.753604,30.335561,11.962,60.72,3,3,1,provisional_spatial_candidate,0,nearest_intersection_candidate
442,2,3755,-97.754081,30.334953,72.682,60.72,3,2,0,provisional_spatial_candidate,0,nearest_intersection_candidate
442,3,3754,-97.755351,30.335279,158.694,60.72,3,2,0,provisional_spatial_candidate,0,nearest_intersection_candidate
443,1,3758,-97.753604,30.335561,227.5,2.163,3,3,0,over_50m,0,nearest_intersection_candidate
443,2,3633,-97.749143,30.334649,229.662,2.163,4,4,0,over_50m,0,nearest_intersection_candidate
443,3,3755,-97.754081,30.334953,248.236,2.163,3,2,0,over_50m,0,nearest_intersection_candidate
444,1,3633,-97.749143,30.334649,5.953,432.98,4,4,1,provisional_spatial_candidate,0,nearest_intersection_candidate
444,2,3758,-97.753604,30.335561,438.933,432.98,3,3,0,provisional_spatial_candidate,0,nearest_intersection_candidate
444,3,3755,-97.754081,30.334953,473.138,432.98,3,2,0,provisional_spatial_candidate,0,nearest_intersection_candidate
445,1,3985,-97.756664,30.355174,7.541,259.849,4,4,1,provisional_spatial_candidate,0,nearest_intersection_candidate
445,2,3984,-97.758006,30.353015,267.39,259.849,3,3,0,provisional_spatial_candidate,0,nearest_intersection_candidate
445,3,3986,-97.753166,30.353458,380.434,259.849,4,4,0,provisional_spatial_candidate,0,nearest_intersection_candidate
446,1,3986,-97.753166,30.353458,5.773,356.9,4,4,1,provisional_spatial_candidate,0,nearest_intersection_candidate
446,2,3987,-97.749755,30.351955,362.673,356.9,4,3,0,provisional_spatial_candidate,0,nearest_intersection_candidate
446,3,3985,-97.756664,30.355174,391.074,356.9,4,4,0,provisional_spatial_candidate,0,nearest_intersection_candidate
447,1,3987,-97.749755,30.351955,13.898,52.093,4,3,1,provisional_spatial_candidate,0,nearest_intersection_candidate
447,2,3945,-97.749012,30.352191,65.991,52.093,3,2,0,provisional_spatial_candidate,0,nearest_intersection_candidate
447,3,3932,-97.748345,30.351614,126.658,52.093,3,2,0,provisional_spatial_candidate,0,nearest_intersection_candidate
450,1,4040,-97.741905,30.367942,1.963,133.01,4,3,1,provisional_spatial_candidate,0,nearest_intersection_candidate
450,2,3949,-97.74314,30.368537,134.973,133.01,4,3,0,provisional_spatial_candidate,0,nearest_intersection_candidate
450,3,4043,-97.743349,30.366928,176.658,133.01,3,1,0,provisional_spatial_candidate,0,nearest_intersection_candidate
451,1,4042,-97.738618,30.366349,2.114,357.689,4,4,1,provisional_spatial_candidate,0,nearest_intersection_candidate
451,2,4040,-97.741905,30.367942,359.803,357.689,4,3,0,provisional_spatial_candidate,0,nearest_intersection_candidate
451,3,4048,-97.734807,30.364478,422.568,357.689,3,3,0,provisional_spatial_candidate,0,nearest_intersection_candidate
452,1,2441,-97.793366,30.199096,225.384,161.827,3,3,0,over_50m,0,nearest_intersection_candidate
452,2,2440,-97.787501,30.19698,387.211,161.827,4,4,0,over_50m,0,nearest_intersection_candidate
452,3,2443,-97.789132,30.194362,499.009,161.827,3,3,0,over_50m,0,nearest_intersection_candidate
453,1,5050,-97.669378,30.439962,286.269,59.662,4,3,0,over_50m,0,nearest_intersection_candidate
453,2,5124,-97.670095,30.436285,345.932,59.662,3,2,0,over_50m,0,nearest_intersection_candidate
453,3,5046,-97.669114,30.436936,357.653,59.662,3,1,0,over_50m,0,nearest_intersection_candidate
455,1,5083,-97.690253,30.413006,40.404,196.372,4,4,1,provisional_spatial_candidate,0,nearest_intersection_candidate
455,2,5087,-97.692765,30.414228,236.775,196.372,3,3,0,provisional_spatial_candidate,0,nearest_intersection_candidate
455,3,5084,-97.688076,30.41504,313.243,196.372,3,3,0,provisional_spatial_candidate,0,nearest_intersection_candidate
456,1,4444,-97.707934,30.392076,44.67,715.122,4,4,1,provisional_spatial_candidate,0,nearest_intersection_candidate
456,2,4447,-97.704036,30.39811,759.792,715.122,3,3,0,provisional_spatial_candidate,0,nearest_intersection_candidate
456,3,4452,-97.707452,30.400311,889.691,715.122,3,3,0,provisional_spatial_candidate,0,nearest_intersection_candidate
457,1,4408,-97.695756,30.364583,798.437,128.653,3,3,0,over_50m,0,nearest_intersection_candidate
457,2,4412,-97.700722,30.366853,927.089,128.653,3,3,0,over_50m,0,nearest_intersection_candidate
457,3,4414,-97.684517,30.365309,1003.075,128.653,3,1,0,over_50m,0,nearest_intersection_candidate
458,1,3597,-97.716,30.40504,12.689,253.4,3,3,1,provisional_spatial_candidate,0,nearest_intersection_candidate
458,2,3598,-97.714578,30.406963,266.088,253.4,3,3,0,provisional_spatial_candidate,0,nearest_intersection_candidate
458,3,1169,-97.714123,30.407364,327.302,253.4,3,2,0,provisional_spatial_candidate,0,nearest_intersection_candidate
459,1,4444,-97.707934,30.392076,598.501,124.328,4,4,0,over_50m,0,nearest_intersection_candidate
459,2,4097,-97.721548,30.390878,722.828,124.328,4,4,0,over_50m,0,nearest_intersection_candidate
459,3,3594,-97.713133,30.383761,793.643,124.328,3,3,0,over_50m,0,nearest_intersection_candidate
460,1,4147,-97.723823,30.383302,379.413,258.689,3,3,0,over_50m,0,nearest_intersection_candidate
460,2,3963,-97.727672,30.374806,638.102,258.689,3,1,0,over_50m,0,nearest_intersection_candidate
460,3,3974,-97.726007,30.374072,669.46,258.689,4,3,0,over_50m,0,nearest_intersection_candidate
461,1,4147,-97.723823,30.383302,27.884,835.359,3,3,1,provisional_spatial_candidate,0,nearest_intersection_candidate
461,2,4097,-97.721548,30.390878,863.243,835.359,4,4,0,provisional_spatial_candidate,0,nearest_intersection_candidate
461,3,3593,-97.715741,30.380427,866.246,835.359,4,4,0,provisional_spatial_candidate,0,nearest_intersection_candidate
462,1,4097,-97.721548,30.390878,40.56,445.545,4,4,1,provisional_spatial_candidate,0,nearest_intersection_candidate
462,2,4093,-97.726566,30.392673,486.105,445.545,3,3,0,provisional_spatial_candidate,0,nearest_intersection_candidate
462,3,4147,-97.723823,30.383302,895.414,445.545,3,3,0,provisional_spatial_candidate,0,nearest_intersection_candidate
463,1,3603,-97.717279,30.402168,34.038,308.645,3,3,1,provisional_spatial_candidate,0,nearest_intersection_candidate
463,2,3597,-97.716,30.40504,342.684,308.645,3,3,0,provisional_spatial_candidate,0,nearest_intersection_candidate
463,3,4151,-97.720575,30.406953,591.832,308.645,3,1,0,provisional_spatial_candidate,0,nearest_intersection_candidate
464,1,4097,-97.721548,30.390878,493.406,161.671,4,4,0,over_50m,0,nearest_intersection_candidate
464,2,4093,-97.726566,30.392673,655.076,161.671,3,3,0,over_50m,0,nearest_intersection_candidate
464,3,3603,-97.717279,30.402168,830.237,161.671,3,3,0,over_50m,0,nearest_intersection_candidate
465,1,2989,-97.737524,30.194831,727.704,18.189,3,3,0,over_50m,0,nearest_intersection_candidate
465,2,2992,-97.738624,30.193114,745.893,18.189,3,3,0,over_50m,0,nearest_intersection_candidate
465,3,2993,-97.740932,30.189512,960.31,18.189,3,3,0,over_50m,0,nearest_intersection_candidate
466,1,4093,-97.726566,30.392673,97.352,326.352,3,3,0,over_50m,0,nearest_intersection_candidate
466,2,4097,-97.721548,30.390878,423.704,326.352,4,4,0,over_50m,0,nearest_intersection_candidate
466,3,4087,-97.732061,30.39547,708.354,326.352,4,3,0,over_50m,0,nearest_intersection_candidate
467,1,4386,-97.674626,30.376399,110.31,20.261,4,3,0,over_50m,0,nearest_intersection_candidate
467,2,4471,-97.676904,30.377232,130.572,20.261,4,3,0,over_50m,0,nearest_intersection_candidate
467,3,4388,-97.677561,30.376232,205.819,20.261,3,1,0,over_50m,0,nearest_intersection_candidate
469,1,4377,-97.686121,30.381612,43.186,937.552,4,4,1,provisional_spatial_candidate,0,nearest_intersection_candidate
469,2,4446,-97.695512,30.385886,980.739,937.552,3,3,0,provisional_spatial_candidate,0,nearest_intersection_candidate
469,3,4471,-97.676904,30.377232,1047.952,937.552,4,3,0,provisional_spatial_candidate,0,nearest_intersection_candidate
470,1,3564,-97.71447,30.337808,6.118,368.634,4,4,1,provisional_spatial_candidate,0,nearest_intersection_candidate
470,2,3518,-97.717832,30.339446,374.752,368.634,3,3,0,provisional_spatial_candidate,0,nearest_intersection_candidate
470,3,2841,-97.719007,30.337559,442.246,368.634,3,3,0,provisional_spatial_candidate,0,nearest_intersection_candidate
471,1,3519,-97.714928,30.343924,6.556,282.102,5,4,1,provisional_spatial_candidate,0,nearest_intersection_candidate
471,2,3531,-97.712899,30.345859,288.658,282.102,3,1,0,provisional_spatial_candidate,0,nearest_intersection_candidate
471,3,3533,-97.71365,30.346392,297.151,282.102,4,3,0,provisional_spatial_candidate,0,nearest_intersection_candidate
472,1,3167,-97.748791,30.264429,129.769,67.465,3,3,0,over_50m,0,nearest_intersection_candidate
472,2,3047,-97.747649,30.264089,197.234,67.465,4,4,0,over_50m,0,nearest_intersection_candidate
472,3,3024,-97.746287,30.267783,338.26,67.465,4,4,0,over_50m,0,nearest_intersection_candidate
473,1,3530,-97.708959,30.350592,442.625,257.837,4,3,0,over_50m,0,nearest_intersection_candidate
473,2,4416,-97.712449,30.351092,700.463,257.837,3,1,0,over_50m,0,nearest_intersection_candidate
473,3,3586,-97.712893,30.352576,701.755,257.837,3,2,0,over_50m,0,nearest_intersection_candidate
474,1,4401,-97.699778,30.35748,36.955,619.593,3,3,1,provisional_spatial_candidate,0,nearest_intersection_candidate
474,2,4406,-97.696762,30.362796,656.548,619.593,4,4,0,provisional_spatial_candidate,0,nearest_intersection_candidate
474,3,4403,-97.693354,30.360618,727.635,619.593,3,3,0,provisional_spatial_candidate,0,nearest_intersection_candidate
475,1,4406,-97.696762,30.362796,45.666,155.577,4,4,1,provisional_spatial_candidate,0,nearest_intersection_candidate
475,2,4408,-97.695756,30.364583,201.244,155.577,3,3,0,provisional_spatial_candidate,0,nearest_intersection_candidate
475,3,4403,-97.693354,30.360618,449.994,155.577,3,3,0,provisional_spatial_candidate,0,nearest_intersection_candidate
476,1,4408,-97.695756,30.364583,39.522,202.436,3,3,1,provisional_spatial_candidate,0,nearest_intersection_candidate
476,2,4406,-97.696762,30.362796,241.958,202.436,4,4,0,provisional_spatial_candidate,0,nearest_intersection_candidate
476,3,4412,-97.700722,30.366853,503.93,202.436,3,3,0,provisional_spatial_candidate,0,nearest_intersection_candidate
477,1,4377,-97.686121,30.381612,274.834,755.662,4,4,0,over_50m,0,nearest_intersection_candidate
477,2,4446,-97.695512,30.385886,1030.495,755.662,3,3,0,over_50m,0,nearest_intersection_candidate
477,3,4388,-97.677561,30.376232,1038.33,755.662,3,1,0,over_50m,0,nearest_intersection_candidate
478,1,4438,-97.684078,30.355683,39.832,174.628,3,3,1,provisional_spatial_candidate,0,nearest_intersection_candidate
478,2,4442,-97.682544,30.35481,214.46,174.628,3,3,0,provisional_spatial_candidate,0,nearest_intersection_candidate
478,3,4436,-97.686743,30.357307,275.127,174.628,4,3,0,provisional_spatial_candidate,0,nearest_intersection_candidate
479,1,4398,-97.709533,30.361855,67.922,232.804,3,3,0,over_50m,0,nearest_intersection_candidate
479,2,4433,-97.712885,30.363468,300.726,232.804,3,3,0,over_50m,0,nearest_intersection_candidate
479,3,3539,-97.713526,30.363776,371.105,232.804,3,3,0,over_50m,0,nearest_intersection_candidate
480,1,4428,-97.706184,30.367433,6.629,191.238,4,4,1,provisional_spatial_candidate,0,nearest_intersection_candidate
480,2,4429,-97.705431,30.36904,197.867,191.238,4,4,0,provisional_spatial_candidate,0,nearest_intersection_candidate
480,3,3541,-97.710381,30.369203,444.323,191.238,3,3,0,provisional_spatial_candidate,0,nearest_intersection_candidate
481,1,4429,-97.705431,30.36904,24.327,188.269,4,4,1,provisional_spatial_candidate,0,nearest_intersection_candidate
481,2,4428,-97.706184,30.367433,212.596,188.269,4,4,0,provisional_spatial_candidate,0,nearest_intersection_candidate
481,3,4432,-97.709336,30.37087,409.858,188.269,3,3,0,provisional_spatial_candidate,0,nearest_intersection_candidate
482,1,3593,-97.715741,30.380427,31.888,407.071,4,4,1,provisional_spatial_candidate,0,nearest_intersection_candidate
482,2,3594,-97.713133,30.383761,438.959,407.071,3,3,0,provisional_spatial_candidate,0,nearest_intersection_candidate
482,3,3965,-97.719473,30.375104,703.221,407.071,3,3,0,provisional_spatial_candidate,0,nearest_intersection_candidate
483,1,4444,-97.707934,30.392076,439.721,173.127,4,4,0,over_50m,0,nearest_intersection_candidate
483,2,3594,-97.713133,30.383761,612.848,173.127,3,3,0,over_50m,0,nearest_intersection_candidate
483,3,3593,-97.715741,30.380427,1057.096,173.127,4,4,0,over_50m,0,nearest_intersection_candidate
484,1,4447,-97.704036,30.39811,42.903,246.606,3,3,1,provisional_spatial_candidate,0,nearest_intersection_candidate
484,2,4448,-97.702582,30.400335,289.51,246.606,3,3,0,provisional_spatial_candidate,0,nearest_intersection_candidate
484,3,4452,-97.707452,30.400311,366.834,246.606,3,3,0,provisional_spatial_candidate,0,nearest_intersection_candidate
485,1,4377,-97.686121,30.381612,338.19,682.123,4,4,0,over_50m,0,nearest_intersection_candidate
485,2,4446,-97.695512,30.385886,1020.314,682.123,3,3,0,over_50m,0,nearest_intersection_candidate
485,3,4463,-97.674249,30.384349,1031.2,682.123,3,1,0,over_50m,0,nearest_intersection_candidate
486,1,4412,-97.700722,30.366853,18.871,203.03,3,3,1,provisional_spatial_candidate,0,nearest_intersection_candidate
486,2,4430,-97.701594,30.365189,221.901,203.03,3,3,0,provisional_spatial_candidate,0,nearest_intersection_candidate
486,3,4429,-97.705431,30.36904,513.282,203.03,4,4,0,provisional_spatial_candidate,0,nearest_intersection_candidate
487,1,4221,-97.700943,30.287403,37.553,299.492,3,3,1,provisional_spatial_candidate,0,nearest_intersection_candidate
487,2,4214,-97.698191,30.288941,337.045,299.492,4,4,0,provisional_spatial_candidate,0,nearest_intersection_candidate
487,3,4218,-97.706096,30.28608,487.99,299.492,4,4,0,provisional_spatial_candidate,0,nearest_intersection_candidate
488,1,4214,-97.698191,30.288941,37.235,259.917,4,4,1,provisional_spatial_candidate,0,nearest_intersection_candidate
488,2,4221,-97.700943,30.287403,297.152,259.917,3,3,0,provisional_spatial_candidate,0,nearest_intersection_candidate
488,3,4212,-97.699929,30.28288,702.956,259.917,3,3,0,provisional_spatial_candidate,0,nearest_intersection_candidate
489,1,4179,-97.681103,30.304233,40.994,403.344,4,4,1,provisional_spatial_candidate,0,nearest_intersection_candidate
489,2,4160,-97.685277,30.306617,444.337,403.344,4,4,0,provisional_spatial_candidate,0,nearest_intersection_candidate
489,3,4180,-97.684753,30.300804,531.919,403.344,3,3,0,provisional_spatial_candidate,0,nearest_intersection_candidate
490,1,4192,-97.666935,30.309821,33.942,208.728,4,4,1,provisional_spatial_candidate,0,nearest_intersection_candidate
490,2,4332,-97.669013,30.308585,242.67,208.728,3,3,0,provisional_spatial_candidate,0,nearest_intersection_candidate
490,3,7465,-97.66156,30.309415,541.608,208.728,3,2,0,provisional_spatial_candidate,0,nearest_intersection_candidate
491,1,4403,-97.693354,30.360618,24.076,365.193,3,3,1,provisional_spatial_candidate,0,nearest_intersection_candidate
491,2,4406,-97.696762,30.362796,389.268,365.193,4,4,0,provisional_spatial_candidate,0,nearest_intersection_candidate
491,3,4408,-97.695756,30.364583,474.374,365.193,3,3,0,provisional_spatial_candidate,0,nearest_intersection_candidate
492,1,4430,-97.701594,30.365189,16.46,175.199,3,3,1,provisional_spatial_candidate,0,nearest_intersection_candidate
492,2,4412,-97.700722,30.366853,191.659,175.199,3,3,0,provisional_spatial_candidate,0,nearest_intersection_candidate
492,3,4428,-97.706184,30.367433,493.716,175.199,4,4,0,provisional_spatial_candidate,0,nearest_intersection_candidate
493,1,1131,-97.716095,30.40912,6.672,123.032,4,3,1,provisional_spatial_candidate,0,nearest_intersection_candidate
493,2,1130,-97.715814,30.407919,129.704,123.032,4,3,0,provisional_spatial_candidate,0,nearest_intersection_candidate
493,3,4928,-97.713993,30.409441,205.982,123.032,3,2,0,provisional_spatial_candidate,0,nearest_intersection_candidate
495,1,4446,-97.695512,30.385886,420.606,715.81,3,3,0,over_50m,0,nearest_intersection_candidate
495,2,4377,-97.686121,30.381612,1136.416,715.81,4,4,0,over_50m,0,nearest_intersection_candidate
495,3,4367,-97.709878,30.376973,1314.469,715.81,3,3,0,over_50m,0,nearest_intersection_candidate
496,1,2846,-97.657961,30.211133,190.639,1.879,4,3,0,over_50m,0,nearest_intersection_candidate
496,2,2839,-97.657026,30.211935,192.518,1.879,4,2,0,over_50m,0,nearest_intersection_candidate
496,3,2908,-97.661824,30.213843,315.005,1.879,3,2,0,over_50m,0,nearest_intersection_candidate
497,1,6420,-97.687804,30.18304,24.418,50.281,4,3,1,provisional_spatial_candidate,0,nearest_intersection_candidate
497,2,6421,-97.687031,30.182452,74.699,50.281,4,3,0,provisional_spatial_candidate,0,nearest_intersection_candidate
497,3,6432,-97.689641,30.176458,739.796,50.281,3,2,0,provisional_spatial_candidate,0,nearest_intersection_candidate
499,1,2853,-97.716385,30.205211,826.73,327.055,3,3,0,over_50m,0,nearest_intersection_candidate
499,2,2904,-97.709216,30.211582,1153.785,327.055,3,1,0,over_50m,0,nearest_intersection_candidate
499,3,2900,-97.712535,30.211305,1169.472,327.055,4,3,0,over_50m,0,nearest_intersection_candidate
501,1,3440,-97.691138,30.218542,32.277,121.498,4,3,1,provisional_spatial_candidate,0,nearest_intersection_candidate
501,2,3443,-97.689629,30.219171,153.775,121.498,4,2,0,provisional_spatial_candidate,0,nearest_intersection_candidate
501,3,3444,-97.689988,30.217802,161.816,121.498,3,2,0,provisional_spatial_candidate,0,nearest_intersection_candidate
502,1,4209,-97.698626,30.30364,190.956,487.579,3,3,0,over_50m,0,nearest_intersection_candidate
502,2,4169,-97.696177,30.307503,678.535,487.579,3,3,0,over_50m,0,nearest_intersection_candidate
502,3,4227,-97.71103,30.305457,1127.422,487.579,4,2,0,over_50m,0,nearest_intersection_candidate
504,1,3208,-97.74392,30.215777,15.708,31.29,4,3,1,provisional_spatial_candidate,0,nearest_intersection_candidate
504,2,6133,-97.744266,30.216113,46.999,31.29,3,2,0,provisional_spatial_candidate,0,nearest_intersection_candidate
504,3,6132,-97.743531,30.216373,88.849,31.29,3,1,0,provisional_spatial_candidate,0,nearest_intersection_candidate
505,1,3114,-97.752281,30.216563,68.626,46.729,4,2,0,over_50m,0,nearest_intersection_candidate
505,2,3104,-97.75082,30.217618,115.354,46.729,3,2,0,over_50m,0,nearest_intersection_candidate
505,3,3102,-97.753438,30.216303,176.346,46.729,3,2,0,over_50m,0,nearest_intersection_candidate
506,1,3060,-97.750702,30.214749,100.783,22.162,4,2,0,over_50m,0,nearest_intersection_candidate
506,2,3063,-97.750057,30.215896,122.946,22.162,4,2,0,over_50m,0,nearest_intersection_candidate
506,3,3114,-97.752281,30.216563,152.222,22.162,4,2,0,over_50m,0,nearest_intersection_candidate
507,1,3005,-97.748112,30.223675,45.637,98.388,4,3,1,provisional_spatial_candidate,0,nearest_intersection_candidate
507,2,3003,-97.748085,30.222241,144.026,98.388,4,1,0,provisional_spatial_candidate,0,nearest_intersection_candidate
507,3,3031,-97.747469,30.221709,199.153,98.388,4,3,0,provisional_spatial_candidate,0,nearest_intersection_candidate
509,1,2901,-97.711892,30.212359,41.452,117.879,4,3,1,provisional_spatial_candidate,0,nearest_intersection_candidate
509,2,2900,-97.712535,30.211305,159.331,117.879,4,3,0,provisional_spatial_candidate,0,nearest_intersection_candidate
509,3,2906,-97.714752,30.212438,256.619,117.879,3,1,0,provisional_spatial_candidate,0,nearest_intersection_candidate
511,1,2329,-97.867275,30.199346,387.601,150.995,4,3,0,over_50m,0,nearest_intersection_candidate
511,2,2332,-97.865671,30.199122,538.596,150.995,4,3,0,over_50m,0,nearest_intersection_candidate
511,3,2333,-97.877747,30.200434,662.046,150.995,4,4,0,over_50m,0,nearest_intersection_candidate
512,1,3576,-97.695722,30.343175,402.871,52.855,3,2,0,over_50m,0,nearest_intersection_candidate
512,2,4253,-97.696741,30.341625,455.727,52.855,3,2,0,over_50m,0,nearest_intersection_candidate
512,3,7399,-97.694252,30.336889,557.553,52.855,3,1,0,over_50m,0,nearest_intersection_candidate
513,1,4377,-97.686121,30.381612,944.092,91.73,4,4,0,over_50m,0,nearest_intersection_candidate
513,2,4381,-97.68021,30.3722,1035.822,91.73,3,2,0,over_50m,0,nearest_intersection_candidate
513,3,4383,-97.678995,30.372571,1143.125,91.73,3,1,0,over_50m,0,nearest_intersection_candidate
514,1,4446,-97.695512,30.385886,34.594,1016.157,3,3,1,provisional_spatial_candidate,0,nearest_intersection_candidate
514,2,4377,-97.686121,30.381612,1050.751,1016.157,4,4,0,provisional_spatial_candidate,0,nearest_intersection_candidate
514,3,4444,-97.707934,30.392076,1343.416,1016.157,4,4,0,provisional_spatial_candidate,0,nearest_intersection_candidate
515,1,4377,-97.686121,30.381612,299.518,410.597,4,4,0,over_50m,0,nearest_intersection_candidate
515,2,4471,-97.676904,30.377232,710.115,410.597,4,3,0,over_50m,0,nearest_intersection_candidate
515,3,4388,-97.677561,30.376232,718.351,410.597,3,1,0,over_50m,0,nearest_intersection_candidate
516,1,4394,-97.669794,30.374144,85.716,243.675,3,3,0,over_50m,0,nearest_intersection_candidate
516,2,4385,-97.672028,30.375187,329.391,243.675,3,3,0,over_50m,0,nearest_intersection_candidate
516,3,4455,-97.665463,30.372294,378.039,243.675,3,3,0,over_50m,0,nearest_intersection_candidate
517,1,5055,-97.703472,30.419963,10.757,114.563,5,3,1,provisional_spatial_candidate,0,nearest_intersection_candidate
517,2,5080,-97.704598,30.420687,125.32,114.563,5,4,0,provisional_spatial_candidate,0,nearest_intersection_candidate
517,3,5067,-97.704653,30.418503,193.366,114.563,3,2,0,provisional_spatial_candidate,0,nearest_intersection_candidate
519,1,1133,-97.677913,30.407524,47.053,215.719,4,4,1,provisional_spatial_candidate,0,nearest_intersection_candidate
519,2,1174,-97.675483,30.40787,262.772,215.719,4,3,0,provisional_spatial_candidate,0,nearest_intersection_candidate
519,3,1178,-97.674045,30.406589,424.571,215.719,3,2,0,provisional_spatial_candidate,0,nearest_intersection_candidate
520,1,5058,-97.695554,30.415585,42.169,306.801,4,4,1,provisional_spatial_candidate,0,nearest_intersection_candidate
520,2,5087,-97.692765,30.414228,348.971,306.801,3,3,0,provisional_spatial_candidate,0,nearest_intersection_candidate
520,3,1228,-97.695637,30.410299,613.347,306.801,3,3,0,provisional_spatial_candidate,0,nearest_intersection_candidate
521,1,2992,-97.738624,30.193114,27.217,195.345,3,3,1,provisional_spatial_candidate,0,nearest_intersection_candidate
521,2,2989,-97.737524,30.194831,222.561,195.345,3,3,0,provisional_spatial_candidate,0,nearest_intersection_candidate
521,3,2993,-97.740932,30.189512,455.984,195.345,3,3,0,provisional_spatial_candidate,0,nearest_intersection_candidate
522,1,5043,-97.676866,30.434743,595.588,18.591,3,3,0,over_50m,0,nearest_intersection_candidate
522,2,6571,-97.684539,30.43062,614.179,18.591,3,3,0,over_50m,0,nearest_intersection_candidate
522,3,5035,-97.676284,30.426695,1210.881,18.591,4,4,0,over_50m,0,nearest_intersection_candidate
523,1,4138,-97.745409,30.400346,276.934,47.702,5,4,0,over_50m,0,nearest_intersection_candidate
523,2,4144,-97.73943,30.399079,324.636,47.702,3,3,0,over_50m,0,nearest_intersection_candidate
523,3,4080,-97.745793,30.399251,333.27,47.702,3,1,0,over_50m,0,nearest_intersection_candidate
524,1,5055,-97.703472,30.419963,160.2,80.145,5,3,0,over_50m,0,nearest_intersection_candidate
524,2,5067,-97.704653,30.418503,240.344,80.145,3,2,0,over_50m,0,nearest_intersection_candidate
524,3,5072,-97.704969,30.418708,266.042,80.145,3,1,0,over_50m,0,nearest_intersection_candidate
525,1,4087,-97.732061,30.39547,6.478,142.048,4,3,1,provisional_spatial_candidate,0,nearest_intersection_candidate
525,2,4083,-97.73329,30.394612,148.526,142.048,3,1,0,provisional_spatial_candidate,0,nearest_intersection_candidate
525,3,4092,-97.733467,30.396168,149.193,142.048,4,3,0,provisional_spatial_candidate,0,nearest_intersection_candidate
527,1,4455,-97.665463,30.372294,30.452,230.931,3,3,1,provisional_spatial_candidate,0,nearest_intersection_candidate
527,2,4393,-97.663247,30.3734,261.382,230.931,3,3,0,provisional_spatial_candidate,0,nearest_intersection_candidate
527,3,4394,-97.669794,30.374144,433.316,230.931,3,3,0,provisional_spatial_candidate,0,nearest_intersection_candidate
529,1,4475,-97.674571,30.399285,147.301,11.007,3,2,0,over_50m,0,nearest_intersection_candidate
529,2,4468,-97.671595,30.398475,158.308,11.007,4,3,0,over_50m,0,nearest_intersection_candidate
529,3,6663,-97.673839,30.397672,182.262,11.007,3,2,0,over_50m,0,nearest_intersection_candidate
530,1,2316,-97.831908,30.237141,363.782,4.513,3,2,0,over_50m,0,nearest_intersection_candidate
530,2,2495,-97.830217,30.236772,368.295,4.513,3,1,0,over_50m,0,nearest_intersection_candidate
530,3,2494,-97.830177,30.236495,399.148,4.513,4,2,0,over_50m,0,nearest_intersection_candidate
531,1,2349,-97.888438,30.247218,16.797,966.377,3,3,1,provisional_spatial_candidate,0,nearest_intersection_candidate
531,2,2353,-97.890434,30.25574,983.174,966.377,3,3,0,provisional_spatial_candidate,0,nearest_intersection_candidate
531,3,2351,-97.877965,30.236775,1524.079,966.377,4,3,0,provisional_spatial_candidate,0,nearest_intersection_candidate
532,1,2287,-97.849577,30.183334,951.398,446.433,4,4,0,over_50m,0,nearest_intersection_candidate
532,2,2332,-97.865671,30.199122,1397.831,446.433,4,3,0,over_50m,0,nearest_intersection_candidate
532,3,2329,-97.867275,30.199346,1514.62,446.433,4,3,0,over_50m,0,nearest_intersection_candidate
533,1,2406,-97.833872,30.176355,27.247,685.352,3,3,1,provisional_spatial_candidate,0,nearest_intersection_candidate
533,2,6579,-97.840814,30.179085,712.599,685.352,3,3,0,provisional_spatial_candidate,0,nearest_intersection_candidate
533,3,2386,-97.823559,30.173459,1061.136,685.352,4,4,0,provisional_spatial_candidate,0,nearest_intersection_candidate
534,1,2853,-97.716385,30.205211,43.862,695.359,3,3,1,provisional_spatial_candidate,0,nearest_intersection_candidate
534,2,2903,-97.714789,30.212026,739.222,695.359,3,2,0,provisional_spatial_candidate,0,nearest_intersection_candidate
534,3,2911,-97.717869,30.212168,744.64,695.359,3,1,0,provisional_spatial_candidate,0,nearest_intersection_candidate
535,1,4473,-97.67888,30.401546,38.399,364.539,3,3,1,provisional_spatial_candidate,0,nearest_intersection_candidate
535,2,4476,-97.67596,30.404124,402.938,364.539,3,1,0,provisional_spatial_candidate,0,nearest_intersection_candidate
535,3,1176,-97.675161,30.403298,419.591,364.539,3,2,0,provisional_spatial_candidate,0,nearest_intersection_candidate
536,1,2675,-97.79694,30.365612,52.372,528.074,3,3,0,over_50m,0,nearest_intersection_candidate
536,2,2677,-97.801644,30.369555,580.446,528.074,3,3,0,over_50m,0,nearest_intersection_candidate
536,3,2686,-97.790418,30.363111,737.122,528.074,3,1,0,over_50m,0,nearest_intersection_candidate
538,1,1174,-97.675483,30.40787,29.932,166.619,4,3,1,provisional_spatial_candidate,0,nearest_intersection_candidate
538,2,1178,-97.674045,30.406589,196.551,166.619,3,2,0,provisional_spatial_candidate,0,nearest_intersection_candidate
538,3,1180,-97.673112,30.407529,210.802,166.619,4,3,0,provisional_spatial_candidate,0,nearest_intersection_candidate
539,1,1228,-97.695637,30.410299,46.434,274.849,3,3,1,provisional_spatial_candidate,0,nearest_intersection_candidate
539,2,1172,-97.696596,30.407968,321.283,274.849,3,3,0,provisional_spatial_candidate,0,nearest_intersection_candidate
539,3,5087,-97.692765,30.414228,472.54,274.849,3,3,0,provisional_spatial_candidate,0,nearest_intersection_candidate
540,1,4534,-97.638272,30.40338,33.544,43.903,3,3,1,provisional_spatial_candidate,0,nearest_intersection_candidate
540,2,1235,-97.637802,30.40409,77.447,43.903,3,3,0,provisional_spatial_candidate,0,nearest_intersection_candidate
540,3,1138,-97.634956,30.401773,392.985,43.903,3,3,0,provisional_spatial_candidate,0,nearest_intersection_candidate
541,1,1173,-97.67463,30.412293,338.44,53.568,3,2,0,over_50m,0,nearest_intersection_candidate
541,2,1133,-97.677913,30.407524,392.008,53.568,4,4,0,over_50m,0,nearest_intersection_candidate
541,3,1174,-97.675483,30.40787,420.146,53.568,4,3,0,over_50m,0,nearest_intersection_candidate
542,1,2287,-97.849577,30.183334,643.459,914.323,4,4,0,over_50m,0,nearest_intersection_candidate
542,2,2414,-97.842094,30.195122,1557.782,914.323,4,4,0,over_50m,0,nearest_intersection_candidate
542,3,6579,-97.840814,30.179085,1607.034,914.323,3,3,0,over_50m,0,nearest_intersection_candidate
543,1,3067,-97.769235,30.226916,3.934,92.508,4,3,1,provisional_spatial_candidate,0,nearest_intersection_candidate
543,2,3094,-97.769714,30.226116,96.442,92.508,4,3,0,provisional_spatial_candidate,0,nearest_intersection_candidate
543,3,3100,-97.76808,30.226387,124.337,92.508,3,2,0,provisional_spatial_candidate,0,nearest_intersection_candidate
545,1,1799,-97.778887,30.228138,22.653,39.473,4,3,1,provisional_spatial_candidate,0,nearest_intersection_candidate
545,2,1725,-97.778749,30.227656,62.126,39.473,3,2,0,provisional_spatial_candidate,0,nearest_intersection_candidate
545,3,1726,-97.779343,30.227437,78.135,39.473,4,3,0,provisional_spatial_candidate,0,nearest_intersection_candidate
547,1,2533,-97.788003,30.230378,5.382,80.156,5,4,1,provisional_spatial_candidate,0,nearest_intersection_candidate
547,2,1727,-97.788895,30.230105,85.538,80.156,3,2,0,provisional_spatial_candidate,0,nearest_intersection_candidate
547,3,2541,-97.788557,30.229617,95.665,80.156,4,4,0,provisional_spatial_candidate,0,nearest_intersection_candidate
549,1,3429,-97.707712,30.226793,32.782,482.01,4,4,1,provisional_spatial_candidate,0,nearest_intersection_candidate
549,2,3435,-97.703324,30.22465,514.792,482.01,4,4,0,provisional_spatial_candidate,0,nearest_intersection_candidate
549,3,3433,-97.700876,30.223624,775.55,482.01,3,3,0,provisional_spatial_candidate,0,nearest_intersection_candidate
550,1,3435,-97.703324,30.22465,33.215,252.698,4,4,1,provisional_spatial_candidate,0,nearest_intersection_candidate
550,2,3433,-97.700876,30.223624,285.913,252.698,3,3,0,provisional_spatial_candidate,0,nearest_intersection_candidate
550,3,3429,-97.707712,30.226793,459.831,252.698,4,4,0,provisional_spatial_candidate,0,nearest_intersection_candidate
551,1,3434,-97.698552,30.23204,146.755,651.666,3,3,0,over_50m,0,nearest_intersection_candidate
551,2,3435,-97.703324,30.22465,798.421,651.666,4,4,0,over_50m,0,nearest_intersection_candidate
551,3,3433,-97.700876,30.223624,835.873,651.666,3,3,0,over_50m,0,nearest_intersection_candidate
552,1,3421,-97.689641,30.240805,652.235,32.998,4,3,0,over_50m,0,nearest_intersection_candidate
552,2,7255,-97.689364,30.240981,685.233,32.998,4,3,0,over_50m,0,nearest_intersection_candidate
552,3,3434,-97.698552,30.23204,688.276,32.998,3,3,0,over_50m,0,nearest_intersection_candidate
553,1,2884,-97.710248,30.214782,29.292,306.11,3,3,1,provisional_spatial_candidate,0,nearest_intersection_candidate
553,2,2901,-97.711892,30.212359,335.402,306.11,4,3,0,provisional_spatial_candidate,0,nearest_intersection_candidate
553,3,2905,-97.709253,30.212058,346.64,306.11,3,2,0,provisional_spatial_candidate,0,nearest_intersection_candidate
554,1,2304,-97.845643,30.21668,36.394,569.764,4,4,1,provisional_spatial_candidate,0,nearest_intersection_candidate
554,2,2320,-97.850916,30.213597,606.158,569.764,3,3,0,provisional_spatial_candidate,0,nearest_intersection_candidate
554,3,2292,-97.838693,30.217492,696.341,569.764,3,1,0,provisional_spatial_candidate,0,nearest_intersection_candidate
555,1,3176,-97.7367,30.232103,29.523,100.01,4,4,1,provisional_spatial_candidate,0,nearest_intersection_candidate
555,2,3181,-97.735892,30.231527,129.532,100.01,3,3,0,provisional_spatial_candidate,0,nearest_intersection_candidate
555,3,3213,-97.739706,30.233297,292.187,100.01,4,3,0,provisional_spatial_candidate,0,nearest_intersection_candidate
556,1,3395,-97.698218,30.191629,44.232,1379.523,4,4,1,provisional_spatial_candidate,0,nearest_intersection_candidate
556,2,6420,-97.687804,30.18304,1423.755,1379.523,4,3,0,provisional_spatial_candidate,0,nearest_intersection_candidate
556,3,6418,-97.684306,30.198005,1509.112,1379.523,4,3,0,provisional_spatial_candidate,0,nearest_intersection_candidate
557,1,2349,-97.888438,30.247218,637.973,109.017,3,3,0,over_50m,0,nearest_intersection_candidate
557,2,2353,-97.890434,30.25574,746.99,109.017,3,3,0,over_50m,0,nearest_intersection_candidate
557,3,2229,-97.888867,30.262313,1474.434,109.017,4,4,0,over_50m,0,nearest_intersection_candidate
558,1,2386,-97.823559,30.173459,1207.518,201.081,4,4,0,over_50m,0,nearest_intersection_candidate
558,2,2406,-97.833872,30.176355,1408.599,201.081,3,3,0,over_50m,0,nearest_intersection_candidate
558,3,1708,-97.832825,30.149554,1644.116,201.081,3,3,0,over_50m,0,nearest_intersection_candidate
559,1,3547,-97.714146,30.300591,590.096,3.155,3,2,0,over_50m,0,nearest_intersection_candidate
559,2,3550,-97.713922,30.300939,593.252,3.155,4,3,0,over_50m,0,nearest_intersection_candidate
559,3,3549,-97.715272,30.29968,646.469,3.155,3,1,0,over_50m,0,nearest_intersection_candidate
560,1,4228,-97.709155,30.308695,287.925,46.45,4,3,0,over_50m,0,nearest_intersection_candidate
560,2,4154,-97.708063,30.31019,334.375,46.45,4,2,0,over_50m,0,nearest_intersection_candidate
560,3,4162,-97.709705,30.310559,458.718,46.45,3,2,0,over_50m,0,nearest_intersection_candidate
561,1,6418,-97.684306,30.198005,37.162,52.728,4,3,1,provisional_spatial_candidate,0,nearest_intersection_candidate
561,2,6419,-97.683302,30.197906,89.889,52.728,3,2,0,provisional_spatial_candidate,0,nearest_intersection_candidate
561,3,3395,-97.698218,30.191629,1544.587,52.728,4,4,0,provisional_spatial_candidate,0,nearest_intersection_candidate
562,1,5987,-97.625057,30.371366,1249.152,322.992,4,4,0,over_50m,0,nearest_intersection_candidate
562,2,2809,-97.648404,30.38679,1572.144,322.992,4,4,0,over_50m,0,nearest_intersection_candidate
562,3,2842,-97.64909,30.387485,1671.801,322.992,3,3,0,over_50m,0,nearest_intersection_candidate
563,1,6579,-97.840814,30.179085,27.96,730.974,3,3,1,provisional_spatial_candidate,0,nearest_intersection_candidate
563,2,2406,-97.833872,30.176355,758.934,730.974,3,3,0,provisional_spatial_candidate,0,nearest_intersection_candidate
563,3,2287,-97.849577,30.183334,939.233,730.974,4,4,0,provisional_spatial_candidate,0,nearest_intersection_candidate
564,1,2344,-97.861604,30.20827,748.305,48.459,3,3,0,over_50m,0,nearest_intersection_candidate
564,2,6632,-97.876247,30.211877,796.764,48.459,3,3,0,over_50m,0,nearest_intersection_candidate
564,3,2343,-97.860569,30.207564,847.071,48.459,3,2,0,over_50m,0,nearest_intersection_candidate
565,1,2919,-97.768677,30.183475,34.776,328.141,4,4,1,provisional_spatial_candidate,0,nearest_intersection_candidate
565,2,2966,-97.772304,30.185189,362.917,328.141,3,2,0,provisional_spatial_candidate,0,nearest_intersection_candidate
565,3,2964,-97.771021,30.18712,432.234,328.141,3,2,0,provisional_spatial_candidate,0,nearest_intersection_candidate
568,1,2801,-97.686804,30.278712,36.62,212.436,4,4,1,provisional_spatial_candidate,0,nearest_intersection_candidate
568,2,2838,-97.684679,30.278018,249.056,212.436,3,3,0,provisional_spatial_candidate,0,nearest_intersection_candidate
568,3,2802,-97.688679,30.275847,383.516,212.436,3,3,0,provisional_spatial_candidate,0,nearest_intersection_candidate
569,1,4166,-97.711244,30.30652,200.205,16.523,3,2,0,over_50m,0,nearest_intersection_candidate
569,2,4228,-97.709155,30.308695,216.728,16.523,4,3,0,over_50m,0,nearest_intersection_candidate
569,3,4227,-97.71103,30.305457,228.595,16.523,4,2,0,over_50m,0,nearest_intersection_candidate
570,1,2421,-97.788279,30.166962,256.371,110.347,3,3,0,over_50m,0,nearest_intersection_candidate
570,2,2427,-97.787129,30.166939,366.717,110.347,4,3,0,over_50m,0,nearest_intersection_candidate
570,3,2424,-97.788333,30.163204,509.381,110.347,3,1,0,over_50m,0,nearest_intersection_candidate
571,1,6632,-97.876247,30.211877,30.902,1226.876,3,3,1,provisional_spatial_candidate,0,nearest_intersection_candidate
571,2,2333,-97.877747,30.200434,1257.778,1226.876,4,4,0,provisional_spatial_candidate,0,nearest_intersection_candidate
571,3,2344,-97.861604,30.20827,1480.033,1226.876,3,3,0,provisional_spatial_candidate,0,nearest_intersection_candidate
572,1,5987,-97.625057,30.371366,820.652,681.695,4,4,0,over_50m,0,nearest_intersection_candidate
572,2,4532,-97.629357,30.362644,1502.348,681.695,3,3,0,over_50m,0,nearest_intersection_candidate
572,3,4528,-97.615171,30.367186,1865.344,681.695,5,5,0,over_50m,0,nearest_intersection_candidate
573,1,6579,-97.840814,30.179085,219.982,293.461,3,3,0,over_50m,0,nearest_intersection_candidate
573,2,2406,-97.833872,30.176355,513.443,293.461,3,3,0,over_50m,0,nearest_intersection_candidate
573,3,2287,-97.849577,30.183334,1185.618,293.461,4,4,0,over_50m,0,nearest_intersection_candidate
574,1,2758,-97.765354,30.275212,63.278,90.642,6,4,0,over_50m,0,nearest_intersection_candidate
574,2,3152,-97.765701,30.27369,153.919,90.642,3,2,0,over_50m,0,nearest_intersection_candidate
574,3,3149,-97.766178,30.274037,157.632,90.642,3,2,0,over_50m,0,nearest_intersection_candidate
575,1,3907,-97.743632,30.324701,164.739,73.717,3,3,0,over_50m,0,nearest_intersection_candidate
575,2,3648,-97.744643,30.32521,238.456,73.717,4,4,0,over_50m,0,nearest_intersection_candidate
575,3,3884,-97.739362,30.325571,270.619,73.717,4,4,0,over_50m,0,nearest_intersection_candidate
576,1,3648,-97.744643,30.32521,53.433,109.068,4,4,0,over_50m,0,nearest_intersection_candidate
576,2,3907,-97.743632,30.324701,162.501,109.068,3,3,0,over_50m,0,nearest_intersection_candidate
576,3,3649,-97.748799,30.327344,415.853,109.068,3,3,0,over_50m,0,nearest_intersection_candidate
577,1,3649,-97.748799,30.327344,46.59,462.942,3,3,1,provisional_spatial_candidate,0,nearest_intersection_candidate
577,2,3648,-97.744643,30.32521,509.532,462.942,4,4,0,provisional_spatial_candidate,0,nearest_intersection_candidate
577,3,3907,-97.743632,30.324701,621.827,462.942,3,3,0,provisional_spatial_candidate,0,nearest_intersection_candidate
578,1,3734,-97.760369,30.333101,7.047,448.203,3,3,1,provisional_spatial_candidate,0,nearest_intersection_candidate
578,2,3757,-97.755817,30.334213,455.25,448.203,3,2,0,provisional_spatial_candidate,0,nearest_intersection_candidate
578,3,3753,-97.755401,30.332669,477.792,448.203,3,1,0,provisional_spatial_candidate,0,nearest_intersection_candidate
579,1,3747,-97.753085,30.320261,50.946,127.534,4,4,0,over_50m,0,nearest_intersection_candidate
579,2,3745,-97.755108,30.321342,178.481,127.534,4,3,0,over_50m,0,nearest_intersection_candidate
579,3,3627,-97.755785,30.319794,237.486,127.534,3,1,0,over_50m,0,nearest_intersection_candidate
580,1,3745,-97.755108,30.321342,29.875,133.414,4,3,1,provisional_spatial_candidate,0,nearest_intersection_candidate
580,2,3742,-97.756504,30.321456,163.289,133.414,3,2,0,provisional_spatial_candidate,0,nearest_intersection_candidate
580,3,3627,-97.755785,30.319794,185.078,133.414,3,1,0,provisional_spatial_candidate,0,nearest_intersection_candidate
581,1,3210,-97.734644,30.215704,24.432,7.194,4,3,0,ambiguous_nearby_nodes,0,nearest_intersection_candidate
581,2,3205,-97.735121,30.21579,31.626,7.194,3,1,0,ambiguous_nearby_nodes,0,nearest_intersection_candidate
581,3,6574,-97.73433,30.216217,85.634,7.194,3,3,0,ambiguous_nearby_nodes,0,nearest_intersection_candidate
583,1,3201,-97.733413,30.215227,19.187,6.123,3,2,0,ambiguous_nearby_nodes,0,nearest_intersection_candidate
583,2,3198,-97.733633,30.215543,25.311,6.123,3,2,0,ambiguous_nearby_nodes,0,nearest_intersection_candidate
583,3,2910,-97.73356,30.21491,55.812,6.123,3,1,0,ambiguous_nearby_nodes,0,nearest_intersection_candidate
585,1,4228,-97.709155,30.308695,344.002,0.432,4,3,0,over_50m,0,nearest_intersection_candidate
585,2,4227,-97.71103,30.305457,344.434,0.432,4,2,0,over_50m,0,nearest_intersection_candidate
585,3,4166,-97.711244,30.30652,365.892,0.432,3,2,0,over_50m,0,nearest_intersection_candidate
586,1,3855,-97.726099,30.278674,104.103,154.469,3,3,0,over_50m,0,nearest_intersection_candidate
586,2,3861,-97.727813,30.278853,258.572,154.469,3,1,0,over_50m,0,nearest_intersection_candidate
586,3,2793,-97.727442,30.280392,263.713,154.469,4,3,0,over_50m,0,nearest_intersection_candidate
587,1,2564,-97.792418,30.232393,97.646,80.33,3,2,0,over_50m,0,nearest_intersection_candidate
587,2,2540,-97.793235,30.232583,177.976,80.33,3,1,0,over_50m,0,nearest_intersection_candidate
587,3,2531,-97.789878,30.230355,240.622,80.33,4,3,0,over_50m,0,nearest_intersection_candidate
589,1,5032,-97.695558,30.443281,388.243,6.829,3,1,0,over_50m,0,nearest_intersection_candidate
589,2,5036,-97.695857,30.440054,395.072,6.829,3,3,0,over_50m,0,nearest_intersection_candidate
589,3,5031,-97.696581,30.440033,460.266,6.829,4,3,0,over_50m,0,nearest_intersection_candidate
590,1,4280,-97.706824,30.322574,72.39,33.239,3,1,0,over_50m,0,nearest_intersection_candidate
590,2,4279,-97.705048,30.323022,105.629,33.239,4,2,0,over_50m,0,nearest_intersection_candidate
590,3,4251,-97.70584,30.323866,131.331,33.239,3,1,0,over_50m,0,nearest_intersection_candidate
595,1,4304,-97.702825,30.332062,102.166,34.952,4,3,0,over_50m,0,nearest_intersection_candidate
595,2,4296,-97.705022,30.333057,137.117,34.952,4,3,0,over_50m,0,nearest_intersection_candidate
595,3,4298,-97.703324,30.334184,182.175,34.952,3,2,0,over_50m,0,nearest_intersection_candidate
596,1,4411,-97.688887,30.35837,33.421,179.661,4,3,1,provisional_spatial_candidate,0,nearest_intersection_candidate
596,2,4436,-97.686743,30.357307,213.082,179.661,4,3,0,provisional_spatial_candidate,0,nearest_intersection_candidate
596,3,4403,-97.693354,30.360618,521.779,179.661,3,3,0,provisional_spatial_candidate,0,nearest_intersection_candidate
598,1,4455,-97.665463,30.372294,321.899,192.276,3,3,0,over_50m,0,nearest_intersection_candidate
598,2,4394,-97.669794,30.374144,514.175,192.276,3,3,0,over_50m,0,nearest_intersection_candidate
598,3,4393,-97.663247,30.3734,556.169,192.276,3,3,0,over_50m,0,nearest_intersection_candidate
599,1,3398,-97.660261,30.166184,1256.447,8.819,3,3,0,over_50m,0,nearest_intersection_candidate
599,2,2813,-97.65984,30.166537,1265.266,8.819,3,3,0,over_50m,0,nearest_intersection_candidate
599,3,6431,-97.68886,30.176262,1794.458,8.819,3,2,0,over_50m,0,nearest_intersection_candidate
600,1,4448,-97.702582,30.400335,375.638,273.456,3,3,0,over_50m,0,nearest_intersection_candidate
600,2,1172,-97.696596,30.407968,649.094,273.456,3,3,0,over_50m,0,nearest_intersection_candidate
600,3,4447,-97.704036,30.39811,658.893,273.456,3,3,0,over_50m,0,nearest_intersection_candidate
602,1,4709,-97.790726,30.448452,30.314,71.808,4,3,1,provisional_spatial_candidate,0,nearest_intersection_candidate
602,2,4736,-97.789883,30.448693,102.123,71.808,4,3,0,provisional_spatial_candidate,0,nearest_intersection_candidate
602,3,4622,-97.790151,30.4478,121.213,71.808,3,1,0,provisional_spatial_candidate,0,nearest_intersection_candidate
604,1,4710,-97.794397,30.460829,39.236,64.305,5,4,1,provisional_spatial_candidate,0,nearest_intersection_candidate
604,2,4708,-97.793506,30.461121,103.541,64.305,5,3,0,provisional_spatial_candidate,0,nearest_intersection_candidate
604,3,4723,-97.794735,30.462731,177.265,64.305,3,1,0,provisional_spatial_candidate,0,nearest_intersection_candidate
605,1,2311,-97.841448,30.223141,244.954,36.86,4,4,0,over_50m,0,nearest_intersection_candidate
605,2,2501,-97.836875,30.220703,281.814,36.86,6,4,0,over_50m,0,nearest_intersection_candidate
605,3,2497,-97.835212,30.222202,368.813,36.86,3,1,0,over_50m,0,nearest_intersection_candidate
606,1,4659,-97.809721,30.475362,291.415,159.917,3,3,0,over_50m,0,nearest_intersection_candidate
606,2,4666,-97.803249,30.479035,451.332,159.917,4,3,0,over_50m,0,nearest_intersection_candidate
606,3,4670,-97.80205,30.479756,591.342,159.917,4,3,0,over_50m,0,nearest_intersection_candidate
607,1,4960,-97.759057,30.429501,3.531,76.465,3,2,1,provisional_spatial_candidate,0,nearest_intersection_candidate
607,2,4963,-97.75948,30.428854,79.996,76.465,4,3,0,provisional_spatial_candidate,0,nearest_intersection_candidate
607,3,4994,-97.758205,30.428565,129.132,76.465,3,1,0,provisional_spatial_candidate,0,nearest_intersection_candidate
608,1,4667,-97.798471,30.471311,353.574,60.898,4,3,0,over_50m,0,nearest_intersection_candidate
608,2,4668,-97.79779,30.471494,414.472,60.898,4,3,0,over_50m,0,nearest_intersection_candidate
608,3,4733,-97.797871,30.469975,460.669,60.898,3,1,0,over_50m,0,nearest_intersection_candidate
609,1,4952,-97.746261,30.418766,41.318,51.854,4,3,1,provisional_spatial_candidate,0,nearest_intersection_candidate
609,2,4951,-97.747206,30.418581,93.172,51.854,4,3,0,provisional_spatial_candidate,0,nearest_intersection_candidate
609,3,1128,-97.745701,30.415637,391.84,51.854,3,2,0,provisional_spatial_candidate,0,nearest_intersection_candidate
610,1,4408,-97.695756,30.364583,328.598,220.19,3,3,0,over_50m,0,nearest_intersection_candidate
610,2,4406,-97.696762,30.362796,548.788,220.19,4,4,0,over_50m,0,nearest_intersection_candidate
610,3,4412,-97.700722,30.366853,591.198,220.19,3,3,0,over_50m,0,nearest_intersection_candidate
611,1,1160,-97.747856,30.407781,1.736,213.175,4,4,1,provisional_spatial_candidate,0,nearest_intersection_candidate
611,2,1162,-97.745632,30.407968,214.91,213.175,4,3,0,provisional_spatial_candidate,0,nearest_intersection_candidate
611,3,1127,-97.744691,30.407847,304.344,213.175,3,2,0,provisional_spatial_candidate,0,nearest_intersection_candidate
612,1,2316,-97.831908,30.237141,356.452,49.681,3,2,0,over_50m,0,nearest_intersection_candidate
612,2,7422,-97.832183,30.236591,406.133,49.681,3,1,0,over_50m,0,nearest_intersection_candidate
612,3,2314,-97.832664,30.23635,423.057,49.681,3,1,0,over_50m,0,nearest_intersection_candidate
613,1,4271,-97.701136,30.315419,58.382,192.816,3,3,0,over_50m,0,nearest_intersection_candidate
613,2,4255,-97.69931,30.316998,251.197,192.816,4,4,0,over_50m,0,nearest_intersection_candidate
613,3,4284,-97.702235,30.31821,274.803,192.816,3,3,0,over_50m,0,nearest_intersection_candidate
614,1,3344,-97.737169,30.265257,95.202,79.047,4,4,0,over_50m,0,nearest_intersection_candidate
614,2,3349,-97.736052,30.264355,174.249,79.047,4,1,0,over_50m,0,nearest_intersection_candidate
614,3,3350,-97.735859,30.264848,191.754,79.047,4,3,0,over_50m,0,nearest_intersection_candidate
615,1,4062,-97.726433,30.372402,53.888,85.651,4,3,0,over_50m,0,nearest_intersection_candidate
615,2,3974,-97.726007,30.374072,139.54,85.651,4,3,0,over_50m,0,nearest_intersection_candidate
615,3,3963,-97.727672,30.374806,242.334,85.651,3,1,0,over_50m,0,nearest_intersection_candidate
616,1,2893,-97.745062,30.213391,41.682,244.645,3,3,1,provisional_spatial_candidate,0,nearest_intersection_candidate
616,2,3061,-97.746356,30.215717,286.327,244.645,3,2,0,provisional_spatial_candidate,0,nearest_intersection_candidate
616,3,3208,-97.74392,30.215777,317.048,244.645,4,3,0,provisional_spatial_candidate,0,nearest_intersection_candidate
617,1,4663,-97.790016,30.470209,97.1,90.231,4,3,0,over_50m,0,nearest_intersection_candidate
617,2,4698,-97.789702,30.46944,187.331,90.231,4,3,0,over_50m,0,nearest_intersection_candidate
617,3,6572,-97.792457,30.472936,298.678,90.231,4,4,0,over_50m,0,nearest_intersection_candidate
619,1,3190,-97.720065,30.232282,260.28,307.754,4,4,0,over_50m,0,nearest_intersection_candidate
619,2,3186,-97.722868,30.233703,568.034,307.754,4,4,0,over_50m,0,nearest_intersection_candidate
619,3,2885,-97.719287,30.23855,788.562,307.754,4,4,0,over_50m,0,nearest_intersection_candidate
620,1,3571,-97.700162,30.340601,130.491,7.279,4,2,0,over_50m,0,nearest_intersection_candidate
620,2,4307,-97.701502,30.33851,137.77,7.279,4,2,0,over_50m,0,nearest_intersection_candidate
620,3,3583,-97.702616,30.340804,238.061,7.279,3,1,0,over_50m,0,nearest_intersection_candidate
622,1,7024,-97.80317,30.465685,160.128,193.23,5,3,0,over_50m,0,nearest_intersection_candidate
622,2,4735,-97.800598,30.466861,353.358,193.23,3,2,0,over_50m,0,nearest_intersection_candidate
622,3,4730,-97.800367,30.466247,379.61,193.23,3,2,0,over_50m,0,nearest_intersection_candidate
624,1,5036,-97.695857,30.440054,4.373,61.489,3,3,1,provisional_spatial_candidate,0,nearest_intersection_candidate
624,2,5031,-97.696581,30.440033,65.862,61.489,4,3,0,provisional_spatial_candidate,0,nearest_intersection_candidate
624,3,5038,-97.697764,30.440216,180.449,61.489,4,3,0,provisional_spatial_candidate,0,nearest_intersection_candidate
626,1,6292,-97.662921,30.316162,56.911,103.224,4,3,0,over_50m,0,nearest_intersection_candidate
626,2,6291,-97.663458,30.315355,160.135,103.224,4,3,0,over_50m,0,nearest_intersection_candidate
626,3,7242,-97.664871,30.318799,319.18,103.224,3,1,0,over_50m,0,nearest_intersection_candidate
628,1,7248,-97.660886,30.302584,41.771,38.747,4,3,1,provisional_spatial_candidate,0,nearest_intersection_candidate
628,2,7249,-97.660488,30.302524,80.518,38.747,4,3,0,provisional_spatial_candidate,0,nearest_intersection_candidate
628,3,6294,-97.660667,30.305292,297.779,38.747,3,1,0,provisional_spatial_candidate,0,nearest_intersection_candidate
630,1,2325,-97.842302,30.23695,882.732,1.753,3,2,0,over_50m,0,nearest_intersection_candidate
630,2,2317,-97.83963,30.237639,884.484,1.753,4,2,0,over_50m,0,nearest_intersection_candidate
630,3,2326,-97.842259,30.236655,915.787,1.753,3,1,0,over_50m,0,nearest_intersection_candidate
632,1,3995,-97.74982,30.394193,11.227,247.264,3,3,1,provisional_spatial_candidate,0,nearest_intersection_candidate
632,2,3938,-97.747009,30.394125,258.491,247.264,4,3,0,provisional_spatial_candidate,0,nearest_intersection_candidate
632,3,3937,-97.746882,30.392821,310.455,247.264,3,1,0,provisional_spatial_candidate,0,nearest_intersection_candidate
633,1,4966,-97.760103,30.427641,9.831,145.121,4,4,1,provisional_spatial_candidate,0,nearest_intersection_candidate
633,2,4963,-97.75948,30.428854,154.953,145.121,4,3,0,provisional_spatial_candidate,0,nearest_intersection_candidate
633,3,4994,-97.758205,30.428565,211.122,145.121,3,1,0,provisional_spatial_candidate,0,nearest_intersection_candidate
635,1,7253,-97.664874,30.28556,80.898,24.078,4,3,0,over_50m,0,nearest_intersection_candidate
635,2,7252,-97.66512,30.285602,104.976,24.078,4,3,0,over_50m,0,nearest_intersection_candidate
635,3,4333,-97.65972,30.284509,427.676,24.078,3,3,0,over_50m,0,nearest_intersection_candidate
637,1,4177,-97.682225,30.2857,42.422,672.407,4,4,1,provisional_spatial_candidate,0,nearest_intersection_candidate
637,2,2836,-97.680314,30.279751,714.829,672.407,3,3,0,provisional_spatial_candidate,0,nearest_intersection_candidate
637,3,4327,-97.674977,30.286441,737.169,672.407,3,3,0,provisional_spatial_candidate,0,nearest_intersection_candidate
638,1,4425,-97.711753,30.348919,86.102,38.452,4,2,0,over_50m,0,nearest_intersection_candidate
638,2,4422,-97.711238,30.348228,124.554,38.452,4,2,0,over_50m,0,nearest_intersection_candidate
638,3,4427,-97.712008,30.349688,141.33,38.452,3,2,0,over_50m,0,nearest_intersection_candidate
642,1,3539,-97.713526,30.363776,118.768,64.907,3,3,0,over_50m,0,nearest_intersection_candidate
642,2,3588,-97.716182,30.363399,183.675,64.907,4,3,0,over_50m,0,nearest_intersection_candidate
642,3,4433,-97.712885,30.363468,189.146,64.907,3,3,0,over_50m,0,nearest_intersection_candidate
643,1,2332,-97.865671,30.199122,281.408,156.149,4,3,0,over_50m,0,nearest_intersection_candidate
643,2,2329,-97.867275,30.199346,437.557,156.149,4,3,0,over_50m,0,nearest_intersection_candidate
643,3,2321,-97.858604,30.204062,715.747,156.149,3,3,0,over_50m,0,nearest_intersection_candidate
644,1,5906,-97.825529,30.455204,38.121,363.305,4,4,1,provisional_spatial_candidate,0,nearest_intersection_candidate
644,2,7037,-97.822767,30.457934,401.426,363.305,4,4,0,provisional_spatial_candidate,0,nearest_intersection_candidate
644,3,5908,-97.815819,30.461729,1184.822,363.305,3,3,0,provisional_spatial_candidate,0,nearest_intersection_candidate
645,1,6571,-97.684539,30.43062,514.661,578.463,3,3,0,over_50m,0,nearest_intersection_candidate
645,2,5053,-97.699327,30.432437,1093.124,578.463,5,4,0,over_50m,0,nearest_intersection_candidate
645,3,5085,-97.689735,30.418142,1113.656,578.463,3,3,0,over_50m,0,nearest_intersection_candidate
646,1,4564,-97.784945,30.450154,43.261,433.813,4,4,1,provisional_spatial_candidate,0,nearest_intersection_candidate
646,2,4736,-97.789883,30.448693,477.075,433.813,4,3,0,provisional_spatial_candidate,0,nearest_intersection_candidate
646,3,4625,-97.790023,30.447815,534.6,433.813,3,2,0,provisional_spatial_candidate,0,nearest_intersection_candidate
647,1,2996,-97.744456,30.184367,45.114,5.203,3,3,0,ambiguous_nearby_nodes,0,nearest_intersection_candidate
647,2,2926,-97.744809,30.184933,50.317,5.203,3,3,0,ambiguous_nearby_nodes,0,nearest_intersection_candidate
647,3,2994,-97.74233,30.187287,397.588,5.203,3,3,0,ambiguous_nearby_nodes,0,nearest_intersection_candidate
648,1,4159,-97.677438,30.293525,36.771,804.497,4,4,1,provisional_spatial_candidate,0,nearest_intersection_candidate
648,2,4327,-97.674977,30.286441,841.267,804.497,3,3,0,provisional_spatial_candidate,0,nearest_intersection_candidate
648,3,4319,-97.672864,30.300532,905.383,804.497,3,3,0,provisional_spatial_candidate,0,nearest_intersection_candidate
649,1,4168,-97.69229,30.313856,33.648,468.974,4,4,1,provisional_spatial_candidate,0,nearest_intersection_candidate
649,2,4161,-97.687829,30.312061,502.623,468.974,3,3,0,provisional_spatial_candidate,0,nearest_intersection_candidate
649,3,4309,-97.692073,30.31989,645.708,468.974,3,2,0,provisional_spatial_candidate,0,nearest_intersection_candidate
651,1,4312,-97.688857,30.322191,34.32,171.982,4,3,1,provisional_spatial_candidate,0,nearest_intersection_candidate
651,2,4310,-97.688559,30.320108,206.303,171.982,4,3,0,provisional_spatial_candidate,0,nearest_intersection_candidate
651,3,4191,-97.686339,30.321602,260.307,171.982,3,2,0,provisional_spatial_candidate,0,nearest_intersection_candidate
653,1,4258,-97.691914,30.325779,48.418,227.735,4,4,1,provisional_spatial_candidate,0,nearest_intersection_candidate
653,2,4259,-97.694146,30.327962,276.153,227.735,3,3,0,provisional_spatial_candidate,0,nearest_intersection_candidate
653,3,4241,-97.693305,30.323602,288.778,227.735,3,3,0,provisional_spatial_candidate,0,nearest_intersection_candidate
655,1,4238,-97.695759,30.320139,72.179,132.251,4,3,0,over_50m,0,nearest_intersection_candidate
655,2,4236,-97.694297,30.322029,204.429,132.251,4,3,0,over_50m,0,nearest_intersection_candidate
655,3,4239,-97.698005,30.321023,207.434,132.251,3,2,0,over_50m,0,nearest_intersection_candidate
656,1,4255,-97.69931,30.316998,43.701,210.316,4,4,1,provisional_spatial_candidate,0,nearest_intersection_candidate
656,2,4271,-97.701136,30.315419,254.017,210.316,3,3,0,provisional_spatial_candidate,0,nearest_intersection_candidate
656,3,4284,-97.702235,30.31821,271.452,210.316,3,3,0,provisional_spatial_candidate,0,nearest_intersection_candidate
657,1,4154,-97.708063,30.31019,170.184,18.063,4,2,0,over_50m,0,nearest_intersection_candidate
657,2,4165,-97.70782,30.312961,188.247,18.063,3,1,0,over_50m,0,nearest_intersection_candidate
657,3,4167,-97.706836,30.313317,211.582,18.063,4,2,0,over_50m,0,nearest_intersection_candidate
658,1,4228,-97.709155,30.308695,73.596,33.426,4,3,0,over_50m,0,nearest_intersection_candidate
658,2,4195,-97.71043,30.309873,107.021,33.426,3,1,0,over_50m,0,nearest_intersection_candidate
658,3,4231,-97.710808,30.309855,130.904,33.426,3,3,0,over_50m,0,nearest_intersection_candidate
660,1,4216,-97.686729,30.297891,45.219,320.806,4,4,1,provisional_spatial_candidate,0,nearest_intersection_candidate
660,2,4180,-97.684753,30.300804,366.025,320.806,3,3,0,provisional_spatial_candidate,0,nearest_intersection_candidate
660,3,4179,-97.681103,30.304233,882.928,320.806,4,4,0,provisional_spatial_candidate,0,nearest_intersection_candidate
661,1,3940,-97.748856,30.400753,6.152,233.796,3,3,1,provisional_spatial_candidate,0,nearest_intersection_candidate
661,2,3941,-97.746366,30.400563,239.949,233.796,4,3,0,provisional_spatial_candidate,0,nearest_intersection_candidate
661,3,3972,-97.746465,30.39908,291.997,233.796,3,1,0,provisional_spatial_candidate,0,nearest_intersection_candidate
662,1,4333,-97.65972,30.284509,25.902,261.421,3,3,1,provisional_spatial_candidate,0,nearest_intersection_candidate
662,2,2832,-97.656965,30.283954,287.323,261.421,3,3,0,provisional_spatial_candidate,0,nearest_intersection_candidate
662,3,7253,-97.664874,30.28556,493.992,261.421,4,3,0,provisional_spatial_candidate,0,nearest_intersection_candidate
663,1,6121,-97.793933,30.480956,168.285,467.474,3,3,0,over_50m,0,nearest_intersection_candidate
663,2,4670,-97.80205,30.479756,635.759,467.474,4,3,0,over_50m,0,nearest_intersection_candidate
663,3,4666,-97.803249,30.479035,759.54,467.474,4,3,0,over_50m,0,nearest_intersection_candidate
664,1,4332,-97.669013,30.308585,44.928,179.154,3,3,1,provisional_spatial_candidate,0,nearest_intersection_candidate
664,2,4192,-97.666935,30.309821,224.082,179.154,4,4,0,provisional_spatial_candidate,0,nearest_intersection_candidate
664,3,7465,-97.66156,30.309415,721.544,179.154,3,2,0,provisional_spatial_candidate,0,nearest_intersection_candidate
665,1,4933,-97.725605,30.448854,573.946,510.481,3,3,0,over_50m,0,nearest_intersection_candidate
665,2,6228,-97.741828,30.443701,1084.427,510.481,4,3,0,over_50m,0,nearest_intersection_candidate
665,3,6229,-97.742458,30.443483,1149.505,510.481,4,3,0,over_50m,0,nearest_intersection_candidate
666,1,4933,-97.725605,30.448854,22.203,1632.1,3,3,1,provisional_spatial_candidate,0,nearest_intersection_candidate
666,2,6227,-97.736129,30.437275,1654.303,1632.1,3,2,0,provisional_spatial_candidate,0,nearest_intersection_candidate
666,3,6228,-97.741828,30.443701,1666.844,1632.1,4,3,0,provisional_spatial_candidate,0,nearest_intersection_candidate
668,1,6291,-97.663458,30.315355,293.721,103.482,4,3,0,over_50m,0,nearest_intersection_candidate
668,2,6292,-97.662921,30.316162,397.203,103.482,4,3,0,over_50m,0,nearest_intersection_candidate
668,3,4192,-97.666935,30.309821,406.625,103.482,4,4,0,over_50m,0,nearest_intersection_candidate
669,1,3995,-97.74982,30.394193,222.928,28.112,3,3,0,over_50m,0,nearest_intersection_candidate
669,2,3997,-97.754694,30.39489,251.04,28.112,3,3,0,over_50m,0,nearest_intersection_candidate
669,3,3938,-97.747009,30.394125,491.858,28.112,4,3,0,over_50m,0,nearest_intersection_candidate
670,1,4365,-97.660866,30.319195,73.197,245.746,3,3,0,over_50m,0,nearest_intersection_candidate
670,2,6292,-97.662921,30.316162,318.943,245.746,4,3,0,over_50m,0,nearest_intersection_candidate
670,3,7242,-97.664871,30.318799,337.017,245.746,3,1,0,over_50m,0,nearest_intersection_candidate
671,1,4666,-97.803249,30.479035,43.63,81.592,4,3,1,provisional_spatial_candidate,0,nearest_intersection_candidate
671,2,4670,-97.80205,30.479756,125.222,81.592,4,3,0,provisional_spatial_candidate,0,nearest_intersection_candidate
671,3,4671,-97.804055,30.481923,287.057,81.592,3,2,0,provisional_spatial_candidate,0,nearest_intersection_candidate
673,1,6243,-97.764561,30.475536,491.802,1.52,4,2,0,over_50m,0,nearest_intersection_candidate
673,2,6242,-97.764119,30.475684,493.322,1.52,4,2,0,over_50m,0,nearest_intersection_candidate
673,3,4925,-97.767314,30.474693,576.018,1.52,3,2,0,over_50m,0,nearest_intersection_candidate
674,1,6234,-97.752718,30.455964,5.811,342.754,3,2,1,provisional_spatial_candidate,0,nearest_intersection_candidate
674,2,6239,-97.753354,30.459047,348.564,342.754,4,3,0,provisional_spatial_candidate,0,nearest_intersection_candidate
674,3,6236,-97.75412,30.458875,349.587,342.754,4,3,0,provisional_spatial_candidate,0,nearest_intersection_candidate
675,1,6236,-97.75412,30.458875,194.227,11.556,4,3,0,over_50m,0,nearest_intersection_candidate
675,2,6239,-97.753354,30.459047,205.783,11.556,4,3,0,over_50m,0,nearest_intersection_candidate
675,3,6234,-97.752718,30.455964,542.743,11.556,3,2,0,over_50m,0,nearest_intersection_candidate
677,1,6229,-97.742458,30.443483,41.267,15.465,4,3,0,ambiguous_nearby_nodes,0,nearest_intersection_candidate
677,2,6228,-97.741828,30.443701,56.732,15.465,4,3,0,ambiguous_nearby_nodes,0,nearest_intersection_candidate
677,3,7262,-97.747668,30.441522,568.009,15.465,3,3,0,ambiguous_nearby_nodes,0,nearest_intersection_candidate
678,1,4209,-97.698626,30.30364,38.116,438.298,3,3,1,provisional_spatial_candidate,0,nearest_intersection_candidate
678,2,4169,-97.696177,30.307503,476.415,438.298,3,3,0,provisional_spatial_candidate,0,nearest_intersection_candidate
678,3,4228,-97.709155,30.308695,1121.324,438.298,4,3,0,provisional_spatial_candidate,0,nearest_intersection_candidate
679,1,2333,-97.877747,30.200434,991.893,636.113,4,4,0,over_50m,0,nearest_intersection_candidate
679,2,2328,-97.878955,30.180271,1628.005,636.113,3,2,0,over_50m,0,nearest_intersection_candidate
679,3,2330,-97.878449,30.180052,1668.243,636.113,3,2,0,over_50m,0,nearest_intersection_candidate
681,1,2333,-97.877747,30.200434,67.814,1012.865,4,4,0,over_50m,0,nearest_intersection_candidate
681,2,2329,-97.867275,30.199346,1080.68,1012.865,4,3,0,over_50m,0,nearest_intersection_candidate
681,3,2332,-97.865671,30.199122,1236.765,1012.865,4,3,0,over_50m,0,nearest_intersection_candidate
682,1,7262,-97.747668,30.441522,192.701,542.589,3,3,0,over_50m,0,nearest_intersection_candidate
682,2,6229,-97.742458,30.443483,735.291,542.589,4,3,0,over_50m,0,nearest_intersection_candidate
682,3,6228,-97.741828,30.443701,800.359,542.589,4,3,0,over_50m,0,nearest_intersection_candidate
684,1,2525,-97.797025,30.23398,48.099,24.811,4,2,1,provisional_spatial_candidate,0,nearest_intersection_candidate
684,2,2522,-97.796057,30.233286,72.91,24.811,5,3,0,provisional_spatial_candidate,0,nearest_intersection_candidate
684,3,2535,-97.796031,30.234377,98.073,24.811,4,2,0,provisional_spatial_candidate,0,nearest_intersection_candidate
688,1,4659,-97.809721,30.475362,112.827,727.591,3,3,0,over_50m,0,nearest_intersection_candidate
688,2,4666,-97.803249,30.479035,840.419,727.591,4,3,0,over_50m,0,nearest_intersection_candidate
688,3,4670,-97.80205,30.479756,979.945,727.591,4,3,0,over_50m,0,nearest_intersection_candidate
689,1,2677,-97.801644,30.369555,34.192,615.21,3,3,1,provisional_spatial_candidate,0,nearest_intersection_candidate
689,2,2675,-97.79694,30.365612,649.402,615.21,3,3,0,provisional_spatial_candidate,0,nearest_intersection_candidate
689,3,2679,-97.805007,30.37739,924.035,615.21,3,3,0,provisional_spatial_candidate,0,nearest_intersection_candidate
690,1,4667,-97.798471,30.471311,184.89,17.168,4,3,0,over_50m,0,nearest_intersection_candidate
690,2,4668,-97.79779,30.471494,202.058,17.168,4,3,0,over_50m,0,nearest_intersection_candidate
690,3,4733,-97.797871,30.469975,344.182,17.168,3,1,0,over_50m,0,nearest_intersection_candidate
692,1,5111,-97.672301,30.424826,124.177,1.759,4,3,0,over_50m,0,nearest_intersection_candidate
692,2,5115,-97.67,30.423772,125.936,1.759,4,3,0,over_50m,0,nearest_intersection_candidate
692,3,5122,-97.672738,30.422733,225.233,1.759,3,1,0,over_50m,0,nearest_intersection_candidate
694,1,3581,-97.714659,30.352692,26.473,35.027,3,1,1,provisional_spatial_candidate,0,nearest_intersection_candidate
694,2,3536,-97.71549,30.352759,61.5,35.027,3,1,0,provisional_spatial_candidate,0,nearest_intersection_candidate
694,3,3584,-97.713816,30.352809,100.216,35.027,3,2,0,provisional_spatial_candidate,0,nearest_intersection_candidate
696,1,4025,-97.718471,30.362701,311.842,13.184,4,3,0,over_50m,0,nearest_intersection_candidate
696,2,3588,-97.716182,30.363399,325.026,13.184,4,3,0,over_50m,0,nearest_intersection_candidate
696,3,4023,-97.719797,30.362383,382.067,13.184,3,3,0,over_50m,0,nearest_intersection_candidate
698,1,4989,-97.750163,30.417404,17.772,289.604,3,3,1,provisional_spatial_candidate,0,nearest_intersection_candidate
698,2,4951,-97.747206,30.418581,307.376,289.604,4,3,0,provisional_spatial_candidate,0,nearest_intersection_candidate
698,3,4952,-97.746261,30.418766,397.811,289.604,4,3,0,provisional_spatial_candidate,0,nearest_intersection_candidate
700,1,1755,-97.776137,30.158348,216.703,487.984,4,4,0,over_50m,0,nearest_intersection_candidate
700,2,2942,-97.769391,30.160402,704.688,487.984,3,3,0,over_50m,0,nearest_intersection_candidate
700,3,2940,-97.769031,30.157315,807.053,487.984,3,3,0,over_50m,0,nearest_intersection_candidate
701,1,2430,-97.80677,30.173786,90.004,340.02,3,3,0,over_50m,0,nearest_intersection_candidate
701,2,2403,-97.803448,30.177279,430.024,340.02,3,3,0,over_50m,0,nearest_intersection_candidate
701,3,2420,-97.799273,30.172226,665.935,340.02,4,4,0,over_50m,0,nearest_intersection_candidate
702,1,2815,-97.636962,30.276595,37.401,1616.805,3,3,1,provisional_spatial_candidate,0,nearest_intersection_candidate
702,2,2803,-97.653111,30.282652,1654.206,1616.805,3,3,0,provisional_spatial_candidate,0,nearest_intersection_candidate
702,3,4511,-97.627772,30.290951,1819.583,1616.805,4,4,0,provisional_spatial_candidate,0,nearest_intersection_candidate
703,1,7288,-97.888119,30.229017,26.731,5.246,3,2,0,ambiguous_nearby_nodes,0,nearest_intersection_candidate
703,2,6284,-97.888014,30.229333,31.976,5.246,3,2,0,ambiguous_nearby_nodes,0,nearest_intersection_candidate
703,3,6281,-97.888093,30.228679,60.917,5.246,4,3,0,ambiguous_nearby_nodes,0,nearest_intersection_candidate
704,1,2414,-97.842094,30.195122,569.913,356.558,4,4,0,over_50m,0,nearest_intersection_candidate
704,2,2287,-97.849577,30.183334,926.471,356.558,4,4,0,over_50m,0,nearest_intersection_candidate
704,3,6104,-97.832635,30.190477,1209.513,356.558,4,4,0,over_50m,0,nearest_intersection_candidate
705,1,2883,-97.721729,30.172286,36.703,1078.588,3,3,1,provisional_spatial_candidate,0,nearest_intersection_candidate
705,2,2986,-97.725755,30.162941,1115.291,1078.588,3,3,0,provisional_spatial_candidate,0,nearest_intersection_candidate
705,3,2988,-97.738198,30.168772,1604.255,1078.588,3,3,0,provisional_spatial_candidate,0,nearest_intersection_candidate
706,1,6267,-97.864697,30.23441,41.279,19.05,4,3,0,ambiguous_nearby_nodes,0,nearest_intersection_candidate
706,2,6268,-97.864461,30.233618,60.329,19.05,4,3,0,ambiguous_nearby_nodes,0,nearest_intersection_candidate
706,3,6271,-97.861587,30.234158,311.757,19.05,3,1,0,ambiguous_nearby_nodes,0,nearest_intersection_candidate
707,1,4715,-97.795922,30.465641,49.389,11.024,4,3,0,ambiguous_nearby_nodes,0,nearest_intersection_candidate
707,2,4705,-97.795803,30.465678,60.413,11.024,4,1,0,ambiguous_nearby_nodes,0,nearest_intersection_candidate
707,3,4731,-97.796924,30.46723,221.918,11.024,4,2,0,ambiguous_nearby_nodes,0,nearest_intersection_candidate
709,1,6275,-97.874662,30.233325,4.418,45.069,4,2,1,provisional_spatial_candidate,0,nearest_intersection_candidate
709,2,6274,-97.874244,30.233545,49.487,45.069,4,2,0,provisional_spatial_candidate,0,nearest_intersection_candidate
709,3,6276,-97.874259,30.232762,77.416,45.069,3,2,0,provisional_spatial_candidate,0,nearest_intersection_candidate
711,1,2315,-97.83963,30.236609,52.788,112.792,5,4,0,over_50m,0,nearest_intersection_candidate
711,2,2317,-97.83963,30.237639,165.58,112.792,4,2,0,over_50m,0,nearest_intersection_candidate
711,3,2326,-97.842259,30.236655,242.821,112.792,3,1,0,over_50m,0,nearest_intersection_candidate
713,1,7261,-97.879464,30.23075,16.671,53.824,3,2,1,provisional_spatial_candidate,0,nearest_intersection_candidate
713,2,6280,-97.879015,30.230198,70.495,53.824,4,3,0,provisional_spatial_candidate,0,nearest_intersection_candidate
713,3,6275,-97.874662,30.233325,527.207,53.824,4,2,0,provisional_spatial_candidate,0,nearest_intersection_candidate
714,1,3564,-97.71447,30.337808,265.573,290.279,4,4,0,over_50m,0,nearest_intersection_candidate
714,2,3928,-97.716883,30.333912,555.852,290.279,3,3,0,over_50m,0,nearest_intersection_candidate
714,3,3518,-97.717832,30.339446,636.064,290.279,3,3,0,over_50m,0,nearest_intersection_candidate
716,1,3565,-97.705712,30.342831,101.656,32.844,4,3,0,over_50m,0,nearest_intersection_candidate
716,2,3568,-97.704491,30.344633,134.499,32.844,4,3,0,over_50m,0,nearest_intersection_candidate
716,3,3570,-97.703885,30.34344,146.63,32.844,3,2,0,over_50m,0,nearest_intersection_candidate
717,1,3588,-97.716182,30.363399,104.765,26.835,4,3,0,over_50m,0,nearest_intersection_candidate
717,2,4025,-97.718471,30.362701,131.6,26.835,4,3,0,over_50m,0,nearest_intersection_candidate
717,3,3538,-97.716682,30.365308,234.428,26.835,3,2,0,over_50m,0,nearest_intersection_candidate
719,1,4481,-97.658879,30.390634,26.372,273.931,3,3,1,provisional_spatial_candidate,0,nearest_intersection_candidate
719,2,2808,-97.656381,30.389402,300.303,273.931,3,3,0,provisional_spatial_candidate,0,nearest_intersection_candidate
719,3,4480,-97.661142,30.382004,1001.322,273.931,3,3,0,provisional_spatial_candidate,0,nearest_intersection_candidate
720,1,4983,-97.775785,30.436964,920.223,63.325,3,1,0,over_50m,0,nearest_intersection_candidate
720,2,4623,-97.773713,30.436169,983.548,63.325,3,2,0,over_50m,0,nearest_intersection_candidate
720,3,4985,-97.77455,30.437025,997.353,63.325,3,2,0,over_50m,0,nearest_intersection_candidate
721,1,4988,-97.769189,30.434425,14.381,77.592,4,3,1,provisional_spatial_candidate,0,nearest_intersection_candidate
721,2,4982,-97.769932,30.434147,91.973,77.592,4,3,0,provisional_spatial_candidate,0,nearest_intersection_candidate
721,3,4978,-97.768417,30.433846,94.196,77.592,3,2,0,provisional_spatial_candidate,0,nearest_intersection_candidate
723,1,4982,-97.769932,30.434147,118.169,21.125,4,3,0,over_50m,0,nearest_intersection_candidate
723,2,4988,-97.769189,30.434425,139.294,21.125,4,3,0,over_50m,0,nearest_intersection_candidate
723,3,4976,-97.768517,30.433749,236.347,21.125,3,1,0,over_50m,0,nearest_intersection_candidate
725,1,2806,-97.648122,30.299934,34.987,560.122,4,4,1,provisional_spatial_candidate,0,nearest_intersection_candidate
725,2,2821,-97.653749,30.302651,595.109,560.122,3,3,0,provisional_spatial_candidate,0,nearest_intersection_candidate
725,3,4336,-97.656988,30.302674,884.636,560.122,3,3,0,provisional_spatial_candidate,0,nearest_intersection_candidate
726,1,5119,-97.659683,30.418543,154.887,780.832,4,4,0,over_50m,0,nearest_intersection_candidate
726,2,5121,-97.670517,30.421066,935.719,780.832,3,2,0,over_50m,0,nearest_intersection_candidate
726,3,5115,-97.67,30.423772,994.285,780.832,4,3,0,over_50m,0,nearest_intersection_candidate
727,1,3094,-97.769714,30.226116,234.134,57.094,4,3,0,over_50m,0,nearest_intersection_candidate
727,2,3095,-97.768011,30.225108,291.228,57.094,3,1,0,over_50m,0,nearest_intersection_candidate
727,3,3093,-97.771768,30.227121,328.462,57.094,3,2,0,over_50m,0,nearest_intersection_candidate
728,1,3965,-97.719473,30.375104,25.827,376.145,3,3,1,provisional_spatial_candidate,0,nearest_intersection_candidate
728,2,4072,-97.72078,30.371682,401.972,376.145,3,2,0,provisional_spatial_candidate,0,nearest_intersection_candidate
728,3,4076,-97.71978,30.371068,457.374,376.145,3,2,0,provisional_spatial_candidate,0,nearest_intersection_candidate
729,1,2871,-97.716967,30.242277,459.073,327.78,3,3,0,over_50m,0,nearest_intersection_candidate
729,2,2872,-97.712431,30.252756,786.853,327.78,4,4,0,over_50m,0,nearest_intersection_candidate
729,3,2886,-97.711994,30.253619,891.16,327.78,4,4,0,over_50m,0,nearest_intersection_candidate
730,1,2386,-97.823559,30.173459,191.839,660.838,4,4,0,over_50m,0,nearest_intersection_candidate
730,2,2406,-97.833872,30.176355,852.676,660.838,3,3,0,over_50m,0,nearest_intersection_candidate
730,3,6579,-97.840814,30.179085,1584.437,660.838,3,3,0,over_50m,0,nearest_intersection_candidate
731,1,3024,-97.746287,30.267783,198.922,40.961,4,4,0,over_50m,0,nearest_intersection_candidate
731,2,3047,-97.747649,30.264089,239.883,40.961,4,4,0,over_50m,0,nearest_intersection_candidate
731,3,3167,-97.748791,30.264429,245.438,40.961,3,3,0,over_50m,0,nearest_intersection_candidate
732,1,4468,-97.671595,30.398475,270.601,134.869,4,3,0,over_50m,0,nearest_intersection_candidate
732,2,4464,-97.67138,30.396128,405.47,134.869,3,2,0,over_50m,0,nearest_intersection_candidate
732,3,4465,-97.670307,30.39548,420.927,134.869,3,1,0,over_50m,0,nearest_intersection_candidate
733,1,2229,-97.888867,30.262313,20.907,704.791,4,4,1,provisional_spatial_candidate,0,nearest_intersection_candidate
733,2,2353,-97.890434,30.25574,725.698,704.791,3,3,0,provisional_spatial_candidate,0,nearest_intersection_candidate
733,3,2349,-97.888438,30.247218,1658.104,704.791,3,3,0,provisional_spatial_candidate,0,nearest_intersection_candidate
734,1,4459,-97.675576,30.350479,204.387,135.774,3,3,0,over_50m,0,nearest_intersection_candidate
734,2,4371,-97.678628,30.352414,340.161,135.774,3,3,0,over_50m,0,nearest_intersection_candidate
734,3,4458,-97.671858,30.35637,551.4,135.774,3,3,0,over_50m,0,nearest_intersection_candidate
735,1,2993,-97.740932,30.189512,27.097,246.252,3,3,1,provisional_spatial_candidate,0,nearest_intersection_candidate
735,2,2994,-97.74233,30.187287,273.349,246.252,3,3,0,provisional_spatial_candidate,0,nearest_intersection_candidate
735,3,2997,-97.744502,30.190794,345.365,246.252,3,3,0,provisional_spatial_candidate,0,nearest_intersection_candidate
736,1,3663,-97.766904,30.31321,44.163,546.722,3,3,1,provisional_spatial_candidate,0,nearest_intersection_candidate
736,2,3614,-97.76229,30.31029,590.885,546.722,3,3,0,provisional_spatial_candidate,0,nearest_intersection_candidate
736,3,3623,-97.759171,30.309372,896.062,546.722,4,3,0,provisional_spatial_candidate,0,nearest_intersection_candidate
738,1,2932,-97.749468,30.193563,28.507,181.403,3,3,1,provisional_spatial_candidate,0,nearest_intersection_candidate
738,2,2958,-97.75189,30.193442,209.911,181.403,3,3,0,provisional_spatial_candidate,0,nearest_intersection_candidate
738,3,2933,-97.744422,30.193815,509.854,181.403,4,4,0,provisional_spatial_candidate,0,nearest_intersection_candidate
739,1,2384,-97.864878,30.254374,73.255,2118.159,3,3,0,over_50m,0,nearest_intersection_candidate
739,2,6270,-97.861569,30.235117,2191.414,2118.159,3,2,0,over_50m,0,nearest_intersection_candidate
739,3,6267,-97.864697,30.23441,2236.905,2118.159,4,3,0,over_50m,0,nearest_intersection_candidate
740,1,1233,-97.66238,30.405328,585.72,720.946,3,3,0,over_50m,0,nearest_intersection_candidate
740,2,4481,-97.658879,30.390634,1306.666,720.946,3,3,0,over_50m,0,nearest_intersection_candidate
740,3,4468,-97.671595,30.398475,1429.284,720.946,4,3,0,over_50m,0,nearest_intersection_candidate
741,1,1233,-97.66238,30.405328,149.128,766.591,3,3,0,over_50m,0,nearest_intersection_candidate
741,2,1180,-97.673112,30.407529,915.719,766.591,4,3,0,over_50m,0,nearest_intersection_candidate
741,3,4479,-97.673503,30.405365,917.857,766.591,3,1,0,over_50m,0,nearest_intersection_candidate
742,1,3334,-97.744489,30.266364,106.162,73.144,4,4,0,over_50m,0,nearest_intersection_candidate
742,2,7306,-97.743288,30.265596,179.306,73.144,3,3,0,over_50m,0,nearest_intersection_candidate
742,3,3330,-97.743145,30.265988,197.752,73.144,3,3,0,over_50m,0,nearest_intersection_candidate
743,1,4982,-97.769932,30.434147,280.47,8.605,4,3,0,over_50m,0,nearest_intersection_candidate
743,2,4624,-97.772922,30.435898,289.075,8.605,3,1,0,over_50m,0,nearest_intersection_candidate
743,3,4623,-97.773713,30.436169,333.117,8.605,3,2,0,over_50m,0,nearest_intersection_candidate
744,1,4691,-97.79351,30.422286,28.462,87.873,3,3,1,provisional_spatial_candidate,0,nearest_intersection_candidate
744,2,4692,-97.794047,30.421551,116.335,87.873,3,3,0,provisional_spatial_candidate,0,nearest_intersection_candidate
744,3,4983,-97.775785,30.436964,2344.746,87.873,3,1,0,provisional_spatial_candidate,0,nearest_intersection_candidate
745,1,2959,-97.757931,30.194952,156.669,318.262,3,3,0,over_50m,0,nearest_intersection_candidate
745,2,2958,-97.75189,30.193442,474.931,318.262,3,3,0,over_50m,0,nearest_intersection_candidate
745,3,2932,-97.749468,30.193563,705.72,318.262,3,3,0,over_50m,0,nearest_intersection_candidate
747,1,2386,-97.823559,30.173459,349.892,348.212,4,4,0,over_50m,0,nearest_intersection_candidate
747,2,2406,-97.833872,30.176355,698.103,348.212,3,3,0,over_50m,0,nearest_intersection_candidate
747,3,6579,-97.840814,30.179085,1430.925,348.212,3,3,0,over_50m,0,nearest_intersection_candidate
748,1,2754,-97.770504,30.2773,137.687,94.215,5,3,0,over_50m,0,nearest_intersection_candidate
748,2,2772,-97.76984,30.276552,231.902,94.215,3,2,0,over_50m,0,nearest_intersection_candidate
748,3,3153,-97.771121,30.275266,278.547,94.215,3,2,0,over_50m,0,nearest_intersection_candidate
749,1,2662,-97.782574,30.291352,54.256,353.339,3,3,0,over_50m,0,nearest_intersection_candidate
749,2,1795,-97.781125,30.294852,407.594,353.339,3,3,0,over_50m,0,nearest_intersection_candidate
749,3,3692,-97.771784,30.290384,1091.528,353.339,4,4,0,over_50m,0,nearest_intersection_candidate
750,1,1788,-97.776483,30.283155,28.49,829.515,3,3,1,provisional_spatial_candidate,0,nearest_intersection_candidate
750,2,2773,-97.768257,30.280874,858.004,829.515,3,1,0,provisional_spatial_candidate,0,nearest_intersection_candidate
750,3,2754,-97.770504,30.2773,891.383,829.515,5,3,0,provisional_spatial_candidate,0,nearest_intersection_candidate
751,1,3692,-97.771784,30.290384,35.402,740.632,4,4,1,provisional_spatial_candidate,0,nearest_intersection_candidate
751,2,3671,-97.767827,30.296545,776.034,740.632,4,4,0,provisional_spatial_candidate,0,nearest_intersection_candidate
751,3,3677,-97.764639,30.286304,857.485,740.632,4,3,0,provisional_spatial_candidate,0,nearest_intersection_candidate
752,1,3671,-97.767827,30.296545,44.737,555.558,4,4,1,provisional_spatial_candidate,0,nearest_intersection_candidate
752,2,3662,-97.773522,30.299612,600.295,555.558,3,3,0,provisional_spatial_candidate,0,nearest_intersection_candidate
752,3,3692,-97.771784,30.290384,779.685,555.558,4,4,0,provisional_spatial_candidate,0,nearest_intersection_candidate
753,1,3675,-97.763842,30.302838,49.505,504.863,3,3,1,provisional_spatial_candidate,0,nearest_intersection_candidate
753,2,3711,-97.758616,30.303889,554.368,504.863,3,1,0,provisional_spatial_candidate,0,nearest_intersection_candidate
753,3,3708,-97.758239,30.303786,588.321,504.863,3,2,0,provisional_spatial_candidate,0,nearest_intersection_candidate
754,1,3614,-97.76229,30.31029,45.955,315.519,3,3,1,provisional_spatial_candidate,0,nearest_intersection_candidate
754,2,3623,-97.759171,30.309372,361.474,315.519,4,3,0,provisional_spatial_candidate,0,nearest_intersection_candidate
754,3,3724,-97.758203,30.30922,454.789,315.519,4,3,0,provisional_spatial_candidate,0,nearest_intersection_candidate
755,1,6321,-97.667117,30.328316,186.481,116.409,3,1,0,over_50m,0,nearest_intersection_candidate
755,2,6415,-97.669042,30.327726,302.889,116.409,4,3,0,over_50m,0,nearest_intersection_candidate
755,3,4340,-97.668708,30.327153,343.565,116.409,3,2,0,over_50m,0,nearest_intersection_candidate
756,1,3963,-97.727672,30.374806,353.291,15.243,3,1,0,over_50m,0,nearest_intersection_candidate
756,2,3974,-97.726007,30.374072,368.533,15.243,4,3,0,over_50m,0,nearest_intersection_candidate
756,3,3961,-97.729481,30.37493,469.635,15.243,3,2,0,over_50m,0,nearest_intersection_candidate
757,1,2208,-97.894051,30.218164,1147.965,151.963,3,3,0,over_50m,0,nearest_intersection_candidate
757,2,6632,-97.876247,30.211877,1299.928,151.963,3,3,0,over_50m,0,nearest_intersection_candidate
757,3,2333,-97.877747,30.200434,1439.169,151.963,4,4,0,over_50m,0,nearest_intersection_candidate
758,1,4332,-97.669013,30.308585,168.67,226.264,3,3,0,over_50m,0,nearest_intersection_candidate
758,2,4192,-97.666935,30.309821,394.934,226.264,4,4,0,over_50m,0,nearest_intersection_candidate
758,3,7465,-97.66156,30.309415,889.456,226.264,3,2,0,over_50m,0,nearest_intersection_candidate
759,1,4144,-97.73943,30.399079,19.144,587.856,3,3,1,provisional_spatial_candidate,0,nearest_intersection_candidate
759,2,4138,-97.745409,30.400346,607.0,587.856,5,4,0,provisional_spatial_candidate,0,nearest_intersection_candidate
759,3,4089,-97.73965,30.393403,618.664,587.856,3,3,0,provisional_spatial_candidate,0,nearest_intersection_candidate
760,1,2430,-97.80677,30.173786,732.097,151.042,3,3,0,over_50m,0,nearest_intersection_candidate
760,2,2386,-97.823559,30.173459,883.139,151.042,4,4,0,over_50m,0,nearest_intersection_candidate
760,3,2403,-97.803448,30.177279,1117.137,151.042,3,3,0,over_50m,0,nearest_intersection_candidate
761,1,2414,-97.842094,30.195122,29.878,939.405,4,4,1,provisional_spatial_candidate,0,nearest_intersection_candidate
761,2,2293,-97.837208,30.202866,969.282,939.405,3,3,0,provisional_spatial_candidate,0,nearest_intersection_candidate
761,3,6104,-97.832635,30.190477,1073.25,939.405,4,4,0,provisional_spatial_candidate,0,nearest_intersection_candidate
763,1,4983,-97.775785,30.436964,1187.793,18.3,3,1,0,over_50m,0,nearest_intersection_candidate
763,2,4691,-97.79351,30.422286,1206.092,18.3,3,3,0,over_50m,0,nearest_intersection_candidate
763,3,4623,-97.773713,30.436169,1250.927,18.3,3,2,0,over_50m,0,nearest_intersection_candidate
764,1,1233,-97.66238,30.405328,961.971,98.739,3,3,0,over_50m,0,nearest_intersection_candidate
764,2,4481,-97.658879,30.390634,1060.711,98.739,3,3,0,over_50m,0,nearest_intersection_candidate
764,3,2808,-97.656381,30.389402,1136.157,98.739,3,3,0,over_50m,0,nearest_intersection_candidate
766,1,2427,-97.787129,30.166939,24.352,106.272,4,3,1,provisional_spatial_candidate,0,nearest_intersection_candidate
766,2,2421,-97.788279,30.166962,130.624,106.272,3,3,0,provisional_spatial_candidate,0,nearest_intersection_candidate
766,3,1719,-97.784401,30.166859,243.873,106.272,4,3,0,provisional_spatial_candidate,0,nearest_intersection_candidate
767,1,3248,-97.736368,30.258013,99.691,16.734,3,1,0,over_50m,0,nearest_intersection_candidate
767,2,3287,-97.735497,30.256563,116.424,16.734,4,3,0,over_50m,0,nearest_intersection_candidate
767,3,3279,-97.738028,30.257424,148.675,16.734,3,2,0,over_50m,0,nearest_intersection_candidate
770,1,1231,-97.709342,30.410893,17.839,102.411,4,3,1,provisional_spatial_candidate,0,nearest_intersection_candidate
770,2,5076,-97.709906,30.411825,120.251,102.411,3,2,0,provisional_spatial_candidate,0,nearest_intersection_candidate
770,3,4929,-97.711415,30.410286,192.797,102.411,3,1,0,provisional_spatial_candidate,0,nearest_intersection_candidate
773,1,3850,-97.727224,30.282855,35.826,14.433,3,1,0,ambiguous_nearby_nodes,0,nearest_intersection_candidate
773,2,3828,-97.728001,30.283109,50.259,14.433,3,2,0,ambiguous_nearby_nodes,0,nearest_intersection_candidate
773,3,3794,-97.728474,30.282916,97.597,14.433,3,3,0,ambiguous_nearby_nodes,0,nearest_intersection_candidate
774,1,3130,-97.764882,30.251061,417.244,265.284,3,3,0,over_50m,0,nearest_intersection_candidate
774,2,3058,-97.761886,30.24814,682.528,265.284,3,3,0,over_50m,0,nearest_intersection_candidate
774,3,3154,-97.759366,30.247433,818.592,265.284,3,3,0,over_50m,0,nearest_intersection_candidate
775,1,6227,-97.736129,30.437275,16.971,26.245,3,2,1,provisional_spatial_candidate,0,nearest_intersection_candidate
775,2,6226,-97.736324,30.437076,43.216,26.245,4,3,0,provisional_spatial_candidate,0,nearest_intersection_candidate
775,3,6228,-97.741828,30.443701,907.76,26.245,4,3,0,provisional_spatial_candidate,0,nearest_intersection_candidate
776,1,6256,-97.766647,30.480136,178.228,1.333,4,3,0,over_50m,0,nearest_intersection_candidate
776,2,7036,-97.76625,30.480251,179.561,1.333,3,2,0,over_50m,0,nearest_intersection_candidate
776,3,6245,-97.765108,30.476764,580.099,1.333,4,2,0,over_50m,0,nearest_intersection_candidate
777,1,4436,-97.686743,30.357307,26.664,224.159,4,3,1,provisional_spatial_candidate,0,nearest_intersection_candidate
777,2,4411,-97.688887,30.35837,250.824,224.159,4,3,0,provisional_spatial_candidate,0,nearest_intersection_candidate
777,3,4438,-97.684078,30.355683,303.834,224.159,3,3,0,provisional_spatial_candidate,0,nearest_intersection_candidate
778,1,2421,-97.788279,30.166962,31.377,107.36,3,3,1,provisional_spatial_candidate,0,nearest_intersection_candidate
778,2,2427,-97.787129,30.166939,138.737,107.36,4,3,0,provisional_spatial_candidate,0,nearest_intersection_candidate
778,3,1719,-97.784401,30.166859,400.681,107.36,4,3,0,provisional_spatial_candidate,0,nearest_intersection_candidate
779,1,2986,-97.725755,30.162941,31.634,540.701,3,3,1,provisional_spatial_candidate,0,nearest_intersection_candidate
779,2,2881,-97.728433,30.158589,572.334,540.701,3,3,0,provisional_spatial_candidate,0,nearest_intersection_candidate
779,3,6382,-97.729342,30.157334,736.26,540.701,3,3,0,provisional_spatial_candidate,0,nearest_intersection_candidate
781,1,2329,-97.867275,30.199346,1142.398,47.173,4,3,0,over_50m,0,nearest_intersection_candidate
781,2,2333,-97.877747,30.200434,1189.571,47.173,4,4,0,over_50m,0,nearest_intersection_candidate
781,3,2332,-97.865671,30.199122,1207.231,47.173,4,3,0,over_50m,0,nearest_intersection_candidate
783,1,4511,-97.627772,30.290951,36.774,1804.556,4,4,1,provisional_spatial_candidate,0,nearest_intersection_candidate
783,2,2815,-97.636962,30.276595,1841.329,1804.556,3,3,0,provisional_spatial_candidate,0,nearest_intersection_candidate
783,3,2806,-97.648122,30.299934,2162.391,1804.556,4,4,0,provisional_spatial_candidate,0,nearest_intersection_candidate
784,1,6333,-97.607185,30.334909,40.21,756.185,3,2,1,provisional_spatial_candidate,0,nearest_intersection_candidate
784,2,6335,-97.599841,30.337456,796.395,756.185,3,2,0,provisional_spatial_candidate,0,nearest_intersection_candidate
784,3,6334,-97.599376,30.336535,805.088,756.185,4,3,0,provisional_spatial_candidate,0,nearest_intersection_candidate
785,1,2803,-97.653111,30.282652,14.635,371.723,3,3,1,provisional_spatial_candidate,0,nearest_intersection_candidate
785,2,2832,-97.656965,30.283954,386.358,371.723,3,3,0,provisional_spatial_candidate,0,nearest_intersection_candidate
785,3,4333,-97.65972,30.284509,656.867,371.723,3,3,0,provisional_spatial_candidate,0,nearest_intersection_candidate
786,1,6234,-97.752718,30.455964,811.415,80.899,3,2,0,over_50m,0,nearest_intersection_candidate
786,2,6229,-97.742458,30.443483,892.315,80.899,4,3,0,over_50m,0,nearest_intersection_candidate
786,3,6228,-97.741828,30.443701,906.271,80.899,4,3,0,over_50m,0,nearest_intersection_candidate
787,1,2332,-97.865671,30.199122,162.0,59.342,4,3,0,over_50m,0,nearest_intersection_candidate
787,2,2329,-97.867275,30.199346,221.342,59.342,4,3,0,over_50m,0,nearest_intersection_candidate
787,3,2321,-97.858604,30.204062,764.611,59.342,3,3,0,over_50m,0,nearest_intersection_candidate
789,1,2511,-97.823091,30.23579,12.395,59.104,4,2,1,provisional_spatial_candidate,0,nearest_intersection_candidate
789,2,2506,-97.822684,30.236251,71.499,59.104,4,3,0,provisional_spatial_candidate,0,nearest_intersection_candidate
789,3,2505,-97.824175,30.234639,158.796,59.104,4,2,0,provisional_spatial_candidate,0,nearest_intersection_candidate
790,1,2505,-97.824175,30.234639,7.432,145.966,4,2,1,provisional_spatial_candidate,0,nearest_intersection_candidate
790,2,2490,-97.825605,30.235193,153.398,145.966,4,2,0,provisional_spatial_candidate,0,nearest_intersection_candidate
790,3,2511,-97.823091,30.23579,157.614,145.966,4,2,0,provisional_spatial_candidate,0,nearest_intersection_candidate
794,1,2506,-97.822684,30.236251,25.178,64.471,4,3,1,provisional_spatial_candidate,0,nearest_intersection_candidate
794,2,2511,-97.823091,30.23579,89.648,64.471,4,2,0,provisional_spatial_candidate,0,nearest_intersection_candidate
794,3,2508,-97.822571,30.237333,100.395,64.471,3,1,0,provisional_spatial_candidate,0,nearest_intersection_candidate
795,1,6344,-97.828522,30.228863,646.511,33.089,3,1,0,over_50m,0,nearest_intersection_candidate
795,2,6343,-97.82873,30.229139,679.6,33.089,3,2,0,over_50m,0,nearest_intersection_candidate
795,3,2487,-97.830077,30.227029,715.836,33.089,3,2,0,over_50m,0,nearest_intersection_candidate
796,1,5052,-97.666736,30.440939,101.136,67.415,4,3,0,over_50m,0,nearest_intersection_candidate
796,2,5048,-97.666093,30.441205,168.551,67.415,3,3,0,over_50m,0,nearest_intersection_candidate
796,3,5050,-97.669378,30.439962,176.87,67.415,4,3,0,over_50m,0,nearest_intersection_candidate
799,1,6247,-97.770898,30.486722,143.059,36.627,4,3,0,over_50m,0,nearest_intersection_candidate
799,2,6248,-97.769827,30.486989,179.686,36.627,4,3,0,over_50m,0,nearest_intersection_candidate
799,3,6246,-97.774559,30.496053,952.276,36.627,4,3,0,over_50m,0,nearest_intersection_candidate
800,1,6324,-97.654467,30.329384,48.575,77.505,4,3,1,provisional_spatial_candidate,0,nearest_intersection_candidate
800,2,6325,-97.655206,30.327959,126.081,77.505,4,3,0,provisional_spatial_candidate,0,nearest_intersection_candidate
800,3,6677,-97.661959,30.328859,691.946,77.505,3,2,0,provisional_spatial_candidate,0,nearest_intersection_candidate
801,1,6677,-97.661959,30.328859,249.369,157.186,3,2,0,over_50m,0,nearest_intersection_candidate
801,2,6325,-97.655206,30.327959,406.554,157.186,4,3,0,over_50m,0,nearest_intersection_candidate
801,3,6324,-97.654467,30.329384,484.427,157.186,4,3,0,over_50m,0,nearest_intersection_candidate
802,1,6329,-97.623569,30.330283,61.667,21.551,4,3,0,over_50m,0,nearest_intersection_candidate
802,2,6328,-97.622968,30.331476,83.218,21.551,4,3,0,over_50m,0,nearest_intersection_candidate
802,3,4496,-97.615454,30.342829,1536.914,21.551,3,3,0,over_50m,0,nearest_intersection_candidate
804,1,1162,-97.745632,30.407968,8.366,74.821,4,3,1,provisional_spatial_candidate,0,nearest_intersection_candidate
804,2,1127,-97.744691,30.407847,83.187,74.821,3,2,0,provisional_spatial_candidate,0,nearest_intersection_candidate
804,3,1160,-97.747856,30.407781,221.641,74.821,4,4,0,provisional_spatial_candidate,0,nearest_intersection_candidate
805,1,4949,-97.766381,30.435136,856.589,108.455,3,3,0,over_50m,0,nearest_intersection_candidate
805,2,4960,-97.759057,30.429501,965.044,108.455,3,2,0,over_50m,0,nearest_intersection_candidate
805,3,4979,-97.766563,30.433175,977.263,108.455,3,1,0,over_50m,0,nearest_intersection_candidate
806,1,2306,-97.830107,30.213668,759.93,74.926,4,4,0,over_50m,0,nearest_intersection_candidate
806,2,2498,-97.834969,30.221992,834.856,74.926,3,2,0,over_50m,0,nearest_intersection_candidate
806,3,2497,-97.835212,30.222202,864.109,74.926,3,1,0,over_50m,0,nearest_intersection_candidate
808,1,3941,-97.746366,30.400563,8.328,78.302,4,3,1,provisional_spatial_candidate,0,nearest_intersection_candidate
808,2,4138,-97.745409,30.400346,86.63,78.302,5,4,0,provisional_spatial_candidate,0,nearest_intersection_candidate
808,3,4080,-97.745793,30.399251,150.476,78.302,3,1,0,provisional_spatial_candidate,0,nearest_intersection_candidate
811,1,3938,-97.747009,30.394125,9.16,81.891,4,3,1,provisional_spatial_candidate,0,nearest_intersection_candidate
811,2,3939,-97.745969,30.394171,91.051,81.891,4,3,0,provisional_spatial_candidate,0,nearest_intersection_candidate
811,3,3937,-97.746882,30.392821,147.819,81.891,3,1,0,provisional_spatial_candidate,0,nearest_intersection_candidate
812,1,6253,-97.773523,30.496395,655.499,106.26,4,3,0,over_50m,0,nearest_intersection_candidate
812,2,6246,-97.774559,30.496053,761.759,106.26,4,3,0,over_50m,0,nearest_intersection_candidate
812,3,6547,-97.774544,30.507992,1289.801,106.26,4,3,0,over_50m,0,nearest_intersection_candidate
813,1,5083,-97.690253,30.413006,386.278,43.674,4,4,0,over_50m,0,nearest_intersection_candidate
813,2,5084,-97.688076,30.41504,429.953,43.674,3,3,0,over_50m,0,nearest_intersection_candidate
813,3,5087,-97.692765,30.414228,662.815,43.674,3,3,0,over_50m,0,nearest_intersection_candidate
814,1,2982,-97.753715,30.203236,22.193,265.657,4,4,1,provisional_spatial_candidate,0,nearest_intersection_candidate
814,2,2931,-97.751597,30.201675,287.851,265.657,3,3,0,provisional_spatial_candidate,0,nearest_intersection_candidate
814,3,2979,-97.756918,30.204917,338.756,265.657,3,2,0,provisional_spatial_candidate,0,nearest_intersection_candidate
815,1,4949,-97.766381,30.435136,61.796,46.191,3,3,0,over_50m,0,nearest_intersection_candidate
815,2,4981,-97.767927,30.434625,107.987,46.191,3,3,0,over_50m,0,nearest_intersection_candidate
815,3,4978,-97.768417,30.433846,201.613,46.191,3,2,0,over_50m,0,nearest_intersection_candidate
816,1,4385,-97.672028,30.375187,55.034,173.266,3,3,0,over_50m,0,nearest_intersection_candidate
816,2,4386,-97.674626,30.376399,228.3,173.266,4,3,0,over_50m,0,nearest_intersection_candidate
816,3,4394,-97.669794,30.374144,298.714,173.266,3,3,0,over_50m,0,nearest_intersection_candidate
817,1,2821,-97.653749,30.302651,31.418,267.612,3,3,1,provisional_spatial_candidate,0,nearest_intersection_candidate
817,2,4336,-97.656988,30.302674,299.03,267.612,3,3,0,provisional_spatial_candidate,0,nearest_intersection_candidate
817,3,4197,-97.652307,30.308384,627.465,267.612,3,3,0,provisional_spatial_candidate,0,nearest_intersection_candidate
818,1,2583,-97.789257,30.262343,6.951,91.974,3,2,1,provisional_spatial_candidate,0,nearest_intersection_candidate
818,2,2579,-97.788804,30.263095,98.925,91.974,3,1,0,provisional_spatial_candidate,0,nearest_intersection_candidate
818,3,2586,-97.789245,30.263327,115.874,91.974,3,2,0,provisional_spatial_candidate,0,nearest_intersection_candidate
820,1,4534,-97.638272,30.40338,813.608,89.671,3,3,0,over_50m,0,nearest_intersection_candidate
820,2,1138,-97.634956,30.401773,903.279,89.671,3,3,0,over_50m,0,nearest_intersection_candidate
820,3,1235,-97.637802,30.40409,904.485,89.671,3,3,0,over_50m,0,nearest_intersection_candidate
821,1,4900,-97.652867,30.432226,47.933,1403.775,4,4,1,provisional_spatial_candidate,0,nearest_intersection_candidate
821,2,5125,-97.667906,30.434788,1451.707,1403.775,3,1,0,provisional_spatial_candidate,0,nearest_intersection_candidate
821,3,5044,-97.668472,30.436024,1533.0,1403.775,3,2,0,provisional_spatial_candidate,0,nearest_intersection_candidate
822,1,6179,-97.819241,30.277664,766.421,26.202,4,3,0,over_50m,0,nearest_intersection_candidate
822,2,2228,-97.807103,30.279916,792.623,26.202,3,3,0,over_50m,0,nearest_intersection_candidate
822,3,6182,-97.819882,30.277397,807.967,26.202,3,2,0,over_50m,0,nearest_intersection_candidate
823,1,3202,-97.743776,30.219415,26.953,298.904,3,3,1,provisional_spatial_candidate,0,nearest_intersection_candidate
823,2,3207,-97.743772,30.216699,325.857,298.904,4,3,0,provisional_spatial_candidate,0,nearest_intersection_candidate
823,3,3028,-97.747121,30.220853,337.124,298.904,3,1,0,provisional_spatial_candidate,0,nearest_intersection_candidate
825,1,6243,-97.764561,30.475536,51.219,7.73,4,2,0,over_50m,0,nearest_intersection_candidate
825,2,6242,-97.764119,30.475684,58.949,7.73,4,2,0,over_50m,0,nearest_intersection_candidate
825,3,6245,-97.765108,30.476764,97.652,7.73,4,2,0,over_50m,0,nearest_intersection_candidate
826,1,2611,-97.845181,30.394252,988.134,1203.278,4,4,0,over_50m,0,nearest_intersection_candidate
826,2,1154,-97.853717,30.403618,2191.412,1203.278,4,4,0,over_50m,0,nearest_intersection_candidate
826,3,1120,-97.85219,30.406566,2291.609,1203.278,3,3,0,over_50m,0,nearest_intersection_candidate
827,1,2611,-97.845181,30.394252,44.002,1237.148,4,4,1,provisional_spatial_candidate,0,nearest_intersection_candidate
827,2,1154,-97.853717,30.403618,1281.15,1237.148,4,4,0,provisional_spatial_candidate,0,nearest_intersection_candidate
827,3,1120,-97.85219,30.406566,1484.099,1237.148,3,3,0,provisional_spatial_candidate,0,nearest_intersection_candidate
828,1,2809,-97.648404,30.38679,27.098,48.151,4,4,1,provisional_spatial_candidate,0,nearest_intersection_candidate
828,2,2842,-97.64909,30.387485,75.249,48.151,3,3,0,provisional_spatial_candidate,0,nearest_intersection_candidate
828,3,2808,-97.656381,30.389402,798.203,48.151,3,3,0,provisional_spatial_candidate,0,nearest_intersection_candidate
829,1,1120,-97.85219,30.406566,1838.329,358.821,3,3,0,over_50m,0,nearest_intersection_candidate
829,2,1154,-97.853717,30.403618,2197.149,358.821,4,4,0,over_50m,0,nearest_intersection_candidate
829,3,2611,-97.845181,30.394252,3074.358,358.821,4,4,0,over_50m,0,nearest_intersection_candidate
830,1,2597,-97.80014,30.274274,725.202,183.393,3,3,0,over_50m,0,nearest_intersection_candidate
830,2,2570,-97.80888,30.261715,908.595,183.393,3,3,0,over_50m,0,nearest_intersection_candidate
830,3,2228,-97.807103,30.279916,1240.35,183.393,3,3,0,over_50m,0,nearest_intersection_candidate
832,1,6192,-97.806646,30.335365,39.881,15.135,3,2,0,ambiguous_nearby_nodes,0,nearest_intersection_candidate
832,2,6188,-97.805752,30.335009,55.016,15.135,4,3,0,ambiguous_nearby_nodes,0,nearest_intersection_candidate
832,3,2673,-97.789923,30.331682,1616.604,15.135,3,3,0,ambiguous_nearby_nodes,0,nearest_intersection_candidate
833,1,6188,-97.805752,30.335009,538.674,5.36,4,3,0,over_50m,0,nearest_intersection_candidate
833,2,6192,-97.806646,30.335365,544.034,5.36,3,2,0,over_50m,0,nearest_intersection_candidate
833,3,6195,-97.79738,30.348257,1143.057,5.36,3,2,0,over_50m,0,nearest_intersection_candidate
834,1,4325,-97.6689,30.286181,51.119,24.052,3,3,0,over_50m,0,nearest_intersection_candidate
834,2,4326,-97.670191,30.286368,75.172,24.052,3,3,0,over_50m,0,nearest_intersection_candidate
834,3,4324,-97.671599,30.283689,359.273,24.052,3,3,0,over_50m,0,nearest_intersection_candidate
835,1,7263,-97.77311,30.44113,620.629,49.438,3,3,0,over_50m,0,nearest_intersection_candidate
835,2,4950,-97.771756,30.442002,670.066,49.438,3,3,0,over_50m,0,nearest_intersection_candidate
835,3,4564,-97.784945,30.450154,894.129,49.438,4,4,0,over_50m,0,nearest_intersection_candidate
836,1,2886,-97.711994,30.253619,345.31,54.634,4,4,0,over_50m,0,nearest_intersection_candidate
836,2,2876,-97.709095,30.259778,399.943,54.634,4,4,0,over_50m,0,nearest_intersection_candidate
836,3,2872,-97.712431,30.252756,448.99,54.634,4,4,0,over_50m,0,nearest_intersection_candidate
837,1,4983,-97.775785,30.436964,640.661,29.001,3,1,0,over_50m,0,nearest_intersection_candidate
837,2,4623,-97.773713,30.436169,669.661,29.001,3,2,0,over_50m,0,nearest_intersection_candidate
837,3,4985,-97.77455,30.437025,699.712,29.001,3,2,0,over_50m,0,nearest_intersection_candidate
838,1,6228,-97.741828,30.443701,782.371,65.073,4,3,0,over_50m,0,nearest_intersection_candidate
838,2,6229,-97.742458,30.443483,847.444,65.073,4,3,0,over_50m,0,nearest_intersection_candidate
838,3,4933,-97.725605,30.448854,876.217,65.073,3,3,0,over_50m,0,nearest_intersection_candidate
839,1,2988,-97.738198,30.168772,31.359,460.159,3,3,1,provisional_spatial_candidate,0,nearest_intersection_candidate
839,2,2983,-97.74138,30.165435,491.518,460.159,3,3,0,provisional_spatial_candidate,0,nearest_intersection_candidate
839,3,2985,-97.736012,30.159963,1031.271,460.159,3,3,0,provisional_spatial_candidate,0,nearest_intersection_candidate
840,1,3260,-97.726867,30.268219,19.435,426.242,5,5,1,provisional_spatial_candidate,0,nearest_intersection_candidate
840,2,3386,-97.728091,30.264512,445.676,426.242,3,3,0,provisional_spatial_candidate,0,nearest_intersection_candidate
840,3,3261,-97.73132,30.269839,452.81,426.242,4,3,0,provisional_spatial_candidate,0,nearest_intersection_candidate
841,1,3379,-97.71867,30.269488,42.066,375.761,4,4,1,provisional_spatial_candidate,0,nearest_intersection_candidate
841,2,2879,-97.714709,30.270125,417.827,375.761,3,3,0,provisional_spatial_candidate,0,nearest_intersection_candidate
841,3,3382,-97.719529,30.273537,429.206,375.761,4,4,0,provisional_spatial_candidate,0,nearest_intersection_candidate
842,1,3183,-97.730613,30.229603,105.139,107.638,3,3,0,over_50m,0,nearest_intersection_candidate
842,2,3195,-97.733625,30.230786,212.777,107.638,3,3,0,over_50m,0,nearest_intersection_candidate
842,3,3181,-97.735892,30.231527,445.482,107.638,3,3,0,over_50m,0,nearest_intersection_candidate
844,1,4089,-97.73965,30.393403,1.257,302.137,3,3,1,provisional_spatial_candidate,0,nearest_intersection_candidate
844,2,4090,-97.739333,30.390699,303.393,302.137,3,3,0,provisional_spatial_candidate,0,nearest_intersection_candidate
844,3,4091,-97.734457,30.392147,517.348,302.137,3,2,0,provisional_spatial_candidate,0,nearest_intersection_candidate
845,1,7262,-97.747668,30.441522,672.907,475.527,3,3,0,over_50m,0,nearest_intersection_candidate
845,2,4995,-97.758657,30.448963,1148.433,475.527,3,3,0,over_50m,0,nearest_intersection_candidate
845,3,4960,-97.759057,30.429501,1190.778,475.527,3,2,0,over_50m,0,nearest_intersection_candidate
846,1,3997,-97.754694,30.39489,8.726,462.843,3,3,1,provisional_spatial_candidate,0,nearest_intersection_candidate
846,2,3995,-97.74982,30.394193,471.569,462.843,3,3,0,provisional_spatial_candidate,0,nearest_intersection_candidate
846,3,3938,-97.747009,30.394125,740.083,462.843,4,3,0,provisional_spatial_candidate,0,nearest_intersection_candidate
847,1,6201,-97.771188,30.382833,25.637,45.352,4,3,1,provisional_spatial_candidate,0,nearest_intersection_candidate
847,2,6203,-97.770828,30.382216,70.989,45.352,3,2,0,provisional_spatial_candidate,0,nearest_intersection_candidate
847,3,6204,-97.766864,30.385161,513.442,45.352,3,2,0,provisional_spatial_candidate,0,nearest_intersection_candidate
848,1,6200,-97.785562,30.371615,11.464,23.858,3,2,1,provisional_spatial_candidate,0,nearest_intersection_candidate
848,2,6199,-97.785878,30.37193,35.323,23.858,4,3,0,provisional_spatial_candidate,0,nearest_intersection_candidate
848,3,2683,-97.789691,30.366071,733.293,23.858,3,2,0,provisional_spatial_candidate,0,nearest_intersection_candidate
849,1,6210,-97.759734,30.387908,27.523,3.607,3,2,0,ambiguous_nearby_nodes,0,nearest_intersection_candidate
849,2,6209,-97.759726,30.388404,31.13,3.607,4,3,0,ambiguous_nearby_nodes,0,nearest_intersection_candidate
849,3,6202,-97.766459,30.384604,747.277,3.607,4,3,0,ambiguous_nearby_nodes,0,nearest_intersection_candidate
850,1,6204,-97.766864,30.385161,20.56,32.161,3,2,1,provisional_spatial_candidate,0,nearest_intersection_candidate
850,2,6202,-97.766459,30.384604,52.721,32.161,4,3,0,provisional_spatial_candidate,0,nearest_intersection_candidate
850,3,6201,-97.771188,30.382833,491.633,32.161,4,3,0,provisional_spatial_candidate,0,nearest_intersection_candidate
851,1,4212,-97.699929,30.28288,380.458,233.061,3,3,0,over_50m,0,nearest_intersection_candidate
851,2,4214,-97.698191,30.288941,613.52,233.061,4,4,0,over_50m,0,nearest_intersection_candidate
851,3,4221,-97.700943,30.287403,619.562,233.061,3,3,0,over_50m,0,nearest_intersection_candidate
852,1,6196,-97.798305,30.348712,507.168,1.166,3,2,0,over_50m,0,nearest_intersection_candidate
852,2,6195,-97.79738,30.348257,508.334,1.166,3,2,0,over_50m,0,nearest_intersection_candidate
852,3,2685,-97.792832,30.356715,528.873,1.166,3,2,0,over_50m,0,nearest_intersection_candidate
853,1,4115,-97.734995,30.39006,11.493,97.886,4,3,1,provisional_spatial_candidate,0,nearest_intersection_candidate
853,2,4137,-97.733865,30.389772,109.379,97.886,3,2,0,provisional_spatial_candidate,0,nearest_intersection_candidate
853,3,4132,-97.735002,30.388328,181.144,97.886,3,1,0,provisional_spatial_candidate,0,nearest_intersection_candidate
855,1,4090,-97.739333,30.390699,10.388,291.727,3,3,1,provisional_spatial_candidate,0,nearest_intersection_candidate
855,2,4089,-97.73965,30.393403,302.116,291.727,3,3,0,provisional_spatial_candidate,0,nearest_intersection_candidate
855,3,4115,-97.734995,30.39006,432.197,291.727,4,3,0,provisional_spatial_candidate,0,nearest_intersection_candidate
856,1,4090,-97.739333,30.390699,215.882,52.797,3,3,0,over_50m,0,nearest_intersection_candidate
856,2,4129,-97.744252,30.389832,268.679,52.797,5,3,0,over_50m,0,nearest_intersection_candidate
856,3,4081,-97.744834,30.39053,312.407,52.797,3,1,0,over_50m,0,nearest_intersection_candidate
857,1,6217,-97.74582,30.389365,13.591,2.235,4,2,0,ambiguous_nearby_nodes,0,nearest_intersection_candidate
857,2,6216,-97.745683,30.389129,15.825,2.235,4,2,0,ambiguous_nearby_nodes,0,nearest_intersection_candidate
857,3,4129,-97.744252,30.389832,158.896,2.235,5,3,0,ambiguous_nearby_nodes,0,nearest_intersection_candidate
859,1,3605,-97.675821,30.336801,158.449,178.656,3,3,0,over_50m,0,nearest_intersection_candidate
859,2,4358,-97.678559,30.335676,337.106,178.656,3,3,0,over_50m,0,nearest_intersection_candidate
859,3,4176,-97.680084,30.335011,489.208,178.656,3,3,0,over_50m,0,nearest_intersection_candidate
860,1,3449,-97.68356,30.217387,830.171,73.039,3,2,0,over_50m,0,nearest_intersection_candidate
860,2,7289,-97.68266,30.21803,903.209,73.039,3,1,0,over_50m,0,nearest_intersection_candidate
860,3,3444,-97.689988,30.217802,1087.436,73.039,3,2,0,over_50m,0,nearest_intersection_candidate
861,1,2679,-97.805007,30.37739,48.645,793.533,3,3,1,provisional_spatial_candidate,0,nearest_intersection_candidate
861,2,2678,-97.796726,30.377974,842.179,793.533,3,3,0,provisional_spatial_candidate,0,nearest_intersection_candidate
861,3,2677,-97.801644,30.369555,924.464,793.533,3,3,0,provisional_spatial_candidate,0,nearest_intersection_candidate
862,1,2293,-97.837208,30.202866,267.995,446.036,3,3,0,over_50m,0,nearest_intersection_candidate
862,2,2414,-97.842094,30.195122,714.031,446.036,4,4,0,over_50m,0,nearest_intersection_candidate
862,3,6104,-97.832635,30.190477,1294.095,446.036,4,4,0,over_50m,0,nearest_intersection_candidate
863,1,6531,-97.612646,30.366534,226.677,15.692,3,3,0,over_50m,0,nearest_intersection_candidate
863,2,4528,-97.615171,30.367186,242.369,15.692,5,5,0,over_50m,0,nearest_intersection_candidate
863,3,4531,-97.612439,30.364355,468.575,15.692,4,4,0,over_50m,0,nearest_intersection_candidate
864,1,6686,-97.621686,30.168706,613.188,165.992,3,3,0,over_50m,0,nearest_intersection_candidate
864,2,6022,-97.627823,30.171685,779.18,165.992,4,3,0,over_50m,0,nearest_intersection_candidate
864,3,6021,-97.630416,30.172862,991.087,165.992,4,3,0,over_50m,0,nearest_intersection_candidate
865,1,4949,-97.766381,30.435136,616.159,129.08,3,3,0,over_50m,0,nearest_intersection_candidate
865,2,4979,-97.766563,30.433175,745.239,129.08,3,1,0,over_50m,0,nearest_intersection_candidate
865,3,4981,-97.767927,30.434625,774.75,129.08,3,3,0,over_50m,0,nearest_intersection_candidate
866,1,2652,-97.840649,30.304314,1870.487,48.556,3,3,0,over_50m,0,nearest_intersection_candidate
866,2,2644,-97.827853,30.298267,1919.043,48.556,3,2,0,over_50m,0,nearest_intersection_candidate
866,3,2649,-97.828157,30.297657,1989.36,48.556,3,1,0,over_50m,0,nearest_intersection_candidate
867,1,4708,-97.793506,30.461121,510.622,20.071,5,3,0,over_50m,0,nearest_intersection_candidate
867,2,4721,-97.794615,30.462767,530.692,20.071,3,2,0,over_50m,0,nearest_intersection_candidate
867,3,4723,-97.794735,30.462731,542.804,20.071,3,1,0,over_50m,0,nearest_intersection_candidate
868,1,4555,-97.77596,30.45312,42.075,845.0,3,3,1,provisional_spatial_candidate,0,nearest_intersection_candidate
868,2,4564,-97.784945,30.450154,887.075,845.0,4,4,0,provisional_spatial_candidate,0,nearest_intersection_candidate
868,3,4950,-97.771756,30.442002,1321.609,845.0,3,3,0,provisional_spatial_candidate,0,nearest_intersection_candidate
869,1,4725,-97.80697,30.446946,34.651,387.131,3,3,1,provisional_spatial_candidate,0,nearest_intersection_candidate
869,2,4678,-97.811609,30.446738,421.782,387.131,3,3,0,provisional_spatial_candidate,0,nearest_intersection_candidate
869,3,4681,-97.805994,30.441085,685.594,387.131,3,3,0,provisional_spatial_candidate,0,nearest_intersection_candidate
870,1,2682,-97.79047,30.359284,266.397,156.75,4,3,0,over_50m,0,nearest_intersection_candidate
870,2,2684,-97.792073,30.35956,423.148,156.75,4,3,0,over_50m,0,nearest_intersection_candidate
870,3,2687,-97.792341,30.356539,515.436,156.75,3,1,0,over_50m,0,nearest_intersection_candidate
871,1,3603,-97.717279,30.402168,470.507,341.708,3,3,0,over_50m,0,nearest_intersection_candidate
871,2,3597,-97.716,30.40504,812.215,341.708,3,3,0,over_50m,0,nearest_intersection_candidate
871,3,4097,-97.721548,30.390878,854.72,341.708,4,4,0,over_50m,0,nearest_intersection_candidate
872,1,5035,-97.676284,30.426695,776.168,51.748,4,4,0,over_50m,0,nearest_intersection_candidate
872,2,5085,-97.689735,30.418142,827.916,51.748,3,3,0,over_50m,0,nearest_intersection_candidate
872,3,5120,-97.673056,30.421435,917.386,51.748,3,2,0,over_50m,0,nearest_intersection_candidate
873,1,1154,-97.853717,30.403618,34.374,332.317,4,4,1,provisional_spatial_candidate,0,nearest_intersection_candidate
873,2,1120,-97.85219,30.406566,366.691,332.317,3,3,0,provisional_spatial_candidate,0,nearest_intersection_candidate
873,3,2611,-97.845181,30.394252,1351.969,332.317,4,4,0,provisional_spatial_candidate,0,nearest_intersection_candidate
874,1,1120,-97.85219,30.406566,27.807,323.901,3,3,1,provisional_spatial_candidate,0,nearest_intersection_candidate
874,2,1154,-97.853717,30.403618,351.708,323.901,4,4,0,provisional_spatial_candidate,0,nearest_intersection_candidate
874,3,2611,-97.845181,30.394252,1540.607,323.901,4,4,0,provisional_spatial_candidate,0,nearest_intersection_candidate
875,1,6176,-97.812577,30.257784,38.769,4.725,3,2,0,ambiguous_nearby_nodes,0,nearest_intersection_candidate
875,2,6177,-97.811886,30.258221,43.494,4.725,4,3,0,ambiguous_nearby_nodes,0,nearest_intersection_candidate
875,3,2570,-97.80888,30.261715,525.899,4.725,3,3,0,ambiguous_nearby_nodes,0,nearest_intersection_candidate
876,1,6950,-97.806536,30.251437,341.289,59.975,4,2,0,over_50m,0,nearest_intersection_candidate
876,2,6951,-97.806792,30.250611,401.264,59.975,4,2,0,over_50m,0,nearest_intersection_candidate
876,3,2482,-97.806316,30.249719,510.062,59.975,3,1,0,over_50m,0,nearest_intersection_candidate
877,1,6507,-97.639325,30.20263,52.053,21.242,3,2,0,over_50m,0,nearest_intersection_candidate
877,2,6505,-97.638821,30.203259,73.295,21.242,4,3,0,over_50m,0,nearest_intersection_candidate
877,3,6506,-97.637889,30.201793,212.467,21.242,4,3,0,over_50m,0,nearest_intersection_candidate
879,1,1120,-97.85219,30.406566,1227.14,358.909,3,3,0,over_50m,0,nearest_intersection_candidate
879,2,1154,-97.853717,30.403618,1586.048,358.909,4,4,0,over_50m,0,nearest_intersection_candidate
879,3,2611,-97.845181,30.394252,2512.114,358.909,4,4,0,over_50m,0,nearest_intersection_candidate
880,1,2891,-97.748887,30.210789,21.848,189.901,4,4,1,provisional_spatial_candidate,0,nearest_intersection_candidate
880,2,2865,-97.74713,30.209953,211.749,189.901,3,3,0,provisional_spatial_candidate,0,nearest_intersection_candidate
880,3,2863,-97.7521,30.212319,333.986,189.901,3,2,0,provisional_spatial_candidate,0,nearest_intersection_candidate
881,1,2865,-97.74713,30.209953,34.987,128.615,3,3,1,provisional_spatial_candidate,0,nearest_intersection_candidate
881,2,2891,-97.748887,30.210789,163.602,128.615,4,4,0,provisional_spatial_candidate,0,nearest_intersection_candidate
881,3,2892,-97.744127,30.208545,358.754,128.615,3,3,0,provisional_spatial_candidate,0,nearest_intersection_candidate
882,1,6948,-97.803793,30.248003,36.953,16.858,4,2,0,ambiguous_nearby_nodes,0,nearest_intersection_candidate
882,2,6949,-97.804326,30.247329,53.811,16.858,4,2,0,ambiguous_nearby_nodes,0,nearest_intersection_candidate
882,3,6954,-97.80285,30.245537,267.861,16.858,3,2,0,ambiguous_nearby_nodes,0,nearest_intersection_candidate
883,1,6950,-97.806536,30.251437,42.833,9.449,4,2,0,ambiguous_nearby_nodes,0,nearest_intersection_candidate
883,2,6951,-97.806792,30.250611,52.282,9.449,4,2,0,ambiguous_nearby_nodes,0,nearest_intersection_candidate
883,3,2482,-97.806316,30.249719,153.681,9.449,3,1,0,ambiguous_nearby_nodes,0,nearest_intersection_candidate
885,1,1708,-97.832825,30.149554,843.011,1022.855,3,3,0,over_50m,0,nearest_intersection_candidate
885,2,1709,-97.832826,30.140349,1865.866,1022.855,3,3,0,over_50m,0,nearest_intersection_candidate
885,3,2386,-97.823559,30.173459,2043.791,1022.855,4,4,0,over_50m,0,nearest_intersection_candidate
886,1,3184,-97.727271,30.227057,65.408,297.286,4,4,0,over_50m,0,nearest_intersection_candidate
886,2,3183,-97.730613,30.229603,362.694,297.286,3,3,0,over_50m,0,nearest_intersection_candidate
886,3,3189,-97.723983,30.225227,440.273,297.286,3,3,0,over_50m,0,nearest_intersection_candidate
887,1,3395,-97.698218,30.191629,1499.73,396.716,4,4,0,over_50m,0,nearest_intersection_candidate
887,2,2853,-97.716385,30.205211,1896.446,396.716,3,3,0,over_50m,0,nearest_intersection_candidate
887,3,2883,-97.721729,30.172286,1959.995,396.716,3,3,0,over_50m,0,nearest_intersection_candidate
888,1,1120,-97.85219,30.406566,2634.054,358.342,3,3,0,over_50m,0,nearest_intersection_candidate
888,2,1154,-97.853717,30.403618,2992.396,358.342,4,4,0,over_50m,0,nearest_intersection_candidate
888,3,4651,-97.845607,30.456943,3143.981,358.342,3,3,0,over_50m,0,nearest_intersection_candidate
889,1,5906,-97.825529,30.455204,1493.16,395.979,4,4,0,over_50m,0,nearest_intersection_candidate
889,2,7037,-97.822767,30.457934,1889.14,395.979,4,4,0,over_50m,0,nearest_intersection_candidate
889,3,4651,-97.845607,30.456943,1915.863,395.979,3,3,0,over_50m,0,nearest_intersection_candidate
890,1,3011,-97.741993,30.233874,185.452,6.88,4,3,0,over_50m,0,nearest_intersection_candidate
890,2,3015,-97.741698,30.234455,192.332,6.88,3,2,0,over_50m,0,nearest_intersection_candidate
890,3,3216,-97.741125,30.235517,262.778,6.88,3,1,0,over_50m,0,nearest_intersection_candidate
891,1,2464,-97.818097,30.232666,31.176,69.341,4,3,1,provisional_spatial_candidate,0,nearest_intersection_candidate
891,2,6342,-97.817475,30.233027,100.517,69.341,3,2,0,provisional_spatial_candidate,0,nearest_intersection_candidate
891,3,2476,-97.818327,30.233651,112.884,69.341,3,2,0,provisional_spatial_candidate,0,nearest_intersection_candidate
893,1,6246,-97.774559,30.496053,248.658,28.935,4,3,0,over_50m,0,nearest_intersection_candidate
893,2,6253,-97.773523,30.496395,277.592,28.935,4,3,0,over_50m,0,nearest_intersection_candidate
893,3,6546,-97.775555,30.507563,1054.96,28.935,4,3,0,over_50m,0,nearest_intersection_candidate
894,1,3189,-97.723983,30.225227,56.536,268.853,3,3,0,over_50m,0,nearest_intersection_candidate
894,2,3184,-97.727271,30.227057,325.389,268.853,4,4,0,over_50m,0,nearest_intersection_candidate
894,3,3183,-97.730613,30.229603,748.833,268.853,3,3,0,over_50m,0,nearest_intersection_candidate
895,1,5854,-97.802732,30.489789,1181.316,29.169,3,2,0,over_50m,0,nearest_intersection_candidate
895,2,5855,-97.803106,30.48987,1210.485,29.169,3,1,0,over_50m,0,nearest_intersection_candidate
895,3,5856,-97.803199,30.488259,1299.336,29.169,3,1,0,over_50m,0,nearest_intersection_candidate
896,1,4716,-97.796917,30.468463,77.325,7.235,3,1,0,over_50m,0,nearest_intersection_candidate
896,2,4717,-97.797041,30.468438,84.56,7.235,3,2,0,over_50m,0,nearest_intersection_candidate
896,3,4664,-97.797417,30.469788,104.93,7.235,4,3,0,over_50m,0,nearest_intersection_candidate
900,1,2471,-97.806739,30.218583,60.574,716.188,3,3,0,over_50m,0,nearest_intersection_candidate
900,2,2548,-97.803685,30.225331,776.762,716.188,4,4,0,over_50m,0,nearest_intersection_candidate
900,3,2309,-97.797393,30.215206,1026.726,716.188,4,4,0,over_50m,0,nearest_intersection_candidate
901,1,2548,-97.803685,30.225331,35.706,317.649,4,4,1,provisional_spatial_candidate,0,nearest_intersection_candidate
901,2,2542,-97.801512,30.228047,353.355,317.649,3,3,0,provisional_spatial_candidate,0,nearest_intersection_candidate
901,3,2530,-97.801013,30.229003,466.718,317.649,3,3,0,provisional_spatial_candidate,0,nearest_intersection_candidate
902,1,2530,-97.801013,30.229003,30.339,83.207,3,3,1,provisional_spatial_candidate,0,nearest_intersection_candidate
902,2,2542,-97.801512,30.228047,113.546,83.207,3,3,0,provisional_spatial_candidate,0,nearest_intersection_candidate
902,3,2544,-97.799467,30.229025,178.346,83.207,3,3,0,provisional_spatial_candidate,0,nearest_intersection_candidate
903,1,3896,-97.728383,30.317586,10.557,215.638,3,3,1,provisional_spatial_candidate,0,nearest_intersection_candidate
903,2,3889,-97.730551,30.318561,226.196,215.638,3,3,0,provisional_spatial_candidate,0,nearest_intersection_candidate
903,3,7294,-97.73184,30.316597,348.246,215.638,3,3,0,provisional_spatial_candidate,0,nearest_intersection_candidate
906,1,7037,-97.822767,30.457934,35.014,355.784,4,4,1,provisional_spatial_candidate,0,nearest_intersection_candidate
906,2,5906,-97.825529,30.455204,390.798,355.784,4,4,0,provisional_spatial_candidate,0,nearest_intersection_candidate
906,3,5908,-97.815819,30.461729,810.855,355.784,3,3,0,provisional_spatial_candidate,0,nearest_intersection_candidate
907,1,5908,-97.815819,30.461729,552.954,188.73,3,3,0,over_50m,0,nearest_intersection_candidate
907,2,7024,-97.80317,30.465685,741.684,188.73,5,3,0,over_50m,0,nearest_intersection_candidate
907,3,4699,-97.80665,30.455434,1014.452,188.73,3,3,0,over_50m,0,nearest_intersection_candidate
908,1,5908,-97.815819,30.461729,51.339,748.151,3,3,0,over_50m,0,nearest_intersection_candidate
908,2,7037,-97.822767,30.457934,799.49,748.151,4,4,0,over_50m,0,nearest_intersection_candidate
908,3,4699,-97.80665,30.455434,1168.376,748.151,3,3,0,over_50m,0,nearest_intersection_candidate
909,1,5908,-97.815819,30.461729,405.371,18.065,3,3,0,over_50m,0,nearest_intersection_candidate
909,2,7037,-97.822767,30.457934,423.436,18.065,4,4,0,over_50m,0,nearest_intersection_candidate
909,3,5906,-97.825529,30.455204,826.192,18.065,4,4,0,over_50m,0,nearest_intersection_candidate
910,1,3641,-97.741269,30.315116,204.023,27.88,4,4,0,over_50m,0,nearest_intersection_candidate
910,2,3902,-97.737326,30.313189,231.903,27.88,4,4,0,over_50m,0,nearest_intersection_candidate
910,3,3904,-97.735509,30.315185,380.696,27.88,3,3,0,over_50m,0,nearest_intersection_candidate
912,1,5906,-97.825529,30.455204,394.422,401.68,4,4,0,over_50m,0,nearest_intersection_candidate
912,2,7037,-97.822767,30.457934,796.102,401.68,4,4,0,over_50m,0,nearest_intersection_candidate
912,3,4656,-97.838284,30.460705,1282.893,401.68,3,3,0,over_50m,0,nearest_intersection_candidate
913,1,2679,-97.805007,30.37739,947.452,695.358,3,3,0,over_50m,0,nearest_intersection_candidate
913,2,2678,-97.796726,30.377974,1642.81,695.358,3,3,0,over_50m,0,nearest_intersection_candidate
913,3,2677,-97.801644,30.369555,1790.215,695.358,3,3,0,over_50m,0,nearest_intersection_candidate
914,1,2620,-97.884445,30.377304,46.423,1302.233,3,3,1,provisional_spatial_candidate,0,nearest_intersection_candidate
914,2,2624,-97.882163,30.389427,1348.656,1302.233,3,3,0,provisional_spatial_candidate,0,nearest_intersection_candidate
914,3,2623,-97.868841,30.394185,2406.814,1302.233,3,3,0,provisional_spatial_candidate,0,nearest_intersection_candidate
918,1,2287,-97.849577,30.183334,1410.593,314.822,4,4,0,over_50m,0,nearest_intersection_candidate
918,2,6579,-97.840814,30.179085,1725.415,314.822,3,3,0,over_50m,0,nearest_intersection_candidate
918,3,2330,-97.878449,30.180052,2229.762,314.822,3,2,0,over_50m,0,nearest_intersection_candidate
919,1,1768,-97.781155,30.208275,570.027,277.678,4,4,0,over_50m,0,nearest_intersection_candidate
919,2,2455,-97.786904,30.210516,847.705,277.678,3,3,0,over_50m,0,nearest_intersection_candidate
919,3,1723,-97.774484,30.204722,984.585,277.678,4,4,0,over_50m,0,nearest_intersection_candidate
920,1,3599,-97.682889,30.337118,41.099,356.613,4,4,1,provisional_spatial_candidate,0,nearest_intersection_candidate
920,2,4176,-97.680084,30.335011,397.712,356.613,3,3,0,provisional_spatial_candidate,0,nearest_intersection_candidate
920,3,4358,-97.678559,30.335676,485.522,356.613,3,3,0,provisional_spatial_candidate,0,nearest_intersection_candidate
921,1,4213,-97.70365,30.282283,561.284,22.416,4,4,0,over_50m,0,nearest_intersection_candidate
921,2,4218,-97.706096,30.28608,583.7,22.416,4,4,0,over_50m,0,nearest_intersection_candidate
921,3,2767,-97.716795,30.280124,726.251,22.416,4,4,0,over_50m,0,nearest_intersection_candidate
922,1,2420,-97.799273,30.172226,465.758,115.236,4,4,0,over_50m,0,nearest_intersection_candidate
922,2,2422,-97.798642,30.173904,580.994,115.236,3,3,0,over_50m,0,nearest_intersection_candidate
922,3,2421,-97.788279,30.166962,770.274,115.236,3,3,0,over_50m,0,nearest_intersection_candidate
923,1,2620,-97.884445,30.377304,2220.678,1230.073,3,3,0,over_50m,0,nearest_intersection_candidate
923,2,2624,-97.882163,30.389427,3450.751,1230.073,3,3,0,over_50m,0,nearest_intersection_candidate
923,3,2623,-97.868841,30.394185,4619.615,1230.073,3,3,0,over_50m,0,nearest_intersection_candidate
924,1,6632,-97.876247,30.211877,501.53,286.119,3,3,0,over_50m,0,nearest_intersection_candidate
924,2,2333,-97.877747,30.200434,787.649,286.119,4,4,0,over_50m,0,nearest_intersection_candidate
924,3,2329,-97.867275,30.199346,1343.81,286.119,4,3,0,over_50m,0,nearest_intersection_candidate
925,1,2921,-97.745726,30.158249,26.363,866.674,3,3,1,provisional_spatial_candidate,0,nearest_intersection_candidate
925,2,2983,-97.74138,30.165435,893.037,866.674,3,3,0,provisional_spatial_candidate,0,nearest_intersection_candidate
925,3,2985,-97.736012,30.159963,966.982,866.674,3,3,0,provisional_spatial_candidate,0,nearest_intersection_candidate
926,1,4460,-97.677071,30.345585,47.007,191.863,3,3,1,provisional_spatial_candidate,0,nearest_intersection_candidate
926,2,3577,-97.678025,30.343706,238.87,191.863,3,3,0,provisional_spatial_candidate,0,nearest_intersection_candidate
926,3,4459,-97.675576,30.350479,551.328,191.863,3,3,0,provisional_spatial_candidate,0,nearest_intersection_candidate
927,1,4349,-97.672454,30.324318,91.624,67.055,4,2,0,over_50m,0,nearest_intersection_candidate
927,2,4350,-97.671539,30.324634,158.68,67.055,4,2,0,over_50m,0,nearest_intersection_candidate
927,3,4338,-97.673713,30.326282,166.246,67.055,4,2,0,over_50m,0,nearest_intersection_candidate
928,1,2611,-97.845181,30.394252,353.643,1293.346,4,4,0,over_50m,0,nearest_intersection_candidate
928,2,1154,-97.853717,30.403618,1646.989,1293.346,4,4,0,over_50m,0,nearest_intersection_candidate
928,3,1120,-97.85219,30.406566,1812.874,1293.346,3,3,0,over_50m,0,nearest_intersection_candidate
929,1,3839,-97.721585,30.283517,103.122,73.588,3,3,0,over_50m,0,nearest_intersection_candidate
929,2,3864,-97.720124,30.283785,176.71,73.588,3,3,0,over_50m,0,nearest_intersection_candidate
929,3,3835,-97.723461,30.285868,225.706,73.588,4,3,0,over_50m,0,nearest_intersection_candidate
930,1,3181,-97.735892,30.231527,15.791,99.368,3,3,1,provisional_spatial_candidate,0,nearest_intersection_candidate
930,2,3176,-97.7367,30.232103,115.16,99.368,4,4,0,provisional_spatial_candidate,0,nearest_intersection_candidate
930,3,3195,-97.733625,30.230786,217.164,99.368,3,3,0,provisional_spatial_candidate,0,nearest_intersection_candidate
933,1,3055,-97.749857,30.247997,354.221,246.482,3,3,0,over_50m,0,nearest_intersection_candidate
933,2,3035,-97.750651,30.245881,600.703,246.482,3,3,0,over_50m,0,nearest_intersection_candidate
933,3,3019,-97.746562,30.256886,686.586,246.482,4,4,0,over_50m,0,nearest_intersection_candidate
934,1,3055,-97.749857,30.247997,224.186,245.74,3,3,0,over_50m,0,nearest_intersection_candidate
934,2,3035,-97.750651,30.245881,469.925,245.74,3,3,0,over_50m,0,nearest_intersection_candidate
934,3,3014,-97.750998,30.244906,583.166,245.74,3,3,0,over_50m,0,nearest_intersection_candidate
936,1,3915,-97.719568,30.314016,40.434,233.974,4,4,1,provisional_spatial_candidate,0,nearest_intersection_candidate
936,2,3922,-97.718167,30.316155,274.408,233.974,3,3,0,provisional_spatial_candidate,0,nearest_intersection_candidate
936,3,3920,-97.720878,30.317393,365.672,233.974,3,3,0,provisional_spatial_candidate,0,nearest_intersection_candidate
937,1,4204,-97.685902,30.332674,29.387,60.468,4,3,1,provisional_spatial_candidate,0,nearest_intersection_candidate
937,2,3609,-97.687068,30.332629,89.855,60.468,3,1,0,provisional_spatial_candidate,0,nearest_intersection_candidate
937,3,4201,-97.687171,30.332391,108.245,60.468,3,2,0,provisional_spatial_candidate,0,nearest_intersection_candidate
938,1,3521,-97.76957,30.341347,905.772,568.142,3,3,0,over_50m,0,nearest_intersection_candidate
938,2,2673,-97.789923,30.331682,1473.914,568.142,3,3,0,over_50m,0,nearest_intersection_candidate
938,3,3728,-97.7642,30.329318,1924.786,568.142,3,3,0,over_50m,0,nearest_intersection_candidate
939,1,4555,-97.77596,30.45312,966.212,146.355,3,3,0,over_50m,0,nearest_intersection_candidate
939,2,4995,-97.758657,30.448963,1112.567,146.355,3,3,0,over_50m,0,nearest_intersection_candidate
939,3,6236,-97.75412,30.458875,1227.772,146.355,4,3,0,over_50m,0,nearest_intersection_candidate
940,1,3933,-97.75722,30.371596,7.133,356.762,4,4,1,provisional_spatial_candidate,0,nearest_intersection_candidate
940,2,3935,-97.755373,30.374388,363.894,356.762,3,3,0,provisional_spatial_candidate,0,nearest_intersection_candidate
940,3,3980,-97.763358,30.36485,947.766,356.762,3,3,0,provisional_spatial_candidate,0,nearest_intersection_candidate
941,1,3935,-97.755373,30.374388,8.68,341.732,3,3,1,provisional_spatial_candidate,0,nearest_intersection_candidate
941,2,3933,-97.75722,30.371596,350.412,341.732,4,4,0,provisional_spatial_candidate,0,nearest_intersection_candidate
941,3,3980,-97.763358,30.36485,1300.735,341.732,3,3,0,provisional_spatial_candidate,0,nearest_intersection_candidate
942,1,3521,-97.76957,30.341347,7.487,1267.382,3,3,1,provisional_spatial_candidate,0,nearest_intersection_candidate
942,2,3734,-97.760369,30.333101,1274.869,1267.382,3,3,0,provisional_spatial_candidate,0,nearest_intersection_candidate
942,3,3752,-97.757025,30.337477,1283.422,1267.382,4,4,0,provisional_spatial_candidate,0,nearest_intersection_candidate
943,1,3035,-97.750651,30.245881,127.23,3.683,3,3,0,over_50m,0,nearest_intersection_candidate
943,2,3055,-97.749857,30.247997,130.912,3.683,3,3,0,over_50m,0,nearest_intersection_candidate
943,3,3014,-97.750998,30.244906,238.317,3.683,3,3,0,over_50m,0,nearest_intersection_candidate
945,1,1723,-97.774484,30.204722,267.493,572.688,4,4,0,over_50m,0,nearest_intersection_candidate
945,2,1768,-97.781155,30.208275,840.181,572.688,4,4,0,over_50m,0,nearest_intersection_candidate
945,3,1764,-97.778594,30.192997,1096.144,572.688,4,4,0,over_50m,0,nearest_intersection_candidate
947,1,4260,-97.690073,30.328741,46.104,332.21,3,3,1,provisional_spatial_candidate,0,nearest_intersection_candidate
947,2,4259,-97.694146,30.327962,378.315,332.21,3,3,0,provisional_spatial_candidate,0,nearest_intersection_candidate
947,3,4258,-97.691914,30.325779,390.287,332.21,4,4,0,provisional_spatial_candidate,0,nearest_intersection_candidate
948,1,2620,-97.884445,30.377304,1138.753,1287.468,3,3,0,over_50m,0,nearest_intersection_candidate
948,2,2624,-97.882163,30.389427,2426.22,1287.468,3,3,0,over_50m,0,nearest_intersection_candidate
948,3,2623,-97.868841,30.394185,3539.498,1287.468,3,3,0,over_50m,0,nearest_intersection_candidate
949,1,1235,-97.637802,30.40409,369.612,90.859,3,3,0,over_50m,0,nearest_intersection_candidate
949,2,4534,-97.638272,30.40338,460.472,90.859,3,3,0,over_50m,0,nearest_intersection_candidate
949,3,1138,-97.634956,30.401773,594.0,90.859,3,3,0,over_50m,0,nearest_intersection_candidate
950,1,3059,-97.764056,30.243776,32.372,490.793,4,4,1,provisional_spatial_candidate,0,nearest_intersection_candidate
950,2,3058,-97.761886,30.24814,523.164,490.793,3,3,0,provisional_spatial_candidate,0,nearest_intersection_candidate
950,3,3086,-97.759332,30.241908,531.051,490.793,4,4,0,provisional_spatial_candidate,0,nearest_intersection_candidate
951,1,3165,-97.753752,30.271281,181.374,59.411,4,3,0,over_50m,0,nearest_intersection_candidate
951,2,3158,-97.75433,30.270135,240.785,59.411,4,4,0,over_50m,0,nearest_intersection_candidate
951,3,7298,-97.75348,30.269783,315.95,59.411,3,3,0,over_50m,0,nearest_intersection_candidate
952,1,3577,-97.678025,30.343706,42.796,173.006,3,3,1,provisional_spatial_candidate,0,nearest_intersection_candidate
952,2,4460,-97.677071,30.345585,215.802,173.006,3,3,0,provisional_spatial_candidate,0,nearest_intersection_candidate
952,3,4459,-97.675576,30.350479,769.589,173.006,3,3,0,provisional_spatial_candidate,0,nearest_intersection_candidate
953,1,3164,-97.749576,30.26872,41.784,52.381,4,4,1,provisional_spatial_candidate,0,nearest_intersection_candidate
953,2,3054,-97.749236,30.269643,94.165,52.381,4,3,0,provisional_spatial_candidate,0,nearest_intersection_candidate
953,3,3173,-97.748878,30.270614,203.481,52.381,3,2,0,provisional_spatial_candidate,0,nearest_intersection_candidate
954,1,3158,-97.75433,30.270135,405.698,20.695,4,4,0,over_50m,0,nearest_intersection_candidate
954,2,3165,-97.753752,30.271281,426.393,20.695,4,3,0,over_50m,0,nearest_intersection_candidate
954,3,7298,-97.75348,30.269783,496.215,20.695,3,3,0,over_50m,0,nearest_intersection_candidate
955,1,6270,-97.861569,30.235117,907.627,14.928,3,2,0,over_50m,0,nearest_intersection_candidate
955,2,6271,-97.861587,30.234158,922.554,14.928,3,1,0,over_50m,0,nearest_intersection_candidate
955,3,2326,-97.842259,30.236655,955.901,14.928,3,1,0,over_50m,0,nearest_intersection_candidate
956,1,2919,-97.768677,30.183475,316.674,148.269,4,4,0,over_50m,0,nearest_intersection_candidate
956,2,1759,-97.774018,30.18261,464.943,148.269,3,1,0,over_50m,0,nearest_intersection_candidate
956,3,1761,-97.77423,30.183546,535.901,148.269,3,2,0,over_50m,0,nearest_intersection_candidate
957,1,4216,-97.686729,30.297891,324.478,138.863,4,4,0,over_50m,0,nearest_intersection_candidate
957,2,4180,-97.684753,30.300804,463.342,138.863,3,3,0,over_50m,0,nearest_intersection_candidate
957,3,4160,-97.685277,30.306617,867.087,138.863,4,4,0,over_50m,0,nearest_intersection_candidate
958,1,3152,-97.765701,30.27369,479.633,34.958,3,2,0,over_50m,0,nearest_intersection_candidate
958,2,2758,-97.765354,30.275212,514.591,34.958,6,4,0,over_50m,0,nearest_intersection_candidate
958,3,3149,-97.766178,30.274037,533.588,34.958,3,2,0,over_50m,0,nearest_intersection_candidate
959,1,3334,-97.744489,30.266364,38.495,54.888,4,4,1,provisional_spatial_candidate,0,nearest_intersection_candidate
959,2,3325,-97.744177,30.267205,93.383,54.888,4,4,0,provisional_spatial_candidate,0,nearest_intersection_candidate
959,3,3335,-97.745092,30.267456,102.23,54.888,3,3,0,provisional_spatial_candidate,0,nearest_intersection_candidate
960,1,4459,-97.675576,30.350479,50.126,263.318,3,3,0,over_50m,0,nearest_intersection_candidate
960,2,4371,-97.678628,30.352414,313.444,263.318,3,3,0,over_50m,0,nearest_intersection_candidate
960,3,4460,-97.677071,30.345585,586.44,263.318,3,3,0,over_50m,0,nearest_intersection_candidate
961,1,4930,-97.721695,30.41159,35.73,505.203,3,3,1,provisional_spatial_candidate,0,nearest_intersection_candidate
961,2,4152,-97.718522,30.407883,540.933,505.203,3,2,0,provisional_spatial_candidate,0,nearest_intersection_candidate
961,3,4151,-97.720575,30.406953,543.99,505.203,3,1,0,provisional_spatial_candidate,0,nearest_intersection_candidate
962,1,3521,-97.76957,30.341347,645.315,159.028,3,3,0,over_50m,0,nearest_intersection_candidate
962,2,3752,-97.757025,30.337477,804.344,159.028,4,4,0,over_50m,0,nearest_intersection_candidate
962,3,3524,-97.754115,30.342041,853.89,159.028,3,2,0,over_50m,0,nearest_intersection_candidate
963,1,6513,-97.611935,30.185545,863.921,97.296,4,3,0,over_50m,0,nearest_intersection_candidate
963,2,6514,-97.611697,30.186403,961.217,97.296,3,2,0,over_50m,0,nearest_intersection_candidate
963,3,6686,-97.621686,30.168706,1236.318,97.296,3,3,0,over_50m,0,nearest_intersection_candidate
964,1,3884,-97.739362,30.325571,502.947,6.283,4,4,0,over_50m,0,nearest_intersection_candidate
964,2,3911,-97.739606,30.334644,509.23,6.283,4,4,0,over_50m,0,nearest_intersection_candidate
964,3,3907,-97.743632,30.324701,696.757,6.283,3,3,0,over_50m,0,nearest_intersection_candidate
966,1,3892,-97.731279,30.330649,384.464,145.544,4,4,0,over_50m,0,nearest_intersection_candidate
966,2,3911,-97.739606,30.334644,530.008,145.544,4,4,0,over_50m,0,nearest_intersection_candidate
966,3,3884,-97.739362,30.325571,878.472,145.544,4,4,0,over_50m,0,nearest_intersection_candidate
969,1,4666,-97.803249,30.479035,270.373,139.493,4,3,0,over_50m,0,nearest_intersection_candidate
969,2,4670,-97.80205,30.479756,409.865,139.493,4,3,0,over_50m,0,nearest_intersection_candidate
969,3,4659,-97.809721,30.475362,473.897,139.493,3,3,0,over_50m,0,nearest_intersection_candidate
971,1,3873,-97.717463,30.298196,58.173,104.279,3,1,0,over_50m,0,nearest_intersection_candidate
971,2,3866,-97.718586,30.297967,162.452,104.279,4,3,0,over_50m,0,nearest_intersection_candidate
971,3,3548,-97.716576,30.296815,201.228,104.279,3,2,0,over_50m,0,nearest_intersection_candidate
972,1,3338,-97.743757,30.274555,161.974,46.605,3,3,0,over_50m,0,nearest_intersection_candidate
972,2,2778,-97.742615,30.277633,208.579,46.605,4,4,0,over_50m,0,nearest_intersection_candidate
972,3,2828,-97.741699,30.277378,245.458,46.605,4,3,0,over_50m,0,nearest_intersection_candidate
973,1,3811,-97.741554,30.281406,198.588,32.677,4,4,0,over_50m,0,nearest_intersection_candidate
973,2,3813,-97.740479,30.28111,231.265,32.677,3,3,0,over_50m,0,nearest_intersection_candidate
973,3,2778,-97.742615,30.277633,235.955,32.677,4,4,0,over_50m,0,nearest_intersection_candidate
974,1,2828,-97.741699,30.277378,132.659,13.526,4,3,0,over_50m,0,nearest_intersection_candidate
974,2,2778,-97.742615,30.277633,146.185,13.526,4,4,0,over_50m,0,nearest_intersection_candidate
974,3,2826,-97.739351,30.276726,293.035,13.526,3,3,0,over_50m,0,nearest_intersection_candidate
975,1,3813,-97.740479,30.28111,195.266,22.74,3,3,0,over_50m,0,nearest_intersection_candidate
975,2,3811,-97.741554,30.281406,218.006,22.74,4,4,0,over_50m,0,nearest_intersection_candidate
975,3,2828,-97.741699,30.277378,237.337,22.74,4,3,0,over_50m,0,nearest_intersection_candidate
976,1,2351,-97.877965,30.236775,221.75,54.971,4,3,0,over_50m,0,nearest_intersection_candidate
976,2,6275,-97.874662,30.233325,276.72,54.971,4,2,0,over_50m,0,nearest_intersection_candidate
976,3,6274,-97.874244,30.233545,289.244,54.971,4,2,0,over_50m,0,nearest_intersection_candidate
979,1,4222,-97.706953,30.289011,574.886,9.028,4,4,0,over_50m,0,nearest_intersection_candidate
979,2,3506,-97.713213,30.291598,583.914,9.028,3,3,0,over_50m,0,nearest_intersection_candidate
979,3,3548,-97.716576,30.296815,887.271,9.028,3,2,0,over_50m,0,nearest_intersection_candidate
980,1,2824,-97.65136,30.336064,1177.28,81.645,3,3,0,over_50m,0,nearest_intersection_candidate
980,2,6324,-97.654467,30.329384,1258.925,81.645,4,3,0,over_50m,0,nearest_intersection_candidate
980,3,6325,-97.655206,30.327959,1346.303,81.645,4,3,0,over_50m,0,nearest_intersection_candidate
982,1,3833,-97.723702,30.288429,94.091,62.35,3,1,0,over_50m,0,nearest_intersection_candidate
982,2,3837,-97.723246,30.287666,156.441,62.35,3,2,0,over_50m,0,nearest_intersection_candidate
982,3,3842,-97.721719,30.29006,169.399,62.35,3,1,0,over_50m,0,nearest_intersection_candidate
985,1,3545,-97.717617,30.284126,65.974,134.337,4,4,0,over_50m,0,nearest_intersection_candidate
985,2,3864,-97.720124,30.283785,200.311,134.337,3,3,0,over_50m,0,nearest_intersection_candidate
985,3,3839,-97.721585,30.283517,342.487,134.337,3,3,0,over_50m,0,nearest_intersection_candidate
986,1,2890,-97.715578,30.274147,45.431,38.337,4,4,1,provisional_spatial_candidate,0,nearest_intersection_candidate
986,2,2888,-97.715494,30.273736,83.767,38.337,3,3,0,provisional_spatial_candidate,0,nearest_intersection_candidate
986,3,3382,-97.719529,30.273537,352.822,38.337,4,4,0,provisional_spatial_candidate,0,nearest_intersection_candidate
991,1,2682,-97.79047,30.359284,6.586,145.676,4,3,1,provisional_spatial_candidate,0,nearest_intersection_candidate
991,2,2684,-97.792073,30.35956,152.262,145.676,4,3,0,provisional_spatial_candidate,0,nearest_intersection_candidate
991,3,2687,-97.792341,30.356539,348.185,145.676,3,1,0,provisional_spatial_candidate,0,nearest_intersection_candidate
994,1,4931,-97.705453,30.421097,876.211,93.773,3,2,0,over_50m,0,nearest_intersection_candidate
994,2,5080,-97.704598,30.420687,969.984,93.773,5,4,0,over_50m,0,nearest_intersection_candidate
994,3,5905,-97.703336,30.422732,1005.364,93.773,3,1,0,over_50m,0,nearest_intersection_candidate
995,1,2500,-97.836259,30.219835,18.812,111.198,6,4,1,provisional_spatial_candidate,0,nearest_intersection_candidate
995,2,2501,-97.836875,30.220703,130.01,111.198,6,4,0,provisional_spatial_candidate,0,nearest_intersection_candidate
995,3,2290,-97.838342,30.218765,224.592,111.198,3,2,0,provisional_spatial_candidate,0,nearest_intersection_candidate
996,1,3067,-97.769235,30.226916,317.683,22.948,4,3,0,over_50m,0,nearest_intersection_candidate
996,2,3100,-97.76808,30.226387,340.631,22.948,3,2,0,over_50m,0,nearest_intersection_candidate
996,3,3085,-97.76542,30.232191,375.125,22.948,3,3,0,over_50m,0,nearest_intersection_candidate
997,1,4709,-97.790726,30.448452,689.459,40.862,4,3,0,over_50m,0,nearest_intersection_candidate
997,2,4622,-97.790151,30.4478,730.321,40.862,3,1,0,over_50m,0,nearest_intersection_candidate
997,3,4625,-97.790023,30.447815,742.704,40.862,3,2,0,over_50m,0,nearest_intersection_candidate
998,1,7263,-97.77311,30.44113,45.883,124.672,3,3,1,provisional_spatial_candidate,0,nearest_intersection_candidate
998,2,4950,-97.771756,30.442002,170.556,124.672,3,3,0,provisional_spatial_candidate,0,nearest_intersection_candidate
998,3,4985,-97.77455,30.437025,503.709,124.672,3,2,0,provisional_spatial_candidate,0,nearest_intersection_candidate
999,1,4725,-97.80697,30.446946,284.219,417.936,3,3,0,over_50m,0,nearest_intersection_candidate
999,2,4681,-97.805994,30.441085,702.154,417.936,3,3,0,over_50m,0,nearest_intersection_candidate
999,3,4678,-97.811609,30.446738,729.421,417.936,3,3,0,over_50m,0,nearest_intersection_candidate
1000,1,6922,-97.591045,30.339629,44.961,35.135,4,2,1,provisional_spatial_candidate,0,nearest_intersection_candidate
1000,2,6921,-97.591528,30.340533,80.097,35.135,4,2,0,provisional_spatial_candidate,0,nearest_intersection_candidate
1000,3,6923,-97.589596,30.340167,183.207,35.135,4,2,0,provisional_spatial_candidate,0,nearest_intersection_candidate
1005,1,6121,-97.793933,30.480956,432.286,608.157,3,3,0,over_50m,0,nearest_intersection_candidate
1005,2,6572,-97.792457,30.472936,1040.443,608.157,4,4,0,over_50m,0,nearest_intersection_candidate
1005,3,4740,-97.784491,30.471959,1213.762,608.157,3,2,0,over_50m,0,nearest_intersection_candidate
1006,1,4209,-97.698626,30.30364,468.872,198.417,3,3,0,over_50m,0,nearest_intersection_candidate
1006,2,4169,-97.696177,30.307503,667.289,198.417,3,3,0,over_50m,0,nearest_intersection_candidate
1006,3,4228,-97.709155,30.308695,687.917,198.417,4,3,0,over_50m,0,nearest_intersection_candidate
1007,1,4900,-97.652867,30.432226,1171.497,514.972,4,4,0,over_50m,0,nearest_intersection_candidate
1007,2,1234,-97.625593,30.42208,1686.468,514.972,4,4,0,over_50m,0,nearest_intersection_candidate
1007,3,4878,-97.638818,30.447201,2032.391,514.972,4,4,0,over_50m,0,nearest_intersection_candidate
1008,1,2480,-97.782109,30.243412,546.497,113.759,3,3,0,over_50m,0,nearest_intersection_candidate
1008,2,1776,-97.781187,30.244055,660.256,113.759,3,3,0,over_50m,0,nearest_intersection_candidate
1008,3,2524,-97.793702,30.235575,867.826,113.759,4,3,0,over_50m,0,nearest_intersection_candidate
1009,1,7306,-97.743288,30.265596,109.56,28.295,3,3,0,over_50m,0,nearest_intersection_candidate
1009,2,3330,-97.743145,30.265988,137.856,28.295,3,3,0,over_50m,0,nearest_intersection_candidate
1009,3,3329,-97.74156,30.26646,198.174,28.295,4,3,0,over_50m,0,nearest_intersection_candidate
1010,1,3329,-97.74156,30.26646,89.608,7.548,4,3,0,over_50m,0,nearest_intersection_candidate
1010,2,3330,-97.743145,30.265988,97.156,7.548,3,3,0,over_50m,0,nearest_intersection_candidate
1010,3,7306,-97.743288,30.265596,112.57,7.548,3,3,0,over_50m,0,nearest_intersection_candidate
1011,1,2420,-97.799273,30.172226,1003.897,69.341,4,4,0,over_50m,0,nearest_intersection_candidate
1011,2,2426,-97.78959,30.162464,1073.238,69.341,3,2,0,over_50m,0,nearest_intersection_candidate
1011,3,2431,-97.79141,30.157098,1128.321,69.341,3,1,0,over_50m,0,nearest_intersection_candidate
1013,1,3360,-97.734383,30.275323,46.281,131.341,4,4,1,provisional_spatial_candidate,0,nearest_intersection_candidate
1013,2,2830,-97.735708,30.275694,177.621,131.341,4,3,0,provisional_spatial_candidate,0,nearest_intersection_candidate
1013,3,3266,-97.732152,30.274632,186.005,131.341,4,3,0,provisional_spatial_candidate,0,nearest_intersection_candidate
1014,1,4154,-97.708063,30.31019,48.05,106.272,4,2,1,provisional_spatial_candidate,0,nearest_intersection_candidate
1014,2,4162,-97.709705,30.310559,154.322,106.272,3,2,0,provisional_spatial_candidate,0,nearest_intersection_candidate
1014,3,4228,-97.709155,30.308695,236.942,106.272,4,3,0,provisional_spatial_candidate,0,nearest_intersection_candidate
1015,1,3368,-97.720152,30.256435,396.877,1.173,4,4,0,over_50m,0,nearest_intersection_candidate
1015,2,3366,-97.720672,30.255577,398.05,1.173,4,4,0,over_50m,0,nearest_intersection_candidate
1015,3,2872,-97.712431,30.252756,454.037,1.173,4,4,0,over_50m,0,nearest_intersection_candidate
1016,1,2206,-97.89988,30.182088,25.158,89.861,4,3,1,provisional_spatial_candidate,0,nearest_intersection_candidate
1016,2,2216,-97.90037,30.181256,115.019,89.861,3,2,0,provisional_spatial_candidate,0,nearest_intersection_candidate
1016,3,2205,-97.912924,30.187541,1416.467,89.861,3,2,0,provisional_spatial_candidate,0,nearest_intersection_candidate
1018,1,3134,-97.756722,30.264263,184.766,63.38,3,3,0,over_50m,0,nearest_intersection_candidate
1018,2,3133,-97.758134,30.260731,248.146,63.38,4,4,0,over_50m,0,nearest_intersection_candidate
1018,3,3127,-97.755922,30.266302,418.254,63.38,4,4,0,over_50m,0,nearest_intersection_candidate
1019,1,6227,-97.736129,30.437275,532.941,2.135,3,2,0,over_50m,0,nearest_intersection_candidate
1019,2,6226,-97.736324,30.437076,535.076,2.135,4,3,0,over_50m,0,nearest_intersection_candidate
1019,3,6228,-97.741828,30.443701,1420.849,2.135,4,3,0,over_50m,0,nearest_intersection_candidate
1020,1,1732,-97.782286,30.26533,2.614,113.525,3,2,1,provisional_spatial_candidate,0,nearest_intersection_candidate
1020,2,1730,-97.783519,30.265256,116.139,113.525,3,2,0,provisional_spatial_candidate,0,nearest_intersection_candidate
1020,3,2601,-97.782899,30.266277,119.103,113.525,4,3,0,provisional_spatial_candidate,0,nearest_intersection_candidate
1022,1,6104,-97.832635,30.190477,88.572,410.12,4,4,0,over_50m,0,nearest_intersection_candidate
1022,2,2405,-97.828925,30.18864,498.691,410.12,3,3,0,over_50m,0,nearest_intersection_candidate
1022,3,2418,-97.824843,30.189681,830.798,410.12,3,3,0,over_50m,0,nearest_intersection_candidate
1023,1,5128,-97.667335,30.455739,1132.518,85.3,3,2,0,over_50m,0,nearest_intersection_candidate
1023,2,5136,-97.66728,30.451304,1217.818,85.3,3,2,0,over_50m,0,nearest_intersection_candidate
1023,3,5130,-97.669151,30.462025,1218.675,85.3,3,2,0,over_50m,0,nearest_intersection_candidate
1024,1,4241,-97.693305,30.323602,36.299,74.129,3,3,1,provisional_spatial_candidate,0,nearest_intersection_candidate
1024,2,4268,-97.69463,30.324231,110.427,74.129,3,3,0,provisional_spatial_candidate,0,nearest_intersection_candidate
1024,3,4236,-97.694297,30.322029,211.473,74.129,4,3,0,provisional_spatial_candidate,0,nearest_intersection_candidate
1025,1,3530,-97.708959,30.350592,31.473,269.085,4,3,1,provisional_spatial_candidate,0,nearest_intersection_candidate
1025,2,4427,-97.712008,30.349688,300.559,269.085,3,2,0,provisional_spatial_candidate,0,nearest_intersection_candidate
1025,3,4416,-97.712449,30.351092,317.001,269.085,3,1,0,provisional_spatial_candidate,0,nearest_intersection_candidate
1026,1,6848,-97.584262,30.493739,928.677,27.224,3,2,0,over_50m,0,nearest_intersection_candidate
1026,2,6846,-97.582941,30.49771,955.902,27.224,3,2,0,over_50m,0,nearest_intersection_candidate
1026,3,6847,-97.58238,30.497565,1009.397,27.224,3,1,0,over_50m,0,nearest_intersection_candidate
1027,1,5400,-97.613129,30.496873,1230.385,355.541,4,4,0,over_50m,0,nearest_intersection_candidate
1027,2,6848,-97.584262,30.493739,1585.926,355.541,3,2,0,over_50m,0,nearest_intersection_candidate
1027,3,5399,-97.616894,30.497348,1590.298,355.541,3,3,0,over_50m,0,nearest_intersection_candidate
1029,1,4406,-97.696762,30.362796,166.532,84.58,4,4,0,over_50m,0,nearest_intersection_candidate
1029,2,4408,-97.695756,30.364583,251.112,84.58,3,3,0,over_50m,0,nearest_intersection_candidate
1029,3,4430,-97.701594,30.365189,369.601,84.58,3,3,0,over_50m,0,nearest_intersection_candidate
1031,1,2421,-97.788279,30.166962,469.44,109.719,3,3,0,over_50m,0,nearest_intersection_candidate
1031,2,2427,-97.787129,30.166939,579.16,109.719,4,3,0,over_50m,0,nearest_intersection_candidate
1031,3,2426,-97.78959,30.162464,667.459,109.719,3,2,0,over_50m,0,nearest_intersection_candidate
1033,1,2384,-97.864878,30.254374,1174.006,136.777,3,3,0,over_50m,0,nearest_intersection_candidate
1033,2,2353,-97.890434,30.25574,1310.783,136.777,3,3,0,over_50m,0,nearest_intersection_candidate
1033,3,2229,-97.888867,30.262313,1319.154,136.777,4,4,0,over_50m,0,nearest_intersection_candidate
1036,1,3127,-97.755922,30.266302,350.604,1.246,4,4,0,over_50m,0,nearest_intersection_candidate
1036,2,3131,-97.752404,30.262459,351.85,1.246,3,3,0,over_50m,0,nearest_intersection_candidate
1036,3,3167,-97.748791,30.264429,367.311,1.246,3,3,0,over_50m,0,nearest_intersection_candidate
1037,1,1714,-97.79128,30.149231,89.201,59.284,3,2,0,over_50m,0,nearest_intersection_candidate
1037,2,2432,-97.793656,30.149732,148.485,59.284,3,2,0,over_50m,0,nearest_intersection_candidate
1037,3,1712,-97.793388,30.148136,199.961,59.284,3,1,0,over_50m,0,nearest_intersection_candidate
1040,1,3252,-97.730157,30.265185,32.566,199.118,3,3,1,provisional_spatial_candidate,0,nearest_intersection_candidate
1040,2,3276,-97.730909,30.263406,231.684,199.118,4,4,0,provisional_spatial_candidate,0,nearest_intersection_candidate
1040,3,3386,-97.728091,30.264512,239.033,199.118,3,3,0,provisional_spatial_candidate,0,nearest_intersection_candidate
1042,1,3250,-97.734895,30.260557,27.508,48.773,4,3,1,provisional_spatial_candidate,0,nearest_intersection_candidate
1042,2,3249,-97.734654,30.261274,76.281,48.773,3,1,0,provisional_spatial_candidate,0,nearest_intersection_candidate
1042,3,3277,-97.734547,30.261483,99.598,48.773,3,2,0,provisional_spatial_candidate,0,nearest_intersection_candidate
1043,1,2321,-97.858604,30.204062,276.005,432.611,3,3,0,over_50m,0,nearest_intersection_candidate
1043,2,2343,-97.860569,30.207564,708.615,432.611,3,2,0,over_50m,0,nearest_intersection_candidate
1043,3,2344,-97.861604,30.20827,823.672,432.611,3,3,0,over_50m,0,nearest_intersection_candidate
1045,1,2384,-97.864878,30.254374,638.392,1196.644,3,3,0,over_50m,0,nearest_intersection_candidate
1045,2,2229,-97.888867,30.262313,1835.036,1196.644,4,4,0,over_50m,0,nearest_intersection_candidate
1045,3,2353,-97.890434,30.25574,1895.342,1196.644,3,3,0,over_50m,0,nearest_intersection_candidate
1046,1,3601,-97.710027,30.402841,86.726,235.111,3,3,0,over_50m,0,nearest_intersection_candidate
1046,2,4452,-97.707452,30.400311,321.838,235.111,3,3,0,over_50m,0,nearest_intersection_candidate
1046,3,4448,-97.702582,30.400335,685.524,235.111,3,3,0,over_50m,0,nearest_intersection_candidate
1047,1,3434,-97.698552,30.23204,303.149,711.326,3,3,0,over_50m,0,nearest_intersection_candidate
1047,2,3421,-97.689641,30.240805,1014.475,711.326,4,3,0,over_50m,0,nearest_intersection_candidate
1047,3,7255,-97.689364,30.240981,1047.274,711.326,4,3,0,over_50m,0,nearest_intersection_candidate
1049,1,4209,-97.698626,30.30364,506.583,195.132,3,3,0,over_50m,0,nearest_intersection_candidate
1049,2,4227,-97.71103,30.305457,701.715,195.132,4,2,0,over_50m,0,nearest_intersection_candidate
1049,3,4228,-97.709155,30.308695,709.188,195.132,4,3,0,over_50m,0,nearest_intersection_candidate
1050,1,3813,-97.740479,30.28111,98.14,75.528,3,3,0,over_50m,0,nearest_intersection_candidate
1050,2,3797,-97.737823,30.280378,173.668,75.528,4,4,0,over_50m,0,nearest_intersection_candidate
1050,3,3811,-97.741554,30.281406,205.107,75.528,4,4,0,over_50m,0,nearest_intersection_candidate
1051,1,3813,-97.740479,30.28111,93.2,41.786,3,3,0,over_50m,0,nearest_intersection_candidate
1051,2,3811,-97.741554,30.281406,134.986,41.786,4,4,0,over_50m,0,nearest_intersection_candidate
1051,3,3797,-97.737823,30.280378,292.899,41.786,4,4,0,over_50m,0,nearest_intersection_candidate
1052,1,5007,-97.75711,30.512404,1114.658,258.213,3,3,0,over_50m,0,nearest_intersection_candidate
1052,2,5009,-97.737881,30.505347,1372.871,258.213,4,4,0,over_50m,0,nearest_intersection_candidate
1052,3,6662,-97.738149,30.49638,1541.213,258.213,3,3,0,over_50m,0,nearest_intersection_candidate
1054,1,4401,-97.699778,30.35748,356.963,453.896,3,3,0,over_50m,0,nearest_intersection_candidate
1054,2,3530,-97.708959,30.350592,810.859,453.896,4,3,0,over_50m,0,nearest_intersection_candidate
1054,3,4398,-97.709533,30.361855,966.203,453.896,3,3,0,over_50m,0,nearest_intersection_candidate
1055,1,4377,-97.686121,30.381612,724.95,279.257,4,4,0,over_50m,0,nearest_intersection_candidate
1055,2,4381,-97.68021,30.3722,1004.206,279.257,3,2,0,over_50m,0,nearest_intersection_candidate
1055,3,4383,-97.678995,30.372571,1096.977,279.257,3,1,0,over_50m,0,nearest_intersection_candidate
1056,1,2842,-97.64909,30.387485,192.686,97.575,3,3,0,over_50m,0,nearest_intersection_candidate
1056,2,2809,-97.648404,30.38679,290.261,97.575,4,4,0,over_50m,0,nearest_intersection_candidate
1056,3,2808,-97.656381,30.389402,545.001,97.575,3,3,0,over_50m,0,nearest_intersection_candidate
1057,1,2942,-97.769391,30.160402,36.164,338.732,3,3,1,provisional_spatial_candidate,0,nearest_intersection_candidate
1057,2,2940,-97.769031,30.157315,374.895,338.732,3,3,0,provisional_spatial_candidate,0,nearest_intersection_candidate
1057,3,1755,-97.776137,30.158348,674.752,338.732,4,4,0,provisional_spatial_candidate,0,nearest_intersection_candidate
1058,1,2427,-97.787129,30.166939,319.401,5.863,4,3,0,over_50m,0,nearest_intersection_candidate
1058,2,2421,-97.788279,30.166962,325.264,5.863,3,3,0,over_50m,0,nearest_intersection_candidate
1058,3,2396,-97.785005,30.172747,403.45,5.863,3,3,0,over_50m,0,nearest_intersection_candidate
1059,1,1233,-97.66238,30.405328,438.04,506.801,3,3,0,over_50m,0,nearest_intersection_candidate
1059,2,1179,-97.672042,30.412976,944.841,506.801,3,1,0,over_50m,0,nearest_intersection_candidate
1059,3,1180,-97.673112,30.407529,967.151,506.801,4,3,0,over_50m,0,nearest_intersection_candidate
1060,1,1120,-97.85219,30.406566,694.113,358.729,3,3,0,over_50m,0,nearest_intersection_candidate
1060,2,1154,-97.853717,30.403618,1052.842,358.729,4,4,0,over_50m,0,nearest_intersection_candidate
1060,3,2611,-97.845181,30.394252,2059.935,358.729,4,4,0,over_50m,0,nearest_intersection_candidate
1061,1,3630,-97.753318,30.314409,236.282,169.234,3,3,0,over_50m,0,nearest_intersection_candidate
1061,2,3743,-97.756248,30.319585,405.516,169.234,3,2,0,over_50m,0,nearest_intersection_candidate
1061,3,3627,-97.755785,30.319794,412.276,169.234,3,1,0,over_50m,0,nearest_intersection_candidate
1062,1,2321,-97.858604,30.204062,9.955,432.367,3,3,1,provisional_spatial_candidate,0,nearest_intersection_candidate
1062,2,2343,-97.860569,30.207564,442.322,432.367,3,2,0,provisional_spatial_candidate,0,nearest_intersection_candidate
1062,3,2344,-97.861604,30.20827,559.371,432.367,3,3,0,provisional_spatial_candidate,0,nearest_intersection_candidate
1063,1,3276,-97.730909,30.263406,10.488,190.004,4,4,1,provisional_spatial_candidate,0,nearest_intersection_candidate
1063,2,3252,-97.730157,30.265185,200.492,190.004,3,3,0,provisional_spatial_candidate,0,nearest_intersection_candidate
1063,3,3258,-97.733534,30.264178,263.966,190.004,4,3,0,provisional_spatial_candidate,0,nearest_intersection_candidate
1064,1,3627,-97.755785,30.319794,157.901,26.294,3,1,0,over_50m,0,nearest_intersection_candidate
1064,2,3743,-97.756248,30.319585,184.195,26.294,3,2,0,over_50m,0,nearest_intersection_candidate
1064,3,3747,-97.753085,30.320261,201.658,26.294,4,4,0,over_50m,0,nearest_intersection_candidate
1068,1,3019,-97.746562,30.256886,394.226,129.992,4,4,0,over_50m,0,nearest_intersection_candidate
1068,2,3020,-97.748045,30.25834,524.218,129.992,4,4,0,over_50m,0,nearest_intersection_candidate
1068,3,3156,-97.749749,30.258218,532.33,129.992,4,4,0,over_50m,0,nearest_intersection_candidate
1070,1,2384,-97.864878,30.254374,1259.788,481.489,3,3,0,over_50m,0,nearest_intersection_candidate
1070,2,2325,-97.842302,30.23695,1741.276,481.489,3,2,0,over_50m,0,nearest_intersection_candidate
1070,3,2326,-97.842259,30.236655,1770.288,481.489,3,1,0,over_50m,0,nearest_intersection_candidate
1071,1,1711,-97.797024,30.140553,504.034,126.857,4,2,0,over_50m,0,nearest_intersection_candidate
1071,2,1713,-97.796827,30.13889,630.891,126.857,3,2,0,over_50m,0,nearest_intersection_candidate
1071,3,2195,-97.798363,30.136987,717.239,126.857,3,2,0,over_50m,0,nearest_intersection_candidate
1072,1,3487,-97.696181,30.252294,255.323,21.645,4,4,0,over_50m,0,nearest_intersection_candidate
1072,2,3457,-97.695774,30.250988,276.968,21.645,3,2,0,over_50m,0,nearest_intersection_candidate
1072,3,3489,-97.694191,30.250829,429.952,21.645,4,3,0,over_50m,0,nearest_intersection_candidate
1073,1,4246,-97.706281,30.326407,207.229,5.627,3,2,0,over_50m,0,nearest_intersection_candidate
1073,2,4245,-97.706925,30.327633,212.856,5.627,3,1,0,over_50m,0,nearest_intersection_candidate
1073,3,4247,-97.707461,30.323886,276.424,5.627,3,2,0,over_50m,0,nearest_intersection_candidate
1074,1,5038,-97.697764,30.440216,1030.714,34.744,4,3,0,over_50m,0,nearest_intersection_candidate
1074,2,5039,-97.696676,30.443377,1065.459,34.744,3,2,0,over_50m,0,nearest_intersection_candidate
1074,3,5031,-97.696581,30.440033,1144.021,34.744,4,3,0,over_50m,0,nearest_intersection_candidate
1075,1,5119,-97.659683,30.418543,586.304,258.291,4,4,0,over_50m,0,nearest_intersection_candidate
1075,2,1179,-97.672042,30.412976,844.595,258.291,3,1,0,over_50m,0,nearest_intersection_candidate
1075,3,1177,-97.672668,30.414308,890.856,258.291,3,2,0,over_50m,0,nearest_intersection_candidate
1076,1,4511,-97.627772,30.290951,1250.11,1283.443,4,4,0,over_50m,0,nearest_intersection_candidate
1076,2,2806,-97.648122,30.299934,2533.553,1283.443,4,4,0,over_50m,0,nearest_intersection_candidate
1076,3,4197,-97.652307,30.308384,3047.937,1283.443,3,3,0,over_50m,0,nearest_intersection_candidate
1077,1,3473,-97.707531,30.251497,122.749,246.487,3,3,0,over_50m,0,nearest_intersection_candidate
1077,2,2872,-97.712431,30.252756,369.236,246.487,4,4,0,over_50m,0,nearest_intersection_candidate
1077,3,2886,-97.711994,30.253619,374.901,246.487,4,4,0,over_50m,0,nearest_intersection_candidate
1078,1,3643,-97.732702,30.310594,271.212,102.752,4,4,0,over_50m,0,nearest_intersection_candidate
1078,2,3904,-97.735509,30.315185,373.964,102.752,3,3,0,over_50m,0,nearest_intersection_candidate
1078,3,7294,-97.73184,30.316597,402.187,102.752,3,3,0,over_50m,0,nearest_intersection_candidate
1080,1,5130,-97.669151,30.462025,899.46,90.743,3,2,0,over_50m,0,nearest_intersection_candidate
1080,2,5127,-97.668649,30.462891,990.203,90.743,3,1,0,over_50m,0,nearest_intersection_candidate
1080,3,5128,-97.667335,30.455739,994.91,90.743,3,2,0,over_50m,0,nearest_intersection_candidate
1081,1,4097,-97.721548,30.390878,238.536,517.236,4,4,0,over_50m,0,nearest_intersection_candidate
1081,2,4093,-97.726566,30.392673,755.771,517.236,3,3,0,over_50m,0,nearest_intersection_candidate
1081,3,4147,-97.723823,30.383302,919.7,517.236,3,3,0,over_50m,0,nearest_intersection_candidate
1082,1,4097,-97.721548,30.390878,310.799,253.551,4,4,0,over_50m,0,nearest_intersection_candidate
1082,2,4147,-97.723823,30.383302,564.35,253.551,3,3,0,over_50m,0,nearest_intersection_candidate
1082,3,4093,-97.726566,30.392673,605.744,253.551,3,3,0,over_50m,0,nearest_intersection_candidate
1083,1,3440,-97.691138,30.218542,294.85,95.108,4,3,0,over_50m,0,nearest_intersection_candidate
1083,2,3443,-97.689629,30.219171,389.958,95.108,4,2,0,over_50m,0,nearest_intersection_candidate
1083,3,3442,-97.689427,30.218938,416.769,95.108,5,2,0,over_50m,0,nearest_intersection_candidate
1085,1,3008,-97.756137,30.246369,358.276,106.425,4,4,0,over_50m,0,nearest_intersection_candidate
1085,2,3154,-97.759366,30.247433,464.701,106.425,3,3,0,over_50m,0,nearest_intersection_candidate
1085,3,3055,-97.749857,30.247997,533.867,106.425,3,3,0,over_50m,0,nearest_intersection_candidate
1086,1,3347,-97.734737,30.263141,73.995,29.217,3,1,0,over_50m,0,nearest_intersection_candidate
1086,2,3346,-97.735644,30.2632,103.212,29.217,3,2,0,over_50m,0,nearest_intersection_candidate
1086,3,3348,-97.733695,30.263787,108.635,29.217,4,3,0,over_50m,0,nearest_intersection_candidate
1087,1,3792,-97.730451,30.285001,131.146,133.928,3,3,0,over_50m,0,nearest_intersection_candidate
1087,2,3794,-97.728474,30.282916,265.074,133.928,3,3,0,over_50m,0,nearest_intersection_candidate
1087,3,3816,-97.733921,30.283145,294.969,133.928,3,3,0,over_50m,0,nearest_intersection_candidate
1088,1,3792,-97.730451,30.285001,27.209,255.148,3,3,1,provisional_spatial_candidate,0,nearest_intersection_candidate
1088,2,3793,-97.73366,30.285269,282.357,255.148,3,3,0,provisional_spatial_candidate,0,nearest_intersection_candidate
1088,3,3794,-97.728474,30.282916,319.446,255.148,3,3,0,provisional_spatial_candidate,0,nearest_intersection_candidate
1090,1,2842,-97.64909,30.387485,918.834,40.042,3,3,0,over_50m,0,nearest_intersection_candidate
1090,2,2809,-97.648404,30.38679,958.876,40.042,4,4,0,over_50m,0,nearest_intersection_candidate
1090,3,4534,-97.638272,30.40338,1131.014,40.042,3,3,0,over_50m,0,nearest_intersection_candidate
1091,1,2842,-97.64909,30.387485,640.908,40.128,3,3,0,over_50m,0,nearest_intersection_candidate
1091,2,2809,-97.648404,30.38679,681.036,40.128,4,4,0,over_50m,0,nearest_intersection_candidate
1091,3,2808,-97.656381,30.389402,1078.569,40.128,3,3,0,over_50m,0,nearest_intersection_candidate
1092,1,3603,-97.717279,30.402168,259.572,339.641,3,3,0,over_50m,0,nearest_intersection_candidate
1092,2,3597,-97.716,30.40504,599.213,339.641,3,3,0,over_50m,0,nearest_intersection_candidate
1092,3,4150,-97.723673,30.405343,747.109,339.641,3,2,0,over_50m,0,nearest_intersection_candidate
1093,1,2396,-97.785005,30.172747,35.415,140.451,3,3,1,provisional_spatial_candidate,0,nearest_intersection_candidate
1093,2,1757,-97.783811,30.172017,175.867,140.451,3,2,0,provisional_spatial_candidate,0,nearest_intersection_candidate
1093,3,1720,-97.782741,30.17234,253.843,140.451,3,1,0,provisional_spatial_candidate,0,nearest_intersection_candidate
1094,1,2317,-97.83963,30.237639,705.78,59.736,4,2,0,over_50m,0,nearest_intersection_candidate
1094,2,2325,-97.842302,30.23695,765.516,59.736,3,2,0,over_50m,0,nearest_intersection_candidate
1094,3,2326,-97.842259,30.236655,797.705,59.736,3,1,0,over_50m,0,nearest_intersection_candidate
1096,1,5906,-97.825529,30.455204,773.912,401.28,4,4,0,over_50m,0,nearest_intersection_candidate
1096,2,7037,-97.822767,30.457934,1175.192,401.28,4,4,0,over_50m,0,nearest_intersection_candidate
1096,3,4656,-97.838284,30.460705,1469.33,401.28,3,3,0,over_50m,0,nearest_intersection_candidate
1097,1,3233,-97.724969,30.213179,479.132,126.809,3,2,0,over_50m,0,nearest_intersection_candidate
1097,2,3232,-97.724986,30.214341,605.941,126.809,3,2,0,over_50m,0,nearest_intersection_candidate
1097,3,3231,-97.719567,30.213466,645.124,126.809,3,2,0,over_50m,0,nearest_intersection_candidate
1098,1,2853,-97.716385,30.205211,602.109,608.242,3,3,0,over_50m,0,nearest_intersection_candidate
1098,2,2911,-97.717869,30.212168,1210.351,608.242,3,1,0,over_50m,0,nearest_intersection_candidate
1098,3,2903,-97.714789,30.212026,1303.773,608.242,3,2,0,over_50m,0,nearest_intersection_candidate
1099,1,3349,-97.736052,30.264355,71.074,33.566,4,1,0,over_50m,0,nearest_intersection_candidate
1099,2,3350,-97.735859,30.264848,104.64,33.566,4,3,0,over_50m,0,nearest_intersection_candidate
1099,3,3344,-97.737169,30.265257,105.901,33.566,4,4,0,over_50m,0,nearest_intersection_candidate
1100,1,6281,-97.888093,30.228679,191.449,29.699,4,3,0,over_50m,0,nearest_intersection_candidate
1100,2,7288,-97.888119,30.229017,221.149,29.699,3,2,0,over_50m,0,nearest_intersection_candidate
1100,3,6284,-97.888014,30.229333,256.631,29.699,3,2,0,over_50m,0,nearest_intersection_candidate
1101,1,1234,-97.625593,30.42208,1151.092,40.297,4,4,0,over_50m,0,nearest_intersection_candidate
1101,2,1235,-97.637802,30.40409,1191.39,40.297,3,3,0,over_50m,0,nearest_intersection_candidate
1101,3,4534,-97.638272,30.40338,1281.564,40.297,3,3,0,over_50m,0,nearest_intersection_candidate
1102,1,6571,-97.684539,30.43062,403.772,105.83,3,3,0,over_50m,0,nearest_intersection_candidate
1102,2,5035,-97.676284,30.426695,509.602,105.83,4,4,0,over_50m,0,nearest_intersection_candidate
1102,3,5043,-97.676866,30.434743,822.419,105.83,3,3,0,over_50m,0,nearest_intersection_candidate
1103,1,4678,-97.811609,30.446738,39.408,437.118,3,3,1,provisional_spatial_candidate,0,nearest_intersection_candidate
1103,2,4725,-97.80697,30.446946,476.526,437.118,3,3,0,provisional_spatial_candidate,0,nearest_intersection_candidate
1103,3,4681,-97.805994,30.441085,865.964,437.118,3,3,0,provisional_spatial_candidate,0,nearest_intersection_candidate
1104,1,3117,-97.753282,30.238542,233.932,124.301,4,4,0,over_50m,0,nearest_intersection_candidate
1104,2,3122,-97.752119,30.241627,358.232,124.301,3,3,0,over_50m,0,nearest_intersection_candidate
1104,3,3086,-97.759332,30.241908,458.6,124.301,4,4,0,over_50m,0,nearest_intersection_candidate
1105,1,2420,-97.799273,30.172226,371.591,2.753,4,4,0,over_50m,0,nearest_intersection_candidate
1105,2,2403,-97.803448,30.177279,374.344,2.753,3,3,0,over_50m,0,nearest_intersection_candidate
1105,3,2422,-97.798642,30.173904,375.45,2.753,3,3,0,over_50m,0,nearest_intersection_candidate
1106,1,1748,-97.766207,30.14972,318.918,249.393,3,3,0,over_50m,0,nearest_intersection_candidate
1106,2,2940,-97.769031,30.157315,568.31,249.393,3,3,0,over_50m,0,nearest_intersection_candidate
1106,3,1747,-97.765776,30.145501,784.156,249.393,3,3,0,over_50m,0,nearest_intersection_candidate
1107,1,3167,-97.748791,30.264429,150.128,115.736,3,3,0,over_50m,0,nearest_intersection_candidate
1107,2,3047,-97.747649,30.264089,265.864,115.736,4,4,0,over_50m,0,nearest_intersection_candidate
1107,3,3131,-97.752404,30.262459,350.697,115.736,3,3,0,over_50m,0,nearest_intersection_candidate
1109,1,7256,-97.690252,30.242025,83.929,9.212,4,3,0,over_50m,0,nearest_intersection_candidate
1109,2,3413,-97.689965,30.241969,93.141,9.212,3,2,0,over_50m,0,nearest_intersection_candidate
1109,3,7255,-97.689364,30.240981,215.887,9.212,4,3,0,over_50m,0,nearest_intersection_candidate
1111,1,1723,-97.774484,30.204722,488.217,304.237,4,4,0,over_50m,0,nearest_intersection_candidate
1111,2,2848,-97.768502,30.214937,792.454,304.237,3,3,0,over_50m,0,nearest_intersection_candidate
1111,3,1768,-97.781155,30.208275,801.635,304.237,4,4,0,over_50m,0,nearest_intersection_candidate
1112,1,4458,-97.671858,30.35637,290.933,89.759,3,3,0,over_50m,0,nearest_intersection_candidate
1112,2,4456,-97.674798,30.358514,380.692,89.759,3,3,0,over_50m,0,nearest_intersection_candidate
1112,3,4396,-97.679328,30.361885,881.392,89.759,3,3,0,over_50m,0,nearest_intersection_candidate
1113,1,2919,-97.768677,30.183475,654.584,26.713,4,4,0,over_50m,0,nearest_intersection_candidate
1113,2,1759,-97.774018,30.18261,681.297,26.713,3,1,0,over_50m,0,nearest_intersection_candidate
1113,3,1761,-97.77423,30.183546,778.553,26.713,3,2,0,over_50m,0,nearest_intersection_candidate
1114,1,2853,-97.716385,30.205211,685.831,368.112,3,3,0,over_50m,0,nearest_intersection_candidate
1114,2,2900,-97.712535,30.211305,1053.943,368.112,4,3,0,over_50m,0,nearest_intersection_candidate
1114,3,2904,-97.709216,30.211582,1066.843,368.112,3,1,0,over_50m,0,nearest_intersection_candidate
1118,1,1138,-97.634956,30.401773,331.457,335.312,3,3,0,over_50m,0,nearest_intersection_candidate
1118,2,4534,-97.638272,30.40338,666.769,335.312,3,3,0,over_50m,0,nearest_intersection_candidate
1118,3,1235,-97.637802,30.40409,696.64,335.312,3,3,0,over_50m,0,nearest_intersection_candidate
1119,1,1235,-97.637802,30.40409,483.952,8.657,3,3,0,over_50m,0,nearest_intersection_candidate
1119,2,4534,-97.638272,30.40338,492.609,8.657,3,3,0,over_50m,0,nearest_intersection_candidate
1119,3,1138,-97.634956,30.401773,853.426,8.657,3,3,0,over_50m,0,nearest_intersection_candidate
1120,1,2806,-97.648122,30.299934,662.073,615.903,4,4,0,over_50m,0,nearest_intersection_candidate
1120,2,2821,-97.653749,30.302651,1277.976,615.903,3,3,0,over_50m,0,nearest_intersection_candidate
1120,3,4511,-97.627772,30.290951,1537.054,615.903,4,4,0,over_50m,0,nearest_intersection_candidate
1121,1,4511,-97.627772,30.290951,404.254,1808.792,4,4,0,over_50m,0,nearest_intersection_candidate
1121,2,2806,-97.648122,30.299934,2213.046,1808.792,4,4,0,over_50m,0,nearest_intersection_candidate
1121,3,2815,-97.636962,30.276595,2227.233,1808.792,3,3,0,over_50m,0,nearest_intersection_candidate
1122,1,3302,-97.740418,30.266163,203.985,6.055,4,4,0,over_50m,0,nearest_intersection_candidate
1122,2,7306,-97.743288,30.265596,210.039,6.055,3,3,0,over_50m,0,nearest_intersection_candidate
1122,3,3329,-97.74156,30.26646,211.169,6.055,4,3,0,over_50m,0,nearest_intersection_candidate
1123,1,2881,-97.728433,30.158589,33.349,151.221,3,3,1,provisional_spatial_candidate,0,nearest_intersection_candidate
1123,2,6382,-97.729342,30.157334,184.57,151.221,3,3,0,provisional_spatial_candidate,0,nearest_intersection_candidate
1123,3,2986,-97.725755,30.162941,529.149,151.221,3,3,0,provisional_spatial_candidate,0,nearest_intersection_candidate
1124,1,2986,-97.725755,30.162941,1330.252,91.059,3,3,0,over_50m,0,nearest_intersection_candidate
1124,2,2881,-97.728433,30.158589,1421.311,91.059,3,3,0,over_50m,0,nearest_intersection_candidate
1124,3,6382,-97.729342,30.157334,1497.737,91.059,3,3,0,over_50m,0,nearest_intersection_candidate
1125,1,1803,-97.808804,30.144604,802.458,28.162,3,3,0,over_50m,0,nearest_intersection_candidate
1125,2,1710,-97.794565,30.146979,830.62,28.162,3,2,0,over_50m,0,nearest_intersection_candidate
1125,3,2432,-97.793656,30.149732,868.971,28.162,3,2,0,over_50m,0,nearest_intersection_candidate
1127,1,1772,-97.728856,30.142173,359.912,113.687,3,3,0,over_50m,0,nearest_intersection_candidate
1127,2,6383,-97.731083,30.149401,473.599,113.687,3,3,0,over_50m,0,nearest_intersection_candidate
1127,3,1771,-97.735082,30.154302,1117.301,113.687,3,3,0,over_50m,0,nearest_intersection_candidate
1129,1,1803,-97.808804,30.144604,24.821,1171.486,3,3,1,provisional_spatial_candidate,0,nearest_intersection_candidate
1129,2,1711,-97.797024,30.140553,1196.307,1171.486,4,2,0,provisional_spatial_candidate,0,nearest_intersection_candidate
1129,3,1713,-97.796827,30.13889,1294.057,1171.486,3,2,0,provisional_spatial_candidate,0,nearest_intersection_candidate
1130,1,2611,-97.845181,30.394252,641.069,55.577,4,4,0,over_50m,0,nearest_intersection_candidate
1130,2,1154,-97.853717,30.403618,696.646,55.577,4,4,0,over_50m,0,nearest_intersection_candidate
1130,3,1120,-97.85219,30.406566,950.873,55.577,3,3,0,over_50m,0,nearest_intersection_candidate
1131,1,4527,-97.606003,30.381294,1577.685,356.968,3,3,0,over_50m,0,nearest_intersection_candidate
1131,2,5987,-97.625057,30.371366,1934.653,356.968,4,4,0,over_50m,0,nearest_intersection_candidate
1131,3,1138,-97.634956,30.401773,2054.825,356.968,3,3,0,over_50m,0,nearest_intersection_candidate
1132,1,4527,-97.606003,30.381294,1146.786,723.954,3,3,0,over_50m,0,nearest_intersection_candidate
1132,2,5987,-97.625057,30.371366,1870.74,723.954,4,4,0,over_50m,0,nearest_intersection_candidate
1132,3,4528,-97.615171,30.367186,2142.821,723.954,5,5,0,over_50m,0,nearest_intersection_candidate
1135,1,4900,-97.652867,30.432226,976.771,894.509,4,4,0,over_50m,0,nearest_intersection_candidate
1135,2,1234,-97.625593,30.42208,1871.28,894.509,4,4,0,over_50m,0,nearest_intersection_candidate
1135,3,5119,-97.659683,30.418543,1916.823,894.509,4,4,0,over_50m,0,nearest_intersection_candidate
1138,1,2500,-97.836259,30.219835,382.485,55.662,6,4,0,over_50m,0,nearest_intersection_candidate
1138,2,2292,-97.838693,30.217492,438.147,55.662,3,1,0,over_50m,0,nearest_intersection_candidate
1138,3,2290,-97.838342,30.218765,450.106,55.662,3,2,0,over_50m,0,nearest_intersection_candidate
1139,1,2439,-97.783017,30.194474,27.215,284.381,3,3,1,provisional_spatial_candidate,0,nearest_intersection_candidate
1139,2,2450,-97.783996,30.191804,311.596,284.381,3,3,0,provisional_spatial_candidate,0,nearest_intersection_candidate
1139,3,1764,-97.778594,30.192997,482.801,284.381,4,4,0,provisional_spatial_candidate,0,nearest_intersection_candidate
1141,1,2384,-97.864878,30.254374,523.646,1179.479,3,3,0,over_50m,0,nearest_intersection_candidate
1141,2,6270,-97.861569,30.235117,1703.125,1179.479,3,2,0,over_50m,0,nearest_intersection_candidate
1141,3,6267,-97.864697,30.23441,1724.997,1179.479,4,3,0,over_50m,0,nearest_intersection_candidate
1143,1,6270,-97.861569,30.235117,676.69,106.648,3,2,0,over_50m,0,nearest_intersection_candidate
1143,2,6271,-97.861587,30.234158,783.338,106.648,3,1,0,over_50m,0,nearest_intersection_candidate
1143,3,6267,-97.864697,30.23441,818.601,106.648,4,3,0,over_50m,0,nearest_intersection_candidate
1144,1,3433,-97.700876,30.223624,47.323,173.449,3,3,1,provisional_spatial_candidate,0,nearest_intersection_candidate
1144,2,3435,-97.703324,30.22465,220.773,173.449,4,4,0,provisional_spatial_candidate,0,nearest_intersection_candidate
1144,3,3445,-97.706785,30.219997,697.456,173.449,3,3,0,provisional_spatial_candidate,0,nearest_intersection_candidate
1145,1,3433,-97.700876,30.223624,315.107,260.849,3,3,0,over_50m,0,nearest_intersection_candidate
1145,2,3435,-97.703324,30.22465,575.956,260.849,4,4,0,over_50m,0,nearest_intersection_candidate
1145,3,3440,-97.691138,30.218542,785.101,260.849,4,3,0,over_50m,0,nearest_intersection_candidate
1147,1,3904,-97.735509,30.315185,66.271,172.283,3,3,0,over_50m,0,nearest_intersection_candidate
1147,2,3902,-97.737326,30.313189,238.555,172.283,4,4,0,over_50m,0,nearest_intersection_candidate
1147,3,7294,-97.73184,30.316597,449.773,172.283,3,3,0,over_50m,0,nearest_intersection_candidate
1150,1,3349,-97.736052,30.264355,47.753,43.807,4,1,1,provisional_spatial_candidate,0,nearest_intersection_candidate
1150,2,3350,-97.735859,30.264848,91.56,43.807,4,3,0,provisional_spatial_candidate,0,nearest_intersection_candidate
1150,3,3346,-97.735644,30.2632,92.936,43.807,3,2,0,provisional_spatial_candidate,0,nearest_intersection_candidate
1151,1,6329,-97.623569,30.330283,1159.895,141.356,4,3,0,over_50m,0,nearest_intersection_candidate
1151,2,6328,-97.622968,30.331476,1301.251,141.356,4,3,0,over_50m,0,nearest_intersection_candidate
1151,3,6324,-97.654467,30.329384,2423.281,141.356,4,3,0,over_50m,0,nearest_intersection_candidate
1152,1,6755,-97.808647,30.111172,302.755,3.621,3,1,0,over_50m,0,nearest_intersection_candidate
1152,2,2169,-97.808283,30.112057,306.377,3.621,3,2,0,over_50m,0,nearest_intersection_candidate
1152,3,6754,-97.807874,30.113142,351.957,3.621,3,2,0,over_50m,0,nearest_intersection_candidate
1153,1,1787,-97.639306,30.153831,1191.572,48.155,4,4,0,over_50m,0,nearest_intersection_candidate
1153,2,6032,-97.638904,30.15357,1239.727,48.155,4,3,0,over_50m,0,nearest_intersection_candidate
1153,3,2813,-97.65984,30.166537,1250.312,48.155,3,3,0,over_50m,0,nearest_intersection_candidate
1154,1,1787,-97.639306,30.153831,746.878,47.205,4,4,0,over_50m,0,nearest_intersection_candidate
1154,2,6032,-97.638904,30.15357,794.083,47.205,4,3,0,over_50m,0,nearest_intersection_candidate
1154,3,6031,-97.63704,30.152612,994.271,47.205,4,3,0,over_50m,0,nearest_intersection_candidate
1156,1,3073,-97.759921,30.229425,300.036,149.242,4,4,0,over_50m,0,nearest_intersection_candidate
1156,2,3098,-97.76475,30.224153,449.279,149.242,3,1,0,over_50m,0,nearest_intersection_candidate
1156,3,3078,-97.763346,30.223341,456.714,149.242,4,3,0,over_50m,0,nearest_intersection_candidate
1157,1,1755,-97.776137,30.158348,651.501,5.095,4,4,0,over_50m,0,nearest_intersection_candidate
1157,2,1719,-97.784401,30.166859,656.596,5.095,4,3,0,over_50m,0,nearest_intersection_candidate
1157,3,2427,-97.787129,30.166939,895.251,5.095,4,3,0,over_50m,0,nearest_intersection_candidate
1159,1,3921,-97.718269,30.321748,344.648,21.873,3,3,0,over_50m,0,nearest_intersection_candidate
1159,2,3516,-97.713427,30.321176,366.521,21.873,4,3,0,over_50m,0,nearest_intersection_candidate
1159,3,3514,-97.715339,30.320405,385.389,21.873,5,3,0,over_50m,0,nearest_intersection_candidate
1168,1,3167,-97.748791,30.264429,237.748,9.758,3,3,0,over_50m,0,nearest_intersection_candidate
1168,2,3024,-97.746287,30.267783,247.505,9.758,4,4,0,over_50m,0,nearest_intersection_candidate
1168,3,3164,-97.749576,30.26872,265.895,9.758,4,4,0,over_50m,0,nearest_intersection_candidate
1169,1,3024,-97.746287,30.267783,174.561,27.002,4,4,0,over_50m,0,nearest_intersection_candidate
1169,2,3164,-97.749576,30.26872,201.564,27.002,4,4,0,over_50m,0,nearest_intersection_candidate
1169,3,3053,-97.745963,30.26867,242.616,27.002,4,3,0,over_50m,0,nearest_intersection_candidate
1171,1,2196,-97.802268,30.126556,920.094,37.809,3,1,0,over_50m,0,nearest_intersection_candidate
1171,2,2202,-97.801787,30.125677,957.903,37.809,3,2,0,over_50m,0,nearest_intersection_candidate
1171,3,2178,-97.805905,30.117582,1035.4,37.809,3,2,0,over_50m,0,nearest_intersection_candidate
1173,1,2812,-97.64624,30.18045,1010.704,621.798,3,3,0,over_50m,0,nearest_intersection_candidate
1173,2,6506,-97.637889,30.201793,1632.502,621.798,4,3,0,over_50m,0,nearest_intersection_candidate
1173,3,6507,-97.639325,30.20263,1643.366,621.798,3,2,0,over_50m,0,nearest_intersection_candidate
1174,1,4310,-97.688559,30.320108,137.696,126.695,4,3,0,over_50m,0,nearest_intersection_candidate
1174,2,4309,-97.692073,30.31989,264.391,126.695,3,2,0,over_50m,0,nearest_intersection_candidate
1174,3,4170,-97.686875,30.320168,272.875,126.695,3,1,0,over_50m,0,nearest_intersection_candidate
1176,1,6383,-97.731083,30.149401,507.226,112.491,3,3,0,over_50m,0,nearest_intersection_candidate
1176,2,1772,-97.728856,30.142173,619.716,112.491,3,3,0,over_50m,0,nearest_intersection_candidate
1176,3,1771,-97.735082,30.154302,976.167,112.491,3,3,0,over_50m,0,nearest_intersection_candidate
1177,1,2749,-97.615924,30.141786,870.845,620.941,3,3,0,over_50m,0,nearest_intersection_candidate
1177,2,6031,-97.63704,30.152612,1491.785,620.941,4,3,0,over_50m,0,nearest_intersection_candidate
1177,3,6033,-97.640666,30.148779,1681.782,620.941,3,1,0,over_50m,0,nearest_intersection_candidate
1178,1,3734,-97.760369,30.333101,220.347,105.051,3,3,0,over_50m,0,nearest_intersection_candidate
1178,2,3757,-97.755817,30.334213,325.398,105.051,3,2,0,over_50m,0,nearest_intersection_candidate
1178,3,3752,-97.757025,30.337477,362.618,105.051,4,4,0,over_50m,0,nearest_intersection_candidate
1182,1,6662,-97.738149,30.49638,1333.352,300.28,3,3,0,over_50m,0,nearest_intersection_candidate
1182,2,5003,-97.748663,30.481654,1633.632,300.28,3,2,0,over_50m,0,nearest_intersection_candidate
1182,3,5001,-97.746779,30.482033,1638.813,300.28,4,2,0,over_50m,0,nearest_intersection_candidate
1187,1,1748,-97.766207,30.14972,264.216,437.056,3,3,0,over_50m,0,nearest_intersection_candidate
1187,2,1747,-97.765776,30.145501,701.272,437.056,3,3,0,over_50m,0,nearest_intersection_candidate
1187,3,2940,-97.769031,30.157315,742.049,437.056,3,3,0,over_50m,0,nearest_intersection_candidate
1190,1,3039,-97.733949,30.247625,41.011,170.635,4,3,1,provisional_spatial_candidate,0,nearest_intersection_candidate
1190,2,3037,-97.735297,30.246302,211.646,170.635,3,1,0,provisional_spatial_candidate,0,nearest_intersection_candidate
1190,3,3043,-97.735046,30.249646,280.638,170.635,3,1,0,provisional_spatial_candidate,0,nearest_intersection_candidate
