signal_id,candidate_rank,feeder_id,substation_id,load_id,distribution_bus_id,distance_m,candidate_within_200m,selected_provisional,mapping_kind,real_utility_connection_verified,road_node_id,road_match_status
2,1,p5uhs19_1247--p5udt30268,p5uhs19_1247,load_p5ulv69454,p5ulv69454,107.322,1,1,synthetic_nearest_load_assumption,0,7294,provisional_spatial_candidate
2,2,p5uhs19_1247--p5udt30268,p5uhs19_1247,load_p5ulv35630,p5ulv35630,161.226,1,0,synthetic_nearest_load_assumption,0,7294,provisional_spatial_candidate
2,3,p5uhs19_1247--p5udt30268,p5uhs19_1247,load_p5ulv28126,p5ulv28126,165.286,1,0,synthetic_nearest_load_assumption,0,7294,provisional_spatial_candidate
3,1,p5uhs19_1247--p5udt30268,p5uhs19_1247,load_p5ulv30369,p5ulv30369,32.465,1,1,synthetic_nearest_load_assumption,0,3889,provisional_spatial_candidate
3,2,p5uhs19_1247--p5udt30268,p5uhs19_1247,load_p5ulv73330,p5ulv73330,36.096,1,0,synthetic_nearest_load_assumption,0,3889,provisional_spatial_candidate
3,3,p5uhs19_1247--p5udt30268,p5uhs19_1247,load_p5ulv62782,p5ulv62782,39.442,1,0,synthetic_nearest_load_assumption,0,3889,provisional_spatial_candidate
4,1,p5uhs19_1247--p5udt30268,p5uhs19_1247,load_p5ulv54263,p5ulv54263,27.759,1,1,synthetic_nearest_load_assumption,0,3879,provisional_spatial_candidate
4,2,p5uhs19_1247--p5udt30268,p5uhs19_1247,load_p5ulv54264,p5ulv54264,28.453,1,0,synthetic_nearest_load_assumption,0,3879,provisional_spatial_candidate
4,3,p5uhs19_1247--p5udt30268,p5uhs19_1247,load_p5ulv63359,p5ulv63359,54.933,1,0,synthetic_nearest_load_assumption,0,3879,provisional_spatial_candidate
5,1,p5uhs29_1247--p5udt31103,p5uhs29_1247,load_p5ulv59951,p5ulv59951,61.351,1,1,synthetic_nearest_load_assumption,0,3890,provisional_spatial_candidate
5,2,p5uhs29_1247--p5udt31103,p5uhs29_1247,load_p5ulv29276,p5ulv29276,75.543,1,0,synthetic_nearest_load_assumption,0,3890,provisional_spatial_candidate
5,3,p5uhs29_1247--p5udt31103,p5uhs29_1247,load_p5ulv22480,p5ulv22480,83.72,1,0,synthetic_nearest_load_assumption,0,3890,provisional_spatial_candidate
6,1,p5uhs29_1247--p5udt31103,p5uhs29_1247,load_p5ulv46972,p5ulv46972,40.456,1,1,synthetic_nearest_load_assumption,0,,over_50m
6,2,p5uhs29_1247--p5udt31103,p5uhs29_1247,load_p5ulv28119,p5ulv28119,47.941,1,0,synthetic_nearest_load_assumption,0,,over_50m
6,3,p5uhs29_1247--p5udt31103,p5uhs29_1247,load_p5ulv32528,p5ulv32528,48.122,1,0,synthetic_nearest_load_assumption,0,,over_50m
7,1,p5uhs29_1247--p5udt31103,p5uhs29_1247,load_p5ulv37519,p5ulv37519,32.441,1,1,synthetic_nearest_load_assumption,0,,over_50m
7,2,p5uhs29_1247--p5udt31103,p5uhs29_1247,load_p5ulv35257,p5ulv35257,40.133,1,0,synthetic_nearest_load_assumption,0,,over_50m
7,3,p5uhs29_1247--p5udt31103,p5uhs29_1247,load_p5ulv39176,p5ulv39176,66.718,1,0,synthetic_nearest_load_assumption,0,,over_50m
9,1,p5uhs29_1247--p5udt31103,p5uhs29_1247,load_p5ulv47457,p5ulv47457,41.193,1,1,synthetic_nearest_load_assumption,0,2841,provisional_spatial_candidate
9,2,p5uhs29_1247--p5udt31103,p5uhs29_1247,load_p5ulv74953,p5ulv74953,48.507,1,0,synthetic_nearest_load_assumption,0,2841,provisional_spatial_candidate
9,3,p5uhs29_1247--p5udt31103,p5uhs29_1247,load_p5ulv54796,p5ulv54796,64.135,1,0,synthetic_nearest_load_assumption,0,2841,provisional_spatial_candidate
10,1,p5uhs29_1247--p5udt20500,p5uhs29_1247,load_p5ulv41975,p5ulv41975,60.698,1,1,synthetic_nearest_load_assumption,0,,over_50m
10,2,p5uhs29_1247--p5udt20500,p5uhs29_1247,load_p5ulv58245,p5ulv58245,68.007,1,0,synthetic_nearest_load_assumption,0,,over_50m
10,3,p5uhs29_1247--p5udt20500,p5uhs29_1247,load_p5ulv48052,p5ulv48052,79.247,1,0,synthetic_nearest_load_assumption,0,,over_50m
11,1,p5uhs8_1247--p5udt31669,p5uhs8_1247,load_p5ulv43037,p5ulv43037,30.818,1,1,synthetic_nearest_load_assumption,0,3518,provisional_spatial_candidate
11,2,p5uhs8_1247--p5udt31669,p5uhs8_1247,load_p5ulv63862,p5ulv63862,41.518,1,0,synthetic_nearest_load_assumption,0,3518,provisional_spatial_candidate
11,3,p5uhs8_1247--p5udt31669,p5uhs8_1247,load_p5ulv70519,p5ulv70519,47.194,1,0,synthetic_nearest_load_assumption,0,3518,provisional_spatial_candidate
12,1,p5uhs29_1247--p5udt31103,p5uhs29_1247,load_p5ulv51469,p5ulv51469,28.344,1,1,synthetic_nearest_load_assumption,0,,over_50m
12,2,p5uhs29_1247--p5udt31103,p5uhs29_1247,load_p5ulv31966,p5ulv31966,28.535,1,0,synthetic_nearest_load_assumption,0,,over_50m
12,3,p5uhs29_1247--p5udt31103,p5uhs29_1247,load_p5ulv45897,p5ulv45897,55.458,1,0,synthetic_nearest_load_assumption,0,,over_50m
13,1,p5uhs18_1247--p5udt29300,p5uhs18_1247,load_p5ulv70553,p5ulv70553,20.777,1,1,synthetic_nearest_load_assumption,0,3892,provisional_spatial_candidate
13,2,p5uhs18_1247--p5udt29300,p5uhs18_1247,load_p5ulv45304,p5ulv45304,37.427,1,0,synthetic_nearest_load_assumption,0,3892,provisional_spatial_candidate
13,3,p5uhs18_1247--p5udt29300,p5uhs18_1247,load_p5ulv60521,p5ulv60521,42.066,1,0,synthetic_nearest_load_assumption,0,3892,provisional_spatial_candidate
14,1,p5uhs29_1247--p5udt20500,p5uhs29_1247,load_p5ulv33615,p5ulv33615,32.105,1,1,synthetic_nearest_load_assumption,0,3928,provisional_spatial_candidate
14,2,p5uhs29_1247--p5udt20500,p5uhs29_1247,load_p5ulv45314,p5ulv45314,62.198,1,0,synthetic_nearest_load_assumption,0,3928,provisional_spatial_candidate
14,3,p5uhs29_1247--p5udt20500,p5uhs29_1247,load_p5ulv63352,p5ulv63352,73.564,1,0,synthetic_nearest_load_assumption,0,3928,provisional_spatial_candidate
15,1,p5uhs19_1247--p5udt30268,p5uhs19_1247,load_p5ulv35260,p5ulv35260,20.553,1,1,synthetic_nearest_load_assumption,0,,over_50m
15,2,p5uhs19_1247--p5udt30268,p5uhs19_1247,load_p5ulv35853,p5ulv35853,24.712,1,0,synthetic_nearest_load_assumption,0,,over_50m
15,3,p5uhs19_1247--p5udt30268,p5uhs19_1247,load_p5ulv67183,p5ulv67183,25.136,1,0,synthetic_nearest_load_assumption,0,,over_50m
16,1,p5uhs29_1247--p5udt20500,p5uhs29_1247,load_p5ulv26405,p5ulv26405,61.512,1,1,synthetic_nearest_load_assumption,0,3607,provisional_spatial_candidate
16,2,p5uhs29_1247--p5udt20500,p5uhs29_1247,load_p5ulv33613,p5ulv33613,97.137,1,0,synthetic_nearest_load_assumption,0,3607,provisional_spatial_candidate
16,3,p5uhs29_1247--p5udt20500,p5uhs29_1247,load_p5ulv38642,p5ulv38642,123.677,1,0,synthetic_nearest_load_assumption,0,3607,provisional_spatial_candidate
17,1,p5uhs29_1247--p5udt20500,p5uhs29_1247,load_p5ulv65554,p5ulv65554,95.186,1,1,synthetic_nearest_load_assumption,0,,over_50m
17,2,p5uhs29_1247--p5udt20500,p5uhs29_1247,load_p5ulv38642,p5ulv38642,114.345,1,0,synthetic_nearest_load_assumption,0,,over_50m
17,3,p5uhs29_1247--p5udt20500,p5uhs29_1247,load_p5ulv36967,p5ulv36967,138.597,1,0,synthetic_nearest_load_assumption,0,,over_50m
19,1,p1uhs6_1247--p1udt14764,p1uhs6_1247,load_p1ulv58929,p1ulv58929,46.144,1,1,synthetic_nearest_load_assumption,0,5084,provisional_spatial_candidate
19,2,p1uhs6_1247--p1udt14764,p1uhs6_1247,load_p1ulv2954,p1ulv2954,50.106,1,0,synthetic_nearest_load_assumption,0,5084,provisional_spatial_candidate
19,3,p1uhs6_1247--p1udt14764,p1uhs6_1247,load_p1ulv21872,p1ulv21872,69.684,1,0,synthetic_nearest_load_assumption,0,5084,provisional_spatial_candidate
20,1,p5uhs1_1247--p5udt6125,p5uhs1_1247,load_p5ulv10092,p5ulv10092,16.666,1,1,synthetic_nearest_load_assumption,0,,ambiguous_nearby_nodes
20,2,p5uhs1_1247--p5udt6125,p5uhs1_1247,load_p5ulv19035,p5ulv19035,27.102,1,0,synthetic_nearest_load_assumption,0,,ambiguous_nearby_nodes
20,3,p5uhs1_1247--p5udt6125,p5uhs1_1247,load_p5ulv11061,p5ulv11061,31.562,1,0,synthetic_nearest_load_assumption,0,,ambiguous_nearby_nodes
21,1,p5uhs1_1247--p5udt6125,p5uhs1_1247,load_p5ulv9892,p5ulv9892,19.814,1,1,synthetic_nearest_load_assumption,0,,over_50m
21,2,p5uhs1_1247--p5udt6125,p5uhs1_1247,load_p5ulv12566,p5ulv12566,26.813,1,0,synthetic_nearest_load_assumption,0,,over_50m
21,3,p5uhs1_1247--p5udt6125,p5uhs1_1247,load_p5ulv7846,p5ulv7846,41.008,1,0,synthetic_nearest_load_assumption,0,,over_50m
23,1,p5uhs1_1247--p5udt6125,p5uhs1_1247,load_p5ulv4324,p5ulv4324,18.565,1,1,synthetic_nearest_load_assumption,0,,over_50m
23,2,p5uhs1_1247--p5udt6125,p5uhs1_1247,load_p5ulv7488,p5ulv7488,42.265,1,0,synthetic_nearest_load_assumption,0,,over_50m
23,3,p5uhs1_1247--p5udt6125,p5uhs1_1247,load_p5ulv16948,p5ulv16948,46.067,1,0,synthetic_nearest_load_assumption,0,,over_50m
24,1,p5uhs1_1247--p5udt6125,p5uhs1_1247,load_p5ulv10875,p5ulv10875,20.706,1,1,synthetic_nearest_load_assumption,0,3813,provisional_spatial_candidate
24,2,p5uhs1_1247--p5udt6125,p5uhs1_1247,load_p5ulv77609,p5ulv77609,55.042,1,0,synthetic_nearest_load_assumption,0,3813,provisional_spatial_candidate
24,3,p5uhs1_1247--p5udt6125,p5uhs1_1247,load_p5ulv14582,p5ulv14582,55.053,1,0,synthetic_nearest_load_assumption,0,3813,provisional_spatial_candidate
25,1,p5uhs1_1247--p5udt6125,p5uhs1_1247,load_p5ulv2658,p5ulv2658,27.68,1,1,synthetic_nearest_load_assumption,0,3797,provisional_spatial_candidate
25,2,p5uhs1_1247--p5udt6125,p5uhs1_1247,load_p5ulv6565,p5ulv6565,39.487,1,0,synthetic_nearest_load_assumption,0,3797,provisional_spatial_candidate
25,3,p5uhs1_1247--p5udt6125,p5uhs1_1247,load_p5ulv36856,p5ulv36856,135.925,1,0,synthetic_nearest_load_assumption,0,3797,provisional_spatial_candidate
26,1,p5uhs1_1247--p5udt4629,p5uhs1_1247,load_p5ulv12007,p5ulv12007,60.4,1,1,synthetic_nearest_load_assumption,0,3815,provisional_spatial_candidate
26,2,p5uhs1_1247--p5udt4629,p5uhs1_1247,load_p5ulv12185,p5ulv12185,111.69,1,0,synthetic_nearest_load_assumption,0,3815,provisional_spatial_candidate
26,3,p5uhs1_1247--p5udt4629,p5uhs1_1247,load_p5ulv7678,p5ulv7678,142.956,1,0,synthetic_nearest_load_assumption,0,3815,provisional_spatial_candidate
27,1,p5uhs3_1247--p5udt6002,p5uhs3_1247,load_p5ulv18913,p5ulv18913,83.906,1,1,synthetic_nearest_load_assumption,0,2831,provisional_spatial_candidate
27,2,p5uhs3_1247--p5udt6002,p5uhs3_1247,load_p5ulv6451,p5ulv6451,113.746,1,0,synthetic_nearest_load_assumption,0,2831,provisional_spatial_candidate
27,3,p5uhs1_1247--p5udt4629,p5uhs1_1247,load_p5ulv12007,p5ulv12007,136.502,1,0,synthetic_nearest_load_assumption,0,2831,provisional_spatial_candidate
28,1,p5uhs0_1247--p5udt3610,p5uhs0_1247,load_p5ulv6827,p5ulv6827,42.866,1,1,synthetic_nearest_load_assumption,0,,over_50m
28,2,p5uhs3_1247--p5udt6002,p5uhs3_1247,load_p5ulv9442,p5ulv9442,88.069,1,0,synthetic_nearest_load_assumption,0,,over_50m
28,3,p5uhs3_1247--p5udt6002,p5uhs3_1247,load_p5ulv27645,p5ulv27645,103.515,1,0,synthetic_nearest_load_assumption,0,,over_50m
29,1,p5uhs29_1247--p5udt20500,p5uhs29_1247,load_p5ulv36968,p5ulv36968,18.723,1,1,synthetic_nearest_load_assumption,0,,over_50m
29,2,p5uhs29_1247--p5udt20500,p5uhs29_1247,load_p5ulv77260,p5ulv77260,39.705,1,0,synthetic_nearest_load_assumption,0,,over_50m
29,3,p5uhs29_1247--p5udt20500,p5uhs29_1247,load_p5ulv53146,p5ulv53146,44.967,1,0,synthetic_nearest_load_assumption,0,,over_50m
30,1,p5uhs6_1247--p5udt7214,p5uhs6_1247,load_p5ulv11238,p5ulv11238,22.452,1,1,synthetic_nearest_load_assumption,0,3612,provisional_spatial_candidate
30,2,p5uhs6_1247--p5udt7214,p5uhs6_1247,load_p5ulv14380,p5ulv14380,26.285,1,0,synthetic_nearest_load_assumption,0,3612,provisional_spatial_candidate
30,3,p5uhs6_1247--p5udt7214,p5uhs6_1247,load_p5ulv13690,p5ulv13690,43.368,1,0,synthetic_nearest_load_assumption,0,3612,provisional_spatial_candidate
31,1,p5uhs6_1247--p5udt7214,p5uhs6_1247,load_p5ulv14387,p5ulv14387,23.065,1,1,synthetic_nearest_load_assumption,0,3613,provisional_spatial_candidate
31,2,p5uhs6_1247--p5udt7214,p5uhs6_1247,load_p5ulv40,p5ulv40,30.246,1,0,synthetic_nearest_load_assumption,0,3613,provisional_spatial_candidate
31,3,p5uhs6_1247--p5udt7214,p5uhs6_1247,load_p5ulv4495,p5ulv4495,52.235,1,0,synthetic_nearest_load_assumption,0,3613,provisional_spatial_candidate
32,1,p5uhs6_1247--p5udt8728,p5uhs6_1247,load_p5ulv65963,p5ulv65963,23.058,1,1,synthetic_nearest_load_assumption,0,,over_50m
32,2,p5uhs6_1247--p5udt7214,p5uhs6_1247,load_p5ulv1367,p5ulv1367,45.101,1,0,synthetic_nearest_load_assumption,0,,over_50m
32,3,p5uhs6_1247--p5udt8728,p5uhs6_1247,load_p5ulv15460,p5ulv15460,45.793,1,0,synthetic_nearest_load_assumption,0,,over_50m
33,1,p5uhs6_1247--p5udt8728,p5uhs6_1247,load_p5ulv10078,p5ulv10078,10.0,1,1,synthetic_nearest_load_assumption,0,,over_50m
33,2,p5uhs6_1247--p5udt8728,p5uhs6_1247,load_p5ulv5627,p5ulv5627,39.356,1,0,synthetic_nearest_load_assumption,0,,over_50m
33,3,p5uhs6_1247--p5udt8728,p5uhs6_1247,load_p5ulv77730,p5ulv77730,52.4,1,0,synthetic_nearest_load_assumption,0,,over_50m
35,1,p5uhs0_1247--p5udt3610,p5uhs0_1247,load_p5ulv883,p5ulv883,48.224,1,1,synthetic_nearest_load_assumption,0,2784,provisional_spatial_candidate
35,2,p5uhs0_1247--p5udt3610,p5uhs0_1247,load_p5ulv6827,p5ulv6827,143.359,1,0,synthetic_nearest_load_assumption,0,2784,provisional_spatial_candidate
35,3,p5uhs0_1247--p5udt3610,p5uhs0_1247,load_p5ulv2754,p5ulv2754,168.518,1,0,synthetic_nearest_load_assumption,0,2784,provisional_spatial_candidate
37,1,p5uhs1_1247--p5udt6125,p5uhs1_1247,load_p5ulv11639,p5ulv11639,58.178,1,1,synthetic_nearest_load_assumption,0,3806,provisional_spatial_candidate
37,2,p5uhs1_1247--p5udt6125,p5uhs1_1247,load_p5ulv12773,p5ulv12773,59.437,1,0,synthetic_nearest_load_assumption,0,3806,provisional_spatial_candidate
37,3,p5uhs1_1247--p5udt6125,p5uhs1_1247,load_p5ulv12961,p5ulv12961,63.16,1,0,synthetic_nearest_load_assumption,0,3806,provisional_spatial_candidate
38,1,p5uhs6_1247--p5udt8728,p5uhs6_1247,load_p5ulv3792,p5ulv3792,35.979,1,1,synthetic_nearest_load_assumption,0,,over_50m
38,2,p5uhs6_1247--p5udt8728,p5uhs6_1247,load_p5ulv77728,p5ulv77728,56.321,1,0,synthetic_nearest_load_assumption,0,,over_50m
38,3,p5uhs1_1247--p5udt6125,p5uhs1_1247,load_p5ulv1903,p5ulv1903,57.161,1,0,synthetic_nearest_load_assumption,0,,over_50m
39,1,p5uhs6_1247--p5udt8728,p5uhs6_1247,load_p5ulv6207,p5ulv6206,52.98,1,1,synthetic_nearest_load_assumption,0,,over_50m
39,2,p5uhs6_1247--p5udt8728,p5uhs6_1247,load_p5ulv6206,p5ulv6206,52.98,1,0,synthetic_nearest_load_assumption,0,,over_50m
39,3,p5uhs6_1247--p5udt8728,p5uhs6_1247,load_p5ulv6205,p5ulv6205,53.596,1,0,synthetic_nearest_load_assumption,0,,over_50m
40,1,p5uhs6_1247--p5udt8728,p5uhs6_1247,load_p5ulv12753,p5ulv12753,36.085,1,1,synthetic_nearest_load_assumption,0,3798,provisional_spatial_candidate
40,2,p5uhs6_1247--p5udt8728,p5uhs6_1247,load_p5ulv12754,p5ulv12754,40.819,1,0,synthetic_nearest_load_assumption,0,3798,provisional_spatial_candidate
40,3,p5uhs6_1247--p5udt8728,p5uhs6_1247,load_p5ulv16942,p5ulv16942,46.927,1,0,synthetic_nearest_load_assumption,0,3798,provisional_spatial_candidate
42,1,p5uhs6_1247--p5udt8728,p5uhs6_1247,load_p5ulv443,p5ulv443,25.132,1,1,synthetic_nearest_load_assumption,0,,over_50m
42,2,p5uhs6_1247--p5udt8728,p5uhs6_1247,load_p5ulv16033,p5ulv16033,36.124,1,0,synthetic_nearest_load_assumption,0,,over_50m
42,3,p5uhs6_1247--p5udt8728,p5uhs6_1247,load_p5ulv78137,p5ulv9356,36.967,1,0,synthetic_nearest_load_assumption,0,,over_50m
43,1,p5uhs6_1247--p5udt8728,p5uhs6_1247,load_p5ulv11810,p5ulv11810,50.409,1,1,synthetic_nearest_load_assumption,0,3766,provisional_spatial_candidate
43,2,p5uhs6_1247--p5udt7214,p5uhs6_1247,load_p5ulv15678,p5ulv15678,51.926,1,0,synthetic_nearest_load_assumption,0,3766,provisional_spatial_candidate
43,3,p5uhs6_1247--p5udt8728,p5uhs6_1247,load_p5ulv11809,p5ulv11809,55.828,1,0,synthetic_nearest_load_assumption,0,3766,provisional_spatial_candidate
44,1,p5uhs6_1247--p5udt3745,p5uhs6_1247,load_p5ulv9883,p5ulv9883,27.903,1,1,synthetic_nearest_load_assumption,0,3764,provisional_spatial_candidate
44,2,p5uhs6_1247--p5udt3745,p5uhs6_1247,load_p5ulv8972,p5ulv8972,36.356,1,0,synthetic_nearest_load_assumption,0,3764,provisional_spatial_candidate
44,3,p5uhs6_1247--p5udt3745,p5uhs6_1247,load_p5ulv3420,p5ulv3420,41.803,1,0,synthetic_nearest_load_assumption,0,3764,provisional_spatial_candidate
45,1,p5uhs6_1247--p5udt7214,p5uhs6_1247,load_p5ulv5048,p5ulv5048,28.733,1,1,synthetic_nearest_load_assumption,0,3765,provisional_spatial_candidate
45,2,p5uhs6_1247--p5udt7214,p5uhs6_1247,load_p5ulv29679,p5ulv29679,49.203,1,0,synthetic_nearest_load_assumption,0,3765,provisional_spatial_candidate
45,3,p5uhs6_1247--p5udt7214,p5uhs6_1247,load_p5ulv1167,p5ulv1167,51.737,1,0,synthetic_nearest_load_assumption,0,3765,provisional_spatial_candidate
46,1,p5uhs6_1247--p5udt3745,p5uhs6_1247,load_p5ulv44608,p5ulv44608,29.147,1,1,synthetic_nearest_load_assumption,0,3820,provisional_spatial_candidate
46,2,p5uhs6_1247--p5udt3745,p5uhs6_1247,load_p5ulv13325,p5ulv13325,31.324,1,0,synthetic_nearest_load_assumption,0,3820,provisional_spatial_candidate
46,3,p5uhs6_1247--p5udt3745,p5uhs6_1247,load_p5ulv18828,p5ulv18828,53.123,1,0,synthetic_nearest_load_assumption,0,3820,provisional_spatial_candidate
47,1,p5uhs6_1247--p5udt3745,p5uhs6_1247,load_p5ulv15435,p5ulv15435,21.078,1,1,synthetic_nearest_load_assumption,0,3823,provisional_spatial_candidate
47,2,p5uhs6_1247--p5udt3745,p5uhs6_1247,load_p5ulv15436,p5ulv15436,33.739,1,0,synthetic_nearest_load_assumption,0,3823,provisional_spatial_candidate
47,3,p5uhs6_1247--p5udt3745,p5uhs6_1247,load_p5ulv12727,p5ulv12727,40.375,1,0,synthetic_nearest_load_assumption,0,3823,provisional_spatial_candidate
48,1,p5uhs4_1247--p5udt4324,p5uhs4_1247,load_p5ulv65927,p5ulv65927,27.847,1,1,synthetic_nearest_load_assumption,0,7295,provisional_spatial_candidate
48,2,p5uhs4_1247--p5udt4324,p5uhs4_1247,load_p5ulv32892,p5ulv32892,27.854,1,0,synthetic_nearest_load_assumption,0,7295,provisional_spatial_candidate
48,3,p5uhs4_1247--p5udt4324,p5uhs4_1247,load_p5ulv44561,p5ulv44561,58.451,1,0,synthetic_nearest_load_assumption,0,7295,provisional_spatial_candidate
49,1,p5uhs4_1247--p5udt4324,p5uhs4_1247,load_p5ulv59172,p5ulv59172,91.821,1,1,synthetic_nearest_load_assumption,0,,over_50m
49,2,p5uhs4_1247--p5udt4324,p5uhs4_1247,load_p5ulv63730,p5ulv63730,96.614,1,0,synthetic_nearest_load_assumption,0,,over_50m
49,3,p5uhs4_1247--p5udt4324,p5uhs4_1247,load_p5ulv44008,p5ulv44008,105.357,1,0,synthetic_nearest_load_assumption,0,,over_50m
50,1,p5uhs19_1247--p5udt22111,p5uhs19_1247,load_p5ulv30948,p5ulv30948,49.678,1,1,synthetic_nearest_load_assumption,0,3643,provisional_spatial_candidate
50,2,p5uhs19_1247--p5udt22111,p5uhs19_1247,load_p5ulv67787,p5ulv67787,49.885,1,0,synthetic_nearest_load_assumption,0,3643,provisional_spatial_candidate
50,3,p5uhs19_1247--p5udt22111,p5uhs19_1247,load_p5ulv33652,p5ulv33652,58.811,1,0,synthetic_nearest_load_assumption,0,3643,provisional_spatial_candidate
51,1,p5uhs0_1247--p5udt119,p5uhs0_1247,load_p5ulv13598,p5ulv13598,20.571,1,1,synthetic_nearest_load_assumption,0,,over_50m
51,2,p5uhs0_1247--p5udt119,p5uhs0_1247,load_p5ulv5129,p5ulv5129,22.803,1,0,synthetic_nearest_load_assumption,0,,over_50m
51,3,p5uhs0_1247--p5udt119,p5uhs0_1247,load_p5ulv7555,p5ulv7555,29.033,1,0,synthetic_nearest_load_assumption,0,,over_50m
52,1,p5uhs0_1247--p5udt119,p5uhs0_1247,load_p5ulv14147,p5ulv14147,21.708,1,1,synthetic_nearest_load_assumption,0,,over_50m
52,2,p5uhs0_1247--p5udt119,p5uhs0_1247,load_p5ulv1074,p5ulv1074,35.829,1,0,synthetic_nearest_load_assumption,0,,over_50m
52,3,p5uhs0_1247--p5udt119,p5uhs0_1247,load_p5ulv8113,p5ulv8113,38.589,1,0,synthetic_nearest_load_assumption,0,,over_50m
53,1,p5uhs6_1247--p5udt8728,p5uhs6_1247,load_p5umv18,p5umv18,53.542,1,1,synthetic_nearest_load_assumption,0,3803,provisional_spatial_candidate
53,2,p5uhs6_1247--p5udt8728,p5uhs6_1247,load_p5ulv5996,p5ulv5996,80.81,1,0,synthetic_nearest_load_assumption,0,3803,provisional_spatial_candidate
53,3,p5uhs6_1247--p5udt8728,p5uhs6_1247,load_p5ulv7839,p5ulv7839,99.812,1,0,synthetic_nearest_load_assumption,0,3803,provisional_spatial_candidate
54,1,p5uhs4_1247--p5udt4324,p5uhs4_1247,load_p5ulv11995,p5ulv11995,98.077,1,1,synthetic_nearest_load_assumption,0,,over_50m
54,2,p5uhs4_1247--p5udt4324,p5uhs4_1247,load_p5ulv78139,p5ulv78139,110.375,1,0,synthetic_nearest_load_assumption,0,,over_50m
54,3,p5uhs4_1247--p5udt4324,p5uhs4_1247,load_p5ulv8213,p5ulv8213,111.38,1,0,synthetic_nearest_load_assumption,0,,over_50m
55,1,p5uhs4_1247--p5udt4324,p5uhs4_1247,load_p5ulv7838,p5ulv7838,79.96,1,1,synthetic_nearest_load_assumption,0,3819,provisional_spatial_candidate
55,2,p5uhs6_1247--p5udt8728,p5uhs6_1247,load_p5ulv5996,p5ulv5996,105.518,1,0,synthetic_nearest_load_assumption,0,3819,provisional_spatial_candidate
55,3,p5uhs6_1247--p5udt8728,p5uhs6_1247,load_p5umv18,p5umv18,114.719,1,0,synthetic_nearest_load_assumption,0,3819,provisional_spatial_candidate
56,1,p5uhs4_1247--p5udt4324,p5uhs4_1247,load_p5ulv11998,p5ulv11998,39.9,1,1,synthetic_nearest_load_assumption,0,3818,provisional_spatial_candidate
56,2,p5uhs4_1247--p5udt4324,p5uhs4_1247,load_p5ulv3489,p5ulv3489,46.232,1,0,synthetic_nearest_load_assumption,0,3818,provisional_spatial_candidate
56,3,p5uhs4_1247--p5udt4324,p5uhs4_1247,load_p5ulv14131,p5ulv14131,55.666,1,0,synthetic_nearest_load_assumption,0,3818,provisional_spatial_candidate
57,1,p5uhs4_1247--p5udt4324,p5uhs4_1247,load_p5ulv4380,p5ulv4380,33.174,1,1,synthetic_nearest_load_assumption,0,,over_50m
57,2,p5uhs4_1247--p5udt4324,p5uhs4_1247,load_p5ulv11113,p5ulv11113,42.318,1,0,synthetic_nearest_load_assumption,0,,over_50m
57,3,p5uhs4_1247--p5udt4324,p5uhs4_1247,load_p5ulv3671,p5ulv3671,53.714,1,0,synthetic_nearest_load_assumption,0,,over_50m
58,1,p5uhs4_1247--p5udt4324,p5uhs4_1247,load_p5ulv16625,p5ulv16625,22.267,1,1,synthetic_nearest_load_assumption,0,3773,provisional_spatial_candidate
58,2,p5uhs4_1247--p5udt4324,p5uhs4_1247,load_p5ulv53196,p5ulv53196,26.255,1,0,synthetic_nearest_load_assumption,0,3773,provisional_spatial_candidate
58,3,p5uhs4_1247--p5udt4324,p5uhs4_1247,load_p5ulv17189,p5ulv17189,30.874,1,0,synthetic_nearest_load_assumption,0,3773,provisional_spatial_candidate
59,1,p5uhs4_1247--p5udt4324,p5uhs4_1247,load_p5ulv15918,p5ulv15918,34.64,1,1,synthetic_nearest_load_assumption,0,3772,provisional_spatial_candidate
59,2,p5uhs4_1247--p5udt4324,p5uhs4_1247,load_p5ulv506,p5ulv506,36.26,1,0,synthetic_nearest_load_assumption,0,3772,provisional_spatial_candidate
59,3,p5uhs4_1247--p5udt4324,p5uhs4_1247,load_p5ulv8275,p5ulv8275,41.872,1,0,synthetic_nearest_load_assumption,0,3772,provisional_spatial_candidate
60,1,p5uhs19_1247--p5udt30268,p5uhs19_1247,load_p5ulv50376,p5ulv50376,21.938,1,1,synthetic_nearest_load_assumption,0,3867,provisional_spatial_candidate
60,2,p5uhs19_1247--p5udt30268,p5uhs19_1247,load_p5ulv76714,p5ulv76714,32.176,1,0,synthetic_nearest_load_assumption,0,3867,provisional_spatial_candidate
60,3,p5uhs19_1247--p5udt30268,p5uhs19_1247,load_p5ulv52085,p5ulv52085,32.333,1,0,synthetic_nearest_load_assumption,0,3867,provisional_spatial_candidate
61,1,p5uhs19_1247--p5udt22111,p5uhs19_1247,load_p5ulv69479,p5ulv69479,25.437,1,1,synthetic_nearest_load_assumption,0,3661,provisional_spatial_candidate
61,2,p5uhs19_1247--p5udt22111,p5uhs19_1247,load_p5ulv26447,p5ulv26447,26.878,1,0,synthetic_nearest_load_assumption,0,3661,provisional_spatial_candidate
61,3,p5uhs19_1247--p5udt22111,p5uhs19_1247,load_p5ulv53715,p5ulv53715,32.885,1,0,synthetic_nearest_load_assumption,0,3661,provisional_spatial_candidate
62,1,p5uhs6_1247--p5udt8728,p5uhs6_1247,load_p5ulv19027,p5ulv19027,35.421,1,1,synthetic_nearest_load_assumption,0,,over_50m
62,2,p5uhs6_1247--p5udt8728,p5uhs6_1247,load_p5ulv18823,p5ulv18823,66.884,1,0,synthetic_nearest_load_assumption,0,,over_50m
62,3,p5uhs6_1247--p5udt8728,p5uhs6_1247,load_p5ulv10273,p5ulv10273,95.21,1,0,synthetic_nearest_load_assumption,0,,over_50m
63,1,p5uhs4_1247--p5udt2507,p5uhs4_1247,load_p5ulv10157,p5ulv10157,38.82,1,1,synthetic_nearest_load_assumption,0,3870,provisional_spatial_candidate
63,2,p5uhs4_1247--p5udt2507,p5uhs4_1247,load_p5ulv18145,p5ulv18145,57.871,1,0,synthetic_nearest_load_assumption,0,3870,provisional_spatial_candidate
63,3,p5uhs4_1247--p5udt2507,p5uhs4_1247,load_p5ulv78204,p5ulv78204,68.143,1,0,synthetic_nearest_load_assumption,0,3870,provisional_spatial_candidate
64,1,p5uhs4_1247--p5udt2507,p5uhs4_1247,load_p5ulv4561,p5ulv4561,36.543,1,1,synthetic_nearest_load_assumption,0,,over_50m
64,2,p5uhs4_1247--p5udt2507,p5uhs4_1247,load_p5ulv6628,p5ulv6628,39.866,1,0,synthetic_nearest_load_assumption,0,,over_50m
64,3,p5uhs4_1247--p5udt2507,p5uhs4_1247,load_p5ulv4560,p5ulv4560,46.433,1,0,synthetic_nearest_load_assumption,0,,over_50m
65,1,p5uhs4_1247--p5udt7236,p5uhs4_1247,load_p5ulv7340,p5ulv7340,43.277,1,1,synthetic_nearest_load_assumption,0,3848,provisional_spatial_candidate
65,2,p5uhs4_1247--p5udt7236,p5uhs4_1247,load_p5ulv5694,p5ulv5694,59.762,1,0,synthetic_nearest_load_assumption,0,3848,provisional_spatial_candidate
65,3,p5uhs4_1247--p5udt7236,p5uhs4_1247,load_p5ulv16087,p5ulv16087,71.252,1,0,synthetic_nearest_load_assumption,0,3848,provisional_spatial_candidate
66,1,p5uhs6_1247--p5udt8728,p5uhs6_1247,load_p5ulv18824,p5ulv18824,66.989,1,1,synthetic_nearest_load_assumption,0,,over_50m
66,2,p5uhs6_1247--p5udt8728,p5uhs6_1247,load_p5ulv76010,p5ulv76010,77.366,1,0,synthetic_nearest_load_assumption,0,,over_50m
66,3,p5uhs6_1247--p5udt8728,p5uhs6_1247,load_p5ulv15100,p5ulv15100,92.631,1,0,synthetic_nearest_load_assumption,0,,over_50m
67,1,p5uhs4_1247--p5udt2507,p5uhs4_1247,load_p5ulv7539,p5ulv7539,34.467,1,1,synthetic_nearest_load_assumption,0,,over_50m
67,2,p5uhs4_1247--p5udt2507,p5uhs4_1247,load_p5ulv17001,p5ulv17001,44.699,1,0,synthetic_nearest_load_assumption,0,,over_50m
67,3,p5uhs4_1247--p5udt2507,p5uhs4_1247,load_p5ulv14814,p5ulv14814,63.417,1,0,synthetic_nearest_load_assumption,0,,over_50m
68,1,p5uhs4_1247--p5udt2507,p5uhs4_1247,load_p5ulv3863,p5ulv3863,29.598,1,1,synthetic_nearest_load_assumption,0,3780,provisional_spatial_candidate
68,2,p5uhs4_1247--p5udt2507,p5uhs4_1247,load_p5ulv2359,p5ulv2359,50.416,1,0,synthetic_nearest_load_assumption,0,3780,provisional_spatial_candidate
68,3,p5uhs4_1247--p5udt2507,p5uhs4_1247,load_p5ulv15757,p5ulv15757,52.824,1,0,synthetic_nearest_load_assumption,0,3780,provisional_spatial_candidate
69,1,p5uhs19_1247--p5udt17094,p5uhs19_1247,load_p5ulv43130,p5ulv43130,105.136,1,1,synthetic_nearest_load_assumption,0,3869,provisional_spatial_candidate
69,2,p5uhs19_1247--p5udt17094,p5uhs19_1247,load_p5ulv53205,p5ulv53205,109.027,1,0,synthetic_nearest_load_assumption,0,3869,provisional_spatial_candidate
69,3,p5uhs19_1247--p5udt17094,p5uhs19_1247,load_p5ulv34230,p5ulv34230,120.951,1,0,synthetic_nearest_load_assumption,0,3869,provisional_spatial_candidate
70,1,p5uhs4_1247--p5udt7236,p5uhs4_1247,load_p5ulv4201,p5ulv4201,42.461,1,1,synthetic_nearest_load_assumption,0,,over_50m
70,2,p5uhs4_1247--p5udt7236,p5uhs4_1247,load_p5ulv4200,p5ulv4200,58.111,1,0,synthetic_nearest_load_assumption,0,,over_50m
70,3,p5uhs4_1247--p5udt7236,p5uhs4_1247,load_p5ulv310,p5ulv310,69.091,1,0,synthetic_nearest_load_assumption,0,,over_50m
71,1,p5uhs0_1247--p5udt3610,p5uhs0_1247,load_p5ulv1073,p5ulv1073,134.724,1,1,synthetic_nearest_load_assumption,0,3828,provisional_spatial_candidate
71,2,p5uhs0_1247--p5udt3610,p5uhs0_1247,load_p5ulv78077,p5ulv78077,158.127,1,0,synthetic_nearest_load_assumption,0,3828,provisional_spatial_candidate
71,3,p5uhs0_1247--p5udt3610,p5uhs0_1247,load_p5ulv77614,p5ulv77614,161.341,1,0,synthetic_nearest_load_assumption,0,3828,provisional_spatial_candidate
73,1,p5uhs17_1247--p5udt28507,p5uhs17_1247,load_p5ulv57940,p5ulv57940,18.041,1,1,synthetic_nearest_load_assumption,0,4048,provisional_spatial_candidate
73,2,p5uhs17_1247--p5udt28507,p5uhs17_1247,load_p5ulv30065,p5ulv30065,29.593,1,0,synthetic_nearest_load_assumption,0,4048,provisional_spatial_candidate
73,3,p5uhs17_1247--p5udt28507,p5uhs17_1247,load_p5ulv68556,p5ulv68556,34.341,1,0,synthetic_nearest_load_assumption,0,4048,provisional_spatial_candidate
74,1,p5uhs17_1247--p5udt8754,p5uhs17_1247,load_p5ulv32431,p5ulv32431,22.401,1,1,synthetic_nearest_load_assumption,0,,over_50m
74,2,p5uhs17_1247--p5udt8754,p5uhs17_1247,load_p5ulv48525,p5ulv48525,27.964,1,0,synthetic_nearest_load_assumption,0,,over_50m
74,3,p5uhs17_1247--p5udt8754,p5uhs17_1247,load_p5ulv71569,p5ulv71569,40.377,1,0,synthetic_nearest_load_assumption,0,,over_50m
76,1,p5uhs1_1247--p5udt4629,p5uhs1_1247,load_p5ulv12185,p5ulv12185,59.822,1,1,synthetic_nearest_load_assumption,0,,over_50m
76,2,p5uhs1_1247--p5udt6125,p5uhs1_1247,load_p5ulv2658,p5ulv2658,114.326,1,0,synthetic_nearest_load_assumption,0,,over_50m
76,3,p5uhs1_1247--p5udt4629,p5uhs1_1247,load_p5ulv12007,p5ulv12007,121.404,1,0,synthetic_nearest_load_assumption,0,,over_50m
78,1,p5uhs17_1247--p5udt28507,p5uhs17_1247,load_p5ulv33515,p5ulv33515,40.531,1,1,synthetic_nearest_load_assumption,0,4006,provisional_spatial_candidate
78,2,p5uhs17_1247--p5udt28507,p5uhs17_1247,load_p5ulv59859,p5ulv59859,52.295,1,0,synthetic_nearest_load_assumption,0,4006,provisional_spatial_candidate
78,3,p5uhs17_1247--p5udt28507,p5uhs17_1247,load_p5ulv20187,p5ulv20187,61.712,1,0,synthetic_nearest_load_assumption,0,4006,provisional_spatial_candidate
79,1,p5uhs17_1247--p5udt16311,p5uhs17_1247,load_p5ulv43918,p5ulv43918,35.495,1,1,synthetic_nearest_load_assumption,0,,over_50m
79,2,p5uhs17_1247--p5udt16311,p5uhs17_1247,load_p5ulv34993,p5ulv34993,37.883,1,0,synthetic_nearest_load_assumption,0,,over_50m
79,3,p5uhs17_1247--p5udt16311,p5uhs17_1247,load_p5ulv57398,p5ulv57398,60.029,1,0,synthetic_nearest_load_assumption,0,,over_50m
80,1,p5uhs17_1247--p5udt16311,p5uhs17_1247,load_p5ulv21651,p5ulv21651,29.507,1,1,synthetic_nearest_load_assumption,0,,over_50m
80,2,p5uhs17_1247--p5udt16311,p5uhs17_1247,load_p5ulv61920,p5ulv61920,55.714,1,0,synthetic_nearest_load_assumption,0,,over_50m
80,3,p5uhs17_1247--p5udt16311,p5uhs17_1247,load_p5ulv67489,p5ulv67489,65.016,1,0,synthetic_nearest_load_assumption,0,,over_50m
81,1,p5uhs14_1247--p5udt30754,p5uhs14_1247,load_p5ulv21125,p5ulv21125,36.708,1,1,synthetic_nearest_load_assumption,0,3511,provisional_spatial_candidate
81,2,p5uhs14_1247--p5udt30754,p5uhs14_1247,load_p5ulv71969,p5ulv71969,54.309,1,0,synthetic_nearest_load_assumption,0,3511,provisional_spatial_candidate
81,3,p5uhs17_1247--p5udt16311,p5uhs17_1247,load_p5ulv23302,p5ulv23302,72.196,1,0,synthetic_nearest_load_assumption,0,3511,provisional_spatial_candidate
82,1,p5uhs18_1247--p5udt9682,p5uhs18_1247,load_p5ulv25609,p5ulv25609,43.778,1,1,synthetic_nearest_load_assumption,0,,over_50m
82,2,p5uhs18_1247--p5udt9682,p5uhs18_1247,load_p5ulv43369,p5ulv43369,54.079,1,0,synthetic_nearest_load_assumption,0,,over_50m
82,3,p5uhs18_1247--p5udt9682,p5uhs18_1247,load_p5ulv31211,p5ulv31211,57.14,1,0,synthetic_nearest_load_assumption,0,,over_50m
83,1,p5uhs18_1247--p5udt9682,p5uhs18_1247,load_p5ulv64195,p5ulv64195,42.073,1,1,synthetic_nearest_load_assumption,0,,over_50m
83,2,p5uhs18_1247--p5udt9682,p5uhs18_1247,load_p5ulv27279,p5ulv27279,44.572,1,0,synthetic_nearest_load_assumption,0,,over_50m
83,3,p5uhs18_1247--p5udt9682,p5uhs18_1247,load_p5ulv69159,p5ulv69159,67.11,1,0,synthetic_nearest_load_assumption,0,,over_50m
84,1,p5uhs18_1247--p5udt9682,p5uhs18_1247,load_p5ulv20630,p5ulv20630,79.456,1,1,synthetic_nearest_load_assumption,0,3911,provisional_spatial_candidate
84,2,p5uhs18_1247--p5udt9682,p5uhs18_1247,load_p5ulv29597,p5ulv29597,89.962,1,0,synthetic_nearest_load_assumption,0,3911,provisional_spatial_candidate
84,3,p5uhs18_1247--p5udt9682,p5uhs18_1247,load_p5ulv37274,p5ulv37274,93.43,1,0,synthetic_nearest_load_assumption,0,3911,provisional_spatial_candidate
85,1,p5uhs18_1247--p5udt9682,p5uhs18_1247,load_p5ulv66430,p5ulv66430,19.305,1,1,synthetic_nearest_load_assumption,0,,over_50m
85,2,p5uhs18_1247--p5udt9682,p5uhs18_1247,load_p5ulv30161,p5ulv30161,19.874,1,0,synthetic_nearest_load_assumption,0,,over_50m
85,3,p5uhs18_1247--p5udt9682,p5uhs18_1247,load_p5ulv29596,p5ulv29596,32.529,1,0,synthetic_nearest_load_assumption,0,,over_50m
86,1,p5uhs3_1247--p5udt2481,p5uhs3_1247,load_p5ulv77543,p5ulv77543,13.866,1,1,synthetic_nearest_load_assumption,0,,over_50m
86,2,p5uhs3_1247--p5udt2481,p5uhs3_1247,load_p5ulv77548,p5ulv77548,41.922,1,0,synthetic_nearest_load_assumption,0,,over_50m
86,3,p5uhs3_1247--p5udt6366,p5uhs3_1247,load_p5ulv12024,p5ulv12024,46.172,1,0,synthetic_nearest_load_assumption,0,,over_50m
87,1,p5uhs18_1247--p5udt29300,p5uhs18_1247,load_p5ulv43410,p5ulv43410,32.495,1,1,synthetic_nearest_load_assumption,0,3884,provisional_spatial_candidate
87,2,p5uhs18_1247--p5udt29300,p5uhs18_1247,load_p5ulv66446,p5ulv66446,43.033,1,0,synthetic_nearest_load_assumption,0,3884,provisional_spatial_candidate
87,3,p5uhs18_1247--p5udt29300,p5uhs18_1247,load_p5ulv60882,p5ulv60882,44.96,1,0,synthetic_nearest_load_assumption,0,3884,provisional_spatial_candidate
88,1,p5uhs18_1247--p5udt13853,p5uhs18_1247,load_p5ulv55759,p5ulv55759,13.853,1,1,synthetic_nearest_load_assumption,0,3909,provisional_spatial_candidate
88,2,p5uhs18_1247--p5udt13853,p5uhs18_1247,load_p5ulv40654,p5ulv40654,35.608,1,0,synthetic_nearest_load_assumption,0,3909,provisional_spatial_candidate
88,3,p5uhs18_1247--p5udt13853,p5uhs18_1247,load_p5ulv42848,p5ulv42848,38.826,1,0,synthetic_nearest_load_assumption,0,3909,provisional_spatial_candidate
89,1,p5uhs18_1247--p5udt13853,p5uhs18_1247,load_p5ulv29607,p5ulv29607,48.317,1,1,synthetic_nearest_load_assumption,0,,over_50m
89,2,p5uhs18_1247--p5udt13853,p5uhs18_1247,load_p5ulv33996,p5ulv33996,48.748,1,0,synthetic_nearest_load_assumption,0,,over_50m
89,3,p5uhs18_1247--p5udt13853,p5uhs18_1247,load_p5ulv35068,p5ulv35068,49.867,1,0,synthetic_nearest_load_assumption,0,,over_50m
90,1,p5uhs18_1247--p5udt13853,p5uhs18_1247,load_p5ulv73161,p5ulv41209,28.421,1,1,synthetic_nearest_load_assumption,0,3641,provisional_spatial_candidate
90,2,p5uhs18_1247--p5udt13853,p5uhs18_1247,load_p5ulv41209,p5ulv41209,28.421,1,0,synthetic_nearest_load_assumption,0,3641,provisional_spatial_candidate
90,3,p5uhs18_1247--p5udt13853,p5uhs18_1247,load_p5ulv39012,p5ulv39012,34.706,1,0,synthetic_nearest_load_assumption,0,3641,provisional_spatial_candidate
91,1,p5uhs17_1247--p5udt16311,p5uhs17_1247,load_p5ulv74380,p5ulv74380,39.401,1,1,synthetic_nearest_load_assumption,0,4004,provisional_spatial_candidate
91,2,p5uhs17_1247--p5udt16311,p5uhs17_1247,load_p5ulv54783,p5ulv54783,50.441,1,0,synthetic_nearest_load_assumption,0,4004,provisional_spatial_candidate
91,3,p5uhs17_1247--p5udt16311,p5uhs17_1247,load_p5ulv26879,p5ulv26879,69.704,1,0,synthetic_nearest_load_assumption,0,4004,provisional_spatial_candidate
92,1,p5uhs17_1247--p5udt28507,p5uhs17_1247,load_p5ulv62674,p5ulv62674,57.845,1,1,synthetic_nearest_load_assumption,0,4075,provisional_spatial_candidate
92,2,p5uhs17_1247--p5udt28507,p5uhs17_1247,load_p5ulv41293,p5ulv41293,65.315,1,0,synthetic_nearest_load_assumption,0,4075,provisional_spatial_candidate
92,3,p5uhs17_1247--p5udt28507,p5uhs17_1247,load_p5ulv33519,p5ulv33519,87.326,1,0,synthetic_nearest_load_assumption,0,4075,provisional_spatial_candidate
93,1,p5uhs17_1247--p5udt28507,p5uhs17_1247,load_p5ulv38899,p5ulv38899,45.51,1,1,synthetic_nearest_load_assumption,0,4036,provisional_spatial_candidate
93,2,p5uhs17_1247--p5udt28507,p5uhs17_1247,load_p5ulv48903,p5ulv48903,77.442,1,0,synthetic_nearest_load_assumption,0,4036,provisional_spatial_candidate
93,3,p5uhs17_1247--p5udt28507,p5uhs17_1247,load_p5ulv66350,p5ulv66350,91.978,1,0,synthetic_nearest_load_assumption,0,4036,provisional_spatial_candidate
94,1,p5uhs14_1247--p5udt12053,p5uhs14_1247,load_p5ulv60811,p5ulv60811,41.332,1,1,synthetic_nearest_load_assumption,0,4029,provisional_spatial_candidate
94,2,p5uhs14_1247--p5udt12053,p5uhs14_1247,load_p5ulv61900,p5ulv61900,42.867,1,0,synthetic_nearest_load_assumption,0,4029,provisional_spatial_candidate
94,3,p5uhs14_1247--p5udt12053,p5uhs14_1247,load_p5ulv58487,p5ulv58487,51.231,1,0,synthetic_nearest_load_assumption,0,4029,provisional_spatial_candidate
95,1,p5uhs14_1247--p5udt12053,p5uhs14_1247,load_p5ulv21619,p5ulv21619,43.774,1,1,synthetic_nearest_load_assumption,0,4009,provisional_spatial_candidate
95,2,p5uhs14_1247--p5udt12053,p5uhs14_1247,load_p5ulv62468,p5ulv62468,50.334,1,0,synthetic_nearest_load_assumption,0,4009,provisional_spatial_candidate
95,3,p5uhs14_1247--p5udt12053,p5uhs14_1247,load_p5ulv59650,p5ulv59650,91.583,1,0,synthetic_nearest_load_assumption,0,4009,provisional_spatial_candidate
96,1,p5uhs17_1247--p5udt28507,p5uhs17_1247,load_p5ulv63247,p5ulv63247,54.207,1,1,synthetic_nearest_load_assumption,0,,over_50m
96,2,p5uhs17_1247--p5udt28507,p5uhs17_1247,load_p5ulv68768,p5ulv68768,60.818,1,0,synthetic_nearest_load_assumption,0,,over_50m
96,3,p5uhs17_1247--p5udt28507,p5uhs17_1247,load_p5ulv50244,p5ulv50244,109.444,1,0,synthetic_nearest_load_assumption,0,,over_50m
98,1,p5uhs14_1247--p5udt12053,p5uhs14_1247,load_p5ulv38895,p5ulv38895,117.811,1,1,synthetic_nearest_load_assumption,0,4008,provisional_spatial_candidate
98,2,p5uhs14_1247--p5udt12053,p5uhs14_1247,load_p5ulv55655,p5ulv55655,140.381,1,0,synthetic_nearest_load_assumption,0,4008,provisional_spatial_candidate
98,3,p5uhs14_1247--p5udt12053,p5uhs14_1247,load_p5ulv23882,p5ulv23882,146.845,1,0,synthetic_nearest_load_assumption,0,4008,provisional_spatial_candidate
99,1,p5uhs14_1247--p5udt12053,p5uhs14_1247,load_p5ulv38895,p5ulv38895,58.024,1,1,synthetic_nearest_load_assumption,0,3946,provisional_spatial_candidate
99,2,p5uhs14_1247--p5udt12053,p5uhs14_1247,load_p5ulv59046,p5ulv59046,87.621,1,0,synthetic_nearest_load_assumption,0,3946,provisional_spatial_candidate
99,3,p5uhs14_1247--p5udt30754,p5uhs14_1247,load_p5ulv65276,p5ulv65276,117.337,1,0,synthetic_nearest_load_assumption,0,3946,provisional_spatial_candidate
100,1,p5uhs17_1247--p5udt20156,p5uhs17_1247,load_p5ulv73281,p5ulv73281,32.049,1,1,synthetic_nearest_load_assumption,0,4055,provisional_spatial_candidate
100,2,p5uhs17_1247--p5udt20156,p5uhs17_1247,load_p5ulv38585,p5ulv38585,44.375,1,0,synthetic_nearest_load_assumption,0,4055,provisional_spatial_candidate
100,3,p5uhs17_1247--p5udt20156,p5uhs17_1247,load_p5ulv61044,p5ulv61044,51.086,1,0,synthetic_nearest_load_assumption,0,4055,provisional_spatial_candidate
101,1,p2uhs10_1247--p2udt7514,p2uhs10_1247,load_p2ulv21300,p2ulv21300,660.789,0,0,synthetic_nearest_load_assumption,0,,over_50m
101,2,p2uhs10_1247--p2udt7514,p2uhs10_1247,load_p2ulv9119,p2ulv9119,665.419,0,0,synthetic_nearest_load_assumption,0,,over_50m
101,3,p2uhs10_1247--p2udt7514,p2uhs10_1247,load_p2ulv22002,p2ulv22002,673.61,0,0,synthetic_nearest_load_assumption,0,,over_50m
102,1,p5uhs18_1247--p5udt13853,p5uhs18_1247,load_p5ulv74845,p5ulv74845,73.895,1,1,synthetic_nearest_load_assumption,0,3902,provisional_spatial_candidate
102,2,p5uhs18_1247--p5udt13853,p5uhs18_1247,load_p5ulv32882,p5ulv32882,77.66,1,0,synthetic_nearest_load_assumption,0,3902,provisional_spatial_candidate
102,3,p5uhs18_1247--p5udt13853,p5uhs18_1247,load_p5ulv64844,p5ulv64844,88.086,1,0,synthetic_nearest_load_assumption,0,3902,provisional_spatial_candidate
103,1,p5uhs6_1247--p5udt3745,p5uhs6_1247,load_p5ulv44018,p5ulv44018,131.517,1,1,synthetic_nearest_load_assumption,0,3826,provisional_spatial_candidate
103,2,p5uhs6_1247--p5udt3745,p5uhs6_1247,load_p5ulv74850,p5ulv74850,132.423,1,0,synthetic_nearest_load_assumption,0,3826,provisional_spatial_candidate
103,3,p5uhs6_1247--p5udt3745,p5uhs6_1247,load_p5ulv35669,p5ulv35669,144.933,1,0,synthetic_nearest_load_assumption,0,3826,provisional_spatial_candidate
105,1,p5uhs6_1247--p5udt3745,p5uhs6_1247,load_p5ulv43450,p5ulv43450,27.209,1,1,synthetic_nearest_load_assumption,0,3824,provisional_spatial_candidate
105,2,p5uhs6_1247--p5udt3745,p5uhs6_1247,load_p5ulv76504,p5ulv76504,35.878,1,0,synthetic_nearest_load_assumption,0,3824,provisional_spatial_candidate
105,3,p5uhs6_1247--p5udt3745,p5uhs6_1247,load_p5ulv70403,p5ulv70403,52.328,1,0,synthetic_nearest_load_assumption,0,3824,provisional_spatial_candidate
106,1,p5uhs6_1247--p5udt3745,p5uhs6_1247,load_p5ulv396,p5ulv396,63.304,1,1,synthetic_nearest_load_assumption,0,3616,provisional_spatial_candidate
106,2,p5uhs6_1247--p5udt7214,p5uhs6_1247,load_p5ulv7050,p5ulv7050,78.288,1,0,synthetic_nearest_load_assumption,0,3616,provisional_spatial_candidate
106,3,p5uhs6_1247--p5udt3745,p5uhs6_1247,load_p5ulv6337,p5ulv6337,88.77,1,0,synthetic_nearest_load_assumption,0,3616,provisional_spatial_candidate
107,1,p5uhs20_1247--p5udt30630,p5uhs20_1247,load_p5ulv56938,p5ulv56938,42.271,1,1,synthetic_nearest_load_assumption,0,3629,provisional_spatial_candidate
107,2,p5uhs20_1247--p5udt30630,p5uhs20_1247,load_p5ulv62019,p5ulv62019,46.961,1,0,synthetic_nearest_load_assumption,0,3629,provisional_spatial_candidate
107,3,p5uhs20_1247--p5udt30630,p5uhs20_1247,load_p5ulv43431,p5ulv43431,60.308,1,0,synthetic_nearest_load_assumption,0,3629,provisional_spatial_candidate
108,1,p5uhs6_1247--p5udt7214,p5uhs6_1247,load_p5ulv3780,p5ulv3780,52.407,1,1,synthetic_nearest_load_assumption,0,3701,provisional_spatial_candidate
108,2,p5uhs6_1247--p5udt7214,p5uhs6_1247,load_p5ulv78243,p5ulv78243,84.616,1,0,synthetic_nearest_load_assumption,0,3701,provisional_spatial_candidate
108,3,p5uhs6_1247--p5udt7214,p5uhs6_1247,load_p5ulv2636,p5ulv2636,104.725,1,0,synthetic_nearest_load_assumption,0,3701,provisional_spatial_candidate
109,1,p5uhs20_1247--p5udt30630,p5uhs20_1247,load_p5ulv62017,p5ulv62017,37.711,1,1,synthetic_nearest_load_assumption,0,,over_50m
109,2,p5uhs20_1247--p5udt30630,p5uhs20_1247,load_p5ulv68107,p5ulv68107,40.16,1,0,synthetic_nearest_load_assumption,0,,over_50m
109,3,p5uhs20_1247--p5udt30630,p5uhs20_1247,load_p5ulv25096,p5ulv25096,41.028,1,0,synthetic_nearest_load_assumption,0,,over_50m
110,1,p5uhs2_1247--p5udt6874,p5uhs2_1247,load_p5ulv9178,p5ulv9178,32.589,1,1,synthetic_nearest_load_assumption,0,3702,provisional_spatial_candidate
110,2,p5uhs2_1247--p5udt6874,p5uhs2_1247,load_p5ulv10447,p5ulv10447,39.418,1,0,synthetic_nearest_load_assumption,0,3702,provisional_spatial_candidate
110,3,p5uhs2_1247--p5udt6874,p5uhs2_1247,load_p5ulv1172,p5ulv1172,98.966,1,0,synthetic_nearest_load_assumption,0,3702,provisional_spatial_candidate
111,1,p5uhs20_1247--p5udt30630,p5uhs20_1247,load_p5ulv25679,p5ulv25679,50.392,1,1,synthetic_nearest_load_assumption,0,3726,provisional_spatial_candidate
111,2,p5uhs20_1247--p5udt30630,p5uhs20_1247,load_p5ulv37925,p5ulv37925,60.377,1,0,synthetic_nearest_load_assumption,0,3726,provisional_spatial_candidate
111,3,p5uhs20_1247--p5udt30630,p5uhs20_1247,load_p5ulv40096,p5ulv40096,65.899,1,0,synthetic_nearest_load_assumption,0,3726,provisional_spatial_candidate
112,1,p5uhs20_1247--p5udt30630,p5uhs20_1247,load_p5ulv41196,p5ulv41196,46.354,1,1,synthetic_nearest_load_assumption,0,,over_50m
112,2,p5uhs20_1247--p5udt30630,p5uhs20_1247,load_p5ulv46825,p5ulv46825,47.883,1,0,synthetic_nearest_load_assumption,0,,over_50m
112,3,p5uhs20_1247--p5udt30630,p5uhs20_1247,load_p5ulv60348,p5ulv60348,74.78,1,0,synthetic_nearest_load_assumption,0,,over_50m
113,1,p5uhs6_1247--p5udt3745,p5uhs6_1247,load_p5ulv50699,p5ulv50699,100.081,1,1,synthetic_nearest_load_assumption,0,3620,provisional_spatial_candidate
113,2,p5uhs6_1247--p5udt3745,p5uhs6_1247,load_p5ulv59763,p5ulv59763,101.499,1,0,synthetic_nearest_load_assumption,0,3620,provisional_spatial_candidate
113,3,p5uhs6_1247--p5udt3745,p5uhs6_1247,load_p5ulv53509,p5ulv53509,106.952,1,0,synthetic_nearest_load_assumption,0,3620,provisional_spatial_candidate
114,1,p5uhs6_1247--p5udt3745,p5uhs6_1247,load_p5ulv74850,p5ulv74850,17.92,1,1,synthetic_nearest_load_assumption,0,3621,provisional_spatial_candidate
114,2,p5uhs6_1247--p5udt3745,p5uhs6_1247,load_p5ulv63180,p5ulv63180,99.155,1,0,synthetic_nearest_load_assumption,0,3621,provisional_spatial_candidate
114,3,p5uhs6_1247--p5udt3745,p5uhs6_1247,load_p5ulv54666,p5ulv54666,132.307,1,0,synthetic_nearest_load_assumption,0,3621,provisional_spatial_candidate
115,1,p5uhs25_1247--p5udt11223,p5uhs25_1247,load_p5ulv73202,p5ulv73202,97.83,1,1,synthetic_nearest_load_assumption,0,,over_50m
115,2,p5uhs25_1247--p5udt11223,p5uhs25_1247,load_p5ulv59239,p5ulv59239,98.279,1,0,synthetic_nearest_load_assumption,0,,over_50m
115,3,p5uhs25_1247--p5udt11223,p5uhs25_1247,load_p5ulv73781,p5ulv73781,116.742,1,0,synthetic_nearest_load_assumption,0,,over_50m
116,1,p5uhs2_1247--p5udt6874,p5uhs2_1247,load_p5ulv8578,p5ulv8578,30.996,1,1,synthetic_nearest_load_assumption,0,2760,provisional_spatial_candidate
116,2,p5uhs2_1247--p5udt6874,p5uhs2_1247,load_p5ulv9744,p5ulv9744,34.474,1,0,synthetic_nearest_load_assumption,0,2760,provisional_spatial_candidate
116,3,p5uhs2_1247--p5udt6874,p5uhs2_1247,load_p5ulv10673,p5ulv10673,44.0,1,0,synthetic_nearest_load_assumption,0,2760,provisional_spatial_candidate
117,1,p5uhs2_1247--p5udt6874,p5uhs2_1247,load_p5ulv13734,p5ulv13734,28.17,1,1,synthetic_nearest_load_assumption,0,,over_50m
117,2,p5uhs2_1247--p5udt6874,p5uhs2_1247,load_p5ulv7501,p5ulv7501,36.929,1,0,synthetic_nearest_load_assumption,0,,over_50m
117,3,p5uhs2_1247--p5udt6874,p5uhs2_1247,load_p5ulv7500,p5ulv7500,42.62,1,0,synthetic_nearest_load_assumption,0,,over_50m
118,1,p5uhs2_1247--p5udt6874,p5uhs2_1247,load_p5ulv7300,p5ulv7300,66.475,1,1,synthetic_nearest_load_assumption,0,3165,provisional_spatial_candidate
118,2,p5uhs2_1247--p5udt6874,p5uhs2_1247,load_p5ulv17522,p5ulv17522,86.495,1,0,synthetic_nearest_load_assumption,0,3165,provisional_spatial_candidate
118,3,p5uhs1_1247--p5udt4788,p5uhs1_1247,load_p5ulv17910,p5ulv17910,90.762,1,0,synthetic_nearest_load_assumption,0,3165,provisional_spatial_candidate
119,1,p5uhs1_1247--p5udt4788,p5uhs1_1247,load_p5ulv2857,p5ulv2857,72.856,1,1,synthetic_nearest_load_assumption,0,3158,provisional_spatial_candidate
119,2,p5uhs1_1247--p5udt4788,p5uhs1_1247,load_p5ulv77956,p5ulv77956,75.354,1,0,synthetic_nearest_load_assumption,0,3158,provisional_spatial_candidate
119,3,p5uhs1_1247--p5udt4788,p5uhs1_1247,load_p5ulv14410,p5ulv14410,79.265,1,0,synthetic_nearest_load_assumption,0,3158,provisional_spatial_candidate
120,1,p5uhs5_1247--p5udt3577,p5uhs5_1247,load_p5ulv14769,p5ulv14769,55.68,1,1,synthetic_nearest_load_assumption,0,3134,provisional_spatial_candidate
120,2,p5uhs5_1247--p5udt3577,p5uhs5_1247,load_p5ulv16393,p5ulv16393,80.418,1,0,synthetic_nearest_load_assumption,0,3134,provisional_spatial_candidate
120,3,p5uhs5_1247--p5udt3577,p5uhs5_1247,load_p5ulv14949,p5ulv14949,118.698,1,0,synthetic_nearest_load_assumption,0,3134,provisional_spatial_candidate
121,1,p5uhs5_1247--p5udt3577,p5uhs5_1247,load_p5ulv2481,p5ulv2481,48.439,1,1,synthetic_nearest_load_assumption,0,3133,provisional_spatial_candidate
121,2,p5uhs5_1247--p5udt3577,p5uhs5_1247,load_p5ulv7493,p5ulv7493,54.99,1,0,synthetic_nearest_load_assumption,0,3133,provisional_spatial_candidate
121,3,p5uhs5_1247--p5udt3577,p5uhs5_1247,load_p5ulv3252,p5ulv3252,60.13,1,0,synthetic_nearest_load_assumption,0,3133,provisional_spatial_candidate
122,1,p5uhs5_1247--p5udt2369,p5uhs5_1247,load_p5ulv12026,p5ulv12026,41.288,1,1,synthetic_nearest_load_assumption,0,,over_50m
122,2,p5uhs5_1247--p5udt2369,p5uhs5_1247,load_p5ulv11490,p5ulv11490,48.05,1,0,synthetic_nearest_load_assumption,0,,over_50m
122,3,p5uhs5_1247--p5udt2369,p5uhs5_1247,load_p5ulv13760,p5ulv13760,51.475,1,0,synthetic_nearest_load_assumption,0,,over_50m
123,1,p3uhs5_1247--p3udt15899,p3uhs5_1247,load_p3ulv58,p3ulv58,22.756,1,1,synthetic_nearest_load_assumption,0,3138,provisional_spatial_candidate
123,2,p3uhs5_1247--p3udt15899,p3uhs5_1247,load_p3ulv208,p3ulv208,29.502,1,0,synthetic_nearest_load_assumption,0,3138,provisional_spatial_candidate
123,3,p3uhs5_1247--p3udt15899,p3uhs5_1247,load_p3ulv209,p3ulv209,31.897,1,0,synthetic_nearest_load_assumption,0,3138,provisional_spatial_candidate
124,1,p3uhs5_1247--p3udt15899,p3uhs5_1247,load_p3ulv16981,p3ulv16981,39.322,1,1,synthetic_nearest_load_assumption,0,1775,provisional_spatial_candidate
124,2,p3uhs5_1247--p3udt15899,p3uhs5_1247,load_p3ulv37897,p3ulv37897,45.013,1,0,synthetic_nearest_load_assumption,0,1775,provisional_spatial_candidate
124,3,p3uhs5_1247--p3udt15899,p3uhs5_1247,load_p3ulv58786,p3ulv58786,45.257,1,0,synthetic_nearest_load_assumption,0,1775,provisional_spatial_candidate
125,1,p3uhs5_1247--p3udt15899,p3uhs5_1247,load_p3ulv40206,p3ulv40206,44.347,1,1,synthetic_nearest_load_assumption,0,1776,provisional_spatial_candidate
125,2,p3uhs5_1247--p3udt15899,p3uhs5_1247,load_p3ulv70232,p3ulv70232,49.903,1,0,synthetic_nearest_load_assumption,0,1776,provisional_spatial_candidate
125,3,p3uhs5_1247--p3udt15899,p3uhs5_1247,load_p3ulv38635,p3ulv38635,54.394,1,0,synthetic_nearest_load_assumption,0,1776,provisional_spatial_candidate
126,1,p5uhs5_1247--p5udt3577,p5uhs5_1247,load_p5ulv5084,p5ulv5084,32.525,1,1,synthetic_nearest_load_assumption,0,,over_50m
126,2,p5uhs5_1247--p5udt3577,p5uhs5_1247,load_p5ulv4885,p5ulv4885,33.906,1,0,synthetic_nearest_load_assumption,0,,over_50m
126,3,p5uhs5_1247--p5udt3577,p5uhs5_1247,load_p5ulv9755,p5ulv9755,59.967,1,0,synthetic_nearest_load_assumption,0,,over_50m
128,1,p5uhs2_1247--p5udt6874,p5uhs2_1247,load_p5ulv1387,p5ulv1387,18.993,1,1,synthetic_nearest_load_assumption,0,,over_50m
128,2,p5uhs2_1247--p5udt6874,p5uhs2_1247,load_p5ulv7499,p5ulv7499,43.634,1,0,synthetic_nearest_load_assumption,0,,over_50m
128,3,p5uhs2_1247--p5udt6874,p5uhs2_1247,load_p5ulv10471,p5ulv10471,52.838,1,0,synthetic_nearest_load_assumption,0,,over_50m
129,1,p5uhs5_1247--p5udt3577,p5uhs5_1247,load_p5ulv7106,p5ulv7106,20.823,1,1,synthetic_nearest_load_assumption,0,,over_50m
129,2,p5uhs5_1247--p5udt3577,p5uhs5_1247,load_p5ulv1384,p5ulv1384,22.259,1,0,synthetic_nearest_load_assumption,0,,over_50m
129,3,p5uhs5_1247--p5udt3577,p5uhs5_1247,load_p5ulv19049,p5ulv19049,36.256,1,0,synthetic_nearest_load_assumption,0,,over_50m
130,1,p5uhs5_1247--p5udt3577,p5uhs5_1247,load_p5ulv7107,p5ulv7107,50.787,1,1,synthetic_nearest_load_assumption,0,3123,provisional_spatial_candidate
130,2,p5uhs5_1247--p5udt3577,p5uhs5_1247,load_p5ulv10285,p5ulv10285,90.539,1,0,synthetic_nearest_load_assumption,0,3123,provisional_spatial_candidate
130,3,p5uhs5_1247--p5udt3577,p5uhs5_1247,load_p5ulv78404,p5ulv78404,100.917,1,0,synthetic_nearest_load_assumption,0,3123,provisional_spatial_candidate
131,1,p5uhs1_1247--p5udt4788,p5uhs1_1247,load_p5ulv16395,p5ulv16395,73.232,1,1,synthetic_nearest_load_assumption,0,,over_50m
131,2,p5uhs1_1247--p5udt4788,p5uhs1_1247,load_p5ulv9378,p5ulv9378,110.331,1,0,synthetic_nearest_load_assumption,0,,over_50m
131,3,p5uhs1_1247--p5udt4788,p5uhs1_1247,load_p5ulv13347,p5ulv13347,116.197,1,0,synthetic_nearest_load_assumption,0,,over_50m
132,1,p5uhs5_1247--p5udt4497,p5uhs5_1247,load_p5ulv10479,p5ulv10479,65.433,1,1,synthetic_nearest_load_assumption,0,3021,provisional_spatial_candidate
132,2,p5uhs5_1247--p5udt4497,p5uhs5_1247,load_p5ulv50758,p5ulv50758,70.695,1,0,synthetic_nearest_load_assumption,0,3021,provisional_spatial_candidate
132,3,p5uhs5_1247--p5udt4497,p5uhs5_1247,load_p5ulv6257,p5ulv6257,89.245,1,0,synthetic_nearest_load_assumption,0,3021,provisional_spatial_candidate
133,1,p5uhs5_1247--p5udt4497,p5uhs5_1247,load_p5ulv6799,p5ulv6799,19.436,1,1,synthetic_nearest_load_assumption,0,3020,provisional_spatial_candidate
133,2,p5uhs5_1247--p5udt4497,p5uhs5_1247,load_p5ulv13931,p5ulv13931,38.533,1,0,synthetic_nearest_load_assumption,0,3020,provisional_spatial_candidate
133,3,p5uhs5_1247--p5udt4497,p5uhs5_1247,load_p5ulv9907,p5ulv9907,71.415,1,0,synthetic_nearest_load_assumption,0,3020,provisional_spatial_candidate
134,1,p5uhs5_1247--p5udt4497,p5uhs5_1247,load_p5ulv17943,p5ulv17943,68.653,1,1,synthetic_nearest_load_assumption,0,3156,provisional_spatial_candidate
134,2,p5uhs5_1247--p5udt4497,p5uhs5_1247,load_p5ulv2331,p5ulv2331,90.653,1,0,synthetic_nearest_load_assumption,0,3156,provisional_spatial_candidate
134,3,p5uhs5_1247--p5udt4497,p5uhs5_1247,load_p5ulv11681,p5ulv11681,114.129,1,0,synthetic_nearest_load_assumption,0,3156,provisional_spatial_candidate
135,1,p5uhs3_1247--p5udt2481,p5uhs3_1247,load_p5ulv75,p5ulv75,48.388,1,1,synthetic_nearest_load_assumption,0,3243,provisional_spatial_candidate
135,2,p5uhs3_1247--p5udt2481,p5uhs3_1247,load_p5ulv12203,p5ulv12203,82.671,1,0,synthetic_nearest_load_assumption,0,3243,provisional_spatial_candidate
135,3,p5uhs3_1247--p5udt2481,p5uhs3_1247,load_p5ulv9572,p5ulv9572,111.572,1,0,synthetic_nearest_load_assumption,0,3243,provisional_spatial_candidate
137,1,p5uhs5_1247--p5udt4497,p5uhs5_1247,load_p5ulv10116,p5ulv10116,45.121,1,1,synthetic_nearest_load_assumption,0,3135,provisional_spatial_candidate
137,2,p5uhs5_1247--p5udt4497,p5uhs5_1247,load_p5ulv9907,p5ulv9907,98.049,1,0,synthetic_nearest_load_assumption,0,3135,provisional_spatial_candidate
137,3,p5uhs5_1247--p5udt4497,p5uhs5_1247,load_p5ulv3256,p5ulv3256,116.148,1,0,synthetic_nearest_load_assumption,0,3135,provisional_spatial_candidate
138,1,p5uhs5_1247--p5udt4497,p5uhs5_1247,load_p5ulv6254,p5ulv6254,25.905,1,1,synthetic_nearest_load_assumption,0,3019,provisional_spatial_candidate
138,2,p5uhs5_1247--p5udt4497,p5uhs5_1247,load_p5ulv4531,p5ulv4531,39.278,1,0,synthetic_nearest_load_assumption,0,3019,provisional_spatial_candidate
138,3,p5uhs5_1247--p5udt4497,p5uhs5_1247,load_p5ulv13188,p5ulv13188,40.578,1,0,synthetic_nearest_load_assumption,0,3019,provisional_spatial_candidate
139,1,p5uhs5_1247--p5udt4880,p5uhs5_1247,load_p5ulv15316,p5ulv15316,29.13,1,1,synthetic_nearest_load_assumption,0,,over_50m
139,2,p5uhs5_1247--p5udt4880,p5uhs5_1247,load_p5ulv14615,p5ulv14615,40.153,1,0,synthetic_nearest_load_assumption,0,,over_50m
139,3,p5uhs5_1247--p5udt4880,p5uhs5_1247,load_p5ulv63231,p5ulv63231,55.611,1,0,synthetic_nearest_load_assumption,0,,over_50m
140,1,p5uhs5_1247--p5udt4497,p5uhs5_1247,load_p5ulv77643,p5ulv77643,22.575,1,1,synthetic_nearest_load_assumption,0,3055,provisional_spatial_candidate
140,2,p5uhs5_1247--p5udt4497,p5uhs5_1247,load_p5ulv12045,p5ulv12045,22.784,1,0,synthetic_nearest_load_assumption,0,3055,provisional_spatial_candidate
140,3,p5uhs5_1247--p5udt4497,p5uhs5_1247,load_p5ulv12046,p5ulv12046,42.294,1,0,synthetic_nearest_load_assumption,0,3055,provisional_spatial_candidate
141,1,p5uhs5_1247--p5udt4497,p5uhs5_1247,load_p5ulv36865,p5ulv36865,21.329,1,1,synthetic_nearest_load_assumption,0,3014,provisional_spatial_candidate
141,2,p5uhs5_1247--p5udt4497,p5uhs5_1247,load_p5ulv96,p5ulv96,53.386,1,0,synthetic_nearest_load_assumption,0,3014,provisional_spatial_candidate
141,3,p5uhs5_1247--p5udt4497,p5uhs5_1247,load_p5ulv54134,p5ulv54134,66.759,1,0,synthetic_nearest_load_assumption,0,3014,provisional_spatial_candidate
142,1,p5uhs5_1247--p5udt4497,p5uhs5_1247,load_p5ulv44066,p5ulv44066,58.153,1,1,synthetic_nearest_load_assumption,0,3122,provisional_spatial_candidate
142,2,p5uhs5_1247--p5udt4497,p5uhs5_1247,load_p5ulv27418,p5ulv27418,64.663,1,0,synthetic_nearest_load_assumption,0,3122,provisional_spatial_candidate
142,3,p5uhs5_1247--p5udt4497,p5uhs5_1247,load_p5ulv22340,p5ulv22340,80.422,1,0,synthetic_nearest_load_assumption,0,3122,provisional_spatial_candidate
143,1,p3uhs8_1247--p3udt11113,p3uhs8_1247,load_p3ulv53426,p3ulv53426,38.719,1,1,synthetic_nearest_load_assumption,0,3117,provisional_spatial_candidate
143,2,p3uhs8_1247--p3udt11113,p3uhs8_1247,load_p3ulv48110,p3ulv48110,58.898,1,0,synthetic_nearest_load_assumption,0,3117,provisional_spatial_candidate
143,3,p3uhs8_1247--p3udt11113,p3uhs8_1247,load_p3ulv61840,p3ulv61840,60.262,1,0,synthetic_nearest_load_assumption,0,3117,provisional_spatial_candidate
144,1,p5uhs5_1247--p5udt4497,p5uhs5_1247,load_p5ulv10148,p5ulv10148,16.798,1,1,synthetic_nearest_load_assumption,0,3008,provisional_spatial_candidate
144,2,p5uhs5_1247--p5udt4497,p5uhs5_1247,load_p5ulv67641,p5ulv67641,19.382,1,0,synthetic_nearest_load_assumption,0,3008,provisional_spatial_candidate
144,3,p5uhs5_1247--p5udt4497,p5uhs5_1247,load_p5ulv4710,p5ulv4710,32.859,1,0,synthetic_nearest_load_assumption,0,3008,provisional_spatial_candidate
145,1,p3uhs8_1247--p3umv17,p3uhs8_1247,load_p3ulv26381,p3ulv26381,49.795,1,1,synthetic_nearest_load_assumption,0,3086,provisional_spatial_candidate
145,2,p3uhs8_1247--p3umv17,p3uhs8_1247,load_p3ulv74839,p3ulv74839,59.523,1,0,synthetic_nearest_load_assumption,0,3086,provisional_spatial_candidate
145,3,p3uhs8_1247--p3umv17,p3uhs8_1247,load_p3ulv64847,p3ulv64847,60.34,1,0,synthetic_nearest_load_assumption,0,3086,provisional_spatial_candidate
146,1,p5uhs5_1247--p5udt4497,p5uhs5_1247,load_p5ulv24603,p5ulv24603,23.051,1,1,synthetic_nearest_load_assumption,0,,over_50m
146,2,p5uhs5_1247--p5udt4497,p5uhs5_1247,load_p5ulv8593,p5ulv8593,23.756,1,0,synthetic_nearest_load_assumption,0,,over_50m
146,3,p5uhs5_1247--p5udt4497,p5uhs5_1247,load_p5ulv28579,p5ulv28579,36.385,1,0,synthetic_nearest_load_assumption,0,,over_50m
148,1,p5uhs3_1247--p5udt7453,p5uhs3_1247,load_p5umv23,p5umv23,42.056,1,1,synthetic_nearest_load_assumption,0,,over_50m
148,2,p5uhs3_1247--p5udt7453,p5uhs3_1247,load_p5ulv11661,p5ulv11661,108.049,1,0,synthetic_nearest_load_assumption,0,,over_50m
148,3,p5uhs3_1247--p5udt7453,p5uhs3_1247,load_p5ulv37973,p5ulv37973,125.537,1,0,synthetic_nearest_load_assumption,0,,over_50m
149,1,p5uhs3_1247--p5udt7453,p5uhs3_1247,load_p5ulv77121,p5ulv77121,91.106,1,1,synthetic_nearest_load_assumption,0,3245,provisional_spatial_candidate
149,2,p5uhs3_1247--p5udt7453,p5uhs3_1247,load_p5umv61,p5umv61,94.389,1,0,synthetic_nearest_load_assumption,0,3245,provisional_spatial_candidate
149,3,p5uhs3_1247--p5udt7453,p5uhs3_1247,load_p5umv60,p5umv60,98.161,1,0,synthetic_nearest_load_assumption,0,3245,provisional_spatial_candidate
150,1,p5uhs3_1247--p5udt7358,p5uhs3_1247,load_p5ulv7118,p5ulv7118,34.526,1,1,synthetic_nearest_load_assumption,0,3240,provisional_spatial_candidate
150,2,p5uhs3_1247--p5udt7358,p5uhs3_1247,load_p5ulv17531,p5ulv17531,52.089,1,0,synthetic_nearest_load_assumption,0,3240,provisional_spatial_candidate
150,3,p5uhs3_1247--p5udt7358,p5uhs3_1247,load_p5ulv14790,p5ulv14790u,52.733,1,0,synthetic_nearest_load_assumption,0,3240,provisional_spatial_candidate
151,1,p5uhs3_1247--p5udt7358,p5uhs3_1247,load_p5ulv69883,p5ulv69883,38.643,1,1,synthetic_nearest_load_assumption,0,,over_50m
151,2,p5uhs3_1247--p5udt7358,p5uhs3_1247,load_p5ulv16790,p5ulv16790,50.66,1,0,synthetic_nearest_load_assumption,0,,over_50m
151,3,p5uhs3_1247--p5udt7358,p5uhs3_1247,load_p5ulv14791,p5ulv14791,59.721,1,0,synthetic_nearest_load_assumption,0,,over_50m
152,1,p5uhs3_1247--p5udt2481,p5uhs3_1247,load_p5ulv8054,p5ulv8054,58.533,1,1,synthetic_nearest_load_assumption,0,3244,provisional_spatial_candidate
152,2,p5uhs3_1247--p5udt2481,p5uhs3_1247,load_p5ulv8999,p5ulv8999,61.773,1,0,synthetic_nearest_load_assumption,0,3244,provisional_spatial_candidate
152,3,p5uhs3_1247--p5udt2481,p5uhs3_1247,load_p5ulv4515,p5ulv4515,92.461,1,0,synthetic_nearest_load_assumption,0,3244,provisional_spatial_candidate
153,1,p5uhs3_1247--p5udt7453,p5uhs3_1247,load_p5ulv6230,p5ulv6230,19.511,1,1,synthetic_nearest_load_assumption,0,,over_50m
153,2,p5uhs3_1247--p5udt7453,p5uhs3_1247,load_p5ulv11661,p5ulv11661,62.123,1,0,synthetic_nearest_load_assumption,0,,over_50m
153,3,p5uhs3_1247--p5udt7453,p5uhs3_1247,load_p5ulv37973,p5ulv37973,77.202,1,0,synthetic_nearest_load_assumption,0,,over_50m
154,1,p5uhs3_1247--p5udt7453,p5uhs3_1247,load_p5ulv11661,p5ulv11661,48.818,1,1,synthetic_nearest_load_assumption,0,,over_50m
154,2,p5uhs3_1247--p5udt7453,p5uhs3_1247,load_p5umv14,p5umv14,105.683,1,0,synthetic_nearest_load_assumption,0,,over_50m
154,3,p5uhs3_1247--p5udt7453,p5uhs3_1247,load_p5umv23,p5umv23,105.816,1,0,synthetic_nearest_load_assumption,0,,over_50m
155,1,p5uhs3_1247--p5udt7453,p5uhs3_1247,load_p5ulv13160,p5ulv13160,75.174,1,1,synthetic_nearest_load_assumption,0,,over_50m
155,2,p5uhs3_1247--p5udt7453,p5uhs3_1247,load_p5umv60,p5umv60,78.638,1,0,synthetic_nearest_load_assumption,0,,over_50m
155,3,p5uhs3_1247--p5udt7453,p5uhs3_1247,load_p5umv61,p5umv61,79.329,1,0,synthetic_nearest_load_assumption,0,,over_50m
156,1,p3uhs8_1247--p3umv17,p3uhs8_1247,load_p3ulv57234,p3ulv57234,29.308,1,1,synthetic_nearest_load_assumption,0,,over_50m
156,2,p3uhs8_1247--p3umv17,p3uhs8_1247,load_p3ulv45021,p3ulv45021,42.444,1,0,synthetic_nearest_load_assumption,0,,over_50m
156,3,p3uhs8_1247--p3umv17,p3uhs8_1247,load_p3ulv2004,p3ulv2004,50.147,1,0,synthetic_nearest_load_assumption,0,,over_50m
158,1,p5uhs26_1247--p5udt12371,p5uhs26_1247,load_p5ulv38761,p5ulv38761,43.602,1,1,synthetic_nearest_load_assumption,0,,over_50m
158,2,p5uhs26_1247--p5udt12371,p5uhs26_1247,load_p5ulv32122,p5ulv32122,56.766,1,0,synthetic_nearest_load_assumption,0,,over_50m
158,3,p5uhs26_1247--p5udt12371,p5uhs26_1247,load_p5ulv66213,p5ulv66213,72.156,1,0,synthetic_nearest_load_assumption,0,,over_50m
159,1,p5uhs7_1247--p5udt1899,p5uhs7_1247,load_p5ulv25440,p5ulv25440,35.895,1,1,synthetic_nearest_load_assumption,0,3470,provisional_spatial_candidate
159,2,p5uhs7_1247--p5udt1899,p5uhs7_1247,load_p5ulv28273,p5ulv28273,46.554,1,0,synthetic_nearest_load_assumption,0,3470,provisional_spatial_candidate
159,3,p5uhs7_1247--p5udt1899,p5uhs7_1247,load_p5ulv53831,p5ulv53831,66.714,1,0,synthetic_nearest_load_assumption,0,3470,provisional_spatial_candidate
160,1,p5uhs26_1247--p5udt12371,p5uhs26_1247,load_p5ulv62345,p5ulv62345,48.528,1,1,synthetic_nearest_load_assumption,0,3469,provisional_spatial_candidate
160,2,p5uhs26_1247--p5udt12371,p5uhs26_1247,load_p5ulv58375,p5ulv58375,60.299,1,0,synthetic_nearest_load_assumption,0,3469,provisional_spatial_candidate
160,3,p5uhs26_1247--p5udt12371,p5uhs26_1247,load_p5ulv75155,p5ulv75155,63.983,1,0,synthetic_nearest_load_assumption,0,3469,provisional_spatial_candidate
161,1,p5uhs26_1247--p5udt12371,p5uhs26_1247,load_p5ulv66222,p5ulv66222,19.527,1,1,synthetic_nearest_load_assumption,0,3493,provisional_spatial_candidate
161,2,p5uhs26_1247--p5udt12371,p5uhs26_1247,load_p5ulv75166,p5ulv75166,60.635,1,0,synthetic_nearest_load_assumption,0,3493,provisional_spatial_candidate
161,3,p5uhs26_1247--p5udt12371,p5uhs26_1247,load_p5ulv56703,p5ulv56703,74.927,1,0,synthetic_nearest_load_assumption,0,3493,provisional_spatial_candidate
162,1,p5uhs26_1247--p5udt12371,p5uhs26_1247,load_p5ulv44858,p5ulv44858,33.977,1,1,synthetic_nearest_load_assumption,0,3464,provisional_spatial_candidate
162,2,p5uhs26_1247--p5udt12371,p5uhs26_1247,load_p5ulv54405,p5ulv54405,58.441,1,0,synthetic_nearest_load_assumption,0,3464,provisional_spatial_candidate
162,3,p5uhs26_1247--p5udt12371,p5uhs26_1247,load_p5ulv59511,p5ulv59511,59.473,1,0,synthetic_nearest_load_assumption,0,3464,provisional_spatial_candidate
163,1,p5uhs26_1247--p5udt12371,p5uhs26_1247,load_p5ulv21502,p5ulv21502,62.507,1,1,synthetic_nearest_load_assumption,0,2798,provisional_spatial_candidate
163,2,p5uhs26_1247--p5udt12371,p5uhs26_1247,load_p5ulv71246,p5ulv71246,78.723,1,0,synthetic_nearest_load_assumption,0,2798,provisional_spatial_candidate
163,3,p5uhs26_1247--p5udt12371,p5uhs26_1247,load_p5ulv27089,p5ulv27089,80.088,1,0,synthetic_nearest_load_assumption,0,2798,provisional_spatial_candidate
164,1,p5uhs26_1247--p5udt12371,p5uhs26_1247,load_p5ulv58354,p5ulv58354,84.32,1,1,synthetic_nearest_load_assumption,0,4213,provisional_spatial_candidate
164,2,p5uhs26_1247--p5udt12371,p5uhs26_1247,load_p5ulv52172,p5ulv52172,84.378,1,0,synthetic_nearest_load_assumption,0,4213,provisional_spatial_candidate
164,3,p5uhs26_1247--p5udt12371,p5uhs26_1247,load_p5ulv46566,p5ulv46566,88.168,1,0,synthetic_nearest_load_assumption,0,4213,provisional_spatial_candidate
165,1,p5uhs26_1247--p5udt22654,p5uhs26_1247,load_p5ulv6460,p5ulv6460,71.625,1,1,synthetic_nearest_load_assumption,0,4218,provisional_spatial_candidate
165,2,p5uhs26_1247--p5udt22654,p5uhs26_1247,load_p5ulv15577,p5ulv15577,77.914,1,0,synthetic_nearest_load_assumption,0,4218,provisional_spatial_candidate
165,3,p5uhs26_1247--p5udt22654,p5uhs26_1247,load_p5ulv7183,p5ulv7183,89.576,1,0,synthetic_nearest_load_assumption,0,4218,provisional_spatial_candidate
166,1,p5uhs26_1247--p5udt22654,p5uhs26_1247,load_p5ulv12462,p5ulv12462,45.948,1,1,synthetic_nearest_load_assumption,0,4222,provisional_spatial_candidate
166,2,p5uhs26_1247--p5udt22654,p5uhs26_1247,load_p5ulv78166,p5ulv78166,47.369,1,0,synthetic_nearest_load_assumption,0,4222,provisional_spatial_candidate
166,3,p5uhs26_1247--p5udt22654,p5uhs26_1247,load_p5ulv19836,p5ulv19836,47.596,1,0,synthetic_nearest_load_assumption,0,4222,provisional_spatial_candidate
168,1,p5uhs19_1247--p5udt17094,p5uhs19_1247,load_p5ulv42009,p5ulv42009,91.279,1,1,synthetic_nearest_load_assumption,0,3551,provisional_spatial_candidate
168,2,p5uhs19_1247--p5udt17094,p5uhs19_1247,load_p5ulv70614,p5ulv70614,95.473,1,0,synthetic_nearest_load_assumption,0,3551,provisional_spatial_candidate
168,3,p5uhs19_1247--p5udt17094,p5uhs19_1247,load_p5ulv24783,p5ulv24783,101.063,1,0,synthetic_nearest_load_assumption,0,3551,provisional_spatial_candidate
169,1,p5uhs19_1247--p5udt17094,p5uhs19_1247,load_p5ulv24783,p5ulv24783,43.412,1,1,synthetic_nearest_load_assumption,0,3876,provisional_spatial_candidate
169,2,p5uhs19_1247--p5udt17094,p5uhs19_1247,load_p5ulv62821,p5ulv62821,47.24,1,0,synthetic_nearest_load_assumption,0,3876,provisional_spatial_candidate
169,3,p5uhs19_1247--p5udt17094,p5uhs19_1247,load_p5ulv26999,p5ulv26999,63.713,1,0,synthetic_nearest_load_assumption,0,3876,provisional_spatial_candidate
170,1,p5uhs19_1247--p5udt8885,p5uhs19_1247,load_p5ulv19768,p5ulv19768,39.033,1,1,synthetic_nearest_load_assumption,0,3659,provisional_spatial_candidate
170,2,p5uhs19_1247--p5udt8885,p5uhs19_1247,load_p5ulv68345,p5ulv68345,44.089,1,0,synthetic_nearest_load_assumption,0,3659,provisional_spatial_candidate
170,3,p5uhs19_1247--p5udt8885,p5uhs19_1247,load_p5ulv74473,p5ulv74473,64.276,1,0,synthetic_nearest_load_assumption,0,3659,provisional_spatial_candidate
171,1,p5uhs19_1247--p5udt8885,p5uhs19_1247,load_p5ulv56012,p5ulv56012,36.312,1,1,synthetic_nearest_load_assumption,0,3512,provisional_spatial_candidate
171,2,p5uhs19_1247--p5udt8885,p5uhs19_1247,load_p5ulv32034,p5ulv32034,40.846,1,0,synthetic_nearest_load_assumption,0,3512,provisional_spatial_candidate
171,3,p5uhs19_1247--p5udt8885,p5uhs19_1247,load_p5ulv41427,p5ulv41427,67.925,1,0,synthetic_nearest_load_assumption,0,3512,provisional_spatial_candidate
172,1,p5uhs19_1247--p5udt30268,p5uhs19_1247,load_p5ulv34191,p5ulv34191,102.447,1,1,synthetic_nearest_load_assumption,0,6151,provisional_spatial_candidate
172,2,p5uhs19_1247--p5udt30268,p5uhs19_1247,load_p5ulv49231,p5ulv49231,148.745,1,0,synthetic_nearest_load_assumption,0,6151,provisional_spatial_candidate
172,3,p5uhs19_1247--p5udt30268,p5uhs19_1247,load_p5ulv19745,p5ulv19745,172.295,1,0,synthetic_nearest_load_assumption,0,6151,provisional_spatial_candidate
174,1,p2uhs5_1247--p2udt2008,p2uhs5_1247,load_p2ulv15998,p2ulv15998,97.647,1,1,synthetic_nearest_load_assumption,0,,over_50m
174,2,p2uhs5_1247--p2udt2008,p2uhs5_1247,load_p2ulv9935,p2ulv9935,117.623,1,0,synthetic_nearest_load_assumption,0,,over_50m
174,3,p2uhs5_1247--p2udt2008,p2uhs5_1247,load_p2ulv16965,p2ulv16965,119.985,1,0,synthetic_nearest_load_assumption,0,,over_50m
175,1,p5uhs5_1247--p5udt4497,p5uhs5_1247,load_p5ulv8082,p5ulv8082,17.907,1,1,synthetic_nearest_load_assumption,0,3035,provisional_spatial_candidate
175,2,p5uhs5_1247--p5udt4497,p5uhs5_1247,load_p5ulv66514,p5ulv66514,42.899,1,0,synthetic_nearest_load_assumption,0,3035,provisional_spatial_candidate
175,3,p5uhs5_1247--p5udt4497,p5uhs5_1247,load_p5ulv27994,p5ulv27994,57.594,1,0,synthetic_nearest_load_assumption,0,3035,provisional_spatial_candidate
176,1,p3uhs8_1247--p3udt11113,p3uhs8_1247,load_p3ulv23952,p3ulv23952,44.834,1,1,synthetic_nearest_load_assumption,0,3010,provisional_spatial_candidate
176,2,p3uhs8_1247--p3udt11113,p3uhs8_1247,load_p3ulv61066,p3ulv61066,46.906,1,0,synthetic_nearest_load_assumption,0,3010,provisional_spatial_candidate
176,3,p3uhs8_1247--p3udt11113,p3uhs8_1247,load_p3ulv51853,p3ulv51853,51.779,1,0,synthetic_nearest_load_assumption,0,3010,provisional_spatial_candidate
177,1,p5uhs3_1247--p5udt7358,p5uhs3_1247,load_p5ulv16406,p5ulv16406,31.331,1,1,synthetic_nearest_load_assumption,0,,over_50m
177,2,p5uhs3_1247--p5udt7358,p5uhs3_1247,load_p5umv118,p5umv118,48.924,1,0,synthetic_nearest_load_assumption,0,,over_50m
177,3,p5uhs3_1247--p5udt7358,p5uhs3_1247,load_p5ulv6937,p5ulv6937,59.976,1,0,synthetic_nearest_load_assumption,0,,over_50m
178,1,p5uhs29_1247--p5udt20500,p5uhs29_1247,load_p5ulv71137,p5ulv71137,22.125,1,1,synthetic_nearest_load_assumption,0,,over_50m
178,2,p5uhs29_1247--p5udt20500,p5uhs29_1247,load_p5ulv48633,p5ulv48633,30.063,1,0,synthetic_nearest_load_assumption,0,,over_50m
178,3,p5uhs29_1247--p5udt20500,p5uhs29_1247,load_p5ulv54843,p5ulv54843,46.163,1,0,synthetic_nearest_load_assumption,0,,over_50m
179,1,p5uhs5_1247--p5udt4880,p5uhs5_1247,load_p5ulv78377,p5ulv78377,22.052,1,1,synthetic_nearest_load_assumption,0,,over_50m
179,2,p5uhs5_1247--p5udt4880,p5uhs5_1247,load_p5ulv19077,p5ulv19077,34.204,1,0,synthetic_nearest_load_assumption,0,,over_50m
179,3,p5uhs5_1247--p5udt4880,p5uhs5_1247,load_p5ulv19076,p5ulv19076,35.818,1,0,synthetic_nearest_load_assumption,0,,over_50m
180,1,p5uhs29_1247--p5udt20500,p5uhs29_1247,load_p5ulv43089,p5ulv43089,23.648,1,1,synthetic_nearest_load_assumption,0,3921,provisional_spatial_candidate
180,2,p5uhs29_1247--p5udt20500,p5uhs29_1247,load_p5ulv35268,p5ulv35268,39.923,1,0,synthetic_nearest_load_assumption,0,3921,provisional_spatial_candidate
180,3,p5uhs29_1247--p5udt20500,p5uhs29_1247,load_p5ulv28138,p5ulv28138,46.654,1,0,synthetic_nearest_load_assumption,0,3921,provisional_spatial_candidate
181,1,p5uhs17_1247--p5udt20156,p5uhs17_1247,load_p5ulv68811,p5ulv68811,31.754,1,1,synthetic_nearest_load_assumption,0,,over_50m
181,2,p5uhs17_1247--p5udt20156,p5uhs17_1247,load_p5ulv28053,p5ulv28053,63.137,1,0,synthetic_nearest_load_assumption,0,,over_50m
181,3,p5uhs17_1247--p5udt20156,p5uhs17_1247,load_p5ulv33007,p5ulv33007,64.821,1,0,synthetic_nearest_load_assumption,0,,over_50m
182,1,p5uhs3_1247--p5udt7358,p5uhs3_1247,load_p5ulv16405,p5ulv16405,29.732,1,1,synthetic_nearest_load_assumption,0,3328,provisional_spatial_candidate
182,2,p5uhs3_1247--p5udt7358,p5uhs3_1247,load_p5umv50,p5umv50,39.704,1,0,synthetic_nearest_load_assumption,0,3328,provisional_spatial_candidate
182,3,p5uhs3_1247--p5udt7358,p5uhs3_1247,load_p5ulv17532,p5ulv17532,65.021,1,0,synthetic_nearest_load_assumption,0,3328,provisional_spatial_candidate
183,1,p5uhs3_1247--p5udt7358,p5uhs3_1247,load_p5ulv76,p5ulv76,54.485,1,1,synthetic_nearest_load_assumption,0,,over_50m
183,2,p5uhs3_1247--p5udt7358,p5uhs3_1247,load_p5ulv19618,p5ulv76,54.485,1,0,synthetic_nearest_load_assumption,0,,over_50m
183,3,p5uhs3_1247--p5udt7358,p5uhs3_1247,load_p5ulv13540,p5ulv13540,60.273,1,0,synthetic_nearest_load_assumption,0,,over_50m
184,1,p3uhs5_1247--p3udt17790,p3uhs5_1247,load_p3ulv52595,p3ulv52595,68.871,1,1,synthetic_nearest_load_assumption,0,,over_50m
184,2,p3uhs5_1247--p3udt17790,p3uhs5_1247,load_p3ulv21545,p3ulv21545,95.124,1,0,synthetic_nearest_load_assumption,0,,over_50m
184,3,p3uhs5_1247--p3udt17790,p3uhs5_1247,load_p3ulv79456,p3ulv79456,115.914,1,0,synthetic_nearest_load_assumption,0,,over_50m
185,1,p3uhs5_1247--p3udt17790,p3uhs5_1247,load_p3ulv77130,p3ulv77130,30.513,1,1,synthetic_nearest_load_assumption,0,,over_50m
185,2,p3uhs5_1247--p3udt17790,p3uhs5_1247,load_p3ulv1962,p3ulv1962,54.456,1,0,synthetic_nearest_load_assumption,0,,over_50m
185,3,p3uhs5_1247--p3udt17790,p3uhs5_1247,load_p3ulv77131,p3ulv77131,71.187,1,0,synthetic_nearest_load_assumption,0,,over_50m
186,1,p3uhs5_1247--p3udt10526,p3uhs5_1247,load_p3ulv48756,p3ulv48756,26.652,1,1,synthetic_nearest_load_assumption,0,,over_50m
186,2,p3uhs5_1247--p3udt10526,p3uhs5_1247,load_p3ulv77119,p3ulv77119,72.332,1,0,synthetic_nearest_load_assumption,0,,over_50m
186,3,p3uhs5_1247--p3udt10526,p3uhs5_1247,load_p3ulv51027,p3ulv51027,82.97,1,0,synthetic_nearest_load_assumption,0,,over_50m
187,1,p5uhs1_1247--p5udt4788,p5uhs1_1247,load_p5ulv77957,p5ulv77957,16.671,1,1,synthetic_nearest_load_assumption,0,7298,provisional_spatial_candidate
187,2,p5uhs1_1247--p5udt4788,p5uhs1_1247,load_p5ulv78267,p5ulv78267,18.979,1,0,synthetic_nearest_load_assumption,0,7298,provisional_spatial_candidate
187,3,p5uhs1_1247--p5udt4788,p5uhs1_1247,load_p5ulv14408,p5ulv14408,28.581,1,0,synthetic_nearest_load_assumption,0,7298,provisional_spatial_candidate
188,1,p3uhs5_1247--p3udt17790,p3uhs5_1247,load_p3ulv58759,p3ulv58759,25.675,1,1,synthetic_nearest_load_assumption,0,,over_50m
188,2,p3uhs5_1247--p3udt17790,p3uhs5_1247,load_p3ulv57195,p3ulv57195,43.272,1,0,synthetic_nearest_load_assumption,0,,over_50m
188,3,p3uhs5_1247--p3udt17790,p3uhs5_1247,load_p3ulv9128,p3ulv9128,43.603,1,0,synthetic_nearest_load_assumption,0,,over_50m
189,1,p3uhs5_1247--p3udt17790,p3uhs5_1247,load_p3ulv3579,p3ulv3579,44.616,1,1,synthetic_nearest_load_assumption,0,2543,provisional_spatial_candidate
189,2,p3uhs5_1247--p3udt17790,p3uhs5_1247,load_p3ulv27136,p3ulv27136,47.107,1,0,synthetic_nearest_load_assumption,0,2543,provisional_spatial_candidate
189,3,p3uhs5_1247--p3udt17790,p3uhs5_1247,load_p3ulv28625,p3ulv28625,47.758,1,0,synthetic_nearest_load_assumption,0,2543,provisional_spatial_candidate
190,1,p3uhs4_1247--p3udt10048,p3uhs4_1247,load_p3ulv65585,p3ulv65585,23.719,1,1,synthetic_nearest_load_assumption,0,,over_50m
190,2,p3uhs4_1247--p3udt10048,p3uhs4_1247,load_p3ulv49553,p3ulv49553,24.641,1,0,synthetic_nearest_load_assumption,0,,over_50m
190,3,p3uhs4_1247--p3udt10048,p3uhs4_1247,load_p3ulv20751,p3ulv20751,26.041,1,0,synthetic_nearest_load_assumption,0,,over_50m
191,1,p3uhs4_1247--p3udt10048,p3uhs4_1247,load_p3ulv60547,p3ulv60547,29.376,1,1,synthetic_nearest_load_assumption,0,2528,provisional_spatial_candidate
191,2,p3uhs4_1247--p3udt10048,p3uhs4_1247,load_p3ulv42097,p3ulv42097,37.641,1,0,synthetic_nearest_load_assumption,0,2528,provisional_spatial_candidate
191,3,p3uhs4_1247--p3udt10048,p3uhs4_1247,load_p3ulv70570,p3ulv70570,41.257,1,0,synthetic_nearest_load_assumption,0,2528,provisional_spatial_candidate
192,1,p3uhs13_1247--p3udt12740,p3uhs13_1247,load_p3ulv53673,p3ulv53673,38.353,1,1,synthetic_nearest_load_assumption,0,2309,provisional_spatial_candidate
192,2,p3uhs13_1247--p3udt12740,p3uhs13_1247,load_p3ulv52148,p3ulv52148,43.736,1,0,synthetic_nearest_load_assumption,0,2309,provisional_spatial_candidate
192,3,p3uhs13_1247--p3udt12740,p3uhs13_1247,load_p3ulv66655,p3ulv66655,64.21,1,0,synthetic_nearest_load_assumption,0,2309,provisional_spatial_candidate
193,1,p3uhs13_1247--p3udt28604,p3uhs13_1247,load_p3ulv65872,p3ulv65872,49.763,1,1,synthetic_nearest_load_assumption,0,,over_50m
193,2,p3uhs13_1247--p3udt28604,p3uhs13_1247,load_p3ulv43638,p3ulv43638,52.395,1,0,synthetic_nearest_load_assumption,0,,over_50m
193,3,p3uhs13_1247--p3udt28604,p3uhs13_1247,load_p3ulv73597,p3ulv73597,52.402,1,0,synthetic_nearest_load_assumption,0,,over_50m
194,1,p3uhs13_1247--p3udt26287,p3uhs13_1247,load_p3ulv42082,p3ulv42082,51.728,1,1,synthetic_nearest_load_assumption,0,2399,provisional_spatial_candidate
194,2,p3uhs13_1247--p3udt26287,p3uhs13_1247,load_p3ulv23408,p3ulv23408,53.852,1,0,synthetic_nearest_load_assumption,0,2399,provisional_spatial_candidate
194,3,p3uhs13_1247--p3udt26287,p3uhs13_1247,load_p3ulv8626,p3ulv8626,55.117,1,0,synthetic_nearest_load_assumption,0,2399,provisional_spatial_candidate
195,1,p3uhs13_1247--p3udt26287,p3uhs13_1247,load_p3ulv16542,p3ulv16542,25.405,1,1,synthetic_nearest_load_assumption,0,2397,provisional_spatial_candidate
195,2,p3uhs13_1247--p3udt26287,p3uhs13_1247,load_p3ulv10224,p3ulv10224,44.737,1,0,synthetic_nearest_load_assumption,0,2397,provisional_spatial_candidate
195,3,p3uhs13_1247--p3udt26287,p3uhs13_1247,load_p3ulv34427,p3ulv34427,62.32,1,0,synthetic_nearest_load_assumption,0,2397,provisional_spatial_candidate
196,1,p3uhs15_1247--p3udt2707,p3uhs15_1247,load_p3ulv4713,p3ulv4713,68.699,1,1,synthetic_nearest_load_assumption,0,2391,provisional_spatial_candidate
196,2,p3uhs15_1247--p3udt2707,p3uhs15_1247,load_p3ulv28941,p3ulv28941,69.755,1,0,synthetic_nearest_load_assumption,0,2391,provisional_spatial_candidate
196,3,p3uhs15_1247--p3udt2707,p3uhs15_1247,load_p3ulv49897,p3ulv49897,77.689,1,0,synthetic_nearest_load_assumption,0,2391,provisional_spatial_candidate
197,1,p3uhs15_1247--p3udt27016,p3uhs15_1247,load_p3ulv71295,p3ulv71295,40.869,1,1,synthetic_nearest_load_assumption,0,2386,provisional_spatial_candidate
197,2,p3uhs15_1247--p3udt27016,p3uhs15_1247,load_p3ulv62013,p3ulv62013,65.335,1,0,synthetic_nearest_load_assumption,0,2386,provisional_spatial_candidate
197,3,p3uhs15_1247--p3udt27016,p3uhs15_1247,load_p3ulv53616,p3ulv53616,109.945,1,0,synthetic_nearest_load_assumption,0,2386,provisional_spatial_candidate
198,1,p3uhs1_1247--p3udt16112,p3uhs1_1247,load_p3ulv29118,p3ulv29118,57.038,1,1,synthetic_nearest_load_assumption,0,2928,provisional_spatial_candidate
198,2,p3uhs1_1247--p3udt16112,p3uhs1_1247,load_p3ulv76876,p3ulv76876,72.21,1,0,synthetic_nearest_load_assumption,0,2928,provisional_spatial_candidate
198,3,p3uhs1_1247--p3udt16112,p3uhs1_1247,load_p3ulv56949,p3ulv56949,106.11,1,0,synthetic_nearest_load_assumption,0,2928,provisional_spatial_candidate
199,1,p5uhs5_1247--p5udt4497,p5uhs5_1247,load_p5ulv77653,p5ulv77653,15.144,1,1,synthetic_nearest_load_assumption,0,,over_50m
199,2,p5uhs5_1247--p5udt4497,p5uhs5_1247,load_p5ulv8609,p5ulv8609,18.385,1,0,synthetic_nearest_load_assumption,0,,over_50m
199,3,p5uhs5_1247--p5udt4497,p5uhs5_1247,load_p5ulv5480,p5ulv5480,25.388,1,0,synthetic_nearest_load_assumption,0,,over_50m
200,1,p3uhs15_1247--p3udt27016,p3uhs15_1247,load_p3ulv9534,p3ulv9534,37.054,1,1,synthetic_nearest_load_assumption,0,,over_50m
200,2,p3uhs15_1247--p3udt27016,p3uhs15_1247,load_p3ulv34540,p3ulv34540,78.29,1,0,synthetic_nearest_load_assumption,0,,over_50m
200,3,p3uhs15_1247--p3udt27016,p3uhs15_1247,load_p3ulv59191,p3ulv59191,92.074,1,0,synthetic_nearest_load_assumption,0,,over_50m
201,1,p5uhs0_1247--p5udt119,p5uhs0_1247,load_p5ulv9264,p5ulv9264,31.777,1,1,synthetic_nearest_load_assumption,0,,over_50m
201,2,p5uhs0_1247--p5udt119,p5uhs0_1247,load_p5ulv8298,p5ulv8298,34.051,1,0,synthetic_nearest_load_assumption,0,,over_50m
201,3,p5uhs0_1247--p5udt119,p5uhs0_1247,load_p5ulv124,p5ulv124,39.644,1,0,synthetic_nearest_load_assumption,0,,over_50m
202,1,p5uhs18_1247--p5udt13853,p5uhs18_1247,load_p5ulv35090,p5ulv35090,59.789,1,1,synthetic_nearest_load_assumption,0,,over_50m
202,2,p5uhs6_1247--p5udt3745,p5uhs6_1247,load_p5ulv75966,p5ulv75966,67.971,1,0,synthetic_nearest_load_assumption,0,,over_50m
202,3,p5uhs18_1247--p5udt13853,p5uhs18_1247,load_p5ulv41796,p5ulv41796,87.014,1,0,synthetic_nearest_load_assumption,0,,over_50m
203,1,p5uhs2_1247--p5udt6874,p5uhs2_1247,load_p5ulv3977,p5ulv3977,38.014,1,1,synthetic_nearest_load_assumption,0,,over_50m
203,2,p5uhs2_1247--p5udt6874,p5uhs2_1247,load_p5ulv9556,p5ulv9556,45.23,1,0,synthetic_nearest_load_assumption,0,,over_50m
203,3,p5uhs2_1247--p5udt6874,p5uhs2_1247,load_p5ulv7497,p5ulv7497,57.588,1,0,synthetic_nearest_load_assumption,0,,over_50m
204,1,p3uhs12_1247--p3udt14513,p3uhs12_1247,load_p3ulv58454,p3ulv58454,57.832,1,1,synthetic_nearest_load_assumption,0,2420,provisional_spatial_candidate
204,2,p3uhs12_1247--p3udt14513,p3uhs12_1247,load_p3ulv57680,p3ulv57680,68.225,1,0,synthetic_nearest_load_assumption,0,2420,provisional_spatial_candidate
204,3,p3uhs12_1247--p3udt14513,p3uhs12_1247,load_p3ulv64518,p3ulv64518,80.472,1,0,synthetic_nearest_load_assumption,0,2420,provisional_spatial_candidate
205,1,p5uhs2_1247--p5udt2335,p5uhs2_1247,load_p5ulv9896,p5ulv9896,32.24,1,1,synthetic_nearest_load_assumption,0,,over_50m
205,2,p5uhs2_1247--p5udt2335,p5uhs2_1247,load_p5ulv2667,p5ulv2667,46.445,1,0,synthetic_nearest_load_assumption,0,,over_50m
205,3,p5uhs2_1247--p5udt2335,p5uhs2_1247,load_p5ulv3248,p5ulv3248,62.115,1,0,synthetic_nearest_load_assumption,0,,over_50m
206,1,p3uhs21_1247--p3udt8885,p3uhs21_1247,load_p3ulv54854,p3ulv54854,109.268,1,1,synthetic_nearest_load_assumption,0,,over_50m
206,2,p3uhs21_1247--p3udt8885,p3uhs21_1247,load_p3ulv77058,p3ulv77058,119.048,1,0,synthetic_nearest_load_assumption,0,,over_50m
206,3,p3uhs21_1247--p3udt8885,p3uhs21_1247,load_p3ulv30868,p3ulv30868,179.46,1,0,synthetic_nearest_load_assumption,0,,over_50m
207,1,p3uhs15_1247--p3udt2707,p3uhs15_1247,load_p3ulv79683,p3ulv79683,61.02,1,1,synthetic_nearest_load_assumption,0,,over_50m
207,2,p3uhs15_1247--p3udt27016,p3uhs15_1247,load_p3ulv6987,p3ulv6987,73.15,1,0,synthetic_nearest_load_assumption,0,,over_50m
207,3,p3uhs15_1247--p3udt2707,p3uhs15_1247,load_p3ulv51495,p3ulv51495,90.697,1,0,synthetic_nearest_load_assumption,0,,over_50m
208,1,p5uhs2_1247--p5udt2335,p5uhs2_1247,load_p5ulv16576,p5ulv16576,19.143,1,1,synthetic_nearest_load_assumption,0,,over_50m
208,2,p5uhs2_1247--p5udt2335,p5uhs2_1247,load_p5ulv10459,p5ulv10459,24.417,1,0,synthetic_nearest_load_assumption,0,,over_50m
208,3,p5uhs2_1247--p5udt2335,p5uhs2_1247,load_p5ulv17907,p5ulv17907,32.694,1,0,synthetic_nearest_load_assumption,0,,over_50m
209,1,p5uhs2_1247--p5udt2335,p5uhs2_1247,load_p5ulv18613,p5ulv18613,12.198,1,1,synthetic_nearest_load_assumption,0,,over_50m
209,2,p5uhs2_1247--p5udt2335,p5uhs2_1247,load_p5ulv2275,p5ulv2275,21.934,1,0,synthetic_nearest_load_assumption,0,,over_50m
209,3,p5uhs2_1247--p5udt2335,p5uhs2_1247,load_p5ulv10839,p5ulv10839,28.914,1,0,synthetic_nearest_load_assumption,0,,over_50m
210,1,p5uhs1_1247--p5udt6125,p5uhs1_1247,load_p5ulv60409,p5ulv60409,31.997,1,1,synthetic_nearest_load_assumption,0,2778,provisional_spatial_candidate
210,2,p5uhs1_1247--p5udt6125,p5uhs1_1247,load_p5umv46,p5umv46,37.087,1,0,synthetic_nearest_load_assumption,0,2778,provisional_spatial_candidate
210,3,p5uhs1_1247--p5udt6125,p5uhs1_1247,load_p5umv29,p5umv29,61.457,1,0,synthetic_nearest_load_assumption,0,2778,provisional_spatial_candidate
211,1,p5uhs16_1247--p5udt385,p5uhs16_1247,load_p5ulv17691,p5ulv17691,48.418,1,1,synthetic_nearest_load_assumption,0,3677,provisional_spatial_candidate
211,2,p5uhs16_1247--p5udt385,p5uhs16_1247,load_p5ulv17891,p5ulv17891,56.967,1,0,synthetic_nearest_load_assumption,0,3677,provisional_spatial_candidate
211,3,p5uhs16_1247--p5udt385,p5uhs16_1247,load_p5ulv5816,p5ulv5816,73.228,1,0,synthetic_nearest_load_assumption,0,3677,provisional_spatial_candidate
213,1,p5uhs2_1247--p5udt6874,p5uhs2_1247,load_p5ulv9159,p5ulv9159,32.451,1,1,synthetic_nearest_load_assumption,0,,over_50m
213,2,p5uhs2_1247--p5udt6874,p5uhs2_1247,load_p5ulv10069,p5ulv10069,32.952,1,0,synthetic_nearest_load_assumption,0,,over_50m
213,3,p5uhs2_1247--p5udt6874,p5uhs2_1247,load_p5ulv8204,p5ulv8204,35.028,1,0,synthetic_nearest_load_assumption,0,,over_50m
214,1,p5uhs2_1247--p5udt2335,p5uhs2_1247,load_p5ulv11623,p5ulv11623,25.606,1,1,synthetic_nearest_load_assumption,0,3698,provisional_spatial_candidate
214,2,p5uhs2_1247--p5udt2335,p5uhs2_1247,load_p5ulv16180,p5ulv16180,31.497,1,0,synthetic_nearest_load_assumption,0,3698,provisional_spatial_candidate
214,3,p5uhs2_1247--p5udt2335,p5uhs2_1247,load_p5ulv11431,p5ulv11431,36.659,1,0,synthetic_nearest_load_assumption,0,3698,provisional_spatial_candidate
215,1,p5uhs2_1247--p5udt6874,p5uhs2_1247,load_p5ulv18632,p5ulv18632,40.282,1,1,synthetic_nearest_load_assumption,0,,over_50m
215,2,p5uhs2_1247--p5udt6874,p5uhs2_1247,load_p5ulv1375,p5ulv1375,56.595,1,0,synthetic_nearest_load_assumption,0,,over_50m
215,3,p5uhs2_1247--p5udt6874,p5uhs2_1247,load_p5ulv14749,p5ulv14749,65.499,1,0,synthetic_nearest_load_assumption,0,,over_50m
216,1,p5uhs1_1247--p5udt6240,p5uhs1_1247,load_p5ulv11045,p5ulv11045,28.629,1,1,synthetic_nearest_load_assumption,0,,over_50m
216,2,p5uhs1_1247--p5udt6240,p5uhs1_1247,load_p5ulv18080,p5ulv18080,31.576,1,0,synthetic_nearest_load_assumption,0,,over_50m
216,3,p5uhs1_1247--p5udt6125,p5uhs1_1247,load_p5ulv3237,p5ulv3237,40.698,1,0,synthetic_nearest_load_assumption,0,,over_50m
217,1,p5uhs1_1247--p5udt6240,p5uhs1_1247,load_p5ulv15464,p5ulv15464,26.069,1,1,synthetic_nearest_load_assumption,0,2776,provisional_spatial_candidate
217,2,p5uhs1_1247--p5udt6240,p5uhs1_1247,load_p5ulv5238,p5ulv5238,42.125,1,0,synthetic_nearest_load_assumption,0,2776,provisional_spatial_candidate
217,3,p5uhs1_1247--p5udt6240,p5uhs1_1247,load_p5ulv3603,p5ulv3603,67.808,1,0,synthetic_nearest_load_assumption,0,2776,provisional_spatial_candidate
218,1,p5uhs1_1247--p5udt6125,p5uhs1_1247,load_p5ulv7676,p5ulv7676,24.081,1,1,synthetic_nearest_load_assumption,0,,over_50m
218,2,p5uhs1_1247--p5udt6125,p5uhs1_1247,load_p5ulv2843,p5ulv2843,36.398,1,0,synthetic_nearest_load_assumption,0,,over_50m
218,3,p5uhs1_1247--p5udt6125,p5uhs1_1247,load_p5ulv7287,p5ulv7287,38.591,1,0,synthetic_nearest_load_assumption,0,,over_50m
219,1,p5uhs1_1247--p5udt6125,p5uhs1_1247,load_p5ulv5241,p5ulv5241,49.394,1,1,synthetic_nearest_load_assumption,0,,over_50m
219,2,p5uhs1_1247--p5udt6125,p5uhs1_1247,load_p5ulv13911,p5ulv13911,60.232,1,0,synthetic_nearest_load_assumption,0,,over_50m
219,3,p5uhs1_1247--p5udt6125,p5uhs1_1247,load_p5ulv13717,p5ulv13717,61.757,1,0,synthetic_nearest_load_assumption,0,,over_50m
220,1,p3uhs24_1247--p3udt10352,p3uhs24_1247,load_p3ulv11219,p3ulv11219,33.016,1,1,synthetic_nearest_load_assumption,0,2937,provisional_spatial_candidate
220,2,p3uhs24_1247--p3udt10352,p3uhs24_1247,load_p3ulv31450,p3ulv31450,45.822,1,0,synthetic_nearest_load_assumption,0,2937,provisional_spatial_candidate
220,3,p3uhs24_1247--p3udt10352,p3uhs24_1247,load_p3ulv50802,p3ulv50802,47.724,1,0,synthetic_nearest_load_assumption,0,2937,provisional_spatial_candidate
221,1,p5uhs1_1247--p5udt4629,p5uhs1_1247,load_p5ulv1021,p5ulv1021,40.897,1,1,synthetic_nearest_load_assumption,0,2828,provisional_spatial_candidate
221,2,p5uhs1_1247--p5udt4629,p5uhs1_1247,load_p5ulv3626,p5ulv3626,59.023,1,0,synthetic_nearest_load_assumption,0,2828,provisional_spatial_candidate
221,3,p5uhs1_1247--p5udt4629,p5uhs1_1247,load_p5ulv60974,p5ulv13910,71.549,1,0,synthetic_nearest_load_assumption,0,2828,provisional_spatial_candidate
222,1,p5uhs1_1247--p5udt4629,p5uhs1_1247,load_p5ulv19236,p5ulv19236,43.648,1,1,synthetic_nearest_load_assumption,0,2826,provisional_spatial_candidate
222,2,p5uhs1_1247--p5udt4629,p5uhs1_1247,load_p5ulv78269,p5ulv78269,77.241,1,0,synthetic_nearest_load_assumption,0,2826,provisional_spatial_candidate
222,3,p5uhs1_1247--p5udt4629,p5uhs1_1247,load_p5ulv31857,p5ulv31857,81.667,1,0,synthetic_nearest_load_assumption,0,2826,provisional_spatial_candidate
223,1,p5uhs3_1247--p5udt6366,p5uhs3_1247,load_p5ulv9200,p5ulv9200,39.758,1,1,synthetic_nearest_load_assumption,0,2781,provisional_spatial_candidate
223,2,p5uhs3_1247--p5udt6366,p5uhs3_1247,load_p5ulv9570,p5ulv9570,59.633,1,0,synthetic_nearest_load_assumption,0,2781,provisional_spatial_candidate
223,3,p5uhs3_1247--p5udt6366,p5uhs3_1247,load_p5ulv78008,p5ulv78008,67.907,1,0,synthetic_nearest_load_assumption,0,2781,provisional_spatial_candidate
224,1,p5uhs3_1247--p5udt6366,p5uhs3_1247,load_p5ulv6780,p5ulv6780,17.741,1,1,synthetic_nearest_load_assumption,0,2830,provisional_spatial_candidate
224,2,p5uhs3_1247--p5udt6366,p5uhs3_1247,load_p5ulv15884,p5ulv15884,42.111,1,0,synthetic_nearest_load_assumption,0,2830,provisional_spatial_candidate
224,3,p5uhs3_1247--p5udt6366,p5uhs3_1247,load_p5ulv18665,p5ulv18665,53.54,1,0,synthetic_nearest_load_assumption,0,2830,provisional_spatial_candidate
226,1,p5uhs1_1247--p5udt4629,p5uhs1_1247,load_p5ulv9201,p5ulv9201,40.436,1,1,synthetic_nearest_load_assumption,0,,over_50m
226,2,p5uhs1_1247--p5udt4629,p5uhs1_1247,load_p5ulv31857,p5ulv31857,64.312,1,0,synthetic_nearest_load_assumption,0,,over_50m
226,3,p5uhs1_1247--p5udt4629,p5uhs1_1247,load_p5ulv19236,p5ulv19236,97.436,1,0,synthetic_nearest_load_assumption,0,,over_50m
227,1,p5uhs3_1247--p5udt6002,p5uhs3_1247,load_p5umv21,p5umv21,119.905,1,1,synthetic_nearest_load_assumption,0,3266,provisional_spatial_candidate
227,2,p5uhs3_1247--p5udt6002,p5uhs3_1247,load_p5ulv3331,p5ulv3331,120.617,1,0,synthetic_nearest_load_assumption,0,3266,provisional_spatial_candidate
227,3,p5uhs3_1247--p5udt6002,p5uhs3_1247,load_p5ulv10979,p5ulv10979,128.638,1,0,synthetic_nearest_load_assumption,0,3266,provisional_spatial_candidate
228,1,p5uhs5_1247--p5udt4497,p5uhs5_1247,load_p5ulv77641,p5ulv77641,31.073,1,1,synthetic_nearest_load_assumption,0,,over_50m
228,2,p5uhs5_1247--p5udt4497,p5uhs5_1247,load_p5ulv10326,p5ulv10326,32.178,1,0,synthetic_nearest_load_assumption,0,,over_50m
228,3,p5uhs5_1247--p5udt4497,p5uhs5_1247,load_p5ulv78392,p5ulv78392,37.281,1,0,synthetic_nearest_load_assumption,0,,over_50m
229,1,p5uhs1_1247--p5udt4788,p5uhs1_1247,load_p5ulv2866,p5ulv2866,182.499,1,1,synthetic_nearest_load_assumption,0,3127,provisional_spatial_candidate
229,2,p5uhs1_1247--p5udt4788,p5uhs1_1247,load_p5ulv13156,p5ulv13156,186.855,1,0,synthetic_nearest_load_assumption,0,3127,provisional_spatial_candidate
229,3,p5uhs1_1247--p5udt4788,p5uhs1_1247,load_p5ulv77706,p5ulv77706,198.662,1,0,synthetic_nearest_load_assumption,0,3127,provisional_spatial_candidate
230,1,p5uhs1_1247--p5udt4788,p5uhs1_1247,load_p5ulv15475,p5ulv15475,214.209,0,0,synthetic_nearest_load_assumption,0,,over_50m
230,2,p5uhs1_1247--p5udt4788,p5uhs1_1247,load_p5ulv2866,p5ulv2866,262.522,0,0,synthetic_nearest_load_assumption,0,,over_50m
230,3,p5uhs5_1247--p5udt3577,p5uhs5_1247,load_p5ulv15878,p5ulv15878,269.301,0,0,synthetic_nearest_load_assumption,0,,over_50m
231,1,p3uhs8_1247--p3umv17,p3uhs8_1247,load_p3ulv71827,p3ulv71827,40.904,1,1,synthetic_nearest_load_assumption,0,,over_50m
231,2,p3uhs8_1247--p3umv17,p3uhs8_1247,load_p3ulv73333,p3ulv73333,47.95,1,0,synthetic_nearest_load_assumption,0,,over_50m
231,3,p3uhs8_1247--p3umv17,p3uhs8_1247,load_p3ulv477,p3ulv477,49.605,1,0,synthetic_nearest_load_assumption,0,,over_50m
232,1,p3uhs8_1247--p3udt23566,p3uhs8_1247,load_p3ulv70286,p3ulv70286,40.207,1,1,synthetic_nearest_load_assumption,0,3073,provisional_spatial_candidate
232,2,p3uhs8_1247--p3udt23566,p3uhs8_1247,load_p3ulv71103,p3ulv71103,44.379,1,0,synthetic_nearest_load_assumption,0,3073,provisional_spatial_candidate
232,3,p3uhs8_1247--p3udt23566,p3uhs8_1247,load_p3ulv28650,p3ulv28650,51.769,1,0,synthetic_nearest_load_assumption,0,3073,provisional_spatial_candidate
233,1,p5uhs5_1247--p5udt3577,p5uhs5_1247,load_p5ulv15712,p5ulv15712,36.079,1,1,synthetic_nearest_load_assumption,0,3137,provisional_spatial_candidate
233,2,p5uhs5_1247--p5udt3577,p5uhs5_1247,load_p5umv51,p5umv51,36.445,1,0,synthetic_nearest_load_assumption,0,3137,provisional_spatial_candidate
233,3,p5uhs5_1247--p5udt3577,p5uhs5_1247,load_p5ulv10478,p5ulv10478,60.637,1,0,synthetic_nearest_load_assumption,0,3137,provisional_spatial_candidate
234,1,p5uhs5_1247--p5udt3577,p5uhs5_1247,load_p5ulv15713,p5ulv15713,23.333,1,1,synthetic_nearest_load_assumption,0,,over_50m
234,2,p5uhs5_1247--p5udt3577,p5uhs5_1247,load_p5ulv3981,p5ulv3981,37.477,1,0,synthetic_nearest_load_assumption,0,,over_50m
234,3,p5uhs5_1247--p5udt3577,p5uhs5_1247,load_p5ulv13343,p5ulv13343,61.115,1,0,synthetic_nearest_load_assumption,0,,over_50m
235,1,p3uhs8_1247--p3udt23566,p3uhs8_1247,load_p3ulv48793,p3ulv48793,28.655,1,1,synthetic_nearest_load_assumption,0,3085,provisional_spatial_candidate
235,2,p3uhs8_1247--p3udt23566,p3uhs8_1247,load_p3ulv59510,p3ulv59510,56.817,1,0,synthetic_nearest_load_assumption,0,3085,provisional_spatial_candidate
235,3,p3uhs8_1247--p3udt23566,p3uhs8_1247,load_p3ulv78707,p3ulv78707,57.419,1,0,synthetic_nearest_load_assumption,0,3085,provisional_spatial_candidate
236,1,p5uhs2_1247--p5udt6874,p5uhs2_1247,load_p5ulv4287,p5ulv4287,37.207,1,1,synthetic_nearest_load_assumption,0,3705,provisional_spatial_candidate
236,2,p5uhs2_1247--p5udt6874,p5uhs2_1247,load_p5ulv15255,p5ulv15255,38.002,1,0,synthetic_nearest_load_assumption,0,3705,provisional_spatial_candidate
236,3,p5uhs2_1247--p5udt6874,p5uhs2_1247,load_p5ulv9337,p5ulv9337,41.148,1,0,synthetic_nearest_load_assumption,0,3705,provisional_spatial_candidate
237,1,p5uhs16_1247--p5udt385,p5uhs16_1247,load_p5ulv9711,p5ulv9711,24.485,1,1,synthetic_nearest_load_assumption,0,3673,provisional_spatial_candidate
237,2,p5uhs16_1247--p5udt385,p5uhs16_1247,load_p5ulv16352,p5ulv16352,38.267,1,0,synthetic_nearest_load_assumption,0,3673,provisional_spatial_candidate
237,3,p5uhs16_1247--p5udt385,p5uhs16_1247,load_p5ulv74881,p5ulv18408,65.888,1,0,synthetic_nearest_load_assumption,0,3673,provisional_spatial_candidate
238,1,p5uhs1_1247--p5udt4788,p5uhs1_1247,load_p5ulv77706,p5ulv77706,13.929,1,1,synthetic_nearest_load_assumption,0,,over_50m
238,2,p5uhs1_1247--p5udt4788,p5uhs1_1247,load_p5ulv4875,p5ulv4875,53.381,1,0,synthetic_nearest_load_assumption,0,,over_50m
238,3,p5uhs1_1247--p5udt4788,p5uhs1_1247,load_p5ulv14787,p5ulv14787,79.529,1,0,synthetic_nearest_load_assumption,0,,over_50m
239,1,p5uhs9_1247--p5udt24963,p5uhs9_1247,load_p5ulv67898,p5ulv67898,51.761,1,1,synthetic_nearest_load_assumption,0,2885,provisional_spatial_candidate
239,2,p5uhs9_1247--p5udt24963,p5uhs9_1247,load_p5ulv31070,p5ulv31070,58.748,1,0,synthetic_nearest_load_assumption,0,2885,provisional_spatial_candidate
239,3,p5uhs9_1247--p5udt24963,p5uhs9_1247,load_p5ulv39351,p5ulv39351,81.828,1,0,synthetic_nearest_load_assumption,0,2885,provisional_spatial_candidate
241,1,p5uhs1_1247--p5udt4629,p5uhs1_1247,load_p5ulv15492,p5ulv15492,23.999,1,1,synthetic_nearest_load_assumption,0,,over_50m
241,2,p5uhs1_1247--p5udt4629,p5uhs1_1247,load_p5ulv68172,p5ulv16209,39.689,1,0,synthetic_nearest_load_assumption,0,,over_50m
241,3,p5uhs1_1247--p5udt4629,p5uhs1_1247,load_p5ulv16209,p5ulv16209,39.689,1,0,synthetic_nearest_load_assumption,0,,over_50m
242,1,p5uhs1_1247--p5udt6240,p5uhs1_1247,load_p5ulv77951,p5ulv77951,29.037,1,1,synthetic_nearest_load_assumption,0,,over_50m
242,2,p5uhs1_1247--p5udt6240,p5uhs1_1247,load_p5ulv831,p5ulv831,43.996,1,0,synthetic_nearest_load_assumption,0,,over_50m
242,3,p5uhs1_1247--p5udt4629,p5uhs1_1247,load_p5ulv1193,p5ulv1193,48.495,1,0,synthetic_nearest_load_assumption,0,,over_50m
243,1,p5uhs1_1247--p5udt6240,p5uhs1_1247,load_p5ulv11656,p5ulv11656,19.883,1,1,synthetic_nearest_load_assumption,0,3025,provisional_spatial_candidate
243,2,p5uhs1_1247--p5udt6240,p5uhs1_1247,load_p5ulv6394,p5ulv6394,30.018,1,0,synthetic_nearest_load_assumption,0,3025,provisional_spatial_candidate
243,3,p5uhs1_1247--p5udt6240,p5uhs1_1247,load_p5ulv6396,p5ulv6396,43.029,1,0,synthetic_nearest_load_assumption,0,3025,provisional_spatial_candidate
244,1,p5uhs1_1247--p5udt6240,p5uhs1_1247,load_p5ulv5453,p5ulv5453,27.573,1,1,synthetic_nearest_load_assumption,0,,over_50m
244,2,p5uhs1_1247--p5udt6240,p5uhs1_1247,load_p5ulv18276,p5ulv18276,36.919,1,0,synthetic_nearest_load_assumption,0,,over_50m
244,3,p5uhs1_1247--p5udt4629,p5uhs1_1247,load_p5ulv7303,p5ulv7303,37.111,1,0,synthetic_nearest_load_assumption,0,,over_50m
245,1,p5uhs1_1247--p5udt4629,p5uhs1_1247,load_p5ulv7112,p5ulv7112,59.103,1,1,synthetic_nearest_load_assumption,0,3338,provisional_spatial_candidate
245,2,p5uhs1_1247--p5udt4629,p5uhs1_1247,load_p5ulv2680,p5ulv2680,72.265,1,0,synthetic_nearest_load_assumption,0,3338,provisional_spatial_candidate
245,3,p5uhs1_1247--p5udt6240,p5uhs1_1247,load_p5ulv16401,p5ulv16401,75.666,1,0,synthetic_nearest_load_assumption,0,3338,provisional_spatial_candidate
246,1,p5uhs1_1247--p5udt4629,p5uhs1_1247,load_p5ulv6032,p5ulv6032,23.798,1,1,synthetic_nearest_load_assumption,0,,over_50m
246,2,p5uhs1_1247--p5udt4629,p5uhs1_1247,load_p5ulv258,p5ulv258,29.129,1,0,synthetic_nearest_load_assumption,0,,over_50m
246,3,p5uhs1_1247--p5udt4629,p5uhs1_1247,load_p5ulv77980,p5ulv77980,68.034,1,0,synthetic_nearest_load_assumption,0,,over_50m
247,1,p5uhs3_1247--p5udt6366,p5uhs3_1247,load_p5ulv23454,p5ulv1389u,51.0,1,1,synthetic_nearest_load_assumption,0,3354,provisional_spatial_candidate
247,2,p5uhs3_1247--p5udt6366,p5uhs3_1247,load_p5ulv1389,p5ulv1389u,51.0,1,0,synthetic_nearest_load_assumption,0,3354,provisional_spatial_candidate
247,3,p5uhs3_1247--p5udt6366,p5uhs3_1247,load_p5ulv5850,p5ulv5850,76.401,1,0,synthetic_nearest_load_assumption,0,3354,provisional_spatial_candidate
249,1,p5uhs3_1247--p5udt6002,p5uhs3_1247,load_p5ulv1020,p5ulv1020,52.494,1,1,synthetic_nearest_load_assumption,0,3356,provisional_spatial_candidate
249,2,p5uhs3_1247--p5udt6002,p5uhs3_1247,load_p5ulv75471,p5ulv75471,57.036,1,0,synthetic_nearest_load_assumption,0,3356,provisional_spatial_candidate
249,3,p5uhs3_1247--p5udt6002,p5uhs3_1247,load_p5ulv1562,p5ulv1562,66.852,1,0,synthetic_nearest_load_assumption,0,3356,provisional_spatial_candidate
250,1,p5uhs1_1247--p5udt4629,p5uhs1_1247,load_p5ulv3979,p5ulv3979,20.214,1,1,synthetic_nearest_load_assumption,0,,over_50m
250,2,p5uhs1_1247--p5udt4629,p5uhs1_1247,load_p5ulv11846,p5ulv11846,70.799,1,0,synthetic_nearest_load_assumption,0,,over_50m
250,3,p5uhs1_1247--p5udt4629,p5uhs1_1247,load_p5ulv2680,p5ulv2680,74.482,1,0,synthetic_nearest_load_assumption,0,,over_50m
251,1,p5uhs1_1247--p5udt4629,p5uhs1_1247,load_p5ulv18664,p5ulv18664,22.864,1,1,synthetic_nearest_load_assumption,0,,multiple_signals_same_node
251,2,p5uhs1_1247--p5udt4629,p5uhs1_1247,load_p5ulv257,p5ulv257,37.468,1,0,synthetic_nearest_load_assumption,0,,multiple_signals_same_node
251,3,p5uhs1_1247--p5udt4629,p5uhs1_1247,load_p5ulv9198,p5ulv9198,43.24,1,0,synthetic_nearest_load_assumption,0,,multiple_signals_same_node
252,1,p5uhs1_1247--p5udt4629,p5uhs1_1247,load_p5ulv18664,p5ulv18664,54.088,1,1,synthetic_nearest_load_assumption,0,,multiple_signals_same_node
252,2,p5uhs1_1247--p5udt4629,p5uhs1_1247,load_p5ulv9198,p5ulv9198,64.865,1,0,synthetic_nearest_load_assumption,0,,multiple_signals_same_node
252,3,p5uhs1_1247--p5udt4629,p5uhs1_1247,load_p5ulv16400,p5ulv16400,68.678,1,0,synthetic_nearest_load_assumption,0,,multiple_signals_same_node
253,1,p5uhs1_1247--p5udt4629,p5uhs1_1247,load_p5ulv51357,p5ulv51357,48.72,1,1,synthetic_nearest_load_assumption,0,,over_50m
253,2,p5uhs3_1247--p5udt6366,p5uhs3_1247,load_p5ulv17916,p5ulv17916,78.08,1,0,synthetic_nearest_load_assumption,0,,over_50m
253,3,p5uhs3_1247--p5udt6366,p5uhs3_1247,load_p5ulv6400,p5ulv6400,95.386,1,0,synthetic_nearest_load_assumption,0,,over_50m
254,1,p5uhs3_1247--p5udt6366,p5uhs3_1247,load_p5ulv19054,p5ulv19054,37.104,1,1,synthetic_nearest_load_assumption,0,3307,provisional_spatial_candidate
254,2,p5uhs3_1247--p5udt6366,p5uhs3_1247,load_p5ulv18663,p5ulv18663,55.057,1,0,synthetic_nearest_load_assumption,0,3307,provisional_spatial_candidate
254,3,p5uhs3_1247--p5udt6366,p5uhs3_1247,load_p5ulv3978,p5ulv3978,58.554,1,0,synthetic_nearest_load_assumption,0,3307,provisional_spatial_candidate
255,1,p5uhs3_1247--p5udt6366,p5uhs3_1247,load_p5ulv14416,p5ulv14416,54.275,1,1,synthetic_nearest_load_assumption,0,3308,provisional_spatial_candidate
255,2,p5uhs3_1247--p5udt6366,p5uhs3_1247,load_p5ulv78006,p5ulv78006,56.82,1,0,synthetic_nearest_load_assumption,0,3308,provisional_spatial_candidate
255,3,p5uhs3_1247--p5udt6366,p5uhs3_1247,load_p5ulv39623,p5ulv39623,65.349,1,0,synthetic_nearest_load_assumption,0,3308,provisional_spatial_candidate
256,1,p5uhs3_1247--p5udt6366,p5uhs3_1247,load_p5ulv12786,p5ulv12786,28.005,1,1,synthetic_nearest_load_assumption,0,3363,provisional_spatial_candidate
256,2,p5uhs3_1247--p5udt6366,p5uhs3_1247,load_p5ulv78006,p5ulv78006,59.009,1,0,synthetic_nearest_load_assumption,0,3363,provisional_spatial_candidate
256,3,p5uhs3_1247--p5udt6366,p5uhs3_1247,load_p5ulv3450,p5ulv3450,68.369,1,0,synthetic_nearest_load_assumption,0,3363,provisional_spatial_candidate
257,1,p5uhs3_1247--p5udt6002,p5uhs3_1247,load_p5ulv11473,p5ulv11473,27.459,1,1,synthetic_nearest_load_assumption,0,3355,provisional_spatial_candidate
257,2,p5uhs3_1247--p5udt6002,p5uhs3_1247,load_p5ulv10477,p5ulv10477,48.173,1,0,synthetic_nearest_load_assumption,0,3355,provisional_spatial_candidate
257,3,p5uhs3_1247--p5udt6002,p5uhs3_1247,load_p5ulv17721,p5ulv17721,48.394,1,0,synthetic_nearest_load_assumption,0,3355,provisional_spatial_candidate
259,1,p5uhs3_1247--p5udt6366,p5uhs3_1247,load_p5ulv4140,p5ulv4140,35.922,1,1,synthetic_nearest_load_assumption,0,,over_50m
259,2,p5uhs3_1247--p5udt6366,p5uhs3_1247,load_p5ulv15117,p5ulv15117,51.405,1,0,synthetic_nearest_load_assumption,0,,over_50m
259,3,p5uhs3_1247--p5udt6366,p5uhs3_1247,load_p5ulv9570,p5ulv9570,57.954,1,0,synthetic_nearest_load_assumption,0,,over_50m
260,1,p1uhs23_1247--p1udt25139,p1uhs23_1247,load_p1ulv12457,p1ulv12457,82.63,1,1,synthetic_nearest_load_assumption,0,2825,provisional_spatial_candidate
260,2,p1uhs23_1247--p1udt25139,p1uhs23_1247,load_p1ulv10585,p1ulv10585,85.436,1,0,synthetic_nearest_load_assumption,0,2825,provisional_spatial_candidate
260,3,p1uhs22_1247--p1udt6863,p1uhs22_1247,load_p1ulv40408,p1ulv40408,91.691,1,0,synthetic_nearest_load_assumption,0,2825,provisional_spatial_candidate
261,1,p5uhs1_1247--p5udt4629,p5uhs1_1247,load_p5ulv11846,p5ulv11846,63.138,1,1,synthetic_nearest_load_assumption,0,,over_50m
261,2,p5uhs1_1247--p5udt4629,p5uhs1_1247,load_p5ulv18106,p5ulv18106,66.886,1,0,synthetic_nearest_load_assumption,0,,over_50m
261,3,p5uhs1_1247--p5udt4629,p5uhs1_1247,load_p5ulv5254,p5ulv5254,82.204,1,0,synthetic_nearest_load_assumption,0,,over_50m
262,1,p5uhs1_1247--p5udt4629,p5uhs1_1247,load_p5ulv8579,p5ulv8579,43.506,1,1,synthetic_nearest_load_assumption,0,,over_50m
262,2,p5uhs3_1247--p5udt6366,p5uhs3_1247,load_p5ulv10674,p5ulv10674,52.947,1,0,synthetic_nearest_load_assumption,0,,over_50m
262,3,p5uhs1_1247--p5udt4629,p5uhs1_1247,load_p5ulv6228,p5ulv6228,57.516,1,0,synthetic_nearest_load_assumption,0,,over_50m
263,1,p5uhs1_1247--p5udt4629,p5uhs1_1247,load_p5ulv12387,p5ulv12387,54.117,1,1,synthetic_nearest_load_assumption,0,,over_50m
263,2,p5uhs3_1247--p5udt6366,p5uhs3_1247,load_p5ulv10674,p5ulv10674,58.027,1,0,synthetic_nearest_load_assumption,0,,over_50m
263,3,p5uhs3_1247--p5udt6366,p5uhs3_1247,load_p5ulv12201,p5ulv12201,75.251,1,0,synthetic_nearest_load_assumption,0,,over_50m
264,1,p5uhs3_1247--p5udt6366,p5uhs3_1247,load_p5ulv77994,p5ulv77994,31.982,1,1,synthetic_nearest_load_assumption,0,,over_50m
264,2,p5uhs3_1247--p5udt6366,p5uhs3_1247,load_p5ulv17917,p5ulv17917,42.073,1,0,synthetic_nearest_load_assumption,0,,over_50m
264,3,p5uhs3_1247--p5udt6366,p5uhs3_1247,load_p5ulv12202,p5ulv12202,42.798,1,0,synthetic_nearest_load_assumption,0,,over_50m
265,1,p5uhs3_1247--p5udt6366,p5uhs3_1247,load_p5ulv1561,p5ulv1561,31.381,1,1,synthetic_nearest_load_assumption,0,,over_50m
265,2,p5uhs3_1247--p5udt6366,p5uhs3_1247,load_p5ulv78002,p5ulv78002,53.07,1,0,synthetic_nearest_load_assumption,0,,over_50m
265,3,p5uhs3_1247--p5udt6366,p5uhs3_1247,load_p5ulv17722,p5ulv17722,54.243,1,0,synthetic_nearest_load_assumption,0,,over_50m
266,1,p5uhs3_1247--p5udt6366,p5uhs3_1247,load_p5ulv15298,p5ulv15298,32.74,1,1,synthetic_nearest_load_assumption,0,,over_50m
266,2,p5uhs3_1247--p5udt6366,p5uhs3_1247,load_p5ulv14416,p5ulv14416,57.731,1,0,synthetic_nearest_load_assumption,0,,over_50m
266,3,p5uhs3_1247--p5udt6366,p5uhs3_1247,load_p5ulv39623,p5ulv39623,58.073,1,0,synthetic_nearest_load_assumption,0,,over_50m
267,1,p5uhs3_1247--p5udt6002,p5uhs3_1247,load_p5ulv1738,p5ulv1738,40.63,1,1,synthetic_nearest_load_assumption,0,,over_50m
267,2,p5uhs3_1247--p5udt6366,p5uhs3_1247,load_p5ulv7306,p5ulv7306,55.447,1,0,synthetic_nearest_load_assumption,0,,over_50m
267,3,p5uhs3_1247--p5udt6366,p5uhs3_1247,load_p5ulv7305,p5ulv7305,61.193,1,0,synthetic_nearest_load_assumption,0,,over_50m
268,1,p5uhs3_1247--p5udt6002,p5uhs3_1247,load_p5ulv11073,p5ulv11073,20.087,1,1,synthetic_nearest_load_assumption,0,,over_50m
268,2,p5uhs3_1247--p5udt6002,p5uhs3_1247,load_p5ulv16056,p5ulv16056,50.077,1,0,synthetic_nearest_load_assumption,0,,over_50m
268,3,p5uhs3_1247--p5udt6002,p5uhs3_1247,load_p5ulv78004,p5ulv16056,50.077,1,0,synthetic_nearest_load_assumption,0,,over_50m
269,1,p5uhs1_1247--p5udt6240,p5uhs1_1247,load_p5ulv834,p5ulv834,33.48,1,1,synthetic_nearest_load_assumption,0,,over_50m
269,2,p5uhs1_1247--p5udt6240,p5uhs1_1247,load_p5ulv836,p5ulv836,49.901,1,0,synthetic_nearest_load_assumption,0,,over_50m
269,3,p5uhs1_1247--p5udt4629,p5uhs1_1247,load_p5ulv11474,p5ulv11474,50.242,1,0,synthetic_nearest_load_assumption,0,,over_50m
270,1,p5uhs8_1247--p5udt24709,p5uhs8_1247,load_p5ulv43631,p5ulv43631,30.687,1,1,synthetic_nearest_load_assumption,0,4261,provisional_spatial_candidate
270,2,p5uhs8_1247--p5udt24709,p5uhs8_1247,load_p5ulv23064,p5ulv23064,35.373,1,0,synthetic_nearest_load_assumption,0,4261,provisional_spatial_candidate
270,3,p5uhs8_1247--p5udt24709,p5uhs8_1247,load_p5ulv72807,p5ulv72807,39.518,1,0,synthetic_nearest_load_assumption,0,4261,provisional_spatial_candidate
271,1,p3uhs12_1247--p3udt14918,p3uhs12_1247,load_p3ulv34532,p3ulv34532,30.649,1,1,synthetic_nearest_load_assumption,0,,over_50m
271,2,p3uhs12_1247--p3udt14513,p3uhs12_1247,load_p3ulv42253,p3ulv42253,31.367,1,0,synthetic_nearest_load_assumption,0,,over_50m
271,3,p3uhs12_1247--p3udt14918,p3uhs12_1247,load_p3ulv49230,p3ulv49230,51.943,1,0,synthetic_nearest_load_assumption,0,,over_50m
272,1,p5uhs1_1247--p5udt4629,p5uhs1_1247,load_p5ulv5259,p5ulv5259,47.029,1,1,synthetic_nearest_load_assumption,0,3051,provisional_spatial_candidate
272,2,p5uhs1_1247--p5udt4629,p5uhs1_1247,load_p5ulv9901,p5ulv9901,57.065,1,0,synthetic_nearest_load_assumption,0,3051,provisional_spatial_candidate
272,3,p5uhs1_1247--p5udt4629,p5uhs1_1247,load_p5ulv18106,p5ulv18106,58.624,1,0,synthetic_nearest_load_assumption,0,3051,provisional_spatial_candidate
273,1,p5uhs1_1247--p5udt4629,p5uhs1_1247,load_p5ulv8239,p5ulv8239,56.885,1,1,synthetic_nearest_load_assumption,0,,over_50m
273,2,p5uhs1_1247--p5udt4629,p5uhs1_1247,load_p5ulv68173,p5ulv68173,61.437,1,0,synthetic_nearest_load_assumption,0,,over_50m
273,3,p5uhs1_1247--p5udt4629,p5uhs1_1247,load_p5ulv7502,p5ulv7502,61.689,1,0,synthetic_nearest_load_assumption,0,,over_50m
274,1,p5uhs3_1247--p5udt6366,p5uhs3_1247,load_p5ulv12197,p5ulv12197,64.977,1,1,synthetic_nearest_load_assumption,0,3322,provisional_spatial_candidate
274,2,p5uhs1_1247--p5udt4629,p5uhs1_1247,load_p5ulv12387,p5ulv12387,72.013,1,0,synthetic_nearest_load_assumption,0,3322,provisional_spatial_candidate
274,3,p5uhs3_1247--p5udt6366,p5uhs3_1247,load_p5ulv2864,p5ulv2864,74.359,1,0,synthetic_nearest_load_assumption,0,3322,provisional_spatial_candidate
275,1,p5uhs3_1247--p5udt6366,p5uhs3_1247,load_p5ulv3449,p5ulv3449,29.116,1,1,synthetic_nearest_load_assumption,0,3301,provisional_spatial_candidate
275,2,p5uhs3_1247--p5udt6366,p5uhs3_1247,load_p5ulv78001,p5ulv78001,32.145,1,0,synthetic_nearest_load_assumption,0,3301,provisional_spatial_candidate
275,3,p5uhs3_1247--p5udt6366,p5uhs3_1247,load_p5ulv12198,p5ulv12198,45.199,1,0,synthetic_nearest_load_assumption,0,3301,provisional_spatial_candidate
276,1,p5uhs3_1247--p5udt6366,p5uhs3_1247,load_p5ulv78003,p5ulv78003,19.668,1,1,synthetic_nearest_load_assumption,0,3321,provisional_spatial_candidate
276,2,p5uhs3_1247--p5udt6366,p5uhs3_1247,load_p5ulv14781,p5ulv14781,34.975,1,0,synthetic_nearest_load_assumption,0,3321,provisional_spatial_candidate
276,3,p5uhs3_1247--p5udt6366,p5uhs3_1247,load_p5ulv14779,p5ulv14779,54.647,1,0,synthetic_nearest_load_assumption,0,3321,provisional_spatial_candidate
277,1,p5uhs3_1247--p5udt6366,p5uhs3_1247,load_p5ulv5849,p5ulv5849,31.744,1,1,synthetic_nearest_load_assumption,0,3305,provisional_spatial_candidate
277,2,p5uhs3_1247--p5udt6366,p5uhs3_1247,load_p5ulv7304,p5ulv7304,59.41,1,0,synthetic_nearest_load_assumption,0,3305,provisional_spatial_candidate
277,3,p5uhs3_1247--p5udt6366,p5uhs3_1247,load_p5ulv1019,p5ulv1019,61.427,1,0,synthetic_nearest_load_assumption,0,3305,provisional_spatial_candidate
278,1,p5uhs3_1247--p5udt7453,p5uhs3_1247,load_p5umv23,p5umv23,69.854,1,1,synthetic_nearest_load_assumption,0,3333,provisional_spatial_candidate
278,2,p5uhs3_1247--p5udt7453,p5uhs3_1247,load_p5ulv77121,p5ulv77121,87.352,1,0,synthetic_nearest_load_assumption,0,3333,provisional_spatial_candidate
278,3,p5uhs3_1247--p5udt7453,p5uhs3_1247,load_p5umv61,p5umv61,93.158,1,0,synthetic_nearest_load_assumption,0,3333,provisional_spatial_candidate
279,1,p5uhs1_1247--p5udt4788,p5uhs1_1247,load_p5ulv8782,p5ulv8782,24.396,1,1,synthetic_nearest_load_assumption,0,3054,provisional_spatial_candidate
279,2,p5uhs1_1247--p5udt4788,p5uhs1_1247,load_p5ulv6219,p5ulv6219,28.009,1,0,synthetic_nearest_load_assumption,0,3054,provisional_spatial_candidate
279,3,p5uhs1_1247--p5udt4788,p5uhs1_1247,load_p5ulv4333,p5ulv4333,28.625,1,0,synthetic_nearest_load_assumption,0,3054,provisional_spatial_candidate
280,1,p5uhs3_1247--p5udt7453,p5uhs3_1247,load_p5ulv78373,p5ulv78373,65.873,1,1,synthetic_nearest_load_assumption,0,3167,provisional_spatial_candidate
280,2,p5uhs3_1247--p5udt7453,p5uhs3_1247,load_p5umv27,p5umv27,68.952,1,0,synthetic_nearest_load_assumption,0,3167,provisional_spatial_candidate
280,3,p5uhs3_1247--p5udt7453,p5uhs3_1247,load_p5ulv37973,p5ulv37973,102.571,1,0,synthetic_nearest_load_assumption,0,3167,provisional_spatial_candidate
281,1,p5uhs1_1247--p5udt4629,p5uhs1_1247,load_p5ulv4340,p5ulv4340,43.243,1,1,synthetic_nearest_load_assumption,0,,over_50m
281,2,p5uhs1_1247--p5udt4629,p5uhs1_1247,load_p5ulv32403,p5ulv32403,56.342,1,0,synthetic_nearest_load_assumption,0,,over_50m
281,3,p5uhs1_1247--p5udt4629,p5uhs1_1247,load_p5ulv10104,p5ulv10104,56.555,1,0,synthetic_nearest_load_assumption,0,,over_50m
282,1,p5uhs1_1247--p5udt4629,p5uhs1_1247,load_p5ulv32403,p5ulv32403,55.536,1,1,synthetic_nearest_load_assumption,0,,over_50m
282,2,p5uhs1_1247--p5udt4629,p5uhs1_1247,load_p5ulv6777,p5ulv6777,56.785,1,0,synthetic_nearest_load_assumption,0,,over_50m
282,3,p5uhs1_1247--p5udt4629,p5uhs1_1247,load_p5ulv14778,p5ulv14778,68.822,1,0,synthetic_nearest_load_assumption,0,,over_50m
283,1,p5uhs1_1247--p5udt4629,p5uhs1_1247,load_p5ulv8792,p5ulv8792,14.863,1,1,synthetic_nearest_load_assumption,0,,over_50m
283,2,p5uhs1_1247--p5udt4629,p5uhs1_1247,load_p5ulv15297,p5ulv15297,56.804,1,0,synthetic_nearest_load_assumption,0,,over_50m
283,3,p5uhs3_1247--p5udt6366,p5uhs3_1247,load_p5ulv19233,p5ulv19233,60.353,1,0,synthetic_nearest_load_assumption,0,,over_50m
284,1,p5uhs3_1247--p5udt6366,p5uhs3_1247,load_p5ulv78000,p5ulv78000,26.737,1,1,synthetic_nearest_load_assumption,0,,over_50m
284,2,p5uhs3_1247--p5udt6366,p5uhs3_1247,load_p5ulv1924,p5ulv1924,28.383,1,0,synthetic_nearest_load_assumption,0,,over_50m
284,3,p5uhs3_1247--p5udt6366,p5uhs3_1247,load_p5ulv77987,p5ulv77987,30.879,1,0,synthetic_nearest_load_assumption,0,,over_50m
285,1,p5uhs3_1247--p5udt6366,p5uhs3_1247,load_p5umv58,p5umv58,18.326,1,1,synthetic_nearest_load_assumption,0,,over_50m
285,2,p5uhs3_1247--p5udt6366,p5uhs3_1247,load_p5ulv12020,p5ulv12020,32.761,1,0,synthetic_nearest_load_assumption,0,,over_50m
285,3,p5uhs3_1247--p5udt6366,p5uhs3_1247,load_p5ulv9196,p5ulv9196,64.128,1,0,synthetic_nearest_load_assumption,0,,over_50m
286,1,p5uhs3_1247--p5udt6366,p5uhs3_1247,load_p5ulv49642,p5ulv49642,24.162,1,1,synthetic_nearest_load_assumption,0,,over_50m
286,2,p5uhs3_1247--p5udt6366,p5uhs3_1247,load_p5ulv10108,p5ulv10108,29.628,1,0,synthetic_nearest_load_assumption,0,,over_50m
286,3,p5uhs3_1247--p5udt6366,p5uhs3_1247,load_p5ulv7304,p5ulv7304,55.546,1,0,synthetic_nearest_load_assumption,0,,over_50m
287,1,p5uhs3_1247--p5udt6366,p5uhs3_1247,load_p5ulv1388,p5ulv1388,82.988,1,1,synthetic_nearest_load_assumption,0,,over_50m
287,2,p5uhs3_1247--p5udt6366,p5uhs3_1247,load_p5ulv16967,p5ulv16967,89.38,1,0,synthetic_nearest_load_assumption,0,,over_50m
287,3,p5uhs3_1247--p5udt6002,p5uhs3_1247,load_p5ulv10895,p5ulv10895,89.395,1,0,synthetic_nearest_load_assumption,0,,over_50m
288,1,p5uhs3_1247--p5udt7453,p5uhs3_1247,load_p5ulv77707,p5ulv77707,37.706,1,1,synthetic_nearest_load_assumption,0,,over_50m
288,2,p5uhs3_1247--p5udt7453,p5uhs3_1247,load_p5ulv1931,p5ulv1931,52.433,1,0,synthetic_nearest_load_assumption,0,,over_50m
288,3,p5uhs3_1247--p5udt7453,p5uhs3_1247,load_p5ulv13357,p5ulv13357,53.205,1,0,synthetic_nearest_load_assumption,0,,over_50m
289,1,p5uhs3_1247--p5udt2481,p5uhs3_1247,load_p5ulv7506,p5ulv7506,16.128,1,1,synthetic_nearest_load_assumption,0,,over_50m
289,2,p5uhs3_1247--p5udt2481,p5uhs3_1247,load_p5ulv471,p5ulv471,16.723,1,0,synthetic_nearest_load_assumption,0,,over_50m
289,3,p5uhs3_1247--p5udt2481,p5uhs3_1247,load_p5ulv77547,p5ulv77547,24.328,1,0,synthetic_nearest_load_assumption,0,,over_50m
290,1,p5uhs1_1247--p5udt4629,p5uhs1_1247,load_p5ulv18656,p5ulv18656,46.583,1,1,synthetic_nearest_load_assumption,0,3049,provisional_spatial_candidate
290,2,p5uhs1_1247--p5udt4629,p5uhs1_1247,load_p5ulv17521,p5ulv17521,56.935,1,0,synthetic_nearest_load_assumption,0,3049,provisional_spatial_candidate
290,3,p5uhs1_1247--p5udt4629,p5uhs1_1247,load_p5ulv17328,p5ulv17328,58.891,1,0,synthetic_nearest_load_assumption,0,3049,provisional_spatial_candidate
291,1,p5uhs1_1247--p5udt4629,p5uhs1_1247,load_p5ulv6777,p5ulv6777,52.295,1,1,synthetic_nearest_load_assumption,0,,over_50m
291,2,p5uhs1_1247--p5udt4629,p5uhs1_1247,load_p5ulv4512,p5ulv4512,54.081,1,0,synthetic_nearest_load_assumption,0,,over_50m
291,3,p5uhs1_1247--p5udt4629,p5uhs1_1247,load_p5ulv1919,p5ulv1919,67.241,1,0,synthetic_nearest_load_assumption,0,,over_50m
292,1,p5uhs1_1247--p5udt4629,p5uhs1_1247,load_p5ulv4513,p5ulv4513,32.058,1,1,synthetic_nearest_load_assumption,0,3297,provisional_spatial_candidate
292,2,p5uhs1_1247--p5udt4629,p5uhs1_1247,load_p5ulv77983,p5ulv77983,36.098,1,0,synthetic_nearest_load_assumption,0,3297,provisional_spatial_candidate
292,3,p5uhs1_1247--p5udt4629,p5uhs1_1247,load_p5ulv15297,p5ulv15297,55.504,1,0,synthetic_nearest_load_assumption,0,3297,provisional_spatial_candidate
293,1,p5uhs3_1247--p5udt6366,p5uhs3_1247,load_p5ulv77997,p5ulv77997,23.177,1,1,synthetic_nearest_load_assumption,0,3300,provisional_spatial_candidate
293,2,p5uhs3_1247--p5udt6366,p5uhs3_1247,load_p5ulv77429,p5ulv77429,46.878,1,0,synthetic_nearest_load_assumption,0,3300,provisional_spatial_candidate
293,3,p5uhs3_1247--p5udt6366,p5uhs3_1247,load_p5ulv77996,p5ulv77996,51.371,1,0,synthetic_nearest_load_assumption,0,3300,provisional_spatial_candidate
294,1,p5uhs3_1247--p5udt6366,p5uhs3_1247,load_p5ulv685,p5ulv685,21.151,1,1,synthetic_nearest_load_assumption,0,3304,provisional_spatial_candidate
294,2,p5uhs3_1247--p5udt2480,p5uhs3_1247,load_p5ulv77444,p5ulv77444,32.701,1,0,synthetic_nearest_load_assumption,0,3304,provisional_spatial_candidate
294,3,p5uhs3_1247--p5udt6366,p5uhs3_1247,load_p5ulv12022,p5ulv12022,41.412,1,0,synthetic_nearest_load_assumption,0,3304,provisional_spatial_candidate
295,1,p5uhs3_1247--p5udt2480,p5uhs3_1247,load_p5ulv13549,p5ulv13549,58.464,1,1,synthetic_nearest_load_assumption,0,3306,provisional_spatial_candidate
295,2,p5uhs3_1247--p5udt7453,p5uhs3_1247,load_p5ulv16795,p5ulv16795,60.366,1,0,synthetic_nearest_load_assumption,0,3306,provisional_spatial_candidate
295,3,p5uhs3_1247--p5udt7453,p5uhs3_1247,load_p5ulv77552,p5ulv77552,62.299,1,0,synthetic_nearest_load_assumption,0,3306,provisional_spatial_candidate
296,1,p5uhs3_1247--p5udt2480,p5uhs3_1247,load_p5ulv15714,p5ulv15714,50.978,1,1,synthetic_nearest_load_assumption,0,,over_50m
296,2,p5uhs3_1247--p5udt2481,p5uhs3_1247,load_p5ulv12025,p5ulv12025,54.855,1,0,synthetic_nearest_load_assumption,0,,over_50m
296,3,p5uhs3_1247--p5udt2480,p5uhs3_1247,load_p5ulv16792,p5ulv16792,57.126,1,0,synthetic_nearest_load_assumption,0,,over_50m
297,1,p5uhs3_1247--p5udt2481,p5uhs3_1247,load_p5ulv18111,p5ulv18111,13.914,1,1,synthetic_nearest_load_assumption,0,3353,provisional_spatial_candidate
297,2,p5uhs3_1247--p5udt2481,p5uhs3_1247,load_p5ulv9748,p5ulv9748,34.132,1,0,synthetic_nearest_load_assumption,0,3353,provisional_spatial_candidate
297,3,p5uhs3_1247--p5udt2481,p5uhs3_1247,load_p5ulv77533,p5ulv77533,43.787,1,0,synthetic_nearest_load_assumption,0,3353,provisional_spatial_candidate
298,1,p5uhs1_1247--p5udt4788,p5uhs1_1247,load_p5ulv18850,p5ulv18850,20.895,1,1,synthetic_nearest_load_assumption,0,,over_50m
298,2,p5uhs1_1247--p5udt4788,p5uhs1_1247,load_p5ulv77959,p5ulv77959,41.464,1,0,synthetic_nearest_load_assumption,0,,over_50m
298,3,p5uhs1_1247--p5udt4788,p5uhs1_1247,load_p5ulv18274,p5ulv18274,48.654,1,0,synthetic_nearest_load_assumption,0,,over_50m
299,1,p5uhs1_1247--p5udt4629,p5uhs1_1247,load_p5ulv18099,p5ulv18099,21.359,1,1,synthetic_nearest_load_assumption,0,,over_50m
299,2,p5uhs1_1247--p5udt4629,p5uhs1_1247,load_p5ulv10669,p5ulv10669,33.732,1,0,synthetic_nearest_load_assumption,0,,over_50m
299,3,p5uhs1_1247--p5udt4788,p5uhs1_1247,load_p5ulv2855,p5ulv2855,35.924,1,0,synthetic_nearest_load_assumption,0,,over_50m
300,1,p5uhs1_1247--p5udt4629,p5uhs1_1247,load_p5ulv6577,p5ulv6577,44.513,1,1,synthetic_nearest_load_assumption,0,3053,provisional_spatial_candidate
300,2,p5uhs1_1247--p5udt4629,p5uhs1_1247,load_p5ulv17521,p5ulv17521,53.912,1,0,synthetic_nearest_load_assumption,0,3053,provisional_spatial_candidate
300,3,p5uhs1_1247--p5udt4629,p5uhs1_1247,load_p5ulv14252,p5ulv14252,59.832,1,0,synthetic_nearest_load_assumption,0,3053,provisional_spatial_candidate
301,1,p5uhs1_1247--p5udt4629,p5uhs1_1247,load_p5ulv6581,p5ulv6581,30.887,1,1,synthetic_nearest_load_assumption,0,,over_50m
301,2,p5uhs1_1247--p5udt4629,p5uhs1_1247,load_p5ulv6580,p5ulv6580,41.577,1,0,synthetic_nearest_load_assumption,0,,over_50m
301,3,p5uhs1_1247--p5udt4629,p5uhs1_1247,load_p5ulv1919,p5ulv1919,61.035,1,0,synthetic_nearest_load_assumption,0,,over_50m
302,1,p5uhs1_1247--p5udt4629,p5uhs1_1247,load_p5ulv14955,p5ulv14955,34.208,1,1,synthetic_nearest_load_assumption,0,3332,provisional_spatial_candidate
302,2,p5uhs1_1247--p5udt4629,p5uhs1_1247,load_p5ulv77428,p5ulv77428,44.188,1,0,synthetic_nearest_load_assumption,0,3332,provisional_spatial_candidate
302,3,p5uhs3_1247--p5udt7453,p5uhs3_1247,load_p5ulv3633,p5ulv3633u,77.076,1,0,synthetic_nearest_load_assumption,0,3332,provisional_spatial_candidate
303,1,p5uhs3_1247--p5udt6366,p5uhs3_1247,load_p5ulv77443,p5ulv77443,21.55,1,1,synthetic_nearest_load_assumption,0,3327,provisional_spatial_candidate
303,2,p5uhs3_1247--p5udt7453,p5uhs3_1247,load_p5ulv18450,p5ulv18450,41.556,1,0,synthetic_nearest_load_assumption,0,3327,provisional_spatial_candidate
303,3,p5uhs3_1247--p5udt6366,p5uhs3_1247,load_p5ulv684,p5ulv684,43.242,1,0,synthetic_nearest_load_assumption,0,3327,provisional_spatial_candidate
304,1,p5uhs3_1247--p5udt2480,p5uhs3_1247,load_p5ulv77411,p5ulv77411,15.69,1,1,synthetic_nearest_load_assumption,0,3336,provisional_spatial_candidate
304,2,p5uhs3_1247--p5udt2480,p5uhs3_1247,load_p5ulv77441,p5ulv77441,19.813,1,0,synthetic_nearest_load_assumption,0,3336,provisional_spatial_candidate
304,3,p5uhs3_1247--p5udt2480,p5uhs3_1247,load_p5ulv1199,p5ulv1199,21.508,1,0,synthetic_nearest_load_assumption,0,3336,provisional_spatial_candidate
305,1,p5uhs3_1247--p5udt2480,p5uhs3_1247,load_p5ulv16796,p5ulv16796,18.966,1,1,synthetic_nearest_load_assumption,0,3311,provisional_spatial_candidate
305,2,p5uhs3_1247--p5udt2480,p5uhs3_1247,load_p5ulv77412,p5ulv77412,31.809,1,0,synthetic_nearest_load_assumption,0,3311,provisional_spatial_candidate
305,3,p5uhs3_1247--p5udt2480,p5uhs3_1247,load_p5ulv77413,p5ulv77413,35.053,1,0,synthetic_nearest_load_assumption,0,3311,provisional_spatial_candidate
306,1,p5uhs3_1247--p5udt2480,p5uhs3_1247,load_p5ulv77550,p5ulv77550,29.101,1,1,synthetic_nearest_load_assumption,0,,over_50m
306,2,p5uhs3_1247--p5udt2480,p5uhs3_1247,load_p5ulv77551,p5ulv77551,31.47,1,0,synthetic_nearest_load_assumption,0,,over_50m
306,3,p5uhs3_1247--p5udt2480,p5uhs3_1247,load_p5ulv3071,p5ulv3071,32.258,1,0,synthetic_nearest_load_assumption,0,,over_50m
307,1,p5uhs3_1247--p5udt7358,p5uhs3_1247,load_p5ulv12590,p5ulv12590,20.402,1,1,synthetic_nearest_load_assumption,0,,over_50m
307,2,p5uhs3_1247--p5udt2481,p5uhs3_1247,load_p5ulv77542,p5ulv77542,28.198,1,0,synthetic_nearest_load_assumption,0,,over_50m
307,3,p5uhs3_1247--p5udt2480,p5uhs3_1247,load_p5ulv77549,p5ulv77549,30.637,1,0,synthetic_nearest_load_assumption,0,,over_50m
308,1,p5uhs3_1247--p5udt2481,p5uhs3_1247,load_p5ulv3629,p5ulv3629,30.943,1,1,synthetic_nearest_load_assumption,0,3323,provisional_spatial_candidate
308,2,p5uhs3_1247--p5udt2481,p5uhs3_1247,load_p5ulv7309,p5ulv7309,32.56,1,0,synthetic_nearest_load_assumption,0,3323,provisional_spatial_candidate
308,3,p5uhs3_1247--p5udt2481,p5uhs3_1247,load_p5ulv3067,p5ulv3067,36.815,1,0,synthetic_nearest_load_assumption,0,3323,provisional_spatial_candidate
309,1,p5uhs1_1247--p5udt4788,p5uhs1_1247,load_p5ulv7693,p5ulv7693,17.738,1,1,synthetic_nearest_load_assumption,0,,over_50m
309,2,p5uhs1_1247--p5udt4788,p5uhs1_1247,load_p5ulv6388,p5ulv6388,54.071,1,0,synthetic_nearest_load_assumption,0,,over_50m
309,3,p5uhs1_1247--p5udt4788,p5uhs1_1247,load_p5ulv38531,p5ulv38531,60.471,1,0,synthetic_nearest_load_assumption,0,,over_50m
310,1,p5uhs1_1247--p5udt4629,p5uhs1_1247,load_p5ulv78372,p5ulv78372,20.197,1,1,synthetic_nearest_load_assumption,0,,over_50m
310,2,p5uhs1_1247--p5udt4629,p5uhs1_1247,load_p5ulv28568,p5ulv28568,23.914,1,0,synthetic_nearest_load_assumption,0,,over_50m
310,3,p5uhs1_1247--p5udt4629,p5uhs1_1247,load_p5ulv1934,p5ulv1934,32.522,1,0,synthetic_nearest_load_assumption,0,,over_50m
311,1,p5uhs7_1247--p5udt1899,p5uhs7_1247,load_p5ulv4786,p5ulv4786,37.24,1,1,synthetic_nearest_load_assumption,0,3483,provisional_spatial_candidate
311,2,p5uhs7_1247--p5udt1899,p5uhs7_1247,load_p5ulv1822,p5ulv1822,48.847,1,0,synthetic_nearest_load_assumption,0,3483,provisional_spatial_candidate
311,3,p5uhs7_1247--p5udt1899,p5uhs7_1247,load_p5ulv10778,p5ulv10778,61.442,1,0,synthetic_nearest_load_assumption,0,3483,provisional_spatial_candidate
312,1,p5uhs3_1247--p5udt7453,p5uhs3_1247,load_p5ulv11852,p5ulv11852,16.216,1,1,synthetic_nearest_load_assumption,0,,over_50m
312,2,p5uhs3_1247--p5udt7453,p5uhs3_1247,load_p5ulv54725,p5ulv54725,36.965,1,0,synthetic_nearest_load_assumption,0,,over_50m
312,3,p5uhs3_1247--p5udt7453,p5uhs3_1247,load_p5ulv1933,p5ulv1933,52.226,1,0,synthetic_nearest_load_assumption,0,,over_50m
313,1,p5uhs3_1247--p5udt7453,p5uhs3_1247,load_p5ulv1937,p5ulv1937,34.35,1,1,synthetic_nearest_load_assumption,0,,ambiguous_nearby_nodes
313,2,p5uhs3_1247--p5udt7453,p5uhs3_1247,load_p5ulv77421,p5ulv77421,53.212,1,0,synthetic_nearest_load_assumption,0,,ambiguous_nearby_nodes
313,3,p5uhs3_1247--p5udt7453,p5uhs3_1247,load_p5ulv77425,p5ulv77425,59.214,1,0,synthetic_nearest_load_assumption,0,,ambiguous_nearby_nodes
314,1,p5uhs3_1247--p5udt7453,p5uhs3_1247,load_p5ulv77424,p5ulv77424,20.666,1,1,synthetic_nearest_load_assumption,0,3326,provisional_spatial_candidate
314,2,p5uhs3_1247--p5udt7453,p5uhs3_1247,load_p5ulv5856,p5ulv5856,21.632,1,0,synthetic_nearest_load_assumption,0,3326,provisional_spatial_candidate
314,3,p5uhs3_1247--p5udt7453,p5uhs3_1247,load_p5ulv77436,p5ulv77436,22.159,1,0,synthetic_nearest_load_assumption,0,3326,provisional_spatial_candidate
315,1,p5uhs3_1247--p5udt2480,p5uhs3_1247,load_p5ulv77437,p5ulv77437,40.339,1,1,synthetic_nearest_load_assumption,0,3329,provisional_spatial_candidate
315,2,p5uhs3_1247--p5udt2480,p5uhs3_1247,load_p5ulv16593,p5ulv16593,42.388,1,0,synthetic_nearest_load_assumption,0,3329,provisional_spatial_candidate
315,3,p5uhs3_1247--p5udt2480,p5uhs3_1247,load_p5ulv14421,p5ulv14421,59.778,1,0,synthetic_nearest_load_assumption,0,3329,provisional_spatial_candidate
316,1,p5uhs3_1247--p5udt7358,p5uhs3_1247,load_p5ulv77419,p5ulv77419,14.853,1,1,synthetic_nearest_load_assumption,0,3302,provisional_spatial_candidate
316,2,p5uhs3_1247--p5udt7358,p5uhs3_1247,load_p5ulv77418,p5ulv77418,44.838,1,0,synthetic_nearest_load_assumption,0,3302,provisional_spatial_candidate
316,3,p5uhs3_1247--p5udt7358,p5uhs3_1247,load_p5ulv17158,p5ulv17158,49.827,1,0,synthetic_nearest_load_assumption,0,3302,provisional_spatial_candidate
317,1,p5uhs3_1247--p5udt7358,p5uhs3_1247,load_p5ulv6034,p5ulv6034,29.453,1,1,synthetic_nearest_load_assumption,0,,over_50m
317,2,p5uhs3_1247--p5udt7358,p5uhs3_1247,load_p5ulv4342,p5ulv4342,30.69,1,0,synthetic_nearest_load_assumption,0,,over_50m
317,3,p5uhs3_1247--p5udt7358,p5uhs3_1247,load_p5ulv78460,p5ulv78460,59.423,1,0,synthetic_nearest_load_assumption,0,,over_50m
318,1,p5uhs3_1247--p5udt2481,p5uhs3_1247,load_p5ulv3810,p5ulv3810,26.965,1,1,synthetic_nearest_load_assumption,0,,over_50m
318,2,p5uhs3_1247--p5udt2481,p5uhs3_1247,load_p5ulv9574,p5ulv9574,31.496,1,0,synthetic_nearest_load_assumption,0,,over_50m
318,3,p5uhs3_1247--p5udt2481,p5uhs3_1247,load_p5ulv7504,p5ulv7504,34.914,1,0,synthetic_nearest_load_assumption,0,,over_50m
319,1,p5uhs3_1247--p5udt2481,p5uhs3_1247,load_p5ulv78462,p5ulv78462,61.46,1,1,synthetic_nearest_load_assumption,0,3344,provisional_spatial_candidate
319,2,p5uhs3_1247--p5udt2481,p5uhs3_1247,load_p5ulv12585,p5ulv12585,61.523,1,0,synthetic_nearest_load_assumption,0,3344,provisional_spatial_candidate
319,3,p5uhs3_1247--p5udt2481,p5uhs3_1247,load_p5ulv77535,p5ulv77535,79.059,1,0,synthetic_nearest_load_assumption,0,3344,provisional_spatial_candidate
320,1,p5uhs3_1247--p5udt7453,p5uhs3_1247,load_p5ulv11849,p5ulv11849,43.43,1,1,synthetic_nearest_load_assumption,0,3330,provisional_spatial_candidate
320,2,p5uhs3_1247--p5udt7358,p5uhs3_1247,load_p5ulv9578,p5ulv9578,51.901,1,0,synthetic_nearest_load_assumption,0,3330,provisional_spatial_candidate
320,3,p5uhs3_1247--p5udt2480,p5uhs3_1247,load_p5umv110,p5umv110,67.644,1,0,synthetic_nearest_load_assumption,0,3330,provisional_spatial_candidate
321,1,p5uhs3_1247--p5udt7453,p5uhs3_1247,load_p5ulv77709,p5ulv77709,48.064,1,1,synthetic_nearest_load_assumption,0,3024,provisional_spatial_candidate
321,2,p5uhs3_1247--p5udt7453,p5uhs3_1247,load_p5ulv7116,p5ulv7116,51.874,1,0,synthetic_nearest_load_assumption,0,3024,provisional_spatial_candidate
321,3,p5uhs3_1247--p5udt7453,p5uhs3_1247,load_p5ulv6781,p5ulv6781,62.335,1,0,synthetic_nearest_load_assumption,0,3024,provisional_spatial_candidate
322,1,p2uhs4_1247--p2udt7573,p2uhs4_1247,load_p2ulv6998,p2ulv6998,60.937,1,1,synthetic_nearest_load_assumption,0,,over_50m
322,2,p2uhs4_1247--p2udt7573,p2uhs4_1247,load_p2ulv11253,p2ulv11253,65.08,1,0,synthetic_nearest_load_assumption,0,,over_50m
322,3,p2uhs4_1247--p2udt7573,p2uhs4_1247,load_p2ulv1671,p2ulv1671,72.055,1,0,synthetic_nearest_load_assumption,0,,over_50m
324,1,p3uhs11_1247--p3udt27353,p3uhs11_1247,load_p3ulv11481,p3ulv11481,46.768,1,1,synthetic_nearest_load_assumption,0,2521,provisional_spatial_candidate
324,2,p3uhs11_1247--p3udt27353,p3uhs11_1247,load_p3ulv56455,p3ulv56455,58.404,1,0,synthetic_nearest_load_assumption,0,2521,provisional_spatial_candidate
324,3,p3uhs11_1247--p3udt27353,p3uhs11_1247,load_p3ulv67133,p3ulv67133,64.461,1,0,synthetic_nearest_load_assumption,0,2521,provisional_spatial_candidate
325,1,p5uhs3_1247--p5udt7453,p5uhs3_1247,load_p5ulv4695,p5ulv4695,54.815,1,1,synthetic_nearest_load_assumption,0,,over_50m
325,2,p5uhs3_1247--p5udt7453,p5uhs3_1247,load_p5ulv6781,p5ulv6781,55.545,1,0,synthetic_nearest_load_assumption,0,,over_50m
325,3,p5uhs3_1247--p5udt7453,p5uhs3_1247,load_p5ulv7116,p5ulv7116,56.547,1,0,synthetic_nearest_load_assumption,0,,over_50m
326,1,p5uhs3_1247--p5udt7453,p5uhs3_1247,load_p5ulv13160,p5ulv13160,60.409,1,1,synthetic_nearest_load_assumption,0,,over_50m
326,2,p5uhs3_1247--p5udt7453,p5uhs3_1247,load_p5ulv13159,p5ulv13159,72.675,1,0,synthetic_nearest_load_assumption,0,,over_50m
326,3,p5uhs3_1247--p5udt7453,p5uhs3_1247,load_p5umv60,p5umv60,74.511,1,0,synthetic_nearest_load_assumption,0,,over_50m
327,1,p5uhs6_1247--p5udt3745,p5uhs6_1247,load_p5ulv62032,p5ulv62032,111.602,1,1,synthetic_nearest_load_assumption,0,,over_50m
327,2,p5uhs6_1247--p5udt3745,p5uhs6_1247,load_p5ulv35669,p5ulv35669,144.788,1,0,synthetic_nearest_load_assumption,0,,over_50m
327,3,p5uhs6_1247--p5udt3745,p5uhs6_1247,load_p5ulv64849,p5ulv64849,151.889,1,0,synthetic_nearest_load_assumption,0,,over_50m
328,1,p5uhs3_1247--p5udt7358,p5uhs3_1247,load_p5ulv5649,p5ulv5649,30.986,1,1,synthetic_nearest_load_assumption,0,,over_50m
328,2,p5uhs3_1247--p5udt7358,p5uhs3_1247,load_p5ulv8795,p5ulv8795,36.066,1,0,synthetic_nearest_load_assumption,0,,over_50m
328,3,p5uhs3_1247--p5udt7358,p5uhs3_1247,load_p5ulv9579,p5ulv9579,47.041,1,0,synthetic_nearest_load_assumption,0,,over_50m
329,1,p5uhs2_1247--p5udt6874,p5uhs2_1247,load_p5ulv77948,p5ulv77948,20.761,1,1,synthetic_nearest_load_assumption,0,,over_50m
329,2,p5uhs2_1247--p5udt6874,p5uhs2_1247,load_p5ulv17136,p5ulv17136,29.505,1,0,synthetic_nearest_load_assumption,0,,over_50m
329,3,p5uhs2_1247--p5udt6874,p5uhs2_1247,load_p5ulv12187,p5ulv12187,32.844,1,0,synthetic_nearest_load_assumption,0,,over_50m
330,1,p5uhs3_1247--p5udt6002,p5uhs3_1247,load_p5ulv16116,p5ulv16116,88.579,1,1,synthetic_nearest_load_assumption,0,3358,provisional_spatial_candidate
330,2,p5uhs3_1247--p5udt6002,p5uhs3_1247,load_p5ulv77839,p5ulv77839,102.969,1,0,synthetic_nearest_load_assumption,0,3358,provisional_spatial_candidate
330,3,p5uhs3_1247--p5udt6002,p5uhs3_1247,load_p5ulv7756,p5ulv7756,105.407,1,0,synthetic_nearest_load_assumption,0,3358,provisional_spatial_candidate
332,1,p5uhs3_1247--p5udt7453,p5uhs3_1247,load_p5umv14,p5umv14,42.446,1,1,synthetic_nearest_load_assumption,0,,over_50m
332,2,p5uhs3_1247--p5udt7453,p5uhs3_1247,load_p5ulv7699,p5ulv7699,52.836,1,0,synthetic_nearest_load_assumption,0,,over_50m
332,3,p5uhs3_1247--p5udt7453,p5uhs3_1247,load_p5umv42,p5umv42,59.009,1,0,synthetic_nearest_load_assumption,0,,over_50m
333,1,p3uhs8_1247--p3udt23566,p3uhs8_1247,load_p3ulv30965,p3ulv30965,24.268,1,1,synthetic_nearest_load_assumption,0,,over_50m
333,2,p3uhs8_1247--p3udt23566,p3uhs8_1247,load_p3ulv67170,p3ulv67170,30.907,1,0,synthetic_nearest_load_assumption,0,,over_50m
333,3,p3uhs8_1247--p3udt23566,p3uhs8_1247,load_p3ulv30963,p3ulv30963,34.136,1,0,synthetic_nearest_load_assumption,0,,over_50m
334,1,p5uhs3_1247--p5udt2481,p5uhs3_1247,load_p5ulv7864,p5ulv7864,69.515,1,1,synthetic_nearest_load_assumption,0,,over_50m
334,2,p5uhs3_1247--p5udt2481,p5uhs3_1247,load_p5ulv14094,p5ulv14094,83.887,1,0,synthetic_nearest_load_assumption,0,,over_50m
334,3,p5uhs3_1247--p5udt2481,p5uhs3_1247,load_p5ulv18458,p5ulv18458,101.502,1,0,synthetic_nearest_load_assumption,0,,over_50m
335,1,p5uhs3_1247--p5udt2481,p5uhs3_1247,load_p5ulv18864,p5ulv18864,33.303,1,1,synthetic_nearest_load_assumption,0,3351,provisional_spatial_candidate
335,2,p5uhs3_1247--p5udt2481,p5uhs3_1247,load_p5ulv18863,p5ulv18863,34.749,1,0,synthetic_nearest_load_assumption,0,3351,provisional_spatial_candidate
335,3,p5uhs3_1247--p5udt2481,p5uhs3_1247,load_p5ulv9002,p5ulv9002,58.307,1,0,synthetic_nearest_load_assumption,0,3351,provisional_spatial_candidate
337,1,p5uhs9_1247--p5udt22915,p5uhs9_1247,load_p5ulv42128,p5ulv42128,53.486,1,1,synthetic_nearest_load_assumption,0,,over_50m
337,2,p5uhs9_1247--p5udt22915,p5uhs9_1247,load_p5ulv43238,p5ulv43238,63.752,1,0,synthetic_nearest_load_assumption,0,,over_50m
337,3,p5uhs9_1247--p5udt22915,p5uhs9_1247,load_p5ulv46061,p5ulv46061,72.649,1,0,synthetic_nearest_load_assumption,0,,over_50m
338,1,p1uhs9_1247--p1udt21523,p1uhs9_1247,load_p1ulv63382,p1ulv63382,134.206,1,1,synthetic_nearest_load_assumption,0,,over_50m
338,2,p1uhs9_1247--p1udt21523,p1uhs9_1247,load_p1ulv7997,p1ulv7997,169.688,1,0,synthetic_nearest_load_assumption,0,,over_50m
338,3,p1uhs9_1247--p1udt21523,p1uhs9_1247,load_p1ulv28892,p1ulv28892,205.028,0,0,synthetic_nearest_load_assumption,0,,over_50m
341,1,p5uhs3_1247--p5udt6002,p5uhs3_1247,load_p5ulv39850,p5ulv39850,89.533,1,1,synthetic_nearest_load_assumption,0,,over_50m
341,2,p5uhs3_1247--p5udt6002,p5uhs3_1247,load_p5ulv6838,p5ulv6838,97.131,1,0,synthetic_nearest_load_assumption,0,,over_50m
341,3,p5uhs3_1247--p5udt6002,p5uhs3_1247,load_p5ulv16855,p5ulv16855,100.07,1,0,synthetic_nearest_load_assumption,0,,over_50m
342,1,p5uhs21_1247--p5udt24017,p5uhs21_1247,load_p5ulv62708,p5ulv62708,43.316,1,1,synthetic_nearest_load_assumption,0,,over_50m
342,2,p5uhs21_1247--p5udt24017,p5uhs21_1247,load_p5ulv58732,p5ulv58732,43.974,1,0,synthetic_nearest_load_assumption,0,,over_50m
342,3,p5uhs21_1247--p5udt24017,p5uhs21_1247,load_p5ulv39674,p5ulv39674,44.786,1,0,synthetic_nearest_load_assumption,0,,over_50m
343,1,p3uhs22_1247--p3udt29621,p3uhs22_1247,load_p3ulv51734,p3ulv51734,62.164,1,1,synthetic_nearest_load_assumption,0,2370,provisional_spatial_candidate
343,2,p3uhs22_1247--p3udt29621,p3uhs22_1247,load_p3ulv53319,p3ulv53319,72.67,1,0,synthetic_nearest_load_assumption,0,2370,provisional_spatial_candidate
343,3,p3uhs22_1247--p3udt14640,p3uhs22_1247,load_p3ulv61709,p3ulv61709,74.527,1,0,synthetic_nearest_load_assumption,0,2370,provisional_spatial_candidate
344,1,p3uhs2_1247--p3udt24404,p3uhs2_1247,load_p3ulv17365,p3ulv17365,37.566,1,1,synthetic_nearest_load_assumption,0,2933,provisional_spatial_candidate
344,2,p3uhs2_1247--p3udt24404,p3uhs2_1247,load_p3ulv43761,p3ulv43761,42.183,1,0,synthetic_nearest_load_assumption,0,2933,provisional_spatial_candidate
344,3,p3uhs2_1247--p3udt24404,p3uhs2_1247,load_p3ulv37508,p3ulv37508,44.751,1,0,synthetic_nearest_load_assumption,0,2933,provisional_spatial_candidate
346,1,p5uhs3_1247--p5udt2481,p5uhs3_1247,load_p5ulv1104,p5ulv1104,29.961,1,1,synthetic_nearest_load_assumption,0,,over_50m
346,2,p5uhs3_1247--p5udt2481,p5uhs3_1247,load_p5ulv7950,p5ulv7950,55.302,1,0,synthetic_nearest_load_assumption,0,,over_50m
346,3,p5uhs3_1247--p5udt2481,p5uhs3_1247,load_p5ulv3893,p5ulv3893,59.177,1,0,synthetic_nearest_load_assumption,0,,over_50m
347,1,p1uhs0_1247--p1udt2142,p1uhs0_1247,load_p1ulv65218,p1ulv65218,114.559,1,1,synthetic_nearest_load_assumption,0,1169,provisional_spatial_candidate
347,2,p1uhs0_1247--p1udt2142,p1uhs0_1247,load_p1ulv24451,p1ulv24451,118.05,1,0,synthetic_nearest_load_assumption,0,1169,provisional_spatial_candidate
347,3,p1uhs0_1247--p1udt2142,p1uhs0_1247,load_p1ulv63949,p1ulv63949,138.735,1,0,synthetic_nearest_load_assumption,0,1169,provisional_spatial_candidate
348,1,p1uhs15_1247--p1udt9658,p1uhs15_1247,load_p1ulv33993,p1ulv33993,27.331,1,1,synthetic_nearest_load_assumption,0,4448,provisional_spatial_candidate
348,2,p1uhs15_1247--p1udt9658,p1uhs15_1247,load_p1ulv14863,p1ulv14863,53.539,1,0,synthetic_nearest_load_assumption,0,4448,provisional_spatial_candidate
348,3,p1uhs15_1247--p1udt9658,p1uhs15_1247,load_p1ulv54116,p1ulv54116,54.225,1,0,synthetic_nearest_load_assumption,0,4448,provisional_spatial_candidate
349,1,p1uhs15_1247--p1udt9658,p1uhs15_1247,load_p1ulv18052,p1ulv18052,63.893,1,1,synthetic_nearest_load_assumption,0,4452,provisional_spatial_candidate
349,2,p1uhs15_1247--p1udt9658,p1uhs15_1247,load_p1ulv49092,p1ulv49092,66.405,1,0,synthetic_nearest_load_assumption,0,4452,provisional_spatial_candidate
349,3,p1uhs15_1247--p1udt9658,p1uhs15_1247,load_p1ulv12378,p1ulv12378,80.764,1,0,synthetic_nearest_load_assumption,0,4452,provisional_spatial_candidate
350,1,p5uhs3_1247--p5udt2481,p5uhs3_1247,load_p5ulv154,p5ulv154,18.332,1,1,synthetic_nearest_load_assumption,0,,over_50m
350,2,p5uhs3_1247--p5udt2481,p5uhs3_1247,load_p5ulv4966,p5ulv4966,30.762,1,0,synthetic_nearest_load_assumption,0,,over_50m
350,3,p5uhs3_1247--p5udt2481,p5uhs3_1247,load_p5ulv9092,p5ulv9092,34.613,1,0,synthetic_nearest_load_assumption,0,,over_50m
351,1,p5uhs7_1247--p5udt2039,p5uhs7_1247,load_p5ulv5740,p5ulv5740,19.776,1,1,synthetic_nearest_load_assumption,0,3271,provisional_spatial_candidate
351,2,p5uhs7_1247--p5udt2039,p5uhs7_1247,load_p5ulv11362,p5ulv11362,36.354,1,0,synthetic_nearest_load_assumption,0,3271,provisional_spatial_candidate
351,3,p5uhs7_1247--p5udt2039,p5uhs7_1247,load_p5ulv9480,p5ulv9480,50.9,1,0,synthetic_nearest_load_assumption,0,3271,provisional_spatial_candidate
352,1,p5uhs7_1247--p5udt2039,p5uhs7_1247,load_p5ulv762,p5ulv762,40.385,1,1,synthetic_nearest_load_assumption,0,3269,provisional_spatial_candidate
352,2,p5uhs7_1247--p5udt2039,p5uhs7_1247,load_p5ulv13249,p5ulv13249,44.009,1,0,synthetic_nearest_load_assumption,0,3269,provisional_spatial_candidate
352,3,p5uhs7_1247--p5udt2039,p5uhs7_1247,load_p5ulv16879,p5ulv16879,49.727,1,0,synthetic_nearest_load_assumption,0,3269,provisional_spatial_candidate
353,1,p5uhs7_1247--p5udt2039,p5uhs7_1247,load_p5ulv12114,p5ulv12114,41.535,1,1,synthetic_nearest_load_assumption,0,2875,provisional_spatial_candidate
353,2,p5uhs7_1247--p5udt2039,p5uhs7_1247,load_p5ulv12113,p5ulv12113,48.957,1,0,synthetic_nearest_load_assumption,0,2875,provisional_spatial_candidate
353,3,p5uhs7_1247--p5udt2039,p5uhs7_1247,load_p5ulv16874,p5ulv16874,49.944,1,0,synthetic_nearest_load_assumption,0,2875,provisional_spatial_candidate
354,1,p5uhs7_1247--p5udt1899,p5uhs7_1247,load_p5ulv8491,p5ulv8491,23.459,1,1,synthetic_nearest_load_assumption,0,,over_50m
354,2,p5uhs7_1247--p5udt1899,p5uhs7_1247,load_p5ulv6484,p5ulv6484,40.323,1,0,synthetic_nearest_load_assumption,0,,over_50m
354,3,p5uhs7_1247--p5udt1899,p5uhs7_1247,load_p5ulv61199,p5ulv61199,43.83,1,0,synthetic_nearest_load_assumption,0,,over_50m
355,1,p5uhs7_1247--p5udt1899,p5uhs7_1247,load_p5ulv24871,p5ulv24871,38.996,1,1,synthetic_nearest_load_assumption,0,,over_50m
355,2,p5uhs7_1247--p5udt1899,p5uhs7_1247,load_p5ulv56689,p5ulv56689,55.13,1,0,synthetic_nearest_load_assumption,0,,over_50m
355,3,p5uhs7_1247--p5udt1899,p5uhs7_1247,load_p5ulv27661,p5ulv27661,68.484,1,0,synthetic_nearest_load_assumption,0,,over_50m
356,1,p5uhs7_1247--p5udt2039,p5uhs7_1247,load_p5ulv18190,p5ulv18190,16.557,1,1,synthetic_nearest_load_assumption,0,,over_50m
356,2,p5uhs7_1247--p5udt2039,p5uhs7_1247,load_p5ulv7019,p5ulv7019,17.486,1,0,synthetic_nearest_load_assumption,0,,over_50m
356,3,p5uhs7_1247--p5udt2039,p5uhs7_1247,load_p5ulv4776,p5ulv4776,42.967,1,0,synthetic_nearest_load_assumption,0,,over_50m
357,1,p5uhs7_1247--p5udt2039,p5uhs7_1247,load_p5ulv348,p5ulv348,19.355,1,1,synthetic_nearest_load_assumption,0,,over_50m
357,2,p5uhs7_1247--p5udt2039,p5uhs7_1247,load_p5ulv7420,p5ulv7420,21.615,1,0,synthetic_nearest_load_assumption,0,,over_50m
357,3,p5uhs7_1247--p5udt2039,p5uhs7_1247,load_p5ulv9485,p5ulv9485,47.062,1,0,synthetic_nearest_load_assumption,0,,over_50m
358,1,p1uhs2_1247--p1udt8846,p1uhs2_1247,load_p1ulv58933,p1ulv58933,80.902,1,1,synthetic_nearest_load_assumption,0,,over_50m
358,2,p1uhs2_1247--p1udt8846,p1uhs2_1247,load_p1ulv52838,p1ulv52838,101.926,1,0,synthetic_nearest_load_assumption,0,,over_50m
358,3,p1uhs2_1247--p1udt8846,p1uhs2_1247,load_p1ulv46607,p1ulv46607,112.407,1,0,synthetic_nearest_load_assumption,0,,over_50m
359,1,p1uhs8_1247--p1udt22258,p1uhs8_1247,load_p1ulv49452,p1ulv49452,68.295,1,1,synthetic_nearest_load_assumption,0,,over_50m
359,2,p1uhs8_1247--p1udt22258,p1uhs8_1247,load_p1ulv22905,p1ulv22905,97.307,1,0,synthetic_nearest_load_assumption,0,,over_50m
359,3,p1uhs8_1247--p1udt22258,p1uhs8_1247,load_p1ulv51930,p1ulv51930,103.675,1,0,synthetic_nearest_load_assumption,0,,over_50m
360,1,p5uhs7_1247--p5udt2290,p5uhs7_1247,load_p5ulv10600,p5ulv10600,24.424,1,1,synthetic_nearest_load_assumption,0,3368,provisional_spatial_candidate
360,2,p5uhs7_1247--p5udt2290,p5uhs7_1247,load_p5ulv7229,p5ulv7229,39.289,1,0,synthetic_nearest_load_assumption,0,3368,provisional_spatial_candidate
360,3,p5uhs7_1247--p5udt2290,p5uhs7_1247,load_p5ulv11952,p5ulv11952,40.014,1,0,synthetic_nearest_load_assumption,0,3368,provisional_spatial_candidate
361,1,p3uhs4_1247--p3udt14887,p3uhs4_1247,load_p3ulv17000,p3ulv17000,22.895,1,1,synthetic_nearest_load_assumption,0,,over_50m
361,2,p3uhs4_1247--p3udt14887,p3uhs4_1247,load_p3ulv4399,p3ulv4399,34.266,1,0,synthetic_nearest_load_assumption,0,,over_50m
361,3,p3uhs4_1247--p3udt14887,p3uhs4_1247,load_p3ulv23945,p3ulv23945,55.182,1,0,synthetic_nearest_load_assumption,0,,over_50m
362,1,p5uhs7_1247--p5udt2039,p5uhs7_1247,load_p5ulv18973,p5ulv18973,23.35,1,1,synthetic_nearest_load_assumption,0,2886,provisional_spatial_candidate
362,2,p5uhs7_1247--p5udt2039,p5uhs7_1247,load_p5ulv14342,p5ulv14342,25.78,1,0,synthetic_nearest_load_assumption,0,2886,provisional_spatial_candidate
362,3,p5uhs7_1247--p5udt2039,p5uhs7_1247,load_p5ulv4273,p5ulv4273,33.989,1,0,synthetic_nearest_load_assumption,0,2886,provisional_spatial_candidate
363,1,p5uhs7_1247--p5udt2039,p5uhs7_1247,load_p5ulv18970,p5ulv18970,25.543,1,1,synthetic_nearest_load_assumption,0,,over_50m
363,2,p5uhs7_1247--p5udt2039,p5uhs7_1247,load_p5ulv4262,p5ulv4262,38.654,1,0,synthetic_nearest_load_assumption,0,,over_50m
363,3,p5uhs7_1247--p5udt2039,p5uhs7_1247,load_p5ulv371,p5ulv371,47.104,1,0,synthetic_nearest_load_assumption,0,,over_50m
364,1,p5uhs7_1247--p5udt2290,p5uhs7_1247,load_p5ulv17837,p5ulv17837,17.575,1,1,synthetic_nearest_load_assumption,0,3365,provisional_spatial_candidate
364,2,p5uhs7_1247--p5udt2290,p5uhs7_1247,load_p5ulv10992,p5ulv10992,22.401,1,0,synthetic_nearest_load_assumption,0,3365,provisional_spatial_candidate
364,3,p5uhs7_1247--p5udt2290,p5uhs7_1247,load_p5ulv16502,p5ulv16502,24.619,1,0,synthetic_nearest_load_assumption,0,3365,provisional_spatial_candidate
365,1,p5uhs7_1247--p5udt2290,p5uhs7_1247,load_p5ulv18031,p5ulv18031,17.495,1,1,synthetic_nearest_load_assumption,0,3366,provisional_spatial_candidate
365,2,p5uhs7_1247--p5udt2290,p5uhs7_1247,load_p5ulv12314,p5ulv12314,18.521,1,0,synthetic_nearest_load_assumption,0,3366,provisional_spatial_candidate
365,3,p5uhs7_1247--p5udt2290,p5uhs7_1247,load_p5ulv6502,p5ulv6502,25.653,1,0,synthetic_nearest_load_assumption,0,3366,provisional_spatial_candidate
366,1,p5uhs7_1247--p5udt2039,p5uhs7_1247,load_p5ulv13088,p5ulv13088,19.154,1,1,synthetic_nearest_load_assumption,0,2872,provisional_spatial_candidate
366,2,p5uhs7_1247--p5udt2039,p5uhs7_1247,load_p5ulv18971,p5ulv18971,31.235,1,0,synthetic_nearest_load_assumption,0,2872,provisional_spatial_candidate
366,3,p5uhs7_1247--p5udt2039,p5uhs7_1247,load_p5ulv7046,p5ulv7046,55.075,1,0,synthetic_nearest_load_assumption,0,2872,provisional_spatial_candidate
367,1,p5uhs7_1247--p5udt1899,p5uhs7_1247,load_p5ulv47659,p5ulv47659,27.774,1,1,synthetic_nearest_load_assumption,0,3460,provisional_spatial_candidate
367,2,p5uhs7_1247--p5udt1899,p5uhs7_1247,load_p5ulv53310,p5ulv53310,36.11,1,0,synthetic_nearest_load_assumption,0,3460,provisional_spatial_candidate
367,3,p5uhs7_1247--p5udt1899,p5uhs7_1247,load_p5ulv46603,p5ulv46603,51.273,1,0,synthetic_nearest_load_assumption,0,3460,provisional_spatial_candidate
368,1,p5uhs7_1247--p5udt1899,p5uhs7_1247,load_p5ulv71838,p5ulv71838,42.335,1,1,synthetic_nearest_load_assumption,0,,over_50m
368,2,p5uhs7_1247--p5udt1899,p5uhs7_1247,load_p5ulv63503,p5ulv63503,64.856,1,0,synthetic_nearest_load_assumption,0,,over_50m
368,3,p5uhs7_1247--p5udt1899,p5uhs7_1247,load_p5ulv62355,p5ulv62355,75.467,1,0,synthetic_nearest_load_assumption,0,,over_50m
369,1,p5uhs3_1247--p5udt2481,p5uhs3_1247,load_p5ulv4959,p5ulv4959,16.961,1,1,synthetic_nearest_load_assumption,0,3273,provisional_spatial_candidate
369,2,p5uhs3_1247--p5udt2481,p5uhs3_1247,load_p5ulv12482,p5ulv12482,23.128,1,0,synthetic_nearest_load_assumption,0,3273,provisional_spatial_candidate
369,3,p5uhs3_1247--p5udt2481,p5uhs3_1247,load_p5ulv78234,p5ulv78234,36.002,1,0,synthetic_nearest_load_assumption,0,3273,provisional_spatial_candidate
370,1,p5uhs0_1247--p5udt119,p5uhs0_1247,load_p5ulv12102,p5ulv12102,24.058,1,1,synthetic_nearest_load_assumption,0,3382,provisional_spatial_candidate
370,2,p5uhs0_1247--p5udt119,p5uhs0_1247,load_p5ulv749,p5ulv749,30.48,1,0,synthetic_nearest_load_assumption,0,3382,provisional_spatial_candidate
370,3,p5uhs0_1247--p5udt119,p5uhs0_1247,load_p5ulv12101,p5ulv12101,40.636,1,0,synthetic_nearest_load_assumption,0,3382,provisional_spatial_candidate
371,1,p5uhs0_1247--p5udt3610,p5uhs0_1247,load_p5ulv18737,p5ulv18737,21.551,1,1,synthetic_nearest_load_assumption,0,3383,provisional_spatial_candidate
371,2,p5uhs0_1247--p5udt3610,p5uhs0_1247,load_p5ulv6464,p5ulv6464,22.522,1,0,synthetic_nearest_load_assumption,0,3383,provisional_spatial_candidate
371,3,p5uhs0_1247--p5udt3610,p5uhs0_1247,load_p5ulv10545,p5ulv10545,29.106,1,0,synthetic_nearest_load_assumption,0,3383,provisional_spatial_candidate
372,1,p5uhs7_1247--p5udt1899,p5uhs7_1247,load_p5ulv36587,p5ulv36587,29.281,1,1,synthetic_nearest_load_assumption,0,3476,provisional_spatial_candidate
372,2,p5uhs7_1247--p5udt1899,p5uhs7_1247,load_p5ulv33211,p5ulv33211,36.571,1,0,synthetic_nearest_load_assumption,0,3476,provisional_spatial_candidate
372,3,p5uhs7_1247--p5udt1899,p5uhs7_1247,load_p5ulv58388,p5ulv58388,40.708,1,0,synthetic_nearest_load_assumption,0,3476,provisional_spatial_candidate
373,1,p3uhs10_1247--p3udt7392,p3uhs10_1247,load_p3ulv35072,p3ulv35072,29.055,1,1,synthetic_nearest_load_assumption,0,,over_50m
373,2,p3uhs10_1247--p3udt7392,p3uhs10_1247,load_p3ulv48242,p3ulv48242,44.936,1,0,synthetic_nearest_load_assumption,0,,over_50m
373,3,p3uhs10_1247--p3udt7392,p3uhs10_1247,load_p3ulv28813,p3ulv28813,47.388,1,0,synthetic_nearest_load_assumption,0,,over_50m
374,1,p5uhs28_1247--p5udt12928,p5uhs28_1247,load_p5ulv50032,p5ulv50032,40.08,1,1,synthetic_nearest_load_assumption,0,,over_50m
374,2,p5uhs28_1247--p5udt12928,p5uhs28_1247,load_p5ulv21088,p5ulv21088,57.556,1,0,synthetic_nearest_load_assumption,0,,over_50m
374,3,p5uhs28_1247--p5udt12928,p5uhs28_1247,load_p5ulv27229,p5ulv27229,68.727,1,0,synthetic_nearest_load_assumption,0,,over_50m
375,1,p3uhs10_1247--p3udt7392,p3uhs10_1247,load_p3ulv67387,p3ulv67387,34.939,1,1,synthetic_nearest_load_assumption,0,,over_50m
375,2,p3uhs10_1247--p3udt7392,p3uhs10_1247,load_p3ulv39683,p3ulv39683,41.028,1,0,synthetic_nearest_load_assumption,0,,over_50m
375,3,p3uhs10_1247--p3udt7392,p3uhs10_1247,load_p3ulv47544,p3ulv47544,53.194,1,0,synthetic_nearest_load_assumption,0,,over_50m
376,1,p5uhs9_1247--p5udt20856,p5uhs9_1247,load_p5ulv20970,p5ulv20970,166.409,1,1,synthetic_nearest_load_assumption,0,3193,provisional_spatial_candidate
376,2,p5uhs9_1247--p5udt24963,p5uhs9_1247,load_p5ulv57272,p5ulv57272,181.244,1,0,synthetic_nearest_load_assumption,0,3193,provisional_spatial_candidate
376,3,p5uhs9_1247--p5udt24963,p5uhs9_1247,load_p5ulv43774,p5ulv43774,184.295,1,0,synthetic_nearest_load_assumption,0,3193,provisional_spatial_candidate
377,1,p3uhs6_1247--p3udt31448,p3uhs6_1247,load_p3ulv48432,p3ulv48432,40.763,1,1,synthetic_nearest_load_assumption,0,,over_50m
377,2,p3uhs6_1247--p3udt31448,p3uhs6_1247,load_p3ulv25166,p3ulv25166,47.423,1,0,synthetic_nearest_load_assumption,0,,over_50m
377,3,p3uhs6_1247--p3udt31448,p3uhs6_1247,load_p3ulv21954,p3ulv21954,79.685,1,0,synthetic_nearest_load_assumption,0,,over_50m
378,1,p1uhs10_1247--p1udt14394,p1uhs10_1247,load_p1ulv51814,p1ulv51814,47.076,1,1,synthetic_nearest_load_assumption,0,,over_50m
378,2,p1uhs10_1247--p1udt14394,p1uhs10_1247,load_p1ulv2590,p1ulv2590,47.571,1,0,synthetic_nearest_load_assumption,0,,over_50m
378,3,p1uhs10_1247--p1udt14394,p1uhs10_1247,load_p1ulv22154,p1ulv22154,48.965,1,0,synthetic_nearest_load_assumption,0,,over_50m
379,1,p5uhs5_1247--p5udt4880,p5uhs5_1247,load_p5ulv16254,p5ulv16254,37.409,1,1,synthetic_nearest_load_assumption,0,,over_50m
379,2,p5uhs5_1247--p5udt4880,p5uhs5_1247,load_p5ulv9406,p5ulv9406,46.578,1,0,synthetic_nearest_load_assumption,0,,over_50m
379,3,p5uhs5_1247--p5udt4880,p5uhs5_1247,load_p5ulv9612,p5ulv9612,50.928,1,0,synthetic_nearest_load_assumption,0,,over_50m
383,1,p3uhs10_1247--p3udt19881,p3uhs10_1247,load_p3ulv28131,p3ulv28131,74.082,1,1,synthetic_nearest_load_assumption,0,1706,provisional_spatial_candidate
383,2,p3uhs10_1247--p3udt19881,p3uhs10_1247,load_p3ulv68970,p3ulv68970,116.041,1,0,synthetic_nearest_load_assumption,0,1706,provisional_spatial_candidate
383,3,p3uhs10_1247--p3udt19881,p3uhs10_1247,load_p3ulv59005,p3ulv59005,117.375,1,0,synthetic_nearest_load_assumption,0,1706,provisional_spatial_candidate
384,1,p5uhs9_1247--p5udt20856,p5uhs9_1247,load_p5ulv13772,p5ulv13772,48.148,1,1,synthetic_nearest_load_assumption,0,,over_50m
384,2,p5uhs9_1247--p5udt20856,p5uhs9_1247,load_p5ulv7441,p5ulv7441,91.361,1,0,synthetic_nearest_load_assumption,0,,over_50m
384,3,p5uhs9_1247--p5udt20856,p5uhs9_1247,load_p5ulv6806,p5ulv6806,123.356,1,0,synthetic_nearest_load_assumption,0,,over_50m
386,1,p3uhs8_1247--p3udt11113,p3uhs8_1247,load_p3ulv40263,p3ulv40263,50.241,1,1,synthetic_nearest_load_assumption,0,,over_50m
386,2,p3uhs8_1247--p3udt11113,p3uhs8_1247,load_p3ulv2824,p3ulv2824,115.006,1,0,synthetic_nearest_load_assumption,0,,over_50m
386,3,p5uhs9_1247--p5udt20856,p5uhs9_1247,load_p5ulv69325,p5ulv69325,121.317,1,0,synthetic_nearest_load_assumption,0,,over_50m
387,1,p1uhs13_1247--p1udt12530,p1uhs13_1247,load_p1ulv15035,p1ulv15035,73.821,1,1,synthetic_nearest_load_assumption,0,,over_50m
387,2,p1uhs13_1247--p1udt12530,p1uhs13_1247,load_p1ulv59741,p1ulv59741,117.604,1,0,synthetic_nearest_load_assumption,0,,over_50m
387,3,p1uhs13_1247--p1udt12530,p1uhs13_1247,load_p1ulv32875,p1ulv32875,316.398,0,0,synthetic_nearest_load_assumption,0,,over_50m
388,1,p5uhs9_1247--p5udt20856,p5uhs9_1247,load_p5ulv35998,p5ulv35998,38.648,1,1,synthetic_nearest_load_assumption,0,3038,provisional_spatial_candidate
388,2,p5uhs9_1247--p5udt20856,p5uhs9_1247,load_p5ulv48198,p5ulv48198,47.814,1,0,synthetic_nearest_load_assumption,0,3038,provisional_spatial_candidate
388,3,p5uhs9_1247--p5udt20856,p5uhs9_1247,load_p5ulv70725,p5ulv70725,51.889,1,0,synthetic_nearest_load_assumption,0,3038,provisional_spatial_candidate
389,1,p5uhs9_1247--p5udt20856,p5uhs9_1247,load_p5ulv45478,p5ulv45478,46.074,1,1,synthetic_nearest_load_assumption,0,3187,provisional_spatial_candidate
389,2,p5uhs9_1247--p5udt20856,p5uhs9_1247,load_p5ulv33208,p5ulv33208,56.375,1,0,synthetic_nearest_load_assumption,0,3187,provisional_spatial_candidate
389,3,p5uhs9_1247--p5udt20856,p5uhs9_1247,load_p5ulv35997,p5ulv35997,67.138,1,0,synthetic_nearest_load_assumption,0,3187,provisional_spatial_candidate
390,1,p5uhs9_1247--p5udt24963,p5uhs9_1247,load_p5ulv23186,p5ulv23186,44.806,1,1,synthetic_nearest_load_assumption,0,3238,provisional_spatial_candidate
390,2,p5uhs9_1247--p5udt24963,p5uhs9_1247,load_p5ulv24329,p5ulv24329,65.232,1,0,synthetic_nearest_load_assumption,0,3238,provisional_spatial_candidate
390,3,p5uhs9_1247--p5udt24963,p5uhs9_1247,load_p5ulv53303,p5ulv53303,71.049,1,0,synthetic_nearest_load_assumption,0,3238,provisional_spatial_candidate
392,1,p5uhs9_1247--p5udt22915,p5uhs9_1247,load_p5ulv25459,p5ulv25459,64.703,1,1,synthetic_nearest_load_assumption,0,3186,provisional_spatial_candidate
392,2,p5uhs9_1247--p5udt22915,p5uhs9_1247,load_p5ulv23750,p5ulv23750,69.683,1,0,synthetic_nearest_load_assumption,0,3186,provisional_spatial_candidate
392,3,p5uhs9_1247--p5udt22915,p5uhs9_1247,load_p5ulv20434,p5ulv20434,74.125,1,0,synthetic_nearest_load_assumption,0,3186,provisional_spatial_candidate
393,1,p5uhs9_1247--p5udt24963,p5uhs9_1247,load_p5ulv38259,p5ulv38259,98.678,1,1,synthetic_nearest_load_assumption,0,2871,provisional_spatial_candidate
393,2,p5uhs9_1247--p5udt24963,p5uhs9_1247,load_p5ulv54990,p5ulv54990,180.226,1,0,synthetic_nearest_load_assumption,0,2871,provisional_spatial_candidate
393,3,p5uhs9_1247--p5udt24963,p5uhs9_1247,load_p5ulv28858,p5ulv28858,239.749,0,0,synthetic_nearest_load_assumption,0,2871,provisional_spatial_candidate
394,1,p5uhs9_1247--p5udt22915,p5uhs9_1247,load_p5ulv69010,p5ulv69010,59.887,1,1,synthetic_nearest_load_assumption,0,3190,provisional_spatial_candidate
394,2,p5uhs9_1247--p5udt22915,p5uhs9_1247,load_p5ulv53319,p5ulv53319,82.193,1,0,synthetic_nearest_load_assumption,0,3190,provisional_spatial_candidate
394,3,p5uhs9_1247--p5udt22915,p5uhs9_1247,load_p5ulv45486,p5ulv45486,95.287,1,0,synthetic_nearest_load_assumption,0,3190,provisional_spatial_candidate
395,1,p1uhs19_1247--p1udt14631,p1uhs19_1247,load_p1ulv51793,p1ulv51793,3209.816,0,0,synthetic_nearest_load_assumption,0,,over_50m
395,2,p1uhs19_1247--p1udt14631,p1uhs19_1247,load_p1ulv59183,p1ulv59183,3256.026,0,0,synthetic_nearest_load_assumption,0,,over_50m
395,3,p1uhs19_1247--p1udt14631,p1uhs19_1247,load_p1ulv52456,p1ulv52456,3279.994,0,0,synthetic_nearest_load_assumption,0,,over_50m
396,1,p5uhs9_1247--p5udt24963,p5uhs9_1247,load_p5ulv42647,p5ulv42647,26.927,1,1,synthetic_nearest_load_assumption,0,3194,provisional_spatial_candidate
396,2,p5uhs9_1247--p5udt24963,p5uhs9_1247,load_p5ulv70732,p5ulv70732,75.117,1,0,synthetic_nearest_load_assumption,0,3194,provisional_spatial_candidate
396,3,p5uhs9_1247--p5udt24963,p5uhs9_1247,load_p5ulv60680,p5ulv60680,76.041,1,0,synthetic_nearest_load_assumption,0,3194,provisional_spatial_candidate
397,1,p3uhs6_1247--p3udt18941,p3uhs6_1247,load_p3ulv30489,p3ulv30489,63.313,1,1,synthetic_nearest_load_assumption,0,2441,provisional_spatial_candidate
397,2,p3uhs6_1247--p3udt18941,p3uhs6_1247,load_p3ulv7934,p3ulv7934,96.43,1,0,synthetic_nearest_load_assumption,0,2441,provisional_spatial_candidate
397,3,p3uhs6_1247--p3udt18941,p3uhs6_1247,load_p3ulv18058,p3ulv18058,100.264,1,0,synthetic_nearest_load_assumption,0,2441,provisional_spatial_candidate
398,1,p3uhs24_1247--p3udt28157,p3uhs24_1247,load_p3ulv35290,p3ulv35290,45.843,1,1,synthetic_nearest_load_assumption,0,,over_50m
398,2,p3uhs24_1247--p3udt28157,p3uhs24_1247,load_p3ulv72201,p3ulv72201,69.261,1,0,synthetic_nearest_load_assumption,0,,over_50m
398,3,p3uhs6_1247--p3udt31448,p3uhs6_1247,load_p3ulv29006,p3ulv29006,73.36,1,0,synthetic_nearest_load_assumption,0,,over_50m
399,1,p3uhs6_1247--p3udt18941,p3uhs6_1247,load_p3ulv68260,p3ulv68260,28.731,1,1,synthetic_nearest_load_assumption,0,,over_50m
399,2,p3uhs6_1247--p3udt18941,p3uhs6_1247,load_p3ulv79778,p3ulv79778,40.833,1,0,synthetic_nearest_load_assumption,0,,over_50m
399,3,p3uhs6_1247--p3udt18941,p3uhs6_1247,load_p3ulv34397,p3ulv34397,45.143,1,0,synthetic_nearest_load_assumption,0,,over_50m
400,1,p3uhs6_1247--p3udt18941,p3uhs6_1247,load_p3ulv49911,p3ulv49911,29.091,1,1,synthetic_nearest_load_assumption,0,2442,provisional_spatial_candidate
400,2,p3uhs6_1247--p3udt18941,p3uhs6_1247,load_p3ulv44551,p3ulv44551,34.477,1,0,synthetic_nearest_load_assumption,0,2442,provisional_spatial_candidate
400,3,p3uhs6_1247--p3udt18941,p3uhs6_1247,load_p3ulv54515,p3ulv54515,50.071,1,0,synthetic_nearest_load_assumption,0,2442,provisional_spatial_candidate
401,1,p3uhs4_1247--p3udt9213,p3uhs4_1247,load_p3ulv62875,p3ulv52946,62.353,1,1,synthetic_nearest_load_assumption,0,2455,provisional_spatial_candidate
401,2,p3uhs4_1247--p3udt9213,p3uhs4_1247,load_p3ulv52946,p3ulv52946,62.353,1,0,synthetic_nearest_load_assumption,0,2455,provisional_spatial_candidate
401,3,p3uhs4_1247--p3udt9213,p3uhs4_1247,load_p3ulv32072,p3ulv32072,65.951,1,0,synthetic_nearest_load_assumption,0,2455,provisional_spatial_candidate
402,1,p3uhs4_1247--p3udt14887,p3uhs4_1247,load_p3ulv74855,p3ulv74855,31.848,1,1,synthetic_nearest_load_assumption,0,,over_50m
402,2,p3uhs4_1247--p3udt14887,p3uhs4_1247,load_p3ulv8722,p3ulv8722,42.217,1,0,synthetic_nearest_load_assumption,0,,over_50m
402,3,p3uhs4_1247--p3udt14887,p3uhs4_1247,load_p3ulv79836,p3ulv79836,59.462,1,0,synthetic_nearest_load_assumption,0,,over_50m
403,1,p3uhs4_1247--p3udt9213,p3uhs4_1247,load_p3ulv79008,p3ulv79008,52.712,1,1,synthetic_nearest_load_assumption,0,1768,provisional_spatial_candidate
403,2,p3uhs4_1247--p3udt9213,p3uhs4_1247,load_p3ulv52175,p3ulv52175,58.724,1,0,synthetic_nearest_load_assumption,0,1768,provisional_spatial_candidate
403,3,p3uhs4_1247--p3udt9213,p3uhs4_1247,load_p3ulv34405,p3ulv34405,59.87,1,0,synthetic_nearest_load_assumption,0,1768,provisional_spatial_candidate
404,1,p3uhs6_1247--p3udt18941,p3uhs6_1247,load_p3ulv77499,p3ulv77499,42.919,1,1,synthetic_nearest_load_assumption,0,2440,provisional_spatial_candidate
404,2,p3uhs6_1247--p3udt18941,p3uhs6_1247,load_p3ulv68305,p3ulv68305,58.723,1,0,synthetic_nearest_load_assumption,0,2440,provisional_spatial_candidate
404,3,p3uhs6_1247--p3udt18941,p3uhs6_1247,load_p3ulv57571,p3ulv57571,72.644,1,0,synthetic_nearest_load_assumption,0,2440,provisional_spatial_candidate
405,1,p3uhs6_1247--p3udt31726,p3uhs6_1247,load_p3ulv72890,p3ulv72890,33.954,1,1,synthetic_nearest_load_assumption,0,,over_50m
405,2,p3uhs6_1247--p3udt31726,p3uhs6_1247,load_p3ulv49919,p3ulv49919,38.363,1,0,synthetic_nearest_load_assumption,0,,over_50m
405,3,p3uhs6_1247--p3udt31726,p3uhs6_1247,load_p3ulv28968,p3ulv28968,44.305,1,0,synthetic_nearest_load_assumption,0,,over_50m
406,1,p3uhs4_1247--p3udt14887,p3uhs4_1247,load_p3ulv69098,p3ulv69098,30.152,1,1,synthetic_nearest_load_assumption,0,,over_50m
406,2,p3uhs4_1247--p3udt14887,p3uhs4_1247,load_p3ulv19610,p3ulv19610,51.77,1,0,synthetic_nearest_load_assumption,0,,over_50m
406,3,p3uhs4_1247--p3udt14887,p3uhs4_1247,load_p3ulv12619,p3ulv12619,70.897,1,0,synthetic_nearest_load_assumption,0,,over_50m
408,1,p3uhs4_1247--p3udt9213,p3uhs4_1247,load_p3ulv50674,p3ulv50674,27.541,1,1,synthetic_nearest_load_assumption,0,2848,provisional_spatial_candidate
408,2,p3uhs4_1247--p3udt9213,p3uhs4_1247,load_p3ulv8720,p3ulv8720,29.332,1,0,synthetic_nearest_load_assumption,0,2848,provisional_spatial_candidate
408,3,p3uhs4_1247--p3udt9213,p3uhs4_1247,load_p3ulv17315,p3ulv17315,56.779,1,0,synthetic_nearest_load_assumption,0,2848,provisional_spatial_candidate
409,1,p3uhs4_1247--p3udt9213,p3uhs4_1247,load_p3ulv48418,p3ulv48418,72.672,1,1,synthetic_nearest_load_assumption,0,1723,provisional_spatial_candidate
409,2,p3uhs4_1247--p3udt9213,p3uhs4_1247,load_p3ulv78283,p3ulv78283,76.555,1,0,synthetic_nearest_load_assumption,0,1723,provisional_spatial_candidate
409,3,p3uhs4_1247--p3udt9213,p3uhs4_1247,load_p3ulv44583,p3ulv44583,87.397,1,0,synthetic_nearest_load_assumption,0,1723,provisional_spatial_candidate
410,1,p3uhs6_1247--p3udt31726,p3uhs6_1247,load_p3ulv13409,p3ulv13409,45.628,1,1,synthetic_nearest_load_assumption,0,,over_50m
410,2,p3uhs6_1247--p3udt31726,p3uhs6_1247,load_p3ulv40620,p3ulv40620,49.675,1,0,synthetic_nearest_load_assumption,0,,over_50m
410,3,p3uhs6_1247--p3udt31726,p3uhs6_1247,load_p3ulv62950,p3ulv62950,79.496,1,0,synthetic_nearest_load_assumption,0,,over_50m
411,1,p3uhs6_1247--p3udt31448,p3uhs6_1247,load_p3ulv6321,p3ulv6321,64.306,1,1,synthetic_nearest_load_assumption,0,1764,provisional_spatial_candidate
411,2,p3uhs6_1247--p3udt31448,p3uhs6_1247,load_p3ulv46121,p3ulv46121,74.477,1,0,synthetic_nearest_load_assumption,0,1764,provisional_spatial_candidate
411,3,p3uhs6_1247--p3udt31448,p3uhs6_1247,load_p3ulv18836,p3ulv18836,110.152,1,0,synthetic_nearest_load_assumption,0,1764,provisional_spatial_candidate
413,1,p3uhs24_1247--p3udt28157,p3uhs24_1247,load_p3ulv14974,p3ulv14974,67.334,1,1,synthetic_nearest_load_assumption,0,,over_50m
413,2,p3uhs24_1247--p3udt28157,p3uhs24_1247,load_p3ulv2396,p3ulv2396,89.656,1,0,synthetic_nearest_load_assumption,0,,over_50m
413,3,p3uhs24_1247--p3udt28157,p3uhs24_1247,load_p3ulv69862,p3ulv69862,126.346,1,0,synthetic_nearest_load_assumption,0,,over_50m
414,1,p3uhs24_1247--p3udt28157,p3uhs24_1247,load_p3ulv9479,p3ulv9479,61.941,1,1,synthetic_nearest_load_assumption,0,2945,provisional_spatial_candidate
414,2,p3uhs24_1247--p3udt28157,p3uhs24_1247,load_p3ulv65247,p3ulv65247,96.28,1,0,synthetic_nearest_load_assumption,0,2945,provisional_spatial_candidate
414,3,p3uhs24_1247--p3udt28157,p3uhs24_1247,load_p3ulv31345,p3ulv31345,96.93,1,0,synthetic_nearest_load_assumption,0,2945,provisional_spatial_candidate
415,1,p3uhs8_1247--p3udt11113,p3uhs8_1247,load_p3ulv4400,p3ulv4400,76.672,1,1,synthetic_nearest_load_assumption,0,3078,provisional_spatial_candidate
415,2,p3uhs8_1247--p3udt23566,p3uhs8_1247,load_p3ulv34903,p3ulv34903,84.989,1,0,synthetic_nearest_load_assumption,0,3078,provisional_spatial_candidate
415,3,p3uhs8_1247--p3udt23566,p3uhs8_1247,load_p3ulv6789,p3ulv6789,93.002,1,0,synthetic_nearest_load_assumption,0,3078,provisional_spatial_candidate
417,1,p3uhs24_1247--p3udt28157,p3uhs24_1247,load_p3ulv40630,p3ulv40630,35.449,1,1,synthetic_nearest_load_assumption,0,2977,provisional_spatial_candidate
417,2,p3uhs24_1247--p3udt28157,p3uhs24_1247,load_p3ulv32960,p3ulv32960,38.671,1,0,synthetic_nearest_load_assumption,0,2977,provisional_spatial_candidate
417,3,p3uhs24_1247--p3udt28157,p3uhs24_1247,load_p3ulv63735,p3ulv63735,41.831,1,0,synthetic_nearest_load_assumption,0,2977,provisional_spatial_candidate
418,1,p3uhs13_1247--p3udt26287,p3uhs13_1247,load_p3ulv50589,p3ulv50589,47.446,1,1,synthetic_nearest_load_assumption,0,2318,provisional_spatial_candidate
418,2,p3uhs13_1247--p3udt26287,p3uhs13_1247,load_p3ulv71348,p3ulv71348,48.598,1,0,synthetic_nearest_load_assumption,0,2318,provisional_spatial_candidate
418,3,p3uhs13_1247--p3udt26287,p3uhs13_1247,load_p3ulv62833,p3ulv62833,73.588,1,0,synthetic_nearest_load_assumption,0,2318,provisional_spatial_candidate
419,1,p3uhs14_1247--p3udt2638,p3uhs14_1247,load_p3ulv68055,p3ulv68055,37.066,1,1,synthetic_nearest_load_assumption,0,2306,provisional_spatial_candidate
419,2,p3uhs14_1247--p3udt2638,p3uhs14_1247,load_p3ulv52749,p3ulv52749,52.438,1,0,synthetic_nearest_load_assumption,0,2306,provisional_spatial_candidate
419,3,p3uhs14_1247--p3udt2638,p3uhs14_1247,load_p3ulv39580,p3ulv39580,68.612,1,0,synthetic_nearest_load_assumption,0,2306,provisional_spatial_candidate
420,1,p3uhs10_1247--p3udt19881,p3uhs10_1247,load_p3ulv56680,p3ulv56680,23.56,1,1,synthetic_nearest_load_assumption,0,,over_50m
420,2,p3uhs10_1247--p3udt19881,p3uhs10_1247,load_p3ulv48274,p3ulv48274,24.505,1,0,synthetic_nearest_load_assumption,0,,over_50m
420,3,p3uhs10_1247--p3udt19881,p3uhs10_1247,load_p3ulv50554,p3ulv50554,63.41,1,0,synthetic_nearest_load_assumption,0,,over_50m
421,1,p3uhs22_1247--p3udt29621,p3uhs22_1247,load_p3ulv58706,p3ulv58706,72.578,1,1,synthetic_nearest_load_assumption,0,2371,provisional_spatial_candidate
421,2,p3uhs22_1247--p3udt29621,p3uhs22_1247,load_p3ulv45692,p3ulv45692,98.721,1,0,synthetic_nearest_load_assumption,0,2371,provisional_spatial_candidate
421,3,p3uhs22_1247--p3udt29621,p3uhs22_1247,load_p3ulv77092,p3ulv77092,100.891,1,0,synthetic_nearest_load_assumption,0,2371,provisional_spatial_candidate
422,1,p3uhs14_1247--p3udt2638,p3uhs14_1247,load_p3ulv24072,p3ulv24072,22.891,1,1,synthetic_nearest_load_assumption,0,,over_50m
422,2,p3uhs14_1247--p3udt3365,p3uhs14_1247,load_p3ulv58117,p3ulv58117,35.9,1,0,synthetic_nearest_load_assumption,0,,over_50m
422,3,p3uhs14_1247--p3udt3365,p3uhs14_1247,load_p3ulv1340,p3ulv1340,48.008,1,0,synthetic_nearest_load_assumption,0,,over_50m
423,1,p3uhs11_1247--p3udt20683,p3uhs11_1247,load_p3ulv5942,p3ulv5942,67.612,1,1,synthetic_nearest_load_assumption,0,,over_50m
423,2,p3uhs11_1247--p3udt20683,p3uhs11_1247,load_p3ulv68708,p3ulv68708,81.243,1,0,synthetic_nearest_load_assumption,0,,over_50m
423,3,p3uhs11_1247--p3udt20683,p3uhs11_1247,load_p3ulv67129,p3ulv67129,97.667,1,0,synthetic_nearest_load_assumption,0,,over_50m
424,1,p3uhs5_1247--p3udt17790,p3uhs5_1247,load_p3ulv29369,p3ulv29369,113.932,1,1,synthetic_nearest_load_assumption,0,,ambiguous_nearby_nodes
424,2,p3uhs5_1247--p3udt31388,p3uhs5_1247,load_p3ulv75525,p3ulv75525,144.492,1,0,synthetic_nearest_load_assumption,0,,ambiguous_nearby_nodes
424,3,p3uhs5_1247--p3udt17790,p3uhs5_1247,load_p3ulv54918,p3ulv54918,189.769,1,0,synthetic_nearest_load_assumption,0,,ambiguous_nearby_nodes
425,1,p3uhs6_1247--p3udt18941,p3uhs6_1247,load_p3ulv4734,p3ulv4734,36.314,1,1,synthetic_nearest_load_assumption,0,,over_50m
425,2,p3uhs6_1247--p3udt18941,p3uhs6_1247,load_p3ulv77503,p3ulv77503,43.87,1,0,synthetic_nearest_load_assumption,0,,over_50m
425,3,p3uhs6_1247--p3udt18941,p3uhs6_1247,load_p3ulv25125,p3ulv25125,66.122,1,0,synthetic_nearest_load_assumption,0,,over_50m
426,1,p3uhs2_1247--p3udt11804,p3uhs2_1247,load_p3ulv58384,p3ulv58384,123.837,1,1,synthetic_nearest_load_assumption,0,,over_50m
426,2,p3uhs2_1247--p3udt11804,p3uhs2_1247,load_p3ulv22755,p3ulv22755,124.329,1,0,synthetic_nearest_load_assumption,0,,over_50m
426,3,p3uhs2_1247--p3udt11804,p3uhs2_1247,load_p3ulv62958,p3ulv22755,124.329,1,0,synthetic_nearest_load_assumption,0,,over_50m
428,1,p3uhs14_1247--p3udt3365,p3uhs14_1247,load_p3ulv8481,p3ulv8481,21.888,1,1,synthetic_nearest_load_assumption,0,2293,provisional_spatial_candidate
428,2,p3uhs14_1247--p3udt3365,p3uhs14_1247,load_p3ulv2119,p3ulv2119,25.133,1,0,synthetic_nearest_load_assumption,0,2293,provisional_spatial_candidate
428,3,p3uhs14_1247--p3udt3365,p3uhs14_1247,load_p3ulv79598,p3ulv79598,33.311,1,0,synthetic_nearest_load_assumption,0,2293,provisional_spatial_candidate
429,1,p3uhs6_1247--p3udt31448,p3uhs6_1247,load_p3ulv3140,p3ulv3140,62.728,1,1,synthetic_nearest_load_assumption,0,2436,provisional_spatial_candidate
429,2,p3uhs6_1247--p3udt31448,p3uhs6_1247,load_p3ulv51409,p3ulv51409,76.034,1,0,synthetic_nearest_load_assumption,0,2436,provisional_spatial_candidate
429,3,p3uhs6_1247--p3udt31448,p3uhs6_1247,load_p3ulv35250,p3ulv35250,90.408,1,0,synthetic_nearest_load_assumption,0,2436,provisional_spatial_candidate
430,1,p5uhs16_1247--p5udt385,p5uhs16_1247,load_p5ulv1179,p5ulv1179,31.489,1,1,synthetic_nearest_load_assumption,0,2754,provisional_spatial_candidate
430,2,p5uhs16_1247--p5udt385,p5uhs16_1247,load_p5ulv13721,p5ulv13721,38.191,1,0,synthetic_nearest_load_assumption,0,2754,provisional_spatial_candidate
430,3,p5uhs16_1247--p5udt385,p5uhs16_1247,load_p5ulv14758,p5ulv14758,49.511,1,0,synthetic_nearest_load_assumption,0,2754,provisional_spatial_candidate
431,1,p3uhs14_1247--p3udt2638,p3uhs14_1247,load_p3ulv71950,p3ulv71950,39.025,1,1,synthetic_nearest_load_assumption,0,2303,provisional_spatial_candidate
431,2,p3uhs14_1247--p3udt2638,p3uhs14_1247,load_p3ulv49708,p3ulv49708,70.204,1,0,synthetic_nearest_load_assumption,0,2303,provisional_spatial_candidate
431,3,p3uhs14_1247--p3udt2638,p3uhs14_1247,load_p3ulv77289,p3ulv77289,77.593,1,0,synthetic_nearest_load_assumption,0,2303,provisional_spatial_candidate
432,1,p3uhs15_1247--p3udt29990,p3uhs15_1247,load_p3ulv50514,p3ulv50514,53.289,1,1,synthetic_nearest_load_assumption,0,2287,provisional_spatial_candidate
432,2,p3uhs15_1247--p3udt29990,p3uhs15_1247,load_p3ulv37279,p3ulv37279,65.551,1,0,synthetic_nearest_load_assumption,0,2287,provisional_spatial_candidate
432,3,p3uhs15_1247--p3udt29990,p3uhs15_1247,load_p3ulv2168,p3ulv2168,111.24,1,0,synthetic_nearest_load_assumption,0,2287,provisional_spatial_candidate
433,1,p3uhs3_1247--p3udt11536,p3uhs3_1247,load_p3ulv64017,p3ulv64017,58.95,1,1,synthetic_nearest_load_assumption,0,2312,provisional_spatial_candidate
433,2,p3uhs3_1247--p3udt11536,p3uhs3_1247,load_p3ulv27828,p3ulv27828,73.726,1,0,synthetic_nearest_load_assumption,0,2312,provisional_spatial_candidate
433,3,p3uhs3_1247--p3udt11536,p3uhs3_1247,load_p3ulv29339,p3ulv29339,78.458,1,0,synthetic_nearest_load_assumption,0,2312,provisional_spatial_candidate
434,1,p3uhs3_1247--p3udt31518,p3uhs3_1247,load_p3ulv69404,p3ulv69404,55.459,1,1,synthetic_nearest_load_assumption,0,2311,provisional_spatial_candidate
434,2,p3uhs3_1247--p3udt31518,p3uhs3_1247,load_p3ulv43308,p3ulv43308,69.154,1,0,synthetic_nearest_load_assumption,0,2311,provisional_spatial_candidate
434,3,p3uhs3_1247--p3udt31518,p3uhs3_1247,load_p3ulv3536,p3ulv3536,86.306,1,0,synthetic_nearest_load_assumption,0,2311,provisional_spatial_candidate
435,1,p1uhs2_1247--p1udt18369,p1uhs2_1247,load_p1ulv28252,p1ulv28252,43.679,1,1,synthetic_nearest_load_assumption,0,5035,provisional_spatial_candidate
435,2,p1uhs2_1247--p1udt18369,p1uhs2_1247,load_p1ulv30107,p1ulv30107,48.762,1,0,synthetic_nearest_load_assumption,0,5035,provisional_spatial_candidate
435,3,p1uhs2_1247--p1udt18369,p1uhs2_1247,load_p1ulv45972,p1ulv45972,58.812,1,0,synthetic_nearest_load_assumption,0,5035,provisional_spatial_candidate
436,1,p1uhs15_1247--p1udt9658,p1uhs15_1247,load_p1ulv60167,p1ulv60167,47.149,1,1,synthetic_nearest_load_assumption,0,,over_50m
436,2,p1uhs15_1247--p1udt9658,p1uhs15_1247,load_p1ulv52852,p1ulv52852,58.962,1,0,synthetic_nearest_load_assumption,0,,over_50m
436,3,p1uhs15_1247--p1udt9658,p1uhs15_1247,load_p1ulv14855,p1ulv14855,63.268,1,0,synthetic_nearest_load_assumption,0,,over_50m
437,1,p1uhs2_1247--p1udt9621,p1uhs2_1247,load_p1ulv62649,p1ulv62649,59.562,1,1,synthetic_nearest_load_assumption,0,5043,provisional_spatial_candidate
437,2,p1uhs2_1247--p1udt9621,p1uhs2_1247,load_p1ulv60731,p1ulv60731,60.87,1,0,synthetic_nearest_load_assumption,0,5043,provisional_spatial_candidate
437,3,p1uhs2_1247--p1udt9621,p1uhs2_1247,load_p1ulv21231,p1ulv21231,67.198,1,0,synthetic_nearest_load_assumption,0,5043,provisional_spatial_candidate
438,1,p1uhs2_1247--p1udt9621,p1uhs2_1247,load_p1ulv17995,p1ulv17995,72.291,1,1,synthetic_nearest_load_assumption,0,,over_50m
438,2,p1uhs2_1247--p1udt9621,p1uhs2_1247,load_p1ulv17996,p1ulv17996,77.041,1,0,synthetic_nearest_load_assumption,0,,over_50m
438,3,p1uhs2_1247--p1udt18369,p1uhs2_1247,load_p1ulv47181,p1ulv47181,77.273,1,0,synthetic_nearest_load_assumption,0,,over_50m
439,1,p5uhs13_1247--p5udt27754,p5uhs13_1247,load_p5ulv41682,p5ulv41682,40.484,1,1,synthetic_nearest_load_assumption,0,,over_50m
439,2,p5uhs13_1247--p5udt27754,p5uhs13_1247,load_p5ulv53432,p5ulv53432,41.805,1,0,synthetic_nearest_load_assumption,0,,over_50m
439,3,p5uhs13_1247--p5udt27754,p5uhs13_1247,load_p5ulv51765,p5ulv51765,44.51,1,0,synthetic_nearest_load_assumption,0,,over_50m
440,1,p5uhs13_1247--p5udt27754,p5uhs13_1247,load_p5ulv37246,p5ulv37246,36.427,1,1,synthetic_nearest_load_assumption,0,3752,provisional_spatial_candidate
440,2,p5uhs13_1247--p5udt27754,p5uhs13_1247,load_p5ulv47785,p5ulv47785,43.499,1,0,synthetic_nearest_load_assumption,0,3752,provisional_spatial_candidate
440,3,p5uhs13_1247--p5udt27754,p5uhs13_1247,load_p5ulv46732,p5ulv46732,44.106,1,0,synthetic_nearest_load_assumption,0,3752,provisional_spatial_candidate
441,1,p5uhs13_1247--p5udt27754,p5uhs13_1247,load_p5ulv50620,p5ulv50620,41.558,1,1,synthetic_nearest_load_assumption,0,3756,provisional_spatial_candidate
441,2,p5uhs13_1247--p5udt27754,p5uhs13_1247,load_p5ulv36165,p5ulv36165,71.453,1,0,synthetic_nearest_load_assumption,0,3756,provisional_spatial_candidate
441,3,p5uhs13_1247--p5udt27754,p5uhs13_1247,load_p5ulv45025,p5ulv45025,71.884,1,0,synthetic_nearest_load_assumption,0,3756,provisional_spatial_candidate
442,1,p5uhs18_1247--p5udt9682,p5uhs18_1247,load_p5ulv41125,p5ulv41125,38.291,1,1,synthetic_nearest_load_assumption,0,3758,provisional_spatial_candidate
442,2,p5uhs18_1247--p5udt9682,p5uhs18_1247,load_p5ulv31737,p5ulv31737,46.099,1,0,synthetic_nearest_load_assumption,0,3758,provisional_spatial_candidate
442,3,p5uhs18_1247--p5udt9682,p5uhs18_1247,load_p5ulv61922,p5ulv61922,71.027,1,0,synthetic_nearest_load_assumption,0,3758,provisional_spatial_candidate
443,1,p5uhs18_1247--p5udt9682,p5uhs18_1247,load_p5ulv41166,p5ulv41166,23.775,1,1,synthetic_nearest_load_assumption,0,,over_50m
443,2,p5uhs18_1247--p5udt9682,p5uhs18_1247,load_p5ulv46228,p5ulv46228,39.12,1,0,synthetic_nearest_load_assumption,0,,over_50m
443,3,p5uhs18_1247--p5udt9682,p5uhs18_1247,load_p5ulv27271,p5ulv27271,68.403,1,0,synthetic_nearest_load_assumption,0,,over_50m
444,1,p5uhs18_1247--p5udt9682,p5uhs18_1247,load_p5ulv75938,p5ulv75938,37.731,1,1,synthetic_nearest_load_assumption,0,3633,provisional_spatial_candidate
444,2,p5uhs18_1247--p5udt9682,p5uhs18_1247,load_p5ulv30104,p5ulv30104,51.555,1,0,synthetic_nearest_load_assumption,0,3633,provisional_spatial_candidate
444,3,p5uhs18_1247--p5udt9682,p5uhs18_1247,load_p5ulv75388,p5ulv75388,65.719,1,0,synthetic_nearest_load_assumption,0,3633,provisional_spatial_candidate
445,1,p5uhs28_1247--p5udt12928,p5uhs28_1247,load_p5ulv24968,p5ulv24968,41.147,1,1,synthetic_nearest_load_assumption,0,3985,provisional_spatial_candidate
445,2,p5uhs28_1247--p5udt12928,p5uhs28_1247,load_p5ulv53943,p5ulv53943,79.957,1,0,synthetic_nearest_load_assumption,0,3985,provisional_spatial_candidate
445,3,p5uhs28_1247--p5udt12928,p5uhs28_1247,load_p5ulv62451,p5ulv62451,86.193,1,0,synthetic_nearest_load_assumption,0,3985,provisional_spatial_candidate
446,1,p5uhs28_1247--p5udt12928,p5uhs28_1247,load_p5ulv20000,p5ulv20000,74.405,1,1,synthetic_nearest_load_assumption,0,3986,provisional_spatial_candidate
446,2,p5uhs28_1247--p5udt12928,p5uhs28_1247,load_p5ulv40542,p5ulv40542,90.066,1,0,synthetic_nearest_load_assumption,0,3986,provisional_spatial_candidate
446,3,p5uhs14_1247--p5udt30754,p5uhs14_1247,load_p5ulv40543,p5ulv40543,101.142,1,0,synthetic_nearest_load_assumption,0,3986,provisional_spatial_candidate
447,1,p5uhs14_1247--p5udt12053,p5uhs14_1247,load_p5ulv63625,p5ulv63625,131.769,1,1,synthetic_nearest_load_assumption,0,3987,provisional_spatial_candidate
447,2,p5uhs28_1247--p5udt12928,p5uhs28_1247,load_p5ulv74173,p5ulv74173,143.706,1,0,synthetic_nearest_load_assumption,0,3987,provisional_spatial_candidate
447,3,p5uhs28_1247--p5udt12928,p5uhs28_1247,load_p5ulv55694,p5ulv55694,204.75,0,0,synthetic_nearest_load_assumption,0,3987,provisional_spatial_candidate
450,1,p5uhs17_1247--p5udt28507,p5uhs17_1247,load_p5ulv41658,p5ulv41658,88.327,1,1,synthetic_nearest_load_assumption,0,4040,provisional_spatial_candidate
450,2,p5uhs17_1247--p5udt28507,p5uhs17_1247,load_p5ulv56235,p5ulv56235,115.23,1,0,synthetic_nearest_load_assumption,0,4040,provisional_spatial_candidate
450,3,p5uhs15_1247--p5udt17500,p5uhs15_1247,load_p5ulv40540,p5ulv40540,165.201,1,0,synthetic_nearest_load_assumption,0,4040,provisional_spatial_candidate
451,1,p5uhs17_1247--p5udt28507,p5uhs17_1247,load_p5ulv73039,p5ulv73039,53.889,1,1,synthetic_nearest_load_assumption,0,4042,provisional_spatial_candidate
451,2,p5uhs17_1247--p5udt28507,p5uhs17_1247,load_p5ulv51160,p5ulv51160,67.36,1,0,synthetic_nearest_load_assumption,0,4042,provisional_spatial_candidate
451,3,p5uhs17_1247--p5udt28507,p5uhs17_1247,load_p5ulv76380,p5ulv76380,78.91,1,0,synthetic_nearest_load_assumption,0,4042,provisional_spatial_candidate
452,1,p3uhs6_1247--p3udt18941,p3uhs6_1247,load_p3ulv2323,p3ulv2323,38.745,1,1,synthetic_nearest_load_assumption,0,,over_50m
452,2,p3uhs6_1247--p3udt31448,p3uhs6_1247,load_p3ulv79038,p3ulv79038,46.433,1,0,synthetic_nearest_load_assumption,0,,over_50m
452,3,p3uhs6_1247--p3udt18941,p3uhs6_1247,load_p3ulv78252,p3ulv78252,47.537,1,0,synthetic_nearest_load_assumption,0,,over_50m
453,1,p1uhs2_1247--p1udt18369,p1uhs2_1247,load_p1ulv26946,p1ulv26946,71.698,1,1,synthetic_nearest_load_assumption,0,,over_50m
453,2,p1uhs2_1247--p1udt18369,p1uhs2_1247,load_p1ulv6075,p1ulv6075,76.463,1,0,synthetic_nearest_load_assumption,0,,over_50m
453,3,p1uhs2_1247--p1udt18369,p1uhs2_1247,load_p1ulv34566,p1ulv34566,76.991,1,0,synthetic_nearest_load_assumption,0,,over_50m
455,1,p1uhs6_1247--p1udt14764,p1uhs6_1247,load_p1ulv46566,p1ulv46566,69.012,1,1,synthetic_nearest_load_assumption,0,5083,provisional_spatial_candidate
455,2,p1uhs6_1247--p1udt14764,p1uhs6_1247,load_p1ulv37073,p1ulv37073,91.804,1,0,synthetic_nearest_load_assumption,0,5083,provisional_spatial_candidate
455,3,p1uhs6_1247--p1udt14764,p1uhs6_1247,load_p1ulv35226,p1ulv35226,99.007,1,0,synthetic_nearest_load_assumption,0,5083,provisional_spatial_candidate
456,1,p1uhs15_1247--p1udt17622,p1uhs15_1247,load_p1ulv65222,p1ulv65222,86.649,1,1,synthetic_nearest_load_assumption,0,4444,provisional_spatial_candidate
456,2,p1uhs15_1247--p1udt17622,p1uhs15_1247,load_p1ulv27648,p1ulv27648,116.861,1,0,synthetic_nearest_load_assumption,0,4444,provisional_spatial_candidate
456,3,p1uhs15_1247--p1udt17622,p1uhs15_1247,load_p1ulv32696,p1ulv32696,133.396,1,0,synthetic_nearest_load_assumption,0,4444,provisional_spatial_candidate
457,1,p1uhs7_1247--p1udt14301,p1uhs7_1247,load_p1ulv27203,p1ulv27203,32.644,1,1,synthetic_nearest_load_assumption,0,,over_50m
457,2,p1uhs7_1247--p1udt14301,p1uhs7_1247,load_p1ulv20835,p1ulv20835,46.145,1,0,synthetic_nearest_load_assumption,0,,over_50m
457,3,p1uhs7_1247--p1udt14301,p1uhs7_1247,load_p1ulv23370,p1ulv23370,53.584,1,0,synthetic_nearest_load_assumption,0,,over_50m
458,1,p1uhs0_1247--p1udt2142,p1uhs0_1247,load_p1ulv44724,p1ulv44724,89.495,1,1,synthetic_nearest_load_assumption,0,3597,provisional_spatial_candidate
458,2,p1uhs0_1247--p1udt2142,p1uhs0_1247,load_p1ulv20627,p1ulv20627,101.239,1,0,synthetic_nearest_load_assumption,0,3597,provisional_spatial_candidate
458,3,p1uhs0_1247--p1udt2142,p1uhs0_1247,load_p1ulv30766,p1ulv30766,128.868,1,0,synthetic_nearest_load_assumption,0,3597,provisional_spatial_candidate
459,1,p1uhs15_1247--p1udt17622,p1uhs15_1247,load_p1ulv62057,p1ulv62057,67.625,1,1,synthetic_nearest_load_assumption,0,,over_50m
459,2,p1uhs15_1247--p1udt17622,p1uhs15_1247,load_p1ulv6790,p1ulv6790,73.515,1,0,synthetic_nearest_load_assumption,0,,over_50m
459,3,p1uhs4_1247--p1udt7282,p1uhs4_1247,load_p1ulv13609,p1ulv13609,76.314,1,0,synthetic_nearest_load_assumption,0,,over_50m
460,1,p1uhs11_1247--p1udt22445,p1uhs11_1247,load_p1ulv11736,p1ulv11736,34.127,1,1,synthetic_nearest_load_assumption,0,,over_50m
460,2,p1uhs11_1247--p1udt22445,p1uhs11_1247,load_p1ulv65236,p1ulv65236,45.644,1,0,synthetic_nearest_load_assumption,0,,over_50m
460,3,p1uhs11_1247--p1udt22445,p1uhs11_1247,load_p1ulv18063,p1ulv18063,76.933,1,0,synthetic_nearest_load_assumption,0,,over_50m
461,1,p1uhs11_1247--p1udt22445,p1uhs11_1247,load_p1ulv36536,p1ulv36536,32.799,1,1,synthetic_nearest_load_assumption,0,4147,provisional_spatial_candidate
461,2,p1uhs11_1247--p1udt22445,p1uhs11_1247,load_p1ulv42755,p1ulv42755,78.626,1,0,synthetic_nearest_load_assumption,0,4147,provisional_spatial_candidate
461,3,p1uhs11_1247--p1udt22445,p1uhs11_1247,load_p1ulv57764,p1ulv57764,91.114,1,0,synthetic_nearest_load_assumption,0,4147,provisional_spatial_candidate
462,1,p1uhs11_1247--p1udt25287,p1uhs11_1247,load_p1ulv4854,p1ulv4854,59.216,1,1,synthetic_nearest_load_assumption,0,4097,provisional_spatial_candidate
462,2,p1uhs11_1247--p1udt25287,p1uhs11_1247,load_p1ulv28912,p1ulv28912,76.536,1,0,synthetic_nearest_load_assumption,0,4097,provisional_spatial_candidate
462,3,p1uhs11_1247--p1udt25287,p1uhs11_1247,load_p1ulv63962,p1ulv63962,79.366,1,0,synthetic_nearest_load_assumption,0,4097,provisional_spatial_candidate
463,1,p1uhs11_1247--p1udt12111,p1uhs11_1247,load_p1ulv1021,p1ulv1021,208.094,0,0,synthetic_nearest_load_assumption,0,3603,provisional_spatial_candidate
463,2,p1uhs0_1247--p1udt2142,p1uhs0_1247,load_p1umv24,p1umv24,209.3,0,0,synthetic_nearest_load_assumption,0,3603,provisional_spatial_candidate
463,3,p1uhs11_1247--p1udt12111,p1uhs11_1247,load_p1ulv18041,p1ulv18041,266.897,0,0,synthetic_nearest_load_assumption,0,3603,provisional_spatial_candidate
464,1,p1uhs11_1247--p1udt25287,p1uhs11_1247,load_p1ulv49087,p1ulv49087,51.193,1,1,synthetic_nearest_load_assumption,0,,over_50m
464,2,p1uhs11_1247--p1udt25287,p1uhs11_1247,load_p1ulv37156,p1ulv37156,102.716,1,0,synthetic_nearest_load_assumption,0,,over_50m
464,3,p1uhs11_1247--p1udt25287,p1uhs11_1247,load_p1ulv21283,p1ulv21283,151.026,1,0,synthetic_nearest_load_assumption,0,,over_50m
465,1,p3uhs1_1247--p3udt16112,p3uhs1_1247,load_p3ulv40814,p3ulv40814,28.002,1,1,synthetic_nearest_load_assumption,0,,over_50m
465,2,p3uhs1_1247--p3udt16112,p3uhs1_1247,load_p3ulv40012,p3ulv40012,35.63,1,0,synthetic_nearest_load_assumption,0,,over_50m
465,3,p3uhs1_1247--p3udt16112,p3uhs1_1247,load_p3ulv34651,p3ulv34651,42.413,1,0,synthetic_nearest_load_assumption,0,,over_50m
466,1,p1uhs11_1247--p1udt25287,p1uhs11_1247,load_p1ulv44073,p1ulv44073,82.369,1,1,synthetic_nearest_load_assumption,0,,over_50m
466,2,p1uhs11_1247--p1udt25287,p1uhs11_1247,load_p1ulv28910,p1ulv28910,166.636,1,0,synthetic_nearest_load_assumption,0,,over_50m
466,3,p1uhs11_1247--p1udt25287,p1uhs11_1247,load_p1ulv28911,p1ulv28911,169.545,1,0,synthetic_nearest_load_assumption,0,,over_50m
467,1,p1uhs22_1247--p1udt24311,p1uhs22_1247,load_p1ulv40990,p1ulv40990,91.704,1,1,synthetic_nearest_load_assumption,0,,over_50m
467,2,p1uhs22_1247--p1udt24311,p1uhs22_1247,load_p1ulv25784,p1ulv25784,115.08,1,0,synthetic_nearest_load_assumption,0,,over_50m
467,3,p1uhs22_1247--p1udt24311,p1uhs22_1247,load_p1ulv54171,p1ulv54171,116.732,1,0,synthetic_nearest_load_assumption,0,,over_50m
469,1,p1uhs7_1247--p1udt1702,p1uhs7_1247,load_p1ulv35331,p1ulv35331,50.531,1,1,synthetic_nearest_load_assumption,0,4377,provisional_spatial_candidate
469,2,p1uhs7_1247--p1udt1702,p1uhs7_1247,load_p1ulv64651,p1ulv64651,64.948,1,0,synthetic_nearest_load_assumption,0,4377,provisional_spatial_candidate
469,3,p1uhs7_1247--p1udt1702,p1uhs7_1247,load_p1ulv38478,p1ulv38478,79.812,1,0,synthetic_nearest_load_assumption,0,4377,provisional_spatial_candidate
470,1,p5uhs8_1247--p5udt31669,p5uhs8_1247,load_p5ulv25250,p5ulv25250,19.312,1,1,synthetic_nearest_load_assumption,0,3564,provisional_spatial_candidate
470,2,p5uhs8_1247--p5udt31669,p5uhs8_1247,load_p5ulv58196,p5ulv58196,22.672,1,0,synthetic_nearest_load_assumption,0,3564,provisional_spatial_candidate
470,3,p5uhs8_1247--p5udt31669,p5uhs8_1247,load_p5ulv32493,p5ulv32493,28.693,1,0,synthetic_nearest_load_assumption,0,3564,provisional_spatial_candidate
471,1,p5uhs17_1247--p5udt20156,p5uhs17_1247,load_p5ulv39143,p5ulv39143,36.274,1,1,synthetic_nearest_load_assumption,0,3519,provisional_spatial_candidate
471,2,p5uhs8_1247--p5udt31669,p5uhs8_1247,load_p5ulv62738,p5ulv62738,50.165,1,0,synthetic_nearest_load_assumption,0,3519,provisional_spatial_candidate
471,3,p5uhs17_1247--p5udt20156,p5uhs17_1247,load_p5ulv29222,p5ulv29222,58.666,1,0,synthetic_nearest_load_assumption,0,3519,provisional_spatial_candidate
472,1,p5uhs3_1247--p5udt7453,p5uhs3_1247,load_p5ulv16058,p5ulv16058,81.089,1,1,synthetic_nearest_load_assumption,0,,over_50m
472,2,p5uhs3_1247--p5udt7453,p5uhs3_1247,load_p5ulv6230,p5ulv6230,93.816,1,0,synthetic_nearest_load_assumption,0,,over_50m
472,3,p5uhs3_1247--p5udt7453,p5uhs3_1247,load_p5ulv78373,p5ulv78373,114.899,1,0,synthetic_nearest_load_assumption,0,,over_50m
473,1,p5uhs21_1247--p5udt24017,p5uhs21_1247,load_p5ulv41942,p5ulv41942,28.914,1,1,synthetic_nearest_load_assumption,0,,over_50m
473,2,p5uhs21_1247--p5udt24017,p5uhs21_1247,load_p5ulv19705,p5ulv19705,29.551,1,0,synthetic_nearest_load_assumption,0,,over_50m
473,3,p5uhs21_1247--p5udt24017,p5uhs21_1247,load_p5ulv69967,p5ulv69967,30.978,1,0,synthetic_nearest_load_assumption,0,,over_50m
474,1,p5uhs21_1247--p5udt24017,p5uhs21_1247,load_p5ulv71059,p5ulv71059,30.833,1,1,synthetic_nearest_load_assumption,0,4401,provisional_spatial_candidate
474,2,p5uhs21_1247--p5udt24017,p5uhs21_1247,load_p5ulv75526,p5ulv75526,32.069,1,0,synthetic_nearest_load_assumption,0,4401,provisional_spatial_candidate
474,3,p5uhs21_1247--p5udt24017,p5uhs21_1247,load_p5ulv45838,p5ulv45838,43.401,1,0,synthetic_nearest_load_assumption,0,4401,provisional_spatial_candidate
475,1,p5uhs21_1247--p5udt24017,p5uhs21_1247,load_p5ulv73830,p5ulv73830,50.79,1,1,synthetic_nearest_load_assumption,0,4406,provisional_spatial_candidate
475,2,p5uhs21_1247--p5udt24017,p5uhs21_1247,load_p5ulv68240,p5ulv68240,75.015,1,0,synthetic_nearest_load_assumption,0,4406,provisional_spatial_candidate
475,3,p1uhs7_1247--p1udt14301,p1uhs7_1247,load_p1ulv28474,p1ulv28474,120.357,1,0,synthetic_nearest_load_assumption,0,4406,provisional_spatial_candidate
476,1,p1uhs7_1247--p1udt14301,p1uhs7_1247,load_p1ulv5667,p1ulv5667,40.693,1,1,synthetic_nearest_load_assumption,0,4408,provisional_spatial_candidate
476,2,p1uhs7_1247--p1udt14301,p1uhs7_1247,load_p1ulv12558,p1ulv12558,62.981,1,0,synthetic_nearest_load_assumption,0,4408,provisional_spatial_candidate
476,3,p1uhs7_1247--p1udt14301,p1uhs7_1247,load_p1ulv30327,p1ulv30327,72.106,1,0,synthetic_nearest_load_assumption,0,4408,provisional_spatial_candidate
477,1,p1uhs7_1247--p1udt1702,p1uhs7_1247,load_p1ulv50365,p1ulv50365,44.978,1,1,synthetic_nearest_load_assumption,0,,over_50m
477,2,p1uhs7_1247--p1udt1702,p1uhs7_1247,load_p1ulv22572,p1ulv22572,46.288,1,0,synthetic_nearest_load_assumption,0,,over_50m
477,3,p1uhs7_1247--p1udt1702,p1uhs7_1247,load_p1ulv47298,p1ulv47298,54.644,1,0,synthetic_nearest_load_assumption,0,,over_50m
478,1,p5uhs23_1247--p5udt23560,p5uhs23_1247,load_p5ulv49178,p5ulv49178,41.796,1,1,synthetic_nearest_load_assumption,0,4438,provisional_spatial_candidate
478,2,p5uhs23_1247--p5udt23560,p5uhs23_1247,load_p5ulv23015,p5ulv23015,44.401,1,0,synthetic_nearest_load_assumption,0,4438,provisional_spatial_candidate
478,3,p5uhs23_1247--p5udt23560,p5uhs23_1247,load_p5ulv69980,p5ulv69980,46.14,1,0,synthetic_nearest_load_assumption,0,4438,provisional_spatial_candidate
479,1,p5uhs21_1247--p5udt26112,p5uhs21_1247,load_p5ulv75522,p5ulv75522,17.703,1,1,synthetic_nearest_load_assumption,0,,over_50m
479,2,p5uhs21_1247--p5udt26112,p5uhs21_1247,load_p5ulv66560,p5ulv66560,19.538,1,0,synthetic_nearest_load_assumption,0,,over_50m
479,3,p5uhs21_1247--p5udt26112,p5uhs21_1247,load_p5ulv39113,p5ulv39113,27.371,1,0,synthetic_nearest_load_assumption,0,,over_50m
480,1,p5uhs21_1247--p5udt24017,p5uhs21_1247,load_p5ulv41306,p5ulv41306,40.136,1,1,synthetic_nearest_load_assumption,0,4428,provisional_spatial_candidate
480,2,p5uhs21_1247--p5udt24017,p5uhs21_1247,load_p5ulv47423,p5ulv47423,44.799,1,0,synthetic_nearest_load_assumption,0,4428,provisional_spatial_candidate
480,3,p5uhs21_1247--p5udt24017,p5uhs21_1247,load_p5ulv61541,p5ulv61541,54.364,1,0,synthetic_nearest_load_assumption,0,4428,provisional_spatial_candidate
481,1,p1uhs4_1247--p1udt21090,p1uhs4_1247,load_p1ulv65406,p1ulv65406,23.37,1,1,synthetic_nearest_load_assumption,0,4429,provisional_spatial_candidate
481,2,p1uhs4_1247--p1udt21090,p1uhs4_1247,load_p1ulv60363,p1ulv60363,40.121,1,0,synthetic_nearest_load_assumption,0,4429,provisional_spatial_candidate
481,3,p1uhs4_1247--p1udt21090,p1uhs4_1247,load_p1ulv8182,p1ulv8182,40.685,1,0,synthetic_nearest_load_assumption,0,4429,provisional_spatial_candidate
482,1,p1uhs4_1247--p1udt7282,p1uhs4_1247,load_p1ulv5484,p1ulv5484,42.331,1,1,synthetic_nearest_load_assumption,0,3593,provisional_spatial_candidate
482,2,p1uhs4_1247--p1udt7282,p1uhs4_1247,load_p1ulv55940,p1ulv55940,48.292,1,0,synthetic_nearest_load_assumption,0,3593,provisional_spatial_candidate
482,3,p1uhs4_1247--p1udt7282,p1uhs4_1247,load_p1ulv58969,p1ulv58969,78.962,1,0,synthetic_nearest_load_assumption,0,3593,provisional_spatial_candidate
483,1,p1uhs4_1247--p1udt7282,p1uhs4_1247,load_p1ulv35274,p1ulv35274,41.194,1,1,synthetic_nearest_load_assumption,0,,over_50m
483,2,p1uhs4_1247--p1udt7282,p1uhs4_1247,load_p1ulv18073,p1ulv18073,66.219,1,0,synthetic_nearest_load_assumption,0,,over_50m
483,3,p1uhs4_1247--p1udt7282,p1uhs4_1247,load_p1ulv21910,p1ulv21910,92.876,1,0,synthetic_nearest_load_assumption,0,,over_50m
484,1,p1uhs15_1247--p1udt9658,p1uhs15_1247,load_p1ulv17369,p1ulv17369,50.761,1,1,synthetic_nearest_load_assumption,0,4447,provisional_spatial_candidate
484,2,p1uhs15_1247--p1udt9658,p1uhs15_1247,load_p1ulv19367,p1ulv19367,61.125,1,0,synthetic_nearest_load_assumption,0,4447,provisional_spatial_candidate
484,3,p1uhs15_1247--p1udt9658,p1uhs15_1247,load_p1ulv18703,p1ulv18703,64.928,1,0,synthetic_nearest_load_assumption,0,4447,provisional_spatial_candidate
485,1,p1uhs7_1247--p1udt1702,p1uhs7_1247,load_p1ulv16165,p1ulv16165,36.038,1,1,synthetic_nearest_load_assumption,0,,over_50m
485,2,p1uhs7_1247--p1udt1702,p1uhs7_1247,load_p1ulv23233,p1ulv23233,43.592,1,0,synthetic_nearest_load_assumption,0,,over_50m
485,3,p1uhs7_1247--p1udt1702,p1uhs7_1247,load_p1ulv42825,p1ulv42825,52.766,1,0,synthetic_nearest_load_assumption,0,,over_50m
486,1,p1uhs4_1247--p1udt21090,p1uhs4_1247,load_p1ulv32882,p1ulv32882,53.622,1,1,synthetic_nearest_load_assumption,0,4412,provisional_spatial_candidate
486,2,p1uhs4_1247--p1udt21090,p1uhs4_1247,load_p1ulv48667,p1ulv48667,113.157,1,0,synthetic_nearest_load_assumption,0,4412,provisional_spatial_candidate
486,3,p1uhs4_1247--p1udt21090,p1uhs4_1247,load_p1ulv623,p1ulv623,117.438,1,0,synthetic_nearest_load_assumption,0,4412,provisional_spatial_candidate
487,1,p5uhs26_1247--p5udt22654,p5uhs26_1247,load_p5ulv25409,p5ulv25409,106.735,1,1,synthetic_nearest_load_assumption,0,4221,provisional_spatial_candidate
487,2,p5uhs26_1247--p5udt22654,p5uhs26_1247,load_p5ulv34829,p5ulv34829,116.165,1,0,synthetic_nearest_load_assumption,0,4221,provisional_spatial_candidate
487,3,p5uhs26_1247--p5udt22654,p5uhs26_1247,load_p5ulv33180,p5ulv33180,116.413,1,0,synthetic_nearest_load_assumption,0,4221,provisional_spatial_candidate
488,1,p5uhs26_1247--p5udt22654,p5uhs26_1247,load_p5ulv60636,p5ulv60636,72.015,1,1,synthetic_nearest_load_assumption,0,4214,provisional_spatial_candidate
488,2,p5uhs26_1247--p5udt22654,p5uhs26_1247,load_p5ulv20384,p5ulv20384,88.602,1,0,synthetic_nearest_load_assumption,0,4214,provisional_spatial_candidate
488,3,p5uhs26_1247--p5udt22654,p5uhs26_1247,load_p5ulv48153,p5ulv48153,93.723,1,0,synthetic_nearest_load_assumption,0,4214,provisional_spatial_candidate
489,1,p5uhs30_1247--p5udt30417,p5uhs30_1247,load_p5ulv27059,p5ulv27059,21.634,1,1,synthetic_nearest_load_assumption,0,4179,provisional_spatial_candidate
489,2,p5uhs30_1247--p5udt30417,p5uhs30_1247,load_p5ulv46002,p5ulv46002,45.243,1,0,synthetic_nearest_load_assumption,0,4179,provisional_spatial_candidate
489,3,p5uhs30_1247--p5udt30417,p5uhs30_1247,load_p5ulv31554,p5ulv31554,52.549,1,0,synthetic_nearest_load_assumption,0,4179,provisional_spatial_candidate
490,1,p2uhs6_1247--p2udt6420,p2uhs6_1247,load_p2ulv4635,p2ulv4635,31.052,1,1,synthetic_nearest_load_assumption,0,4192,provisional_spatial_candidate
490,2,p2uhs6_1247--p2udt6420,p2uhs6_1247,load_p2ulv6578,p2ulv6578,46.359,1,0,synthetic_nearest_load_assumption,0,4192,provisional_spatial_candidate
490,3,p2uhs6_1247--p2udt6420,p2uhs6_1247,load_p2ulv9604,p2ulv9604,47.17,1,0,synthetic_nearest_load_assumption,0,4192,provisional_spatial_candidate
491,1,p5uhs21_1247--p5udt24017,p5uhs21_1247,load_p5ulv76613,p5ulv76613,24.171,1,1,synthetic_nearest_load_assumption,0,4403,provisional_spatial_candidate
491,2,p5uhs21_1247--p5udt24017,p5uhs21_1247,load_p5ulv43545,p5ulv43545,25.662,1,0,synthetic_nearest_load_assumption,0,4403,provisional_spatial_candidate
491,3,p5uhs21_1247--p5udt24017,p5uhs21_1247,load_p5ulv47438,p5ulv47438,40.218,1,0,synthetic_nearest_load_assumption,0,4403,provisional_spatial_candidate
492,1,p5uhs21_1247--p5udt24017,p5uhs21_1247,load_p5ulv43537,p5ulv43537,39.573,1,1,synthetic_nearest_load_assumption,0,4430,provisional_spatial_candidate
492,2,p5uhs21_1247--p5udt24017,p5uhs21_1247,load_p5ulv35751,p5ulv35751,46.158,1,0,synthetic_nearest_load_assumption,0,4430,provisional_spatial_candidate
492,3,p5uhs21_1247--p5udt24017,p5uhs21_1247,load_p5ulv43536,p5ulv43536,47.322,1,0,synthetic_nearest_load_assumption,0,4430,provisional_spatial_candidate
493,1,p1uhs0_1247--p1udt2142,p1uhs0_1247,load_p1ulv403,p1ulv403,68.885,1,1,synthetic_nearest_load_assumption,0,1131,provisional_spatial_candidate
493,2,p1uhs0_1247--p1udt2142,p1uhs0_1247,load_p1ulv49671,p1ulv49671,83.1,1,0,synthetic_nearest_load_assumption,0,1131,provisional_spatial_candidate
493,3,p1uhs0_1247--p1udt2142,p1uhs0_1247,load_p1ulv62041,p1ulv62041,100.191,1,0,synthetic_nearest_load_assumption,0,1131,provisional_spatial_candidate
495,1,p1uhs7_1247--p1udt1702,p1uhs7_1247,load_p1ulv37794,p1ulv37794,23.206,1,1,synthetic_nearest_load_assumption,0,,over_50m
495,2,p1uhs7_1247--p1udt1702,p1uhs7_1247,load_p1ulv8665,p1ulv8665,31.344,1,0,synthetic_nearest_load_assumption,0,,over_50m
495,3,p1uhs7_1247--p1udt1702,p1uhs7_1247,load_p1ulv24484,p1ulv24484,38.779,1,0,synthetic_nearest_load_assumption,0,,over_50m
496,1,p2uhs3_1247--p2udt5611,p2uhs3_1247,load_p2ulv3363,p2ulv3363,80.187,1,1,synthetic_nearest_load_assumption,0,,over_50m
496,2,p2uhs3_1247--p2udt5611,p2uhs3_1247,load_p2ulv18585,p2ulv18585,103.294,1,0,synthetic_nearest_load_assumption,0,,over_50m
496,3,p2uhs3_1247--p2udt5611,p2uhs3_1247,load_p2ulv22888,p2ulv22888,109.67,1,0,synthetic_nearest_load_assumption,0,,over_50m
497,1,p2uhs4_1247--p2udt7735,p2uhs4_1247,load_p2ulv12168,p2ulv12168,62.856,1,1,synthetic_nearest_load_assumption,0,6420,provisional_spatial_candidate
497,2,p2uhs4_1247--p2udt7735,p2uhs4_1247,load_p2ulv6978,p2ulv6978,77.244,1,0,synthetic_nearest_load_assumption,0,6420,provisional_spatial_candidate
497,3,p2uhs4_1247--p2udt7735,p2uhs4_1247,load_p2ulv8649,p2ulv8649,84.026,1,0,synthetic_nearest_load_assumption,0,6420,provisional_spatial_candidate
499,1,p3uhs9_1247--p3udt16174,p3uhs9_1247,load_p3ulv48584,p3ulv48584,153.135,1,1,synthetic_nearest_load_assumption,0,,over_50m
499,2,p3uhs9_1247--p3udt16174,p3uhs9_1247,load_p3ulv3336,p3ulv3336,191.992,1,0,synthetic_nearest_load_assumption,0,,over_50m
499,3,p3uhs9_1247--p3udt32034,p3uhs9_1247,load_p3ulv12050,p3ulv12050,249.412,0,0,synthetic_nearest_load_assumption,0,,over_50m
501,1,p2uhs9_1247--p2udt3884,p2uhs9_1247,load_p2ulv16787,p2ulv16787,104.355,1,1,synthetic_nearest_load_assumption,0,3440,provisional_spatial_candidate
501,2,p2uhs9_1247--p2udt3884,p2uhs9_1247,load_p2ulv8423,p2ulv8423,135.066,1,0,synthetic_nearest_load_assumption,0,3440,provisional_spatial_candidate
501,3,p2uhs9_1247--p2udt3884,p2uhs9_1247,load_p2ulv24197,p2ulv24197,137.646,1,0,synthetic_nearest_load_assumption,0,3440,provisional_spatial_candidate
502,1,p5uhs30_1247--p5udt30417,p5uhs30_1247,load_p5ulv37041,p5ulv37041,225.8,0,0,synthetic_nearest_load_assumption,0,,over_50m
502,2,p5uhs30_1247--p5udt30417,p5uhs30_1247,load_p5ulv19792,p5ulv19792,234.86,0,0,synthetic_nearest_load_assumption,0,,over_50m
502,3,p5uhs30_1247--p5udt30417,p5uhs30_1247,load_p5ulv72852,p5ulv72852,247.605,0,0,synthetic_nearest_load_assumption,0,,over_50m
504,1,p3uhs8_1247--p3udt31404,p3uhs8_1247,load_p3ulv77534,p3ulv77534,84.133,1,1,synthetic_nearest_load_assumption,0,3208,provisional_spatial_candidate
504,2,p3uhs8_1247--p3udt31404,p3uhs8_1247,load_p3ulv32944,p3ulv32944,115.828,1,0,synthetic_nearest_load_assumption,0,3208,provisional_spatial_candidate
504,3,p3uhs8_1247--p3udt31404,p3uhs8_1247,load_p3ulv77538,p3ulv77538,143.027,1,0,synthetic_nearest_load_assumption,0,3208,provisional_spatial_candidate
505,1,p3uhs8_1247--p3udt11113,p3uhs8_1247,load_p3ulv73702,p3ulv73702,213.258,0,0,synthetic_nearest_load_assumption,0,,over_50m
505,2,p3uhs8_1247--p3udt31404,p3uhs8_1247,load_p3ulv36038,p3ulv36038,241.208,0,0,synthetic_nearest_load_assumption,0,,over_50m
505,3,p3uhs8_1247--p3udt11113,p3uhs8_1247,load_p3ulv18105,p3ulv18105,249.82,0,0,synthetic_nearest_load_assumption,0,,over_50m
506,1,p3uhs8_1247--p3udt31404,p3uhs8_1247,load_p3ulv36038,p3ulv36038,74.772,1,1,synthetic_nearest_load_assumption,0,,over_50m
506,2,p3uhs8_1247--p3udt31404,p3uhs8_1247,load_p3ulv40612,p3ulv40612,117.573,1,0,synthetic_nearest_load_assumption,0,,over_50m
506,3,p3uhs8_1247--p3udt31404,p3uhs8_1247,load_p3ulv7178,p3ulv7178,160.575,1,0,synthetic_nearest_load_assumption,0,,over_50m
507,1,p3uhs8_1247--p3udt31404,p3uhs8_1247,load_p3ulv75594,p3ulv75594,182.048,1,1,synthetic_nearest_load_assumption,0,3005,provisional_spatial_candidate
507,2,p3uhs8_1247--p3umv17,p3uhs8_1247,load_p3ulv69496,p3ulv69496,193.878,1,0,synthetic_nearest_load_assumption,0,3005,provisional_spatial_candidate
507,3,p3uhs8_1247--p3umv17,p3uhs8_1247,load_p3ulv67956,p3ulv67956,196.455,1,0,synthetic_nearest_load_assumption,0,3005,provisional_spatial_candidate
509,1,p3uhs2_1247--p3udt20296,p3uhs2_1247,load_p3ulv47856,p3ulv47856,44.633,1,1,synthetic_nearest_load_assumption,0,2901,provisional_spatial_candidate
509,2,p3uhs2_1247--p3udt20296,p3uhs2_1247,load_p3ulv23670,p3ulv23670,82.349,1,0,synthetic_nearest_load_assumption,0,2901,provisional_spatial_candidate
509,3,p3uhs2_1247--p3udt20296,p3uhs2_1247,load_p3ulv10434,p3ulv10434,101.492,1,0,synthetic_nearest_load_assumption,0,2901,provisional_spatial_candidate
511,1,p3uhs14_1247--p3udt448,p3uhs14_1247,load_p3ulv43460,p3ulv43460,56.849,1,1,synthetic_nearest_load_assumption,0,,over_50m
511,2,p3uhs14_1247--p3udt448,p3uhs14_1247,load_p3ulv7682,p3ulv7682,66.021,1,0,synthetic_nearest_load_assumption,0,,over_50m
511,3,p3uhs14_1247--p3udt448,p3uhs14_1247,load_p3ulv77255,p3ulv77255,84.25,1,0,synthetic_nearest_load_assumption,0,,over_50m
512,1,p5uhs8_1247--p5udt8308,p5uhs8_1247,load_p5ulv71111,p5ulv71111,24.135,1,1,synthetic_nearest_load_assumption,0,,over_50m
512,2,p5uhs8_1247--p5udt8308,p5uhs8_1247,load_p5ulv65535,p5ulv65535,34.857,1,0,synthetic_nearest_load_assumption,0,,over_50m
512,3,p5uhs8_1247--p5udt8308,p5uhs8_1247,load_p5ulv65534,p5ulv65534,40.004,1,0,synthetic_nearest_load_assumption,0,,over_50m
513,1,p1uhs7_1247--p1udt14301,p1uhs7_1247,load_p1ulv61451,p1ulv61451,35.08,1,1,synthetic_nearest_load_assumption,0,,over_50m
513,2,p1uhs7_1247--p1udt14301,p1uhs7_1247,load_p1ulv53504,p1ulv53504,44.065,1,0,synthetic_nearest_load_assumption,0,,over_50m
513,3,p1uhs7_1247--p1udt14301,p1uhs7_1247,load_p1ulv42792,p1ulv42792,46.421,1,0,synthetic_nearest_load_assumption,0,,over_50m
514,1,p1uhs15_1247--p1udt2795,p1uhs15_1247,load_p1ulv25736,p1ulv25736,28.546,1,1,synthetic_nearest_load_assumption,0,4446,provisional_spatial_candidate
514,2,p1uhs15_1247--p1udt2795,p1uhs15_1247,load_p1ulv36547,p1ulv36547,43.333,1,0,synthetic_nearest_load_assumption,0,4446,provisional_spatial_candidate
514,3,p1uhs15_1247--p1udt2795,p1uhs15_1247,load_p1ulv44754,p1ulv44754,52.942,1,0,synthetic_nearest_load_assumption,0,4446,provisional_spatial_candidate
515,1,p1uhs7_1247--p1udt1702,p1uhs7_1247,load_p1ulv44801,p1ulv44801,17.998,1,1,synthetic_nearest_load_assumption,0,,over_50m
515,2,p1uhs7_1247--p1udt1702,p1uhs7_1247,load_p1ulv37843,p1ulv37843,39.152,1,0,synthetic_nearest_load_assumption,0,,over_50m
515,3,p1uhs7_1247--p1udt1702,p1uhs7_1247,load_p1ulv15521,p1ulv15521,53.109,1,0,synthetic_nearest_load_assumption,0,,over_50m
516,1,p1uhs22_1247--p1udt6863,p1uhs22_1247,load_p1ulv6199,p1ulv6199,38.948,1,1,synthetic_nearest_load_assumption,0,,over_50m
516,2,p1uhs22_1247--p1udt6863,p1uhs22_1247,load_p1ulv44804,p1ulv44804,54.197,1,0,synthetic_nearest_load_assumption,0,,over_50m
516,3,p1uhs22_1247--p1udt6863,p1uhs22_1247,load_p1ulv11172,p1ulv11172,58.368,1,0,synthetic_nearest_load_assumption,0,,over_50m
517,1,p1uhs0_1247--p1udt2142,p1uhs0_1247,load_p1ulv4148,p1ulv4148,80.675,1,1,synthetic_nearest_load_assumption,0,5055,provisional_spatial_candidate
517,2,p1uhs0_1247--p1udt2142,p1uhs0_1247,load_p1ulv25008,p1ulv25008,92.18,1,0,synthetic_nearest_load_assumption,0,5055,provisional_spatial_candidate
517,3,p1uhs0_1247--p1udt2142,p1uhs0_1247,load_p1ulv56485,p1ulv56485,94.092,1,0,synthetic_nearest_load_assumption,0,5055,provisional_spatial_candidate
519,1,p1uhs9_1247--p1udt6854,p1uhs9_1247,load_p1ulv32721,p1ulv32721,80.428,1,1,synthetic_nearest_load_assumption,0,1133,provisional_spatial_candidate
519,2,p1uhs9_1247--p1udt6854,p1uhs9_1247,load_p1ulv37211,p1ulv37211,88.449,1,0,synthetic_nearest_load_assumption,0,1133,provisional_spatial_candidate
519,3,p1uhs9_1247--p1udt6854,p1uhs9_1247,load_p1ulv55968,p1ulv55968,89.687,1,0,synthetic_nearest_load_assumption,0,1133,provisional_spatial_candidate
520,1,p1uhs6_1247--p1udt322,p1uhs6_1247,load_p1ulv37689,p1ulv37689,43.276,1,1,synthetic_nearest_load_assumption,0,5058,provisional_spatial_candidate
520,2,p1uhs6_1247--p1udt322,p1uhs6_1247,load_p1ulv42086,p1ulv42086,47.716,1,0,synthetic_nearest_load_assumption,0,5058,provisional_spatial_candidate
520,3,p1uhs6_1247--p1udt322,p1uhs6_1247,load_p1ulv47162,p1ulv47162,54.793,1,0,synthetic_nearest_load_assumption,0,5058,provisional_spatial_candidate
521,1,p3uhs1_1247--p3udt16112,p3uhs1_1247,load_p3ulv19654,p3ulv19654,37.974,1,1,synthetic_nearest_load_assumption,0,2992,provisional_spatial_candidate
521,2,p3uhs1_1247--p3udt16112,p3uhs1_1247,load_p3ulv1627,p3ulv1627,39.598,1,0,synthetic_nearest_load_assumption,0,2992,provisional_spatial_candidate
521,3,p3uhs1_1247--p3udt16112,p3uhs1_1247,load_p3ulv59869,p3ulv59869,51.861,1,0,synthetic_nearest_load_assumption,0,2992,provisional_spatial_candidate
522,1,p1uhs2_1247--p1udt9621,p1uhs2_1247,load_p1ulv19931,p1ulv19931,44.541,1,1,synthetic_nearest_load_assumption,0,,over_50m
522,2,p1uhs2_1247--p1udt9621,p1uhs2_1247,load_p1ulv46579,p1ulv46579,65.668,1,0,synthetic_nearest_load_assumption,0,,over_50m
522,3,p1uhs2_1247--p1udt9621,p1uhs2_1247,load_p1ulv38985,p1ulv38985,70.115,1,0,synthetic_nearest_load_assumption,0,,over_50m
523,1,p1uhs14_1247--p1udt21168,p1uhs14_1247,load_p1ulv46365,p1ulv46365,135.687,1,1,synthetic_nearest_load_assumption,0,,over_50m
523,2,p1uhs14_1247--p1udt21168,p1uhs14_1247,load_p1ulv37473,p1ulv37473,147.404,1,0,synthetic_nearest_load_assumption,0,,over_50m
523,3,p1uhs14_1247--p1udt21168,p1uhs14_1247,load_p1ulv38749,p1ulv38749,159.505,1,0,synthetic_nearest_load_assumption,0,,over_50m
524,1,p1uhs0_1247--p1udt2142,p1uhs0_1247,load_p1ulv31309,p1ulv31309,43.852,1,1,synthetic_nearest_load_assumption,0,,over_50m
524,2,p1uhs0_1247--p1udt2142,p1uhs0_1247,load_p1ulv61339,p1ulv61339,63.771,1,0,synthetic_nearest_load_assumption,0,,over_50m
524,3,p1uhs0_1247--p1udt2142,p1uhs0_1247,load_p1ulv25642,p1ulv25642,66.676,1,0,synthetic_nearest_load_assumption,0,,over_50m
525,1,p1uhs11_1247--p1udt25287,p1uhs11_1247,load_p1ulv52187,p1ulv52187,144.879,1,1,synthetic_nearest_load_assumption,0,4087,provisional_spatial_candidate
525,2,p1uhs14_1247--p1udt21168,p1uhs14_1247,load_p1ulv7395,p1ulv7395,212.135,0,0,synthetic_nearest_load_assumption,0,4087,provisional_spatial_candidate
525,3,p1uhs14_1247--p1udt21168,p1uhs14_1247,load_p1ulv404,p1ulv404,234.234,0,0,synthetic_nearest_load_assumption,0,4087,provisional_spatial_candidate
527,1,p1uhs22_1247--p1udt6863,p1uhs22_1247,load_p1ulv13678,p1ulv13678,39.257,1,1,synthetic_nearest_load_assumption,0,4455,provisional_spatial_candidate
527,2,p1uhs22_1247--p1udt6863,p1uhs22_1247,load_p1ulv62913,p1ulv62913,58.355,1,0,synthetic_nearest_load_assumption,0,4455,provisional_spatial_candidate
527,3,p1uhs22_1247--p1udt6863,p1uhs22_1247,load_p1ulv46844,p1ulv46844,79.676,1,0,synthetic_nearest_load_assumption,0,4455,provisional_spatial_candidate
529,1,p1uhs9_1247--p1udt6854,p1uhs9_1247,load_p1ulv19415,p1ulv19415,184.236,1,1,synthetic_nearest_load_assumption,0,,over_50m
529,2,p1uhs9_1247--p1udt6854,p1uhs9_1247,load_p1ulv18748,p1ulv18748,212.928,0,0,synthetic_nearest_load_assumption,0,,over_50m
529,3,p1uhs9_1247--p1udt6854,p1uhs9_1247,load_p1ulv8687,p1ulv8687,288.703,0,0,synthetic_nearest_load_assumption,0,,over_50m
530,1,p3uhs21_1247--p3udt5899,p3uhs21_1247,load_p3ulv1932,p3ulv1932,148.794,1,1,synthetic_nearest_load_assumption,0,,over_50m
530,2,p3uhs21_1247--p3udt5899,p3uhs21_1247,load_p3ulv10631,p3ulv10631,156.277,1,0,synthetic_nearest_load_assumption,0,,over_50m
530,3,p3uhs21_1247--p3udt5899,p3uhs21_1247,load_p3ulv10632,p3ulv10632,204.199,0,0,synthetic_nearest_load_assumption,0,,over_50m
531,1,p3uhs0_1247--p3udt31121,p3uhs0_1247,load_p3ulv19887,p3ulv19887,34.549,1,1,synthetic_nearest_load_assumption,0,2349,provisional_spatial_candidate
531,2,p3uhs0_1247--p3udt31121,p3uhs0_1247,load_p3ulv22218,p3ulv22218,53.791,1,0,synthetic_nearest_load_assumption,0,2349,provisional_spatial_candidate
531,3,p3uhs0_1247--p3udt31121,p3uhs0_1247,load_p3ulv54822,p3ulv54822,57.395,1,0,synthetic_nearest_load_assumption,0,2349,provisional_spatial_candidate
532,1,p3uhs15_1247--p3udt29990,p3uhs15_1247,load_p3ulv74984,p3ulv74984,84.446,1,1,synthetic_nearest_load_assumption,0,,over_50m
532,2,p3uhs15_1247--p3udt29990,p3uhs15_1247,load_p3ulv60401,p3ulv60401,86.798,1,0,synthetic_nearest_load_assumption,0,,over_50m
532,3,p3uhs15_1247--p3udt29990,p3uhs15_1247,load_p3ulv42737,p3ulv42737,87.416,1,0,synthetic_nearest_load_assumption,0,,over_50m
533,1,p3uhs15_1247--p3udt21571,p3uhs15_1247,load_p3ulv71273,p3ulv71273,25.169,1,1,synthetic_nearest_load_assumption,0,2406,provisional_spatial_candidate
533,2,p3uhs15_1247--p3udt21571,p3uhs15_1247,load_p3ulv652,p3ulv652,44.419,1,0,synthetic_nearest_load_assumption,0,2406,provisional_spatial_candidate
533,3,p3uhs15_1247--p3udt21571,p3uhs15_1247,load_p3ulv79677,p3ulv79677,52.161,1,0,synthetic_nearest_load_assumption,0,2406,provisional_spatial_candidate
534,1,p3uhs2_1247--p3udt27289,p3uhs2_1247,load_p3ulv32345,p3ulv32345,71.9,1,1,synthetic_nearest_load_assumption,0,2853,provisional_spatial_candidate
534,2,p3uhs2_1247--p3udt27289,p3uhs2_1247,load_p3ulv49333,p3ulv49333,82.01,1,0,synthetic_nearest_load_assumption,0,2853,provisional_spatial_candidate
534,3,p3uhs2_1247--p3udt27289,p3uhs2_1247,load_p3ulv21322,p3ulv21322,83.408,1,0,synthetic_nearest_load_assumption,0,2853,provisional_spatial_candidate
535,1,p1uhs9_1247--p1udt6854,p1uhs9_1247,load_p1ulv22543,p1ulv22543,29.683,1,1,synthetic_nearest_load_assumption,0,4473,provisional_spatial_candidate
535,2,p1uhs9_1247--p1udt6854,p1uhs9_1247,load_p1ulv11147,p1ulv11147,46.842,1,0,synthetic_nearest_load_assumption,0,4473,provisional_spatial_candidate
535,3,p1uhs9_1247--p1udt6854,p1uhs9_1247,load_p1ulv44136,p1ulv44136,82.539,1,0,synthetic_nearest_load_assumption,0,4473,provisional_spatial_candidate
536,1,p5uhs27_1247--p5udt23432,p5uhs27_1247,load_p5ulv49980,p5ulv49980,58.797,1,1,synthetic_nearest_load_assumption,0,,over_50m
536,2,p5uhs27_1247--p5udt23432,p5uhs27_1247,load_p5ulv20483,p5ulv20483,321.029,0,0,synthetic_nearest_load_assumption,0,,over_50m
536,3,p5uhs27_1247--p5udt23432,p5uhs27_1247,load_p5ulv34918,p5ulv34918,339.914,0,0,synthetic_nearest_load_assumption,0,,over_50m
538,1,p1uhs9_1247--p1udt6854,p1uhs9_1247,load_p1ulv35309,p1ulv35309,155.939,1,1,synthetic_nearest_load_assumption,0,1174,provisional_spatial_candidate
538,2,p1uhs9_1247--p1udt6854,p1uhs9_1247,load_p1ulv59606,p1ulv59606,187.481,1,0,synthetic_nearest_load_assumption,0,1174,provisional_spatial_candidate
538,3,p1uhs9_1247--p1udt6854,p1uhs9_1247,load_p1ulv55967,p1ulv55967,213.969,0,0,synthetic_nearest_load_assumption,0,1174,provisional_spatial_candidate
539,1,p1uhs6_1247--p1udt322,p1uhs6_1247,load_p1ulv17366,p1ulv17366,39.303,1,1,synthetic_nearest_load_assumption,0,1228,provisional_spatial_candidate
539,2,p1uhs6_1247--p1udt322,p1uhs6_1247,load_p1ulv58351,p1ulv58351,44.435,1,0,synthetic_nearest_load_assumption,0,1228,provisional_spatial_candidate
539,3,p1uhs6_1247--p1udt322,p1uhs6_1247,load_p1ulv46001,p1ulv46001,50.57,1,0,synthetic_nearest_load_assumption,0,1228,provisional_spatial_candidate
540,1,p1uhs13_1247--p1udt12530,p1uhs13_1247,load_p1ulv46795,p1ulv46795,128.541,1,1,synthetic_nearest_load_assumption,0,4534,provisional_spatial_candidate
540,2,p1uhs18_1247--p1udt20846,p1uhs18_1247,load_p1ulv50469,p1ulv50469,160.868,1,0,synthetic_nearest_load_assumption,0,4534,provisional_spatial_candidate
540,3,p1uhs18_1247--p1udt20846,p1uhs18_1247,load_p1ulv48650,p1ulv48650,177.367,1,0,synthetic_nearest_load_assumption,0,4534,provisional_spatial_candidate
541,1,p1uhs2_1247--p1udt18369,p1uhs2_1247,load_p1ulv31369,p1ulv31369,75.177,1,1,synthetic_nearest_load_assumption,0,,over_50m
541,2,p1uhs2_1247--p1udt18369,p1uhs2_1247,load_p1ulv23146,p1ulv23146,141.211,1,0,synthetic_nearest_load_assumption,0,,over_50m
541,3,p1uhs2_1247--p1udt18369,p1uhs2_1247,load_p1ulv60220,p1ulv60220,171.838,1,0,synthetic_nearest_load_assumption,0,,over_50m
542,1,p3uhs15_1247--p3udt29990,p3uhs15_1247,load_p3ulv41953,p3ulv41953,249.391,0,0,synthetic_nearest_load_assumption,0,,over_50m
542,2,p3uhs15_1247--p3udt29990,p3uhs15_1247,load_p3ulv25717,p3ulv25717,260.193,0,0,synthetic_nearest_load_assumption,0,,over_50m
542,3,p3uhs15_1247--p3udt29990,p3uhs15_1247,load_p3ulv23283,p3ulv23283,261.407,0,0,synthetic_nearest_load_assumption,0,,over_50m
543,1,p3uhs4_1247--p3udt14887,p3uhs4_1247,load_p3ulv61062,p3ulv61062,68.488,1,1,synthetic_nearest_load_assumption,0,3067,provisional_spatial_candidate
543,2,p3uhs8_1247--p3udt23566,p3uhs8_1247,load_p3ulv48803,p3ulv48803,95.024,1,0,synthetic_nearest_load_assumption,0,3067,provisional_spatial_candidate
543,3,p3uhs4_1247--p3udt14887,p3uhs4_1247,load_p3ulv79492,p3ulv79492,107.072,1,0,synthetic_nearest_load_assumption,0,3067,provisional_spatial_candidate
545,1,p3uhs4_1247--p3udt10048,p3uhs4_1247,load_p3ulv51837,p3ulv51837,72.143,1,1,synthetic_nearest_load_assumption,0,1799,provisional_spatial_candidate
545,2,p3uhs4_1247--p3udt10048,p3uhs4_1247,load_p3ulv16177,p3ulv16177,73.184,1,0,synthetic_nearest_load_assumption,0,1799,provisional_spatial_candidate
545,3,p3uhs4_1247--p3udt10048,p3uhs4_1247,load_p3ulv57211,p3ulv57211,75.439,1,0,synthetic_nearest_load_assumption,0,1799,provisional_spatial_candidate
547,1,p3uhs5_1247--p3udt17790,p3uhs5_1247,load_p3ulv44144,p3ulv44144,40.553,1,1,synthetic_nearest_load_assumption,0,2533,provisional_spatial_candidate
547,2,p3uhs5_1247--p3udt17790,p3uhs5_1247,load_p3ulv9128,p3ulv9128,68.883,1,0,synthetic_nearest_load_assumption,0,2533,provisional_spatial_candidate
547,3,p3uhs5_1247--p3udt17790,p3uhs5_1247,load_p3ulv58759,p3ulv58759,73.228,1,0,synthetic_nearest_load_assumption,0,2533,provisional_spatial_candidate
549,1,p2uhs5_1247--p2udt7035,p2uhs5_1247,load_p2ulv15565,p2ulv15565,130.267,1,1,synthetic_nearest_load_assumption,0,3429,provisional_spatial_candidate
549,2,p2uhs5_1247--p2udt7035,p2uhs5_1247,load_p2ulv9713,p2ulv9713,184.238,1,0,synthetic_nearest_load_assumption,0,3429,provisional_spatial_candidate
549,3,p2uhs5_1247--p2udt7035,p2uhs5_1247,load_p2ulv16723,p2ulv16723,207.537,0,0,synthetic_nearest_load_assumption,0,3429,provisional_spatial_candidate
550,1,p2uhs5_1247--p2udt7035,p2uhs5_1247,load_p2ulv9273,p2ulv9273,35.294,1,1,synthetic_nearest_load_assumption,0,3435,provisional_spatial_candidate
550,2,p2uhs5_1247--p2udt7035,p2uhs5_1247,load_p2ulv16483,p2ulv16483,45.018,1,0,synthetic_nearest_load_assumption,0,3435,provisional_spatial_candidate
550,3,p2uhs5_1247--p2udt7035,p2uhs5_1247,load_p2ulv2564,p2ulv2564,47.025,1,0,synthetic_nearest_load_assumption,0,3435,provisional_spatial_candidate
551,1,p2uhs5_1247--p2udt7035,p2uhs5_1247,load_p2ulv19193,p2ulv19193,29.827,1,1,synthetic_nearest_load_assumption,0,,over_50m
551,2,p2uhs5_1247--p2udt7035,p2uhs5_1247,load_p2ulv3058,p2ulv3058,40.728,1,0,synthetic_nearest_load_assumption,0,,over_50m
551,3,p2uhs5_1247--p2udt7035,p2uhs5_1247,load_p2ulv21201,p2ulv21201,51.441,1,0,synthetic_nearest_load_assumption,0,,over_50m
552,1,p2uhs5_1247--p2udt2008,p2uhs5_1247,load_p2ulv13060,p2ulv13060,15.753,1,1,synthetic_nearest_load_assumption,0,,over_50m
552,2,p2uhs5_1247--p2udt2008,p2uhs5_1247,load_p2ulv3522,p2ulv3522,26.775,1,0,synthetic_nearest_load_assumption,0,,over_50m
552,3,p2uhs5_1247--p2udt2008,p2uhs5_1247,load_p2ulv14636,p2ulv14636,27.824,1,0,synthetic_nearest_load_assumption,0,,over_50m
553,1,p2uhs5_1247--p2udt7035,p2uhs5_1247,load_p2ulv23753,p2ulv23753,58.192,1,1,synthetic_nearest_load_assumption,0,2884,provisional_spatial_candidate
553,2,p2uhs5_1247--p2udt7035,p2uhs5_1247,load_p2ulv19503,p2ulv19503,152.832,1,0,synthetic_nearest_load_assumption,0,2884,provisional_spatial_candidate
553,3,p3uhs2_1247--p3udt20296,p3uhs2_1247,load_p3ulv56988,p3ulv56988,201.664,0,0,synthetic_nearest_load_assumption,0,2884,provisional_spatial_candidate
554,1,p3uhs3_1247--p3udt31518,p3uhs3_1247,load_p3ulv57327,p3ulv57327,104.482,1,1,synthetic_nearest_load_assumption,0,2304,provisional_spatial_candidate
554,2,p3uhs3_1247--p3udt31518,p3uhs3_1247,load_p3ulv29519,p3ulv29519,123.19,1,0,synthetic_nearest_load_assumption,0,2304,provisional_spatial_candidate
554,3,p3uhs3_1247--p3udt11536,p3uhs3_1247,load_p3ulv63463,p3ulv63463,155.756,1,0,synthetic_nearest_load_assumption,0,2304,provisional_spatial_candidate
555,1,p5uhs9_1247--p5udt20856,p5uhs9_1247,load_p5ulv70455,p5ulv70455,44.923,1,1,synthetic_nearest_load_assumption,0,3176,provisional_spatial_candidate
555,2,p3uhs8_1247--p3udt11113,p3uhs8_1247,load_p3ulv61841,p3ulv61841,58.582,1,0,synthetic_nearest_load_assumption,0,3176,provisional_spatial_candidate
555,3,p3uhs8_1247--p3udt11113,p3uhs8_1247,load_p3ulv54981,p3ulv54981,62.617,1,0,synthetic_nearest_load_assumption,0,3176,provisional_spatial_candidate
556,1,p2uhs4_1247--p2udt7735,p2uhs4_1247,load_p2ulv6013,p2ulv6013,42.581,1,1,synthetic_nearest_load_assumption,0,3395,provisional_spatial_candidate
556,2,p2uhs4_1247--p2udt7735,p2uhs4_1247,load_p2ulv10025,p2ulv10025,45.847,1,0,synthetic_nearest_load_assumption,0,3395,provisional_spatial_candidate
556,3,p2uhs4_1247--p2udt7735,p2uhs4_1247,load_p2ulv20619,p2ulv20619,93.675,1,0,synthetic_nearest_load_assumption,0,3395,provisional_spatial_candidate
557,1,p3uhs0_1247--p3udt31121,p3uhs0_1247,load_p3ulv45636,p3ulv45636,77.768,1,1,synthetic_nearest_load_assumption,0,,over_50m
557,2,p3uhs0_1247--p3udt31121,p3uhs0_1247,load_p3ulv60115,p3ulv60115,78.452,1,0,synthetic_nearest_load_assumption,0,,over_50m
557,3,p3uhs0_1247--p3udt31121,p3uhs0_1247,load_p3ulv19888,p3ulv19888,82.768,1,0,synthetic_nearest_load_assumption,0,,over_50m
558,1,p3uhs15_1247--p3udt27016,p3uhs15_1247,load_p3ulv52875,p3ulv52875,64.925,1,1,synthetic_nearest_load_assumption,0,,over_50m
558,2,p3uhs15_1247--p3udt27016,p3uhs15_1247,load_p3ulv68163,p3ulv68163,88.44,1,0,synthetic_nearest_load_assumption,0,,over_50m
558,3,p3uhs15_1247--p3udt27016,p3uhs15_1247,load_p3ulv58193,p3ulv58193,94.451,1,0,synthetic_nearest_load_assumption,0,,over_50m
559,1,p5uhs26_1247--p5udt22654,p5uhs26_1247,load_p5ulv16436,p5ulv16436,78.526,1,1,synthetic_nearest_load_assumption,0,,over_50m
559,2,p5uhs26_1247--p5udt22654,p5uhs26_1247,load_p5ulv43145,p5ulv43145,104.793,1,0,synthetic_nearest_load_assumption,0,,over_50m
559,3,p5uhs26_1247--p5udt22654,p5uhs26_1247,load_p5ulv9618,p5ulv9618,121.117,1,0,synthetic_nearest_load_assumption,0,,over_50m
560,1,p5uhs19_1247--p5udt8885,p5uhs19_1247,load_p5ulv50392,p5ulv50392,40.363,1,1,synthetic_nearest_load_assumption,0,,over_50m
560,2,p5uhs19_1247--p5udt8885,p5uhs19_1247,load_p5ulv20872,p5ulv20872,40.48,1,0,synthetic_nearest_load_assumption,0,,over_50m
560,3,p5uhs19_1247--p5udt8885,p5uhs19_1247,load_p5ulv44235,p5ulv44235,41.212,1,0,synthetic_nearest_load_assumption,0,,over_50m
561,1,p2uhs3_1247--p2udt8444,p2uhs3_1247,load_p2ulv16557,p2ulv16557,113.469,1,1,synthetic_nearest_load_assumption,0,6418,provisional_spatial_candidate
561,2,p2uhs3_1247--p2udt8444,p2uhs3_1247,load_p2ulv14719,p2ulv14719,129.057,1,0,synthetic_nearest_load_assumption,0,6418,provisional_spatial_candidate
561,3,p2uhs3_1247--p2udt8444,p2uhs3_1247,load_p2ulv7724,p2ulv7724,147.512,1,0,synthetic_nearest_load_assumption,0,6418,provisional_spatial_candidate
562,1,p1uhs24_1247--p1umv22,p1uhs24_1247,load_p1ulv3163,p1ulv3163,401.896,0,0,synthetic_nearest_load_assumption,0,,over_50m
562,2,p1uhs24_1247--p1umv22,p1uhs24_1247,load_p1umv22,p1umv22,402.588,0,0,synthetic_nearest_load_assumption,0,,over_50m
562,3,p1uhs9_1247--p1udt21523,p1uhs9_1247,load_p1ulv3799,p1ulv3799,422.66,0,0,synthetic_nearest_load_assumption,0,,over_50m
563,1,p3uhs15_1247--p3udt10674,p3uhs15_1247,load_p3ulv10904,p3ulv10904,42.163,1,1,synthetic_nearest_load_assumption,0,6579,provisional_spatial_candidate
563,2,p3uhs15_1247--p3udt10674,p3uhs15_1247,load_p3ulv50531,p3ulv50531,67.142,1,0,synthetic_nearest_load_assumption,0,6579,provisional_spatial_candidate
563,3,p3uhs15_1247--p3udt10674,p3uhs15_1247,load_p3ulv21754,p3ulv21754,67.294,1,0,synthetic_nearest_load_assumption,0,6579,provisional_spatial_candidate
564,1,p3uhs22_1247--p3udt14640,p3uhs22_1247,load_p3ulv78771,p3ulv78771,44.243,1,1,synthetic_nearest_load_assumption,0,,over_50m
564,2,p3uhs22_1247--p3udt14640,p3uhs22_1247,load_p3ulv39529,p3ulv39529,58.555,1,0,synthetic_nearest_load_assumption,0,,over_50m
564,3,p3uhs3_1247--p3udt31518,p3uhs3_1247,load_p3ulv1279,p3ulv1279,60.196,1,0,synthetic_nearest_load_assumption,0,,over_50m
565,1,p3uhs24_1247--p3udt10352,p3uhs24_1247,load_p3ulv66761,p3ulv66761,60.31,1,1,synthetic_nearest_load_assumption,0,2919,provisional_spatial_candidate
565,2,p3uhs24_1247--p3udt10352,p3uhs24_1247,load_p3ulv24366,p3ulv24366,66.538,1,0,synthetic_nearest_load_assumption,0,2919,provisional_spatial_candidate
565,3,p3uhs24_1247--p3udt10352,p3uhs24_1247,load_p3ulv61518,p3ulv61518,115.449,1,0,synthetic_nearest_load_assumption,0,2919,provisional_spatial_candidate
568,1,p5uhs26_1247--p5udt22654,p5uhs26_1247,load_p5ulv47641,p5ulv47641,25.179,1,1,synthetic_nearest_load_assumption,0,2801,provisional_spatial_candidate
568,2,p5uhs26_1247--p5udt22654,p5uhs26_1247,load_p5ulv44879,p5ulv44879,30.527,1,0,synthetic_nearest_load_assumption,0,2801,provisional_spatial_candidate
568,3,p5uhs26_1247--p5udt22654,p5uhs26_1247,load_p5ulv57263,p5ulv57263,50.824,1,0,synthetic_nearest_load_assumption,0,2801,provisional_spatial_candidate
569,1,p5uhs19_1247--p5udt8885,p5uhs19_1247,load_p5ulv75059,p5ulv75059,21.045,1,1,synthetic_nearest_load_assumption,0,,over_50m
569,2,p5uhs19_1247--p5udt8885,p5uhs19_1247,load_p5ulv71734,p5ulv71734,72.506,1,0,synthetic_nearest_load_assumption,0,,over_50m
569,3,p5uhs19_1247--p5udt8885,p5uhs19_1247,load_p5ulv72840,p5ulv72840,111.209,1,0,synthetic_nearest_load_assumption,0,,over_50m
570,1,p3uhs12_1247--p3udt23934,p3uhs12_1247,load_p3ulv15855,p3ulv15855,47.295,1,1,synthetic_nearest_load_assumption,0,,over_50m
570,2,p3uhs12_1247--p3udt23934,p3uhs12_1247,load_p3ulv54636,p3ulv54636,49.266,1,0,synthetic_nearest_load_assumption,0,,over_50m
570,3,p3uhs12_1247--p3udt18678,p3uhs12_1247,load_p3ulv26024,p3ulv26024,73.118,1,0,synthetic_nearest_load_assumption,0,,over_50m
571,1,p3uhs3_1247--p3udt31518,p3uhs3_1247,load_p3ulv21610,p3ulv21610,55.935,1,1,synthetic_nearest_load_assumption,0,6632,provisional_spatial_candidate
571,2,p3uhs3_1247--p3udt31518,p3uhs3_1247,load_p3ulv2836,p3ulv2836,71.67,1,0,synthetic_nearest_load_assumption,0,6632,provisional_spatial_candidate
571,3,p3uhs3_1247--p3udt31518,p3uhs3_1247,load_p3ulv76428,p3ulv76428,75.535,1,0,synthetic_nearest_load_assumption,0,6632,provisional_spatial_candidate
572,1,p1uhs24_1247--p1umv22,p1uhs24_1247,load_p1ulv12550,p1ulv12550,366.933,0,0,synthetic_nearest_load_assumption,0,,over_50m
572,2,p1uhs24_1247--p1umv22,p1uhs24_1247,load_p1ulv3163,p1ulv3163,372.999,0,0,synthetic_nearest_load_assumption,0,,over_50m
572,3,p1uhs9_1247--p1udt13187,p1uhs9_1247,load_p1ulv6948,p1ulv6948,373.155,0,0,synthetic_nearest_load_assumption,0,,over_50m
573,1,p3uhs15_1247--p3udt10674,p3uhs15_1247,load_p3ulv76582,p3ulv76582,52.358,1,1,synthetic_nearest_load_assumption,0,,over_50m
573,2,p3uhs15_1247--p3udt10674,p3uhs15_1247,load_p3ulv78099,p3ulv78099,53.241,1,0,synthetic_nearest_load_assumption,0,,over_50m
573,3,p3uhs15_1247--p3udt10674,p3uhs15_1247,load_p3ulv62743,p3ulv62743,57.496,1,0,synthetic_nearest_load_assumption,0,,over_50m
574,1,p5uhs2_1247--p5udt2335,p5uhs2_1247,load_p5ulv14941,p5ulv14941,29.245,1,1,synthetic_nearest_load_assumption,0,,over_50m
574,2,p5uhs2_1247--p5udt2335,p5uhs2_1247,load_p5umv56,p5umv56,42.147,1,0,synthetic_nearest_load_assumption,0,,over_50m
574,3,p5uhs2_1247--p5udt2335,p5uhs2_1247,load_p5ulv77702,p5ulv77702,50.892,1,0,synthetic_nearest_load_assumption,0,,over_50m
575,1,p5uhs18_1247--p5udt29300,p5uhs18_1247,load_p5ulv59727,p5ulv59727,32.21,1,1,synthetic_nearest_load_assumption,0,,over_50m
575,2,p5uhs18_1247--p5udt29300,p5uhs18_1247,load_p5ulv38466,p5ulv38466,44.961,1,0,synthetic_nearest_load_assumption,0,,over_50m
575,3,p5uhs18_1247--p5udt29300,p5uhs18_1247,load_p5ulv35615,p5ulv35615,49.576,1,0,synthetic_nearest_load_assumption,0,,over_50m
576,1,p5uhs18_1247--p5udt29300,p5uhs18_1247,load_p5ulv29075,p5ulv29075,18.644,1,1,synthetic_nearest_load_assumption,0,,over_50m
576,2,p5uhs18_1247--p5udt29300,p5uhs18_1247,load_p5ulv54042,p5ulv54042,22.289,1,0,synthetic_nearest_load_assumption,0,,over_50m
576,3,p5uhs18_1247--p5udt29300,p5uhs18_1247,load_p5ulv45076,p5ulv45076,31.338,1,0,synthetic_nearest_load_assumption,0,,over_50m
577,1,p5uhs18_1247--p5udt29300,p5uhs18_1247,load_p5ulv55180,p5ulv55180,28.691,1,1,synthetic_nearest_load_assumption,0,3649,provisional_spatial_candidate
577,2,p5uhs18_1247--p5udt29300,p5uhs18_1247,load_p5ulv72568,p5ulv72568,29.187,1,0,synthetic_nearest_load_assumption,0,3649,provisional_spatial_candidate
577,3,p5uhs18_1247--p5udt29300,p5uhs18_1247,load_p5ulv66956,p5ulv66956,34.501,1,0,synthetic_nearest_load_assumption,0,3649,provisional_spatial_candidate
578,1,p5uhs13_1247--p5udt27754,p5uhs13_1247,load_p5ulv39534,p5ulv39534,24.738,1,1,synthetic_nearest_load_assumption,0,3734,provisional_spatial_candidate
578,2,p5uhs13_1247--p5udt27754,p5uhs13_1247,load_p5ulv53480,p5ulv53480,26.793,1,0,synthetic_nearest_load_assumption,0,3734,provisional_spatial_candidate
578,3,p5uhs13_1247--p5udt27754,p5uhs13_1247,load_p5ulv45065,p5ulv45065,35.271,1,0,synthetic_nearest_load_assumption,0,3734,provisional_spatial_candidate
579,1,p5uhs20_1247--p5udt22271,p5uhs20_1247,load_p5ulv21715,p5ulv21715,23.916,1,1,synthetic_nearest_load_assumption,0,,over_50m
579,2,p5uhs20_1247--p5udt22271,p5uhs20_1247,load_p5ulv39547,p5ulv39547,26.867,1,0,synthetic_nearest_load_assumption,0,,over_50m
579,3,p5uhs20_1247--p5udt22271,p5uhs20_1247,load_p5ulv68077,p5ulv68077,28.163,1,0,synthetic_nearest_load_assumption,0,,over_50m
580,1,p5uhs20_1247--p5udt22271,p5uhs20_1247,load_p5ulv20070,p5ulv20070,22.132,1,1,synthetic_nearest_load_assumption,0,3745,provisional_spatial_candidate
580,2,p5uhs20_1247--p5udt22271,p5uhs20_1247,load_p5ulv73704,p5ulv73704,24.164,1,0,synthetic_nearest_load_assumption,0,3745,provisional_spatial_candidate
580,3,p5uhs20_1247--p5udt22271,p5uhs20_1247,load_p5ulv21177,p5ulv21177,31.323,1,0,synthetic_nearest_load_assumption,0,3745,provisional_spatial_candidate
581,1,p3uhs2_1247--p3udt31865,p3uhs2_1247,load_p3ulv55316,p3ulv55316,55.664,1,1,synthetic_nearest_load_assumption,0,,ambiguous_nearby_nodes
581,2,p3uhs2_1247--p3udt31865,p3uhs2_1247,load_p3ulv36179,p3ulv36179,58.659,1,0,synthetic_nearest_load_assumption,0,,ambiguous_nearby_nodes
581,3,p3uhs2_1247--p3udt31865,p3uhs2_1247,load_p3ulv2377,p3ulv2377,85.165,1,0,synthetic_nearest_load_assumption,0,,ambiguous_nearby_nodes
583,1,p3uhs2_1247--p3udt31865,p3uhs2_1247,load_p3ulv36179,p3ulv36179,91.807,1,1,synthetic_nearest_load_assumption,0,,ambiguous_nearby_nodes
583,2,p3uhs2_1247--p3udt31865,p3uhs2_1247,load_p3ulv55475,p3ulv55475,104.961,1,0,synthetic_nearest_load_assumption,0,,ambiguous_nearby_nodes
583,3,p3uhs2_1247--p3udt31865,p3uhs2_1247,load_p3ulv1745,p3ulv1745,119.086,1,0,synthetic_nearest_load_assumption,0,,ambiguous_nearby_nodes
585,1,p5uhs19_1247--p5udt8885,p5uhs19_1247,load_p5ulv24805,p5ulv24805,33.691,1,1,synthetic_nearest_load_assumption,0,,over_50m
585,2,p5uhs19_1247--p5udt8885,p5uhs19_1247,load_p5ulv72840,p5ulv72840,75.249,1,0,synthetic_nearest_load_assumption,0,,over_50m
585,3,p5uhs19_1247--p5udt8885,p5uhs19_1247,load_p5ulv75059,p5ulv75059,198.502,1,0,synthetic_nearest_load_assumption,0,,over_50m
586,1,p5uhs0_1247--p5udt3610,p5uhs0_1247,load_p5ulv11531,p5ulv11531,19.3,1,1,synthetic_nearest_load_assumption,0,,over_50m
586,2,p5uhs0_1247--p5udt3610,p5uhs0_1247,load_p5ulv7360,p5ulv7360,53.527,1,0,synthetic_nearest_load_assumption,0,,over_50m
586,3,p5uhs0_1247--p5udt3610,p5uhs0_1247,load_p5ulv18713,p5ulv18713,55.538,1,0,synthetic_nearest_load_assumption,0,,over_50m
587,1,p3uhs5_1247--p3udt17790,p3uhs5_1247,load_p3ulv61789,p3ulv61789,54.878,1,1,synthetic_nearest_load_assumption,0,,over_50m
587,2,p3uhs5_1247--p3udt17790,p3uhs5_1247,load_p3ulv27868,p3ulv27868,99.438,1,0,synthetic_nearest_load_assumption,0,,over_50m
587,3,p3uhs5_1247--p3udt17790,p3uhs5_1247,load_p3ulv48059,p3ulv48059,101.563,1,0,synthetic_nearest_load_assumption,0,,over_50m
589,1,p1uhs2_1247--p1udt18962,p1uhs2_1247,load_p1ulv27524,p1ulv27524,85.404,1,1,synthetic_nearest_load_assumption,0,,over_50m
589,2,p1uhs2_1247--p1udt9621,p1uhs2_1247,load_p1ulv44598,p1ulv44598,92.926,1,0,synthetic_nearest_load_assumption,0,,over_50m
589,3,p1uhs2_1247--p1udt18962,p1uhs2_1247,load_p1ulv38921,p1ulv38921,106.54,1,0,synthetic_nearest_load_assumption,0,,over_50m
590,1,p5uhs19_1247--p5udt30268,p5uhs19_1247,load_p5ulv57693,p5ulv57693,138.399,1,1,synthetic_nearest_load_assumption,0,,over_50m
590,2,p5uhs19_1247--p5udt30268,p5uhs19_1247,load_p5ulv53171,p5ulv53171,177.017,1,0,synthetic_nearest_load_assumption,0,,over_50m
590,3,p5uhs8_1247--p5udt24709,p5uhs8_1247,load_p5ulv75615,p5ulv75615,190.034,1,0,synthetic_nearest_load_assumption,0,,over_50m
595,1,p5uhs8_1247--p5udt24709,p5uhs8_1247,load_p5ulv36993,p5ulv36993,69.798,1,1,synthetic_nearest_load_assumption,0,,over_50m
595,2,p5uhs8_1247--p5udt24709,p5uhs8_1247,load_p5ulv59388,p5ulv59388,89.446,1,0,synthetic_nearest_load_assumption,0,,over_50m
595,3,p5uhs8_1247--p5udt24709,p5uhs8_1247,load_p5ulv39187,p5ulv39187,131.698,1,0,synthetic_nearest_load_assumption,0,,over_50m
596,1,p5uhs21_1247--p5udt24017,p5uhs21_1247,load_p5ulv59947,p5ulv59947,77.114,1,1,synthetic_nearest_load_assumption,0,4411,provisional_spatial_candidate
596,2,p5uhs21_1247--p5udt24017,p5uhs21_1247,load_p5ulv29266,p5ulv29266,77.779,1,0,synthetic_nearest_load_assumption,0,4411,provisional_spatial_candidate
596,3,p5uhs21_1247--p5udt24017,p5uhs21_1247,load_p5ulv33041,p5ulv33041,78.022,1,0,synthetic_nearest_load_assumption,0,4411,provisional_spatial_candidate
598,1,p1uhs22_1247--p1udt6863,p1uhs22_1247,load_p1ulv5045,p1ulv5045,42.413,1,1,synthetic_nearest_load_assumption,0,,over_50m
598,2,p1uhs22_1247--p1udt6863,p1uhs22_1247,load_p1ulv16317,p1ulv16317,47.262,1,0,synthetic_nearest_load_assumption,0,,over_50m
598,3,p1uhs22_1247--p1udt6863,p1uhs22_1247,load_p1ulv29093,p1ulv29093,63.419,1,0,synthetic_nearest_load_assumption,0,,over_50m
599,1,p1rhs3_1247--p1rdt8208,p1rhs3_1247,load_p1rlv4653,p1rlv4653,113.118,1,1,synthetic_nearest_load_assumption,0,,over_50m
599,2,p1rhs3_1247--p1rdt8208,p1rhs3_1247,load_p1rlv753,p1rlv753,119.867,1,0,synthetic_nearest_load_assumption,0,,over_50m
599,3,p1rhs3_1247--p1rdt8208,p1rhs3_1247,load_p1rlv7149,p1rlv7149,139.223,1,0,synthetic_nearest_load_assumption,0,,over_50m
600,1,p1uhs15_1247--p1udt9658,p1uhs15_1247,load_p1ulv1024,p1ulv1024,48.638,1,1,synthetic_nearest_load_assumption,0,,over_50m
600,2,p1uhs15_1247--p1udt9658,p1uhs15_1247,load_p1ulv4220,p1ulv4220,77.457,1,0,synthetic_nearest_load_assumption,0,,over_50m
600,3,p1uhs15_1247--p1udt9658,p1uhs15_1247,load_p1ulv65220,p1ulv65220,93.362,1,0,synthetic_nearest_load_assumption,0,,over_50m
602,1,p1uhs19_1247--p1udt14631,p1uhs19_1247,load_p1ulv33589,p1ulv33589,320.526,0,0,synthetic_nearest_load_assumption,0,4709,provisional_spatial_candidate
602,2,p1uhs19_1247--p1udt14631,p1uhs19_1247,load_p1ulv11980,p1ulv11980,322.724,0,0,synthetic_nearest_load_assumption,0,4709,provisional_spatial_candidate
602,3,p1uhs19_1247--p1udt14631,p1uhs19_1247,load_p1ulv23410,p1ulv23410,393.415,0,0,synthetic_nearest_load_assumption,0,4709,provisional_spatial_candidate
604,1,p1uhs19_1247--p1udt14631,p1uhs19_1247,load_p1ulv51793,p1ulv51793,1656.068,0,0,synthetic_nearest_load_assumption,0,4710,provisional_spatial_candidate
604,2,p1uhs19_1247--p1udt14631,p1uhs19_1247,load_p1ulv59183,p1ulv59183,1695.442,0,0,synthetic_nearest_load_assumption,0,4710,provisional_spatial_candidate
604,3,p1uhs19_1247--p1udt14631,p1uhs19_1247,load_p1ulv33589,p1ulv33589,1751.119,0,0,synthetic_nearest_load_assumption,0,4710,provisional_spatial_candidate
605,1,p3uhs3_1247--p3udt31518,p3uhs3_1247,load_p3ulv52561,p3ulv52561,34.998,1,1,synthetic_nearest_load_assumption,0,,over_50m
605,2,p3uhs3_1247--p3udt31518,p3uhs3_1247,load_p3ulv51779,p3ulv51779,67.014,1,0,synthetic_nearest_load_assumption,0,,over_50m
605,3,p3uhs3_1247--p3udt31518,p3uhs3_1247,load_p3ulv71019,p3ulv71019,88.786,1,0,synthetic_nearest_load_assumption,0,,over_50m
606,1,p4uhs9_1247--p4udt20209,p4uhs9_1247,load_p4ulv87,p4ulv87,2740.905,0,0,synthetic_nearest_load_assumption,0,,over_50m
606,2,p4uhs9_1247--p4udt20209,p4uhs9_1247,load_p4ulv17134,p4ulv17134,2768.411,0,0,synthetic_nearest_load_assumption,0,,over_50m
606,3,p4uhs9_1247--p4udt20209,p4uhs9_1247,load_p4ulv36977,p4ulv36977,2779.344,0,0,synthetic_nearest_load_assumption,0,,over_50m
607,1,p1uhs5_1247--p1udt19613,p1uhs5_1247,load_p1ulv40577,p1ulv40577,86.336,1,1,synthetic_nearest_load_assumption,0,4960,provisional_spatial_candidate
607,2,p1uhs5_1247--p1udt19613,p1uhs5_1247,load_p1ulv10787,p1ulv10787,102.765,1,0,synthetic_nearest_load_assumption,0,4960,provisional_spatial_candidate
607,3,p1uhs5_1247--p1udt19613,p1uhs5_1247,load_p1ulv37435,p1ulv37435,152.543,1,0,synthetic_nearest_load_assumption,0,4960,provisional_spatial_candidate
608,1,p4uhs9_1247--p4udt6157,p4uhs9_1247,load_p4ulv32769,p4ulv32769,2601.809,0,0,synthetic_nearest_load_assumption,0,,over_50m
608,2,p4uhs9_1247--p4udt6157,p4uhs9_1247,load_p4ulv39073,p4ulv39073,2606.234,0,0,synthetic_nearest_load_assumption,0,,over_50m
608,3,p4uhs9_1247--p4udt6157,p4uhs9_1247,load_p4ulv20564,p4ulv20564,2623.438,0,0,synthetic_nearest_load_assumption,0,,over_50m
609,1,p1uhs3_1247--p1udt13260,p1uhs3_1247,load_p1ulv2629,p1ulv2629,91.616,1,1,synthetic_nearest_load_assumption,0,4952,provisional_spatial_candidate
609,2,p1uhs3_1247--p1udt13260,p1uhs3_1247,load_p1ulv61730,p1ulv61730,141.887,1,0,synthetic_nearest_load_assumption,0,4952,provisional_spatial_candidate
609,3,p1uhs3_1247--p1udt13260,p1uhs3_1247,load_p1ulv40621,p1ulv40621,152.999,1,0,synthetic_nearest_load_assumption,0,4952,provisional_spatial_candidate
610,1,p1uhs7_1247--p1udt14301,p1uhs7_1247,load_p1ulv36104,p1ulv36104,54.273,1,1,synthetic_nearest_load_assumption,0,,over_50m
610,2,p1uhs7_1247--p1udt14301,p1uhs7_1247,load_p1ulv17574,p1ulv17574,57.73,1,0,synthetic_nearest_load_assumption,0,,over_50m
610,3,p1uhs7_1247--p1udt14301,p1uhs7_1247,load_p1ulv55542,p1ulv55542,76.232,1,0,synthetic_nearest_load_assumption,0,,over_50m
611,1,p1uhs14_1247--p1udt9467,p1uhs14_1247,load_p1ulv12081,p1ulv12081,56.363,1,1,synthetic_nearest_load_assumption,0,1160,provisional_spatial_candidate
611,2,p1uhs14_1247--p1udt9467,p1uhs14_1247,load_p1ulv24777,p1ulv24777,67.897,1,0,synthetic_nearest_load_assumption,0,1160,provisional_spatial_candidate
611,3,p1uhs14_1247--p1udt9467,p1uhs14_1247,load_p1ulv59870,p1ulv59870,87.039,1,0,synthetic_nearest_load_assumption,0,1160,provisional_spatial_candidate
612,1,p3uhs21_1247--p3udt5899,p3uhs21_1247,load_p3ulv10632,p3ulv10632,130.458,1,1,synthetic_nearest_load_assumption,0,,over_50m
612,2,p3uhs21_1247--p3udt5899,p3uhs21_1247,load_p3ulv73264,p3ulv73264,136.183,1,0,synthetic_nearest_load_assumption,0,,over_50m
612,3,p3uhs21_1247--p3udt5899,p3uhs21_1247,load_p3ulv65541,p3ulv65541,249.34,0,0,synthetic_nearest_load_assumption,0,,over_50m
613,1,p5uhs19_1247--p5udt8885,p5uhs19_1247,load_p5ulv40331,p5ulv40331,17.267,1,1,synthetic_nearest_load_assumption,0,,over_50m
613,2,p5uhs22_1247--p5udt18713,p5uhs22_1247,load_p5ulv58309,p5ulv58309,45.65,1,0,synthetic_nearest_load_assumption,0,,over_50m
613,3,p5uhs19_1247--p5udt8885,p5uhs19_1247,load_p5ulv59438,p5ulv59438,49.647,1,0,synthetic_nearest_load_assumption,0,,over_50m
614,1,p5uhs3_1247--p5udt2481,p5uhs3_1247,load_p5umv59,p5umv59,12.855,1,1,synthetic_nearest_load_assumption,0,,over_50m
614,2,p5uhs3_1247--p5udt2481,p5uhs3_1247,load_p5ulv4698,p5ulv4698,60.124,1,0,synthetic_nearest_load_assumption,0,,over_50m
614,3,p5uhs3_1247--p5udt2481,p5uhs3_1247,load_p5ulv12393,p5ulv12393,105.549,1,0,synthetic_nearest_load_assumption,0,,over_50m
615,1,p5uhs17_1247--p5udt8754,p5uhs17_1247,load_p5ulv55846,p5ulv55846,112.318,1,1,synthetic_nearest_load_assumption,0,,over_50m
615,2,p5uhs17_1247--p5udt8754,p5uhs17_1247,load_p5ulv36321,p5ulv36321,113.206,1,0,synthetic_nearest_load_assumption,0,,over_50m
615,3,p5uhs17_1247--p5udt8754,p5uhs17_1247,load_p5ulv23480,p5ulv23480,145.055,1,0,synthetic_nearest_load_assumption,0,,over_50m
616,1,p3uhs2_1247--p3umv14,p3uhs2_1247,load_p3ulv80588,p3ulv80588,57.545,1,1,synthetic_nearest_load_assumption,0,2893,provisional_spatial_candidate
616,2,p3uhs8_1247--p3udt31404,p3uhs8_1247,load_p3ulv3994,p3ulv3994,77.974,1,0,synthetic_nearest_load_assumption,0,2893,provisional_spatial_candidate
616,3,p3uhs8_1247--p3udt31404,p3uhs8_1247,load_p3ulv12632,p3ulv12632,80.989,1,0,synthetic_nearest_load_assumption,0,2893,provisional_spatial_candidate
617,1,p1uhs19_1247--p1udt14631,p1uhs19_1247,load_p1ulv11980,p1ulv11980,2808.273,0,0,synthetic_nearest_load_assumption,0,,over_50m
617,2,p1uhs19_1247--p1udt14631,p1uhs19_1247,load_p1ulv33589,p1ulv33589,2810.827,0,0,synthetic_nearest_load_assumption,0,,over_50m
617,3,p1uhs19_1247--p1udt14631,p1uhs19_1247,load_p1ulv51793,p1ulv51793,2831.224,0,0,synthetic_nearest_load_assumption,0,,over_50m
619,1,p5uhs9_1247--p5udt22915,p5uhs9_1247,load_p5ulv57278,p5ulv57278,39.342,1,1,synthetic_nearest_load_assumption,0,,over_50m
619,2,p5uhs9_1247--p5udt22915,p5uhs9_1247,load_p5ulv36005,p5ulv36005,53.073,1,0,synthetic_nearest_load_assumption,0,,over_50m
619,3,p5uhs9_1247--p5udt22915,p5uhs9_1247,load_p5ulv44343,p5ulv44343,58.392,1,0,synthetic_nearest_load_assumption,0,,over_50m
620,1,p5uhs8_1247--p5udt8308,p5uhs8_1247,load_p5ulv76106,p5ulv76106,73.08,1,1,synthetic_nearest_load_assumption,0,,over_50m
620,2,p5uhs8_1247--p5udt8308,p5uhs8_1247,load_p5ulv66060,p5ulv66060,96.134,1,0,synthetic_nearest_load_assumption,0,,over_50m
620,3,p5uhs8_1247--p5udt8308,p5uhs8_1247,load_p5ulv42475,p5ulv42475,142.99,1,0,synthetic_nearest_load_assumption,0,,over_50m
622,1,p4uhs9_1247--p4udt6157,p4uhs9_1247,load_p4ulv32769,p4ulv32769,1987.851,0,0,synthetic_nearest_load_assumption,0,,over_50m
622,2,p4uhs9_1247--p4udt6157,p4uhs9_1247,load_p4ulv39073,p4ulv39073,1993.635,0,0,synthetic_nearest_load_assumption,0,,over_50m
622,3,p4uhs9_1247--p4udt6157,p4uhs9_1247,load_p4ulv20564,p4ulv20564,2012.37,0,0,synthetic_nearest_load_assumption,0,,over_50m
624,1,p1uhs2_1247--p1udt899,p1uhs2_1247,load_p1ulv22379,p1ulv22379,51.674,1,1,synthetic_nearest_load_assumption,0,5036,provisional_spatial_candidate
624,2,p1uhs2_1247--p1udt899,p1uhs2_1247,load_p1ulv13490,p1ulv13490,58.741,1,0,synthetic_nearest_load_assumption,0,5036,provisional_spatial_candidate
624,3,p1uhs2_1247--p1udt18962,p1uhs2_1247,load_p1ulv53342,p1ulv53342,105.215,1,0,synthetic_nearest_load_assumption,0,5036,provisional_spatial_candidate
626,1,p2uhs6_1247--p2udt6420,p2uhs6_1247,load_p2ulv283,p2ulv283,151.694,1,1,synthetic_nearest_load_assumption,0,,over_50m
626,2,p2uhs6_1247--p2udt6420,p2uhs6_1247,load_p2ulv12454,p2ulv12454,159.356,1,0,synthetic_nearest_load_assumption,0,,over_50m
626,3,p2uhs6_1247--p2udt6420,p2uhs6_1247,load_p2ulv17963,p2ulv17963,164.064,1,0,synthetic_nearest_load_assumption,0,,over_50m
628,1,p2uhs6_1247--p2udt6420,p2uhs6_1247,load_p2ulv11286,p2ulv11286,98.126,1,1,synthetic_nearest_load_assumption,0,7248,provisional_spatial_candidate
628,2,p2uhs6_1247--p2udt6420,p2uhs6_1247,load_p2ulv13436,p2ulv13436,118.495,1,0,synthetic_nearest_load_assumption,0,7248,provisional_spatial_candidate
628,3,p2uhs6_1247--p2udt6420,p2uhs6_1247,load_p2ulv12707,p2ulv12707,123.3,1,0,synthetic_nearest_load_assumption,0,7248,provisional_spatial_candidate
630,1,p3uhs21_1247--p3udt8885,p3uhs21_1247,load_p3ulv25469,p3ulv25469,119.02,1,1,synthetic_nearest_load_assumption,0,,over_50m
630,2,p3uhs21_1247--p3udt8885,p3uhs21_1247,load_p3ulv21486,p3ulv21486,162.212,1,0,synthetic_nearest_load_assumption,0,,over_50m
630,3,p3uhs21_1247--p3udt8885,p3uhs21_1247,load_p3ulv60159,p3ulv60159,215.94,0,0,synthetic_nearest_load_assumption,0,,over_50m
632,1,p1uhs17_1247--p1udt19976,p1uhs17_1247,load_p1ulv17739,p1ulv17739,55.373,1,1,synthetic_nearest_load_assumption,0,3995,provisional_spatial_candidate
632,2,p1uhs17_1247--p1udt19976,p1uhs17_1247,load_p1ulv27983,p1ulv27983,82.913,1,0,synthetic_nearest_load_assumption,0,3995,provisional_spatial_candidate
632,3,p1uhs17_1247--p1udt19976,p1uhs17_1247,load_p1ulv64918,p1ulv64918,126.062,1,0,synthetic_nearest_load_assumption,0,3995,provisional_spatial_candidate
633,1,p1uhs5_1247--p1udt19613,p1uhs5_1247,load_p1ulv41825,p1ulv41825,24.723,1,1,synthetic_nearest_load_assumption,0,4966,provisional_spatial_candidate
633,2,p1uhs5_1247--p1udt19613,p1uhs5_1247,load_p1ulv51203,p1ulv51203,47.683,1,0,synthetic_nearest_load_assumption,0,4966,provisional_spatial_candidate
633,3,p1uhs5_1247--p1udt19613,p1uhs5_1247,load_p1ulv717,p1ulv717,50.685,1,0,synthetic_nearest_load_assumption,0,4966,provisional_spatial_candidate
635,1,p2uhs2_1247--p2udt106,p2uhs2_1247,load_p2ulv4484,p2ulv4484,89.834,1,1,synthetic_nearest_load_assumption,0,,over_50m
635,2,p2uhs2_1247--p2udt106,p2uhs2_1247,load_p2ulv23914,p2ulv23914,188.045,1,0,synthetic_nearest_load_assumption,0,,over_50m
635,3,p2uhs2_1247--p2udt106,p2uhs2_1247,load_p2ulv9008,p2ulv9008,188.795,1,0,synthetic_nearest_load_assumption,0,,over_50m
637,1,p5uhs26_1247--p5udt22654,p5uhs26_1247,load_p5ulv57269,p5ulv57269,54.83,1,1,synthetic_nearest_load_assumption,0,4177,provisional_spatial_candidate
637,2,p5uhs26_1247--p5udt22654,p5uhs26_1247,load_p5ulv34336,p5ulv34336,63.74,1,0,synthetic_nearest_load_assumption,0,4177,provisional_spatial_candidate
637,3,p5uhs26_1247--p5udt22654,p5uhs26_1247,load_p5ulv31053,p5ulv31053,67.081,1,0,synthetic_nearest_load_assumption,0,4177,provisional_spatial_candidate
638,1,p5uhs21_1247--p5udt30121,p5uhs21_1247,load_p5ulv26366,p5ulv26366,100.784,1,1,synthetic_nearest_load_assumption,0,,over_50m
638,2,p5uhs21_1247--p5udt30121,p5uhs21_1247,load_p5ulv65520,p5ulv65520,122.557,1,0,synthetic_nearest_load_assumption,0,,over_50m
638,3,p5uhs21_1247--p5udt30121,p5uhs21_1247,load_p5ulv23550,p5ulv23550,131.395,1,0,synthetic_nearest_load_assumption,0,,over_50m
642,1,p5uhs21_1247--p5udt30121,p5uhs21_1247,load_p5ulv50237,p5ulv50237,26.792,1,1,synthetic_nearest_load_assumption,0,,over_50m
642,2,p5uhs21_1247--p5udt26112,p5uhs21_1247,load_p5ulv35165,p5ulv35165,53.333,1,0,synthetic_nearest_load_assumption,0,,over_50m
642,3,p5uhs21_1247--p5udt30121,p5uhs21_1247,load_p5ulv51959,p5ulv51959,58.291,1,0,synthetic_nearest_load_assumption,0,,over_50m
643,1,p3uhs14_1247--p3udt448,p3uhs14_1247,load_p3ulv64992,p3ulv64992,69.179,1,1,synthetic_nearest_load_assumption,0,,over_50m
643,2,p3uhs14_1247--p3udt448,p3uhs14_1247,load_p3ulv69621,p3ulv69621,75.626,1,0,synthetic_nearest_load_assumption,0,,over_50m
643,3,p3uhs14_1247--p3udt448,p3uhs14_1247,load_p3ulv44310,p3ulv44310,81.341,1,0,synthetic_nearest_load_assumption,0,,over_50m
644,1,p4uhs9_1247--p4udt20209,p4uhs9_1247,load_p4ulv25554,p4ulv25554,57.628,1,1,synthetic_nearest_load_assumption,0,5906,provisional_spatial_candidate
644,2,p4uhs9_1247--p4udt20209,p4uhs9_1247,load_p4ulv3042,p4ulv3042,104.526,1,0,synthetic_nearest_load_assumption,0,5906,provisional_spatial_candidate
644,3,p4uhs9_1247--p4udt20209,p4uhs9_1247,load_p4ulv24295,p4ulv24295,106.189,1,0,synthetic_nearest_load_assumption,0,5906,provisional_spatial_candidate
645,1,p1uhs6_1247--p1udt7653,p1uhs6_1247,load_p1ulv48441,p1ulv48441,33.474,1,1,synthetic_nearest_load_assumption,0,,over_50m
645,2,p1uhs6_1247--p1udt7653,p1uhs6_1247,load_p1ulv50265,p1ulv50265,35.407,1,0,synthetic_nearest_load_assumption,0,,over_50m
645,3,p1uhs6_1247--p1udt7653,p1uhs6_1247,load_p1ulv38381,p1ulv38381,40.838,1,0,synthetic_nearest_load_assumption,0,,over_50m
646,1,p1uhs19_1247--p1udt14631,p1uhs19_1247,load_p1ulv11980,p1ulv11980,694.723,0,0,synthetic_nearest_load_assumption,0,4564,provisional_spatial_candidate
646,2,p1uhs19_1247--p1udt14631,p1uhs19_1247,load_p1ulv33589,p1ulv33589,715.324,0,0,synthetic_nearest_load_assumption,0,4564,provisional_spatial_candidate
646,3,p1uhs19_1247--p1udt14631,p1uhs19_1247,load_p1ulv9504,p1ulv9504,717.728,0,0,synthetic_nearest_load_assumption,0,4564,provisional_spatial_candidate
647,1,p3uhs1_1247--p3udt16112,p3uhs1_1247,load_p3ulv43017,p3ulv43017,39.066,1,1,synthetic_nearest_load_assumption,0,,ambiguous_nearby_nodes
647,2,p3uhs1_1247--p3udt16112,p3uhs1_1247,load_p3ulv24406,p3ulv24406,41.436,1,0,synthetic_nearest_load_assumption,0,,ambiguous_nearby_nodes
647,3,p3uhs1_1247--p3udt16112,p3uhs1_1247,load_p3ulv76799,p3ulv76799,44.606,1,0,synthetic_nearest_load_assumption,0,,ambiguous_nearby_nodes
648,1,p5uhs30_1247--p5udt30417,p5uhs30_1247,load_p5ulv31048,p5ulv31048,82.763,1,1,synthetic_nearest_load_assumption,0,4159,provisional_spatial_candidate
648,2,p2uhs2_1247--p2udt8082,p2uhs2_1247,load_p2ulv20747,p2ulv20747,142.164,1,0,synthetic_nearest_load_assumption,0,4159,provisional_spatial_candidate
648,3,p2uhs2_1247--p2udt8082,p2uhs2_1247,load_p2ulv8552,p2ulv8552,148.04,1,0,synthetic_nearest_load_assumption,0,4159,provisional_spatial_candidate
649,1,p5uhs22_1247--p5udt12343,p5uhs22_1247,load_p5ulv56611,p5ulv56611,17.878,1,1,synthetic_nearest_load_assumption,0,4168,provisional_spatial_candidate
649,2,p5uhs22_1247--p5udt12343,p5uhs22_1247,load_p5ulv54323,p5ulv54323,25.669,1,0,synthetic_nearest_load_assumption,0,4168,provisional_spatial_candidate
649,3,p5uhs22_1247--p5udt12343,p5uhs22_1247,load_p5ulv56613,p5ulv56613,29.485,1,0,synthetic_nearest_load_assumption,0,4168,provisional_spatial_candidate
651,1,p5uhs22_1247--p5udt18713,p5uhs22_1247,load_p5ulv58879,p5ulv58879,130.264,1,1,synthetic_nearest_load_assumption,0,4312,provisional_spatial_candidate
651,2,p5uhs22_1247--p5udt18713,p5uhs22_1247,load_p5ulv53768,p5ulv53768,176.345,1,0,synthetic_nearest_load_assumption,0,4312,provisional_spatial_candidate
651,3,p5uhs22_1247--p5udt18713,p5uhs22_1247,load_p5ulv62847,p5ulv62847,178.797,1,0,synthetic_nearest_load_assumption,0,4312,provisional_spatial_candidate
653,1,p5uhs22_1247--p5udt18713,p5uhs22_1247,load_p5ulv65014,p5ulv65014,54.115,1,1,synthetic_nearest_load_assumption,0,4258,provisional_spatial_candidate
653,2,p5uhs22_1247--p5udt18713,p5uhs22_1247,load_p5ulv33083,p5ulv33083,59.824,1,0,synthetic_nearest_load_assumption,0,4258,provisional_spatial_candidate
653,3,p5uhs22_1247--p5udt18713,p5uhs22_1247,load_p5ulv60537,p5ulv60537,91.342,1,0,synthetic_nearest_load_assumption,0,4258,provisional_spatial_candidate
655,1,p5uhs22_1247--p5udt18713,p5uhs22_1247,load_p5ulv39757,p5ulv39757,60.968,1,1,synthetic_nearest_load_assumption,0,,over_50m
655,2,p5uhs22_1247--p5udt18713,p5uhs22_1247,load_p5ulv62232,p5ulv62232,87.181,1,0,synthetic_nearest_load_assumption,0,,over_50m
655,3,p5uhs22_1247--p5udt18713,p5uhs22_1247,load_p5ulv48653,p5ulv48653,99.128,1,0,synthetic_nearest_load_assumption,0,,over_50m
656,1,p5uhs22_1247--p5udt18713,p5uhs22_1247,load_p5ulv40876,p5ulv40876,23.394,1,1,synthetic_nearest_load_assumption,0,4255,provisional_spatial_candidate
656,2,p5uhs22_1247--p5udt18713,p5uhs22_1247,load_p5ulv21941,p5ulv21941,31.46,1,0,synthetic_nearest_load_assumption,0,4255,provisional_spatial_candidate
656,3,p5uhs22_1247--p5udt18713,p5uhs22_1247,load_p5ulv48651,p5ulv48651,40.612,1,0,synthetic_nearest_load_assumption,0,4255,provisional_spatial_candidate
657,1,p5uhs19_1247--p5udt8885,p5uhs19_1247,load_p5ulv38173,p5ulv38173,44.017,1,1,synthetic_nearest_load_assumption,0,,over_50m
657,2,p5uhs19_1247--p5udt8885,p5uhs19_1247,load_p5ulv33124,p5ulv33124,47.334,1,0,synthetic_nearest_load_assumption,0,,over_50m
657,3,p5uhs19_1247--p5udt8885,p5uhs19_1247,load_p5ulv50926,p5ulv50926,48.834,1,0,synthetic_nearest_load_assumption,0,,over_50m
658,1,p5uhs19_1247--p5udt8885,p5uhs19_1247,load_p5ulv42012,p5ulv42012,69.57,1,1,synthetic_nearest_load_assumption,0,,over_50m
658,2,p5uhs19_1247--p5udt8885,p5uhs19_1247,load_p5ulv71176,p5ulv71176,95.896,1,0,synthetic_nearest_load_assumption,0,,over_50m
658,3,p5uhs19_1247--p5udt8885,p5uhs19_1247,load_p5ulv51532,p5ulv51532,125.574,1,0,synthetic_nearest_load_assumption,0,,over_50m
660,1,p5uhs30_1247--p5udt30417,p5uhs30_1247,load_p5ulv41480,p5ulv41480,55.445,1,1,synthetic_nearest_load_assumption,0,4216,provisional_spatial_candidate
660,2,p5uhs30_1247--p5udt30417,p5uhs30_1247,load_p5ulv52727,p5ulv52727,82.266,1,0,synthetic_nearest_load_assumption,0,4216,provisional_spatial_candidate
660,3,p5uhs30_1247--p5udt30417,p5uhs30_1247,load_p5ulv64556,p5ulv64556,83.253,1,0,synthetic_nearest_load_assumption,0,4216,provisional_spatial_candidate
661,1,p1uhs14_1247--p1udt21168,p1uhs14_1247,load_p1ulv40003,p1ulv40003,43.095,1,1,synthetic_nearest_load_assumption,0,3940,provisional_spatial_candidate
661,2,p1uhs14_1247--p1udt21168,p1uhs14_1247,load_p1ulv8339,p1ulv8339,65.211,1,0,synthetic_nearest_load_assumption,0,3940,provisional_spatial_candidate
661,3,p1uhs14_1247--p1udt21168,p1uhs14_1247,load_p1ulv47557,p1ulv47557,71.158,1,0,synthetic_nearest_load_assumption,0,3940,provisional_spatial_candidate
662,1,p2uhs2_1247--p2udt106,p2uhs2_1247,load_p2ulv7607,p2ulv7607,41.651,1,1,synthetic_nearest_load_assumption,0,4333,provisional_spatial_candidate
662,2,p2uhs2_1247--p2udt106,p2uhs2_1247,load_p2ulv20097,p2ulv20097,60.95,1,0,synthetic_nearest_load_assumption,0,4333,provisional_spatial_candidate
662,3,p2uhs2_1247--p2udt106,p2uhs2_1247,load_p2ulv20098,p2ulv20098,67.602,1,0,synthetic_nearest_load_assumption,0,4333,provisional_spatial_candidate
663,1,p4uhs9_1247--p4udt6157,p4uhs9_1247,load_p4ulv32769,p4ulv32769,3702.508,0,0,synthetic_nearest_load_assumption,0,,over_50m
663,2,p4uhs9_1247--p4udt6157,p4uhs9_1247,load_p4ulv39073,p4ulv39073,3708.897,0,0,synthetic_nearest_load_assumption,0,,over_50m
663,3,p4uhs9_1247--p4udt6157,p4uhs9_1247,load_p4ulv20564,p4ulv20564,3727.829,0,0,synthetic_nearest_load_assumption,0,,over_50m
664,1,p5uhs30_1247--p5udt30417,p5uhs30_1247,load_p5ulv62860,p5ulv62860,27.477,1,1,synthetic_nearest_load_assumption,0,4332,provisional_spatial_candidate
664,2,p2uhs6_1247--p2udt6420,p2uhs6_1247,load_p2ulv20219,p2ulv20219,67.485,1,0,synthetic_nearest_load_assumption,0,4332,provisional_spatial_candidate
664,3,p5uhs30_1247--p5udt30417,p5uhs30_1247,load_p5ulv40926,p5ulv40926,73.436,1,0,synthetic_nearest_load_assumption,0,4332,provisional_spatial_candidate
665,1,p1uhs10_1247--p1udt14394,p1uhs10_1247,load_p1ulv24958,p1ulv24958,97.789,1,1,synthetic_nearest_load_assumption,0,,over_50m
665,2,p1uhs10_1247--p1udt14394,p1uhs10_1247,load_p1ulv8503,p1ulv8503,105.805,1,0,synthetic_nearest_load_assumption,0,,over_50m
665,3,p1uhs10_1247--p1udt14394,p1uhs10_1247,load_p1ulv61918,p1ulv61918,136.157,1,0,synthetic_nearest_load_assumption,0,,over_50m
666,1,p1rhs7_1247--p1rdt7669,p1rhs7_1247,load_p1rlv8435,p1rlv8435,296.041,0,0,synthetic_nearest_load_assumption,0,4933,provisional_spatial_candidate
666,2,p1rhs7_1247--p1rdt7669,p1rhs7_1247,load_p1rlv9099,p1rlv9099,319.213,0,0,synthetic_nearest_load_assumption,0,4933,provisional_spatial_candidate
666,3,p1rhs7_1247--p1rdt7669,p1rhs7_1247,load_p1rlv4907,p1rlv4907,343.515,0,0,synthetic_nearest_load_assumption,0,4933,provisional_spatial_candidate
668,1,p2uhs6_1247--p2udt6420,p2uhs6_1247,load_p2ulv18201,p2ulv18201,28.408,1,1,synthetic_nearest_load_assumption,0,,over_50m
668,2,p2uhs6_1247--p2udt6420,p2uhs6_1247,load_p2ulv22941,p2ulv22941,59.308,1,0,synthetic_nearest_load_assumption,0,,over_50m
668,3,p2uhs6_1247--p2udt6420,p2uhs6_1247,load_p2ulv995,p2ulv995,63.832,1,0,synthetic_nearest_load_assumption,0,,over_50m
669,1,p1uhs17_1247--p1udt19976,p1uhs17_1247,load_p1ulv24780,p1ulv24780,65.109,1,1,synthetic_nearest_load_assumption,0,,over_50m
669,2,p1uhs17_1247--p1udt19976,p1uhs17_1247,load_p1ulv61745,p1ulv61745,89.66,1,0,synthetic_nearest_load_assumption,0,,over_50m
669,3,p1uhs17_1247--p1udt19976,p1uhs17_1247,load_p1ulv46363,p1ulv46363,93.449,1,0,synthetic_nearest_load_assumption,0,,over_50m
670,1,p2uhs6_1247--p2udt6420,p2uhs6_1247,load_p2ulv16142,p2ulv16142,155.361,1,1,synthetic_nearest_load_assumption,0,,over_50m
670,2,p2uhs6_1247--p2udt1124,p2uhs6_1247,load_p2ulv15664,p2ulv15664,332.208,0,0,synthetic_nearest_load_assumption,0,,over_50m
670,3,p2uhs6_1247--p2udt1124,p2uhs6_1247,load_p2ulv21331,p2ulv21331,336.21,0,0,synthetic_nearest_load_assumption,0,,over_50m
671,1,p4uhs9_1247--p4udt20209,p4uhs9_1247,load_p4ulv87,p4ulv87,3208.047,0,0,synthetic_nearest_load_assumption,0,4666,provisional_spatial_candidate
671,2,p4uhs9_1247--p4udt20209,p4uhs9_1247,load_p4ulv17134,p4ulv17134,3238.359,0,0,synthetic_nearest_load_assumption,0,4666,provisional_spatial_candidate
671,3,p4uhs9_1247--p4udt20209,p4uhs9_1247,load_p4ulv8528,p4ulv8528,3246.095,0,0,synthetic_nearest_load_assumption,0,4666,provisional_spatial_candidate
673,1,p1uhs10_1247--p1udt14394,p1uhs10_1247,load_p1ulv29156,p1ulv29156,2901.002,0,0,synthetic_nearest_load_assumption,0,,over_50m
673,2,p1uhs10_1247--p1udt14394,p1uhs10_1247,load_p1ulv57390,p1ulv57390,2908.512,0,0,synthetic_nearest_load_assumption,0,,over_50m
673,3,p1uhs10_1247--p1udt14394,p1uhs10_1247,load_p1ulv11351,p1ulv11351,2911.643,0,0,synthetic_nearest_load_assumption,0,,over_50m
674,1,p1uhs10_1247--p1udt14394,p1uhs10_1247,load_p1ulv29156,p1ulv29156,943.939,0,0,synthetic_nearest_load_assumption,0,6234,provisional_spatial_candidate
674,2,p1uhs10_1247--p1udt14394,p1uhs10_1247,load_p1ulv57390,p1ulv57390,948.373,0,0,synthetic_nearest_load_assumption,0,6234,provisional_spatial_candidate
674,3,p1uhs10_1247--p1udt14394,p1uhs10_1247,load_p1ulv53722,p1ulv53722,951.61,0,0,synthetic_nearest_load_assumption,0,6234,provisional_spatial_candidate
675,1,p1uhs10_1247--p1udt14394,p1uhs10_1247,load_p1ulv57390,p1ulv57390,1475.743,0,0,synthetic_nearest_load_assumption,0,,over_50m
675,2,p1uhs10_1247--p1udt14394,p1uhs10_1247,load_p1ulv11351,p1ulv11351,1478.299,0,0,synthetic_nearest_load_assumption,0,,over_50m
675,3,p1uhs10_1247--p1udt14394,p1uhs10_1247,load_p1ulv63547,p1ulv63547,1482.743,0,0,synthetic_nearest_load_assumption,0,,over_50m
677,1,p1uhs10_1247--p1udt14394,p1uhs10_1247,load_p1ulv7669,p1ulv7669,64.799,1,1,synthetic_nearest_load_assumption,0,,ambiguous_nearby_nodes
677,2,p1uhs10_1247--p1udt14394,p1uhs10_1247,load_p1ulv55007,p1ulv55007,83.42,1,0,synthetic_nearest_load_assumption,0,,ambiguous_nearby_nodes
677,3,p1uhs10_1247--p1udt14394,p1uhs10_1247,load_p1ulv4494,p1ulv4494,85.331,1,0,synthetic_nearest_load_assumption,0,,ambiguous_nearby_nodes
678,1,p5uhs30_1247--p5udt30417,p5uhs30_1247,load_p5ulv72852,p5ulv72852,49.796,1,1,synthetic_nearest_load_assumption,0,4209,provisional_spatial_candidate
678,2,p5uhs30_1247--p5udt30417,p5uhs30_1247,load_p5ulv19792,p5ulv19792,51.109,1,0,synthetic_nearest_load_assumption,0,4209,provisional_spatial_candidate
678,3,p5uhs30_1247--p5udt30417,p5uhs30_1247,load_p5ulv37041,p5ulv37041,93.858,1,0,synthetic_nearest_load_assumption,0,4209,provisional_spatial_candidate
679,1,p3uhs20_1247--p3udt15957,p3uhs20_1247,load_p3ulv27233,p3ulv27233,73.415,1,1,synthetic_nearest_load_assumption,0,,over_50m
679,2,p3uhs20_1247--p3udt15957,p3uhs20_1247,load_p3ulv4470,p3ulv4470,79.665,1,0,synthetic_nearest_load_assumption,0,,over_50m
679,3,p3uhs20_1247--p3udt15957,p3uhs20_1247,load_p3ulv15459,p3ulv15459,82.348,1,0,synthetic_nearest_load_assumption,0,,over_50m
681,1,p3uhs19_1247--p3udt25232,p3uhs19_1247,load_p3ulv34195,p3ulv34195,127.298,1,1,synthetic_nearest_load_assumption,0,,over_50m
681,2,p3uhs19_1247--p3udt25232,p3uhs19_1247,load_p3ulv41896,p3ulv41896,170.718,1,0,synthetic_nearest_load_assumption,0,,over_50m
681,3,p3uhs19_1247--p3udt25232,p3uhs19_1247,load_p3ulv30242,p3ulv30242,188.794,1,0,synthetic_nearest_load_assumption,0,,over_50m
682,1,p1uhs10_1247--p1udt20878,p1uhs10_1247,load_p1ulv31028,p1ulv31028,44.745,1,1,synthetic_nearest_load_assumption,0,,over_50m
682,2,p1uhs10_1247--p1udt20878,p1uhs10_1247,load_p1ulv63587,p1ulv63587,46.365,1,0,synthetic_nearest_load_assumption,0,,over_50m
682,3,p1uhs10_1247--p1udt20878,p1uhs10_1247,load_p1ulv53095,p1ulv53095,56.11,1,0,synthetic_nearest_load_assumption,0,,over_50m
684,1,p3uhs11_1247--p3udt27353,p3uhs11_1247,load_p3ulv71782,p3ulv71782,181.767,1,1,synthetic_nearest_load_assumption,0,2525,provisional_spatial_candidate
684,2,p3uhs11_1247--p3udt27353,p3uhs11_1247,load_p3ulv426,p3ulv426,183.639,1,0,synthetic_nearest_load_assumption,0,2525,provisional_spatial_candidate
684,3,p3uhs11_1247--p3udt27353,p3uhs11_1247,load_p3ulv5946,p3ulv5946,214.563,0,0,synthetic_nearest_load_assumption,0,2525,provisional_spatial_candidate
688,1,p4uhs9_1247--p4udt20209,p4uhs9_1247,load_p4ulv87,p4ulv87,2379.778,0,0,synthetic_nearest_load_assumption,0,,over_50m
688,2,p4uhs9_1247--p4udt20209,p4uhs9_1247,load_p4ulv17134,p4ulv17134,2399.403,0,0,synthetic_nearest_load_assumption,0,,over_50m
688,3,p4uhs9_1247--p4udt20209,p4uhs9_1247,load_p4ulv36977,p4ulv36977,2400.446,0,0,synthetic_nearest_load_assumption,0,,over_50m
689,1,p5uhs27_1247--p5udt23432,p5uhs27_1247,load_p5ulv19944,p5ulv19944,101.401,1,1,synthetic_nearest_load_assumption,0,2677,provisional_spatial_candidate
689,2,p5uhs27_1247--p5udt16841,p5uhs27_1247,load_p5ulv39406,p5ulv39406,142.094,1,0,synthetic_nearest_load_assumption,0,2677,provisional_spatial_candidate
689,3,p5uhs27_1247--p5udt16841,p5uhs27_1247,load_p5ulv30563,p5ulv30563,163.463,1,0,synthetic_nearest_load_assumption,0,2677,provisional_spatial_candidate
690,1,p4uhs9_1247--p4udt6157,p4uhs9_1247,load_p4ulv32769,p4ulv32769,2816.796,0,0,synthetic_nearest_load_assumption,0,,over_50m
690,2,p4uhs9_1247--p4udt6157,p4uhs9_1247,load_p4ulv39073,p4ulv39073,2824.289,0,0,synthetic_nearest_load_assumption,0,,over_50m
690,3,p4uhs9_1247--p4udt6157,p4uhs9_1247,load_p4ulv20564,p4ulv20564,2844.429,0,0,synthetic_nearest_load_assumption,0,,over_50m
692,1,p1uhs2_1247--p1udt8846,p1uhs2_1247,load_p1ulv55309,p1ulv55309,45.451,1,1,synthetic_nearest_load_assumption,0,,over_50m
692,2,p1uhs2_1247--p1udt8846,p1uhs2_1247,load_p1ulv11071,p1ulv11071,71.953,1,0,synthetic_nearest_load_assumption,0,,over_50m
692,3,p1uhs2_1247--p1udt8846,p1uhs2_1247,load_p1ulv19330,p1ulv19330,79.642,1,0,synthetic_nearest_load_assumption,0,,over_50m
694,1,p5uhs17_1247--p5udt20156,p5uhs17_1247,load_p5ulv54787,p5ulv54787,92.17,1,1,synthetic_nearest_load_assumption,0,3581,provisional_spatial_candidate
694,2,p5uhs21_1247--p5udt26112,p5uhs21_1247,load_p5umv87,p5umv87,113.697,1,0,synthetic_nearest_load_assumption,0,3581,provisional_spatial_candidate
694,3,p5uhs17_1247--p5udt20156,p5uhs17_1247,load_p5ulv76077,p5ulv76077,124.191,1,0,synthetic_nearest_load_assumption,0,3581,provisional_spatial_candidate
696,1,p5uhs21_1247--p5udt26112,p5uhs21_1247,load_p5ulv40185,p5ulv40185,20.376,1,1,synthetic_nearest_load_assumption,0,,over_50m
696,2,p5uhs21_1247--p5udt26112,p5uhs21_1247,load_p5ulv34103,p5ulv34103,30.404,1,0,synthetic_nearest_load_assumption,0,,over_50m
696,3,p5uhs21_1247--p5udt26112,p5uhs21_1247,load_p5ulv50250,p5ulv50250,42.266,1,0,synthetic_nearest_load_assumption,0,,over_50m
698,1,p1uhs3_1247--p1udt13260,p1uhs3_1247,load_p1ulv58061,p1ulv58061,46.241,1,1,synthetic_nearest_load_assumption,0,4989,provisional_spatial_candidate
698,2,p1uhs3_1247--p1udt13260,p1uhs3_1247,load_p1ulv25401,p1ulv25401,71.936,1,0,synthetic_nearest_load_assumption,0,4989,provisional_spatial_candidate
698,3,p1uhs3_1247--p1udt13260,p1uhs3_1247,load_p1ulv20955,p1ulv20955,84.581,1,0,synthetic_nearest_load_assumption,0,4989,provisional_spatial_candidate
700,1,p3uhs24_1247--p3udt7003,p3uhs24_1247,load_p3ulv31460,p3ulv31460,64.922,1,1,synthetic_nearest_load_assumption,0,,over_50m
700,2,p3uhs24_1247--p3udt7003,p3uhs24_1247,load_p3ulv4883,p3ulv4883,76.524,1,0,synthetic_nearest_load_assumption,0,,over_50m
700,3,p3uhs24_1247--p3udt7003,p3uhs24_1247,load_p3ulv70809,p3ulv70809,88.767,1,0,synthetic_nearest_load_assumption,0,,over_50m
701,1,p3uhs12_1247--p3udt14513,p3uhs12_1247,load_p3ulv14245,p3ulv14245,38.704,1,1,synthetic_nearest_load_assumption,0,,over_50m
701,2,p3uhs12_1247--p3udt14513,p3uhs12_1247,load_p3ulv60706,p3ulv60706,40.82,1,0,synthetic_nearest_load_assumption,0,,over_50m
701,3,p3uhs12_1247--p3udt14513,p3uhs12_1247,load_p3ulv14246,p3ulv14246,52.053,1,0,synthetic_nearest_load_assumption,0,,over_50m
702,1,p2uhs11_1247--p2udt7967,p2uhs11_1247,load_p2ulv5974,p2ulv5974,40.116,1,1,synthetic_nearest_load_assumption,0,2815,provisional_spatial_candidate
702,2,p2uhs11_1247--p2udt7967,p2uhs11_1247,load_p2ulv4545,p2ulv4545,142.715,1,0,synthetic_nearest_load_assumption,0,2815,provisional_spatial_candidate
702,3,p2uhs11_1247--p2udt7967,p2uhs11_1247,load_p2ulv18987,p2ulv18987,145.496,1,0,synthetic_nearest_load_assumption,0,2815,provisional_spatial_candidate
703,1,p3uhs22_1247--p3udt29621,p3uhs22_1247,load_p3ulv26273,p3ulv26273,40.649,1,1,synthetic_nearest_load_assumption,0,,ambiguous_nearby_nodes
703,2,p3uhs22_1247--p3udt29621,p3uhs22_1247,load_p3ulv68629,p3ulv68629,58.301,1,0,synthetic_nearest_load_assumption,0,,ambiguous_nearby_nodes
703,3,p3uhs22_1247--p3udt29621,p3uhs22_1247,load_p3ulv57124,p3ulv57124,276.675,0,0,synthetic_nearest_load_assumption,0,,ambiguous_nearby_nodes
704,1,p3uhs14_1247--p3udt2635,p3uhs14_1247,load_p3ulv36546,p3ulv36546,72.874,1,1,synthetic_nearest_load_assumption,0,,over_50m
704,2,p3uhs14_1247--p3udt2635,p3uhs14_1247,load_p3ulv41958,p3ulv41958,89.126,1,0,synthetic_nearest_load_assumption,0,,over_50m
704,3,p3uhs14_1247--p3udt2635,p3uhs14_1247,load_p3ulv33481,p3ulv33481,138.195,1,0,synthetic_nearest_load_assumption,0,,over_50m
705,1,p1rhs3_1247--p1rdt3467,p1rhs3_1247,load_p1rlv3416,p1rlv3416,57.043,1,1,synthetic_nearest_load_assumption,0,2883,provisional_spatial_candidate
705,2,p1rhs3_1247--p1rdt3467,p1rhs3_1247,load_p1rlv9970,p1rlv9970,73.272,1,0,synthetic_nearest_load_assumption,0,2883,provisional_spatial_candidate
705,3,p1rhs3_1247--p1rdt3467,p1rhs3_1247,load_p1rlv8334,p1rlv8334,106.7,1,0,synthetic_nearest_load_assumption,0,2883,provisional_spatial_candidate
706,1,p3uhs22_1247--p3udt29621,p3uhs22_1247,load_p3ulv1135,p3ulv1135,117.367,1,1,synthetic_nearest_load_assumption,0,,ambiguous_nearby_nodes
706,2,p3uhs22_1247--p3udt29621,p3uhs22_1247,load_p3ulv30880,p3ulv30880,204.428,0,0,synthetic_nearest_load_assumption,0,,ambiguous_nearby_nodes
706,3,p3uhs22_1247--p3udt29621,p3uhs22_1247,load_p3ulv6691,p3ulv6691,205.614,0,0,synthetic_nearest_load_assumption,0,,ambiguous_nearby_nodes
707,1,p1uhs19_1247--p1udt14631,p1uhs19_1247,load_p1ulv51793,p1ulv51793,2084.505,0,0,synthetic_nearest_load_assumption,0,,ambiguous_nearby_nodes
707,2,p1uhs19_1247--p1udt14631,p1uhs19_1247,load_p1ulv59183,p1ulv59183,2133.404,0,0,synthetic_nearest_load_assumption,0,,ambiguous_nearby_nodes
707,3,p1uhs19_1247--p1udt14631,p1uhs19_1247,load_p1ulv52456,p1ulv52456,2152.703,0,0,synthetic_nearest_load_assumption,0,,ambiguous_nearby_nodes
709,1,p3uhs22_1247--p3udt29621,p3uhs22_1247,load_p3ulv37023,p3ulv37023,123.725,1,1,synthetic_nearest_load_assumption,0,6275,provisional_spatial_candidate
709,2,p3uhs22_1247--p3udt29621,p3uhs22_1247,load_p3ulv37026,p3ulv37026,186.678,1,0,synthetic_nearest_load_assumption,0,6275,provisional_spatial_candidate
709,3,p3uhs22_1247--p3udt29621,p3uhs22_1247,load_p3ulv18383,p3ulv18383,215.891,0,0,synthetic_nearest_load_assumption,0,6275,provisional_spatial_candidate
711,1,p3uhs3_1247--p3udt20362,p3uhs3_1247,load_p3ulv11450,p3ulv11450,73.582,1,1,synthetic_nearest_load_assumption,0,,over_50m
711,2,p3uhs21_1247--p3udt8885,p3uhs21_1247,load_p3ulv78636,p3ulv78636,85.685,1,0,synthetic_nearest_load_assumption,0,,over_50m
711,3,p3uhs21_1247--p3udt8885,p3uhs21_1247,load_p3ulv9081,p3ulv9081,89.544,1,0,synthetic_nearest_load_assumption,0,,over_50m
713,1,p3uhs22_1247--p3udt29621,p3uhs22_1247,load_p3ulv357,p3ulv357,147.68,1,1,synthetic_nearest_load_assumption,0,7261,provisional_spatial_candidate
713,2,p3uhs22_1247--p3udt29621,p3uhs22_1247,load_p3ulv45661,p3ulv45661,148.923,1,0,synthetic_nearest_load_assumption,0,7261,provisional_spatial_candidate
713,3,p3uhs22_1247--p3udt29621,p3uhs22_1247,load_p3ulv57903,p3ulv57903,185.484,1,0,synthetic_nearest_load_assumption,0,7261,provisional_spatial_candidate
714,1,p5uhs8_1247--p5udt31669,p5uhs8_1247,load_p5ulv48599,p5ulv48599,26.243,1,1,synthetic_nearest_load_assumption,0,,over_50m
714,2,p5uhs8_1247--p5udt31669,p5uhs8_1247,load_p5ulv42472,p5ulv42472,30.878,1,0,synthetic_nearest_load_assumption,0,,over_50m
714,3,p5uhs8_1247--p5udt31669,p5uhs8_1247,load_p5ulv66050,p5ulv66050,34.696,1,0,synthetic_nearest_load_assumption,0,,over_50m
716,1,p5uhs8_1247--p5udt31669,p5uhs8_1247,load_p5ulv29801,p5ulv29801,68.778,1,1,synthetic_nearest_load_assumption,0,,over_50m
716,2,p5uhs8_1247--p5udt31669,p5uhs8_1247,load_p5ulv61073,p5ulv61073,81.615,1,0,synthetic_nearest_load_assumption,0,,over_50m
716,3,p5uhs8_1247--p5udt31669,p5uhs8_1247,load_p5ulv66044,p5ulv66044,91.51,1,0,synthetic_nearest_load_assumption,0,,over_50m
717,1,p5uhs21_1247--p5udt30121,p5uhs21_1247,load_p5ulv62095,p5ulv62095,54.958,1,1,synthetic_nearest_load_assumption,0,,over_50m
717,2,p5uhs21_1247--p5udt30121,p5uhs21_1247,load_p5ulv34644,p5ulv34644,71.317,1,0,synthetic_nearest_load_assumption,0,,over_50m
717,3,p5uhs21_1247--p5udt30121,p5uhs21_1247,load_p5ulv61016,p5ulv61016,77.893,1,0,synthetic_nearest_load_assumption,0,,over_50m
719,1,p1uhs9_1247--p1udt22325,p1uhs9_1247,load_p1ulv41001,p1ulv41001,31.249,1,1,synthetic_nearest_load_assumption,0,4481,provisional_spatial_candidate
719,2,p1uhs9_1247--p1udt21819,p1uhs9_1247,load_p1ulv46089,p1ulv46089,52.422,1,0,synthetic_nearest_load_assumption,0,4481,provisional_spatial_candidate
719,3,p1uhs9_1247--p1udt22325,p1uhs9_1247,load_p1ulv10580,p1ulv10580,57.037,1,0,synthetic_nearest_load_assumption,0,4481,provisional_spatial_candidate
720,1,p1uhs5_1247--p1udt19613,p1uhs5_1247,load_p1ulv673,p1ulv673,69.067,1,1,synthetic_nearest_load_assumption,0,,over_50m
720,2,p1uhs5_1247--p1udt19613,p1uhs5_1247,load_p1ulv11989,p1ulv11989,85.477,1,0,synthetic_nearest_load_assumption,0,,over_50m
720,3,p1uhs5_1247--p1udt19613,p1uhs5_1247,load_p1ulv17643,p1ulv17643,88.331,1,0,synthetic_nearest_load_assumption,0,,over_50m
721,1,p1uhs5_1247--p1udt19613,p1uhs5_1247,load_p1ulv46289,p1ulv46289,226.825,0,0,synthetic_nearest_load_assumption,0,4988,provisional_spatial_candidate
721,2,p1uhs5_1247--p1udt19613,p1uhs5_1247,load_p1ulv37,p1ulv37,228.874,0,0,synthetic_nearest_load_assumption,0,4988,provisional_spatial_candidate
721,3,p1uhs5_1247--p1udt19613,p1uhs5_1247,load_p1ulv4488,p1ulv4488,233.634,0,0,synthetic_nearest_load_assumption,0,4988,provisional_spatial_candidate
723,1,p1uhs5_1247--p1udt19613,p1uhs5_1247,load_p1ulv46289,p1ulv46289,321.247,0,0,synthetic_nearest_load_assumption,0,,over_50m
723,2,p1uhs5_1247--p1udt19613,p1uhs5_1247,load_p1ulv36185,p1ulv36185,338.505,0,0,synthetic_nearest_load_assumption,0,,over_50m
723,3,p1uhs5_1247--p1udt19613,p1uhs5_1247,load_p1ulv22801,p1ulv22801,342.978,0,0,synthetic_nearest_load_assumption,0,,over_50m
725,1,p2uhs6_1247--p2udt1124,p2uhs6_1247,load_p2ulv10322,p2ulv10322,183.151,1,1,synthetic_nearest_load_assumption,0,2806,provisional_spatial_candidate
725,2,p2uhs6_1247--p2udt1124,p2uhs6_1247,load_p2ulv1004,p2ulv1004,210.139,0,0,synthetic_nearest_load_assumption,0,2806,provisional_spatial_candidate
725,3,p2uhs6_1247--p2udt1124,p2uhs6_1247,load_p2ulv12487,p2ulv12487,214.385,0,0,synthetic_nearest_load_assumption,0,2806,provisional_spatial_candidate
726,1,p1uhs2_1247--p1udt8846,p1uhs2_1247,load_p1ulv57734,p1ulv57734,58.907,1,1,synthetic_nearest_load_assumption,0,,over_50m
726,2,p1uhs2_1247--p1udt8846,p1uhs2_1247,load_p1ulv33971,p1ulv33971,66.033,1,0,synthetic_nearest_load_assumption,0,,over_50m
726,3,p1uhs2_1247--p1udt8846,p1uhs2_1247,load_p1ulv32657,p1ulv32657,68.421,1,0,synthetic_nearest_load_assumption,0,,over_50m
727,1,p3uhs4_1247--p3udt14887,p3uhs4_1247,load_p3ulv58805,p3ulv58805,26.487,1,1,synthetic_nearest_load_assumption,0,,over_50m
727,2,p3uhs4_1247--p3udt14887,p3uhs4_1247,load_p3ulv34117,p3ulv34117,27.622,1,0,synthetic_nearest_load_assumption,0,,over_50m
727,3,p3uhs4_1247--p3udt14887,p3uhs4_1247,load_p3ulv67946,p3ulv67946,44.834,1,0,synthetic_nearest_load_assumption,0,,over_50m
728,1,p1uhs11_1247--p1udt12111,p1uhs11_1247,load_p1ulv39672,p1ulv39672,86.541,1,1,synthetic_nearest_load_assumption,0,3965,provisional_spatial_candidate
728,2,p1uhs11_1247--p1udt12111,p1uhs11_1247,load_p1ulv13612,p1ulv13612,89.467,1,0,synthetic_nearest_load_assumption,0,3965,provisional_spatial_candidate
728,3,p1uhs11_1247--p1udt12111,p1uhs11_1247,load_p1ulv41533,p1ulv41533,100.342,1,0,synthetic_nearest_load_assumption,0,3965,provisional_spatial_candidate
729,1,p5uhs7_1247--p5udt2039,p5uhs7_1247,load_p5ulv947,p5ulv947,85.894,1,1,synthetic_nearest_load_assumption,0,,over_50m
729,2,p5uhs7_1247--p5udt2039,p5uhs7_1247,load_p5ulv18037,p5ulv18037,90.773,1,0,synthetic_nearest_load_assumption,0,,over_50m
729,3,p5uhs7_1247--p5udt2039,p5uhs7_1247,load_p5ulv46601,p5ulv46601,93.538,1,0,synthetic_nearest_load_assumption,0,,over_50m
730,1,p3uhs15_1247--p3udt27016,p3uhs15_1247,load_p3ulv22578,p3ulv22578,42.777,1,1,synthetic_nearest_load_assumption,0,,over_50m
730,2,p3uhs15_1247--p3udt27016,p3uhs15_1247,load_p3ulv67373,p3ulv67373,55.293,1,0,synthetic_nearest_load_assumption,0,,over_50m
730,3,p3uhs15_1247--p3udt27016,p3uhs15_1247,load_p3ulv28841,p3ulv28841,83.28,1,0,synthetic_nearest_load_assumption,0,,over_50m
731,1,p5uhs3_1247--p5udt7453,p5uhs3_1247,load_p5umv24,p5umv24,36.014,1,1,synthetic_nearest_load_assumption,0,,over_50m
731,2,p5uhs3_1247--p5udt7453,p5uhs3_1247,load_p5umv14,p5umv14,67.206,1,0,synthetic_nearest_load_assumption,0,,over_50m
731,3,p5uhs3_1247--p5udt7453,p5uhs3_1247,load_p5umv42,p5umv42,108.939,1,0,synthetic_nearest_load_assumption,0,,over_50m
732,1,p1uhs9_1247--p1udt6854,p1uhs9_1247,load_p1ulv11150,p1ulv11150,252.309,0,0,synthetic_nearest_load_assumption,0,,over_50m
732,2,p1uhs9_1247--p1udt6854,p1uhs9_1247,load_p1ulv20691,p1ulv20691,270.389,0,0,synthetic_nearest_load_assumption,0,,over_50m
732,3,p1uhs9_1247--p1udt6854,p1uhs9_1247,load_p1ulv35314,p1ulv35314,290.248,0,0,synthetic_nearest_load_assumption,0,,over_50m
733,1,p3uhs0_1247--p3udt31121,p3uhs0_1247,load_p3ulv33931,p3ulv33931,134.619,1,1,synthetic_nearest_load_assumption,0,2229,provisional_spatial_candidate
733,2,p3uhs0_1247--p3udt31121,p3uhs0_1247,load_p3ulv68582,p3ulv68582,276.375,0,0,synthetic_nearest_load_assumption,0,2229,provisional_spatial_candidate
733,3,p3uhs0_1247--p3udt31121,p3uhs0_1247,load_p3ulv52484,p3ulv52484,277.839,0,0,synthetic_nearest_load_assumption,0,2229,provisional_spatial_candidate
734,1,p5uhs23_1247--p5udt23560,p5uhs23_1247,load_p5ulv62766,p5ulv62766,33.042,1,1,synthetic_nearest_load_assumption,0,,over_50m
734,2,p5uhs23_1247--p5udt23560,p5uhs23_1247,load_p5ulv65545,p5ulv65545,36.107,1,0,synthetic_nearest_load_assumption,0,,over_50m
734,3,p5uhs23_1247--p5udt23560,p5uhs23_1247,load_p5ulv49185,p5ulv49185,36.907,1,0,synthetic_nearest_load_assumption,0,,over_50m
735,1,p3uhs1_1247--p3udt16112,p3uhs1_1247,load_p3ulv4799,p3ulv4799,51.024,1,1,synthetic_nearest_load_assumption,0,2993,provisional_spatial_candidate
735,2,p3uhs1_1247--p3udt16112,p3uhs1_1247,load_p3ulv14235,p3ulv14235,58.865,1,0,synthetic_nearest_load_assumption,0,2993,provisional_spatial_candidate
735,3,p3uhs1_1247--p3udt16112,p3uhs1_1247,load_p3ulv32197,p3ulv32197,71.683,1,0,synthetic_nearest_load_assumption,0,2993,provisional_spatial_candidate
736,1,p5uhs20_1247--p5udt30630,p5uhs20_1247,load_p5ulv49586,p5ulv49586,25.828,1,1,synthetic_nearest_load_assumption,0,3663,provisional_spatial_candidate
736,2,p5uhs20_1247--p5udt30630,p5uhs20_1247,load_p5ulv40659,p5ulv40659,37.684,1,0,synthetic_nearest_load_assumption,0,3663,provisional_spatial_candidate
736,3,p5uhs20_1247--p5udt30630,p5uhs20_1247,load_p5ulv57477,p5ulv57477,49.392,1,0,synthetic_nearest_load_assumption,0,3663,provisional_spatial_candidate
738,1,p3uhs2_1247--p3udt24404,p3uhs2_1247,load_p3ulv33732,p3ulv33732,26.261,1,1,synthetic_nearest_load_assumption,0,2932,provisional_spatial_candidate
738,2,p3uhs2_1247--p3udt24404,p3uhs2_1247,load_p3ulv12645,p3ulv12645,29.203,1,0,synthetic_nearest_load_assumption,0,2932,provisional_spatial_candidate
738,3,p3uhs2_1247--p3udt24404,p3uhs2_1247,load_p3ulv53035,p3ulv53035,35.717,1,0,synthetic_nearest_load_assumption,0,2932,provisional_spatial_candidate
739,1,p3uhs3_1247--p3udt23531,p3uhs3_1247,load_p3umv8,p3umv8,359.332,0,0,synthetic_nearest_load_assumption,0,,over_50m
739,2,p3uhs0_1247--p3udt28845,p3uhs0_1247,load_p3ulv4259,p3ulv4259,474.909,0,0,synthetic_nearest_load_assumption,0,,over_50m
739,3,p3uhs0_1247--p3udt28845,p3uhs0_1247,load_p3ulv34756,p3ulv34756,513.398,0,0,synthetic_nearest_load_assumption,0,,over_50m
740,1,p1uhs9_1247--p1udt21523,p1uhs9_1247,load_p1ulv12426,p1ulv12426,95.67,1,1,synthetic_nearest_load_assumption,0,,over_50m
740,2,p1uhs9_1247--p1udt13121,p1uhs9_1247,load_p1ulv11786,p1ulv11786,195.733,1,0,synthetic_nearest_load_assumption,0,,over_50m
740,3,p1uhs9_1247--p1udt21523,p1uhs9_1247,load_p1ulv44788,p1ulv44788,198.892,1,0,synthetic_nearest_load_assumption,0,,over_50m
741,1,p1uhs9_1247--p1udt4409,p1uhs9_1247,load_p1ulv4876,p1ulv4876,99.012,1,1,synthetic_nearest_load_assumption,0,,over_50m
741,2,p1uhs9_1247--p1udt13121,p1uhs9_1247,load_p1umv54,p1umv54,434.379,0,0,synthetic_nearest_load_assumption,0,,over_50m
741,3,p1uhs9_1247--p1udt4409,p1uhs9_1247,load_p1ulv31439,p1ulv31439,493.758,0,0,synthetic_nearest_load_assumption,0,,over_50m
742,1,p5uhs3_1247--p5udt7453,p5uhs3_1247,load_p5ulv16057,p5ulv16057,29.059,1,1,synthetic_nearest_load_assumption,0,,over_50m
742,2,p5uhs3_1247--p5udt7453,p5uhs3_1247,load_p5ulv77440,p5ulv77440,53.519,1,0,synthetic_nearest_load_assumption,0,,over_50m
742,3,p5uhs3_1247--p5udt7453,p5uhs3_1247,load_p5ulv3806,p5ulv3806,58.109,1,0,synthetic_nearest_load_assumption,0,,over_50m
743,1,p1uhs5_1247--p1udt19613,p1uhs5_1247,load_p1ulv41172,p1ulv41172,214.628,0,0,synthetic_nearest_load_assumption,0,,over_50m
743,2,p1uhs5_1247--p1udt19613,p1uhs5_1247,load_p1ulv22152,p1ulv22152,246.379,0,0,synthetic_nearest_load_assumption,0,,over_50m
743,3,p1uhs5_1247--p1udt19613,p1uhs5_1247,load_p1ulv37407,p1ulv37407,250.284,0,0,synthetic_nearest_load_assumption,0,,over_50m
744,1,p1uhs19_1247--p1udt17263,p1uhs19_1247,load_p1ulv62294,p1ulv62294,143.307,1,1,synthetic_nearest_load_assumption,0,4691,provisional_spatial_candidate
744,2,p1uhs19_1247--p1udt17263,p1uhs19_1247,load_p1ulv38026,p1ulv38026,152.555,1,0,synthetic_nearest_load_assumption,0,4691,provisional_spatial_candidate
744,3,p1uhs19_1247--p1udt17263,p1uhs19_1247,load_p1ulv42415,p1ulv42415,153.432,1,0,synthetic_nearest_load_assumption,0,4691,provisional_spatial_candidate
745,1,p3uhs2_1247--p3udt11804,p3uhs2_1247,load_p3ulv58382,p3ulv58382,40.304,1,1,synthetic_nearest_load_assumption,0,,over_50m
745,2,p3uhs2_1247--p3udt11804,p3uhs2_1247,load_p3ulv41419,p3ulv41419,47.327,1,0,synthetic_nearest_load_assumption,0,,over_50m
745,3,p3uhs2_1247--p3udt11804,p3uhs2_1247,load_p3ulv65239,p3ulv65239,48.721,1,0,synthetic_nearest_load_assumption,0,,over_50m
747,1,p3uhs15_1247--p3udt27016,p3uhs15_1247,load_p3ulv51281,p3ulv51281,48.638,1,1,synthetic_nearest_load_assumption,0,,over_50m
747,2,p3uhs15_1247--p3udt27016,p3uhs15_1247,load_p3ulv22577,p3ulv22577,68.178,1,0,synthetic_nearest_load_assumption,0,,over_50m
747,3,p3uhs15_1247--p3udt27016,p3uhs15_1247,load_p3ulv6162,p3ulv6162,68.484,1,0,synthetic_nearest_load_assumption,0,,over_50m
748,1,p5uhs16_1247--p5udt746,p5uhs16_1247,load_p5ulv1380,p5ulv1380,34.705,1,1,synthetic_nearest_load_assumption,0,,over_50m
748,2,p5uhs16_1247--p5udt385,p5uhs16_1247,load_p5ulv6377,p5ulv6377,39.216,1,0,synthetic_nearest_load_assumption,0,,over_50m
748,3,p5uhs16_1247--p5udt385,p5uhs16_1247,load_p5ulv8224,p5ulv8224,41.58,1,0,synthetic_nearest_load_assumption,0,,over_50m
749,1,p5uhs16_1247--p5udt746,p5uhs16_1247,load_p5ulv21224,p5ulv21224,87.853,1,1,synthetic_nearest_load_assumption,0,,over_50m
749,2,p5uhs16_1247--p5udt746,p5uhs16_1247,load_p5ulv68140,p5ulv68140,112.554,1,0,synthetic_nearest_load_assumption,0,,over_50m
749,3,p5uhs16_1247--p5udt746,p5uhs16_1247,load_p5ulv26260,p5ulv26260,128.632,1,0,synthetic_nearest_load_assumption,0,,over_50m
750,1,p5uhs16_1247--p5udt746,p5uhs16_1247,load_p5ulv69862,p5ulv69862,140.909,1,1,synthetic_nearest_load_assumption,0,1788,provisional_spatial_candidate
750,2,p5uhs16_1247--p5udt746,p5uhs16_1247,load_p5ulv44606,p5ulv44606,200.395,0,0,synthetic_nearest_load_assumption,0,1788,provisional_spatial_candidate
750,3,p5uhs16_1247--p5udt746,p5uhs16_1247,load_p5ulv77117,p5ulv77117,202.727,0,0,synthetic_nearest_load_assumption,0,1788,provisional_spatial_candidate
751,1,p5uhs16_1247--p5udt746,p5uhs16_1247,load_p5ulv2808,p5ulv2808,43.908,1,1,synthetic_nearest_load_assumption,0,3692,provisional_spatial_candidate
751,2,p5uhs16_1247--p5udt746,p5uhs16_1247,load_p5ulv61498,p5ulv61498,44.564,1,0,synthetic_nearest_load_assumption,0,3692,provisional_spatial_candidate
751,3,p5uhs16_1247--p5udt746,p5uhs16_1247,load_p5ulv39055,p5ulv39055,53.189,1,0,synthetic_nearest_load_assumption,0,3692,provisional_spatial_candidate
752,1,p5uhs16_1247--p5udt385,p5uhs16_1247,load_p5ulv15251,p5ulv15251,20.641,1,1,synthetic_nearest_load_assumption,0,3671,provisional_spatial_candidate
752,2,p5uhs16_1247--p5udt385,p5uhs16_1247,load_p5ulv27975,p5ulv27975,22.255,1,0,synthetic_nearest_load_assumption,0,3671,provisional_spatial_candidate
752,3,p5uhs16_1247--p5udt385,p5uhs16_1247,load_p5ulv6333,p5ulv6333,38.414,1,0,synthetic_nearest_load_assumption,0,3671,provisional_spatial_candidate
753,1,p5uhs16_1247--p5udt385,p5uhs16_1247,load_p5ulv21730,p5ulv21730,27.376,1,1,synthetic_nearest_load_assumption,0,3675,provisional_spatial_candidate
753,2,p5uhs16_1247--p5udt385,p5uhs16_1247,load_p5ulv41783,p5ulv41783,39.726,1,0,synthetic_nearest_load_assumption,0,3675,provisional_spatial_candidate
753,3,p5uhs16_1247--p5udt385,p5uhs16_1247,load_p5ulv52979,p5ulv52979,44.469,1,0,synthetic_nearest_load_assumption,0,3675,provisional_spatial_candidate
754,1,p5uhs20_1247--p5udt30630,p5uhs20_1247,load_p5ulv29102,p5ulv29102,54.647,1,1,synthetic_nearest_load_assumption,0,3614,provisional_spatial_candidate
754,2,p5uhs20_1247--p5udt30630,p5uhs20_1247,load_p5ulv68672,p5ulv68672,55.864,1,0,synthetic_nearest_load_assumption,0,3614,provisional_spatial_candidate
754,3,p5uhs20_1247--p5udt30630,p5uhs20_1247,load_p5ulv40660,p5ulv40660,57.708,1,0,synthetic_nearest_load_assumption,0,3614,provisional_spatial_candidate
755,1,p5uhs22_1247--p5udt24944,p5uhs22_1247,load_p5ulv54349,p5ulv54349,53.299,1,1,synthetic_nearest_load_assumption,0,,over_50m
755,2,p5uhs22_1247--p5udt24944,p5uhs22_1247,load_p5ulv42044,p5ulv42044,57.344,1,0,synthetic_nearest_load_assumption,0,,over_50m
755,3,p5uhs22_1247--p5udt24944,p5uhs22_1247,load_p5ulv50959,p5ulv50959,71.65,1,0,synthetic_nearest_load_assumption,0,,over_50m
756,1,p1uhs11_1247--p1udt22445,p1uhs11_1247,load_p1ulv63963,p1ulv63963,45.868,1,1,synthetic_nearest_load_assumption,0,,over_50m
756,2,p1uhs11_1247--p1udt22445,p1uhs11_1247,load_p1ulv40330,p1ulv40330,52.278,1,0,synthetic_nearest_load_assumption,0,,over_50m
756,3,p1uhs11_1247--p1udt22445,p1uhs11_1247,load_p1ulv57766,p1ulv57766,61.162,1,0,synthetic_nearest_load_assumption,0,,over_50m
757,1,p3uhs19_1247--p3udt25232,p3uhs19_1247,load_p3ulv18545,p3ulv18545,141.692,1,1,synthetic_nearest_load_assumption,0,,over_50m
757,2,p3uhs19_1247--p3udt25232,p3uhs19_1247,load_p3ulv45811,p3ulv45811,145.027,1,0,synthetic_nearest_load_assumption,0,,over_50m
757,3,p3uhs19_1247--p3udt25232,p3uhs19_1247,load_p3ulv64903,p3ulv64903,145.666,1,0,synthetic_nearest_load_assumption,0,,over_50m
758,1,p5uhs30_1247--p5udt30417,p5uhs30_1247,load_p5ulv54364,p5ulv54364,34.81,1,1,synthetic_nearest_load_assumption,0,,over_50m
758,2,p5uhs30_1247--p5udt30417,p5uhs30_1247,load_p5ulv58895,p5ulv58895,37.506,1,0,synthetic_nearest_load_assumption,0,,over_50m
758,3,p5uhs30_1247--p5udt30417,p5uhs30_1247,load_p5ulv70655,p5ulv70655,58.836,1,0,synthetic_nearest_load_assumption,0,,over_50m
759,1,p1uhs14_1247--p1udt21168,p1uhs14_1247,load_p1ulv51883,p1ulv51883,105.062,1,1,synthetic_nearest_load_assumption,0,4144,provisional_spatial_candidate
759,2,p1uhs14_1247--p1udt21168,p1uhs14_1247,load_p1ulv7098,p1ulv7098,109.28,1,0,synthetic_nearest_load_assumption,0,4144,provisional_spatial_candidate
759,3,p1uhs14_1247--p1udt21168,p1uhs14_1247,load_p1ulv61133,p1ulv61133,115.234,1,0,synthetic_nearest_load_assumption,0,4144,provisional_spatial_candidate
760,1,p3uhs12_1247--p3udt14513,p3uhs12_1247,load_p3ulv42249,p3ulv42249,34.24,1,1,synthetic_nearest_load_assumption,0,,over_50m
760,2,p3uhs12_1247--p3udt14513,p3uhs12_1247,load_p3ulv38325,p3ulv38325,53.905,1,0,synthetic_nearest_load_assumption,0,,over_50m
760,3,p3uhs12_1247--p3udt14513,p3uhs12_1247,load_p3ulv5612,p3ulv5612,96.176,1,0,synthetic_nearest_load_assumption,0,,over_50m
761,1,p3uhs14_1247--p3udt2635,p3uhs14_1247,load_p3ulv54299,p3ulv54299,153.763,1,1,synthetic_nearest_load_assumption,0,2414,provisional_spatial_candidate
761,2,p3uhs14_1247--p3udt2635,p3uhs14_1247,load_p3ulv24910,p3ulv24910,156.613,1,0,synthetic_nearest_load_assumption,0,2414,provisional_spatial_candidate
761,3,p3uhs14_1247--p3udt2635,p3uhs14_1247,load_p3ulv6933,p3ulv6933,176.058,1,0,synthetic_nearest_load_assumption,0,2414,provisional_spatial_candidate
763,1,p1uhs5_1247--p1udt13240,p1uhs5_1247,load_p1ulv56797,p1ulv56797,68.049,1,1,synthetic_nearest_load_assumption,0,,over_50m
763,2,p1uhs5_1247--p1udt13240,p1uhs5_1247,load_p1ulv24705,p1ulv24705,96.854,1,0,synthetic_nearest_load_assumption,0,,over_50m
763,3,p1uhs5_1247--p1udt13240,p1uhs5_1247,load_p1ulv39934,p1ulv39934,105.429,1,0,synthetic_nearest_load_assumption,0,,over_50m
764,1,p1uhs9_1247--p1udt21523,p1uhs9_1247,load_p1ulv28950,p1ulv28950,79.635,1,1,synthetic_nearest_load_assumption,0,,over_50m
764,2,p1uhs9_1247--p1udt21523,p1uhs9_1247,load_p1ulv53528,p1ulv53528,82.432,1,0,synthetic_nearest_load_assumption,0,,over_50m
764,3,p1uhs9_1247--p1udt21523,p1uhs9_1247,load_p1ulv35320,p1ulv35320,87.512,1,0,synthetic_nearest_load_assumption,0,,over_50m
766,1,p3uhs12_1247--p3udt23934,p3uhs12_1247,load_p3ulv11180,p3ulv11180,123.004,1,1,synthetic_nearest_load_assumption,0,2427,provisional_spatial_candidate
766,2,p3uhs12_1247--p3udt23934,p3uhs12_1247,load_p3ulv52305,p3ulv52305,138.315,1,0,synthetic_nearest_load_assumption,0,2427,provisional_spatial_candidate
766,3,p3uhs12_1247--p3udt23934,p3uhs12_1247,load_p3ulv39113,p3ulv39113,157.748,1,0,synthetic_nearest_load_assumption,0,2427,provisional_spatial_candidate
767,1,p5uhs3_1247--p5udt2481,p5uhs3_1247,load_p5ulv77828,p5ulv77828,69.727,1,1,synthetic_nearest_load_assumption,0,,over_50m
767,2,p5uhs3_1247--p5udt2481,p5uhs3_1247,load_p5ulv17351,p5ulv17351,70.714,1,0,synthetic_nearest_load_assumption,0,,over_50m
767,3,p5uhs3_1247--p5udt2481,p5uhs3_1247,load_p5ulv9942,p5ulv9942,97.499,1,0,synthetic_nearest_load_assumption,0,,over_50m
770,1,p1uhs0_1247--p1udt2142,p1uhs0_1247,load_p1ulv49589,p1ulv49589,189.008,1,1,synthetic_nearest_load_assumption,0,1231,provisional_spatial_candidate
770,2,p1uhs0_1247--p1udt2142,p1uhs0_1247,load_p1ulv24387,p1ulv24387,189.909,1,0,synthetic_nearest_load_assumption,0,1231,provisional_spatial_candidate
770,3,p1uhs0_1247--p1udt2142,p1uhs0_1247,load_p1ulv60705,p1ulv60705,217.194,0,0,synthetic_nearest_load_assumption,0,1231,provisional_spatial_candidate
773,1,p5uhs0_1247--p5udt3610,p5uhs0_1247,load_p5ulv1073,p5ulv1073,92.349,1,1,synthetic_nearest_load_assumption,0,,ambiguous_nearby_nodes
773,2,p5uhs0_1247--p5udt3610,p5uhs0_1247,load_p5ulv77614,p5ulv77614,116.981,1,0,synthetic_nearest_load_assumption,0,,ambiguous_nearby_nodes
773,3,p5uhs0_1247--p5udt3610,p5uhs0_1247,load_p5ulv78077,p5ulv78077,120.953,1,0,synthetic_nearest_load_assumption,0,,ambiguous_nearby_nodes
774,1,p5uhs5_1247--p5udt2369,p5uhs5_1247,load_p5ulv10491,p5ulv10491,25.629,1,1,synthetic_nearest_load_assumption,0,,over_50m
774,2,p5uhs5_1247--p5udt2369,p5uhs5_1247,load_p5ulv7712,p5ulv7712,41.632,1,0,synthetic_nearest_load_assumption,0,,over_50m
774,3,p5uhs5_1247--p5udt2369,p5uhs5_1247,load_p5ulv10306,p5ulv10306,46.501,1,0,synthetic_nearest_load_assumption,0,,over_50m
775,1,p1uhs10_1247--p1udt20878,p1uhs10_1247,load_p1ulv19651,p1ulv19651,81.405,1,1,synthetic_nearest_load_assumption,0,6227,provisional_spatial_candidate
775,2,p1uhs10_1247--p1udt20878,p1uhs10_1247,load_p1ulv61698,p1ulv61698,84.59,1,0,synthetic_nearest_load_assumption,0,6227,provisional_spatial_candidate
775,3,p1uhs10_1247--p1udt20878,p1uhs10_1247,load_p1ulv41185,p1ulv41185,90.114,1,0,synthetic_nearest_load_assumption,0,6227,provisional_spatial_candidate
776,1,p1uhs10_1247--p1udt14394,p1uhs10_1247,load_p1ulv57390,p1ulv57390,4112.437,0,0,synthetic_nearest_load_assumption,0,,over_50m
776,2,p1uhs10_1247--p1udt14394,p1uhs10_1247,load_p1ulv11351,p1ulv11351,4114.462,0,0,synthetic_nearest_load_assumption,0,,over_50m
776,3,p1uhs10_1247--p1udt14394,p1uhs10_1247,load_p1ulv29156,p1ulv29156,4114.906,0,0,synthetic_nearest_load_assumption,0,,over_50m
777,1,p5uhs21_1247--p5udt24017,p5uhs21_1247,load_p5ulv38622,p5ulv38622,53.803,1,1,synthetic_nearest_load_assumption,0,4436,provisional_spatial_candidate
777,2,p5uhs21_1247--p5udt24017,p5uhs21_1247,load_p5ulv22447,p5ulv22447,66.59,1,0,synthetic_nearest_load_assumption,0,4436,provisional_spatial_candidate
777,3,p5uhs21_1247--p5udt24017,p5uhs21_1247,load_p5ulv68284,p5ulv68284,68.805,1,0,synthetic_nearest_load_assumption,0,4436,provisional_spatial_candidate
778,1,p3uhs12_1247--p3udt23934,p3uhs12_1247,load_p3ulv52305,p3ulv52305,50.973,1,1,synthetic_nearest_load_assumption,0,2421,provisional_spatial_candidate
778,2,p3uhs12_1247--p3udt23934,p3uhs12_1247,load_p3ulv10331,p3ulv10331,52.168,1,0,synthetic_nearest_load_assumption,0,2421,provisional_spatial_candidate
778,3,p3uhs12_1247--p3udt23934,p3uhs12_1247,load_p3ulv11180,p3ulv11180,53.907,1,0,synthetic_nearest_load_assumption,0,2421,provisional_spatial_candidate
779,1,p3uhs26_1247--p3udt26126,p3uhs26_1247,load_p3ulv32352,p3ulv32352,318.691,0,0,synthetic_nearest_load_assumption,0,2986,provisional_spatial_candidate
779,2,p1rhs3_1247--p1rdt3467,p1rhs3_1247,load_p1rlv3147,p1rlv3147,430.45,0,0,synthetic_nearest_load_assumption,0,2986,provisional_spatial_candidate
779,3,p1rhs3_1247--p1rdt3467,p1rhs3_1247,load_p1rlv6242,p1rlv6242,431.541,0,0,synthetic_nearest_load_assumption,0,2986,provisional_spatial_candidate
781,1,p3uhs10_1247--p3udt18580,p3uhs10_1247,load_p3ulv3693,p3ulv3693,128.409,1,1,synthetic_nearest_load_assumption,0,,over_50m
781,2,p3uhs10_1247--p3udt18580,p3uhs10_1247,load_p3ulv25658,p3ulv25658,135.032,1,0,synthetic_nearest_load_assumption,0,,over_50m
781,3,p3uhs10_1247--p3udt18580,p3uhs10_1247,load_p3ulv37213,p3ulv37213,150.225,1,0,synthetic_nearest_load_assumption,0,,over_50m
783,1,p2uhs11_1247--p2udt7967,p2uhs11_1247,load_p2ulv6236,p2ulv6236,98.451,1,1,synthetic_nearest_load_assumption,0,4511,provisional_spatial_candidate
783,2,p2uhs11_1247--p2udt7967,p2uhs11_1247,load_p2ulv17656,p2ulv17656,152.397,1,0,synthetic_nearest_load_assumption,0,4511,provisional_spatial_candidate
783,3,p2uhs11_1247--p2udt7967,p2uhs11_1247,load_p2ulv22629,p2ulv22629,179.321,1,0,synthetic_nearest_load_assumption,0,4511,provisional_spatial_candidate
784,1,p2uhs8_1247--p2udt5538,p2uhs8_1247,load_p2ulv5612,p2ulv5612,367.211,0,0,synthetic_nearest_load_assumption,0,6333,provisional_spatial_candidate
784,2,p2uhs8_1247--p2udt5538,p2uhs8_1247,load_p2ulv23383,p2ulv23383,392.295,0,0,synthetic_nearest_load_assumption,0,6333,provisional_spatial_candidate
784,3,p2uhs8_1247--p2udt5538,p2uhs8_1247,load_p2ulv1014,p2ulv1014,404.991,0,0,synthetic_nearest_load_assumption,0,6333,provisional_spatial_candidate
785,1,p2uhs2_1247--p2udt106,p2uhs2_1247,load_p2ulv9685,p2ulv9685,197.267,1,1,synthetic_nearest_load_assumption,0,2803,provisional_spatial_candidate
785,2,p2uhs2_1247--p2udt106,p2uhs2_1247,load_p2ulv10900,p2ulv10900,198.172,1,0,synthetic_nearest_load_assumption,0,2803,provisional_spatial_candidate
785,3,p2uhs2_1247--p2udt106,p2uhs2_1247,load_p2ulv17157,p2ulv17157,199.632,1,0,synthetic_nearest_load_assumption,0,2803,provisional_spatial_candidate
786,1,p1uhs10_1247--p1udt14394,p1uhs10_1247,load_p1ulv11351,p1ulv11351,145.56,1,1,synthetic_nearest_load_assumption,0,,over_50m
786,2,p1uhs10_1247--p1udt14394,p1uhs10_1247,load_p1ulv57390,p1ulv57390,147.575,1,0,synthetic_nearest_load_assumption,0,,over_50m
786,3,p1uhs10_1247--p1udt14394,p1uhs10_1247,load_p1ulv3216,p1ulv3216,151.191,1,0,synthetic_nearest_load_assumption,0,,over_50m
787,1,p3uhs14_1247--p3udt448,p3uhs14_1247,load_p3ulv3743,p3ulv3743,55.839,1,1,synthetic_nearest_load_assumption,0,,over_50m
787,2,p3uhs14_1247--p3udt448,p3uhs14_1247,load_p3ulv30294,p3ulv30294,125.946,1,0,synthetic_nearest_load_assumption,0,,over_50m
787,3,p3uhs14_1247--p3udt448,p3uhs14_1247,load_p3ulv26508,p3ulv26508,139.712,1,0,synthetic_nearest_load_assumption,0,,over_50m
789,1,p3uhs11_1247--p3udt20683,p3uhs11_1247,load_p3ulv70235,p3ulv70235,161.73,1,1,synthetic_nearest_load_assumption,0,2511,provisional_spatial_candidate
789,2,p3uhs11_1247--p3udt20683,p3uhs11_1247,load_p3ulv80178,p3ulv80178,189.975,1,0,synthetic_nearest_load_assumption,0,2511,provisional_spatial_candidate
789,3,p3uhs11_1247--p3udt20683,p3uhs11_1247,load_p3ulv17672,p3ulv17672,208.472,0,0,synthetic_nearest_load_assumption,0,2511,provisional_spatial_candidate
790,1,p3uhs11_1247--p3udt20683,p3uhs11_1247,load_p3ulv75502,p3ulv75502,87.603,1,1,synthetic_nearest_load_assumption,0,2505,provisional_spatial_candidate
790,2,p3uhs11_1247--p3udt20683,p3uhs11_1247,load_p3ulv17672,p3ulv17672,93.133,1,0,synthetic_nearest_load_assumption,0,2505,provisional_spatial_candidate
790,3,p3uhs11_1247--p3udt20683,p3uhs11_1247,load_p3ulv75501,p3ulv75501,124.923,1,0,synthetic_nearest_load_assumption,0,2505,provisional_spatial_candidate
794,1,p3uhs11_1247--p3udt20683,p3uhs11_1247,load_p3ulv70235,p3ulv70235,94.762,1,1,synthetic_nearest_load_assumption,0,2506,provisional_spatial_candidate
794,2,p3uhs11_1247--p3udt20683,p3uhs11_1247,load_p3ulv80178,p3ulv80178,117.454,1,0,synthetic_nearest_load_assumption,0,2506,provisional_spatial_candidate
794,3,p3uhs11_1247--p3udt20683,p3uhs11_1247,load_p3ulv10669,p3ulv10669,200.901,0,0,synthetic_nearest_load_assumption,0,2506,provisional_spatial_candidate
795,1,p3uhs11_1247--p3udt20683,p3uhs11_1247,load_p3ulv22295,p3ulv22295,75.857,1,1,synthetic_nearest_load_assumption,0,,over_50m
795,2,p3uhs11_1247--p3udt20683,p3uhs11_1247,load_p3ulv39410,p3ulv39410,114.05,1,0,synthetic_nearest_load_assumption,0,,over_50m
795,3,p3uhs11_1247--p3udt20683,p3uhs11_1247,load_p3ulv63313,p3ulv63313,126.511,1,0,synthetic_nearest_load_assumption,0,,over_50m
796,1,p1uhs2_1247--p1udt18369,p1uhs2_1247,load_p1ulv45274,p1ulv45274,171.882,1,1,synthetic_nearest_load_assumption,0,,over_50m
796,2,p1uhs2_1247--p1udt18369,p1uhs2_1247,load_p1ulv52797,p1ulv52797,182.943,1,0,synthetic_nearest_load_assumption,0,,over_50m
796,3,p1uhs8_1247--p1udt2544,p1uhs8_1247,load_p1ulv58309,p1ulv58309,205.866,0,0,synthetic_nearest_load_assumption,0,,over_50m
799,1,p1uhs10_1247--p1udt14394,p1uhs10_1247,load_p1ulv29156,p1ulv29156,4917.304,0,0,synthetic_nearest_load_assumption,0,,over_50m
799,2,p1uhs10_1247--p1udt14394,p1uhs10_1247,load_p1ulv57390,p1ulv57390,4917.719,0,0,synthetic_nearest_load_assumption,0,,over_50m
799,3,p1uhs10_1247--p1udt14394,p1uhs10_1247,load_p1ulv11351,p1ulv11351,4919.878,0,0,synthetic_nearest_load_assumption,0,,over_50m
800,1,p2uhs6_1247--p2udt1124,p2uhs6_1247,load_p2ulv21562,p2ulv21562,58.382,1,1,synthetic_nearest_load_assumption,0,6324,provisional_spatial_candidate
800,2,p2uhs6_1247--p2udt1124,p2uhs6_1247,load_p2ulv22260,p2ulv22260,78.469,1,0,synthetic_nearest_load_assumption,0,6324,provisional_spatial_candidate
800,3,p2uhs6_1247--p2udt1124,p2uhs6_1247,load_p2ulv20671,p2ulv20671,97.04,1,0,synthetic_nearest_load_assumption,0,6324,provisional_spatial_candidate
801,1,p5uhs23_1247--p5udt23560,p5uhs23_1247,load_p5ulv36518,p5ulv36518,103.481,1,1,synthetic_nearest_load_assumption,0,,over_50m
801,2,p2uhs6_1247--p2udt1124,p2uhs6_1247,load_p2ulv1471,p2ulv1471,107.931,1,0,synthetic_nearest_load_assumption,0,,over_50m
801,3,p2uhs6_1247--p2udt1124,p2uhs6_1247,load_p2ulv9379,p2ulv9379,142.359,1,0,synthetic_nearest_load_assumption,0,,over_50m
802,1,p1rhs2_1247--p1rdt1528,p1rhs2_1247,load_p1rlv1530,p1rlv1530,100.797,1,1,synthetic_nearest_load_assumption,0,,over_50m
802,2,p1rhs2_1247--p1rdt1528,p1rhs2_1247,load_p1rlv13814,p1rlv13814,131.356,1,0,synthetic_nearest_load_assumption,0,,over_50m
802,3,p1rhs2_1247--p1rdt1528,p1rhs2_1247,load_p1rlv9506,p1rlv9506,137.572,1,0,synthetic_nearest_load_assumption,0,,over_50m
804,1,p1uhs14_1247--p1udt9467,p1uhs14_1247,load_p1ulv54433,p1ulv54433,60.773,1,1,synthetic_nearest_load_assumption,0,1162,provisional_spatial_candidate
804,2,p1uhs14_1247--p1udt9467,p1uhs14_1247,load_p1ulv44405,p1ulv44405,71.335,1,0,synthetic_nearest_load_assumption,0,1162,provisional_spatial_candidate
804,3,p1uhs14_1247--p1udt9467,p1uhs14_1247,load_p1ulv56264,p1ulv56264,90.845,1,0,synthetic_nearest_load_assumption,0,1162,provisional_spatial_candidate
805,1,p1uhs10_1247--p1udt20878,p1uhs10_1247,load_p1ulv16377,p1ulv16377,384.382,0,0,synthetic_nearest_load_assumption,0,,over_50m
805,2,p1uhs10_1247--p1udt20878,p1uhs10_1247,load_p1ulv54367,p1ulv54367,386.003,0,0,synthetic_nearest_load_assumption,0,,over_50m
805,3,p1uhs10_1247--p1udt20878,p1uhs10_1247,load_p1ulv15109,p1ulv15109,389.465,0,0,synthetic_nearest_load_assumption,0,,over_50m
806,1,p3uhs14_1247--p3udt2638,p3uhs14_1247,load_p3ulv26491,p3ulv26491,65.157,1,1,synthetic_nearest_load_assumption,0,,over_50m
806,2,p3uhs11_1247--p3udt20683,p3uhs11_1247,load_p3ulv50478,p3ulv50478,87.606,1,0,synthetic_nearest_load_assumption,0,,over_50m
806,3,p3uhs14_1247--p3udt2638,p3uhs14_1247,load_p3ulv35795,p3ulv35795,93.387,1,0,synthetic_nearest_load_assumption,0,,over_50m
808,1,p1uhs14_1247--p1udt21168,p1uhs14_1247,load_p1ulv24781,p1ulv24781,57.456,1,1,synthetic_nearest_load_assumption,0,3941,provisional_spatial_candidate
808,2,p1uhs14_1247--p1udt21168,p1uhs14_1247,load_p1ulv33045,p1ulv33045,92.678,1,0,synthetic_nearest_load_assumption,0,3941,provisional_spatial_candidate
808,3,p1uhs14_1247--p1udt21168,p1uhs14_1247,load_p1ulv18395,p1ulv18395,98.04,1,0,synthetic_nearest_load_assumption,0,3941,provisional_spatial_candidate
811,1,p1uhs17_1247--p1udt19976,p1uhs17_1247,load_p1ulv51252,p1ulv51252,79.811,1,1,synthetic_nearest_load_assumption,0,3938,provisional_spatial_candidate
811,2,p1uhs17_1247--p1udt19976,p1uhs17_1247,load_p1ulv43122,p1ulv43122,94.523,1,0,synthetic_nearest_load_assumption,0,3938,provisional_spatial_candidate
811,3,p1uhs17_1247--p1udt19976,p1uhs17_1247,load_p1ulv59878,p1ulv59878,95.769,1,0,synthetic_nearest_load_assumption,0,3938,provisional_spatial_candidate
812,1,p1uhs10_1247--p1udt14394,p1uhs10_1247,load_p1ulv11351,p1ulv11351,5812.986,0,0,synthetic_nearest_load_assumption,0,,over_50m
812,2,p1uhs10_1247--p1udt14394,p1uhs10_1247,load_p1ulv57390,p1ulv57390,5814.053,0,0,synthetic_nearest_load_assumption,0,,over_50m
812,3,p1uhs10_1247--p1udt14394,p1uhs10_1247,load_p1ulv3216,p1ulv3216,5818.541,0,0,synthetic_nearest_load_assumption,0,,over_50m
813,1,p1uhs6_1247--p1udt14764,p1uhs6_1247,load_p1ulv49130,p1ulv49130,100.936,1,1,synthetic_nearest_load_assumption,0,,over_50m
813,2,p1uhs6_1247--p1udt14764,p1uhs6_1247,load_p1ulv38382,p1ulv38382,103.948,1,0,synthetic_nearest_load_assumption,0,,over_50m
813,3,p1uhs6_1247--p1udt14764,p1uhs6_1247,load_p1ulv6748,p1ulv6748,129.04,1,0,synthetic_nearest_load_assumption,0,,over_50m
814,1,p3uhs2_1247--p3udt11804,p3uhs2_1247,load_p3ulv27509,p3ulv27509,35.211,1,1,synthetic_nearest_load_assumption,0,2982,provisional_spatial_candidate
814,2,p3uhs2_1247--p3udt11804,p3uhs2_1247,load_p3ulv65231,p3ulv65231,38.463,1,0,synthetic_nearest_load_assumption,0,2982,provisional_spatial_candidate
814,3,p3uhs2_1247--p3udt11804,p3uhs2_1247,load_p3ulv57613,p3ulv57613,45.991,1,0,synthetic_nearest_load_assumption,0,2982,provisional_spatial_candidate
815,1,p1uhs5_1247--p1udt19613,p1uhs5_1247,load_p1ulv64235,p1ulv64235,283.545,0,0,synthetic_nearest_load_assumption,0,,over_50m
815,2,p1uhs5_1247--p1udt19613,p1uhs5_1247,load_p1ulv37,p1ulv37,285.899,0,0,synthetic_nearest_load_assumption,0,,over_50m
815,3,p1uhs5_1247--p1udt19613,p1uhs5_1247,load_p1ulv50563,p1ulv50563,291.373,0,0,synthetic_nearest_load_assumption,0,,over_50m
816,1,p1uhs22_1247--p1udt6863,p1uhs22_1247,load_p1ulv8080,p1ulv8080,33.195,1,1,synthetic_nearest_load_assumption,0,,over_50m
816,2,p1uhs22_1247--p1udt6863,p1uhs22_1247,load_p1ulv43517,p1ulv43517,68.451,1,0,synthetic_nearest_load_assumption,0,,over_50m
816,3,p1uhs22_1247--p1udt6863,p1uhs22_1247,load_p1ulv47302,p1ulv47302,79.163,1,0,synthetic_nearest_load_assumption,0,,over_50m
817,1,p2uhs6_1247--p2udt1124,p2uhs6_1247,load_p2ulv19334,p2ulv19334,96.551,1,1,synthetic_nearest_load_assumption,0,2821,provisional_spatial_candidate
817,2,p2uhs6_1247--p2udt1124,p2uhs6_1247,load_p2ulv13647,p2ulv13647,112.961,1,0,synthetic_nearest_load_assumption,0,2821,provisional_spatial_candidate
817,3,p2uhs6_1247--p2udt1124,p2uhs6_1247,load_p2ulv7296,p2ulv7296,139.363,1,0,synthetic_nearest_load_assumption,0,2821,provisional_spatial_candidate
818,1,p5uhs25_1247--p5udt26874,p5uhs25_1247,load_p5ulv31851,p5ulv31851,129.013,1,1,synthetic_nearest_load_assumption,0,2583,provisional_spatial_candidate
818,2,p3uhs7_1247--p3udt25200,p3uhs7_1247,load_p3umv18,p3umv18,157.881,1,0,synthetic_nearest_load_assumption,0,2583,provisional_spatial_candidate
818,3,p5uhs25_1247--p5udt26874,p5uhs25_1247,load_p5ulv34593,p5ulv34593,166.695,1,0,synthetic_nearest_load_assumption,0,2583,provisional_spatial_candidate
820,1,p1uhs13_1247--p1udt3522,p1uhs13_1247,load_p1ulv13778,p1ulv13778,33.417,1,1,synthetic_nearest_load_assumption,0,,over_50m
820,2,p1uhs13_1247--p1udt3522,p1uhs13_1247,load_p1ulv3158,p1ulv3158,36.503,1,0,synthetic_nearest_load_assumption,0,,over_50m
820,3,p1uhs13_1247--p1udt3522,p1uhs13_1247,load_p1ulv30952,p1ulv30952,62.612,1,0,synthetic_nearest_load_assumption,0,,over_50m
821,1,p1uhs8_1247--p1udt4671,p1uhs8_1247,load_p1ulv33315,p1ulv33315,537.785,0,0,synthetic_nearest_load_assumption,0,4900,provisional_spatial_candidate
821,2,p1uhs8_1247--p1udt4671,p1uhs8_1247,load_p1ulv986,p1ulv986,556.086,0,0,synthetic_nearest_load_assumption,0,4900,provisional_spatial_candidate
821,3,p1uhs8_1247--p1udt4671,p1uhs8_1247,load_p1ulv50259,p1ulv50259,561.362,0,0,synthetic_nearest_load_assumption,0,4900,provisional_spatial_candidate
822,1,p5uhs12_1247--p5udt23739,p5uhs12_1247,load_p5ulv54113,p5ulv54113,45.79,1,1,synthetic_nearest_load_assumption,0,,over_50m
822,2,p5uhs12_1247--p5udt23739,p5uhs12_1247,load_p5ulv37404,p5ulv37404,136.426,1,0,synthetic_nearest_load_assumption,0,,over_50m
822,3,p5uhs12_1247--p5udt23739,p5uhs12_1247,load_p5ulv23429,p5ulv23429,146.323,1,0,synthetic_nearest_load_assumption,0,,over_50m
823,1,p3uhs8_1247--p3udt31404,p3uhs8_1247,load_p3ulv35282,p3ulv35282,40.086,1,1,synthetic_nearest_load_assumption,0,3202,provisional_spatial_candidate
823,2,p3uhs8_1247--p3udt31404,p3uhs8_1247,load_p3ulv69853,p3ulv69853,66.412,1,0,synthetic_nearest_load_assumption,0,3202,provisional_spatial_candidate
823,3,p3uhs8_1247--p3umv17,p3uhs8_1247,load_p3ulv65973,p3ulv65973,115.254,1,0,synthetic_nearest_load_assumption,0,3202,provisional_spatial_candidate
825,1,p1uhs10_1247--p1udt14394,p1uhs10_1247,load_p1ulv29156,p1ulv29156,3440.127,0,0,synthetic_nearest_load_assumption,0,,over_50m
825,2,p1uhs10_1247--p1udt14394,p1uhs10_1247,load_p1ulv57390,p1ulv57390,3442.306,0,0,synthetic_nearest_load_assumption,0,,over_50m
825,3,p1uhs10_1247--p1udt14394,p1uhs10_1247,load_p1ulv11351,p1ulv11351,3444.848,0,0,synthetic_nearest_load_assumption,0,,over_50m
826,1,p4uhs19_1247--p4udt4849,p4uhs19_1247,load_p4ulv41457,p4ulv41457,200.25,0,0,synthetic_nearest_load_assumption,0,,over_50m
826,2,p4uhs19_1247--p4udt4849,p4uhs19_1247,load_p4ulv31775,p4ulv31775,207.449,0,0,synthetic_nearest_load_assumption,0,,over_50m
826,3,p4uhs19_1247--p4udt4849,p4uhs19_1247,load_p4ulv41456,p4ulv41456,214.93,0,0,synthetic_nearest_load_assumption,0,,over_50m
827,1,p4uhs19_1247--p4udt10279,p4uhs19_1247,load_p4ulv39743,p4ulv39743,147.365,1,1,synthetic_nearest_load_assumption,0,2611,provisional_spatial_candidate
827,2,p4uhs19_1247--p4udt10279,p4uhs19_1247,load_p4ulv34745,p4ulv34745,214.627,0,0,synthetic_nearest_load_assumption,0,2611,provisional_spatial_candidate
827,3,p4uhs19_1247--p4udt10279,p4uhs19_1247,load_p4ulv19077,p4ulv19077,227.194,0,0,synthetic_nearest_load_assumption,0,2611,provisional_spatial_candidate
828,1,p1uhs9_1247--p1udt22325,p1uhs9_1247,load_p1ulv6859,p1ulv6859,49.583,1,1,synthetic_nearest_load_assumption,0,2809,provisional_spatial_candidate
828,2,p1uhs9_1247--p1udt22325,p1uhs9_1247,load_p1ulv31478,p1ulv31478,98.185,1,0,synthetic_nearest_load_assumption,0,2809,provisional_spatial_candidate
828,3,p1uhs9_1247--p1udt22325,p1uhs9_1247,load_p1ulv18129,p1ulv18129,99.367,1,0,synthetic_nearest_load_assumption,0,2809,provisional_spatial_candidate
829,1,p4uhs9_1247--p4udt18371,p4uhs9_1247,load_p4ulv43062,p4ulv43062,112.79,1,1,synthetic_nearest_load_assumption,0,,over_50m
829,2,p4uhs9_1247--p4udt18371,p4uhs9_1247,load_p4ulv33876,p4ulv33876,173.014,1,0,synthetic_nearest_load_assumption,0,,over_50m
829,3,p4uhs9_1247--p4udt18371,p4uhs9_1247,load_p4ulv35970,p4ulv35970,180.195,1,0,synthetic_nearest_load_assumption,0,,over_50m
830,1,p3uhs7_1247--p3udt9478,p3uhs7_1247,load_p3ulv403,p3ulv403,51.388,1,1,synthetic_nearest_load_assumption,0,,over_50m
830,2,p3uhs7_1247--p3udt9478,p3uhs7_1247,load_p3ulv69415,p3ulv69415,69.962,1,0,synthetic_nearest_load_assumption,0,,over_50m
830,3,p3uhs7_1247--p3udt9478,p3uhs7_1247,load_p3ulv44111,p3ulv44111,83.794,1,0,synthetic_nearest_load_assumption,0,,over_50m
832,1,p5uhs24_1247--p5udt16214,p5uhs24_1247,load_p5ulv29561,p5ulv29561,86.139,1,1,synthetic_nearest_load_assumption,0,,ambiguous_nearby_nodes
832,2,p5uhs24_1247--p5udt18206,p5uhs24_1247,load_p5ulv33953,p5ulv33953,104.854,1,0,synthetic_nearest_load_assumption,0,,ambiguous_nearby_nodes
832,3,p5uhs24_1247--p5udt18206,p5uhs24_1247,load_p5ulv39417,p5ulv39417,114.482,1,0,synthetic_nearest_load_assumption,0,,ambiguous_nearby_nodes
833,1,p5uhs24_1247--p5udt29597,p5uhs24_1247,load_p5ulv74120,p5ulv74120,69.971,1,1,synthetic_nearest_load_assumption,0,,over_50m
833,2,p5uhs24_1247--p5udt29597,p5uhs24_1247,load_p5ulv32202,p5ulv32202,80.236,1,0,synthetic_nearest_load_assumption,0,,over_50m
833,3,p5uhs24_1247--p5udt29597,p5uhs24_1247,load_p5ulv35487,p5ulv35487,82.439,1,0,synthetic_nearest_load_assumption,0,,over_50m
834,1,p2uhs2_1247--p2udt8082,p2uhs2_1247,load_p2ulv18700,p2ulv18700,31.718,1,1,synthetic_nearest_load_assumption,0,,over_50m
834,2,p2uhs2_1247--p2udt8082,p2uhs2_1247,load_p2ulv1076,p2ulv1076,48.695,1,0,synthetic_nearest_load_assumption,0,,over_50m
834,3,p2uhs2_1247--p2udt8082,p2uhs2_1247,load_p2ulv11138,p2ulv11138,68.902,1,0,synthetic_nearest_load_assumption,0,,over_50m
835,1,p1uhs19_1247--p1udt14631,p1uhs19_1247,load_p1ulv57399,p1ulv57399,633.157,0,0,synthetic_nearest_load_assumption,0,,over_50m
835,2,p1uhs19_1247--p1udt14631,p1uhs19_1247,load_p1ulv40549,p1ulv40549,651.228,0,0,synthetic_nearest_load_assumption,0,,over_50m
835,3,p1uhs19_1247--p1udt14631,p1uhs19_1247,load_p1ulv17639,p1ulv17639,672.95,0,0,synthetic_nearest_load_assumption,0,,over_50m
836,1,p5uhs7_1247--p5udt1899,p5uhs7_1247,load_p5ulv54993,p5ulv54993,23.462,1,1,synthetic_nearest_load_assumption,0,,over_50m
836,2,p5uhs7_1247--p5udt1899,p5uhs7_1247,load_p5ulv3000,p5ulv3000,40.441,1,0,synthetic_nearest_load_assumption,0,,over_50m
836,3,p5uhs7_1247--p5udt1899,p5uhs7_1247,load_p5ulv14714,p5ulv14714,41.363,1,0,synthetic_nearest_load_assumption,0,,over_50m
837,1,p1uhs5_1247--p1udt19613,p1uhs5_1247,load_p1ulv1968,p1ulv1968,36.902,1,1,synthetic_nearest_load_assumption,0,,over_50m
837,2,p1uhs5_1247--p1udt19613,p1uhs5_1247,load_p1ulv20239,p1ulv20239,39.284,1,0,synthetic_nearest_load_assumption,0,,over_50m
837,3,p1uhs5_1247--p1udt19613,p1uhs5_1247,load_p1ulv56193,p1ulv56193,59.462,1,0,synthetic_nearest_load_assumption,0,,over_50m
838,1,p1uhs10_1247--p1udt14394,p1uhs10_1247,load_p1ulv34504,p1ulv34504,75.623,1,1,synthetic_nearest_load_assumption,0,,over_50m
838,2,p1uhs10_1247--p1udt14394,p1uhs10_1247,load_p1ulv24957,p1ulv24957,114.42,1,0,synthetic_nearest_load_assumption,0,,over_50m
838,3,p1uhs10_1247--p1udt14394,p1uhs10_1247,load_p1ulv36417,p1ulv36417,118.086,1,0,synthetic_nearest_load_assumption,0,,over_50m
839,1,p3uhs26_1247--p3udt26126,p3uhs26_1247,load_p3ulv67679,p3ulv67679,121.802,1,1,synthetic_nearest_load_assumption,0,2988,provisional_spatial_candidate
839,2,p3uhs26_1247--p3udt26126,p3uhs26_1247,load_p3ulv2510,p3ulv2510,129.475,1,0,synthetic_nearest_load_assumption,0,2988,provisional_spatial_candidate
839,3,p3uhs26_1247--p3udt26126,p3uhs26_1247,load_p3ulv47047,p3ulv47047,140.398,1,0,synthetic_nearest_load_assumption,0,2988,provisional_spatial_candidate
840,1,p5uhs3_1247--p5udt2481,p5uhs3_1247,load_p5ulv16300,p5ulv16300,21.825,1,1,synthetic_nearest_load_assumption,0,3260,provisional_spatial_candidate
840,2,p5uhs3_1247--p5udt2481,p5uhs3_1247,load_p5ulv18751,p5ulv18751,31.559,1,0,synthetic_nearest_load_assumption,0,3260,provisional_spatial_candidate
840,3,p5uhs3_1247--p5udt2481,p5uhs3_1247,load_p5ulv8121,p5ulv8121,42.002,1,0,synthetic_nearest_load_assumption,0,3260,provisional_spatial_candidate
841,1,p5uhs0_1247--p5udt119,p5uhs0_1247,load_p5ulv5334,p5ulv5334,21.633,1,1,synthetic_nearest_load_assumption,0,3379,provisional_spatial_candidate
841,2,p5uhs0_1247--p5udt119,p5uhs0_1247,load_p5ulv9649,p5ulv9649,27.031,1,0,synthetic_nearest_load_assumption,0,3379,provisional_spatial_candidate
841,3,p5uhs0_1247--p5udt119,p5uhs0_1247,load_p5ulv19123,p5ulv19123,45.873,1,0,synthetic_nearest_load_assumption,0,3379,provisional_spatial_candidate
842,1,p5uhs9_1247--p5udt22915,p5uhs9_1247,load_p5ulv64608,p5ulv64608,45.372,1,1,synthetic_nearest_load_assumption,0,,over_50m
842,2,p5uhs9_1247--p5udt22915,p5uhs9_1247,load_p5ulv64607,p5ulv64607,50.9,1,0,synthetic_nearest_load_assumption,0,,over_50m
842,3,p5uhs9_1247--p5udt22915,p5uhs9_1247,load_p5ulv22618,p5ulv22618,86.188,1,0,synthetic_nearest_load_assumption,0,,over_50m
844,1,p1uhs17_1247--p1udt19976,p1uhs17_1247,load_p1ulv19063,p1ulv19063,48.753,1,1,synthetic_nearest_load_assumption,0,4089,provisional_spatial_candidate
844,2,p1uhs17_1247--p1udt19976,p1uhs17_1247,load_p1ulv43123,p1ulv43123,67.48,1,0,synthetic_nearest_load_assumption,0,4089,provisional_spatial_candidate
844,3,p1uhs17_1247--p1udt19976,p1uhs17_1247,load_p1ulv9600,p1ulv9600,79.289,1,0,synthetic_nearest_load_assumption,0,4089,provisional_spatial_candidate
845,1,p1uhs10_1247--p1udt20878,p1uhs10_1247,load_p1ulv33623,p1ulv33623,28.723,1,1,synthetic_nearest_load_assumption,0,,over_50m
845,2,p1uhs10_1247--p1udt20878,p1uhs10_1247,load_p1ulv20264,p1ulv20264,43.144,1,0,synthetic_nearest_load_assumption,0,,over_50m
845,3,p1uhs10_1247--p1udt20878,p1uhs10_1247,load_p1ulv56196,p1ulv56196,50.92,1,0,synthetic_nearest_load_assumption,0,,over_50m
846,1,p1uhs17_1247--p1udt19976,p1uhs17_1247,load_p1ulv764,p1ulv764,21.482,1,1,synthetic_nearest_load_assumption,0,3997,provisional_spatial_candidate
846,2,p1uhs17_1247--p1udt19976,p1uhs17_1247,load_p1ulv109,p1ulv109,27.314,1,0,synthetic_nearest_load_assumption,0,3997,provisional_spatial_candidate
846,3,p1uhs17_1247--p1udt21587,p1uhs17_1247,load_p1ulv31741,p1ulv31741,78.055,1,0,synthetic_nearest_load_assumption,0,3997,provisional_spatial_candidate
847,1,p5uhs15_1247--p5udt31571,p5uhs15_1247,load_p5ulv26035,p5ulv26035,264.099,0,0,synthetic_nearest_load_assumption,0,6201,provisional_spatial_candidate
847,2,p5uhs15_1247--p5udt31571,p5uhs15_1247,load_p5ulv60714,p5ulv60714,297.357,0,0,synthetic_nearest_load_assumption,0,6201,provisional_spatial_candidate
847,3,p5uhs15_1247--p5udt31571,p5uhs15_1247,load_p5ulv57858,p5ulv57858,297.39,0,0,synthetic_nearest_load_assumption,0,6201,provisional_spatial_candidate
848,1,p5uhs27_1247--p5udt23432,p5uhs27_1247,load_p5ulv55613,p5ulv55613,95.238,1,1,synthetic_nearest_load_assumption,0,6200,provisional_spatial_candidate
848,2,p5uhs27_1247--p5udt23432,p5uhs27_1247,load_p5ulv66845,p5ulv66845,110.669,1,0,synthetic_nearest_load_assumption,0,6200,provisional_spatial_candidate
848,3,p5uhs27_1247--p5udt23432,p5uhs27_1247,load_p5ulv31653,p5ulv31653,118.349,1,0,synthetic_nearest_load_assumption,0,6200,provisional_spatial_candidate
849,1,p5uhs15_1247--p5udt31571,p5uhs15_1247,load_p5ulv56163,p5ulv56163,117.359,1,1,synthetic_nearest_load_assumption,0,,ambiguous_nearby_nodes
849,2,p5uhs15_1247--p5udt31571,p5uhs15_1247,load_p5ulv24357,p5ulv24357,123.185,1,0,synthetic_nearest_load_assumption,0,,ambiguous_nearby_nodes
849,3,p5uhs15_1247--p5udt31571,p5uhs15_1247,load_p5ulv55026,p5ulv55026,134.773,1,0,synthetic_nearest_load_assumption,0,,ambiguous_nearby_nodes
850,1,p5uhs15_1247--p5udt31571,p5uhs15_1247,load_p5ulv48817,p5ulv48817,143.617,1,1,synthetic_nearest_load_assumption,0,6204,provisional_spatial_candidate
850,2,p5uhs15_1247--p5udt31571,p5uhs15_1247,load_p5ulv21009,p5ulv21009,164.342,1,0,synthetic_nearest_load_assumption,0,6204,provisional_spatial_candidate
850,3,p5uhs15_1247--p5udt31571,p5uhs15_1247,load_p5ulv63533,p5ulv63533,169.689,1,0,synthetic_nearest_load_assumption,0,6204,provisional_spatial_candidate
851,1,p5uhs26_1247--p5udt22654,p5uhs26_1247,load_p5ulv22024,p5ulv22024,32.535,1,1,synthetic_nearest_load_assumption,0,,over_50m
851,2,p5uhs26_1247--p5udt22654,p5uhs26_1247,load_p5ulv67863,p5ulv67863,40.136,1,0,synthetic_nearest_load_assumption,0,,over_50m
851,3,p5uhs26_1247--p5udt22654,p5uhs26_1247,load_p5ulv49901,p5ulv49901,49.371,1,0,synthetic_nearest_load_assumption,0,,over_50m
852,1,p5uhs28_1247--p5udt30878,p5uhs28_1247,load_p5ulv60759,p5ulv60759,84.759,1,1,synthetic_nearest_load_assumption,0,,over_50m
852,2,p5uhs28_1247--p5udt30878,p5uhs28_1247,load_p5ulv32730,p5ulv32730,114.821,1,0,synthetic_nearest_load_assumption,0,,over_50m
852,3,p5uhs28_1247--p5udt30878,p5uhs28_1247,load_p5ulv21053,p5ulv21053,129.174,1,0,synthetic_nearest_load_assumption,0,,over_50m
853,1,p1uhs17_1247--p1udt19976,p1uhs17_1247,load_p1ulv7101,p1ulv7101,57.234,1,1,synthetic_nearest_load_assumption,0,4115,provisional_spatial_candidate
853,2,p1uhs17_1247--p1udt19976,p1uhs17_1247,load_p1ulv5182,p1ulv5182,68.319,1,0,synthetic_nearest_load_assumption,0,4115,provisional_spatial_candidate
853,3,p1uhs17_1247--p1udt19976,p1uhs17_1247,load_p1ulv48194,p1ulv48194,137.738,1,0,synthetic_nearest_load_assumption,0,4115,provisional_spatial_candidate
855,1,p1uhs17_1247--p1udt19976,p1uhs17_1247,load_p1ulv8968,p1ulv8968,74.414,1,1,synthetic_nearest_load_assumption,0,4090,provisional_spatial_candidate
855,2,p1uhs17_1247--p1udt19976,p1uhs17_1247,load_p1ulv41876,p1ulv41876,90.49,1,0,synthetic_nearest_load_assumption,0,4090,provisional_spatial_candidate
855,3,p1uhs17_1247--p1udt19976,p1uhs17_1247,load_p1ulv56277,p1ulv56277,90.499,1,0,synthetic_nearest_load_assumption,0,4090,provisional_spatial_candidate
856,1,p1uhs17_1247--p1udt1947,p1uhs17_1247,load_p1ulv48817,p1ulv48817,68.654,1,1,synthetic_nearest_load_assumption,0,,over_50m
856,2,p1uhs17_1247--p1udt19976,p1uhs17_1247,load_p1ulv4552,p1ulv4552,129.799,1,0,synthetic_nearest_load_assumption,0,,over_50m
856,3,p1uhs17_1247--p1udt19976,p1uhs17_1247,load_p1ulv41876,p1ulv41876,132.093,1,0,synthetic_nearest_load_assumption,0,,over_50m
857,1,p1uhs17_1247--p1udt21587,p1uhs17_1247,load_p1ulv29855,p1ulv29855,143.267,1,1,synthetic_nearest_load_assumption,0,,ambiguous_nearby_nodes
857,2,p1uhs17_1247--p1udt21587,p1uhs17_1247,load_p1ulv110,p1ulv110,204.448,0,0,synthetic_nearest_load_assumption,0,,ambiguous_nearby_nodes
857,3,p1uhs17_1247--p1udt21587,p1uhs17_1247,load_p1ulv2045,p1ulv2045,211.758,0,0,synthetic_nearest_load_assumption,0,,ambiguous_nearby_nodes
859,1,p5uhs23_1247--p5udt18043,p5uhs23_1247,load_p5ulv49762,p5ulv49762,38.228,1,1,synthetic_nearest_load_assumption,0,,over_50m
859,2,p5uhs23_1247--p5udt18043,p5uhs23_1247,load_p5ulv28698,p5ulv28698,45.877,1,0,synthetic_nearest_load_assumption,0,,over_50m
859,3,p5uhs23_1247--p5udt18043,p5uhs23_1247,load_p5ulv58230,p5ulv58230,89.922,1,0,synthetic_nearest_load_assumption,0,,over_50m
860,1,p2uhs3_1247--p2udt8444,p2uhs3_1247,load_p2ulv15160,p2ulv15160,138.392,1,1,synthetic_nearest_load_assumption,0,,over_50m
860,2,p2uhs3_1247--p2udt8444,p2uhs3_1247,load_p2ulv18584,p2ulv18584,161.463,1,0,synthetic_nearest_load_assumption,0,,over_50m
860,3,p2uhs3_1247--p2udt8444,p2uhs3_1247,load_p2ulv9561,p2ulv9561,178.571,1,0,synthetic_nearest_load_assumption,0,,over_50m
861,1,p5uhs27_1247--p5udt16841,p5uhs27_1247,load_p5ulv20447,p5ulv20447,95.608,1,1,synthetic_nearest_load_assumption,0,2679,provisional_spatial_candidate
861,2,p5uhs27_1247--p5udt16841,p5uhs27_1247,load_p5ulv61817,p5ulv61817,108.591,1,0,synthetic_nearest_load_assumption,0,2679,provisional_spatial_candidate
861,3,p5uhs27_1247--p5udt16841,p5uhs27_1247,load_p5ulv71848,p5ulv71848,166.769,1,0,synthetic_nearest_load_assumption,0,2679,provisional_spatial_candidate
862,1,p3uhs14_1247--p3udt2635,p3uhs14_1247,load_p3ulv13977,p3ulv13977,25.968,1,1,synthetic_nearest_load_assumption,0,,over_50m
862,2,p3uhs14_1247--p3udt2635,p3uhs14_1247,load_p3ulv14742,p3ulv14742,39.968,1,0,synthetic_nearest_load_assumption,0,,over_50m
862,3,p3uhs14_1247--p3udt3365,p3uhs14_1247,load_p3ulv65754,p3ulv65754,54.185,1,0,synthetic_nearest_load_assumption,0,,over_50m
863,1,p1uhs13_1247--p1udt10118,p1uhs13_1247,load_p1ulv56154,p1ulv56154,152.219,1,1,synthetic_nearest_load_assumption,0,,over_50m
863,2,p1uhs13_1247--p1udt10118,p1uhs13_1247,load_p1ulv42379,p1ulv42379,173.617,1,0,synthetic_nearest_load_assumption,0,,over_50m
863,3,p1uhs13_1247--p1udt10118,p1uhs13_1247,load_p1ulv39897,p1ulv39897,183.987,1,0,synthetic_nearest_load_assumption,0,,over_50m
864,1,p2uhs10_1247--p2udt7514,p2uhs10_1247,load_p2ulv12191,p2ulv12191,42.099,1,1,synthetic_nearest_load_assumption,0,,over_50m
864,2,p2uhs10_1247--p2udt7514,p2uhs10_1247,load_p2ulv19760,p2ulv19760,46.235,1,0,synthetic_nearest_load_assumption,0,,over_50m
864,3,p2uhs10_1247--p2udt7514,p2uhs10_1247,load_p2ulv7737,p2ulv7737,59.733,1,0,synthetic_nearest_load_assumption,0,,over_50m
865,1,p1uhs5_1247--p1udt19613,p1uhs5_1247,load_p1ulv20263,p1ulv20263,339.774,0,0,synthetic_nearest_load_assumption,0,,over_50m
865,2,p1uhs5_1247--p1udt19613,p1uhs5_1247,load_p1ulv42435,p1ulv42435,407.184,0,0,synthetic_nearest_load_assumption,0,,over_50m
865,3,p1uhs5_1247--p1udt19613,p1uhs5_1247,load_p1ulv44340,p1ulv44340,429.451,0,0,synthetic_nearest_load_assumption,0,,over_50m
866,1,p5uhs11_1247--p5udt24796,p5uhs11_1247,load_p5ulv23231,p5ulv23231,87.857,1,1,synthetic_nearest_load_assumption,0,,over_50m
866,2,p5uhs11_1247--p5udt24796,p5uhs11_1247,load_p5ulv75230,p5ulv75230,136.92,1,0,synthetic_nearest_load_assumption,0,,over_50m
866,3,p5uhs11_1247--p5udt24796,p5uhs11_1247,load_p5ulv70779,p5ulv70779,161.259,1,0,synthetic_nearest_load_assumption,0,,over_50m
867,1,p1uhs19_1247--p1udt14631,p1uhs19_1247,load_p1ulv11980,p1ulv11980,2008.72,0,0,synthetic_nearest_load_assumption,0,,over_50m
867,2,p1uhs19_1247--p1udt14631,p1uhs19_1247,load_p1ulv33589,p1ulv33589,2012.632,0,0,synthetic_nearest_load_assumption,0,,over_50m
867,3,p1uhs19_1247--p1udt14631,p1uhs19_1247,load_p1ulv23410,p1ulv23410,2071.563,0,0,synthetic_nearest_load_assumption,0,,over_50m
868,1,p1uhs19_1247--p1udt14631,p1uhs19_1247,load_p1ulv32934,p1ulv32934,1465.842,0,0,synthetic_nearest_load_assumption,0,4555,provisional_spatial_candidate
868,2,p1uhs19_1247--p1udt14631,p1uhs19_1247,load_p1ulv26589,p1ulv26589,1499.202,0,0,synthetic_nearest_load_assumption,0,4555,provisional_spatial_candidate
868,3,p1uhs19_1247--p1udt14631,p1uhs19_1247,load_p1ulv19614,p1ulv19614,1499.812,0,0,synthetic_nearest_load_assumption,0,4555,provisional_spatial_candidate
869,1,p1uhs19_1247--p1udt14631,p1uhs19_1247,load_p1ulv22760,p1ulv22760,45.04,1,1,synthetic_nearest_load_assumption,0,4725,provisional_spatial_candidate
869,2,p1uhs19_1247--p1udt14631,p1uhs19_1247,load_p1ulv2554,p1ulv2554,75.687,1,0,synthetic_nearest_load_assumption,0,4725,provisional_spatial_candidate
869,3,p1uhs19_1247--p1udt14631,p1uhs19_1247,load_p1ulv59785,p1ulv59785,76.048,1,0,synthetic_nearest_load_assumption,0,4725,provisional_spatial_candidate
870,1,p5uhs28_1247--p5udt30878,p5uhs28_1247,load_p5ulv50545,p5ulv50545,70.182,1,1,synthetic_nearest_load_assumption,0,,over_50m
870,2,p5uhs28_1247--p5udt30878,p5uhs28_1247,load_p5ulv38846,p5ulv38846,71.055,1,0,synthetic_nearest_load_assumption,0,,over_50m
870,3,p5uhs28_1247--p5udt30878,p5uhs28_1247,load_p5ulv53369,p5ulv53369,74.926,1,0,synthetic_nearest_load_assumption,0,,over_50m
871,1,p1uhs11_1247--p1udt12111,p1uhs11_1247,load_p1umv41,p1umv41,121.701,1,1,synthetic_nearest_load_assumption,0,,over_50m
871,2,p1uhs11_1247--p1udt12111,p1uhs11_1247,load_p1ulv59556,p1ulv59556,153.805,1,0,synthetic_nearest_load_assumption,0,,over_50m
871,3,p1uhs11_1247--p1udt25287,p1uhs11_1247,load_p1ulv21283,p1ulv21283,237.496,0,0,synthetic_nearest_load_assumption,0,,over_50m
872,1,p1uhs2_1247--p1udt18962,p1uhs2_1247,load_p1ulv17339,p1ulv17339,35.936,1,1,synthetic_nearest_load_assumption,0,,over_50m
872,2,p1uhs2_1247--p1udt18962,p1uhs2_1247,load_p1ulv48436,p1ulv48436,41.921,1,0,synthetic_nearest_load_assumption,0,,over_50m
872,3,p1uhs2_1247--p1udt18962,p1uhs2_1247,load_p1ulv63289,p1ulv63289,44.894,1,0,synthetic_nearest_load_assumption,0,,over_50m
873,1,p4uhs19_1247--p4udt10279,p4uhs19_1247,load_p4ulv9142,p4ulv9142,59.983,1,1,synthetic_nearest_load_assumption,0,1154,provisional_spatial_candidate
873,2,p4uhs19_1247--p4udt10279,p4uhs19_1247,load_p4ulv29671,p4ulv29671,64.843,1,0,synthetic_nearest_load_assumption,0,1154,provisional_spatial_candidate
873,3,p4uhs19_1247--p4udt10279,p4uhs19_1247,load_p4ulv25810,p4ulv25810,75.22,1,0,synthetic_nearest_load_assumption,0,1154,provisional_spatial_candidate
874,1,p4uhs19_1247--p4udt10279,p4uhs19_1247,load_p4ulv2856,p4ulv2856,88.735,1,1,synthetic_nearest_load_assumption,0,1120,provisional_spatial_candidate
874,2,p4uhs19_1247--p4udt10279,p4uhs19_1247,load_p4ulv12155,p4ulv12155,91.535,1,0,synthetic_nearest_load_assumption,0,1120,provisional_spatial_candidate
874,3,p4uhs19_1247--p4udt10279,p4uhs19_1247,load_p4ulv26220,p4ulv26220,140.964,1,0,synthetic_nearest_load_assumption,0,1120,provisional_spatial_candidate
875,1,p3uhs7_1247--p3udt9478,p3uhs7_1247,load_p3ulv42551,p3ulv42551,56.376,1,1,synthetic_nearest_load_assumption,0,,ambiguous_nearby_nodes
875,2,p3uhs7_1247--p3udt9478,p3uhs7_1247,load_p3ulv67892,p3ulv67892,83.612,1,0,synthetic_nearest_load_assumption,0,,ambiguous_nearby_nodes
875,3,p3uhs7_1247--p3udt9478,p3uhs7_1247,load_p3ulv14553,p3ulv14553,337.712,0,0,synthetic_nearest_load_assumption,0,,ambiguous_nearby_nodes
876,1,p3uhs7_1247--p3udt9478,p3uhs7_1247,load_p3ulv80159,p3ulv80159,142.36,1,1,synthetic_nearest_load_assumption,0,,over_50m
876,2,p3uhs7_1247--p3udt9478,p3uhs7_1247,load_p3umv23,p3umv23,378.699,0,0,synthetic_nearest_load_assumption,0,,over_50m
876,3,p3uhs7_1247--p3udt9478,p3uhs7_1247,load_p3ulv67892,p3ulv67892,554.803,0,0,synthetic_nearest_load_assumption,0,,over_50m
877,1,p2uhs4_1247--p2udt433,p2uhs4_1247,load_p2ulv15168,p2ulv15168,72.204,1,1,synthetic_nearest_load_assumption,0,,over_50m
877,2,p2uhs4_1247--p2udt433,p2uhs4_1247,load_p2ulv2398,p2ulv2398,82.86,1,0,synthetic_nearest_load_assumption,0,,over_50m
877,3,p2uhs4_1247--p2udt433,p2uhs4_1247,load_p2ulv15401,p2ulv15401,97.564,1,0,synthetic_nearest_load_assumption,0,,over_50m
879,1,p4uhs19_1247--p4udt22137,p4uhs19_1247,load_p4ulv4110,p4ulv4110,106.097,1,1,synthetic_nearest_load_assumption,0,,over_50m
879,2,p4uhs19_1247--p4udt22137,p4uhs19_1247,load_p4ulv14331,p4ulv14331,152.773,1,0,synthetic_nearest_load_assumption,0,,over_50m
879,3,p4uhs19_1247--p4udt22137,p4uhs19_1247,load_p4ulv43508,p4ulv43508,156.446,1,0,synthetic_nearest_load_assumption,0,,over_50m
880,1,p3uhs2_1247--p3umv14,p3uhs2_1247,load_p3ulv49955,p3ulv49955,112.225,1,1,synthetic_nearest_load_assumption,0,2891,provisional_spatial_candidate
880,2,p3uhs2_1247--p3umv14,p3uhs2_1247,load_p3ulv14191,p3ulv14191,121.804,1,0,synthetic_nearest_load_assumption,0,2891,provisional_spatial_candidate
880,3,p3uhs2_1247--p3umv14,p3uhs2_1247,load_p3ulv63723,p3ulv63723,167.553,1,0,synthetic_nearest_load_assumption,0,2891,provisional_spatial_candidate
881,1,p3uhs2_1247--p3umv14,p3uhs2_1247,load_p3ulv63723,p3ulv63723,49.0,1,1,synthetic_nearest_load_assumption,0,2865,provisional_spatial_candidate
881,2,p3uhs2_1247--p3umv14,p3uhs2_1247,load_p3ulv74470,p3ulv74470,63.408,1,0,synthetic_nearest_load_assumption,0,2865,provisional_spatial_candidate
881,3,p3uhs2_1247--p3umv14,p3uhs2_1247,load_p3ulv29000,p3ulv29000,78.95,1,0,synthetic_nearest_load_assumption,0,2865,provisional_spatial_candidate
882,1,p3uhs5_1247--p3udt31388,p3uhs5_1247,load_p3ulv52578,p3ulv52578,194.841,1,1,synthetic_nearest_load_assumption,0,,ambiguous_nearby_nodes
882,2,p3uhs5_1247--p3udt31388,p3uhs5_1247,load_p3ulv1165,p3ulv1165,409.175,0,0,synthetic_nearest_load_assumption,0,,ambiguous_nearby_nodes
882,3,p3uhs5_1247--p3udt31388,p3uhs5_1247,load_p3ulv12216,p3ulv12216,487.607,0,0,synthetic_nearest_load_assumption,0,,ambiguous_nearby_nodes
883,1,p3uhs7_1247--p3udt9478,p3uhs7_1247,load_p3ulv80159,p3ulv80159,345.507,0,0,synthetic_nearest_load_assumption,0,,ambiguous_nearby_nodes
883,2,p3uhs5_1247--p3udt31388,p3uhs5_1247,load_p3ulv19969,p3ulv19969,604.509,0,0,synthetic_nearest_load_assumption,0,,ambiguous_nearby_nodes
883,3,p3uhs5_1247--p3udt31388,p3uhs5_1247,load_p3ulv52578,p3ulv52578,621.756,0,0,synthetic_nearest_load_assumption,0,,ambiguous_nearby_nodes
885,1,p3uhs23_1247--p3udt18382,p3uhs23_1247,load_p3ulv34341,p3ulv34341,45.074,1,1,synthetic_nearest_load_assumption,0,,over_50m
885,2,p3uhs23_1247--p3udt18382,p3uhs23_1247,load_p3ulv38154,p3ulv38154,62.011,1,0,synthetic_nearest_load_assumption,0,,over_50m
885,3,p3uhs23_1247--p3udt18382,p3uhs23_1247,load_p3ulv66604,p3ulv66604,70.612,1,0,synthetic_nearest_load_assumption,0,,over_50m
886,1,p5uhs9_1247--p5udt22915,p5uhs9_1247,load_p5ulv24894,p5ulv24894,46.019,1,1,synthetic_nearest_load_assumption,0,,over_50m
886,2,p5uhs9_1247--p5udt22915,p5uhs9_1247,load_p5ulv29970,p5ulv29970,59.859,1,0,synthetic_nearest_load_assumption,0,,over_50m
886,3,p5uhs9_1247--p5udt22915,p5uhs9_1247,load_p5ulv64059,p5ulv64059,73.565,1,0,synthetic_nearest_load_assumption,0,,over_50m
887,1,p3uhs9_1247--p3udt32034,p3uhs9_1247,load_p3ulv23676,p3ulv23676,233.508,0,0,synthetic_nearest_load_assumption,0,,over_50m
887,2,p3uhs9_1247--p3udt32034,p3uhs9_1247,load_p3ulv79240,p3ulv79240,327.175,0,0,synthetic_nearest_load_assumption,0,,over_50m
887,3,p3uhs9_1247--p3udt32034,p3uhs9_1247,load_p3ulv50850,p3ulv50850,473.742,0,0,synthetic_nearest_load_assumption,0,,over_50m
888,1,p4uhs9_1247--p4udt18371,p4uhs9_1247,load_p4ulv26204,p4ulv26204,139.344,1,1,synthetic_nearest_load_assumption,0,,over_50m
888,2,p4uhs9_1247--p4udt18371,p4uhs9_1247,load_p4ulv30492,p4ulv30492,141.368,1,0,synthetic_nearest_load_assumption,0,,over_50m
888,3,p4uhs9_1247--p4udt18371,p4uhs9_1247,load_p4ulv22917,p4ulv22917,153.061,1,0,synthetic_nearest_load_assumption,0,,over_50m
889,1,p4uhs9_1247--p4udt18569,p4uhs9_1247,load_p4ulv34284,p4ulv34284,54.392,1,1,synthetic_nearest_load_assumption,0,,over_50m
889,2,p4uhs9_1247--p4udt18569,p4uhs9_1247,load_p4ulv11251,p4ulv11251,72.039,1,0,synthetic_nearest_load_assumption,0,,over_50m
889,3,p4uhs9_1247--p4udt18569,p4uhs9_1247,load_p4ulv22494,p4ulv22494,72.419,1,0,synthetic_nearest_load_assumption,0,,over_50m
890,1,p3uhs8_1247--p3udt11113,p3uhs8_1247,load_p3ulv74871,p3ulv74871,47.697,1,1,synthetic_nearest_load_assumption,0,,over_50m
890,2,p3uhs8_1247--p3udt11113,p3uhs8_1247,load_p3ulv8391,p3ulv8391,53.188,1,0,synthetic_nearest_load_assumption,0,,over_50m
890,3,p3uhs8_1247--p3udt11113,p3uhs8_1247,load_p3ulv54982,p3ulv54982,54.114,1,0,synthetic_nearest_load_assumption,0,,over_50m
891,1,p3uhs11_1247--p3udt20683,p3uhs11_1247,load_p3ulv69428,p3ulv69428,69.008,1,1,synthetic_nearest_load_assumption,0,2464,provisional_spatial_candidate
891,2,p3uhs11_1247--p3udt20683,p3uhs11_1247,load_p3ulv9107,p3ulv9107,97.638,1,0,synthetic_nearest_load_assumption,0,2464,provisional_spatial_candidate
891,3,p3uhs11_1247--p3udt20683,p3uhs11_1247,load_p3ulv1957,p3ulv1957,134.486,1,0,synthetic_nearest_load_assumption,0,2464,provisional_spatial_candidate
893,1,p1uhs19_1247--p1udt14631,p1uhs19_1247,load_p1ulv11980,p1ulv11980,5977.464,0,0,synthetic_nearest_load_assumption,0,,over_50m
893,2,p1uhs19_1247--p1udt14631,p1uhs19_1247,load_p1ulv33589,p1ulv33589,5986.241,0,0,synthetic_nearest_load_assumption,0,,over_50m
893,3,p1uhs19_1247--p1udt14631,p1uhs19_1247,load_p1ulv23410,p1ulv23410,6031.998,0,0,synthetic_nearest_load_assumption,0,,over_50m
894,1,p5uhs9_1247--p5udt22915,p5uhs9_1247,load_p5ulv26578,p5ulv26578,44.627,1,1,synthetic_nearest_load_assumption,0,,over_50m
894,2,p5uhs9_1247--p5udt22915,p5uhs9_1247,load_p5ulv32146,p5ulv32146,64.138,1,0,synthetic_nearest_load_assumption,0,,over_50m
894,3,p3uhs2_1247--p3udt20299,p3uhs2_1247,load_p3ulv12033,p3ulv12033,66.329,1,0,synthetic_nearest_load_assumption,0,,over_50m
895,1,p4uhs9_1247--p4udt20209,p4uhs9_1247,load_p4ulv87,p4ulv87,5179.04,0,0,synthetic_nearest_load_assumption,0,,over_50m
895,2,p4uhs9_1247--p4udt20209,p4uhs9_1247,load_p4ulv36977,p4ulv36977,5188.495,0,0,synthetic_nearest_load_assumption,0,,over_50m
895,3,p4uhs9_1247--p4udt20209,p4uhs9_1247,load_p4ulv17134,p4ulv17134,5198.048,0,0,synthetic_nearest_load_assumption,0,,over_50m
896,1,p1uhs19_1247--p1udt14631,p1uhs19_1247,load_p1ulv51793,p1ulv51793,2501.858,0,0,synthetic_nearest_load_assumption,0,,over_50m
896,2,p1uhs19_1247--p1udt14631,p1uhs19_1247,load_p1ulv59183,p1ulv59183,2553.001,0,0,synthetic_nearest_load_assumption,0,,over_50m
896,3,p1uhs19_1247--p1udt14631,p1uhs19_1247,load_p1ulv52456,p1ulv52456,2558.24,0,0,synthetic_nearest_load_assumption,0,,over_50m
900,1,p3uhs13_1247--p3udt28604,p3uhs13_1247,load_p3ulv42072,p3ulv42072,26.977,1,1,synthetic_nearest_load_assumption,0,,over_50m
900,2,p3uhs13_1247--p3udt28604,p3uhs13_1247,load_p3ulv60518,p3ulv60518,34.526,1,0,synthetic_nearest_load_assumption,0,,over_50m
900,3,p3uhs13_1247--p3udt28604,p3uhs13_1247,load_p3ulv78979,p3ulv78979,39.971,1,0,synthetic_nearest_load_assumption,0,,over_50m
901,1,p3uhs11_1247--p3udt20683,p3uhs11_1247,load_p3ulv39442,p3ulv39442,40.339,1,1,synthetic_nearest_load_assumption,0,2548,provisional_spatial_candidate
901,2,p3uhs11_1247--p3udt20683,p3uhs11_1247,load_p3ulv28605,p3ulv28605,43.159,1,0,synthetic_nearest_load_assumption,0,2548,provisional_spatial_candidate
901,3,p3uhs11_1247--p3udt20683,p3uhs11_1247,load_p3ulv8352,p3ulv8352,62.358,1,0,synthetic_nearest_load_assumption,0,2548,provisional_spatial_candidate
902,1,p3uhs11_1247--p3udt27353,p3uhs11_1247,load_p3ulv19982,p3ulv19982,38.218,1,1,synthetic_nearest_load_assumption,0,2530,provisional_spatial_candidate
902,2,p3uhs11_1247--p3udt27353,p3uhs11_1247,load_p3ulv13803,p3ulv13803,48.617,1,0,synthetic_nearest_load_assumption,0,2530,provisional_spatial_candidate
902,3,p3uhs11_1247--p3udt27353,p3uhs11_1247,load_p3ulv34072,p3ulv34072,60.747,1,0,synthetic_nearest_load_assumption,0,2530,provisional_spatial_candidate
903,1,p5uhs19_1247--p5udt30268,p5uhs19_1247,load_p5ulv40845,p5ulv40845,20.128,1,1,synthetic_nearest_load_assumption,0,3896,provisional_spatial_candidate
903,2,p5uhs19_1247--p5udt30268,p5uhs19_1247,load_p5ulv29825,p5ulv29825,42.91,1,0,synthetic_nearest_load_assumption,0,3896,provisional_spatial_candidate
903,3,p5uhs19_1247--p5udt30268,p5uhs19_1247,load_p5ulv73900,p5ulv73900,43.079,1,0,synthetic_nearest_load_assumption,0,3896,provisional_spatial_candidate
906,1,p4uhs9_1247--p4udt20209,p4uhs9_1247,load_p4ulv16707,p4ulv16707,340.392,0,0,synthetic_nearest_load_assumption,0,7037,provisional_spatial_candidate
906,2,p4uhs9_1247--p4udt20209,p4uhs9_1247,load_p4ulv24295,p4ulv24295,344.077,0,0,synthetic_nearest_load_assumption,0,7037,provisional_spatial_candidate
906,3,p4uhs9_1247--p4udt20209,p4uhs9_1247,load_p4ulv8528,p4ulv8528,357.532,0,0,synthetic_nearest_load_assumption,0,7037,provisional_spatial_candidate
907,1,p4uhs9_1247--p4udt6157,p4uhs9_1247,load_p4ulv39073,p4ulv39073,1474.159,0,0,synthetic_nearest_load_assumption,0,,over_50m
907,2,p4uhs9_1247--p4udt6157,p4uhs9_1247,load_p4ulv32769,p4ulv32769,1479.604,0,0,synthetic_nearest_load_assumption,0,,over_50m
907,3,p4uhs9_1247--p4udt6157,p4uhs9_1247,load_p4ulv20564,p4ulv20564,1481.846,0,0,synthetic_nearest_load_assumption,0,,over_50m
908,1,p4uhs9_1247--p4udt20209,p4uhs9_1247,load_p4ulv87,p4ulv87,1105.187,0,0,synthetic_nearest_load_assumption,0,,over_50m
908,2,p4uhs9_1247--p4udt20209,p4uhs9_1247,load_p4ulv8528,p4ulv8528,1115.598,0,0,synthetic_nearest_load_assumption,0,,over_50m
908,3,p4uhs9_1247--p4udt20209,p4uhs9_1247,load_p4ulv37835,p4ulv37835,1141.385,0,0,synthetic_nearest_load_assumption,0,,over_50m
909,1,p4uhs9_1247--p4udt20209,p4uhs9_1247,load_p4ulv87,p4ulv87,704.232,0,0,synthetic_nearest_load_assumption,0,,over_50m
909,2,p4uhs9_1247--p4udt20209,p4uhs9_1247,load_p4ulv8528,p4ulv8528,713.919,0,0,synthetic_nearest_load_assumption,0,,over_50m
909,3,p4uhs9_1247--p4udt20209,p4uhs9_1247,load_p4ulv5556,p4ulv5556,750.544,0,0,synthetic_nearest_load_assumption,0,,over_50m
910,1,p5uhs18_1247--p5udt13853,p5uhs18_1247,load_p5ulv45132,p5ulv29126,36.153,1,1,synthetic_nearest_load_assumption,0,,over_50m
910,2,p5uhs18_1247--p5udt13853,p5uhs18_1247,load_p5ulv29126,p5ulv29126,36.153,1,0,synthetic_nearest_load_assumption,0,,over_50m
910,3,p5uhs18_1247--p5udt13853,p5uhs18_1247,load_p5ulv50155,p5ulv50155,47.283,1,0,synthetic_nearest_load_assumption,0,,over_50m
912,1,p4uhs9_1247--p4udt20209,p4uhs9_1247,load_p4ulv12353,p4ulv12353,61.15,1,1,synthetic_nearest_load_assumption,0,,over_50m
912,2,p4uhs9_1247--p4udt20209,p4uhs9_1247,load_p4ulv5555,p4ulv5555,61.322,1,0,synthetic_nearest_load_assumption,0,,over_50m
912,3,p4uhs9_1247--p4udt20209,p4uhs9_1247,load_p4ulv16241,p4ulv16241,63.007,1,0,synthetic_nearest_load_assumption,0,,over_50m
913,1,p5uhs27_1247--p5udt16841,p5uhs27_1247,load_p5ulv22635,p5ulv22635,41.299,1,1,synthetic_nearest_load_assumption,0,,over_50m
913,2,p5uhs27_1247--p5udt16841,p5uhs27_1247,load_p5ulv66813,p5ulv66813,131.612,1,0,synthetic_nearest_load_assumption,0,,over_50m
913,3,p5uhs27_1247--p5udt16841,p5uhs27_1247,load_p5ulv39890,p5ulv39890,148.465,1,0,synthetic_nearest_load_assumption,0,,over_50m
914,1,p4uhs20_1247--p4udt13530,p4uhs20_1247,load_p4ulv15637,p4ulv15637,169.843,1,1,synthetic_nearest_load_assumption,0,2620,provisional_spatial_candidate
914,2,p4uhs20_1247--p4udt13530,p4uhs20_1247,load_p4ulv30517,p4ulv30517,175.688,1,0,synthetic_nearest_load_assumption,0,2620,provisional_spatial_candidate
914,3,p4uhs20_1247--p4udt13530,p4uhs20_1247,load_p4ulv36816,p4ulv36816,177.666,1,0,synthetic_nearest_load_assumption,0,2620,provisional_spatial_candidate
918,1,p3uhs10_1247--p3udt7392,p3uhs10_1247,load_p3ulv30343,p3ulv30343,32.562,1,1,synthetic_nearest_load_assumption,0,,over_50m
918,2,p3uhs10_1247--p3udt7392,p3uhs10_1247,load_p3ulv38097,p3ulv38097,35.747,1,0,synthetic_nearest_load_assumption,0,,over_50m
918,3,p3uhs10_1247--p3udt7392,p3uhs10_1247,load_p3ulv73504,p3ulv73504,39.5,1,0,synthetic_nearest_load_assumption,0,,over_50m
919,1,p3uhs4_1247--p3udt2856,p3uhs4_1247,load_p3ulv9385,p3ulv9385,53.316,1,1,synthetic_nearest_load_assumption,0,,over_50m
919,2,p3uhs4_1247--p3udt2856,p3uhs4_1247,load_p3ulv46831,p3ulv46831,59.649,1,0,synthetic_nearest_load_assumption,0,,over_50m
919,3,p3uhs4_1247--p3udt2856,p3uhs4_1247,load_p3ulv7078,p3ulv7078,80.304,1,0,synthetic_nearest_load_assumption,0,,over_50m
920,1,p5uhs23_1247--p5udt18043,p5uhs23_1247,load_p5ulv50869,p5ulv50869,72.625,1,1,synthetic_nearest_load_assumption,0,3599,provisional_spatial_candidate
920,2,p5uhs23_1247--p5udt18043,p5uhs23_1247,load_p5ulv70548,p5ulv70548,88.315,1,0,synthetic_nearest_load_assumption,0,3599,provisional_spatial_candidate
920,3,p5uhs23_1247--p5udt18043,p5uhs23_1247,load_p5ulv68290,p5ulv68290,94.55,1,0,synthetic_nearest_load_assumption,0,3599,provisional_spatial_candidate
921,1,p5uhs0_1247--p5udt119,p5uhs0_1247,load_p5ulv13223,p5ulv13223,25.423,1,1,synthetic_nearest_load_assumption,0,,over_50m
921,2,p5uhs0_1247--p5udt119,p5uhs0_1247,load_p5ulv58914,p5ulv13223,25.423,1,0,synthetic_nearest_load_assumption,0,,over_50m
921,3,p5uhs0_1247--p5udt119,p5uhs0_1247,load_p5ulv36555,p5ulv5724,105.975,1,0,synthetic_nearest_load_assumption,0,,over_50m
922,1,p3uhs12_1247--p3udt18678,p3uhs12_1247,load_p3ulv4073,p3ulv4073,49.725,1,1,synthetic_nearest_load_assumption,0,,over_50m
922,2,p3uhs12_1247--p3udt18678,p3uhs12_1247,load_p3ulv16689,p3ulv16689,52.486,1,0,synthetic_nearest_load_assumption,0,,over_50m
922,3,p3uhs12_1247--p3udt18678,p3uhs12_1247,load_p3ulv44670,p3ulv44670,53.359,1,0,synthetic_nearest_load_assumption,0,,over_50m
923,1,p4uhs20_1247--p4udt1954,p4uhs20_1247,load_p4ulv6245,p4ulv6245,78.952,1,1,synthetic_nearest_load_assumption,0,,over_50m
923,2,p4uhs20_1247--p4udt1954,p4uhs20_1247,load_p4ulv21701,p4ulv21701,80.668,1,0,synthetic_nearest_load_assumption,0,,over_50m
923,3,p4uhs20_1247--p4udt8037,p4uhs20_1247,load_p4ulv5836,p4ulv5836,90.476,1,0,synthetic_nearest_load_assumption,0,,over_50m
924,1,p3uhs3_1247--p3udt31518,p3uhs3_1247,load_p3ulv37956,p3ulv37956,51.669,1,1,synthetic_nearest_load_assumption,0,,over_50m
924,2,p3uhs19_1247--p3udt25232,p3uhs19_1247,load_p3ulv77219,p3ulv77219,57.408,1,0,synthetic_nearest_load_assumption,0,,over_50m
924,3,p3uhs3_1247--p3udt31518,p3uhs3_1247,load_p3ulv15431,p3ulv15431,58.1,1,0,synthetic_nearest_load_assumption,0,,over_50m
925,1,p3uhs26_1247--p3udt26126,p3uhs26_1247,load_p3ulv10409,p3ulv10409,82.571,1,1,synthetic_nearest_load_assumption,0,2921,provisional_spatial_candidate
925,2,p3uhs26_1247--p3udt26126,p3uhs26_1247,load_p3ulv54701,p3ulv54701,100.704,1,0,synthetic_nearest_load_assumption,0,2921,provisional_spatial_candidate
925,3,p3uhs26_1247--p3udt26126,p3uhs26_1247,load_p3ulv58519,p3ulv58519,102.171,1,0,synthetic_nearest_load_assumption,0,2921,provisional_spatial_candidate
926,1,p5uhs23_1247--p5udt23560,p5uhs23_1247,load_p5ulv43598,p5ulv43598,81.758,1,1,synthetic_nearest_load_assumption,0,4460,provisional_spatial_candidate
926,2,p5uhs23_1247--p5udt27071,p5uhs23_1247,load_p5ulv53131,p5ulv53131,117.349,1,0,synthetic_nearest_load_assumption,0,4460,provisional_spatial_candidate
926,3,p5uhs23_1247--p5udt27071,p5uhs23_1247,load_p5ulv37507,p5ulv37507,141.698,1,0,synthetic_nearest_load_assumption,0,4460,provisional_spatial_candidate
927,1,p5uhs22_1247--p5udt24944,p5uhs22_1247,load_p5ulv30991,p5ulv30991,99.352,1,1,synthetic_nearest_load_assumption,0,,over_50m
927,2,p5uhs22_1247--p5udt24944,p5uhs22_1247,load_p5ulv40351,p5ulv40351,130.176,1,0,synthetic_nearest_load_assumption,0,,over_50m
927,3,p5uhs22_1247--p5udt24944,p5uhs22_1247,load_p5ulv27620,p5ulv27620,169.165,1,0,synthetic_nearest_load_assumption,0,,over_50m
928,1,p4uhs19_1247--p4udt21543,p4uhs19_1247,load_p4ulv12158,p4ulv12158,74.83,1,1,synthetic_nearest_load_assumption,0,,over_50m
928,2,p4uhs19_1247--p4udt21543,p4uhs19_1247,load_p4ulv38896,p4ulv38896,76.979,1,0,synthetic_nearest_load_assumption,0,,over_50m
928,3,p4uhs19_1247--p4udt21543,p4uhs19_1247,load_p4ulv43969,p4ulv43969,134.983,1,0,synthetic_nearest_load_assumption,0,,over_50m
929,1,p5uhs0_1247--p5udt3610,p5uhs0_1247,load_p5ulv4930,p5ulv4930,29.728,1,1,synthetic_nearest_load_assumption,0,,over_50m
929,2,p5uhs0_1247--p5udt3610,p5uhs0_1247,load_p5ulv8863,p5ulv8863,36.783,1,0,synthetic_nearest_load_assumption,0,,over_50m
929,3,p5uhs0_1247--p5udt3610,p5uhs0_1247,load_p5ulv3691,p5ulv3691,40.598,1,0,synthetic_nearest_load_assumption,0,,over_50m
930,1,p5uhs9_1247--p5udt20856,p5uhs9_1247,load_p5ulv35727,p5ulv35727,40.83,1,1,synthetic_nearest_load_assumption,0,3181,provisional_spatial_candidate
930,2,p3uhs8_1247--p3udt11113,p3uhs8_1247,load_p3ulv30194,p3ulv30194,56.017,1,0,synthetic_nearest_load_assumption,0,3181,provisional_spatial_candidate
930,3,p3uhs8_1247--p3udt11113,p3uhs8_1247,load_p3ulv66398,p3ulv66398,64.773,1,0,synthetic_nearest_load_assumption,0,3181,provisional_spatial_candidate
933,1,p5uhs5_1247--p5udt4880,p5uhs5_1247,load_p5ulv14112,p5ulv14112,20.589,1,1,synthetic_nearest_load_assumption,0,,over_50m
933,2,p5uhs5_1247--p5udt4880,p5uhs5_1247,load_p5ulv7319,p5ulv7319,31.13,1,0,synthetic_nearest_load_assumption,0,,over_50m
933,3,p5uhs5_1247--p5udt4880,p5uhs5_1247,load_p5ulv17173,p5ulv17173,31.917,1,0,synthetic_nearest_load_assumption,0,,over_50m
934,1,p5uhs5_1247--p5udt4880,p5uhs5_1247,load_p5ulv2514,p5ulv2514,42.423,1,1,synthetic_nearest_load_assumption,0,,over_50m
934,2,p5uhs5_1247--p5udt4497,p5uhs5_1247,load_p5ulv15725,p5ulv15725,42.963,1,0,synthetic_nearest_load_assumption,0,,over_50m
934,3,p5uhs5_1247--p5udt4880,p5uhs5_1247,load_p5ulv11095,p5ulv11095,45.284,1,0,synthetic_nearest_load_assumption,0,,over_50m
936,1,p5uhs19_1247--p5udt17094,p5uhs19_1247,load_p5ulv57713,p5ulv57713,39.631,1,1,synthetic_nearest_load_assumption,0,3915,provisional_spatial_candidate
936,2,p5uhs19_1247--p5udt17094,p5uhs19_1247,load_p5ulv53730,p5ulv53730,41.838,1,0,synthetic_nearest_load_assumption,0,3915,provisional_spatial_candidate
936,3,p5uhs19_1247--p5udt17094,p5uhs19_1247,load_p5ulv24221,p5ulv24221,46.628,1,0,synthetic_nearest_load_assumption,0,3915,provisional_spatial_candidate
937,1,p5uhs23_1247--p5udt18043,p5uhs23_1247,load_p5ulv28210,p5ulv28210,91.331,1,1,synthetic_nearest_load_assumption,0,4204,provisional_spatial_candidate
937,2,p5uhs23_1247--p5udt18043,p5uhs23_1247,load_p5ulv66143,p5ulv66143,92.501,1,0,synthetic_nearest_load_assumption,0,4204,provisional_spatial_candidate
937,3,p5uhs22_1247--p5udt18713,p5uhs22_1247,load_p5ulv24248,p5ulv24248,98.242,1,0,synthetic_nearest_load_assumption,0,4204,provisional_spatial_candidate
938,1,p5uhs28_1247--p5udt12928,p5uhs28_1247,load_p5ulv43853,p5ulv43853,19.814,1,1,synthetic_nearest_load_assumption,0,,over_50m
938,2,p5uhs28_1247--p5udt12928,p5uhs28_1247,load_p5ulv63572,p5ulv63572,23.257,1,0,synthetic_nearest_load_assumption,0,,over_50m
938,3,p5uhs28_1247--p5udt12928,p5uhs28_1247,load_p5ulv21583,p5ulv21583,42.318,1,0,synthetic_nearest_load_assumption,0,,over_50m
939,1,p1uhs10_1247--p1udt14394,p1uhs10_1247,load_p1ulv59217,p1ulv59217,1879.933,0,0,synthetic_nearest_load_assumption,0,,over_50m
939,2,p1uhs10_1247--p1udt20878,p1uhs10_1247,load_p1ulv44988,p1ulv44988,1880.257,0,0,synthetic_nearest_load_assumption,0,,over_50m
939,3,p1uhs10_1247--p1udt14394,p1uhs10_1247,load_p1ulv13263,p1ulv13263,1880.31,0,0,synthetic_nearest_load_assumption,0,,over_50m
940,1,p5uhs10_1247--p5udt14571,p5uhs10_1247,load_p5ulv73595,p5ulv73595,42.213,1,1,synthetic_nearest_load_assumption,0,3933,provisional_spatial_candidate
940,2,p5uhs10_1247--p5udt14571,p5uhs10_1247,load_p5ulv63582,p5ulv63582,72.797,1,0,synthetic_nearest_load_assumption,0,3933,provisional_spatial_candidate
940,3,p5uhs10_1247--p5udt14571,p5uhs10_1247,load_p5ulv23853,p5ulv23853,75.386,1,0,synthetic_nearest_load_assumption,0,3933,provisional_spatial_candidate
941,1,p5uhs10_1247--p5udt14571,p5uhs10_1247,load_p5ulv64647,p5ulv64647,44.959,1,1,synthetic_nearest_load_assumption,0,3935,provisional_spatial_candidate
941,2,p5uhs10_1247--p5udt14571,p5uhs10_1247,load_p5ulv46640,p5ulv46640,53.1,1,0,synthetic_nearest_load_assumption,0,3935,provisional_spatial_candidate
941,3,p5uhs10_1247--p5udt14571,p5uhs10_1247,load_p5ulv21547,p5ulv21547,86.44,1,0,synthetic_nearest_load_assumption,0,3935,provisional_spatial_candidate
942,1,p5uhs28_1247--p5udt12928,p5uhs28_1247,load_p5ulv73062,p5ulv73062,114.65,1,1,synthetic_nearest_load_assumption,0,3521,provisional_spatial_candidate
942,2,p5uhs28_1247--p5udt12928,p5uhs28_1247,load_p5ulv27817,p5ulv27817,119.958,1,0,synthetic_nearest_load_assumption,0,3521,provisional_spatial_candidate
942,3,p5uhs28_1247--p5udt12928,p5uhs28_1247,load_p5ulv21638,p5ulv21638,131.622,1,0,synthetic_nearest_load_assumption,0,3521,provisional_spatial_candidate
943,1,p5uhs5_1247--p5udt4497,p5uhs5_1247,load_p5ulv11500,p5ulv11500,36.812,1,1,synthetic_nearest_load_assumption,0,,over_50m
943,2,p5uhs5_1247--p5udt4497,p5uhs5_1247,load_p5ulv15517,p5ulv15517,44.457,1,0,synthetic_nearest_load_assumption,0,,over_50m
943,3,p5uhs5_1247--p5udt4497,p5uhs5_1247,load_p5ulv9764,p5ulv9764,47.771,1,0,synthetic_nearest_load_assumption,0,,over_50m
945,1,p3uhs4_1247--p3udt9213,p3uhs4_1247,load_p3ulv17324,p3ulv17324,42.151,1,1,synthetic_nearest_load_assumption,0,,over_50m
945,2,p3uhs6_1247--p3udt18941,p3uhs6_1247,load_p3ulv3156,p3ulv3156,87.389,1,0,synthetic_nearest_load_assumption,0,,over_50m
945,3,p3uhs6_1247--p3udt18941,p3uhs6_1247,load_p3ulv32133,p3ulv32133,93.057,1,0,synthetic_nearest_load_assumption,0,,over_50m
947,1,p5uhs22_1247--p5udt18713,p5uhs22_1247,load_p5ulv73397,p5ulv73397,55.701,1,1,synthetic_nearest_load_assumption,0,4260,provisional_spatial_candidate
947,2,p5uhs22_1247--p5udt18713,p5uhs22_1247,load_p5ulv46999,p5ulv46999,57.039,1,0,synthetic_nearest_load_assumption,0,4260,provisional_spatial_candidate
947,3,p5uhs22_1247--p5udt18713,p5uhs22_1247,load_p5ulv56036,p5ulv56036,78.292,1,0,synthetic_nearest_load_assumption,0,4260,provisional_spatial_candidate
948,1,p4uhs20_1247--p4udt13530,p4uhs20_1247,load_p4ulv20388,p4ulv20388,56.156,1,1,synthetic_nearest_load_assumption,0,,over_50m
948,2,p4uhs20_1247--p4udt13530,p4uhs20_1247,load_p4ulv38923,p4ulv38923,70.844,1,0,synthetic_nearest_load_assumption,0,,over_50m
948,3,p4uhs20_1247--p4udt13530,p4uhs20_1247,load_p4ulv1650,p4ulv1650,156.294,1,0,synthetic_nearest_load_assumption,0,,over_50m
949,1,p1uhs18_1247--p1udt20846,p1uhs18_1247,load_p1ulv52384,p1ulv52384,54.598,1,1,synthetic_nearest_load_assumption,0,,over_50m
949,2,p1uhs18_1247--p1udt20846,p1uhs18_1247,load_p1ulv24012,p1ulv24012,105.713,1,0,synthetic_nearest_load_assumption,0,,over_50m
949,3,p1uhs18_1247--p1udt20846,p1uhs18_1247,load_p1ulv11283,p1ulv11283,114.934,1,0,synthetic_nearest_load_assumption,0,,over_50m
950,1,p3uhs8_1247--p3umv17,p3uhs8_1247,load_p3ulv57221,p3ulv57221,24.778,1,1,synthetic_nearest_load_assumption,0,3059,provisional_spatial_candidate
950,2,p3uhs8_1247--p3umv17,p3uhs8_1247,load_p3ulv1995,p3ulv1995,34.361,1,0,synthetic_nearest_load_assumption,0,3059,provisional_spatial_candidate
950,3,p3uhs8_1247--p3umv17,p3uhs8_1247,load_p3ulv79474,p3ulv79474,53.374,1,0,synthetic_nearest_load_assumption,0,3059,provisional_spatial_candidate
951,1,p5uhs2_1247--p5udt6874,p5uhs2_1247,load_p5ulv6574,p5ulv6574,38.811,1,1,synthetic_nearest_load_assumption,0,,over_50m
951,2,p5uhs2_1247--p5udt6874,p5uhs2_1247,load_p5ulv6775,p5ulv6775,53.347,1,0,synthetic_nearest_load_assumption,0,,over_50m
951,3,p5uhs2_1247--p5udt6874,p5uhs2_1247,load_p5ulv65453,p5ulv65453,56.036,1,0,synthetic_nearest_load_assumption,0,,over_50m
952,1,p5uhs23_1247--p5udt18043,p5uhs23_1247,load_p5ulv49190,p5ulv49190,116.477,1,1,synthetic_nearest_load_assumption,0,3577,provisional_spatial_candidate
952,2,p5uhs23_1247--p5udt18043,p5uhs23_1247,load_p5ulv35247,p5ulv35247,122.297,1,0,synthetic_nearest_load_assumption,0,3577,provisional_spatial_candidate
952,3,p5uhs23_1247--p5udt27071,p5uhs23_1247,load_p5ulv53131,p5ulv53131,132.653,1,0,synthetic_nearest_load_assumption,0,3577,provisional_spatial_candidate
953,1,p5uhs1_1247--p5udt4788,p5uhs1_1247,load_p5ulv6024,p5ulv6024,48.575,1,1,synthetic_nearest_load_assumption,0,3164,provisional_spatial_candidate
953,2,p5uhs1_1247--p5udt4788,p5uhs1_1247,load_p5ulv15295,p5ulv15295,60.224,1,0,synthetic_nearest_load_assumption,0,3164,provisional_spatial_candidate
953,3,p5uhs1_1247--p5udt4788,p5uhs1_1247,load_p5ulv14407,p5ulv14407,60.366,1,0,synthetic_nearest_load_assumption,0,3164,provisional_spatial_candidate
954,1,p5uhs2_1247--p5udt6874,p5uhs2_1247,load_p5ulv17507,p5ulv17507,21.759,1,1,synthetic_nearest_load_assumption,0,,over_50m
954,2,p5uhs2_1247--p5udt6874,p5uhs2_1247,load_p5ulv54,p5ulv54,30.733,1,0,synthetic_nearest_load_assumption,0,,over_50m
954,3,p5uhs2_1247--p5udt6874,p5uhs2_1247,load_p5ulv18840,p5ulv18840,31.645,1,0,synthetic_nearest_load_assumption,0,,over_50m
955,1,p3uhs3_1247--p3udt20362,p3uhs3_1247,load_p3ulv74029,p3ulv74029,71.745,1,1,synthetic_nearest_load_assumption,0,,over_50m
955,2,p3uhs3_1247--p3udt20362,p3uhs3_1247,load_p3ulv3521,p3ulv3521,113.942,1,0,synthetic_nearest_load_assumption,0,,over_50m
955,3,p3uhs3_1247--p3udt20362,p3uhs3_1247,load_p3ulv67087,p3ulv67087,136.894,1,0,synthetic_nearest_load_assumption,0,,over_50m
956,1,p3uhs24_1247--p3udt10352,p3uhs24_1247,load_p3ulv42304,p3ulv42304,23.879,1,1,synthetic_nearest_load_assumption,0,,over_50m
956,2,p3uhs24_1247--p3udt10352,p3uhs24_1247,load_p3ulv17442,p3ulv17442,24.159,1,0,synthetic_nearest_load_assumption,0,,over_50m
956,3,p3uhs24_1247--p3udt10352,p3uhs24_1247,load_p3ulv50055,p3ulv50055,27.658,1,0,synthetic_nearest_load_assumption,0,,over_50m
957,1,p5uhs30_1247--p5udt30417,p5uhs30_1247,load_p5ulv34812,p5ulv34812,39.963,1,1,synthetic_nearest_load_assumption,0,,over_50m
957,2,p5uhs30_1247--p5udt30417,p5uhs30_1247,load_p5ulv35952,p5ulv35952,41.26,1,0,synthetic_nearest_load_assumption,0,,over_50m
957,3,p5uhs30_1247--p5udt30417,p5uhs30_1247,load_p5ulv19828,p5ulv19828,47.484,1,0,synthetic_nearest_load_assumption,0,,over_50m
958,1,p5uhs2_1247--p5udt2335,p5uhs2_1247,load_p5ulv11459,p5ulv11459,25.426,1,1,synthetic_nearest_load_assumption,0,,over_50m
958,2,p5uhs2_1247--p5udt2335,p5uhs2_1247,load_p5ulv11643,p5ulv11643,26.708,1,0,synthetic_nearest_load_assumption,0,,over_50m
958,3,p5uhs2_1247--p5udt2335,p5uhs2_1247,load_p5ulv11830,p5ulv11830,47.248,1,0,synthetic_nearest_load_assumption,0,,over_50m
959,1,p5uhs3_1247--p5udt7453,p5uhs3_1247,load_p5ulv77421,p5ulv77421,54.624,1,1,synthetic_nearest_load_assumption,0,3334,provisional_spatial_candidate
959,2,p5uhs3_1247--p5udt7453,p5uhs3_1247,load_p5ulv77439,p5ulv77439,58.922,1,0,synthetic_nearest_load_assumption,0,3334,provisional_spatial_candidate
959,3,p5uhs3_1247--p5udt7453,p5uhs3_1247,load_p5ulv3806,p5ulv3806,59.092,1,0,synthetic_nearest_load_assumption,0,3334,provisional_spatial_candidate
960,1,p5uhs23_1247--p5udt23560,p5uhs23_1247,load_p5ulv38087,p5ulv38087,62.798,1,1,synthetic_nearest_load_assumption,0,,over_50m
960,2,p5uhs23_1247--p5udt23560,p5uhs23_1247,load_p5ulv26396,p5ulv26396,63.341,1,0,synthetic_nearest_load_assumption,0,,over_50m
960,3,p5uhs23_1247--p5udt23560,p5uhs23_1247,load_p5ulv54243,p5ulv54243,86.245,1,0,synthetic_nearest_load_assumption,0,,over_50m
961,1,p1uhs0_1247--p1udt12703,p1uhs0_1247,load_p1ulv33893,p1ulv33893,61.434,1,1,synthetic_nearest_load_assumption,0,4930,provisional_spatial_candidate
961,2,p1uhs0_1247--p1udt12703,p1uhs0_1247,load_p1ulv55858,p1ulv55858,70.284,1,0,synthetic_nearest_load_assumption,0,4930,provisional_spatial_candidate
961,3,p1uhs0_1247--p1udt12703,p1uhs0_1247,load_p1ulv42654,p1ulv42654,74.244,1,0,synthetic_nearest_load_assumption,0,4930,provisional_spatial_candidate
962,1,p5uhs28_1247--p5udt12928,p5uhs28_1247,load_p5ulv37252,p5ulv37252,40.007,1,1,synthetic_nearest_load_assumption,0,,over_50m
962,2,p5uhs28_1247--p5udt12928,p5uhs28_1247,load_p5ulv29001,p5ulv29001,46.472,1,0,synthetic_nearest_load_assumption,0,,over_50m
962,3,p5uhs28_1247--p5udt12928,p5uhs28_1247,load_p5ulv75312,p5ulv75312,46.975,1,0,synthetic_nearest_load_assumption,0,,over_50m
963,1,p2uhs4_1247--p2udt3496,p2uhs4_1247,load_p2ulv20432,p2ulv20432,48.655,1,1,synthetic_nearest_load_assumption,0,,over_50m
963,2,p2uhs4_1247--p2udt3496,p2uhs4_1247,load_p2ulv14268,p2ulv14268,105.414,1,0,synthetic_nearest_load_assumption,0,,over_50m
963,3,p2uhs4_1247--p2udt3496,p2uhs4_1247,load_p2ulv24227,p2ulv16571,134.979,1,0,synthetic_nearest_load_assumption,0,,over_50m
964,1,p5uhs18_1247--p5udt9682,p5uhs18_1247,load_p5ulv38976,p5ulv38976,26.483,1,1,synthetic_nearest_load_assumption,0,,over_50m
964,2,p5uhs18_1247--p5udt9682,p5uhs18_1247,load_p5ulv22829,p5ulv22829,35.617,1,0,synthetic_nearest_load_assumption,0,,over_50m
964,3,p5uhs18_1247--p5udt9682,p5uhs18_1247,load_p5ulv51265,p5ulv51265,41.922,1,0,synthetic_nearest_load_assumption,0,,over_50m
966,1,p5uhs18_1247--p5udt9682,p5uhs18_1247,load_p5ulv36221,p5ulv36221,25.83,1,1,synthetic_nearest_load_assumption,0,,over_50m
966,2,p5uhs18_1247--p5udt9682,p5uhs18_1247,load_p5ulv60886,p5ulv60886,28.404,1,0,synthetic_nearest_load_assumption,0,,over_50m
966,3,p5uhs18_1247--p5udt9682,p5uhs18_1247,load_p5ulv46976,p5ulv46976,43.112,1,0,synthetic_nearest_load_assumption,0,,over_50m
969,1,p4uhs9_1247--p4udt20209,p4uhs9_1247,load_p4ulv87,p4ulv87,2922.14,0,0,synthetic_nearest_load_assumption,0,,over_50m
969,2,p4uhs9_1247--p4udt20209,p4uhs9_1247,load_p4ulv17134,p4ulv17134,2950.611,0,0,synthetic_nearest_load_assumption,0,,over_50m
969,3,p4uhs9_1247--p4udt20209,p4uhs9_1247,load_p4ulv8528,p4ulv8528,2961.063,0,0,synthetic_nearest_load_assumption,0,,over_50m
971,1,p5uhs4_1247--p5udt2507,p5uhs4_1247,load_p5ulv12838,p5ulv12838,17.181,1,1,synthetic_nearest_load_assumption,0,,over_50m
971,2,p5uhs4_1247--p5udt2507,p5uhs4_1247,load_p5ulv33668,p5ulv33668,66.029,1,0,synthetic_nearest_load_assumption,0,,over_50m
971,3,p5uhs4_1247--p5udt2507,p5uhs4_1247,load_p5ulv7144,p5ulv7144,76.183,1,0,synthetic_nearest_load_assumption,0,,over_50m
972,1,p5uhs1_1247--p5udt6240,p5uhs1_1247,load_p5ulv10114,p5ulv10114,35.744,1,1,synthetic_nearest_load_assumption,0,,over_50m
972,2,p5uhs1_1247--p5udt6240,p5uhs1_1247,load_p5ulv11659,p5ulv11659,53.408,1,0,synthetic_nearest_load_assumption,0,,over_50m
972,3,p5uhs1_1247--p5udt6240,p5uhs1_1247,load_p5ulv5260,p5ulv5260,54.575,1,0,synthetic_nearest_load_assumption,0,,over_50m
973,1,p5uhs1_1247--p5udt6125,p5uhs1_1247,load_p5ulv21778,p5ulv21778,34.199,1,1,synthetic_nearest_load_assumption,0,,over_50m
973,2,p5uhs1_1247--p5udt6125,p5uhs1_1247,load_p5ulv9366,p5ulv9366,35.454,1,0,synthetic_nearest_load_assumption,0,,over_50m
973,3,p5uhs1_1247--p5udt6125,p5uhs1_1247,load_p5ulv17127,p5ulv17127,36.632,1,0,synthetic_nearest_load_assumption,0,,over_50m
974,1,p5uhs1_1247--p5udt4629,p5uhs1_1247,load_p5ulv15875,p5ulv15875,20.997,1,1,synthetic_nearest_load_assumption,0,,over_50m
974,2,p5uhs1_1247--p5udt6125,p5uhs1_1247,load_p5ulv77867,p5ulv77867,43.802,1,0,synthetic_nearest_load_assumption,0,,over_50m
974,3,p5uhs1_1247--p5udt4629,p5uhs1_1247,load_p5ulv9891,p5ulv9891,53.681,1,0,synthetic_nearest_load_assumption,0,,over_50m
975,1,p5uhs1_1247--p5udt6125,p5uhs1_1247,load_p5ulv2653,p5ulv2653,30.253,1,1,synthetic_nearest_load_assumption,0,,over_50m
975,2,p5uhs1_1247--p5udt6125,p5uhs1_1247,load_p5ulv15691,p5ulv15691,50.964,1,0,synthetic_nearest_load_assumption,0,,over_50m
975,3,p5uhs1_1247--p5udt6125,p5uhs1_1247,load_p5ulv2654,p5ulv2654,54.354,1,0,synthetic_nearest_load_assumption,0,,over_50m
976,1,p3uhs22_1247--p3udt29621,p3uhs22_1247,load_p3ulv13707,p3ulv13707,62.361,1,1,synthetic_nearest_load_assumption,0,,over_50m
976,2,p3uhs22_1247--p3udt29621,p3uhs22_1247,load_p3ulv47988,p3ulv47988,71.878,1,0,synthetic_nearest_load_assumption,0,,over_50m
976,3,p3uhs22_1247--p3udt29621,p3uhs22_1247,load_p3ulv1897,p3ulv1897,77.27,1,0,synthetic_nearest_load_assumption,0,,over_50m
979,1,p5uhs26_1247--p5udt22654,p5uhs26_1247,load_p5ulv8468,p5ulv8468,77.305,1,1,synthetic_nearest_load_assumption,0,,over_50m
979,2,p5uhs26_1247--p5udt22654,p5uhs26_1247,load_p5ulv9071,p5ulv9071,94.192,1,0,synthetic_nearest_load_assumption,0,,over_50m
979,3,p5uhs26_1247--p5udt22654,p5uhs26_1247,load_p5ulv19291,p5ulv19291,102.173,1,0,synthetic_nearest_load_assumption,0,,over_50m
980,1,p2uhs6_1247--p2udt6420,p2uhs6_1247,load_p2ulv22043,p2ulv22043,154.125,1,1,synthetic_nearest_load_assumption,0,,over_50m
980,2,p2uhs6_1247--p2udt6420,p2uhs6_1247,load_p2ulv13876,p2ulv13876,183.145,1,0,synthetic_nearest_load_assumption,0,,over_50m
980,3,p2uhs6_1247--p2udt6420,p2uhs6_1247,load_p2ulv25,p2ulv25,196.422,1,0,synthetic_nearest_load_assumption,0,,over_50m
982,1,p5uhs4_1247--p5udt2507,p5uhs4_1247,load_p5ulv5302,p5ulv5302,15.964,1,1,synthetic_nearest_load_assumption,0,,over_50m
982,2,p5uhs4_1247--p5udt7236,p5uhs4_1247,load_p5ulv10340,p5ulv10340,59.343,1,0,synthetic_nearest_load_assumption,0,,over_50m
982,3,p5uhs4_1247--p5udt2507,p5uhs4_1247,load_p5ulv6818,p5ulv6818,63.45,1,0,synthetic_nearest_load_assumption,0,,over_50m
985,1,p5uhs0_1247--p5udt119,p5uhs0_1247,load_p5ulv7372,p5ulv7372,33.456,1,1,synthetic_nearest_load_assumption,0,,over_50m
985,2,p5uhs0_1247--p5udt119,p5uhs0_1247,load_p5ulv17208,p5ulv17208,36.365,1,0,synthetic_nearest_load_assumption,0,,over_50m
985,3,p5uhs0_1247--p5udt119,p5uhs0_1247,load_p5ulv9978,p5ulv9978,36.808,1,0,synthetic_nearest_load_assumption,0,,over_50m
986,1,p5uhs0_1247--p5udt119,p5uhs0_1247,load_p5ulv16862,p5ulv16862,11.367,1,1,synthetic_nearest_load_assumption,0,2890,provisional_spatial_candidate
986,2,p5uhs0_1247--p5udt119,p5uhs0_1247,load_p5ulv4049,p5ulv4049,20.312,1,0,synthetic_nearest_load_assumption,0,2890,provisional_spatial_candidate
986,3,p5uhs0_1247--p5udt119,p5uhs0_1247,load_p5ulv12475,p5ulv12475,33.813,1,0,synthetic_nearest_load_assumption,0,2890,provisional_spatial_candidate
991,1,p5uhs28_1247--p5udt30878,p5uhs28_1247,load_p5ulv33869,p5ulv33869,173.499,1,1,synthetic_nearest_load_assumption,0,2682,provisional_spatial_candidate
991,2,p5uhs28_1247--p5udt30878,p5uhs28_1247,load_p5ulv75241,p5ulv75241,179.492,1,0,synthetic_nearest_load_assumption,0,2682,provisional_spatial_candidate
991,3,p5uhs28_1247--p5udt30878,p5uhs28_1247,load_p5ulv50545,p5ulv50545,231.839,0,0,synthetic_nearest_load_assumption,0,2682,provisional_spatial_candidate
994,1,p1uhs0_1247--p1udt12703,p1uhs0_1247,load_p1ulv17929,p1ulv17929,68.231,1,1,synthetic_nearest_load_assumption,0,,over_50m
994,2,p1uhs0_1247--p1udt12703,p1uhs0_1247,load_p1ulv31273,p1ulv31273,77.338,1,0,synthetic_nearest_load_assumption,0,,over_50m
994,3,p1uhs0_1247--p1udt12703,p1uhs0_1247,load_p1ulv47128,p1ulv47128,87.744,1,0,synthetic_nearest_load_assumption,0,,over_50m
995,1,p3uhs3_1247--p3udt31518,p3uhs3_1247,load_p3ulv31063,p3ulv31063,79.473,1,1,synthetic_nearest_load_assumption,0,2500,provisional_spatial_candidate
995,2,p3uhs3_1247--p3udt31518,p3uhs3_1247,load_p3ulv10822,p3ulv10822,142.072,1,0,synthetic_nearest_load_assumption,0,2500,provisional_spatial_candidate
995,3,p3uhs3_1247--p3udt31518,p3uhs3_1247,load_p3ulv75707,p3ulv75707,161.172,1,0,synthetic_nearest_load_assumption,0,2500,provisional_spatial_candidate
996,1,p3uhs8_1247--p3udt23566,p3uhs8_1247,load_p3ulv16999,p3ulv16999,26.44,1,1,synthetic_nearest_load_assumption,0,,over_50m
996,2,p3uhs8_1247--p3udt23566,p3uhs8_1247,load_p3ulv44191,p3ulv44191,69.495,1,0,synthetic_nearest_load_assumption,0,,over_50m
996,3,p3uhs8_1247--p3udt23566,p3uhs8_1247,load_p3ulv20788,p3ulv20788,72.428,1,0,synthetic_nearest_load_assumption,0,,over_50m
997,1,p1uhs19_1247--p1udt14631,p1uhs19_1247,load_p1ulv59183,p1ulv59183,91.796,1,1,synthetic_nearest_load_assumption,0,,over_50m
997,2,p1uhs19_1247--p1udt14631,p1uhs19_1247,load_p1ulv51793,p1ulv51793,106.715,1,0,synthetic_nearest_load_assumption,0,,over_50m
997,3,p1uhs19_1247--p1udt14631,p1uhs19_1247,load_p1ulv29741,p1ulv29741,185.247,1,0,synthetic_nearest_load_assumption,0,,over_50m
998,1,p1uhs19_1247--p1udt14631,p1uhs19_1247,load_p1ulv12009,p1ulv12009,633.586,0,0,synthetic_nearest_load_assumption,0,7263,provisional_spatial_candidate
998,2,p1uhs19_1247--p1udt14631,p1uhs19_1247,load_p1ulv50564,p1ulv50564,646.015,0,0,synthetic_nearest_load_assumption,0,7263,provisional_spatial_candidate
998,3,p1uhs19_1247--p1udt14631,p1uhs19_1247,load_p1ulv19624,p1ulv19624,650.737,0,0,synthetic_nearest_load_assumption,0,7263,provisional_spatial_candidate
999,1,p1uhs19_1247--p1udt14631,p1uhs19_1247,load_p1ulv3856,p1ulv3856,67.744,1,1,synthetic_nearest_load_assumption,0,,over_50m
999,2,p1uhs19_1247--p1udt14631,p1uhs19_1247,load_p1ulv41753,p1ulv41753,97.46,1,0,synthetic_nearest_load_assumption,0,,over_50m
999,3,p1uhs19_1247--p1udt14631,p1uhs19_1247,load_p1ulv30995,p1ulv30995,196.467,1,0,synthetic_nearest_load_assumption,0,,over_50m
1000,1,p1rhs2_1247--p1rdt1528,p1rhs2_1247,load_p1rlv7808,p1rlv7808,310.454,0,0,synthetic_nearest_load_assumption,0,6922,provisional_spatial_candidate
1000,2,p1rhs2_1247--p1rdt1528,p1rhs2_1247,load_p1rlv1919,p1rlv1919,331.317,0,0,synthetic_nearest_load_assumption,0,6922,provisional_spatial_candidate
1000,3,p1rhs2_1247--p1rdt1528,p1rhs2_1247,load_p1rlv11161,p1rlv11161,340.757,0,0,synthetic_nearest_load_assumption,0,6922,provisional_spatial_candidate
1005,1,p1uhs19_1247--p1udt14631,p1uhs19_1247,load_p1ulv51793,p1ulv51793,4019.116,0,0,synthetic_nearest_load_assumption,0,,over_50m
1005,2,p1uhs19_1247--p1udt14631,p1uhs19_1247,load_p1ulv11980,p1ulv11980,4020.034,0,0,synthetic_nearest_load_assumption,0,,over_50m
1005,3,p1uhs19_1247--p1udt14631,p1uhs19_1247,load_p1ulv33589,p1ulv33589,4022.963,0,0,synthetic_nearest_load_assumption,0,,over_50m
1006,1,p5uhs19_1247--p5udt8885,p5uhs19_1247,load_p5ulv62823,p5ulv62823,137.741,1,1,synthetic_nearest_load_assumption,0,,over_50m
1006,2,p5uhs19_1247--p5udt8885,p5uhs19_1247,load_p5ulv70615,p5ulv70615,153.601,1,0,synthetic_nearest_load_assumption,0,,over_50m
1006,3,p5uhs19_1247--p5udt8885,p5uhs19_1247,load_p5ulv21968,p5ulv21968,181.564,1,0,synthetic_nearest_load_assumption,0,,over_50m
1007,1,p1uhs18_1247--p1udt6910,p1uhs18_1247,load_p1ulv18862,p1ulv18862,41.532,1,1,synthetic_nearest_load_assumption,0,,over_50m
1007,2,p1uhs18_1247--p1udt6910,p1uhs18_1247,load_p1ulv23978,p1ulv23978,57.652,1,0,synthetic_nearest_load_assumption,0,,over_50m
1007,3,p1uhs18_1247--p1udt20846,p1uhs18_1247,load_p1ulv9386,p1ulv9386,74.657,1,0,synthetic_nearest_load_assumption,0,,over_50m
1008,1,p3uhs5_1247--p3udt15899,p3uhs5_1247,load_p3ulv48050,p3ulv48050,26.705,1,1,synthetic_nearest_load_assumption,0,,over_50m
1008,2,p3uhs5_1247--p3udt15899,p3uhs5_1247,load_p3ulv77118,p3ulv77118,27.438,1,0,synthetic_nearest_load_assumption,0,,over_50m
1008,3,p3uhs5_1247--p3udt15899,p3uhs5_1247,load_p3ulv46546,p3ulv46546,65.978,1,0,synthetic_nearest_load_assumption,0,,over_50m
1009,1,p5uhs3_1247--p5udt7358,p5uhs3_1247,load_p5ulv77433,p5ulv77433,31.651,1,1,synthetic_nearest_load_assumption,0,,over_50m
1009,2,p5uhs3_1247--p5udt7358,p5uhs3_1247,load_p5ulv6937,p5ulv6937,50.921,1,0,synthetic_nearest_load_assumption,0,,over_50m
1009,3,p5uhs3_1247--p5udt7358,p5uhs3_1247,load_p5ulv6784,p5ulv6784,69.988,1,0,synthetic_nearest_load_assumption,0,,over_50m
1010,1,p5uhs3_1247--p5udt7358,p5uhs3_1247,load_p5ulv1936,p5ulv1936,21.226,1,1,synthetic_nearest_load_assumption,0,,over_50m
1010,2,p5uhs3_1247--p5udt2480,p5uhs3_1247,load_p5ulv3807,p5ulv3807,48.785,1,0,synthetic_nearest_load_assumption,0,,over_50m
1010,3,p5uhs3_1247--p5udt7358,p5uhs3_1247,load_p5ulv6784,p5ulv6784,62.809,1,0,synthetic_nearest_load_assumption,0,,over_50m
1011,1,p3uhs12_1247--p3udt18678,p3uhs12_1247,load_p3ulv28355,p3ulv28355,73.879,1,1,synthetic_nearest_load_assumption,0,,over_50m
1011,2,p3uhs12_1247--p3udt18678,p3uhs12_1247,load_p3ulv23596,p3ulv23596,84.531,1,0,synthetic_nearest_load_assumption,0,,over_50m
1011,3,p3uhs12_1247--p3udt18678,p3uhs12_1247,load_p3ulv50044,p3ulv50044,89.86,1,0,synthetic_nearest_load_assumption,0,,over_50m
1013,1,p5uhs3_1247--p5udt6002,p5uhs3_1247,load_p5ulv9471,p5ulv9471,50.537,1,1,synthetic_nearest_load_assumption,0,3360,provisional_spatial_candidate
1013,2,p5uhs3_1247--p5udt6002,p5uhs3_1247,load_p5ulv77841,p5ulv77841,57.402,1,0,synthetic_nearest_load_assumption,0,3360,provisional_spatial_candidate
1013,3,p5uhs3_1247--p5udt6002,p5uhs3_1247,load_p5umv30,p5umv30,58.853,1,0,synthetic_nearest_load_assumption,0,3360,provisional_spatial_candidate
1014,1,p5uhs19_1247--p5udt8885,p5uhs19_1247,load_p5ulv71177,p5ulv71177,29.579,1,1,synthetic_nearest_load_assumption,0,4154,provisional_spatial_candidate
1014,2,p5uhs19_1247--p5udt8885,p5uhs19_1247,load_p5ulv57165,p5ulv57165,31.738,1,0,synthetic_nearest_load_assumption,0,4154,provisional_spatial_candidate
1014,3,p5uhs19_1247--p5udt8885,p5uhs19_1247,load_p5ulv62262,p5ulv62262,61.757,1,0,synthetic_nearest_load_assumption,0,4154,provisional_spatial_candidate
1015,1,p5uhs7_1247--p5udt2039,p5uhs7_1247,load_p5ulv11950,p5ulv11950,25.306,1,1,synthetic_nearest_load_assumption,0,,over_50m
1015,2,p5uhs7_1247--p5udt2039,p5uhs7_1247,load_p5ulv938,p5ulv938,30.586,1,0,synthetic_nearest_load_assumption,0,,over_50m
1015,3,p5uhs7_1247--p5udt2039,p5uhs7_1247,load_p5ulv14703,p5ulv14703,36.598,1,0,synthetic_nearest_load_assumption,0,,over_50m
1016,1,p3uhs20_1247--p3udt30735,p3uhs20_1247,load_p3ulv59558,p3ulv59558,201.896,0,0,synthetic_nearest_load_assumption,0,2206,provisional_spatial_candidate
1016,2,p3uhs20_1247--p3udt30735,p3uhs20_1247,load_p3ulv20073,p3ulv20073,227.449,0,0,synthetic_nearest_load_assumption,0,2206,provisional_spatial_candidate
1016,3,p3uhs20_1247--p3udt30735,p3uhs20_1247,load_p3ulv56559,p3ulv56559,230.404,0,0,synthetic_nearest_load_assumption,0,2206,provisional_spatial_candidate
1018,1,p5uhs5_1247--p5udt3577,p5uhs5_1247,load_p5ulv12014,p5ulv12014,57.406,1,1,synthetic_nearest_load_assumption,0,,over_50m
1018,2,p5uhs5_1247--p5udt3577,p5uhs5_1247,load_p5ulv78405,p5ulv78405,70.401,1,0,synthetic_nearest_load_assumption,0,,over_50m
1018,3,p5uhs5_1247--p5udt3577,p5uhs5_1247,load_p5ulv18653,p5ulv18653,70.676,1,0,synthetic_nearest_load_assumption,0,,over_50m
1019,1,p1uhs10_1247--p1udt22980,p1uhs10_1247,load_p1ulv47110,p1ulv47110,73.629,1,1,synthetic_nearest_load_assumption,0,,over_50m
1019,2,p1uhs10_1247--p1udt22980,p1uhs10_1247,load_p1ulv31257,p1ulv31257,109.626,1,0,synthetic_nearest_load_assumption,0,,over_50m
1019,3,p1uhs10_1247--p1udt22980,p1uhs10_1247,load_p1ulv8505,p1ulv8505,110.786,1,0,synthetic_nearest_load_assumption,0,,over_50m
1020,1,p5uhs25_1247--p5udt31077,p5uhs25_1247,load_p5ulv24044,p5ulv24044,89.373,1,1,synthetic_nearest_load_assumption,0,1732,provisional_spatial_candidate
1020,2,p5uhs25_1247--p5udt11223,p5uhs25_1247,load_p5ulv75459,p5ulv75459,123.549,1,0,synthetic_nearest_load_assumption,0,1732,provisional_spatial_candidate
1020,3,p5uhs25_1247--p5udt11223,p5uhs25_1247,load_p5ulv59817,p5ulv59817,126.822,1,0,synthetic_nearest_load_assumption,0,1732,provisional_spatial_candidate
1022,1,p3uhs15_1247--p3udt10674,p3uhs15_1247,load_p3ulv21713,p3ulv21713,158.085,1,1,synthetic_nearest_load_assumption,0,,over_50m
1022,2,p3uhs15_1247--p3udt10674,p3uhs15_1247,load_p3ulv20158,p3ulv20158,162.845,1,0,synthetic_nearest_load_assumption,0,,over_50m
1022,3,p3uhs15_1247--p3udt10674,p3uhs15_1247,load_p3ulv35841,p3ulv35841,165.458,1,0,synthetic_nearest_load_assumption,0,,over_50m
1023,1,p1uhs1_1247--p1udt14149,p1uhs1_1247,load_p1ulv62402,p1ulv62402,82.85,1,1,synthetic_nearest_load_assumption,0,,over_50m
1023,2,p1uhs1_1247--p1udt14149,p1uhs1_1247,load_p1ulv20357,p1ulv20357,159.859,1,0,synthetic_nearest_load_assumption,0,,over_50m
1023,3,p1uhs1_1247--p1udt10929,p1uhs1_1247,load_p1ulv35645,p1ulv35645,175.229,1,0,synthetic_nearest_load_assumption,0,,over_50m
1024,1,p5uhs22_1247--p5udt18713,p5uhs22_1247,load_p5ulv62233,p5ulv62233,105.512,1,1,synthetic_nearest_load_assumption,0,4241,provisional_spatial_candidate
1024,2,p5uhs22_1247--p5udt18713,p5uhs22_1247,load_p5ulv43642,p5ulv43642,119.653,1,0,synthetic_nearest_load_assumption,0,4241,provisional_spatial_candidate
1024,3,p5uhs22_1247--p5udt18713,p5uhs22_1247,load_p5ulv74464,p5ulv74464,123.885,1,0,synthetic_nearest_load_assumption,0,4241,provisional_spatial_candidate
1025,1,p5uhs21_1247--p5udt30121,p5uhs21_1247,load_p5ulv41349,p5ulv41349,33.02,1,1,synthetic_nearest_load_assumption,0,3530,provisional_spatial_candidate
1025,2,p5uhs21_1247--p5udt30121,p5uhs21_1247,load_p5ulv35806,p5ulv35806,66.951,1,0,synthetic_nearest_load_assumption,0,3530,provisional_spatial_candidate
1025,3,p5uhs21_1247--p5udt30121,p5uhs21_1247,load_p5ulv38599,p5ulv38599,68.331,1,0,synthetic_nearest_load_assumption,0,3530,provisional_spatial_candidate
1026,1,p1uhs21_1247--p1udt20780,p1uhs21_1247,load_p1ulv39431,p1ulv39431,30.777,1,1,synthetic_nearest_load_assumption,0,,over_50m
1026,2,p1uhs21_1247--p1udt20780,p1uhs21_1247,load_p1ulv24826,p1ulv24826,51.122,1,0,synthetic_nearest_load_assumption,0,,over_50m
1026,3,p1uhs21_1247--p1udt16206,p1uhs21_1247,load_p1ulv6520,p1ulv6520,93.252,1,0,synthetic_nearest_load_assumption,0,,over_50m
1027,1,p1uhs21_1247--p1udt20780,p1uhs21_1247,load_p1ulv15842,p1ulv15842,58.807,1,1,synthetic_nearest_load_assumption,0,,over_50m
1027,2,p1uhs21_1247--p1udt16206,p1uhs21_1247,load_p1ulv46418,p1ulv46418,104.643,1,0,synthetic_nearest_load_assumption,0,,over_50m
1027,3,p1uhs21_1247--p1udt16206,p1uhs21_1247,load_p1ulv44461,p1ulv44461,107.584,1,0,synthetic_nearest_load_assumption,0,,over_50m
1029,1,p5uhs21_1247--p5udt24017,p5uhs21_1247,load_p5ulv35196,p5ulv35196,22.541,1,1,synthetic_nearest_load_assumption,0,,over_50m
1029,2,p5uhs21_1247--p5udt24017,p5uhs21_1247,load_p5ulv42999,p5ulv42999,118.154,1,0,synthetic_nearest_load_assumption,0,,over_50m
1029,3,p1uhs7_1247--p1udt14301,p1uhs7_1247,load_p1ulv28474,p1ulv28474,122.409,1,0,synthetic_nearest_load_assumption,0,,over_50m
1031,1,p3uhs12_1247--p3udt18678,p3uhs12_1247,load_p3ulv72261,p3ulv72261,70.838,1,1,synthetic_nearest_load_assumption,0,,over_50m
1031,2,p3uhs12_1247--p3udt18678,p3uhs12_1247,load_p3ulv59221,p3ulv59221,72.112,1,0,synthetic_nearest_load_assumption,0,,over_50m
1031,3,p3uhs12_1247--p3udt18678,p3uhs12_1247,load_p3ulv74531,p3ulv74531,77.985,1,0,synthetic_nearest_load_assumption,0,,over_50m
1033,1,p3uhs0_1247--p3udt28845,p3uhs0_1247,load_p3ulv75438,p3ulv75438,74.711,1,1,synthetic_nearest_load_assumption,0,,over_50m
1033,2,p3uhs0_1247--p3udt28845,p3uhs0_1247,load_p3ulv70136,p3ulv70136,142.808,1,0,synthetic_nearest_load_assumption,0,,over_50m
1033,3,p3uhs0_1247--p3udt28845,p3uhs0_1247,load_p3ulv50213,p3ulv50213,161.773,1,0,synthetic_nearest_load_assumption,0,,over_50m
1036,1,p5uhs1_1247--p5udt4788,p5uhs1_1247,load_p5ulv19055,p5ulv19055,39.512,1,1,synthetic_nearest_load_assumption,0,,over_50m
1036,2,p5uhs1_1247--p5udt4788,p5uhs1_1247,load_p5ulv78375,p5ulv78375,48.781,1,0,synthetic_nearest_load_assumption,0,,over_50m
1036,3,p5uhs1_1247--p5udt4788,p5uhs1_1247,load_p5ulv8051,p5ulv8051,60.208,1,0,synthetic_nearest_load_assumption,0,,over_50m
1037,1,p3uhs25_1247--p3udt13676,p3uhs25_1247,load_p3ulv15079,p3ulv15079,75.702,1,1,synthetic_nearest_load_assumption,0,,over_50m
1037,2,p3uhs25_1247--p3udt13676,p3uhs25_1247,load_p3ulv8846,p3ulv8846,128.845,1,0,synthetic_nearest_load_assumption,0,,over_50m
1037,3,p3uhs25_1247--p3udt13676,p3uhs25_1247,load_p3ulv68442,p3ulv68442,151.451,1,0,synthetic_nearest_load_assumption,0,,over_50m
1040,1,p5uhs3_1247--p5udt2481,p5uhs3_1247,load_p5ulv10004,p5ulv10004,21.879,1,1,synthetic_nearest_load_assumption,0,3252,provisional_spatial_candidate
1040,2,p5uhs3_1247--p5udt2481,p5uhs3_1247,load_p5ulv11366,p5ulv11366,33.524,1,0,synthetic_nearest_load_assumption,0,3252,provisional_spatial_candidate
1040,3,p5uhs3_1247--p5udt2481,p5uhs3_1247,load_p5ulv17629,p5ulv17629,42.39,1,0,synthetic_nearest_load_assumption,0,3252,provisional_spatial_candidate
1042,1,p5uhs3_1247--p5udt2481,p5uhs3_1247,load_p5ulv12285,p5ulv12285,18.792,1,1,synthetic_nearest_load_assumption,0,3250,provisional_spatial_candidate
1042,2,p5uhs3_1247--p5udt2481,p5uhs3_1247,load_p5ulv18107,p5ulv18107,19.464,1,0,synthetic_nearest_load_assumption,0,3250,provisional_spatial_candidate
1042,3,p5uhs3_1247--p5udt2481,p5uhs3_1247,load_p5ulv17727,p5ulv17727,31.632,1,0,synthetic_nearest_load_assumption,0,3250,provisional_spatial_candidate
1043,1,p3uhs14_1247--p3udt448,p3uhs14_1247,load_p3ulv35808,p3ulv35808,22.65,1,1,synthetic_nearest_load_assumption,0,,over_50m
1043,2,p3uhs14_1247--p3udt9594,p3uhs14_1247,load_p3ulv20872,p3ulv20872,28.456,1,0,synthetic_nearest_load_assumption,0,,over_50m
1043,3,p3uhs14_1247--p3udt448,p3uhs14_1247,load_p3ulv48934,p3ulv48934,31.868,1,0,synthetic_nearest_load_assumption,0,,over_50m
1045,1,p3uhs0_1247--p3udt28845,p3uhs0_1247,load_p3ulv62446,p3ulv62446,83.302,1,1,synthetic_nearest_load_assumption,0,,over_50m
1045,2,p3uhs0_1247--p3udt28845,p3uhs0_1247,load_p3ulv73205,p3ulv73205,184.897,1,0,synthetic_nearest_load_assumption,0,,over_50m
1045,3,p3uhs0_1247--p3udt28845,p3uhs0_1247,load_p3ulv37004,p3ulv37004,187.049,1,0,synthetic_nearest_load_assumption,0,,over_50m
1046,1,p1uhs0_1247--p1udt2142,p1uhs0_1247,load_p1ulv39034,p1ulv39034,34.909,1,1,synthetic_nearest_load_assumption,0,,over_50m
1046,2,p1uhs0_1247--p1udt2142,p1uhs0_1247,load_p1ulv62042,p1ulv62042,46.624,1,0,synthetic_nearest_load_assumption,0,,over_50m
1046,3,p1uhs0_1247--p1udt2142,p1uhs0_1247,load_p1ulv2329,p1ulv2329,68.538,1,0,synthetic_nearest_load_assumption,0,,over_50m
1047,1,p2uhs5_1247--p2udt2008,p2uhs5_1247,load_p2ulv3764,p2ulv3764,20.927,1,1,synthetic_nearest_load_assumption,0,,over_50m
1047,2,p2uhs5_1247--p2udt7035,p2uhs5_1247,load_p2ulv5460,p2ulv5460,23.033,1,0,synthetic_nearest_load_assumption,0,,over_50m
1047,3,p2uhs5_1247--p2udt2008,p2uhs5_1247,load_p2ulv20338,p2ulv20338,27.08,1,0,synthetic_nearest_load_assumption,0,,over_50m
1049,1,p5uhs19_1247--p5udt8885,p5uhs19_1247,load_p5ulv38700,p5ulv38700,149.104,1,1,synthetic_nearest_load_assumption,0,,over_50m
1049,2,p5uhs19_1247--p5udt8885,p5uhs19_1247,load_p5ulv30422,p5ulv30422,210.281,0,0,synthetic_nearest_load_assumption,0,,over_50m
1049,3,p5uhs19_1247--p5udt8885,p5uhs19_1247,load_p5ulv43677,p5ulv43677,306.056,0,0,synthetic_nearest_load_assumption,0,,over_50m
1050,1,p5uhs1_1247--p5udt6125,p5uhs1_1247,load_p5ulv36856,p5ulv36856,40.553,1,1,synthetic_nearest_load_assumption,0,,over_50m
1050,2,p5uhs1_1247--p5udt6125,p5uhs1_1247,load_p5ulv5833,p5ulv5833,60.621,1,0,synthetic_nearest_load_assumption,0,,over_50m
1050,3,p5uhs1_1247--p5udt6125,p5uhs1_1247,load_p5ulv6565,p5ulv6565,99.884,1,0,synthetic_nearest_load_assumption,0,,over_50m
1051,1,p5uhs1_1247--p5udt6125,p5uhs1_1247,load_p5ulv15468,p5ulv15468,25.03,1,1,synthetic_nearest_load_assumption,0,,over_50m
1051,2,p5uhs1_1247--p5udt6125,p5uhs1_1247,load_p5ulv2656,p5ulv2656,46.548,1,0,synthetic_nearest_load_assumption,0,,over_50m
1051,3,p5uhs1_1247--p5udt6125,p5uhs1_1247,load_p5ulv8036,p5ulv8036,59.817,1,0,synthetic_nearest_load_assumption,0,,over_50m
1052,1,p1rhs7_1247--p1rdt7669,p1rhs7_1247,load_p1rlv1770,p1rlv1770,5864.848,0,0,synthetic_nearest_load_assumption,0,,over_50m
1052,2,p1rhs7_1247--p1rdt7669,p1rhs7_1247,load_p1rlv8837,p1rlv8837,5939.149,0,0,synthetic_nearest_load_assumption,0,,over_50m
1052,3,p1rhs7_1247--p1rdt7669,p1rhs7_1247,load_p1rlv1902,p1rlv1902,5994.922,0,0,synthetic_nearest_load_assumption,0,,over_50m
1054,1,p5uhs21_1247--p5udt27230,p5uhs21_1247,load_p5ulv53609,p5ulv53609,24.416,1,1,synthetic_nearest_load_assumption,0,,over_50m
1054,2,p5uhs21_1247--p5udt27230,p5uhs21_1247,load_p5ulv59293,p5ulv59293,36.877,1,0,synthetic_nearest_load_assumption,0,,over_50m
1054,3,p5uhs21_1247--p5udt24017,p5uhs21_1247,load_p5ulv38565,p5ulv38565,42.485,1,0,synthetic_nearest_load_assumption,0,,over_50m
1055,1,p1uhs7_1247--p1udt14301,p1uhs7_1247,load_p1ulv39727,p1ulv39727,23.912,1,1,synthetic_nearest_load_assumption,0,,over_50m
1055,2,p1uhs7_1247--p1udt14301,p1uhs7_1247,load_p1ulv25167,p1ulv25167,65.137,1,0,synthetic_nearest_load_assumption,0,,over_50m
1055,3,p1uhs7_1247--p1udt14301,p1uhs7_1247,load_p1ulv30843,p1ulv30843,65.185,1,0,synthetic_nearest_load_assumption,0,,over_50m
1056,1,p1uhs9_1247--p1udt22325,p1uhs9_1247,load_p1ulv41003,p1ulv41003,63.694,1,1,synthetic_nearest_load_assumption,0,,over_50m
1056,2,p1uhs9_1247--p1udt22325,p1uhs9_1247,load_p1ulv64659,p1ulv64659,65.534,1,0,synthetic_nearest_load_assumption,0,,over_50m
1056,3,p1uhs9_1247--p1udt22325,p1uhs9_1247,load_p1ulv38488,p1ulv38488,86.977,1,0,synthetic_nearest_load_assumption,0,,over_50m
1057,1,p3uhs24_1247--p3udt7003,p3uhs24_1247,load_p3ulv31461,p3ulv31461,87.763,1,1,synthetic_nearest_load_assumption,0,2942,provisional_spatial_candidate
1057,2,p3uhs24_1247--p3udt7003,p3uhs24_1247,load_p3ulv76892,p3ulv76892,92.296,1,0,synthetic_nearest_load_assumption,0,2942,provisional_spatial_candidate
1057,3,p3uhs24_1247--p3udt7003,p3uhs24_1247,load_p3ulv16749,p3ulv16749,93.507,1,0,synthetic_nearest_load_assumption,0,2942,provisional_spatial_candidate
1058,1,p3uhs12_1247--p3udt23934,p3uhs12_1247,load_p3ulv2453,p3ulv2453,72.628,1,1,synthetic_nearest_load_assumption,0,,over_50m
1058,2,p3uhs12_1247--p3udt23934,p3uhs12_1247,load_p3ulv8060,p3ulv8060,93.846,1,0,synthetic_nearest_load_assumption,0,,over_50m
1058,3,p3uhs12_1247--p3udt23934,p3uhs12_1247,load_p3ulv39922,p3ulv39922,164.66,1,0,synthetic_nearest_load_assumption,0,,over_50m
1059,1,p1uhs9_1247--p1udt4409,p1uhs9_1247,load_p1umv19,p1umv19,389.69,0,0,synthetic_nearest_load_assumption,0,,over_50m
1059,2,p1uhs9_1247--p1udt4409,p1uhs9_1247,load_p1ulv47278,p1ulv47278,452.537,0,0,synthetic_nearest_load_assumption,0,,over_50m
1059,3,p1uhs9_1247--p1udt4409,p1uhs9_1247,load_p1ulv10544,p1ulv10544,481.955,0,0,synthetic_nearest_load_assumption,0,,over_50m
1060,1,p4uhs19_1247--p4udt22137,p4uhs19_1247,load_p4ulv2838,p4ulv2838,26.878,1,1,synthetic_nearest_load_assumption,0,,over_50m
1060,2,p4uhs19_1247--p4udt22137,p4uhs19_1247,load_p4ulv37220,p4ulv37220,39.612,1,0,synthetic_nearest_load_assumption,0,,over_50m
1060,3,p4uhs19_1247--p4udt22137,p4uhs19_1247,load_p4ulv16051,p4ulv16051,45.409,1,0,synthetic_nearest_load_assumption,0,,over_50m
1061,1,p5uhs20_1247--p5udt22271,p5uhs20_1247,load_p5ulv34017,p5ulv34017,33.579,1,1,synthetic_nearest_load_assumption,0,,over_50m
1061,2,p5uhs20_1247--p5udt22271,p5uhs20_1247,load_p5ulv59771,p5ulv59771,71.449,1,0,synthetic_nearest_load_assumption,0,,over_50m
1061,3,p5uhs20_1247--p5udt22271,p5uhs20_1247,load_p5ulv31812,p5ulv31812,84.398,1,0,synthetic_nearest_load_assumption,0,,over_50m
1062,1,p3uhs14_1247--p3udt9594,p3uhs14_1247,load_p3ulv38769,p3ulv38769,40.833,1,1,synthetic_nearest_load_assumption,0,2321,provisional_spatial_candidate
1062,2,p3uhs14_1247--p3udt9594,p3uhs14_1247,load_p3ulv80323,p3ulv80323,51.785,1,0,synthetic_nearest_load_assumption,0,2321,provisional_spatial_candidate
1062,3,p3uhs14_1247--p3udt9594,p3uhs14_1247,load_p3ulv12368,p3ulv12368,52.404,1,0,synthetic_nearest_load_assumption,0,2321,provisional_spatial_candidate
1063,1,p5uhs3_1247--p5udt2481,p5uhs3_1247,load_p5ulv9658,p5ulv9658,42.67,1,1,synthetic_nearest_load_assumption,0,3276,provisional_spatial_candidate
1063,2,p5uhs3_1247--p5udt2481,p5uhs3_1247,load_p5ulv10564,p5ulv10564,51.841,1,0,synthetic_nearest_load_assumption,0,3276,provisional_spatial_candidate
1063,3,p5uhs3_1247--p5udt2481,p5uhs3_1247,load_p5ulv7414,p5ulv7414,67.582,1,0,synthetic_nearest_load_assumption,0,3276,provisional_spatial_candidate
1064,1,p5uhs20_1247--p5udt22271,p5uhs20_1247,load_p5ulv40641,p5ulv40641,90.741,1,1,synthetic_nearest_load_assumption,0,,over_50m
1064,2,p5uhs20_1247--p5udt22271,p5uhs20_1247,load_p5ulv62564,p5ulv62564,110.81,1,0,synthetic_nearest_load_assumption,0,,over_50m
1064,3,p5uhs20_1247--p5udt22271,p5uhs20_1247,load_p5ulv52434,p5ulv52434,120.475,1,0,synthetic_nearest_load_assumption,0,,over_50m
1068,1,p5uhs5_1247--p5udt4880,p5uhs5_1247,load_p5ulv36298,p5ulv36298,19.737,1,1,synthetic_nearest_load_assumption,0,,over_50m
1068,2,p5uhs5_1247--p5udt4880,p5uhs5_1247,load_p5ulv5676,p5ulv5676,23.742,1,0,synthetic_nearest_load_assumption,0,,over_50m
1068,3,p5uhs5_1247--p5udt4880,p5uhs5_1247,load_p5ulv1755,p5ulv1755,52.068,1,0,synthetic_nearest_load_assumption,0,,over_50m
1070,1,p3uhs21_1247--p3udt8885,p3uhs21_1247,load_p3ulv40946,p3ulv40946,286.553,0,0,synthetic_nearest_load_assumption,0,,over_50m
1070,2,p3uhs21_1247--p3udt8885,p3uhs21_1247,load_p3ulv1905,p3ulv1905,306.758,0,0,synthetic_nearest_load_assumption,0,,over_50m
1070,3,p3uhs21_1247--p3udt8885,p3uhs21_1247,load_p3ulv56402,p3ulv56402,318.445,0,0,synthetic_nearest_load_assumption,0,,over_50m
1071,1,p3uhs25_1247--p3udt13676,p3uhs25_1247,load_p3ulv36207,p3ulv36207,203.527,0,0,synthetic_nearest_load_assumption,0,,over_50m
1071,2,p3uhs25_1247--p3udt13676,p3uhs25_1247,load_p3ulv54735,p3ulv54735,219.906,0,0,synthetic_nearest_load_assumption,0,,over_50m
1071,3,p3uhs25_1247--p3udt13676,p3uhs25_1247,load_p3ulv29193,p3ulv29193,258.505,0,0,synthetic_nearest_load_assumption,0,,over_50m
1072,1,p5uhs7_1247--p5udt1899,p5uhs7_1247,load_p5ulv51028,p5ulv51028,20.27,1,1,synthetic_nearest_load_assumption,0,,over_50m
1072,2,p5uhs7_1247--p5udt1899,p5uhs7_1247,load_p5ulv21515,p5ulv21515,24.04,1,0,synthetic_nearest_load_assumption,0,,over_50m
1072,3,p5uhs7_1247--p5udt1899,p5uhs7_1247,load_p5ulv74041,p5ulv74041,58.883,1,0,synthetic_nearest_load_assumption,0,,over_50m
1073,1,p5uhs8_1247--p5udt31669,p5uhs8_1247,load_p5ulv72796,p5ulv72796,120.777,1,1,synthetic_nearest_load_assumption,0,,over_50m
1073,2,p5uhs29_1247--p5udt20500,p5uhs29_1247,load_p5ulv57694,p5ulv57694,149.011,1,0,synthetic_nearest_load_assumption,0,,over_50m
1073,3,p5uhs8_1247--p5udt31669,p5uhs8_1247,load_p5ulv20296,p5ulv20296,169.96,1,0,synthetic_nearest_load_assumption,0,,over_50m
1074,1,p1uhs6_1247--p1udt322,p1uhs6_1247,load_p1ulv50160,p1ulv50160,38.21,1,1,synthetic_nearest_load_assumption,0,,over_50m
1074,2,p1uhs6_1247--p1udt322,p1uhs6_1247,load_p1ulv63202,p1ulv63202,130.851,1,0,synthetic_nearest_load_assumption,0,,over_50m
1074,3,p1uhs6_1247--p1udt322,p1uhs6_1247,load_p1ulv35151,p1ulv35151,175.23,1,0,synthetic_nearest_load_assumption,0,,over_50m
1075,1,p1uhs9_1247--p1udt4409,p1uhs9_1247,load_p1ulv47834,p1ulv47834,104.232,1,1,synthetic_nearest_load_assumption,0,,over_50m
1075,2,p1uhs9_1247--p1udt4409,p1uhs9_1247,load_p1ulv23793,p1ulv23793,186.331,1,0,synthetic_nearest_load_assumption,0,,over_50m
1075,3,p1uhs9_1247--p1udt4409,p1uhs9_1247,load_p1ulv4203,p1ulv4203,216.001,0,0,synthetic_nearest_load_assumption,0,,over_50m
1076,1,p2uhs11_1247--p2udt4732,p2uhs11_1247,load_p2ulv17110,p2ulv17110,74.404,1,1,synthetic_nearest_load_assumption,0,,over_50m
1076,2,p2uhs11_1247--p2udt4732,p2uhs11_1247,load_p2ulv15241,p2ulv15241,168.305,1,0,synthetic_nearest_load_assumption,0,,over_50m
1076,3,p2uhs11_1247--p2udt4732,p2uhs11_1247,load_p2ulv1982,p2ulv1982,198.009,1,0,synthetic_nearest_load_assumption,0,,over_50m
1077,1,p5uhs7_1247--p5udt1899,p5uhs7_1247,load_p5ulv28859,p5ulv28859,25.183,1,1,synthetic_nearest_load_assumption,0,,over_50m
1077,2,p5uhs7_1247--p5udt1899,p5uhs7_1247,load_p5ulv4085,p5ulv4085,26.001,1,0,synthetic_nearest_load_assumption,0,,over_50m
1077,3,p5uhs7_1247--p5udt1899,p5uhs7_1247,load_p5ulv59525,p5ulv59525,42.562,1,0,synthetic_nearest_load_assumption,0,,over_50m
1078,1,p5uhs19_1247--p5udt22111,p5uhs19_1247,load_p5ulv47528,p5ulv47528,60.317,1,1,synthetic_nearest_load_assumption,0,,over_50m
1078,2,p5uhs19_1247--p5udt22111,p5uhs19_1247,load_p5ulv74468,p5ulv74468,94.23,1,0,synthetic_nearest_load_assumption,0,,over_50m
1078,3,p5uhs19_1247--p5udt22111,p5uhs19_1247,load_p5ulv21410,p5ulv21410,111.571,1,0,synthetic_nearest_load_assumption,0,,over_50m
1080,1,p1uhs1_1247--p1udt10929,p1uhs1_1247,load_p1ulv61790,p1ulv61790,63.905,1,1,synthetic_nearest_load_assumption,0,,over_50m
1080,2,p1uhs1_1247--p1udt10929,p1uhs1_1247,load_p1ulv19722,p1ulv19722,71.056,1,0,synthetic_nearest_load_assumption,0,,over_50m
1080,3,p1uhs1_1247--p1udt10929,p1uhs1_1247,load_p1ulv55095,p1ulv55095,158.554,1,0,synthetic_nearest_load_assumption,0,,over_50m
1081,1,p1uhs11_1247--p1udt25287,p1uhs11_1247,load_p1ulv1039,p1ulv1039,39.922,1,1,synthetic_nearest_load_assumption,0,,over_50m
1081,2,p1uhs11_1247--p1udt25287,p1uhs11_1247,load_p1ulv16777,p1ulv16777,42.823,1,0,synthetic_nearest_load_assumption,0,,over_50m
1081,3,p1uhs11_1247--p1udt25287,p1uhs11_1247,load_p1ulv54129,p1ulv54129,76.253,1,0,synthetic_nearest_load_assumption,0,,over_50m
1082,1,p1uhs11_1247--p1udt25287,p1uhs11_1247,load_p1ulv2343,p1ulv2343,62.282,1,1,synthetic_nearest_load_assumption,0,,over_50m
1082,2,p1uhs11_1247--p1udt25287,p1uhs11_1247,load_p1ulv55343,p1ulv55343,87.167,1,0,synthetic_nearest_load_assumption,0,,over_50m
1082,3,p1uhs11_1247--p1udt25287,p1uhs11_1247,load_p1ulv21906,p1ulv21906,132.545,1,0,synthetic_nearest_load_assumption,0,,over_50m
1083,1,p2uhs9_1247--p2udt3884,p2uhs9_1247,load_p2ulv24198,p2ulv24198,42.881,1,1,synthetic_nearest_load_assumption,0,,over_50m
1083,2,p2uhs9_1247--p2udt3884,p2uhs9_1247,load_p2ulv14928,p2ulv14928,44.366,1,0,synthetic_nearest_load_assumption,0,,over_50m
1083,3,p2uhs9_1247--p2udt3884,p2uhs9_1247,load_p2ulv16081,p2ulv16081,51.299,1,0,synthetic_nearest_load_assumption,0,,over_50m
1085,1,p5uhs5_1247--p5udt4497,p5uhs5_1247,load_p5ulv9935,p5ulv9935,22.655,1,1,synthetic_nearest_load_assumption,0,,over_50m
1085,2,p5uhs5_1247--p5udt4497,p5uhs5_1247,load_p5ulv1049,p5ulv1049,33.144,1,0,synthetic_nearest_load_assumption,0,,over_50m
1085,3,p5uhs5_1247--p5udt4880,p5uhs5_1247,load_p5ulv10914,p5ulv10914,49.826,1,0,synthetic_nearest_load_assumption,0,,over_50m
1086,1,p5uhs3_1247--p5udt2481,p5uhs3_1247,load_p5ulv78465,p5ulv19237,35.02,1,1,synthetic_nearest_load_assumption,0,,over_50m
1086,2,p5uhs3_1247--p5udt2481,p5uhs3_1247,load_p5ulv19237,p5ulv19237,35.02,1,0,synthetic_nearest_load_assumption,0,,over_50m
1086,3,p5uhs3_1247--p5udt2481,p5uhs3_1247,load_p5ulv839,p5ulv839,84.858,1,0,synthetic_nearest_load_assumption,0,,over_50m
1087,1,p5uhs0_1247--p5udt3610,p5uhs0_1247,load_p5ulv7161,p5ulv7161,24.558,1,1,synthetic_nearest_load_assumption,0,,over_50m
1087,2,p5uhs0_1247--p5udt3610,p5uhs0_1247,load_p5ulv4198,p5ulv4198,56.226,1,0,synthetic_nearest_load_assumption,0,,over_50m
1087,3,p5uhs0_1247--p5udt3610,p5uhs0_1247,load_p5umv19,p5umv19,115.062,1,0,synthetic_nearest_load_assumption,0,,over_50m
1088,1,p5uhs4_1247--p5udt7236,p5uhs4_1247,load_p5ulv65110,p5ulv65110,113.351,1,1,synthetic_nearest_load_assumption,0,3792,provisional_spatial_candidate
1088,2,p5uhs4_1247--p5udt7236,p5uhs4_1247,load_p5ulv58345,p5ulv58345,115.026,1,0,synthetic_nearest_load_assumption,0,3792,provisional_spatial_candidate
1088,3,p5uhs0_1247--p5udt3610,p5uhs0_1247,load_p5ulv7161,p5ulv7161,118.459,1,0,synthetic_nearest_load_assumption,0,3792,provisional_spatial_candidate
1090,1,p1uhs13_1247--p1udt3522,p1uhs13_1247,load_p1ulv35433,p1ulv35433,18.145,1,1,synthetic_nearest_load_assumption,0,,over_50m
1090,2,p1uhs13_1247--p1udt3522,p1uhs13_1247,load_p1ulv30310,p1ulv30310,36.313,1,0,synthetic_nearest_load_assumption,0,,over_50m
1090,3,p1uhs13_1247--p1udt3522,p1uhs13_1247,load_p1ulv602,p1ulv602,40.7,1,0,synthetic_nearest_load_assumption,0,,over_50m
1091,1,p1uhs13_1247--p1udt3522,p1uhs13_1247,load_p1ulv5655,p1ulv5655,55.574,1,1,synthetic_nearest_load_assumption,0,,over_50m
1091,2,p1uhs13_1247--p1udt3522,p1uhs13_1247,load_p1ulv16939,p1ulv16939,56.632,1,0,synthetic_nearest_load_assumption,0,,over_50m
1091,3,p1uhs13_1247--p1udt3522,p1uhs13_1247,load_p1ulv6942,p1ulv6942,70.17,1,0,synthetic_nearest_load_assumption,0,,over_50m
1092,1,p1uhs11_1247--p1udt12111,p1uhs11_1247,load_p1umv41,p1umv41,103.928,1,1,synthetic_nearest_load_assumption,0,,over_50m
1092,2,p1uhs11_1247--p1udt12111,p1uhs11_1247,load_p1ulv59556,p1ulv59556,174.436,1,0,synthetic_nearest_load_assumption,0,,over_50m
1092,3,p1uhs11_1247--p1udt12111,p1uhs11_1247,load_p1ulv18041,p1ulv18041,179.837,1,0,synthetic_nearest_load_assumption,0,,over_50m
1093,1,p3uhs12_1247--p3udt23934,p3uhs12_1247,load_p3ulv10332,p3ulv10332,34.018,1,1,synthetic_nearest_load_assumption,0,2396,provisional_spatial_candidate
1093,2,p3uhs12_1247--p3udt23934,p3uhs12_1247,load_p3ulv58457,p3ulv58457,41.325,1,0,synthetic_nearest_load_assumption,0,2396,provisional_spatial_candidate
1093,3,p3uhs12_1247--p3udt23934,p3uhs12_1247,load_p3ulv46241,p3ulv46241,50.24,1,0,synthetic_nearest_load_assumption,0,2396,provisional_spatial_candidate
1094,1,p3uhs21_1247--p3udt8885,p3uhs21_1247,load_p3ulv41725,p3ulv41725,181.077,1,1,synthetic_nearest_load_assumption,0,,over_50m
1094,2,p3uhs21_1247--p3udt8885,p3uhs21_1247,load_p3ulv47234,p3ulv47234,195.36,1,0,synthetic_nearest_load_assumption,0,,over_50m
1094,3,p3uhs21_1247--p3udt8885,p3uhs21_1247,load_p3ulv49495,p3ulv49495,205.86,0,0,synthetic_nearest_load_assumption,0,,over_50m
1096,1,p4uhs9_1247--p4udt20209,p4uhs9_1247,load_p4ulv11027,p4ulv11027,82.19,1,1,synthetic_nearest_load_assumption,0,,over_50m
1096,2,p4uhs9_1247--p4udt20209,p4uhs9_1247,load_p4ulv942,p4ulv942,103.564,1,0,synthetic_nearest_load_assumption,0,,over_50m
1096,3,p4uhs9_1247--p4udt20209,p4uhs9_1247,load_p4ulv5772,p4ulv5772,104.885,1,0,synthetic_nearest_load_assumption,0,,over_50m
1097,1,p3uhs2_1247--p3udt27289,p3uhs2_1247,load_p3ulv54718,p3ulv54718,78.291,1,1,synthetic_nearest_load_assumption,0,,over_50m
1097,2,p3uhs2_1247--p3udt27289,p3uhs2_1247,load_p3ulv56238,p3ulv56238,84.289,1,0,synthetic_nearest_load_assumption,0,,over_50m
1097,3,p3uhs2_1247--p3udt27289,p3uhs2_1247,load_p3ulv28429,p3ulv28429,117.725,1,0,synthetic_nearest_load_assumption,0,,over_50m
1098,1,p3uhs9_1247--p3udt32034,p3uhs9_1247,load_p3ulv25323,p3ulv25323,289.99,0,0,synthetic_nearest_load_assumption,0,,over_50m
1098,2,p3uhs9_1247--p3udt32034,p3uhs9_1247,load_p3ulv57778,p3ulv57778,342.135,0,0,synthetic_nearest_load_assumption,0,,over_50m
1098,3,p3uhs9_1247--p3udt32034,p3uhs9_1247,load_p3ulv60796,p3ulv60796,458.907,0,0,synthetic_nearest_load_assumption,0,,over_50m
1099,1,p5uhs3_1247--p5udt2481,p5uhs3_1247,load_p5ulv16589,p5ulv16589,36.122,1,1,synthetic_nearest_load_assumption,0,,over_50m
1099,2,p5uhs3_1247--p5udt2481,p5uhs3_1247,load_p5ulv78464,p5ulv78464,47.899,1,0,synthetic_nearest_load_assumption,0,,over_50m
1099,3,p5uhs3_1247--p5udt2481,p5uhs3_1247,load_p5ulv59243,p5ulv59243,73.84,1,0,synthetic_nearest_load_assumption,0,,over_50m
1100,1,p3uhs19_1247--p3udt13458,p3uhs19_1247,load_p3ulv77045,p3ulv77045,220.82,0,0,synthetic_nearest_load_assumption,0,,over_50m
1100,2,p3uhs19_1247--p3udt13458,p3uhs19_1247,load_p3ulv19142,p3ulv19142,237.817,0,0,synthetic_nearest_load_assumption,0,,over_50m
1100,3,p3uhs19_1247--p3udt13458,p3uhs19_1247,load_p3ulv41702,p3ulv41702,244.411,0,0,synthetic_nearest_load_assumption,0,,over_50m
1101,1,p1uhs18_1247--p1udt20846,p1uhs18_1247,load_p1ulv37910,p1ulv37910,48.792,1,1,synthetic_nearest_load_assumption,0,,over_50m
1101,2,p1uhs18_1247--p1udt15617,p1uhs18_1247,load_p1ulv10641,p1ulv10641,74.209,1,0,synthetic_nearest_load_assumption,0,,over_50m
1101,3,p1uhs18_1247--p1udt20846,p1uhs18_1247,load_p1ulv44893,p1ulv8790,88.117,1,0,synthetic_nearest_load_assumption,0,,over_50m
1102,1,p1uhs2_1247--p1udt18962,p1uhs2_1247,load_p1ulv40879,p1ulv40879,34.695,1,1,synthetic_nearest_load_assumption,0,,over_50m
1102,2,p1uhs2_1247--p1udt18962,p1uhs2_1247,load_p1ulv40878,p1ulv40878,47.205,1,0,synthetic_nearest_load_assumption,0,,over_50m
1102,3,p1uhs2_1247--p1udt18962,p1uhs2_1247,load_p1ulv9224,p1ulv9224,59.195,1,0,synthetic_nearest_load_assumption,0,,over_50m
1103,1,p4uhs9_1247--p4udt6157,p4uhs9_1247,load_p4ulv37247,p4ulv37247,46.512,1,1,synthetic_nearest_load_assumption,0,4678,provisional_spatial_candidate
1103,2,p4uhs9_1247--p4udt6157,p4uhs9_1247,load_p4ulv13056,p4ulv13056,60.375,1,0,synthetic_nearest_load_assumption,0,4678,provisional_spatial_candidate
1103,3,p4uhs9_1247--p4udt6157,p4uhs9_1247,load_p4ulv12605,p4ulv12605,63.639,1,0,synthetic_nearest_load_assumption,0,4678,provisional_spatial_candidate
1104,1,p3uhs8_1247--p3udt11113,p3uhs8_1247,load_p3ulv54980,p3ulv54980,22.261,1,1,synthetic_nearest_load_assumption,0,,over_50m
1104,2,p3uhs8_1247--p3udt11113,p3uhs8_1247,load_p3ulv28657,p3ulv28657,34.892,1,0,synthetic_nearest_load_assumption,0,,over_50m
1104,3,p3uhs8_1247--p3udt11113,p3uhs8_1247,load_p3ulv34883,p3ulv34883,47.387,1,0,synthetic_nearest_load_assumption,0,,over_50m
1105,1,p3uhs12_1247--p3udt14513,p3uhs12_1247,load_p3ulv32211,p3ulv32211,122.384,1,1,synthetic_nearest_load_assumption,0,,over_50m
1105,2,p3uhs12_1247--p3udt14513,p3uhs12_1247,load_p3ulv2428,p3ulv2428,144.268,1,0,synthetic_nearest_load_assumption,0,,over_50m
1105,3,p3uhs12_1247--p3udt14513,p3uhs12_1247,load_p3ulv43028,p3ulv43028,145.004,1,0,synthetic_nearest_load_assumption,0,,over_50m
1106,1,p3uhs24_1247--p3udt7003,p3uhs24_1247,load_p3ulv46295,p3ulv46295,79.524,1,1,synthetic_nearest_load_assumption,0,,over_50m
1106,2,p3uhs24_1247--p3udt7003,p3uhs24_1247,load_p3ulv56961,p3ulv56961,92.586,1,0,synthetic_nearest_load_assumption,0,,over_50m
1106,3,p3uhs24_1247--p3udt7003,p3uhs24_1247,load_p3ulv62306,p3ulv62306,97.394,1,0,synthetic_nearest_load_assumption,0,,over_50m
1107,1,p5uhs1_1247--p5udt4629,p5uhs1_1247,load_p5ulv16212,p5ulv16212,176.361,1,1,synthetic_nearest_load_assumption,0,,over_50m
1107,2,p5uhs3_1247--p5udt7453,p5uhs3_1247,load_p5ulv78373,p5ulv78373,176.641,1,0,synthetic_nearest_load_assumption,0,,over_50m
1107,3,p5uhs3_1247--p5udt7453,p5uhs3_1247,load_p5ulv16058,p5ulv16058,179.287,1,0,synthetic_nearest_load_assumption,0,,over_50m
1109,1,p2uhs5_1247--p2udt2008,p2uhs5_1247,load_p2ulv6693,p2ulv6693,68.824,1,1,synthetic_nearest_load_assumption,0,,over_50m
1109,2,p2uhs5_1247--p2udt2008,p2uhs5_1247,load_p2ulv19456,p2ulv19456,96.097,1,0,synthetic_nearest_load_assumption,0,,over_50m
1109,3,p2uhs5_1247--p2udt2008,p2uhs5_1247,load_p2ulv21922,p2ulv21922,108.413,1,0,synthetic_nearest_load_assumption,0,,over_50m
1111,1,p3uhs4_1247--p3udt9213,p3uhs4_1247,load_p3ulv32937,p3ulv32937,29.659,1,1,synthetic_nearest_load_assumption,0,,over_50m
1111,2,p3uhs4_1247--p3udt9213,p3uhs4_1247,load_p3ulv24346,p3ulv24346,30.994,1,0,synthetic_nearest_load_assumption,0,,over_50m
1111,3,p3uhs4_1247--p3udt9213,p3uhs4_1247,load_p3ulv26726,p3ulv26726,41.252,1,0,synthetic_nearest_load_assumption,0,,over_50m
1112,1,p1uhs22_1247--p1udt20099,p1uhs22_1247,load_p1ulv49892,p1ulv49892,28.884,1,1,synthetic_nearest_load_assumption,0,,over_50m
1112,2,p1uhs22_1247--p1udt20099,p1uhs22_1247,load_p1ulv6977,p1ulv6977,58.647,1,0,synthetic_nearest_load_assumption,0,,over_50m
1112,3,p1uhs22_1247--p1udt20099,p1uhs22_1247,load_p1ulv19589,p1ulv19589,71.139,1,0,synthetic_nearest_load_assumption,0,,over_50m
1113,1,p3uhs24_1247--p3udt7003,p3uhs24_1247,load_p3ulv77644,p3ulv77644,30.641,1,1,synthetic_nearest_load_assumption,0,,over_50m
1113,2,p3uhs24_1247--p3udt7003,p3uhs24_1247,load_p3ulv35376,p3ulv35376,46.306,1,0,synthetic_nearest_load_assumption,0,,over_50m
1113,3,p3uhs24_1247--p3udt7003,p3uhs24_1247,load_p3ulv76088,p3ulv76088,53.645,1,0,synthetic_nearest_load_assumption,0,,over_50m
1114,1,p3uhs9_1247--p3udt16174,p3uhs9_1247,load_p3ulv47088,p3ulv47088,238.442,0,0,synthetic_nearest_load_assumption,0,,over_50m
1114,2,p3uhs9_1247--p3udt32034,p3uhs9_1247,load_p3ulv79998,p3ulv79998,240.452,0,0,synthetic_nearest_load_assumption,0,,over_50m
1114,3,p3uhs9_1247--p3udt16174,p3uhs9_1247,load_p3ulv63851,p3ulv63851,246.753,0,0,synthetic_nearest_load_assumption,0,,over_50m
1118,1,p1uhs13_1247--p1udt12530,p1uhs13_1247,load_p1ulv25271,p1ulv25271,169.754,1,1,synthetic_nearest_load_assumption,0,,over_50m
1118,2,p1uhs13_1247--p1udt12530,p1uhs13_1247,load_p1ulv32869,p1ulv32869,195.819,1,0,synthetic_nearest_load_assumption,0,,over_50m
1118,3,p1uhs13_1247--p1udt12530,p1uhs13_1247,load_p1ulv1879,p1ulv1879,196.84,1,0,synthetic_nearest_load_assumption,0,,over_50m
1119,1,p1uhs9_1247--p1udt21523,p1uhs9_1247,load_p1ulv51720,p1ulv51720,303.262,0,0,synthetic_nearest_load_assumption,0,,over_50m
1119,2,p1uhs9_1247--p1udt21523,p1uhs9_1247,load_p1ulv22679,p1ulv22679,306.021,0,0,synthetic_nearest_load_assumption,0,,over_50m
1119,3,p1uhs9_1247--p1udt21523,p1uhs9_1247,load_p1ulv25892,p1ulv25892,308.569,0,0,synthetic_nearest_load_assumption,0,,over_50m
1120,1,p2uhs11_1247--p2udt5729,p2uhs11_1247,load_p2ulv18438,p2ulv18438,51.755,1,1,synthetic_nearest_load_assumption,0,,over_50m
1120,2,p2uhs11_1247--p2udt5729,p2uhs11_1247,load_p2ulv11072,p2ulv11072,56.611,1,0,synthetic_nearest_load_assumption,0,,over_50m
1120,3,p2uhs11_1247--p2udt5729,p2uhs11_1247,load_p2ulv19587,p2ulv19587,59.321,1,0,synthetic_nearest_load_assumption,0,,over_50m
1121,1,p2uhs11_1247--p2udt4732,p2uhs11_1247,load_p2ulv19702,p2ulv19702,71.002,1,1,synthetic_nearest_load_assumption,0,,over_50m
1121,2,p2uhs11_1247--p2udt4732,p2uhs11_1247,load_p2ulv12851,p2ulv12851,114.589,1,0,synthetic_nearest_load_assumption,0,,over_50m
1121,3,p2uhs11_1247--p2udt4732,p2uhs11_1247,load_p2ulv24168,p2ulv24168,117.767,1,0,synthetic_nearest_load_assumption,0,,over_50m
1122,1,p5uhs3_1247--p5udt7358,p5uhs3_1247,load_p5ulv77432,p5ulv77432,27.257,1,1,synthetic_nearest_load_assumption,0,,over_50m
1122,2,p5uhs3_1247--p5udt7358,p5uhs3_1247,load_p5ulv14791,p5ulv14791,50.125,1,0,synthetic_nearest_load_assumption,0,,over_50m
1122,3,p5uhs3_1247--p5udt7358,p5uhs3_1247,load_p5ulv16407,p5ulv16407,64.683,1,0,synthetic_nearest_load_assumption,0,,over_50m
1123,1,p1rhs3_1247--p1rdt3467,p1rhs3_1247,load_p1rlv12297,p1rlv12297,566.785,0,0,synthetic_nearest_load_assumption,0,2881,provisional_spatial_candidate
1123,2,p1rhs3_1247--p1rdt3467,p1rhs3_1247,load_p1rlv7417,p1rlv7417,652.91,0,0,synthetic_nearest_load_assumption,0,2881,provisional_spatial_candidate
1123,3,p3uhs26_1247--p3udt26126,p3uhs26_1247,load_p3ulv32352,p3ulv32352,706.869,0,0,synthetic_nearest_load_assumption,0,2881,provisional_spatial_candidate
1124,1,p1rhs3_1247--p1rdt3467,p1rhs3_1247,load_p1rlv1561,p1rlv1561,371.322,0,0,synthetic_nearest_load_assumption,0,,over_50m
1124,2,p1rhs3_1247--p1rdt3467,p1rhs3_1247,load_p1rlv7005,p1rlv7005,397.119,0,0,synthetic_nearest_load_assumption,0,,over_50m
1124,3,p1rhs3_1247--p1rdt3467,p1rhs3_1247,load_p1rlv1679,p1rlv1679,569.695,0,0,synthetic_nearest_load_assumption,0,,over_50m
1125,1,p3uhs23_1247--p3udt10896,p3uhs23_1247,load_p3ulv48500,p3ulv48500,269.089,0,0,synthetic_nearest_load_assumption,0,,over_50m
1125,2,p3uhs23_1247--p3udt10896,p3uhs23_1247,load_p3ulv45472,p3ulv45472,269.213,0,0,synthetic_nearest_load_assumption,0,,over_50m
1125,3,p3uhs25_1247--p3udt13676,p3uhs25_1247,load_p3ulv17429,p3ulv17429,283.068,0,0,synthetic_nearest_load_assumption,0,,over_50m
1127,1,p3uhs26_1247--p3udt15759,p3uhs26_1247,load_p3ulv57000,p3ulv57000,152.126,1,1,synthetic_nearest_load_assumption,0,,over_50m
1127,2,p3uhs26_1247--p3udt15759,p3uhs26_1247,load_p3ulv26914,p3ulv26914,272.948,0,0,synthetic_nearest_load_assumption,0,,over_50m
1127,3,p3uhs26_1247--p3udt15759,p3uhs26_1247,load_p3ulv40823,p3ulv40823,291.675,0,0,synthetic_nearest_load_assumption,0,,over_50m
1129,1,p3uhs23_1247--p3udt10896,p3uhs23_1247,load_p3ulv3358,p3ulv3358,79.844,1,1,synthetic_nearest_load_assumption,0,1803,provisional_spatial_candidate
1129,2,p3uhs23_1247--p3udt10896,p3uhs23_1247,load_p3ulv14271,p3ulv14271,80.958,1,0,synthetic_nearest_load_assumption,0,1803,provisional_spatial_candidate
1129,3,p3uhs23_1247--p3udt10896,p3uhs23_1247,load_p3ulv75357,p3ulv75357,89.405,1,0,synthetic_nearest_load_assumption,0,1803,provisional_spatial_candidate
1130,1,p4uhs19_1247--p4udt10279,p4uhs19_1247,load_p4ulv11723,p4ulv11723,42.087,1,1,synthetic_nearest_load_assumption,0,,over_50m
1130,2,p4uhs19_1247--p4udt10279,p4uhs19_1247,load_p4ulv16960,p4ulv16960,123.749,1,0,synthetic_nearest_load_assumption,0,,over_50m
1130,3,p4uhs19_1247--p4udt18907,p4uhs19_1247,load_p4ulv37236,p4ulv37236,125.235,1,0,synthetic_nearest_load_assumption,0,,over_50m
1131,1,p1uhs13_1247--p1udt12530,p1uhs13_1247,load_p1ulv41097,p1ulv41097,45.875,1,1,synthetic_nearest_load_assumption,0,,over_50m
1131,2,p1uhs13_1247--p1udt12530,p1uhs13_1247,load_p1ulv39844,p1ulv39844,61.407,1,0,synthetic_nearest_load_assumption,0,,over_50m
1131,3,p1uhs13_1247--p1udt12530,p1uhs13_1247,load_p1ulv30318,p1ulv30318,111.809,1,0,synthetic_nearest_load_assumption,0,,over_50m
1132,1,p1uhs13_1247--p1udt12530,p1uhs13_1247,load_p1ulv4396,p1ulv4396,67.909,1,1,synthetic_nearest_load_assumption,0,,over_50m
1132,2,p1uhs13_1247--p1udt12530,p1uhs13_1247,load_p1ulv38586,p1ulv38586,170.214,1,0,synthetic_nearest_load_assumption,0,,over_50m
1132,3,p1uhs13_1247--p1udt12530,p1uhs13_1247,load_p1ulv55529,p1ulv55529,175.846,1,0,synthetic_nearest_load_assumption,0,,over_50m
1135,1,p1uhs18_1247--p1udt20846,p1uhs18_1247,load_p1ulv22656,p1ulv22656,170.877,1,1,synthetic_nearest_load_assumption,0,,over_50m
1135,2,p1uhs18_1247--p1udt20846,p1uhs18_1247,load_p1ulv37292,p1ulv37292,171.379,1,0,synthetic_nearest_load_assumption,0,,over_50m
1135,3,p1uhs18_1247--p1udt20846,p1uhs18_1247,load_p1ulv48002,p1ulv48002,171.57,1,0,synthetic_nearest_load_assumption,0,,over_50m
1138,1,p3uhs14_1247--p3udt2638,p3uhs14_1247,load_p3ulv25694,p3ulv25694,43.912,1,1,synthetic_nearest_load_assumption,0,,over_50m
1138,2,p3uhs14_1247--p3udt2638,p3uhs14_1247,load_p3ulv63481,p3ulv63481,52.237,1,0,synthetic_nearest_load_assumption,0,,over_50m
1138,3,p3uhs14_1247--p3udt2638,p3uhs14_1247,load_p3ulv71931,p3ulv71931,68.704,1,0,synthetic_nearest_load_assumption,0,,over_50m
1139,1,p3uhs6_1247--p3udt31726,p3uhs6_1247,load_p3ulv31290,p3ulv31290,37.409,1,1,synthetic_nearest_load_assumption,0,2439,provisional_spatial_candidate
1139,2,p3uhs6_1247--p3udt31726,p3uhs6_1247,load_p3ulv18062,p3ulv18062,47.247,1,0,synthetic_nearest_load_assumption,0,2439,provisional_spatial_candidate
1139,3,p3uhs6_1247--p3udt31726,p3uhs6_1247,load_p3ulv20358,p3ulv20358,47.428,1,0,synthetic_nearest_load_assumption,0,2439,provisional_spatial_candidate
1141,1,p3uhs0_1247--p3udt28845,p3uhs0_1247,load_p3ulv6675,p3ulv6675,106.623,1,1,synthetic_nearest_load_assumption,0,,over_50m
1141,2,p3uhs0_1247--p3udt28845,p3uhs0_1247,load_p3ulv4259,p3ulv4259,108.112,1,0,synthetic_nearest_load_assumption,0,,over_50m
1141,3,p3uhs0_1247--p3udt28845,p3uhs0_1247,load_p3ulv63276,p3ulv63276,197.503,1,0,synthetic_nearest_load_assumption,0,,over_50m
1143,1,p3uhs3_1247--p3udt28548,p3uhs3_1247,load_p3ulv23815,p3ulv23815,234.063,0,0,synthetic_nearest_load_assumption,0,,over_50m
1143,2,p3uhs3_1247--p3udt28548,p3uhs3_1247,load_p3ulv58679,p3ulv58679,236.297,0,0,synthetic_nearest_load_assumption,0,,over_50m
1143,3,p3uhs3_1247--p3udt28548,p3uhs3_1247,load_p3ulv41716,p3ulv41716,252.425,0,0,synthetic_nearest_load_assumption,0,,over_50m
1144,1,p2uhs5_1247--p2udt7035,p2uhs5_1247,load_p2ulv22395,p2ulv22395,42.517,1,1,synthetic_nearest_load_assumption,0,3433,provisional_spatial_candidate
1144,2,p2uhs5_1247--p2udt7035,p2uhs5_1247,load_p2ulv17865,p2ulv17865,63.941,1,0,synthetic_nearest_load_assumption,0,3433,provisional_spatial_candidate
1144,3,p2uhs5_1247--p2udt7035,p2uhs5_1247,load_p2ulv1351,p2ulv1351,78.697,1,0,synthetic_nearest_load_assumption,0,3433,provisional_spatial_candidate
1145,1,p2uhs5_1247--p2udt7035,p2uhs5_1247,load_p2ulv7903,p2ulv7903,46.682,1,1,synthetic_nearest_load_assumption,0,,over_50m
1145,2,p2uhs5_1247--p2udt7035,p2uhs5_1247,load_p2ulv23278,p2ulv23278,48.532,1,0,synthetic_nearest_load_assumption,0,,over_50m
1145,3,p2uhs5_1247--p2udt7035,p2uhs5_1247,load_p2ulv20982,p2ulv20982,51.586,1,0,synthetic_nearest_load_assumption,0,,over_50m
1147,1,p5uhs18_1247--p5udt13853,p5uhs18_1247,load_p5ulv46273,p5ulv46273,25.349,1,1,synthetic_nearest_load_assumption,0,,over_50m
1147,2,p5uhs18_1247--p5udt13853,p5uhs18_1247,load_p5ulv36809,p5ulv36809,62.359,1,0,synthetic_nearest_load_assumption,0,,over_50m
1147,3,p5uhs18_1247--p5udt13853,p5uhs18_1247,load_p5ulv58621,p5ulv58621,69.899,1,0,synthetic_nearest_load_assumption,0,,over_50m
1150,1,p5uhs3_1247--p5udt2481,p5uhs3_1247,load_p5ulv7119,p5ulv7119,33.89,1,1,synthetic_nearest_load_assumption,0,3349,provisional_spatial_candidate
1150,2,p5uhs3_1247--p5udt2481,p5uhs3_1247,load_p5ulv77536,p5ulv77536,54.121,1,0,synthetic_nearest_load_assumption,0,3349,provisional_spatial_candidate
1150,3,p5uhs3_1247--p5udt2481,p5uhs3_1247,load_p5ulv18457,p5ulv18457,60.215,1,0,synthetic_nearest_load_assumption,0,3349,provisional_spatial_candidate
1151,1,p2uhs8_1247--p2udt6424,p2uhs8_1247,load_p2umv11,p2umv11,140.328,1,1,synthetic_nearest_load_assumption,0,,over_50m
1151,2,p2uhs8_1247--p2udt6424,p2uhs8_1247,load_p2ulv15227,p2ulv15227,222.2,0,0,synthetic_nearest_load_assumption,0,,over_50m
1151,3,p2uhs8_1247--p2udt6424,p2uhs8_1247,load_p2ulv3203,p2ulv3203,344.629,0,0,synthetic_nearest_load_assumption,0,,over_50m
1152,1,p3uhs23_1247--p3udt6423,p3uhs23_1247,load_p3ulv55501,p3ulv55501,416.776,0,0,synthetic_nearest_load_assumption,0,,over_50m
1152,2,p3uhs23_1247--p3udt6423,p3uhs23_1247,load_p3ulv58569,p3ulv58569,451.548,0,0,synthetic_nearest_load_assumption,0,,over_50m
1152,3,p3uhs23_1247--p3udt6423,p3uhs23_1247,load_p3ulv8184,p3ulv8184,454.105,0,0,synthetic_nearest_load_assumption,0,,over_50m
1153,1,p2uhs10_1247--p2udt8564,p2uhs10_1247,load_p2ulv21746,p2ulv21746,49.957,1,1,synthetic_nearest_load_assumption,0,,over_50m
1153,2,p2uhs10_1247--p2udt8564,p2uhs10_1247,load_p2ulv4340,p2ulv4340,54.325,1,0,synthetic_nearest_load_assumption,0,,over_50m
1153,3,p2uhs10_1247--p2udt8564,p2uhs10_1247,load_p2ulv12906,p2ulv12906,59.053,1,0,synthetic_nearest_load_assumption,0,,over_50m
1154,1,p2uhs10_1247--p2udt8564,p2uhs10_1247,load_p2ulv14737,p2ulv14737,53.174,1,1,synthetic_nearest_load_assumption,0,,over_50m
1154,2,p2uhs10_1247--p2udt8564,p2uhs10_1247,load_p2ulv3865,p2ulv3865,63.258,1,0,synthetic_nearest_load_assumption,0,,over_50m
1154,3,p2uhs10_1247--p2udt8564,p2uhs10_1247,load_p2ulv254,p2ulv254,68.841,1,0,synthetic_nearest_load_assumption,0,,over_50m
1156,1,p3uhs8_1247--p3udt23566,p3uhs8_1247,load_p3ulv69489,p3ulv69489,46.221,1,1,synthetic_nearest_load_assumption,0,,over_50m
1156,2,p3uhs8_1247--p3udt23566,p3uhs8_1247,load_p3ulv76403,p3ulv76403,49.421,1,0,synthetic_nearest_load_assumption,0,,over_50m
1156,3,p3uhs8_1247--p3udt23566,p3uhs8_1247,load_p3ulv61063,p3ulv61063,49.507,1,0,synthetic_nearest_load_assumption,0,,over_50m
1157,1,p3uhs12_1247--p3udt23934,p3uhs12_1247,load_p3ulv37602,p3ulv37602,157.035,1,1,synthetic_nearest_load_assumption,0,,over_50m
1157,2,p3uhs12_1247--p3udt23934,p3uhs12_1247,load_p3ulv24442,p3ulv24442,186.916,1,0,synthetic_nearest_load_assumption,0,,over_50m
1157,3,p3uhs12_1247--p3udt23934,p3uhs12_1247,load_p3ulv37556,p3ulv37556,207.346,0,0,synthetic_nearest_load_assumption,0,,over_50m
1159,1,p5uhs29_1247--p5udt20500,p5uhs29_1247,load_p5ulv65010,p5ulv65010,22.788,1,1,synthetic_nearest_load_assumption,0,,over_50m
1159,2,p5uhs29_1247--p5udt20500,p5uhs29_1247,load_p5ulv65571,p5ulv65571,60.687,1,0,synthetic_nearest_load_assumption,0,,over_50m
1159,3,p5uhs29_1247--p5udt20500,p5uhs29_1247,load_p5ulv52664,p5ulv52664,81.157,1,0,synthetic_nearest_load_assumption,0,,over_50m
1168,1,p5uhs3_1247--p5udt7453,p5uhs3_1247,load_p5ulv12388,p5ulv12388,51.449,1,1,synthetic_nearest_load_assumption,0,,over_50m
1168,2,p5uhs3_1247--p5udt7453,p5uhs3_1247,load_p5ulv77710,p5ulv77710,57.793,1,0,synthetic_nearest_load_assumption,0,,over_50m
1168,3,p5uhs3_1247--p5udt7453,p5uhs3_1247,load_p5ulv16058,p5ulv16058,69.793,1,0,synthetic_nearest_load_assumption,0,,over_50m
1169,1,p5uhs3_1247--p5udt7453,p5uhs3_1247,load_p5ulv77710,p5ulv77710,54.049,1,1,synthetic_nearest_load_assumption,0,,over_50m
1169,2,p5uhs3_1247--p5udt7453,p5uhs3_1247,load_p5ulv12388,p5ulv12388,61.27,1,0,synthetic_nearest_load_assumption,0,,over_50m
1169,3,p5uhs1_1247--p5udt4629,p5uhs1_1247,load_p5ulv56439,p5ulv56439,99.908,1,0,synthetic_nearest_load_assumption,0,,over_50m
1171,1,p3uhs23_1247--p3udt6423,p3uhs23_1247,load_p3ulv53214,p3ulv53214,61.976,1,1,synthetic_nearest_load_assumption,0,,over_50m
1171,2,p3uhs23_1247--p3udt6423,p3uhs23_1247,load_p3ulv74647,p3ulv74647,66.089,1,0,synthetic_nearest_load_assumption,0,,over_50m
1171,3,p3uhs23_1247--p3udt6423,p3uhs23_1247,load_p3ulv33886,p3ulv33886,86.284,1,0,synthetic_nearest_load_assumption,0,,over_50m
1173,1,p2uhs4_1247--p2udt433,p2uhs4_1247,load_p2ulv450,p2ulv450,491.757,0,0,synthetic_nearest_load_assumption,0,,over_50m
1173,2,p1rhs5_1247--p1rdt1339,p1rhs5_1247,load_p1rlv13083,p1rlv13083,726.696,0,0,synthetic_nearest_load_assumption,0,,over_50m
1173,3,p1rhs5_1247--p1rdt1339,p1rhs5_1247,load_p1rlv8094,p1rlv8094,730.664,0,0,synthetic_nearest_load_assumption,0,,over_50m
1174,1,p5uhs22_1247--p5udt18713,p5uhs22_1247,load_p5ulv44271,p5ulv44271,19.888,1,1,synthetic_nearest_load_assumption,0,,over_50m
1174,2,p5uhs22_1247--p5udt18713,p5uhs22_1247,load_p5ulv67822,p5ulv67822,24.956,1,0,synthetic_nearest_load_assumption,0,,over_50m
1174,3,p5uhs22_1247--p5udt18713,p5uhs22_1247,load_p5ulv56627,p5ulv56627,35.599,1,0,synthetic_nearest_load_assumption,0,,over_50m
1176,1,p3uhs26_1247--p3udt15759,p3uhs26_1247,load_p3ulv45550,p3ulv45550,244.512,0,0,synthetic_nearest_load_assumption,0,,over_50m
1176,2,p3uhs26_1247--p3udt15759,p3uhs26_1247,load_p3ulv15964,p3ulv15964,267.981,0,0,synthetic_nearest_load_assumption,0,,over_50m
1176,3,p3uhs26_1247--p3udt15759,p3uhs26_1247,load_p3ulv26914,p3ulv26914,272.556,0,0,synthetic_nearest_load_assumption,0,,over_50m
1177,1,p1rhs5_1247--p1rdt1339,p1rhs5_1247,load_p1rlv11237,p1rlv11237,167.735,1,1,synthetic_nearest_load_assumption,0,,over_50m
1177,2,p1rhs5_1247--p1rdt1339,p1rhs5_1247,load_p1rlv12068,p1rlv12068,172.283,1,0,synthetic_nearest_load_assumption,0,,over_50m
1177,3,p1rhs5_1247--p1rdt1339,p1rhs5_1247,load_p1rlv13377,p1rlv13377,202.212,0,0,synthetic_nearest_load_assumption,0,,over_50m
1178,1,p5uhs13_1247--p5udt27754,p5uhs13_1247,load_p5ulv37879,p5ulv37879,21.669,1,1,synthetic_nearest_load_assumption,0,,over_50m
1178,2,p5uhs13_1247--p5udt27754,p5uhs13_1247,load_p5ulv37320,p5ulv37320,26.787,1,0,synthetic_nearest_load_assumption,0,,over_50m
1178,3,p5uhs13_1247--p5udt27754,p5uhs13_1247,load_p5ulv43968,p5ulv43968,44.662,1,0,synthetic_nearest_load_assumption,0,,over_50m
1182,1,p1rhs7_1247--p1rdt7669,p1rhs7_1247,load_p1rlv1770,p1rlv1770,5197.034,0,0,synthetic_nearest_load_assumption,0,,over_50m
1182,2,p1rhs7_1247--p1rdt7669,p1rhs7_1247,load_p1rlv8837,p1rlv8837,5238.319,0,0,synthetic_nearest_load_assumption,0,,over_50m
1182,3,p1uhs10_1247--p1udt14394,p1uhs10_1247,load_p1ulv11351,p1ulv11351,5250.042,0,0,synthetic_nearest_load_assumption,0,,over_50m
1187,1,p3uhs26_1247--p3udt15759,p3uhs26_1247,load_p3ulv68473,p3ulv68473,79.515,1,1,synthetic_nearest_load_assumption,0,,over_50m
1187,2,p3uhs26_1247--p3udt15759,p3uhs26_1247,load_p3ulv53909,p3ulv53909,94.16,1,0,synthetic_nearest_load_assumption,0,,over_50m
1187,3,p3uhs26_1247--p3udt15759,p3uhs26_1247,load_p3ulv46297,p3ulv46297,150.384,1,0,synthetic_nearest_load_assumption,0,,over_50m
1190,1,p5uhs9_1247--p5udt20856,p5uhs9_1247,load_p5ulv7045,p5ulv7045,49.915,1,1,synthetic_nearest_load_assumption,0,3039,provisional_spatial_candidate
1190,2,p5uhs9_1247--p5udt20856,p5uhs9_1247,load_p5ulv78357,p5ulv78357,59.119,1,0,synthetic_nearest_load_assumption,0,3039,provisional_spatial_candidate
1190,3,p5uhs9_1247--p5udt20856,p5uhs9_1247,load_p5ulv22064,p5ulv22064,64.102,1,0,synthetic_nearest_load_assumption,0,3039,provisional_spatial_candidate
